exp_name,timestamp,client_idx,global_round,epoch,batch_idx,acc,loss,comm_time,comp_time,comp_time_client,comp_time_server,cut1,cut2,t_front,t_middle,t_back,smashed1_numel,smashed2_numel
neu18_pattern_mining,2026-02-08T12:00:19,0,1,1,0,0.265625,2.0128591060638428,11.5705504,0.0442106080299709,0.035250030050519854,0.008960577979451045,0,4,0.003031683008885011,0.008960577979451045,0.0004933199961669743,12845056.0,1605632.0
neu18_pattern_mining,2026-02-08T12:00:19,0,2,1,1,0.796875,0.6366971135139465,11.5705504,0.008013839717023075,0.005164889735169709,0.002848949981853366,0,4,0.0003566679952200502,0.002848949981853366,0.00015982097829692066,12845056.0,1605632.0
neu18_pattern_mining,2026-02-08T12:00:19,0,3,1,2,0.875,0.40214234590530396,11.5705504,0.007253815041622147,0.0044884500675834715,0.0027653649740386754,0,4,0.0003010010113939643,0.0027653649740386754,0.00014784399536438286,12845056.0,1605632.0
neu18_pattern_mining,2026-02-08T12:00:19,0,4,1,3,0.890625,0.49548816680908203,11.5705504,0.0071916911110747606,0.0044614000944420695,0.002730291016632691,0,4,0.0003035709960386157,0.002730291016632691,0.00014256901340559125,12845056.0,1605632.0
neu18_pattern_mining,2026-02-08T12:00:19,0,5,1,4,0.5,1.6878173351287842,0.7325344,0.007154130638809875,0.004199669638182968,0.0029544610006269068,0,4,0.00028076398302800953,0.0029544610006269068,0.00013920298079028726,802816.0,100352.0
neu18_pattern_mining,2026-02-08T12:00:20,1,1,1,0,0.203125,2.1149802207946777,11.5705504,0.0388582008308731,0.03157904982799664,0.0072791510028764606,0,4,0.0027254759916104376,0.0072791510028764606,0.0004324289911892265,12845056.0,1605632.0
neu18_pattern_mining,2026-02-08T12:00:20,1,2,1,1,0.8125,0.6985729932785034,11.5705504,0.009426905773580074,0.00592126976698637,0.0035056360065937042,0,4,0.00043773098150268197,0.0035056360065937042,0.00015439599519595504,12845056.0,1605632.0
neu18_pattern_mining,2026-02-08T12:00:20,1,3,1,2,0.765625,0.7806658744812012,11.5705504,0.00781304421252571,0.004316340200603008,0.003496704011922702,0,4,0.0002912199997808784,0.003496704011922702,0.0001404140202794224,12845056.0,1605632.0
neu18_pattern_mining,2026-02-08T12:00:20,1,4,1,3,0.921875,0.25455430150032043,11.5705504,0.008914456324419007,0.00499357032822445,0.003920885996194556,0,4,0.00033527601044625044,0.003920885996194556,0.0001640810223761946,12845056.0,1605632.0
neu18_pattern_mining,2026-02-08T12:00:20,1,5,1,4,0.3333333333333333,3.04897141456604,0.5519008,0.007894054928328842,0.004201589908916503,0.0036924650194123387,0,4,0.00027199499891139567,0.0036924650194123387,0.00014816399198025465,602112.0,75264.0
neu18_pattern_mining,2026-02-08T12:00:21,2,1,1,0,0.140625,2.0801620483398438,11.5705504,0.033914097788510844,0.027429619804024696,0.006484477984486148,0,4,0.002343451982596889,0.006484477984486148,0.0003995099978055805,12845056.0,1605632.0
neu18_pattern_mining,2026-02-08T12:00:21,2,2,1,1,0.703125,0.7212032675743103,11.5705504,0.007506030087824911,0.004057190089952201,0.0034488399978727102,0,4,0.00021377200027927756,0.0034488399978727102,0.0001919470087159425,12845056.0,1605632.0
neu18_pattern_mining,2026-02-08T12:00:21,2,3,1,2,0.921875,0.2180168330669403,11.5705504,0.009973355918191373,0.00531967991264537,0.004653676005546004,0,4,0.00035264898906461895,0.004653676005546004,0.00017931900219991803,12845056.0,1605632.0
neu18_pattern_mining,2026-02-08T12:00:21,2,4,1,3,0.8125,0.459943026304245,11.5705504,0.011311008041957393,0.006419690034817904,0.004891318007139489,0,4,0.00045367900747805834,0.004891318007139489,0.00018828999600373209,12845056.0,1605632.0
neu18_pattern_mining,2026-02-08T12:00:21,2,5,1,4,0.3333333333333333,0.654999315738678,0.5519008,0.011208879004698247,0.006220020004548132,0.004988859000150114,0,4,0.00042135699186474085,0.004988859000150114,0.0002006450085900724,602112.0,75264.0
neu18_pattern_mining,2026-02-08T12:00:21,3,1,1,0,0.125,2.262155055999756,11.5705504,0.03261388698592782,0.027195459988433868,0.0054184269974939525,0,4,0.0024249650014098734,0.0054184269974939525,0.0002945809974335134,12845056.0,1605632.0
neu18_pattern_mining,2026-02-08T12:00:21,3,2,1,1,0.65625,0.8309237957000732,11.5705504,0.015982164884917438,0.009325009887106717,0.006657154997810721,0,4,0.0006273709877859801,0.006657154997810721,0.00030513000092469156,12845056.0,1605632.0
neu18_pattern_mining,2026-02-08T12:00:22,3,3,1,2,0.828125,0.3566160798072815,11.5705504,0.016117179999127984,0.008581570000387728,0.007535609998740256,0,4,0.0005643370095640421,0.007535609998740256,0.00029381999047473073,12845056.0,1605632.0
neu18_pattern_mining,2026-02-08T12:00:22,3,4,1,3,0.921875,0.16354763507843018,11.5705504,0.017496968124760315,0.009159090113826096,0.008337878010934219,0,4,0.0005991850048303604,0.008337878010934219,0.0003167240065522492,12845056.0,1605632.0
neu18_pattern_mining,2026-02-08T12:00:22,3,5,1,4,1.0,0.04210454598069191,0.5519008,0.01728029194055125,0.009573239949531853,0.007707051991019398,0,4,0.0006299589877016842,0.007707051991019398,0.0003273650072515011,602112.0,75264.0
neu18_pattern_mining,2026-02-08T12:00:22,4,1,1,0,0.09375,2.3603017330169678,11.5705504,0.03538988015498035,0.029315290157683194,0.006074589997297153,0,4,0.002569106000009924,0.006074589997297153,0.0003624230157583952,12845056.0,1605632.0
neu18_pattern_mining,2026-02-08T12:00:22,4,2,1,1,0.859375,0.5911240577697754,11.5705504,0.012142285006120801,0.006195030000526458,0.005947255005594343,0,4,0.0003442250017542392,0.005947255005594343,0.0002752779982984066,12845056.0,1605632.0
neu18_pattern_mining,2026-02-08T12:00:22,4,3,1,2,0.828125,0.5256978273391724,11.5705504,0.018131953722331673,0.00966532970778644,0.008466624014545232,0,4,0.0006325029826257378,0.008466624014545232,0.0003340299881529063,12845056.0,1605632.0
neu18_pattern_mining,2026-02-08T12:00:22,4,4,1,3,0.90625,0.2336643636226654,11.5705504,0.01798114401753992,0.009561920014675707,0.008419224002864212,0,4,0.0006191910069901496,0.008419224002864212,0.00033700099447742105,12845056.0,1605632.0
neu18_pattern_mining,2026-02-08T12:00:22,4,5,1,4,1.0,0.1330544352531433,0.5519008,0.01799710569321178,0.009902809688355774,0.008094296004856005,0,4,0.0006456709816120565,0.008094296004856005,0.0003446099872235209,602112.0,75264.0
neu18_pattern_mining,2026-02-08T12:00:24,0,6,2,0,0.984375,0.031238414347171783,11.5705504,0.0299780479981564,0.022482979984488338,0.00749506801366806,0,4,0.0018336400098633021,0.00749506801366806,0.0004146579885855317,12845056.0,1605632.0
neu18_pattern_mining,2026-02-08T12:00:24,0,7,2,1,0.765625,1.2968719005584717,11.5705504,0.016586804093094543,0.009050540102180094,0.007536263990914449,0,4,0.0005852809990756214,0.007536263990914449,0.000319773011142388,12845056.0,1605632.0
neu18_pattern_mining,2026-02-08T12:00:24,0,8,2,2,0.90625,0.625227689743042,11.5705504,0.015979717078153044,0.008405240077991039,0.007574477000162005,0,4,0.0005542830040212721,0.007574477000162005,0.0002862410037778318,12845056.0,1605632.0
neu18_pattern_mining,2026-02-08T12:00:24,0,9,2,3,0.90625,0.3503202199935913,11.5705504,0.015754733060020953,0.008287740056402981,0.007466993003617972,0,4,0.0005428580043371767,0.007466993003617972,0.00028591600130312145,12845056.0,1605632.0
neu18_pattern_mining,2026-02-08T12:00:24,0,10,2,4,0.5,0.5992892384529114,0.7325344,0.017206242948304862,0.009279219957534224,0.007927022990770638,0,4,0.000638608995359391,0.007927022990770638,0.0002893130003940314,802816.0,100352.0
neu18_pattern_mining,2026-02-08T12:00:25,1,6,2,0,1.0,0.03397323191165924,11.5705504,0.04892397500225343,0.0388390599982813,0.010084915003972128,0,4,0.0032602089922875166,0.010084915003972128,0.0006236970075406134,12845056.0,1605632.0
neu18_pattern_mining,2026-02-08T12:00:25,1,7,2,1,0.796875,1.140994906425476,11.5705504,0.011525626701768488,0.006672209710814059,0.004853416990954429,0,4,0.00044263797462917864,0.004853416990954429,0.00022458299645222723,12845056.0,1605632.0
neu18_pattern_mining,2026-02-08T12:00:25,1,8,2,2,0.921875,0.2742263376712799,11.5705504,0.010383761022239923,0.005682990013156086,0.004700771009083837,0,4,0.0003714810009114444,0.004700771009083837,0.0001968180004041642,12845056.0,1605632.0
neu18_pattern_mining,2026-02-08T12:00:25,1,9,2,3,0.84375,0.720588207244873,11.5705504,0.012010194914182648,0.006284379924181849,0.005725814990000799,0,4,0.000419652002165094,0.005725814990000799,0.00020878599025309086,12845056.0,1605632.0
neu18_pattern_mining,2026-02-08T12:00:25,1,10,2,4,0.3333333333333333,1.6147112846374512,0.5519008,0.012398945720633492,0.006971869734115899,0.005427075986517593,0,4,0.0004556329804472625,0.005427075986517593,0.00024155399296432734,602112.0,75264.0
neu18_pattern_mining,2026-02-08T12:00:25,2,6,2,0,0.984375,0.03527775779366493,11.5705504,0.03632847516564652,0.02911556017352268,0.007212914992123842,0,4,0.0025029300013557076,0.007212914992123842,0.00040862601599656045,12845056.0,1605632.0
neu18_pattern_mining,2026-02-08T12:00:25,2,7,2,1,0.90625,0.5207643508911133,11.5705504,0.009009070141473785,0.004922510124742985,0.0040865600167308,0,4,0.0003211399889551103,0.0040865600167308,0.00017111102351918817,12845056.0,1605632.0
neu18_pattern_mining,2026-02-08T12:00:25,2,8,2,2,0.765625,0.8446476459503174,11.5705504,0.008776178932748735,0.0046919999294914305,0.004084179003257304,0,4,0.00031261099502444267,0.004084179003257304,0.00015658899792470038,12845056.0,1605632.0
neu18_pattern_mining,2026-02-08T12:00:25,2,9,2,3,0.875,0.5797579288482666,11.5705504,0.009399127098731697,0.005003070109523833,0.004396056989207864,0,4,0.0003325139987282455,0.004396056989207864,0.00016779301222413778,12845056.0,1605632.0
neu18_pattern_mining,2026-02-08T12:00:25,2,10,2,4,1.0,0.23244082927703857,0.5519008,0.009941827389411628,0.005414260376710445,0.0045275670127011836,0,4,0.000346156011801213,0.0045275670127011836,0.00019527002586983144,602112.0,75264.0
neu18_pattern_mining,2026-02-08T12:00:26,3,6,2,0,0.984375,0.0414411798119545,11.5705504,0.056280812044860795,0.04353280004579574,0.012748011999065056,0,4,0.003611396998167038,0.012748011999065056,0.0007418830064125359,12845056.0,1605632.0
neu18_pattern_mining,2026-02-08T12:00:26,3,7,2,1,0.828125,1.3685410022735596,11.5705504,0.013799140200717375,0.00730643019778654,0.006492710002930835,0,4,0.0004744479956571013,0.006492710002930835,0.0002561950241215527,12845056.0,1605632.0
neu18_pattern_mining,2026-02-08T12:00:26,3,8,2,2,0.9375,0.2869592607021332,11.5705504,0.015851409669267014,0.008456759678665549,0.007394649990601465,0,4,0.0005630829837173223,0.007394649990601465,0.0002825929841492325,12845056.0,1605632.0
neu18_pattern_mining,2026-02-08T12:00:26,3,9,2,3,0.921875,0.46694308519363403,11.5705504,0.015690416155848652,0.008224270131904632,0.00746614602394402,0,4,0.0005582669982686639,0.00746614602394402,0.0002641600149217993,12845056.0,1605632.0
neu18_pattern_mining,2026-02-08T12:00:26,3,10,2,4,1.0,0.010389474220573902,0.5519008,0.015573819022392854,0.008501510019414127,0.007072309002978727,0,4,0.0005815500044263899,0.007072309002978727,0.00026860099751502275,602112.0,75264.0
neu18_pattern_mining,2026-02-08T12:00:27,4,6,2,0,1.0,0.022327352315187454,11.5705504,0.03860560499015264,0.03130942001007497,0.007296184980077669,0,4,0.0026992830098606646,0.007296184980077669,0.0004316589911468327,12845056.0,1605632.0
neu18_pattern_mining,2026-02-08T12:00:27,4,7,2,1,0.734375,2.0627005100250244,11.5705504,0.01703195081790909,0.009511429816484451,0.00752052100142464,0,4,0.0006462479941546917,0.00752052100142464,0.00030489498749375343,12845056.0,1605632.0
neu18_pattern_mining,2026-02-08T12:00:27,4,8,2,2,0.765625,0.6710048913955688,11.5705504,0.016946811898378655,0.009153439896181226,0.0077933720021974295,0,4,0.0006345300062093884,0.0077933720021974295,0.0002808139834087342,12845056.0,1605632.0
neu18_pattern_mining,2026-02-08T12:00:27,4,9,2,3,0.859375,0.5381720662117004,11.5705504,0.017043445812305436,0.009051289816852659,0.007992155995452777,0,4,0.0006165789964143187,0.007992155995452777,0.0002885499852709472,12845056.0,1605632.0
neu18_pattern_mining,2026-02-08T12:00:27,4,10,2,4,0.6666666666666666,1.8301448822021484,0.5519008,0.017094634124077857,0.009387090103700757,0.0077075440203770995,0,4,0.0006414439994841814,0.0077075440203770995,0.0002972650108858943,602112.0,75264.0
neu18_pattern_mining,2026-02-08T12:00:28,0,11,3,0,0.953125,0.07392624765634537,11.5705504,0.031777281721588224,0.0216255197301507,0.010151761991437525,0,4,0.0016617029905319214,0.010151761991437525,0.0005008489824831486,12845056.0,1605632.0
neu18_pattern_mining,2026-02-08T12:00:28,0,12,3,1,0.953125,0.11553288996219635,11.5705504,0.012153400777606294,0.006550949765369296,0.0056024510122369975,0,4,0.0004272059886716306,0.0056024510122369975,0.00022788898786529899,12845056.0,1605632.0
neu18_pattern_mining,2026-02-08T12:00:29,0,13,3,2,0.875,1.1210275888442993,11.5705504,0.010589372250251472,0.0056483602384105325,0.0049410120118409395,0,4,0.00037626700941473246,0.0049410120118409395,0.0001885690144263208,12845056.0,1605632.0
neu18_pattern_mining,2026-02-08T12:00:29,0,14,3,3,0.984375,0.12978273630142212,11.5705504,0.008576194028137252,0.004585050046443939,0.0039911439816933125,0,4,0.0003030950028914958,0.0039911439816933125,0.0001554100017528981,12845056.0,1605632.0
neu18_pattern_mining,2026-02-08T12:00:29,0,15,3,4,0.75,0.4718674421310425,0.7325344,0.010426490975078195,0.005853339971508831,0.0045731510035693645,0,4,0.0004050720017403364,0.0045731510035693645,0.00018026199541054666,802816.0,100352.0
neu18_pattern_mining,2026-02-08T12:00:29,1,11,3,0,1.0,0.039461780339479446,11.5705504,0.03738773916848004,0.029266780184116215,0.008120958984363824,0,4,0.002523558010580018,0.008120958984363824,0.0004031200078316033,12845056.0,1605632.0
neu18_pattern_mining,2026-02-08T12:00:29,1,12,3,1,0.921875,0.391338050365448,11.5705504,0.015022933948785067,0.008074649958871305,0.006948283989913762,0,4,0.0005270130059216172,0.006948283989913762,0.00028045198996551335,12845056.0,1605632.0
neu18_pattern_mining,2026-02-08T12:00:29,1,13,3,2,0.75,0.8699470162391663,11.5705504,0.012565830023959279,0.006619030027650297,0.005946799996308982,0,4,0.0004322880122344941,0.005946799996308982,0.00022961499053053558,12845056.0,1605632.0
neu18_pattern_mining,2026-02-08T12:00:29,1,14,3,3,0.9375,0.19075685739517212,11.5705504,0.01110609996248968,0.005878109950572252,0.005227990011917427,0,4,0.00038805700023658574,0.005227990011917427,0.0001997539948206395,12845056.0,1605632.0
neu18_pattern_mining,2026-02-08T12:00:29,1,15,3,4,0.3333333333333333,2.5173773765563965,0.5519008,0.009448067692574114,0.0053193396888673306,0.004128728003706783,0,4,0.0003582119825296104,0.004128728003706783,0.00017372198635712266,602112.0,75264.0
neu18_pattern_mining,2026-02-08T12:00:30,2,11,3,0,1.0,0.037730976939201355,11.5705504,0.044194904097821563,0.03525336011080071,0.00894154398702085,0,4,0.0030003139981999993,0.00894154398702085,0.000525022012880072,12845056.0,1605632.0
neu18_pattern_mining,2026-02-08T12:00:30,2,12,3,1,0.8125,1.2567009925842285,11.5705504,0.01400586377712898,0.007510339783038944,0.0064955239940900356,0,4,0.0004889909760095179,0.0064955239940900356,0.0002620430022943765,12845056.0,1605632.0
neu18_pattern_mining,2026-02-08T12:00:30,2,13,3,2,0.890625,0.36518073081970215,11.5705504,0.011812909215223044,0.006255080224946141,0.005557828990276903,0,4,0.0004111170128453523,0.005557828990276903,0.00021439100964926183,12845056.0,1605632.0
neu18_pattern_mining,2026-02-08T12:00:30,2,14,3,3,0.890625,0.26940515637397766,11.5705504,0.009957516129361466,0.005305370141286403,0.004652145988075063,0,4,0.0003522720071487129,0.004652145988075063,0.00017826500697992742,12845056.0,1605632.0
neu18_pattern_mining,2026-02-08T12:00:30,2,15,3,4,0.6666666666666666,1.2592164278030396,0.5519008,0.009993518993724138,0.005452490004245192,0.004541028989478946,0,4,0.0003605399979278445,0.004541028989478946,0.00018470900249667466,602112.0,75264.0
neu18_pattern_mining,2026-02-08T12:00:31,3,11,3,0,1.0,0.051031116396188736,11.5705504,0.04962649621302262,0.040609880234114826,0.009016615978907794,0,4,0.0034288150200154632,0.009016615978907794,0.0006321730033960193,12845056.0,1605632.0
neu18_pattern_mining,2026-02-08T12:00:31,3,12,3,1,0.75,1.3306065797805786,11.5705504,0.013175450934795663,0.00705532991560176,0.006120121019193903,0,4,0.00046181699144653976,0.006120121019193903,0.00024371600011363626,12845056.0,1605632.0
neu18_pattern_mining,2026-02-08T12:00:31,3,13,3,2,0.796875,0.661088228225708,11.5705504,0.012546106154331937,0.006568870157934725,0.005977235996397212,0,4,0.00042839499656111,0.005977235996397212,0.0002284920192323625,12845056.0,1605632.0
neu18_pattern_mining,2026-02-08T12:00:31,3,14,3,3,0.890625,0.5150822401046753,11.5705504,0.01209121907595545,0.00643956009298563,0.0056516589829698205,0,4,0.0004136849893257022,0.0056516589829698205,0.0002302710199728608,12845056.0,1605632.0
neu18_pattern_mining,2026-02-08T12:00:31,3,15,3,4,0.3333333333333333,2.170593023300171,0.5519008,0.011629752872977406,0.006361189880408347,0.005268562992569059,0,4,0.00041503101238049567,0.005268562992569059,0.000221087975660339,602112.0,75264.0
neu18_pattern_mining,2026-02-08T12:00:32,4,11,3,0,1.0,0.06099250912666321,11.5705504,0.04693677806062624,0.03916693007340655,0.007769847987219691,0,4,0.0034874139819294214,0.007769847987219691,0.0004292790254112333,12845056.0,1605632.0
neu18_pattern_mining,2026-02-08T12:00:32,4,12,3,1,0.859375,0.5677033066749573,11.5705504,0.008256192115368322,0.004525250114966184,0.0037309420004021376,0,4,0.0002986309991683811,0.0037309420004021376,0.0001538940123282373,12845056.0,1605632.0
neu18_pattern_mining,2026-02-08T12:00:32,4,13,3,2,0.84375,0.3850235939025879,11.5705504,0.008876551873981953,0.004790909879375249,0.0040856419946067035,0,4,0.000322424981277436,0.0040856419946067035,0.0001566660066600889,12845056.0,1605632.0
neu18_pattern_mining,2026-02-08T12:00:32,4,14,3,3,0.90625,0.384373277425766,11.5705504,0.00901134082232602,0.00525727984495461,0.0037540609773714095,0,4,0.0003743309935089201,0.0037540609773714095,0.00015139699098654091,12845056.0,1605632.0
neu18_pattern_mining,2026-02-08T12:00:32,4,15,3,4,1.0,0.10075702518224716,0.5519008,0.007651231135241687,0.0043166501563973725,0.003334580978844315,0,4,0.0002875440113712102,0.003334580978844315,0.00014412100426852703,602112.0,75264.0
neu18_pattern_mining,2026-02-08T12:00:34,0,16,4,0,0.984375,0.0183072779327631,11.5705504,0.04665265965741128,0.03428216965403408,0.0123704900033772,0,4,0.002746800979366526,0.0123704900033772,0.0006814159860368818,12845056.0,1605632.0
neu18_pattern_mining,2026-02-08T12:00:34,0,17,4,1,0.90625,0.630814790725708,11.5705504,0.0162967040669173,0.008680550090502948,0.007616153976414353,0,4,0.000568174000363797,0.007616153976414353,0.0002998810086864978,12845056.0,1605632.0
neu18_pattern_mining,2026-02-08T12:00:34,0,18,4,2,0.953125,0.18698135018348694,11.5705504,0.012551300693303347,0.006680299702566117,0.00587100099073723,0,4,0.0004280039865989238,0.00587100099073723,0.0002400259836576879,12845056.0,1605632.0
neu18_pattern_mining,2026-02-08T12:00:34,0,19,4,3,0.859375,0.5734983086585999,11.5705504,0.011746458883862942,0.006304149865172803,0.005442309018690139,0,4,0.00041861398494802415,0.005442309018690139,0.0002118010015692562,12845056.0,1605632.0
neu18_pattern_mining,2026-02-08T12:00:34,0,20,4,4,0.5,3.807915210723877,0.7325344,0.010793779889354482,0.006055799894966185,0.004737979994388297,0,4,0.00041508101276122034,0.004737979994388297,0.00019049897673539817,802816.0,100352.0
neu18_pattern_mining,2026-02-08T12:00:35,1,16,4,0,0.921875,0.17299684882164001,11.5705504,0.04160742193926126,0.031394459947478026,0.010212961991783231,0,4,0.0026002280064858496,0.010212961991783231,0.000539217988261953,12845056.0,1605632.0
neu18_pattern_mining,2026-02-08T12:00:35,1,17,4,1,0.796875,1.1756612062454224,11.5705504,0.013946761115221307,0.007940260111354291,0.006006501003867015,0,4,0.0005281259946059436,0.006006501003867015,0.0002659000165294856,12845056.0,1605632.0
neu18_pattern_mining,2026-02-08T12:00:35,1,18,4,2,0.765625,0.7258657813072205,11.5705504,0.011953895795159042,0.006422879814635962,0.00553101598052308,0,4,0.00041605698061175644,0.00553101598052308,0.00022623100085183978,12845056.0,1605632.0
neu18_pattern_mining,2026-02-08T12:00:35,1,19,4,3,0.890625,0.34661155939102173,11.5705504,0.01030699594411999,0.0054410999291576445,0.004865896014962345,0,4,0.00035673700040206313,0.004865896014962345,0.00018737299251370132,12845056.0,1605632.0
neu18_pattern_mining,2026-02-08T12:00:35,1,20,4,4,0.6666666666666666,1.4442930221557617,0.5519008,0.009616013150662184,0.00530662015080452,0.004309392999857664,0,4,0.00035587098682299256,0.004309392999857664,0.0001747910282574594,602112.0,75264.0
neu18_pattern_mining,2026-02-08T12:00:35,2,16,4,0,0.984375,0.05361780896782875,11.5705504,0.05305340531049296,0.03965401032473892,0.013399394985754043,0,4,0.003304248006315902,0.013399394985754043,0.0006611530261579901,12845056.0,1605632.0
neu18_pattern_mining,2026-02-08T12:00:35,2,17,4,1,0.859375,0.846042275428772,11.5705504,0.021983988117426634,0.012374370126053691,0.009609617991372943,0,4,0.0008388420101255178,0.009609617991372943,0.00039859500247985125,12845056.0,1605632.0
neu18_pattern_mining,2026-02-08T12:00:35,2,18,4,2,0.84375,0.5431936979293823,11.5705504,0.019062738894717768,0.010428559908177704,0.008634178986540064,0,4,0.0006769220053683966,0.008634178986540064,0.0003659339854493737,12845056.0,1605632.0
neu18_pattern_mining,2026-02-08T12:00:35,2,19,4,3,0.953125,0.10874093323945999,11.5705504,0.017423971061361954,0.009664380049798638,0.007759591011563316,0,4,0.0006402840081136674,0.007759591011563316,0.0003261539968661964,12845056.0,1605632.0
neu18_pattern_mining,2026-02-08T12:00:36,2,20,4,4,1.0,0.0823526456952095,0.5519008,0.01471902203047648,0.008278820023406297,0.006440202007070184,0,4,0.0005477319937199354,0.006440202007070184,0.0002801500086206943,602112.0,75264.0
neu18_pattern_mining,2026-02-08T12:00:36,3,16,4,0,1.0,0.011227046139538288,11.5705504,0.036449004895985126,0.029358929896261543,0.0070900749997235835,0,4,0.0025163810059893876,0.0070900749997235835,0.00041951198363676667,12845056.0,1605632.0
neu18_pattern_mining,2026-02-08T12:00:36,3,17,4,1,0.953125,0.11102616786956787,11.5705504,0.016340773814590648,0.008693639829289168,0.00764713398530148,0,4,0.0005601499869953841,0.00764713398530148,0.0003092139959335327,12845056.0,1605632.0
neu18_pattern_mining,2026-02-08T12:00:36,3,18,4,2,0.90625,0.3318602442741394,11.5705504,0.01609668615856208,0.008454520138911903,0.007642166019650176,0,4,0.0005543820152524859,0.007642166019650176,0.0002910699986387044,12845056.0,1605632.0
neu18_pattern_mining,2026-02-08T12:00:36,3,19,4,3,0.953125,0.08919323980808258,11.5705504,0.01594488410046324,0.008440930105280131,0.00750395399518311,0,4,0.0005557500116992742,0.00750395399518311,0.00028834299882873893,12845056.0,1605632.0
neu18_pattern_mining,2026-02-08T12:00:36,3,20,4,4,0.0,5.355200290679932,0.5519008,0.014421193016460165,0.00800070003606379,0.006420492980396375,0,4,0.0005293319991324097,0.006420492980396375,0.00027073800447396934,602112.0,75264.0
neu18_pattern_mining,2026-02-08T12:00:37,4,16,4,0,0.984375,0.03872009366750717,11.5705504,0.03420882226782851,0.02658246026840061,0.0076263619994279,0,4,0.0022394430125132203,0.0076263619994279,0.00041880301432684064,12845056.0,1605632.0
neu18_pattern_mining,2026-02-08T12:00:37,4,17,4,1,0.765625,1.3791379928588867,11.5705504,0.015318350895540789,0.008506439917255193,0.006811910978285596,0,4,0.0005921839911025017,0.006811910978285596,0.00025846000062301755,12845056.0,1605632.0
neu18_pattern_mining,2026-02-08T12:00:37,4,18,4,2,0.890625,0.20735841989517212,11.5705504,0.011756621184758842,0.006287580181378871,0.005469041003379971,0,4,0.0004157040093559772,0.005469041003379971,0.00021305400878190994,12845056.0,1605632.0
neu18_pattern_mining,2026-02-08T12:00:37,4,19,4,3,0.9375,0.3665980100631714,11.5705504,0.009796353755518794,0.005163499736227095,0.004632854019291699,0,4,0.0003397419932298362,0.004632854019291699,0.0001766079803928733,12845056.0,1605632.0
neu18_pattern_mining,2026-02-08T12:00:37,4,20,4,4,0.3333333333333333,1.086966872215271,0.5519008,0.00875074916984886,0.005026860162615776,0.0037238890072330832,0,4,0.00034221800160594285,0.0037238890072330832,0.00016046801465563476,602112.0,75264.0
neu18_pattern_mining,2026-02-08T12:00:39,0,21,5,0,1.0,0.011435342021286488,11.5705504,0.036814656952628866,0.02794547996018082,0.008869176992448047,0,4,0.00233879397273995,0.008869176992448047,0.0004557540232781321,12845056.0,1605632.0
neu18_pattern_mining,2026-02-08T12:00:39,0,22,5,1,1.0,0.019023913890123367,11.5705504,0.019816985266515985,0.011186910269316286,0.0086300749971997,0,4,0.000754411012167111,0.0086300749971997,0.00036428001476451755,12845056.0,1605632.0
neu18_pattern_mining,2026-02-08T12:00:39,0,23,5,2,0.984375,0.11721283942461014,11.5705504,0.01829136098967865,0.009536599973216653,0.008754761016461998,0,4,0.0006297150102909654,0.008754761016461998,0.00032394498703069985,12845056.0,1605632.0
neu18_pattern_mining,2026-02-08T12:00:39,0,24,5,3,0.921875,0.4363933205604553,11.5705504,0.01949568302370608,0.010251810017507523,0.009243873006198555,0,4,0.0006923630135133862,0.009243873006198555,0.0003328179882373661,12845056.0,1605632.0
neu18_pattern_mining,2026-02-08T12:00:39,0,25,5,4,0.5,3.336357593536377,0.7325344,0.018617914291098714,0.01042830030201003,0.008189613989088684,0,4,0.0007006150262895972,0.008189613989088684,0.0003422150039114058,802816.0,100352.0
neu18_pattern_mining,2026-02-08T12:00:39,1,21,5,0,0.984375,0.027932411059737206,11.5705504,0.03700632305117324,0.029691350064240396,0.007314972986932844,0,4,0.00253636299748905,0.007314972986932844,0.00043277200893498957,12845056.0,1605632.0
neu18_pattern_mining,2026-02-08T12:00:39,1,22,5,1,0.9375,0.1536492109298706,11.5705504,0.012130492192227393,0.006593800208065659,0.005536691984161735,0,4,0.0004157530202064663,0.005536691984161735,0.00024362700060009956,12845056.0,1605632.0
neu18_pattern_mining,2026-02-08T12:00:39,1,23,5,2,0.953125,0.2538149058818817,11.5705504,0.014977768965763971,0.007847649976611137,0.007130118989152834,0,4,0.0005192289827391505,0.007130118989152834,0.0002655360149219632,12845056.0,1605632.0
neu18_pattern_mining,2026-02-08T12:00:39,1,24,5,3,0.96875,0.0590801015496254,11.5705504,0.014049870689632371,0.007167459698393941,0.00688241099123843,0,4,0.0004650029877666384,0.00688241099123843,0.0002517429820727557,12845056.0,1605632.0
neu18_pattern_mining,2026-02-08T12:00:40,1,25,5,4,1.0,0.2557366192340851,0.5519008,0.013430050254100934,0.007527000270783901,0.0059030499833170325,0,4,0.000502861017594114,0.0059030499833170325,0.0002498390094842762,602112.0,75264.0
neu18_pattern_mining,2026-02-08T12:00:40,2,21,5,0,1.0,0.018748972564935684,11.5705504,0.03967679588822648,0.03202308987965807,0.007653706008568406,0,4,0.00277508600265719,0.007653706008568406,0.00042722298530861735,12845056.0,1605632.0
neu18_pattern_mining,2026-02-08T12:00:40,2,22,5,1,0.921875,0.5244107246398926,11.5705504,0.013995492190588266,0.007569930166937411,0.006425562023650855,0,4,0.0004913160228170455,0.006425562023650855,0.00026567699387669563,12845056.0,1605632.0
neu18_pattern_mining,2026-02-08T12:00:40,2,23,5,2,0.921875,0.26331618428230286,11.5705504,0.014866729179630056,0.007832510164007545,0.0070342190156225115,0,4,0.0005061349947936833,0.0070342190156225115,0.00027711602160707116,12845056.0,1605632.0
neu18_pattern_mining,2026-02-08T12:00:40,2,24,5,3,0.96875,0.09659126400947571,11.5705504,0.014614258165238425,0.007680400158278644,0.006933858006959781,0,4,0.0005030450120102614,0.006933858006959781,0.000264995003817603,12845056.0,1605632.0
neu18_pattern_mining,2026-02-08T12:00:40,2,25,5,4,0.0,3.4798357486724854,0.5519008,0.014310875267256051,0.007941690273582935,0.006369184993673116,0,4,0.0005210390081629157,0.006369184993673116,0.0002731300191953778,602112.0,75264.0
neu18_pattern_mining,2026-02-08T12:00:41,3,21,5,0,1.0,0.012647358700633049,11.5705504,0.0359341430303175,0.028760010027326643,0.007174133002990857,0,4,0.0024449159973300993,0.007174133002990857,0.000431085005402565,12845056.0,1605632.0
neu18_pattern_mining,2026-02-08T12:00:41,3,22,5,1,0.921875,0.5898932218551636,11.5705504,0.015040850965306163,0.008075039950199425,0.006965811015106738,0,4,0.0005325390084180981,0.006965811015106738,0.00027496498660184443,12845056.0,1605632.0
neu18_pattern_mining,2026-02-08T12:00:41,3,23,5,2,0.96875,0.053592342883348465,11.5705504,0.016301811847370118,0.00868818984599784,0.007613622001372278,0,4,0.0005674439889844507,0.007613622001372278,0.0003013749956153333,12845056.0,1605632.0
neu18_pattern_mining,2026-02-08T12:00:41,3,24,5,3,0.859375,0.4530581831932068,11.5705504,0.016277873975923285,0.008633749966975302,0.007644124008947983,0,4,0.0005577249976340681,0.007644124008947983,0.000305649999063462,12845056.0,1605632.0
neu18_pattern_mining,2026-02-08T12:00:41,3,25,5,4,1.0,0.00988372415304184,0.5519008,0.014442255982430652,0.007968709978740662,0.0064735460036899894,0,4,0.0005236309953033924,0.0064735460036899894,0.0002732400025706738,602112.0,75264.0
neu18_pattern_mining,2026-02-08T12:00:42,4,21,5,0,1.0,0.011495321989059448,11.5705504,0.040013999911025167,0.03281090990640223,0.007203090004622936,0,4,0.0028785530012100935,0.007203090004622936,0.00040253798943012953,12845056.0,1605632.0
neu18_pattern_mining,2026-02-08T12:00:42,4,22,5,1,0.9375,0.31650879979133606,11.5705504,0.013103406061418355,0.0071414600824937224,0.005961945978924632,0,4,0.0004728090134449303,0.005961945978924632,0.00024133699480444193,12845056.0,1605632.0
neu18_pattern_mining,2026-02-08T12:00:42,4,23,5,2,0.9375,0.21003615856170654,11.5705504,0.013677761802682653,0.007195719808805734,0.006482041993876919,0,4,0.00047335599083453417,0.006482041993876919,0.0002462159900460392,12845056.0,1605632.0
neu18_pattern_mining,2026-02-08T12:00:42,4,24,5,3,0.921875,0.2616423964500427,11.5705504,0.014321947121061385,0.0074655801290646195,0.006856366991996765,0,4,0.0005047430167905986,0.006856366991996765,0.00024181499611586332,12845056.0,1605632.0
neu18_pattern_mining,2026-02-08T12:00:42,4,25,5,4,1.0,0.21351121366024017,0.5519008,0.014797563926549628,0.008340929925907403,0.006456634000642225,0,4,0.0005519989936146885,0.006456634000642225,0.0002820939989760518,602112.0,75264.0
neu18_pattern_mining,2026-02-08T12:00:43,0,26,6,0,0.984375,0.025429412722587585,11.5705504,0.03752180191804655,0.026897249917965382,0.010624552000081167,0,4,0.0022429289820138365,0.010624552000081167,0.00044679600978270173,12845056.0,1605632.0
neu18_pattern_mining,2026-02-08T12:00:43,0,27,6,1,0.953125,0.1842333972454071,11.5705504,0.012995840894291177,0.007006489904597402,0.005989350989693776,0,4,0.0004606609873007983,0.005989350989693776,0.00023998800315894186,12845056.0,1605632.0
neu18_pattern_mining,2026-02-08T12:00:43,0,28,6,2,0.984375,0.0615411214530468,11.5705504,0.014333875762531534,0.007644409779459238,0.006689465983072296,0,4,0.0005175469850655645,0.006689465983072296,0.0002468939928803593,12845056.0,1605632.0
neu18_pattern_mining,2026-02-08T12:00:43,0,29,6,3,0.953125,0.10773266106843948,11.5705504,0.015316608973080292,0.00818191998405382,0.007134688989026472,0,4,0.0005559319979511201,0.007134688989026472,0.0002622600004542619,12845056.0,1605632.0
neu18_pattern_mining,2026-02-08T12:00:43,0,30,6,4,0.5,3.734121322631836,0.7325344,0.015453085186891258,0.008499380201101303,0.006953704985789955,0,4,0.0005790980067104101,0.006953704985789955,0.0002708400133997202,802816.0,100352.0
neu18_pattern_mining,2026-02-08T12:00:44,1,26,6,0,0.984375,0.03829355165362358,11.5705504,0.06213906404445879,0.047777220024727285,0.014361844019731507,0,4,0.004182648001005873,0.014361844019731507,0.0005950740014668554,12845056.0,1605632.0
neu18_pattern_mining,2026-02-08T12:00:44,1,27,6,1,0.84375,0.9349699020385742,11.5705504,0.016995793994283304,0.009348989988211542,0.007646804006071761,0,4,0.000642275990685448,0.007646804006071761,0.0002926230081357062,12845056.0,1605632.0
neu18_pattern_mining,2026-02-08T12:00:44,1,28,6,2,0.953125,0.11902889609336853,11.5705504,0.017298673308687285,0.009099610324483365,0.00819906298420392,0,4,0.0006225790129974484,0.00819906298420392,0.00028738201945088804,12845056.0,1605632.0
neu18_pattern_mining,2026-02-08T12:00:44,1,29,6,3,0.96875,0.14303165674209595,11.5705504,0.01702799799386412,0.008951449999585748,0.008076547994278371,0,4,0.0006032460078131407,0.008076547994278371,0.000291898992145434,12845056.0,1605632.0
neu18_pattern_mining,2026-02-08T12:00:44,1,30,6,4,0.0,4.555649757385254,0.5519008,0.016051988874096423,0.008695469878148288,0.007356518995948136,0,4,0.0005679529858753085,0.007356518995948136,0.00030159400193952024,602112.0,75264.0
neu18_pattern_mining,2026-02-08T12:00:45,2,26,6,0,1.0,0.012472283095121384,11.5705504,0.05251791910268366,0.0413355600903742,0.011182359012309462,0,4,0.0034124550002161413,0.011182359012309462,0.0007211010088212788,12845056.0,1605632.0
neu18_pattern_mining,2026-02-08T12:00:45,2,27,6,1,0.921875,0.6210070848464966,11.5705504,0.020313549757702276,0.010916149767581373,0.009397399990120903,0,4,0.0007074939785525203,0.009397399990120903,0.00038412099820561707,12845056.0,1605632.0
neu18_pattern_mining,2026-02-08T12:00:45,2,28,6,2,0.984375,0.08230825513601303,11.5705504,0.019731974811293185,0.010323519818484783,0.009408454992808402,0,4,0.0006769289902877063,0.009408454992808402,0.00035542299156077206,12845056.0,1605632.0
neu18_pattern_mining,2026-02-08T12:00:45,2,29,6,3,0.96875,0.28597068786621094,11.5705504,0.017468578706029803,0.009142839699052274,0.008325739006977528,0,4,0.000600606988882646,0.008325739006977528,0.00031367698102258146,12845056.0,1605632.0
neu18_pattern_mining,2026-02-08T12:00:45,2,30,6,4,0.3333333333333333,2.078031539916992,0.5519008,0.0176211383077316,0.009485390328336507,0.008135747979395092,0,4,0.0006200930220074952,0.008135747979395092,0.00032844601082615554,602112.0,75264.0
neu18_pattern_mining,2026-02-08T12:00:46,3,26,6,0,1.0,0.008165031671524048,11.5705504,0.04113707205397077,0.03341528004966676,0.007721792004304007,0,4,0.0029146510059945285,0.007721792004304007,0.0004268769989721477,12845056.0,1605632.0
neu18_pattern_mining,2026-02-08T12:00:46,3,27,6,1,1.0,0.009984367527067661,11.5705504,0.016571553278481588,0.00890086026629433,0.007670693012187257,0,4,0.0005744710215367377,0.007670693012187257,0.00031561500509269536,12845056.0,1605632.0
neu18_pattern_mining,2026-02-08T12:00:46,3,28,6,2,0.984375,0.04039090499281883,11.5705504,0.014982681954279542,0.008033869962673634,0.006948811991605908,0,4,0.0005281979974824935,0.006948811991605908,0.0002751889987848699,12845056.0,1605632.0
neu18_pattern_mining,2026-02-08T12:00:46,3,29,6,3,0.921875,0.1634821891784668,11.5705504,0.014799646247411147,0.007844150240998715,0.006955496006412432,0,4,0.0005185030167922378,0.006955496006412432,0.00026591200730763376,12845056.0,1605632.0
neu18_pattern_mining,2026-02-08T12:00:46,3,30,6,4,1.0,0.1070181354880333,0.5519008,0.015374800277641043,0.008298700267914683,0.0070761000097263604,0,4,0.0005508100148290396,0.0070761000097263604,0.0002790600119624287,602112.0,75264.0
neu18_pattern_mining,2026-02-08T12:00:47,4,26,6,0,1.0,0.005839605815708637,11.5705504,0.04523985696141608,0.03506431996356696,0.010175536997849122,0,4,0.0030385009886231273,0.010175536997849122,0.00046793100773356855,12845056.0,1605632.0
neu18_pattern_mining,2026-02-08T12:00:47,4,27,6,1,0.984375,0.043251633644104004,11.5705504,0.016566867678193375,0.00894744967808947,0.007619418000103906,0,4,0.0005822159873787314,0.007619418000103906,0.0003125289804302156,12845056.0,1605632.0
neu18_pattern_mining,2026-02-08T12:00:47,4,28,6,2,0.96875,0.16065257787704468,11.5705504,0.017728516162605956,0.009343050187453628,0.008385465975152329,0,4,0.0006121839978732169,0.008385465975152329,0.0003221210208721459,12845056.0,1605632.0
neu18_pattern_mining,2026-02-08T12:00:47,4,29,6,3,0.90625,0.3450624644756317,11.5705504,0.016182693041628227,0.008615200058557093,0.0075674929830711335,0,4,0.000561491004191339,0.0075674929830711335,0.0003000290016643703,12845056.0,1605632.0
neu18_pattern_mining,2026-02-08T12:00:47,4,30,6,4,0.6666666666666666,0.334066241979599,0.5519008,0.016277996968710795,0.008893799968063831,0.007384197000646964,0,4,0.000592049997067079,0.007384197000646964,0.0002973299997393042,602112.0,75264.0
neu18_pattern_mining,2026-02-08T12:00:48,0,31,7,0,1.0,0.010111112147569656,11.5705504,0.0379284429945983,0.028145649994257838,0.009782793000340462,0,4,0.0023006029950920492,0.009782793000340462,0.0005139620043337345,12845056.0,1605632.0
neu18_pattern_mining,2026-02-08T12:00:48,0,32,7,1,0.984375,0.11703000217676163,11.5705504,0.012516559945652261,0.007206409936770797,0.005310150008881465,0,4,0.000472782994620502,0.005310150008881465,0.0002478579990565777,12845056.0,1605632.0
neu18_pattern_mining,2026-02-08T12:00:48,0,33,7,2,0.75,1.2745023965835571,11.5705504,0.011068951716879383,0.006291849713306874,0.004777102003572509,0,4,0.00039460198604501784,0.004777102003572509,0.00023458298528566957,12845056.0,1605632.0
neu18_pattern_mining,2026-02-08T12:00:48,0,34,7,3,0.96875,0.05664393678307533,11.5705504,0.010356119862990454,0.005641919851768762,0.004714200011221692,0,4,0.00036234199069440365,0.004714200011221692,0.00020184999448247254,12845056.0,1605632.0
neu18_pattern_mining,2026-02-08T12:00:48,0,35,7,4,1.0,0.03819959983229637,0.7325344,0.01113296308903955,0.0060830800794065,0.005049883009633049,0,4,0.00041424401570111513,0.005049883009633049,0.00019406399223953485,802816.0,100352.0
neu18_pattern_mining,2026-02-08T12:00:49,1,31,7,0,1.0,0.009886730462312698,11.5705504,0.03521625802386552,0.027731930022127926,0.007484328001737595,0,4,0.0023140599951148033,0.007484328001737595,0.0004591330070979893,12845056.0,1605632.0
neu18_pattern_mining,2026-02-08T12:00:49,1,32,7,1,0.90625,0.4348676800727844,11.5705504,0.014303825184470043,0.007823640189599246,0.006480184994870797,0,4,0.0004960010119248182,0.006480184994870797,0.0002863630070351064,12845056.0,1605632.0
neu18_pattern_mining,2026-02-08T12:00:49,1,33,7,2,0.96875,0.06157393008470535,11.5705504,0.015024683729279786,0.008075559744611382,0.006949123984668404,0,4,0.0005427110008895397,0.006949123984668404,0.00026484497357159853,12845056.0,1605632.0
neu18_pattern_mining,2026-02-08T12:00:49,1,34,7,3,0.9375,0.10996228456497192,11.5705504,0.016049963945988566,0.008653489931020886,0.00739647401496768,0,4,0.0005918800015933812,0.00739647401496768,0.0002734689915087074,12845056.0,1605632.0
neu18_pattern_mining,2026-02-08T12:00:49,1,35,7,4,0.6666666666666666,1.8685072660446167,0.5519008,0.014807248866418377,0.008036239887587726,0.0067710089788306504,0,4,0.0005325239908415824,0.0067710089788306504,0.0002710999979171902,602112.0,75264.0
neu18_pattern_mining,2026-02-08T12:00:50,2,31,7,0,1.0,0.0010679559782147408,11.5705504,0.06601978410617448,0.04960026009939611,0.016419524006778374,0,4,0.004200837021926418,0.016419524006778374,0.000759188988013193,12845056.0,1605632.0
neu18_pattern_mining,2026-02-08T12:00:50,2,32,7,1,0.984375,0.22245649993419647,11.5705504,0.020034474844578654,0.010606609866954386,0.009427864977624267,0,4,0.000695483002346009,0.009427864977624267,0.0003651779843494296,12845056.0,1605632.0
neu18_pattern_mining,2026-02-08T12:00:50,2,33,7,2,0.953125,0.17871002852916718,11.5705504,0.019904081913409755,0.010473089932929724,0.00943099198048003,0,4,0.0006906689959578216,0.00943099198048003,0.00035663999733515084,12845056.0,1605632.0
neu18_pattern_mining,2026-02-08T12:00:50,2,34,7,3,0.9375,0.30132564902305603,11.5705504,0.01935118023538962,0.009984430216718465,0.009366750018671155,0,4,0.0006807110039517283,0.009366750018671155,0.00031773201772011817,12845056.0,1605632.0
neu18_pattern_mining,2026-02-08T12:00:50,2,35,7,4,0.3333333333333333,3.937145471572876,0.5519008,0.018261628225445747,0.009800350235309452,0.008461277990136296,0,4,0.0006391520146280527,0.008461277990136296,0.00034088300890289247,602112.0,75264.0
neu18_pattern_mining,2026-02-08T12:00:51,3,31,7,0,1.0,0.007514601573348045,11.5705504,0.05498873777105473,0.04113955976208672,0.01384917800896801,0,4,0.0034617719938978553,0.01384917800896801,0.0006521839823108166,12845056.0,1605632.0
neu18_pattern_mining,2026-02-08T12:00:51,3,32,7,1,0.953125,0.15232190489768982,11.5705504,0.021900090971030295,0.012246569967828691,0.009653521003201604,0,4,0.0008106360037345439,0.009653521003201604,0.0004140209930483252,12845056.0,1605632.0
neu18_pattern_mining,2026-02-08T12:00:51,3,33,7,2,1.0,0.013002932071685791,11.5705504,0.021373609168222174,0.011698790185619146,0.009674818982603028,0,4,0.0007450010161846876,0.009674818982603028,0.00042487800237722695,12845056.0,1605632.0
neu18_pattern_mining,2026-02-08T12:00:51,3,34,7,3,1.0,0.003363103838637471,11.5705504,0.017763603711500764,0.009390739724040031,0.008372863987460732,0,4,0.0006166959938127548,0.008372863987460732,0.0003223779785912484,12845056.0,1605632.0
neu18_pattern_mining,2026-02-08T12:00:51,3,35,7,4,0.6666666666666666,1.9308185577392578,0.5519008,0.017494946165243164,0.009739310189615935,0.007755635975627229,0,4,0.0006296020001173019,0.007755635975627229,0.00034432901884429157,602112.0,75264.0
neu18_pattern_mining,2026-02-08T12:00:52,4,31,7,0,1.0,0.003677898086607456,11.5705504,0.0378817381861154,0.030587490182369947,0.007294248003745452,0,4,0.0026453919999767095,0.007294248003745452,0.00041335701826028526,12845056.0,1605632.0
neu18_pattern_mining,2026-02-08T12:00:52,4,32,7,1,1.0,0.003411997575312853,11.5705504,0.016451905044959858,0.008828690042719245,0.007623215002240613,0,4,0.0005793370073661208,0.007623215002240613,0.0003035319969058037,12845056.0,1605632.0
neu18_pattern_mining,2026-02-08T12:00:52,4,33,7,2,1.0,0.0009154838044196367,11.5705504,0.014663960173493251,0.0077255701762624085,0.006938389997230843,0,4,0.0005092649953439832,0.006938389997230843,0.0002632920222822577,12845056.0,1605632.0
neu18_pattern_mining,2026-02-08T12:00:52,4,34,7,3,0.96875,0.08108313381671906,11.5705504,0.014630008750827983,0.00770956976339221,0.006920438987435773,0,4,0.0005060629919171333,0.006920438987435773,0.00026489398442208767,12845056.0,1605632.0
neu18_pattern_mining,2026-02-08T12:00:52,4,35,7,4,0.3333333333333333,4.57101583480835,0.5519008,0.013947525032563135,0.007602660043630749,0.006344864988932386,0,4,0.0004983529797755182,0.006344864988932386,0.0002619130245875567,602112.0,75264.0
neu18_pattern_mining,2026-02-08T12:00:53,0,36,8,0,0.984375,0.020513858646154404,11.5705504,0.039291898894589394,0.02901973988628015,0.010272159008309245,0,4,0.0023081509862095118,0.010272159008309245,0.0005938230024185032,12845056.0,1605632.0
neu18_pattern_mining,2026-02-08T12:00:53,0,37,8,1,0.9375,0.2532046437263489,11.5705504,0.01624321800773032,0.008626350027043372,0.007616867980686948,0,4,0.0005630539963021874,0.007616867980686948,0.0002995810064021498,12845056.0,1605632.0
neu18_pattern_mining,2026-02-08T12:00:53,0,38,8,2,0.96875,0.037127360701560974,11.5705504,0.017345820902846754,0.009255929908249527,0.008089890994597226,0,4,0.0006373659998644143,0.008089890994597226,0.0002882269909605384,12845056.0,1605632.0
neu18_pattern_mining,2026-02-08T12:00:53,0,39,8,3,0.96875,0.07433709502220154,11.5705504,0.01598085308796726,0.008517570095136762,0.0074632829928305,0,4,0.0005521640123333782,0.0074632829928305,0.00029959299718029797,12845056.0,1605632.0
neu18_pattern_mining,2026-02-08T12:00:53,0,40,8,4,1.0,0.1341163069009781,0.7325344,0.01614930821233429,0.009178400214295834,0.006970907998038456,0,4,0.000631584000075236,0.006970907998038456,0.00028625602135434747,802816.0,100352.0
neu18_pattern_mining,2026-02-08T12:00:54,1,36,8,0,1.0,0.0004851374542340636,11.5705504,0.044035826897015795,0.03487304988084361,0.009162777016172186,0,4,0.0029785029764752835,0.009162777016172186,0.0005088020116090775,12845056.0,1605632.0
neu18_pattern_mining,2026-02-08T12:00:54,1,37,8,1,0.984375,0.19036927819252014,11.5705504,0.016426383022917435,0.008763840014580637,0.007662543008336797,0,4,0.0005640389863401651,0.007662543008336797,0.0003123450151178986,12845056.0,1605632.0
neu18_pattern_mining,2026-02-08T12:00:54,1,38,8,2,1.0,0.00983017310500145,11.5705504,0.01602433793595992,0.008463909907732159,0.007560428028227761,0,4,0.0005557749827858061,0.007560428028227761,0.00029061600798740983,12845056.0,1605632.0
neu18_pattern_mining,2026-02-08T12:00:54,1,39,8,3,0.96875,0.06417547166347504,11.5705504,0.016211918904446065,0.008549389895051718,0.007662529009394348,0,4,0.0005635329871438444,0.007662529009394348,0.0002914060023613274,12845056.0,1605632.0
neu18_pattern_mining,2026-02-08T12:00:54,1,40,8,4,0.3333333333333333,2.849754571914673,0.5519008,0.015734034299384803,0.008761840290389955,0.0069721940089948475,0,4,0.000566724018426612,0.0069721940089948475,0.0003094600106123835,602112.0,75264.0
neu18_pattern_mining,2026-02-08T12:00:55,2,36,8,0,1.0,0.00744504714384675,11.5705504,0.047983918862883,0.03897077986039221,0.009013139002490789,0,4,0.0032704359909985214,0.009013139002490789,0.0006266419950406998,12845056.0,1605632.0
neu18_pattern_mining,2026-02-08T12:00:55,2,37,8,1,0.96875,0.07893148809671402,11.5705504,0.015175263048149645,0.008216690039262176,0.00695857300888747,0,4,0.0005415490013547242,0.00695857300888747,0.0002801200025714934,12845056.0,1605632.0
neu18_pattern_mining,2026-02-08T12:00:55,2,38,8,2,0.859375,0.3195127248764038,11.5705504,0.011879864963702857,0.006340109976008534,0.005539754987694323,0,4,0.0004108120047021657,0.005539754987694323,0.00022319899289868772,12845056.0,1605632.0
neu18_pattern_mining,2026-02-08T12:00:55,2,39,8,3,0.84375,0.5719702839851379,11.5705504,0.012475677242036909,0.006593130237888545,0.005882547004148364,0,4,0.0004240900161676109,0.005882547004148364,0.0002352230076212436,12845056.0,1605632.0
neu18_pattern_mining,2026-02-08T12:00:55,2,40,8,4,0.6666666666666666,1.2356079816818237,0.5519008,0.014408713061129674,0.00787063007010147,0.0065380829910282046,0,4,0.000530368008185178,0.0065380829910282046,0.00025669499882496893,602112.0,75264.0
neu18_pattern_mining,2026-02-08T12:00:55,3,36,8,0,1.0,0.007871105335652828,11.5705504,0.07034320387174375,0.05311210989020765,0.017231093981536105,0,4,0.004542282986221835,0.017231093981536105,0.0007689280027989298,12845056.0,1605632.0
neu18_pattern_mining,2026-02-08T12:00:56,3,37,8,1,0.984375,0.12826168537139893,11.5705504,0.01823703310219571,0.009816930105444044,0.008420102996751666,0,4,0.0006408309855032712,0.008420102996751666,0.00034086202504113317,12845056.0,1605632.0
neu18_pattern_mining,2026-02-08T12:00:56,3,38,8,2,0.96875,0.0717184990644455,11.5705504,0.014673411205876619,0.007762650202494115,0.006910761003382504,0,4,0.0005134600214660168,0.006910761003382504,0.0002628049987833947,12845056.0,1605632.0
neu18_pattern_mining,2026-02-08T12:00:56,3,39,8,3,0.921875,0.14966794848442078,11.5705504,0.016058624169090763,0.008579190180171281,0.007479433988919482,0,4,0.0005500260158441961,0.007479433988919482,0.00030789300217293203,12845056.0,1605632.0
neu18_pattern_mining,2026-02-08T12:00:56,3,40,8,4,0.6666666666666666,2.1871488094329834,0.5519008,0.016013233951525763,0.00855260994285345,0.007460624008672312,0,4,0.0005592009983956814,0.007460624008672312,0.0002960599958896637,602112.0,75264.0
neu18_pattern_mining,2026-02-08T12:00:56,4,36,8,0,1.0,0.0021336213685572147,11.5705504,0.039896471018437296,0.03093662002356723,0.008959850994870067,0,4,0.002558751992182806,0.008959850994870067,0.0005349100101739168,12845056.0,1605632.0
neu18_pattern_mining,2026-02-08T12:00:56,4,37,8,1,0.9375,0.3626920282840729,11.5705504,0.016841061849845573,0.009136489825323224,0.007704572024522349,0,4,0.0005822200037073344,0.007704572024522349,0.000331428978824988,12845056.0,1605632.0
neu18_pattern_mining,2026-02-08T12:00:56,4,38,8,2,0.953125,0.16729433834552765,11.5705504,0.01774709191522561,0.009302909893449396,0.008444182021776214,0,4,0.0006115830037742853,0.008444182021776214,0.0003187079855706543,12845056.0,1605632.0
neu18_pattern_mining,2026-02-08T12:00:56,4,39,8,3,1.0,0.04342581331729889,11.5705504,0.016083362948847935,0.008588969940319657,0.007494393008528277,0,4,0.0005578699929174036,0.007494393008528277,0.00030102700111456215,12845056.0,1605632.0
neu18_pattern_mining,2026-02-08T12:00:56,4,40,8,4,0.0,4.141925811767578,0.5519008,0.015737553942017257,0.008747139945626259,0.006990413996390998,0,4,0.0005630639789160341,0.006990413996390998,0.0003116500156465918,602112.0,75264.0
neu18_pattern_mining,2026-02-08T12:00:58,0,41,9,0,1.0,0.00044833324500359595,11.5705504,0.03675587711040862,0.02768661011941731,0.00906926699099131,0,4,0.002270418015541509,0.00906926699099131,0.0004982429964002222,12845056.0,1605632.0
neu18_pattern_mining,2026-02-08T12:00:58,0,42,9,1,0.984375,0.04876575991511345,11.5705504,0.018133355013560504,0.01036325003951788,0.007770104974042624,0,4,0.0006873660022392869,0.007770104974042624,0.00034895900171250105,12845056.0,1605632.0
neu18_pattern_mining,2026-02-08T12:00:58,0,43,9,2,1.0,0.0030404534190893173,11.5705504,0.015935771953081712,0.008908839954528958,0.0070269319985527545,0,4,0.0005944720178376883,0.0070269319985527545,0.00029641197761520743,12845056.0,1605632.0
neu18_pattern_mining,2026-02-08T12:00:58,0,44,9,3,0.875,0.6639129519462585,11.5705504,0.013922733021900058,0.00760536000598222,0.006317373015917838,0,4,0.0005151259829290211,0.006317373015917838,0.0002454100176692009,12845056.0,1605632.0
neu18_pattern_mining,2026-02-08T12:00:58,0,45,9,4,0.75,2.2902534008026123,0.7325344,0.012328638811595738,0.00687367981299758,0.005454958998598158,0,4,0.00047152399201877415,0.005454958998598158,0.0002158439892809838,802816.0,100352.0
neu18_pattern_mining,2026-02-08T12:00:59,1,41,9,0,0.984375,0.023802228271961212,11.5705504,0.036377885058755055,0.028989370039198548,0.0073885150195565075,0,4,0.002469091006787494,0.0073885150195565075,0.00042984599713236094,12845056.0,1605632.0
neu18_pattern_mining,2026-02-08T12:00:59,1,42,9,1,0.96875,0.10626288503408432,11.5705504,0.011096611066022888,0.00606368004810065,0.0050329310179222375,0,4,0.0004023200017400086,0.0050329310179222375,0.00020404800307005644,12845056.0,1605632.0
neu18_pattern_mining,2026-02-08T12:00:59,1,43,9,2,1.0,0.013380191288888454,11.5705504,0.007409942743834108,0.003945309726987034,0.003464633016847074,0,4,0.000256960978731513,0.003464633016847074,0.00013756999396719038,12845056.0,1605632.0
neu18_pattern_mining,2026-02-08T12:00:59,1,44,9,3,0.96875,0.14131145179271698,11.5705504,0.007414316991344094,0.0039827299769967794,0.003431587014347315,0,4,0.00025553800514899194,0.003431587014347315,0.000142734992550686,12845056.0,1605632.0
neu18_pattern_mining,2026-02-08T12:00:59,1,45,9,4,0.3333333333333333,2.94649600982666,0.5519008,0.007613040914293379,0.004136179923079908,0.0034768609912134707,0,4,0.00026634399546310306,0.0034768609912134707,0.00014727399684488773,602112.0,75264.0
neu18_pattern_mining,2026-02-08T12:00:59,2,41,9,0,1.0,0.0014624565374106169,11.5705504,0.04282997516565956,0.03541503014275804,0.00741494502290152,0,4,0.0030527060152962804,0.00741494502290152,0.0004887969989795238,12845056.0,1605632.0
neu18_pattern_mining,2026-02-08T12:00:59,2,42,9,1,0.875,1.0829198360443115,11.5705504,0.013229345146100968,0.0073773201438598335,0.005852025002241135,0,4,0.00045819400111213326,0.005852025002241135,0.0002795380132738501,12845056.0,1605632.0
neu18_pattern_mining,2026-02-08T12:00:59,2,43,9,2,0.921875,0.17823216319084167,11.5705504,0.013226711162133142,0.007028230174910277,0.006198480987222865,0,4,0.0004666210152208805,0.006198480987222865,0.0002362020022701472,12845056.0,1605632.0
neu18_pattern_mining,2026-02-08T12:01:00,2,44,9,3,0.953125,0.07413065433502197,11.5705504,0.013898677163524553,0.007377540168818086,0.006521136994706467,0,4,0.0004948090063408017,0.006521136994706467,0.00024294501054100692,12845056.0,1605632.0
neu18_pattern_mining,2026-02-08T12:01:00,2,45,9,4,0.6666666666666666,0.8441228270530701,0.5519008,0.014173031726386398,0.007911999709904194,0.006261032016482204,0,4,0.0005321129865478724,0.006261032016482204,0.00025908698444254696,602112.0,75264.0
neu18_pattern_mining,2026-02-08T12:01:00,3,41,9,0,1.0,0.004494075197726488,11.5705504,0.03469480684725568,0.027325039845891297,0.00736976700136438,0,4,0.0023062439868226647,0.00736976700136438,0.00042625999776646495,12845056.0,1605632.0
neu18_pattern_mining,2026-02-08T12:01:00,3,42,9,1,0.984375,0.05945289507508278,11.5705504,0.012674670055275783,0.007057680049911141,0.0056169900053646415,0,4,0.00044793501729145646,0.0056169900053646415,0.0002578329876996577,12845056.0,1605632.0
neu18_pattern_mining,2026-02-08T12:01:00,3,43,9,2,0.96875,0.07822269201278687,11.5705504,0.012486390041885898,0.006591870042029768,0.005894519999856129,0,4,0.0004456290043890476,0.005894519999856129,0.0002135579998139292,12845056.0,1605632.0
neu18_pattern_mining,2026-02-08T12:01:00,3,44,9,3,0.9375,0.6874441504478455,11.5705504,0.013309891131939366,0.006970080139581114,0.006339810992358252,0,4,0.00045897101517766714,0.006339810992358252,0.00023803699878044426,12845056.0,1605632.0
neu18_pattern_mining,2026-02-08T12:01:00,3,45,9,4,1.0,0.13036568462848663,0.5519008,0.014422439824556932,0.007833429845049977,0.0065890099795069546,0,4,0.0005387940036598593,0.0065890099795069546,0.00024454898084513843,602112.0,75264.0
neu18_pattern_mining,2026-02-08T12:01:01,4,41,9,0,0.984375,0.016317619010806084,11.5705504,0.044889732758747414,0.03567480976926163,0.009214922989485785,0,4,0.0030283879896160215,0.009214922989485785,0.0005390929873101413,12845056.0,1605632.0
neu18_pattern_mining,2026-02-08T12:01:01,4,42,9,1,0.9375,0.2919343113899231,11.5705504,0.009905063663609326,0.005400399677455425,0.004504663986153901,0,4,0.0003593989822547883,0.004504663986153901,0.00018064098549075425,12845056.0,1605632.0
neu18_pattern_mining,2026-02-08T12:01:01,4,43,9,2,1.0,0.0031460034660995007,11.5705504,0.01063429462374188,0.0062164696282707155,0.004417824995471165,0,4,0.0004558839718811214,0.004417824995471165,0.00016576299094595015,12845056.0,1605632.0
neu18_pattern_mining,2026-02-08T12:01:01,4,44,9,3,0.921875,0.1249389573931694,11.5705504,0.009945064957719296,0.0055150099797174335,0.004430054978001863,0,4,0.0003743339912034571,0.004430054978001863,0.00017716700676828623,12845056.0,1605632.0
neu18_pattern_mining,2026-02-08T12:01:01,4,45,9,4,0.3333333333333333,3.2521941661834717,0.5519008,0.010326342133339494,0.005891240143682808,0.004435101989656687,0,4,0.00039844101411290467,0.004435101989656687,0.0001906830002553761,602112.0,75264.0
neu18_pattern_mining,2026-02-08T12:01:03,0,46,10,0,0.984375,0.0336347259581089,11.5705504,0.04971764891524799,0.03567437990568578,0.01404326900956221,0,4,0.002793363993987441,0.01404326900956221,0.0007740739965811372,12845056.0,1605632.0
neu18_pattern_mining,2026-02-08T12:01:03,0,47,10,1,0.953125,0.12836503982543945,11.5705504,0.020483267086092383,0.011057220108341426,0.009426046977750957,0,4,0.0007412240083795041,0.009426046977750957,0.0003644980024546385,12845056.0,1605632.0
neu18_pattern_mining,2026-02-08T12:01:03,0,48,10,2,0.984375,0.08213838934898376,11.5705504,0.018060403846902773,0.00971312983892858,0.008347274007974193,0,4,0.0006392649956978858,0.008347274007974193,0.0003320479881949723,12845056.0,1605632.0
neu18_pattern_mining,2026-02-08T12:01:03,0,49,10,3,0.96875,0.04930295795202255,11.5705504,0.018040532304439694,0.009431380312889814,0.00860915199154988,0,4,0.0006142230122350156,0.00860915199154988,0.0003289150190539658,12845056.0,1605632.0
neu18_pattern_mining,2026-02-08T12:01:03,0,50,10,4,0.75,0.3947833478450775,0.7325344,0.018626488832524046,0.0104245898546651,0.008201898977858946,0,4,0.0007044459925964475,0.008201898977858946,0.0003380129928700626,802816.0,100352.0
neu18_pattern_mining,2026-02-08T12:01:04,1,46,10,0,1.0,0.00620242627337575,11.5705504,0.07865061017218977,0.05864666018169373,0.02000394999049604,0,4,0.005196682002861053,0.02000394999049604,0.0006679840153083205,12845056.0,1605632.0
neu18_pattern_mining,2026-02-08T12:01:04,1,47,10,1,0.921875,0.22600442171096802,11.5705504,0.014494666043901816,0.008228560036513954,0.006266106007387862,0,4,0.0005794249882455915,0.006266106007387862,0.00024343101540580392,12845056.0,1605632.0
neu18_pattern_mining,2026-02-08T12:01:04,1,48,10,2,0.859375,0.703726053237915,11.5705504,0.013802401343127713,0.0072957403608597815,0.006506660982267931,0,4,0.0004814090207219124,0.006506660982267931,0.00024816501536406577,12845056.0,1605632.0
neu18_pattern_mining,2026-02-08T12:01:04,1,49,10,3,0.953125,0.0976872444152832,11.5705504,0.013770509889582172,0.007301399891730398,0.006469109997851774,0,4,0.0004884520021732897,0.006469109997851774,0.00024168798699975014,12845056.0,1605632.0
neu18_pattern_mining,2026-02-08T12:01:04,1,50,10,4,1.0,0.06198916956782341,0.5519008,0.014098998188273981,0.007755870174150914,0.006343128014123067,0,4,0.0005114400119055063,0.006343128014123067,0.00026414700550958514,602112.0,75264.0
neu18_pattern_mining,2026-02-08T12:01:05,2,46,10,0,1.0,0.001942904433235526,11.5705504,0.04636410978855565,0.03541889978805557,0.010945210000500083,0,4,0.002988453983562067,0.010945210000500083,0.0005534359952434897,12845056.0,1605632.0
neu18_pattern_mining,2026-02-08T12:01:05,2,47,10,1,0.9375,0.39026322960853577,11.5705504,0.018349108984693885,0.009885769977699965,0.00846333900699392,0,4,0.0006443059828598052,0.00846333900699392,0.0003442710149101913,12845056.0,1605632.0
neu18_pattern_mining,2026-02-08T12:01:05,2,48,10,2,1.0,0.011528952978551388,11.5705504,0.017666595260379836,0.009255340264644474,0.008411254995735362,0,4,0.0006062280153855681,0.008411254995735362,0.00031930601107887924,12845056.0,1605632.0
neu18_pattern_mining,2026-02-08T12:01:05,2,49,10,3,0.984375,0.0972164198756218,11.5705504,0.017503372102510184,0.009083620097953826,0.008419752004556358,0,4,0.0006013310048729181,0.008419752004556358,0.0003070310049224645,12845056.0,1605632.0
neu18_pattern_mining,2026-02-08T12:01:05,2,50,10,4,1.0,0.11559212952852249,0.5519008,0.016103673813631758,0.008744009828660637,0.007359663984971121,0,4,0.0005770190036855638,0.007359663984971121,0.0002973819791804999,602112.0,75264.0
neu18_pattern_mining,2026-02-08T12:01:05,3,46,10,0,1.0,0.002771372441202402,11.5705504,0.034614433272508904,0.02738243027124554,0.007232003001263365,0,4,0.0023142750142142177,0.007232003001263365,0.00042396801291033626,12845056.0,1605632.0
neu18_pattern_mining,2026-02-08T12:01:05,3,47,10,1,0.875,1.254195213317871,11.5705504,0.015602063154801726,0.008944320143200457,0.006657743011601269,0,4,0.0005851230234839022,0.006657743011601269,0.0003093089908361435,12845056.0,1605632.0
neu18_pattern_mining,2026-02-08T12:01:05,3,48,10,2,0.96875,0.08612780272960663,11.5705504,0.015689731837483123,0.008182739838957787,0.007506991998525336,0,4,0.0005152039811946452,0.007506991998525336,0.0003030700027011335,12845056.0,1605632.0
neu18_pattern_mining,2026-02-08T12:01:06,3,49,10,3,0.96875,0.17710508406162262,11.5705504,0.015704080171417445,0.008150100184138864,0.007553979987278581,0,4,0.0005328770203050226,0.007553979987278581,0.00028213299810886383,12845056.0,1605632.0
neu18_pattern_mining,2026-02-08T12:01:06,3,50,10,4,1.0,0.017390312626957893,0.5519008,0.015881658939179033,0.00886680994881317,0.007014848990365863,0,4,0.0005943049909546971,0.007014848990365863,0.0002923760039266199,602112.0,75264.0
neu18_pattern_mining,2026-02-08T12:01:06,4,46,10,0,1.0,0.012770491652190685,11.5705504,0.0355328333680518,0.028195430350024253,0.007337403018027544,0,4,0.00241510002524592,0.007337403018027544,0.0004044430097565055,12845056.0,1605632.0
neu18_pattern_mining,2026-02-08T12:01:06,4,47,10,1,1.0,0.0027470174245536327,11.5705504,0.015424231794895604,0.008368489798158407,0.007055741996737197,0,4,0.0005366459954530001,0.007055741996737197,0.00030020298436284065,12845056.0,1605632.0
neu18_pattern_mining,2026-02-08T12:01:06,4,48,10,2,0.90625,0.40823960304260254,11.5705504,0.01643121667439118,0.008773239678703249,0.007657976995687932,0,4,0.00057045798166655,0.007657976995687932,0.0003068659862037748,12845056.0,1605632.0
neu18_pattern_mining,2026-02-08T12:01:06,4,49,10,3,0.921875,0.30361372232437134,11.5705504,0.014834324188996106,0.007899250194896013,0.006935073994100094,0,4,0.0005239170277491212,0.006935073994100094,0.00026600799174048007,12845056.0,1605632.0
neu18_pattern_mining,2026-02-08T12:01:06,4,50,10,4,0.3333333333333333,3.90901780128479,0.5519008,0.01590010992367752,0.008542689902242273,0.007357420021435246,0,4,0.0005858039949089289,0.007357420021435246,0.00026846499531529844,602112.0,75264.0
neu18_pattern_mining,2026-02-08T12:01:08,0,51,11,0,0.984375,0.0885220468044281,11.5705504,0.043045067141065374,0.03162508015520871,0.011419986985856667,0,4,0.0025831249949987978,0.011419986985856667,0.0005793830205220729,12845056.0,1605632.0
neu18_pattern_mining,2026-02-08T12:01:08,0,52,11,1,0.984375,0.142881840467453,11.5705504,0.02001240593381226,0.01063531992258504,0.00937708601122722,0,4,0.0007161239918787032,0.00937708601122722,0.0003474080003798008,12845056.0,1605632.0
neu18_pattern_mining,2026-02-08T12:01:08,0,53,11,2,0.984375,0.04427800327539444,11.5705504,0.018045891949441284,0.009643929952289909,0.008401961997151375,0,4,0.0006253230094444007,0.008401961997151375,0.00033906998578459024,12845056.0,1605632.0
neu18_pattern_mining,2026-02-08T12:01:08,0,54,11,3,0.984375,0.08461257815361023,11.5705504,0.017889430979266763,0.009586719970684499,0.008302711008582264,0,4,0.0006241649971343577,0.008302711008582264,0.00033450699993409216,12845056.0,1605632.0
neu18_pattern_mining,2026-02-08T12:01:08,0,55,11,4,1.0,0.05291822552680969,0.7325344,0.011310157948173583,0.006850289937574416,0.004459868010599166,0,4,0.0004806359938811511,0.004459868010599166,0.00020439299987629056,802816.0,100352.0
neu18_pattern_mining,2026-02-08T12:01:09,1,51,11,0,0.984375,0.03196440264582634,11.5705504,0.07183883781544864,0.0534293198143132,0.01840951800113544,0,4,0.004505386983510107,0.01840951800113544,0.0008375449979212135,12845056.0,1605632.0
neu18_pattern_mining,2026-02-08T12:01:09,1,52,11,1,0.90625,0.5336490273475647,11.5705504,0.02036185111501254,0.010963040112983435,0.009398811002029106,0,4,0.0007175480131991208,0.009398811002029106,0.0003787559980992228,12845056.0,1605632.0
neu18_pattern_mining,2026-02-08T12:01:09,1,53,11,2,0.984375,0.03264329582452774,11.5705504,0.020180716237518936,0.010762300225906074,0.009418416011612862,0,4,0.0007079050119500607,0.009418416011612862,0.0003683250106405467,12845056.0,1605632.0
neu18_pattern_mining,2026-02-08T12:01:09,1,54,11,3,1.0,0.005111870355904102,11.5705504,0.019681969890370965,0.010238589893560857,0.009443379996810108,0,4,0.0006716499920003116,0.009443379996810108,0.00035220899735577404,12845056.0,1605632.0
neu18_pattern_mining,2026-02-08T12:01:09,1,55,11,4,1.0,0.11553331464529037,0.5519008,0.01776540611172095,0.00996084010694176,0.00780456600477919,0,4,0.0006535090215038508,0.00780456600477919,0.00034257498919032514,602112.0,75264.0
neu18_pattern_mining,2026-02-08T12:01:10,2,51,11,0,1.0,0.001914965221658349,11.5705504,0.06240009283646941,0.04773047985509038,0.014669612981379032,0,4,0.004093914991244674,0.014669612981379032,0.0006791329942643642,12845056.0,1605632.0
neu18_pattern_mining,2026-02-08T12:01:10,2,52,11,1,0.90625,0.6804890036582947,11.5705504,0.021083285071654245,0.011511610064189881,0.009571675007464364,0,4,0.000752768013626337,0.009571675007464364,0.00039839299279265106,12845056.0,1605632.0
neu18_pattern_mining,2026-02-08T12:01:10,2,53,11,2,0.9375,0.38452088832855225,11.5705504,0.018019991897745058,0.009623139922041446,0.008396851975703612,0,4,0.0006288209988269955,0.008396851975703612,0.0003334929933771491,12845056.0,1605632.0
neu18_pattern_mining,2026-02-08T12:01:10,2,54,11,3,0.953125,0.14223264157772064,11.5705504,0.0177373030455783,0.009323660051450133,0.008413642994128168,0,4,0.0006085310014896095,0.008413642994128168,0.00032383500365540385,12845056.0,1605632.0
neu18_pattern_mining,2026-02-08T12:01:10,2,55,11,4,0.0,3.3722751140594482,0.5519008,0.01793902600184083,0.009703579999040812,0.008235446002800018,0,4,0.0006405760068446398,0.008235446002800018,0.00032978199305944145,602112.0,75264.0
neu18_pattern_mining,2026-02-08T12:01:10,3,51,11,0,0.984375,0.04367243871092796,11.5705504,0.047992917796364054,0.03848951979307458,0.009503398003289476,0,4,0.0032052199821919203,0.009503398003289476,0.0006437319971155375,12845056.0,1605632.0
neu18_pattern_mining,2026-02-08T12:01:10,3,52,11,1,1.0,0.01725311577320099,11.5705504,0.01905555190751329,0.010523879900574684,0.008531672006938607,0,4,0.0006840169953648001,0.008531672006938607,0.0003683709946926683,12845056.0,1605632.0
neu18_pattern_mining,2026-02-08T12:01:11,3,53,11,2,0.90625,0.1677238941192627,11.5705504,0.020084077143110335,0.010591600148472935,0.0094924769946374,0,4,0.0006811160128563643,0.0094924769946374,0.00037804400199092925,12845056.0,1605632.0
neu18_pattern_mining,2026-02-08T12:01:11,3,54,11,3,0.96875,0.06558492034673691,11.5705504,0.019736980058951303,0.01029378006933257,0.009443199989618734,0,4,0.0006739170057699084,0.009443199989618734,0.00035546100116334856,12845056.0,1605632.0
neu18_pattern_mining,2026-02-08T12:01:11,3,55,11,4,1.0,0.13273200392723083,0.5519008,0.019577856815885752,0.010775709815789014,0.008802147000096738,0,4,0.0007321799930650741,0.008802147000096738,0.0003453909885138273,602112.0,75264.0
neu18_pattern_mining,2026-02-08T12:01:11,4,51,11,0,1.0,0.0009075638372451067,11.5705504,0.052094232058152556,0.03864711005007848,0.013447122008074075,0,4,0.0032021389924921095,0.013447122008074075,0.0006625720125157386,12845056.0,1605632.0
neu18_pattern_mining,2026-02-08T12:01:12,4,52,11,1,1.0,0.023603111505508423,11.5705504,0.020445205154828727,0.010868940153159201,0.009576265001669526,0,4,0.0007016060117166489,0.009576265001669526,0.0003852880035992712,12845056.0,1605632.0
neu18_pattern_mining,2026-02-08T12:01:12,4,53,11,2,0.96875,0.17320367693901062,11.5705504,0.01972030894830823,0.010218709940090775,0.009501599008217454,0,4,0.0006680109945591539,0.009501599008217454,0.00035385999944992363,12845056.0,1605632.0
neu18_pattern_mining,2026-02-08T12:01:12,4,54,11,3,1.0,0.002520082052797079,11.5705504,0.01947201826260425,0.010068570263683796,0.009403447998920456,0,4,0.000691334018483758,0.009403447998920456,0.0003155230078846216,12845056.0,1605632.0
neu18_pattern_mining,2026-02-08T12:01:12,4,55,11,4,0.6666666666666666,2.801332712173462,0.5519008,0.01768986982642673,0.009959339804481715,0.007730530021945015,0,4,0.0006571489793714136,0.007730530021945015,0.0003387850010767579,602112.0,75264.0
neu18_pattern_mining,2026-02-08T12:01:13,0,56,12,0,1.0,0.0017076220829039812,11.5705504,0.033070054021663964,0.02485345001332462,0.008216604008339345,0,4,0.002027059003012255,0.008216604008339345,0.000458285998320207,12845056.0,1605632.0
neu18_pattern_mining,2026-02-08T12:01:13,0,57,12,1,0.984375,0.01977357268333435,11.5705504,0.015450212609721348,0.00881749961990863,0.006632712989812717,0,4,0.000577812985284254,0.006632712989812717,0.00030393697670660913,12845056.0,1605632.0
neu18_pattern_mining,2026-02-08T12:01:13,0,58,12,2,0.984375,0.06489695608615875,11.5705504,0.016283693781588227,0.009153839782811701,0.007129853998776525,0,4,0.000598669983446598,0.007129853998776525,0.0003167139948345721,12845056.0,1605632.0
neu18_pattern_mining,2026-02-08T12:01:13,0,59,12,3,0.984375,0.05818306654691696,11.5705504,0.015171242208452895,0.00819132023025304,0.0069799219781998545,0,4,0.0005203000036999583,0.0069799219781998545,0.00029883201932534575,12845056.0,1605632.0
neu18_pattern_mining,2026-02-08T12:01:13,0,60,12,4,0.5,5.158334732055664,0.7325344,0.015027121000457555,0.008634749974589795,0.00639237102586776,0,4,0.0005835400079376996,0.00639237102586776,0.00027993498952127993,802816.0,100352.0
neu18_pattern_mining,2026-02-08T12:01:14,1,56,12,0,1.0,0.016884619370102882,11.5705504,0.0717077890294604,0.05331113003194332,0.01839665899751708,0,4,0.004554120008833706,0.01839665899751708,0.0007769929943606257,12845056.0,1605632.0
neu18_pattern_mining,2026-02-08T12:01:14,1,57,12,1,0.984375,0.03792132809758186,11.5705504,0.02015359720098786,0.010728890192694962,0.009424707008292899,0,4,0.0007011440175119787,0.009424707008292899,0.00037174500175751746,12845056.0,1605632.0
neu18_pattern_mining,2026-02-08T12:01:14,1,58,12,2,0.96875,0.16203327476978302,11.5705504,0.019690950255608186,0.010398670274298638,0.009292279981309548,0,4,0.0007070150168146938,0.009292279981309548,0.00033285201061517,12845056.0,1605632.0
neu18_pattern_mining,2026-02-08T12:01:14,1,59,12,3,0.96875,0.20088690519332886,11.5705504,0.019733896071556956,0.01040739007294178,0.009326505998615175,0,4,0.0006802309944760054,0.009326505998615175,0.0003605080128181726,12845056.0,1605632.0
neu18_pattern_mining,2026-02-08T12:01:14,1,60,12,4,0.3333333333333333,1.0637165307998657,0.5519008,0.017362759012030438,0.00967806001426652,0.007684698997763917,0,4,0.0006413939991034567,0.007684698997763917,0.00032641200232319534,602112.0,75264.0
neu18_pattern_mining,2026-02-08T12:01:15,2,56,12,0,1.0,0.017342519015073776,11.5705504,0.040684974956093356,0.03287789993919432,0.007807075016899034,0,4,0.0028584749961737543,0.007807075016899034,0.00042931499774567783,12845056.0,1605632.0
neu18_pattern_mining,2026-02-08T12:01:15,2,57,12,1,0.9375,0.49384018778800964,11.5705504,0.01285648814518936,0.007308630156330764,0.0055478579888585955,0,4,0.0004694800009019673,0.0055478579888585955,0.00026138301473110914,12845056.0,1605632.0
neu18_pattern_mining,2026-02-08T12:01:15,2,58,12,2,0.96875,0.07907282561063766,11.5705504,0.009761251043528318,0.005297150055412203,0.004464100988116115,0,4,0.00035425901296548545,0.004464100988116115,0.00017545599257573485,12845056.0,1605632.0
neu18_pattern_mining,2026-02-08T12:01:15,2,59,12,3,0.984375,0.03391250967979431,11.5705504,0.010747981898020953,0.005830359878018498,0.0049176220200024545,0,4,0.00039768998976796865,0.0049176220200024545,0.0001853459980338812,12845056.0,1605632.0
neu18_pattern_mining,2026-02-08T12:01:15,2,60,12,4,0.6666666666666666,2.2997705936431885,0.5519008,0.010906536888796836,0.006094439886510372,0.004812097002286464,0,4,0.0004008839896414429,0.004812097002286464,0.00020855999900959432,602112.0,75264.0
neu18_pattern_mining,2026-02-08T12:01:16,3,56,12,0,1.0,0.006745824124664068,11.5705504,0.04267155172419734,0.032857209735084325,0.009814341989113018,0,4,0.0028267469897400588,0.009814341989113018,0.00045897398376837373,12845056.0,1605632.0
neu18_pattern_mining,2026-02-08T12:01:16,3,57,12,1,1.0,0.007189176976680756,11.5705504,0.0138571138959378,0.007391909894067794,0.006465204001870006,0,4,0.00048535800306126475,0.006465204001870006,0.00025383298634551466,12845056.0,1605632.0
neu18_pattern_mining,2026-02-08T12:01:16,3,58,12,2,0.890625,0.9737640023231506,11.5705504,0.012008810183033347,0.006422400183510035,0.005586409999523312,0,4,0.00042120800935663283,0.005586409999523312,0.0002210320089943707,12845056.0,1605632.0
neu18_pattern_mining,2026-02-08T12:01:16,3,59,12,3,0.96875,0.060695063322782516,11.5705504,0.01265861009596847,0.006722710095345974,0.005935900000622496,0,4,0.00043519100290723145,0.005935900000622496,0.00023708000662736595,12845056.0,1605632.0
neu18_pattern_mining,2026-02-08T12:01:16,3,60,12,4,1.0,0.026404237374663353,0.5519008,0.013026970234932378,0.007449280237779021,0.005577689997153357,0,4,0.0005018300144001842,0.005577689997153357,0.00024309800937771797,602112.0,75264.0
neu18_pattern_mining,2026-02-08T12:01:17,4,56,12,0,1.0,0.0015539949527010322,11.5705504,0.0407456842076499,0.033540330186951905,0.007205354020697996,0,4,0.0029274480184540153,0.007205354020697996,0.0004265850002411753,12845056.0,1605632.0
neu18_pattern_mining,2026-02-08T12:01:17,4,57,12,1,1.0,0.00047678203554823995,11.5705504,0.01262285522534512,0.007435880252160132,0.005186974973184988,0,4,0.0005071200139354914,0.005186974973184988,0.00023646801128052175,12845056.0,1605632.0
neu18_pattern_mining,2026-02-08T12:01:17,4,58,12,2,0.96875,0.08293285965919495,11.5705504,0.012465844745747745,0.006861369765829295,0.00560447497991845,0,4,0.0004690089845098555,0.00560447497991845,0.00021712799207307398,12845056.0,1605632.0
neu18_pattern_mining,2026-02-08T12:01:17,4,59,12,3,0.984375,0.025492552667856216,11.5705504,0.014543144148774445,0.007633450150024146,0.006909693998750299,0,4,0.0004999360244255513,0.006909693998750299,0.0002634089905768633,12845056.0,1605632.0
neu18_pattern_mining,2026-02-08T12:01:17,4,60,12,4,1.0,0.3256283402442932,0.5519008,0.01579131485777907,0.008405789849348366,0.0073855250084307045,0,4,0.0005639139853883535,0.0073855250084307045,0.00027666499954648316,602112.0,75264.0
neu18_pattern_mining,2026-02-08T12:01:18,0,61,13,0,1.0,0.009762928821146488,11.5705504,0.03231444986886345,0.0221688998863101,0.010145549982553348,0,4,0.0016786110063549131,0.010145549982553348,0.0005382789822760969,12845056.0,1605632.0
neu18_pattern_mining,2026-02-08T12:01:18,0,62,13,1,0.90625,0.7487128376960754,11.5705504,0.016379534848965704,0.009295019845012575,0.007084515003953129,0,4,0.0005949139886070043,0.007084515003953129,0.00033458799589425325,12845056.0,1605632.0
neu18_pattern_mining,2026-02-08T12:01:18,0,63,13,2,1.0,0.004399934317916632,11.5705504,0.012773396214470267,0.006813570216763765,0.005959825997706503,0,4,0.0004520330112427473,0.005959825997706503,0.00022932401043362916,12845056.0,1605632.0
neu18_pattern_mining,2026-02-08T12:01:18,0,64,13,3,1.0,0.009104332886636257,11.5705504,0.011043017060728744,0.00589778006542474,0.005145236995304003,0,4,0.0003914900007657707,0.005145236995304003,0.00019828800577670336,12845056.0,1605632.0
neu18_pattern_mining,2026-02-08T12:01:18,0,65,13,4,0.0,5.911703109741211,0.7325344,0.0112242080795113,0.006229880091268569,0.0049943279882427305,0,4,0.00043230599840171635,0.0049943279882427305,0.00019068201072514057,802816.0,100352.0
neu18_pattern_mining,2026-02-08T12:01:19,1,61,13,0,1.0,0.0003191954456269741,11.5705504,0.0647787967172917,0.046463069738820195,0.018315726978471503,0,4,0.003694522980367765,0.018315726978471503,0.0009517839935142547,12845056.0,1605632.0
neu18_pattern_mining,2026-02-08T12:01:19,1,62,13,1,0.953125,0.06887860596179962,11.5705504,0.020382941962452605,0.010956439946312457,0.009426502016140148,0,4,0.0007320930017158389,0.009426502016140148,0.0003635509929154068,12845056.0,1605632.0
neu18_pattern_mining,2026-02-08T12:01:19,1,63,13,2,0.984375,0.026291802525520325,11.5705504,0.014902794966474175,0.007983859977684915,0.00691893498878926,0,4,0.0005231020040810108,0.00691893498878926,0.0002752839936874807,12845056.0,1605632.0
neu18_pattern_mining,2026-02-08T12:01:19,1,64,13,3,0.953125,0.07094696164131165,11.5705504,0.013513478799723089,0.007158609805628657,0.006354868994094431,0,4,0.00046174798626452684,0.006354868994094431,0.0002541129942983389,12845056.0,1605632.0
neu18_pattern_mining,2026-02-08T12:01:19,1,65,13,4,0.3333333333333333,5.157536029815674,0.5519008,0.012215331458719447,0.006548770470544696,0.005666560988174751,0,4,0.00043067202204838395,0.005666560988174751,0.00022420502500608563,602112.0,75264.0
neu18_pattern_mining,2026-02-08T12:01:20,2,61,13,0,1.0,0.000857404200360179,11.5705504,0.04298254699097015,0.03521147998981178,0.007771067001158372,0,4,0.0030916179821360856,0.007771067001158372,0.0004295300168450922,12845056.0,1605632.0
neu18_pattern_mining,2026-02-08T12:01:20,2,62,13,1,0.984375,0.019958876073360443,11.5705504,0.013003448257222772,0.007385760254692286,0.005617688002530485,0,4,0.000491095008328557,0.005617688002530485,0.0002474810171406716,12845056.0,1605632.0
neu18_pattern_mining,2026-02-08T12:01:20,2,63,13,2,1.0,0.004285813309252262,11.5705504,0.009562539140461013,0.00512207014253363,0.004440468997927383,0,4,0.0003392549988348037,0.004440468997927383,0.0001729520154185593,12845056.0,1605632.0
neu18_pattern_mining,2026-02-08T12:01:20,2,64,13,3,0.96875,0.043382059782743454,11.5705504,0.008454088965663686,0.004461579956114292,0.003992509009549394,0,4,0.00029195399838499725,0.003992509009549394,0.00015420399722643197,12845056.0,1605632.0
neu18_pattern_mining,2026-02-08T12:01:20,2,65,13,4,0.6666666666666666,1.5800930261611938,0.5519008,0.009674818953499198,0.005234669952187687,0.004440149001311511,0,4,0.0003396889951545745,0.004440149001311511,0.0001837780000641942,602112.0,75264.0
neu18_pattern_mining,2026-02-08T12:01:21,3,61,13,0,1.0,0.0028682586271315813,11.5705504,0.04227902920683846,0.03476797020994127,0.007511058996897191,0,4,0.003009003004990518,0.007511058996897191,0.0004677940160036087,12845056.0,1605632.0
neu18_pattern_mining,2026-02-08T12:01:21,3,62,13,1,0.96875,0.06366287171840668,11.5705504,0.012787507992470637,0.006774200010113418,0.006013307982357219,0,4,0.0004109020228497684,0.006013307982357219,0.0002665179781615734,12845056.0,1605632.0
neu18_pattern_mining,2026-02-08T12:01:21,3,63,13,2,0.921875,0.21581748127937317,11.5705504,0.01204868478816934,0.0064495697733946145,0.005599115014774725,0,4,0.0004305969923734665,0.005599115014774725,0.00021435998496599495,12845056.0,1605632.0
neu18_pattern_mining,2026-02-08T12:01:21,3,64,13,3,0.984375,0.038914699107408524,11.5705504,0.012463023682357743,0.006593709695152938,0.005869313987204805,0,4,0.000431904976721853,0.005869313987204805,0.00022746599279344082,12845056.0,1605632.0
neu18_pattern_mining,2026-02-08T12:01:21,3,65,13,4,0.6666666666666666,1.4314308166503906,0.5519008,0.013174985855584964,0.007144009869080037,0.006030975986504927,0,4,0.0004698589909821749,0.006030975986504927,0.0002445419959258288,602112.0,75264.0
neu18_pattern_mining,2026-02-08T12:01:22,4,61,13,0,1.0,0.0003056590794585645,11.5705504,0.05324134978582151,0.042340819782111794,0.010900530003709719,0,4,0.0035992159973829985,0.010900530003709719,0.0006348659808281809,12845056.0,1605632.0
neu18_pattern_mining,2026-02-08T12:01:22,4,62,13,1,0.921875,0.40736788511276245,11.5705504,0.012129772861953825,0.006499819864984602,0.005629952996969223,0,4,0.0004214729997329414,0.005629952996969223,0.00022850898676551878,12845056.0,1605632.0
neu18_pattern_mining,2026-02-08T12:01:22,4,63,13,2,0.953125,0.22185951471328735,11.5705504,0.012415333156241104,0.006459040159825236,0.005956292996415868,0,4,0.00041875301394611597,0.005956292996415868,0.0002271510020364076,12845056.0,1605632.0
neu18_pattern_mining,2026-02-08T12:01:22,4,64,13,3,1.0,0.009888802655041218,11.5705504,0.013747019140282646,0.007315940165426582,0.006431078974856064,0,4,0.00047544800327159464,0.006431078974856064,0.00025614601327106357,12845056.0,1605632.0
neu18_pattern_mining,2026-02-08T12:01:22,4,65,13,4,0.6666666666666666,0.8268487453460693,0.5519008,0.014591238053981215,0.007790990057401359,0.006800247996579856,0,4,0.0005152600060682744,0.006800247996579856,0.00026383899967186153,602112.0,75264.0
neu18_pattern_mining,2026-02-08T12:01:23,0,66,14,0,1.0,0.0006907671340741217,11.5705504,0.043421502981800586,0.03025915997568518,0.013162343006115407,0,4,0.0024496949918102473,0.013162343006115407,0.0005762210057582706,12845056.0,1605632.0
neu18_pattern_mining,2026-02-08T12:01:23,0,67,14,1,1.0,0.0001343672047369182,11.5705504,0.017356064839987084,0.009607689862605184,0.0077483749773819,0,4,0.0006398549885489047,0.0077483749773819,0.0003209139977116138,12845056.0,1605632.0
neu18_pattern_mining,2026-02-08T12:01:23,0,68,14,2,0.984375,0.02700732834637165,11.5705504,0.01809828612022102,0.009683470125310123,0.008414815994910896,0,4,0.0006286690186243504,0.008414815994910896,0.00033967799390666187,12845056.0,1605632.0
neu18_pattern_mining,2026-02-08T12:01:23,0,69,14,3,0.96875,0.11343154311180115,11.5705504,0.017844358808360994,0.009495419799350202,0.008348939009010792,0,4,0.0006139949837233871,0.008348939009010792,0.0003355469962116331,12845056.0,1605632.0
neu18_pattern_mining,2026-02-08T12:01:23,0,70,14,4,1.0,0.07975750416517258,0.7325344,0.017752712941728532,0.009668809943832457,0.008083902997896075,0,4,0.0006656089972238988,0.008083902997896075,0.00030127199715934694,802816.0,100352.0
neu18_pattern_mining,2026-02-08T12:01:24,1,66,14,0,1.0,0.002961362712085247,11.5705504,0.05245241103693843,0.04122251004446298,0.01122990099247545,0,4,0.003530270012561232,0.01122990099247545,0.000591980991885066,12845056.0,1605632.0
neu18_pattern_mining,2026-02-08T12:01:24,1,67,14,1,0.984375,0.17911984026432037,11.5705504,0.015073551970999688,0.008075259975157678,0.00699829199584201,0,4,0.0005281210178509355,0.00699829199584201,0.00027940497966483235,12845056.0,1605632.0
neu18_pattern_mining,2026-02-08T12:01:24,1,68,14,2,1.0,0.00029393722070381045,11.5705504,0.01743498200085014,0.009151679987553507,0.008283302013296634,0,4,0.0006251080194488168,0.008283302013296634,0.00029005997930653393,12845056.0,1605632.0
neu18_pattern_mining,2026-02-08T12:01:24,1,69,14,3,0.96875,0.20933398604393005,11.5705504,0.01620169702800922,0.008605390030425042,0.007596306997584179,0,4,0.0005688630044460297,0.007596306997584179,0.00029167599859647453,12845056.0,1605632.0
neu18_pattern_mining,2026-02-08T12:01:24,1,70,14,4,1.0,0.014482277445495129,0.5519008,0.01643989677540958,0.009037809795700014,0.007402086979709566,0,4,0.0005902370030526072,0.007402086979709566,0.0003135439765173942,602112.0,75264.0
neu18_pattern_mining,2026-02-08T12:01:25,2,66,14,0,1.0,0.00027348316507413983,11.5705504,0.03447434719419107,0.02663670020410791,0.007837646990083158,0,4,0.002218444016762078,0.007837646990083158,0.00044522600364871323,12845056.0,1605632.0
neu18_pattern_mining,2026-02-08T12:01:25,2,67,14,1,1.0,0.0002258494932902977,11.5705504,0.01136773408506997,0.0064744200790300965,0.004893314006039873,0,4,0.00042727901018224657,0.004893314006039873,0.0002201629977207631,12845056.0,1605632.0
neu18_pattern_mining,2026-02-08T12:01:25,2,68,14,2,0.953125,0.16774073243141174,11.5705504,0.01418770817690529,0.007649960170965642,0.0065377480059396476,0,4,0.000491245009470731,0.0065377480059396476,0.00027375100762583315,12845056.0,1605632.0
neu18_pattern_mining,2026-02-08T12:01:25,2,69,14,3,1.0,0.000206787561182864,11.5705504,0.013854702876415104,0.007439279870595783,0.006415423005819321,0,4,0.0004897599865216762,0.006415423005819321,0.0002541680005379021,12845056.0,1605632.0
neu18_pattern_mining,2026-02-08T12:01:25,2,70,14,4,0.6666666666666666,2.118974447250366,0.5519008,0.014368049975018948,0.007779849984217435,0.006588199990801513,0,4,0.0005011920002289116,0.006588199990801513,0.0002767929981928319,602112.0,75264.0
neu18_pattern_mining,2026-02-08T12:01:26,3,66,14,0,1.0,0.002270809840410948,11.5705504,0.044643502100370824,0.03559433011105284,0.009049171989317983,0,4,0.003066773002501577,0.009049171989317983,0.000492660008603707,12845056.0,1605632.0
neu18_pattern_mining,2026-02-08T12:01:26,3,67,14,1,0.984375,0.04130423441529274,11.5705504,0.019611505907960236,0.010854759893845767,0.00875674601411447,0,4,0.0007203260029200464,0.00875674601411447,0.00036514998646453023,12845056.0,1605632.0
neu18_pattern_mining,2026-02-08T12:01:26,3,68,14,2,1.0,0.02342575415968895,11.5705504,0.01846782592474483,0.010013729915954173,0.008454096008790657,0,4,0.000668246007990092,0.008454096008790657,0.0003331269836053252,12845056.0,1605632.0
neu18_pattern_mining,2026-02-08T12:01:26,3,69,14,3,1.0,0.012375610880553722,11.5705504,0.01718939217971638,0.009524320194032043,0.007665071985684335,0,4,0.000602968008024618,0.007665071985684335,0.0003494640113785863,12845056.0,1605632.0
neu18_pattern_mining,2026-02-08T12:01:26,3,70,14,4,1.0,0.0015911500668153167,0.5519008,0.01790438307216391,0.010281410068273544,0.007622973003890365,0,4,0.0006741050165146589,0.007622973003890365,0.0003540359903126955,602112.0,75264.0
neu18_pattern_mining,2026-02-08T12:01:27,4,66,14,0,1.0,0.016741111874580383,11.5705504,0.03806027912651189,0.03038354014279321,0.007676738983718678,0,4,0.0026025910046882927,0.007676738983718678,0.0004357630095910281,12845056.0,1605632.0
neu18_pattern_mining,2026-02-08T12:01:27,4,67,14,1,1.0,0.007532219868153334,11.5705504,0.0171686201938428,0.009994660213124007,0.0071739599807187915,0,4,0.0006686290143989027,0.0071739599807187915,0.00033083700691349804,12845056.0,1605632.0
neu18_pattern_mining,2026-02-08T12:01:27,4,68,14,2,0.921875,0.5641059875488281,11.5705504,0.01475958587252535,0.007717869884800166,0.007041715987725183,0,4,0.0005095219821669161,0.007041715987725183,0.00026226500631310046,12845056.0,1605632.0
neu18_pattern_mining,2026-02-08T12:01:27,4,69,14,3,1.0,0.009118987247347832,11.5705504,0.012731102324323729,0.0067163503263145685,0.00601475199800916,0,4,0.00044188302126713097,0.00601475199800916,0.00022975201136432588,12845056.0,1605632.0
neu18_pattern_mining,2026-02-08T12:01:27,4,70,14,4,0.0,5.784942626953125,0.5519008,0.01315343810711056,0.007392280094791204,0.005761158012319356,0,4,0.0005056590016465634,0.005761158012319356,0.00023356900783255696,602112.0,75264.0
neu18_pattern_mining,2026-02-08T12:01:28,0,71,15,0,1.0,0.00019779149442911148,11.5705504,0.05426527306553908,0.03993624006398022,0.014329033001558855,0,4,0.003294333000667393,0.014329033001558855,0.000699291005730629,12845056.0,1605632.0
neu18_pattern_mining,2026-02-08T12:01:28,0,72,15,1,1.0,0.001519787241704762,11.5705504,0.018380341090960428,0.010564780095592141,0.007815560995368287,0,4,0.0006980290054343641,0.007815560995368287,0.00035844900412485003,12845056.0,1605632.0
neu18_pattern_mining,2026-02-08T12:01:28,0,73,15,2,1.0,0.00019489417900331318,11.5705504,0.017995031113969162,0.010235260124318302,0.00775977098965086,0,4,0.0006909090152475983,0.00775977098965086,0.0003326169971842319,12845056.0,1605632.0
neu18_pattern_mining,2026-02-08T12:01:28,0,74,15,3,1.0,0.0009089640225283802,11.5705504,0.014953360776416957,0.007988439756445587,0.006964921019971371,0,4,0.000515155988978222,0.006964921019971371,0.00028368798666633666,12845056.0,1605632.0
neu18_pattern_mining,2026-02-08T12:01:28,0,75,15,4,0.5,2.3510079383850098,0.7325344,0.01433629498933442,0.008285189978778362,0.006051105010556057,0,4,0.0005692130071111023,0.006051105010556057,0.0002593059907667339,802816.0,100352.0
neu18_pattern_mining,2026-02-08T12:01:29,1,71,15,0,1.0,3.953679697588086e-05,11.5705504,0.04405099301948212,0.0360626500332728,0.007988342986209318,0,4,0.0031467649969272316,0.007988342986209318,0.00045950000640004873,12845056.0,1605632.0
neu18_pattern_mining,2026-02-08T12:01:29,1,72,15,1,1.0,0.0006614984013140202,11.5705504,0.018929329904494807,0.010541059891693294,0.008388270012801513,0,4,0.0007275170064531267,0.008388270012801513,0.00032658898271620274,12845056.0,1605632.0
neu18_pattern_mining,2026-02-08T12:01:29,1,73,15,2,0.984375,0.1037355288863182,11.5705504,0.015146723162615672,0.008137370168697089,0.007009352993918583,0,4,0.0005424630071502179,0.007009352993918583,0.000271274009719491,12845056.0,1605632.0
neu18_pattern_mining,2026-02-08T12:01:29,1,74,15,3,0.953125,0.08694121241569519,11.5705504,0.015119672927539796,0.008160799916367978,0.006958873011171818,0,4,0.0005493540083989501,0.006958873011171818,0.0002667259832378477,12845056.0,1605632.0
neu18_pattern_mining,2026-02-08T12:01:29,1,75,15,4,0.0,4.744845867156982,0.5519008,0.016101306857308373,0.009200839849654585,0.006900467007653788,0,4,0.0006209279817994684,0.006900467007653788,0.0002991560031659901,602112.0,75264.0
neu18_pattern_mining,2026-02-08T12:01:30,2,71,15,0,1.0,0.0007435566512867808,11.5705504,0.054101483983686194,0.043813980009872466,0.010287503973813727,0,4,0.003812417999142781,0.010287503973813727,0.0005689800018444657,12845056.0,1605632.0
neu18_pattern_mining,2026-02-08T12:01:30,2,72,15,1,1.0,0.004328569397330284,11.5705504,0.015593214018736035,0.00891014002263546,0.006683073996100575,0,4,0.0006062210013624281,0.006683073996100575,0.0002847930009011179,12845056.0,1605632.0
neu18_pattern_mining,2026-02-08T12:01:30,2,73,15,2,0.96875,0.06472702324390411,11.5705504,0.014011198712978512,0.0075179897248744965,0.006493208988104016,0,4,0.0005054859793744981,0.006493208988104016,0.0002463129931129515,12845056.0,1605632.0
neu18_pattern_mining,2026-02-08T12:01:30,2,74,15,3,0.984375,0.07363361120223999,11.5705504,0.013669562176801264,0.007256730168592185,0.0064128320082090795,0,4,0.00048107700422406197,0.0064128320082090795,0.0002445960126351565,12845056.0,1605632.0
neu18_pattern_mining,2026-02-08T12:01:30,2,75,15,4,0.6666666666666666,0.6124413013458252,0.5519008,0.016081863053841516,0.009470070071984082,0.006611792981857434,0,4,0.0006893490208312869,0.006611792981857434,0.00025765798636712134,602112.0,75264.0
neu18_pattern_mining,2026-02-08T12:01:31,3,71,15,0,1.0,0.00010381479660281911,11.5705504,0.038920276827411726,0.03130409982986748,0.007616176997544244,0,4,0.002680515986867249,0.007616176997544244,0.0004498939961194992,12845056.0,1605632.0
neu18_pattern_mining,2026-02-08T12:01:31,3,72,15,1,1.0,0.00018479616846889257,11.5705504,0.017585585039341822,0.010331090015824884,0.007254495023516938,0,4,0.0007032650173641741,0.007254495023516938,0.0003298439842183143,12845056.0,1605632.0
neu18_pattern_mining,2026-02-08T12:01:31,3,73,15,2,1.0,0.0015776059590280056,11.5705504,0.014637842134106904,0.0081259201397188,0.0065119219943881035,0,4,0.0005396399938035756,0.0065119219943881035,0.00027295202016830444,12845056.0,1605632.0
neu18_pattern_mining,2026-02-08T12:01:31,3,74,15,3,0.96875,0.14828398823738098,11.5705504,0.013307470740983263,0.00731608975911513,0.005991380981868133,0,4,0.00048181499005295336,0.005991380981868133,0.0002497939858585596,12845056.0,1605632.0
neu18_pattern_mining,2026-02-08T12:01:31,3,75,15,4,1.0,0.018604358658194542,0.5519008,0.01292387320427224,0.007290530193131417,0.005633343011140823,0,4,0.0004719640128314495,0.005633343011140823,0.0002570890064816922,602112.0,75264.0
neu18_pattern_mining,2026-02-08T12:01:32,4,71,15,0,1.0,0.000139055511681363,11.5705504,0.042001847992651165,0.03212859999621287,0.009873247996438295,0,4,0.002738996990956366,0.009873247996438295,0.0004738630086649209,12845056.0,1605632.0
neu18_pattern_mining,2026-02-08T12:01:32,4,72,15,1,1.0,0.001319174189120531,11.5705504,0.012313401995925233,0.006589510012418032,0.005723891983507201,0,4,0.0004232070059515536,0.005723891983507201,0.00023574399529024959,12845056.0,1605632.0
neu18_pattern_mining,2026-02-08T12:01:32,4,73,15,2,0.96875,0.17453856766223907,11.5705504,0.013789286749670282,0.007299579738173634,0.006489707011496648,0,4,0.0004971789894625545,0.006489707011496648,0.00023277898435480893,12845056.0,1605632.0
neu18_pattern_mining,2026-02-08T12:01:32,4,74,15,3,0.953125,0.08206447958946228,11.5705504,0.012106903974199668,0.00657477998174727,0.005532123992452398,0,4,0.00044654999510385096,0.005532123992452398,0.000210928003070876,12845056.0,1605632.0
neu18_pattern_mining,2026-02-08T12:01:32,4,75,15,4,0.3333333333333333,2.595550060272217,0.5519008,0.012572009873110801,0.007117099885363132,0.005454909987747669,0,4,0.00047885399544611573,0.005454909987747669,0.00023285599309019744,602112.0,75264.0
neu18_pattern_mining,2026-02-08T12:01:33,0,76,16,0,0.984375,0.0531664714217186,11.5705504,0.03935655194800347,0.02642712992383167,0.0129294220241718,0,4,0.002198247006163001,0.0129294220241718,0.0004444659862201661,12845056.0,1605632.0
neu18_pattern_mining,2026-02-08T12:01:33,0,77,16,1,0.953125,0.14147187769412994,11.5705504,0.009987555036786944,0.006147490057628602,0.003840064979158342,0,4,0.00041630500345490873,0.003840064979158342,0.00019844400230795145,12845056.0,1605632.0
neu18_pattern_mining,2026-02-08T12:01:33,0,78,16,2,1.0,0.0009902724996209145,11.5705504,0.01114751782733947,0.0061837598332203925,0.004963757994119078,0,4,0.0004103159881196916,0.004963757994119078,0.00020805999520234764,12845056.0,1605632.0
neu18_pattern_mining,2026-02-08T12:01:33,0,79,16,3,0.953125,0.07565707713365555,11.5705504,0.0096222709689755,0.005139849963597953,0.004482421005377546,0,4,0.00033519999124109745,0.004482421005377546,0.00017878500511869788,12845056.0,1605632.0
neu18_pattern_mining,2026-02-08T12:01:33,0,80,16,4,0.25,2.422325849533081,0.7325344,0.010214238980552182,0.005438759981188923,0.0047754789993632585,0,4,0.00037050899118185043,0.0047754789993632585,0.00017336700693704188,802816.0,100352.0
neu18_pattern_mining,2026-02-08T12:01:34,1,76,16,0,1.0,0.0001418624015059322,11.5705504,0.03622288105543703,0.02878141007386148,0.007441470981575549,0,4,0.0024234289885498583,0.007441470981575549,0.00045471201883628964,12845056.0,1605632.0
neu18_pattern_mining,2026-02-08T12:01:34,1,77,16,1,0.984375,0.048744358122348785,11.5705504,0.011407078913180158,0.006176579918246716,0.005230498994933441,0,4,0.000409147993195802,0.005230498994933441,0.00020850999862886965,12845056.0,1605632.0
neu18_pattern_mining,2026-02-08T12:01:34,1,78,16,2,1.0,0.0052810609340667725,11.5705504,0.011646026046946645,0.006102210027165711,0.005543816019780934,0,4,0.0004091279988642782,0.005543816019780934,0.0002010930038522929,12845056.0,1605632.0
neu18_pattern_mining,2026-02-08T12:01:34,1,79,16,3,0.984375,0.10417457669973373,11.5705504,0.012426722794771194,0.006587279785890132,0.005839443008881062,0,4,0.0004466789832804352,0.005839443008881062,0.00021204899530857801,12845056.0,1605632.0
neu18_pattern_mining,2026-02-08T12:01:34,1,80,16,4,0.3333333333333333,3.095867156982422,0.5519008,0.013214747974416241,0.007153729966375977,0.006061018008040264,0,4,0.0004880920168943703,0.006061018008040264,0.00022728097974322736,602112.0,75264.0
neu18_pattern_mining,2026-02-08T12:01:35,2,76,16,0,1.0,8.154474926413968e-05,11.5705504,0.04350861793500371,0.03561310993973166,0.007895507995272055,0,4,0.0031190240115392953,0.007895507995272055,0.00044228698243387043,12845056.0,1605632.0
neu18_pattern_mining,2026-02-08T12:01:35,2,77,16,1,1.0,0.0002107276814058423,11.5705504,0.016819700045743957,0.009626380051486194,0.007193319994257763,0,4,0.0006649860006291419,0.007193319994257763,0.0002976520045194775,12845056.0,1605632.0
neu18_pattern_mining,2026-02-08T12:01:35,2,78,16,2,1.0,0.0027026901952922344,11.5705504,0.015005359891802073,0.008050889882724732,0.00695447000907734,0,4,0.0005358509952202439,0.00695447000907734,0.0002692379930522293,12845056.0,1605632.0
neu18_pattern_mining,2026-02-08T12:01:35,2,79,16,3,1.0,0.014200386591255665,11.5705504,0.01573769372771494,0.008213439723476768,0.007524254004238173,0,4,0.0005559869750868529,0.007524254004238173,0.00026535699726082385,12845056.0,1605632.0
neu18_pattern_mining,2026-02-08T12:01:35,2,80,16,4,1.0,0.06424470990896225,0.5519008,0.016279080882668495,0.009243199892807752,0.007035880989860743,0,4,0.0006157479947432876,0.007035880989860743,0.0003085719945374876,602112.0,75264.0
neu18_pattern_mining,2026-02-08T12:01:36,3,76,16,0,1.0,6.576722080353647e-05,11.5705504,0.0671037350257393,0.05053000000771135,0.016573735018027946,0,4,0.0042519510025158525,0.016573735018027946,0.0008010489982552826,12845056.0,1605632.0
neu18_pattern_mining,2026-02-08T12:01:36,3,77,16,1,1.0,0.00015585479559376836,11.5705504,0.022532060189405456,0.01280665019294247,0.009725409996462986,0,4,0.0008586250187363476,0.009725409996462986,0.0004220400005578995,12845056.0,1605632.0
neu18_pattern_mining,2026-02-08T12:01:36,3,78,16,2,1.0,0.007352931424975395,11.5705504,0.021960955811664462,0.012262039817869663,0.009698915993794799,0,4,0.0008091889903880656,0.009698915993794799,0.00041701499139890075,12845056.0,1605632.0
neu18_pattern_mining,2026-02-08T12:01:36,3,79,16,3,0.953125,0.15148679912090302,11.5705504,0.020600957999704406,0.011085389996878803,0.009515568002825603,0,4,0.0007137790089473128,0.009515568002825603,0.00039475999074056745,12845056.0,1605632.0
neu18_pattern_mining,2026-02-08T12:01:36,3,80,16,4,0.0,3.6496219635009766,0.5519008,0.01772400882327929,0.009877749835141003,0.007846258988138288,0,4,0.0006566789816133678,0.007846258988138288,0.0003310960019007325,602112.0,75264.0
neu18_pattern_mining,2026-02-08T12:01:37,4,76,16,0,0.984375,0.012872027233242989,11.5705504,0.04828477033879608,0.03702379035530612,0.01126097998348996,0,4,0.0031294060172513127,0.01126097998348996,0.0005729730182792991,12845056.0,1605632.0
neu18_pattern_mining,2026-02-08T12:01:37,4,77,16,1,1.0,0.017033930867910385,11.5705504,0.02078280274872668,0.011474639759398997,0.009308162989327684,0,4,0.0007684979937039316,0.009308162989327684,0.0003789659822359681,12845056.0,1605632.0
neu18_pattern_mining,2026-02-08T12:01:37,4,78,16,2,0.96875,0.1157807856798172,11.5705504,0.018174098833696917,0.009789489849936217,0.0083846089837607,0,4,0.0006393289950210601,0.0083846089837607,0.0003396199899725616,12845056.0,1605632.0
neu18_pattern_mining,2026-02-08T12:01:37,4,79,16,3,1.0,0.006041232496500015,11.5705504,0.019542144786100835,0.011018889781553298,0.008523255004547536,0,4,0.0007256259850692004,0.008523255004547536,0.0003762629930861294,12845056.0,1605632.0
neu18_pattern_mining,2026-02-08T12:01:37,4,80,16,4,0.0,5.274505138397217,0.5519008,0.017816107225371525,0.010632510238792747,0.007183596986578777,0,4,0.0006996100128162652,0.007183596986578777,0.0003636410110630095,602112.0,75264.0
neu18_pattern_mining,2026-02-08T12:01:38,0,81,17,0,1.0,0.0007331718225032091,11.5705504,0.03744888579240069,0.02756560978014022,0.009883276012260467,0,4,0.002272137993713841,0.009883276012260467,0.00048442298430018127,12845056.0,1605632.0
neu18_pattern_mining,2026-02-08T12:01:38,0,82,17,1,0.984375,0.017744481563568115,11.5705504,0.01724146690685302,0.008964579901657999,0.008276887005195022,0,4,0.0005903239944018424,0.008276887005195022,0.0003061339957639575,12845056.0,1605632.0
neu18_pattern_mining,2026-02-08T12:01:38,0,83,17,2,1.0,0.0005139126442372799,11.5705504,0.014437207137234509,0.008388390124309808,0.006048817012924701,0,4,0.0005820730002596974,0.006048817012924701,0.00025676601217128336,12845056.0,1605632.0
neu18_pattern_mining,2026-02-08T12:01:38,0,84,17,3,0.9375,0.3746227025985718,11.5705504,0.01284673812915571,0.0072538701351732016,0.005592867993982509,0,4,0.0005115650128573179,0.005592867993982509,0.00021382200066000223,12845056.0,1605632.0
neu18_pattern_mining,2026-02-08T12:01:38,0,85,17,4,0.25,6.232032299041748,0.7325344,0.010675411962438375,0.006000419962219894,0.004674992000218481,0,4,0.00041264499304816127,0.004674992000218481,0.00018739700317382812,802816.0,100352.0
neu18_pattern_mining,2026-02-08T12:01:39,1,81,17,0,1.0,0.008833826519548893,11.5705504,0.036908551963279024,0.029400649946182966,0.0075079020170960575,0,4,0.0025103109946940094,0.0075079020170960575,0.0004297539999242872,12845056.0,1605632.0
neu18_pattern_mining,2026-02-08T12:01:39,1,82,17,1,1.0,0.0004261230933479965,11.5705504,0.00838274892885238,0.0047981899115256965,0.003584559017326683,0,4,0.00030659500043839216,0.003584559017326683,0.0001732239907141775,12845056.0,1605632.0
neu18_pattern_mining,2026-02-08T12:01:39,1,83,17,2,0.9375,0.4233204126358032,11.5705504,0.014949796721339226,0.008407439745496958,0.006542356975842267,0,4,0.0005512909847311676,0.006542356975842267,0.0002894529898185283,12845056.0,1605632.0
neu18_pattern_mining,2026-02-08T12:01:39,1,84,17,3,1.0,0.0006092831608839333,11.5705504,0.012506857136031613,0.00685205013724044,0.005654806998791173,0,4,0.00043520500184968114,0.005654806998791173,0.0002500000118743628,12845056.0,1605632.0
neu18_pattern_mining,2026-02-08T12:01:39,1,85,17,4,1.0,0.10555753856897354,0.5519008,0.012311230733757839,0.006751429755240679,0.00555980097851716,0,4,0.00043221298255957663,0.00555980097851716,0.00024292999296449125,602112.0,75264.0
neu18_pattern_mining,2026-02-08T12:01:40,2,81,17,0,1.0,4.258829721948132e-05,11.5705504,0.05830222991062328,0.044638919935096055,0.013663309975527227,0,4,0.003610307991039008,0.013663309975527227,0.0008535840024705976,12845056.0,1605632.0
neu18_pattern_mining,2026-02-08T12:01:40,2,82,17,1,1.0,0.002890464384108782,11.5705504,0.02030195135739632,0.010739910358097404,0.009562040999298915,0,4,0.0007069760176818818,0.009562040999298915,0.00036701501812785864,12845056.0,1605632.0
neu18_pattern_mining,2026-02-08T12:01:40,2,83,17,2,0.984375,0.09621045738458633,11.5705504,0.01951503090094775,0.010126479901373386,0.009388550999574363,0,4,0.0006888429925311357,0.009388550999574363,0.00032380499760620296,12845056.0,1605632.0
neu18_pattern_mining,2026-02-08T12:01:40,2,84,17,3,1.0,0.012687472626566887,11.5705504,0.019411833985941485,0.010021339985542,0.009390494000399485,0,4,0.0006842580041848123,0.009390494000399485,0.0003178759943693876,12845056.0,1605632.0
neu18_pattern_mining,2026-02-08T12:01:40,2,85,17,4,0.6666666666666666,0.9920411109924316,0.5519008,0.018578972114482895,0.010053630103357136,0.008525342011125758,0,4,0.0006601230124942958,0.008525342011125758,0.0003452399978414178,602112.0,75264.0
neu18_pattern_mining,2026-02-08T12:01:41,3,81,17,0,1.0,0.001303688040934503,11.5705504,0.04540786286816001,0.0376972698722966,0.007710592995863408,0,4,0.0033213539863936603,0.007710592995863408,0.00044837300083599985,12845056.0,1605632.0
neu18_pattern_mining,2026-02-08T12:01:41,3,82,17,1,1.0,0.005675458814948797,11.5705504,0.017196398082887754,0.009949890081770718,0.007246508001117036,0,4,0.0006792630010750145,0.007246508001117036,0.00031572600710205734,12845056.0,1605632.0
neu18_pattern_mining,2026-02-08T12:01:41,3,83,17,2,1.0,0.008685295470058918,11.5705504,0.016572018736042082,0.008891179750207812,0.007680838985834271,0,4,0.0005910049949306995,0.007680838985834271,0.0002981129800900817,12845056.0,1605632.0
neu18_pattern_mining,2026-02-08T12:01:41,3,84,17,3,0.984375,0.044605694711208344,11.5705504,0.017620420083403587,0.009229810093529522,0.008390609989874065,0,4,0.0006095530115999281,0.008390609989874065,0.0003134279977530241,12845056.0,1605632.0
neu18_pattern_mining,2026-02-08T12:01:41,3,85,17,4,0.3333333333333333,2.1367461681365967,0.5519008,0.01594889920670539,0.008847300196066499,0.007101599010638893,0,4,0.0005765480163972825,0.007101599010638893,0.0003081820032093674,602112.0,75264.0
neu18_pattern_mining,2026-02-08T12:01:42,4,81,17,0,1.0,0.0003198386402800679,11.5705504,0.044931128970347345,0.0368707999587059,0.008060329011641443,0,4,0.0032378769828937948,0.008060329011641443,0.00044920301297679543,12845056.0,1605632.0
neu18_pattern_mining,2026-02-08T12:01:42,4,82,17,1,0.9375,0.5657676458358765,11.5705504,0.017399850767105818,0.009604919760022312,0.007794931007083505,0,4,0.0006464509933721274,0.007794931007083505,0.0003140409826301038,12845056.0,1605632.0
neu18_pattern_mining,2026-02-08T12:01:42,4,83,17,2,0.953125,0.11080406606197357,11.5705504,0.015726814046502113,0.00860008003655821,0.0071267340099439025,0,4,0.0005540389975067228,0.0071267340099439025,0.0003059690061490983,12845056.0,1605632.0
neu18_pattern_mining,2026-02-08T12:01:42,4,84,17,3,0.984375,0.02612226828932762,11.5705504,0.015770868631079793,0.008678869635332376,0.007091998995747417,0,4,0.000564253976335749,0.007091998995747417,0.00030363298719748855,12845056.0,1605632.0
neu18_pattern_mining,2026-02-08T12:01:42,4,85,17,4,0.3333333333333333,3.261162757873535,0.5519008,0.015546614013146609,0.00898072001291439,0.00656589400023222,0,4,0.0005844809929840267,0.00656589400023222,0.00031359100830741227,602112.0,75264.0
neu18_pattern_mining,2026-02-08T12:01:44,0,86,18,0,1.0,8.735033770790324e-05,11.5705504,0.026082826079800725,0.0172963400837034,0.008786485996097326,0,4,0.001305390993366018,0.008786485996097326,0.00042424301500432193,12845056.0,1605632.0
neu18_pattern_mining,2026-02-08T12:01:44,0,87,18,1,1.0,0.00021243929222691804,11.5705504,0.01733298020553775,0.010050730197690427,0.007282250007847324,0,4,0.0006854410166852176,0.007282250007847324,0.0003196320030838251,12845056.0,1605632.0
neu18_pattern_mining,2026-02-08T12:01:44,0,88,18,2,0.96875,0.09732285887002945,11.5705504,0.015604451822582632,0.009071609820239246,0.006532842002343386,0,4,0.0006092229741625488,0.006532842002343386,0.0002979380078613758,12845056.0,1605632.0
neu18_pattern_mining,2026-02-08T12:01:44,0,89,18,3,1.0,0.0015430091880261898,11.5705504,0.015658456104574725,0.008772560104262084,0.006885896000312641,0,4,0.0005406819982454181,0.006885896000312641,0.0003365740121807903,12845056.0,1605632.0
neu18_pattern_mining,2026-02-08T12:01:44,0,90,18,4,0.5,1.8065835237503052,0.7325344,0.013100288808345795,0.007536549819633365,0.00556373898871243,0,4,0.0005099249829072505,0.00556373898871243,0.00024372999905608594,802816.0,100352.0
neu18_pattern_mining,2026-02-08T12:01:44,1,86,18,0,1.0,8.87231799424626e-05,11.5705504,0.04410795297008008,0.03650872997241095,0.0075992229976691306,0,4,0.0032340929901693016,0.0075992229976691306,0.0004167800070717931,12845056.0,1605632.0
neu18_pattern_mining,2026-02-08T12:01:44,1,87,18,1,1.0,0.010486045852303505,11.5705504,0.012860361079219729,0.006789760082028806,0.0060706009971909225,0,4,0.0003870429936796427,0.0060706009971909225,0.00029193301452323794,12845056.0,1605632.0
neu18_pattern_mining,2026-02-08T12:01:45,1,88,18,2,1.0,0.00047670258209109306,11.5705504,0.014525676087941974,0.00800478010205552,0.006520895985886455,0,4,0.0005241530016064644,0.006520895985886455,0.0002763250085990876,12845056.0,1605632.0
neu18_pattern_mining,2026-02-08T12:01:45,1,89,18,3,0.953125,0.2554771304130554,11.5705504,0.013516177015844733,0.00708186998963356,0.006434307026211172,0,4,0.00046131599810905755,0.006434307026211172,0.00024687100085429847,12845056.0,1605632.0
neu18_pattern_mining,2026-02-08T12:01:45,1,90,18,4,0.3333333333333333,4.190557956695557,0.5519008,0.014254235284170136,0.0075404802919365466,0.006713754992233589,0,4,0.0004953280149493366,0.006713754992233589,0.000258720014244318,602112.0,75264.0
neu18_pattern_mining,2026-02-08T12:01:45,2,86,18,0,1.0,0.00020789424888789654,11.5705504,0.03303979290649295,0.025465349899604917,0.007574443006888032,0,4,0.002110722998622805,0.007574443006888032,0.0004358119913376868,12845056.0,1605632.0
neu18_pattern_mining,2026-02-08T12:01:45,2,87,18,1,1.0,0.0022396715357899666,11.5705504,0.010511198808671907,0.005438359803520143,0.0050728390051517636,0,4,0.00031652700272388756,0.0050728390051517636,0.00022730897762812674,12845056.0,1605632.0
neu18_pattern_mining,2026-02-08T12:01:45,2,88,18,2,1.0,0.019630862399935722,11.5705504,0.011967145226662979,0.0063887902069836855,0.005578355019679293,0,4,0.000414421025197953,0.005578355019679293,0.00022445799550041556,12845056.0,1605632.0
neu18_pattern_mining,2026-02-08T12:01:45,2,89,18,3,0.84375,0.7643070220947266,11.5705504,0.01323996888822876,0.0070221698842942715,0.006217799003934488,0,4,0.00047489299322478473,0.006217799003934488,0.00022732399520464242,12845056.0,1605632.0
neu18_pattern_mining,2026-02-08T12:01:45,2,90,18,4,0.6666666666666666,0.3543034493923187,0.5519008,0.010624312824802473,0.007278499833773822,0.0033458129910286516,0,4,0.0005435170023702085,0.0033458129910286516,0.00018433298100717366,602112.0,75264.0
neu18_pattern_mining,2026-02-08T12:01:46,3,86,18,0,1.0,0.000112609748612158,11.5705504,0.03300648686126806,0.025480279873590916,0.007526206987677142,0,4,0.0021241969952825457,0.007526206987677142,0.00042383099207654595,12845056.0,1605632.0
neu18_pattern_mining,2026-02-08T12:01:46,3,87,18,1,1.0,0.0036531833466142416,11.5705504,0.013090148073388264,0.007011950074229389,0.006078197999158874,0,4,0.0004478770133573562,0.006078197999158874,0.00025331799406558275,12845056.0,1605632.0
neu18_pattern_mining,2026-02-08T12:01:46,3,88,18,2,0.984375,0.020661231130361557,11.5705504,0.014874290995066985,0.007859629986342043,0.007014661008724943,0,4,0.0005193109973333776,0.007014661008724943,0.00026665200130082667,12845056.0,1605632.0
neu18_pattern_mining,2026-02-08T12:01:46,3,89,18,3,1.0,0.008133221417665482,11.5705504,0.016304203600157052,0.008708699606359005,0.007595503993798047,0,4,0.0005653159751091152,0.007595503993798047,0.00030555398552678525,12845056.0,1605632.0
neu18_pattern_mining,2026-02-08T12:01:46,3,90,18,4,0.6666666666666666,1.601600170135498,0.5519008,0.0159368519380223,0.008904449932742864,0.007032402005279437,0,4,0.000593548989854753,0.007032402005279437,0.00029689600341953337,602112.0,75264.0
neu18_pattern_mining,2026-02-08T12:01:47,4,86,18,0,1.0,0.0008243219344876707,11.5705504,0.040423041267786175,0.03264998027589172,0.007773060991894454,0,4,0.002823598013492301,0.007773060991894454,0.000441400014096871,12845056.0,1605632.0
neu18_pattern_mining,2026-02-08T12:01:47,4,87,18,1,0.921875,0.35698240995407104,11.5705504,0.015110178850591183,0.008045749855227768,0.007064428995363414,0,4,0.000526624993653968,0.007064428995363414,0.00027794999186880887,12845056.0,1605632.0
neu18_pattern_mining,2026-02-08T12:01:47,4,88,18,2,1.0,0.011659947223961353,11.5705504,0.016183122992515564,0.008583320013713092,0.007599802978802472,0,4,0.0005694940045941621,0.007599802978802472,0.00028883799677714705,12845056.0,1605632.0
neu18_pattern_mining,2026-02-08T12:01:47,4,89,18,3,1.0,0.019677460193634033,11.5705504,0.01791944506112486,0.009482580062467605,0.008436864998657256,0,4,0.0006177400064188987,0.008436864998657256,0.0003305179998278618,12845056.0,1605632.0
neu18_pattern_mining,2026-02-08T12:01:47,4,90,18,4,0.6666666666666666,3.680485963821411,0.5519008,0.017429346073186025,0.009603750077076256,0.007825595996109769,0,4,0.0006322989938780665,0.007825595996109769,0.0003280760138295591,602112.0,75264.0
neu18_pattern_mining,2026-02-08T12:01:49,0,91,19,0,1.0,1.791111208149232e-05,11.5705504,0.02657413695123978,0.01627043995540589,0.010303696995833889,0,4,0.0011345389939378947,0.010303696995833889,0.0004925050016026944,12845056.0,1605632.0
neu18_pattern_mining,2026-02-08T12:01:49,0,92,19,1,1.0,0.0003352740895934403,11.5705504,0.017447857215302065,0.009774890204425901,0.007672967010876164,0,4,0.0006457249983213842,0.007672967010876164,0.0003317640221212059,12845056.0,1605632.0
neu18_pattern_mining,2026-02-08T12:01:49,0,93,19,2,1.0,0.00810936838388443,11.5705504,0.018009232968324795,0.010259819973725826,0.00774941299459897,0,4,0.0006722199905198067,0.00774941299459897,0.0003537620068527758,12845056.0,1605632.0
neu18_pattern_mining,2026-02-08T12:01:49,0,94,19,3,0.96875,0.12161485105752945,11.5705504,0.01927185687236488,0.008311719866469502,0.010960137005895376,0,4,0.0005776479956693947,0.010960137005895376,0.0002535239909775555,12845056.0,1605632.0
neu18_pattern_mining,2026-02-08T12:01:49,0,95,19,4,0.5,5.453536033630371,0.7325344,0.013332216010894626,0.007406049990095198,0.005926166020799428,0,4,0.000502859998960048,0.005926166020799428,0.00023774500004947186,802816.0,100352.0
neu18_pattern_mining,2026-02-08T12:01:49,1,91,19,0,1.0,2.148763815057464e-05,11.5705504,0.06105714209843427,0.04487060010433197,0.0161865419941023,0,4,0.0036465460143517703,0.0161865419941023,0.0008405139960814267,12845056.0,1605632.0
neu18_pattern_mining,2026-02-08T12:01:49,1,92,19,1,1.0,2.608459908515215e-05,11.5705504,0.009601618105079979,0.00580810010433197,0.0037935180007480085,0,4,0.000382473022909835,0.0037935180007480085,0.00019833698752336204,12845056.0,1605632.0
neu18_pattern_mining,2026-02-08T12:01:49,1,93,19,2,1.0,4.756586713483557e-05,11.5705504,0.00913337102974765,0.005443980044219643,0.003689390985528007,0,4,0.00036766499397344887,0.003689390985528007,0.00017673301044851542,12845056.0,1605632.0
neu18_pattern_mining,2026-02-08T12:01:49,1,94,19,3,1.0,0.0005578894633799791,11.5705504,0.009116748376982287,0.005437000363599509,0.0036797480133827776,0,4,0.000361922022420913,0.0036797480133827776,0.00018177801393903792,12845056.0,1605632.0
neu18_pattern_mining,2026-02-08T12:01:49,1,95,19,4,0.6666666666666666,0.612942099571228,0.5519008,0.00891395373037085,0.005361449730116874,0.0035525040002539754,0,4,0.0003626679826993495,0.0035525040002539754,0.00017347699031233788,602112.0,75264.0
neu18_pattern_mining,2026-02-08T12:01:50,2,91,19,0,1.0,0.023249058052897453,11.5705504,0.03665047700633295,0.029161470010876656,0.007489006995456293,0,4,0.0025073190045077354,0.007489006995456293,0.0004088279965799302,12845056.0,1605632.0
neu18_pattern_mining,2026-02-08T12:01:50,2,92,19,1,0.9375,0.27194827795028687,11.5705504,0.01570430223364383,0.009068680228665471,0.006635622004978359,0,4,0.0006157510215416551,0.006635622004978359,0.00029111700132489204,12845056.0,1605632.0
neu18_pattern_mining,2026-02-08T12:01:50,2,93,19,2,0.984375,0.01707208901643753,11.5705504,0.015326872060541064,0.008279290050268173,0.00704758201027289,0,4,0.0005553060036618263,0.00704758201027289,0.00027262300136499107,12845056.0,1605632.0
neu18_pattern_mining,2026-02-08T12:01:50,2,94,19,3,0.96875,0.1257646083831787,11.5705504,0.017311566160060465,0.00964808015851304,0.007663486001547426,0,4,0.0006186490063555539,0.007663486001547426,0.00034615900949575007,12845056.0,1605632.0
neu18_pattern_mining,2026-02-08T12:01:50,2,95,19,4,0.6666666666666666,1.1442188024520874,0.5519008,0.01797877694480121,0.010297739936504513,0.007681037008296698,0,4,0.0006873999955132604,0.007681037008296698,0.00034237399813719094,602112.0,75264.0
neu18_pattern_mining,2026-02-08T12:01:51,3,91,19,0,1.0,7.326609920710325e-05,11.5705504,0.050833897199481726,0.039002050179988146,0.01183184701949358,0,4,0.0033082349982578307,0.01183184701949358,0.0005919700197409838,12845056.0,1605632.0
neu18_pattern_mining,2026-02-08T12:01:51,3,92,19,1,1.0,0.00021311533055268228,11.5705504,0.009742765891132876,0.005588849890045822,0.004153916001087055,0,4,0.0003662249946501106,0.004153916001087055,0.00019265999435447156,12845056.0,1605632.0
neu18_pattern_mining,2026-02-08T12:01:51,3,93,19,2,0.984375,0.02697380632162094,11.5705504,0.01247693007462658,0.006596650055143982,0.005880280019482598,0,4,0.0004381519975140691,0.005880280019482598,0.00022151300800032914,12845056.0,1605632.0
neu18_pattern_mining,2026-02-08T12:01:51,3,94,19,3,0.921875,0.11660076677799225,11.5705504,0.013232378900283948,0.006988949899096042,0.006243429001187906,0,4,0.00047176898806355894,0.006243429001187906,0.00022712600184604526,12845056.0,1605632.0
neu18_pattern_mining,2026-02-08T12:01:51,3,95,19,4,1.0,0.02053968608379364,0.5519008,0.013179920002585277,0.00728473998606205,0.005895180016523227,0,4,0.0004722059820778668,0.005895180016523227,0.0002562680165283382,602112.0,75264.0
neu18_pattern_mining,2026-02-08T12:01:52,4,91,19,0,1.0,3.20146355079487e-05,11.5705504,0.037281275959685445,0.029705229972023517,0.007576045987661928,0,4,0.0024900849966797978,0.007576045987661928,0.0004804380005225539,12845056.0,1605632.0
neu18_pattern_mining,2026-02-08T12:01:52,4,92,19,1,0.984375,0.037650320678949356,11.5705504,0.01129727833904326,0.0062713303486816585,0.005025947990361601,0,4,0.0004297470150049776,0.005025947990361601,0.00019738601986318827,12845056.0,1605632.0
neu18_pattern_mining,2026-02-08T12:01:52,4,93,19,2,0.9375,0.3252187967300415,11.5705504,0.011766973126213998,0.006167970132082701,0.005599002994131297,0,4,0.0004154970229137689,0.005599002994131297,0.00020129999029450119,12845056.0,1605632.0
neu18_pattern_mining,2026-02-08T12:01:52,4,94,19,3,0.9375,0.4765288829803467,11.5705504,0.012484025035519153,0.006578000029549003,0.00590602500597015,0,4,0.0004177730006631464,0.00590602500597015,0.0002400270022917539,12845056.0,1605632.0
neu18_pattern_mining,2026-02-08T12:01:52,4,95,19,4,0.6666666666666666,2.3331680297851562,0.5519008,0.013440574868582189,0.007488899864256382,0.005951675004325807,0,4,0.0005000359960831702,0.005951675004325807,0.000248853990342468,602112.0,75264.0
neu18_pattern_mining,2026-02-08T12:01:53,0,96,20,0,1.0,0.0010495190508663654,11.5705504,0.03176328813424334,0.02396054012933746,0.0078027480049058795,0,4,0.0019500039925333112,0.0078027480049058795,0.00044605002040043473,12845056.0,1605632.0
neu18_pattern_mining,2026-02-08T12:01:53,0,97,20,1,0.921875,0.49385300278663635,11.5705504,0.018458610895322636,0.010591429891064763,0.007867181004257873,0,4,0.0007182059925980866,0.007867181004257873,0.0003409369965083897,12845056.0,1605632.0
neu18_pattern_mining,2026-02-08T12:01:53,0,98,20,2,1.0,0.002867263276129961,11.5705504,0.016678206680808216,0.008978109690360725,0.007700096990447491,0,4,0.0005724589864257723,0.007700096990447491,0.0003253519826103002,12845056.0,1605632.0
neu18_pattern_mining,2026-02-08T12:01:54,0,99,20,3,0.96875,0.13569271564483643,11.5705504,0.01606221098336391,0.008463319973088801,0.007598891010275111,0,4,0.0005549080087803304,0.007598891010275111,0.00029142398852854967,12845056.0,1605632.0
neu18_pattern_mining,2026-02-08T12:01:54,0,100,20,4,0.75,1.9400690793991089,0.7325344,0.017506297182990238,0.009530270181130618,0.00797602700185962,0,4,0.0006310330063570291,0.00797602700185962,0.0003219940117560327,802816.0,100352.0
neu18_pattern_mining,2026-02-08T12:01:55,1,96,20,0,1.0,0.0005154885584488511,11.5705504,0.0449437563365791,0.03733991034096107,0.00760384599561803,0,4,0.0032944530248641968,0.00760384599561803,0.0004395380092319101,12845056.0,1605632.0
neu18_pattern_mining,2026-02-08T12:01:55,1,97,20,1,0.96875,0.1884649246931076,11.5705504,0.016437528742244467,0.008725559746380895,0.007711968995863572,0,4,0.0005778259946964681,0.007711968995863572,0.0002947299799416214,12845056.0,1605632.0
neu18_pattern_mining,2026-02-08T12:01:55,1,98,20,2,1.0,0.01232939399778843,11.5705504,0.01497849018778652,0.007991180173121393,0.006987310014665127,0,4,0.0005291210254654288,0.006987310014665127,0.00026999699184671044,12845056.0,1605632.0
neu18_pattern_mining,2026-02-08T12:01:55,1,99,20,3,0.984375,0.012244691140949726,11.5705504,0.01496560184750706,0.008020229870453477,0.006945371977053583,0,4,0.0005315429880283773,0.006945371977053583,0.0002704799990169704,12845056.0,1605632.0
neu18_pattern_mining,2026-02-08T12:01:55,1,100,20,4,0.6666666666666666,0.7725563049316406,0.5519008,0.016524881270015612,0.008670360257383436,0.007854521012632176,0,4,0.0005578240088652819,0.007854521012632176,0.00030921201687306166,602112.0,75264.0
neu18_pattern_mining,2026-02-08T12:01:55,2,96,20,0,1.0,3.295074566267431e-05,11.5705504,0.05516639069537632,0.0418601997080259,0.01330619098735042,0,4,0.0034802619775291532,0.01330619098735042,0.000705757993273437,12845056.0,1605632.0
neu18_pattern_mining,2026-02-08T12:01:56,2,97,20,1,1.0,0.0035686949267983437,11.5705504,0.020615616027498618,0.011209200019948184,0.009406416007550433,0,4,0.0007375309942290187,0.009406416007550433,0.00038338900776579976,12845056.0,1605632.0
neu18_pattern_mining,2026-02-08T12:01:56,2,98,20,2,0.953125,0.4084928035736084,11.5705504,0.019453996181255206,0.010110080183949322,0.009343915997305885,0,4,0.0006959500024095178,0.009343915997305885,0.0003150580159854144,12845056.0,1605632.0
neu18_pattern_mining,2026-02-08T12:01:56,2,99,20,3,0.984375,0.02207816019654274,11.5705504,0.019681389821926132,0.010368829825893044,0.009312559996033087,0,4,0.0006845030002295971,0.009312559996033087,0.00035237998235970736,12845056.0,1605632.0
neu18_pattern_mining,2026-02-08T12:01:56,2,100,20,4,0.3333333333333333,5.414422512054443,0.5519008,0.018278874980751425,0.00982002995442599,0.008458845026325434,0,4,0.0006559960020240396,0.008458845026325434,0.00032600699341855943,602112.0,75264.0
neu18_pattern_mining,2026-02-08T12:01:56,3,96,20,0,0.96875,0.18753305077552795,11.5705504,0.057538325869245455,0.04290852986741811,0.014629796001827344,0,4,0.0034238829975947738,0.014629796001827344,0.0008669699891470373,12845056.0,1605632.0
neu18_pattern_mining,2026-02-08T12:01:56,3,97,20,1,0.90625,0.6649868488311768,11.5705504,0.020266976120183244,0.010800920135807246,0.009466055984375998,0,4,0.0007032240100670606,0.009466055984375998,0.000376868003513664,12845056.0,1605632.0
neu18_pattern_mining,2026-02-08T12:01:56,3,98,20,2,0.953125,0.10210445523262024,11.5705504,0.02022032081731595,0.010712079820223153,0.009508240997092798,0,4,0.0006977400043979287,0.009508240997092798,0.00037346797762438655,12845056.0,1605632.0
neu18_pattern_mining,2026-02-08T12:01:56,3,99,20,3,0.890625,0.39041152596473694,11.5705504,0.019910125993192196,0.010480450000613928,0.009429675992578268,0,4,0.0006946949870325625,0.009429675992578268,0.0003533500130288303,12845056.0,1605632.0
neu18_pattern_mining,2026-02-08T12:01:56,3,100,20,4,0.6666666666666666,1.5183634757995605,0.5519008,0.01757813012227416,0.00978079013293609,0.00779733998933807,0,4,0.0006544860079884529,0.00779733998933807,0.0003235930053051561,602112.0,75264.0
neu18_pattern_mining,2026-02-08T12:01:57,4,96,20,0,1.0,8.723314385861158e-05,11.5705504,0.03871306314249523,0.031368560157716274,0.007344502984778956,0,4,0.0027170400135219097,0.007344502984778956,0.0004198160022497177,12845056.0,1605632.0
neu18_pattern_mining,2026-02-08T12:01:57,4,97,20,1,1.0,0.00029420273494906723,11.5705504,0.013215556071372703,0.007159530068747699,0.0060560260026250035,0,4,0.00045727399992756546,0.0060560260026250035,0.00025867900694720447,12845056.0,1605632.0
neu18_pattern_mining,2026-02-08T12:01:57,4,98,20,2,0.984375,0.02766481228172779,11.5705504,0.014236429968150333,0.007528529968112707,0.006707900000037625,0,4,0.0005058569950051606,0.006707900000037625,0.00024699600180611014,12845056.0,1605632.0
neu18_pattern_mining,2026-02-08T12:01:57,4,99,20,3,0.953125,0.056149937212467194,11.5705504,0.014827238075667992,0.007786570058669895,0.007040668016998097,0,4,0.0005129989876877517,0.007040668016998097,0.00026565801817923784,12845056.0,1605632.0
neu18_pattern_mining,2026-02-08T12:01:57,4,100,20,4,0.6666666666666666,1.082437515258789,0.5519008,0.010924981121206656,0.006409730121959001,0.004515250999247655,0,4,0.000430562999099493,0.004515250999247655,0.00021041001309640706,602112.0,75264.0
neu18_pattern_mining,2026-02-08T12:01:59,0,101,21,0,1.0,3.633773303590715e-05,11.5705504,0.028893628885271028,0.020561259880196303,0.008332369005074725,0,4,0.0016569859872106463,0.008332369005074725,0.00039914000080898404,12845056.0,1605632.0
neu18_pattern_mining,2026-02-08T12:01:59,0,102,21,1,1.0,0.0006190281710587442,11.5705504,0.020958505134331062,0.012380540138110518,0.008577964996220544,0,4,0.0008703010098543018,0.008577964996220544,0.00036775300395675004,12845056.0,1605632.0
neu18_pattern_mining,2026-02-08T12:01:59,0,103,21,2,0.953125,0.10502482950687408,11.5705504,0.01815904484828934,0.00976688985247165,0.008392154995817691,0,4,0.0006239709910005331,0.008392154995817691,0.00035271799424663186,12845056.0,1605632.0
neu18_pattern_mining,2026-02-08T12:01:59,0,104,21,3,0.859375,0.3195185661315918,11.5705504,0.01735485004610382,0.009049350046552718,0.008305499999551103,0,4,0.0006188990082591772,0.008305499999551103,0.00028603599639609456,12845056.0,1605632.0
neu18_pattern_mining,2026-02-08T12:01:59,0,105,21,4,0.75,1.9028534889221191,0.7325344,0.015683095843996853,0.008643629844300449,0.007039465999696404,0,4,0.0006008299824316055,0.007039465999696404,0.00026353300199843943,802816.0,100352.0
neu18_pattern_mining,2026-02-08T12:02:00,1,101,21,0,1.0,0.0005513015203177929,11.5705504,0.043664688942953944,0.03551275993231684,0.008151929010637105,0,4,0.0030701089999638498,0.008151929010637105,0.0004811669932678342,12845056.0,1605632.0
neu18_pattern_mining,2026-02-08T12:02:00,1,102,21,1,0.859375,1.3087267875671387,11.5705504,0.012165195134002715,0.006485200137831271,0.005679994996171445,0,4,0.0004220300179440528,0.005679994996171445,0.00022648999583907425,12845056.0,1605632.0
neu18_pattern_mining,2026-02-08T12:02:00,1,103,21,2,0.953125,0.32294607162475586,11.5705504,0.012705666013062,0.0067643600050359964,0.005941306008026004,0,4,0.0004460519994609058,0.005941306008026004,0.00023038400104269385,12845056.0,1605632.0
neu18_pattern_mining,2026-02-08T12:02:00,1,104,21,3,0.796875,2.4115939140319824,11.5705504,0.015865115739870816,0.008328049734700471,0.007537066005170345,0,4,0.0005470349860843271,0.007537066005170345,0.00028576998738572,12845056.0,1605632.0
neu18_pattern_mining,2026-02-08T12:02:00,1,105,21,4,0.6666666666666666,0.33596041798591614,0.5519008,0.01646685297600925,0.009100839961320162,0.007366013014689088,0,4,0.0005920830008108169,0.007366013014689088,0.0003180009953211993,602112.0,75264.0
neu18_pattern_mining,2026-02-08T12:02:01,2,101,21,0,1.0,0.0002184588520321995,11.5705504,0.055675883835647255,0.04189929983112961,0.013776584004517645,0,4,0.003514446987537667,0.013776584004517645,0.0006754829955752939,12845056.0,1605632.0
neu18_pattern_mining,2026-02-08T12:02:01,2,102,21,1,0.96875,0.09537947177886963,11.5705504,0.019550161057850346,0.01012869004625827,0.009421471011592075,0,4,0.0006835690001025796,0.009421471011592075,0.0003293000045232475,12845056.0,1605632.0
neu18_pattern_mining,2026-02-08T12:02:01,2,103,21,2,0.984375,0.05612532049417496,11.5705504,0.01802303275326267,0.00971566973021254,0.00830736302305013,0,4,0.0006338869861792773,0.00830736302305013,0.00033767998684197664,12845056.0,1605632.0
neu18_pattern_mining,2026-02-08T12:02:01,2,104,21,3,0.9375,0.3800859749317169,11.5705504,0.017876801022794098,0.009465850016567856,0.008410951006226242,0,4,0.0006165759987197816,0.008410951006226242,0.00033000900293700397,12845056.0,1605632.0
neu18_pattern_mining,2026-02-08T12:02:01,2,105,21,4,1.0,0.14266079664230347,0.5519008,0.018379329092567787,0.009866940090432763,0.008512389002135023,0,4,0.000646121014142409,0.008512389002135023,0.00034057299490086734,602112.0,75264.0
neu18_pattern_mining,2026-02-08T12:02:01,3,101,21,0,1.0,0.00021080725127831101,11.5705504,0.0431300095806364,0.03217975958250463,0.010950249998131767,0,4,0.0026544119755271822,0.010950249998131767,0.0005635639827232808,12845056.0,1605632.0
neu18_pattern_mining,2026-02-08T12:02:02,3,102,21,1,1.0,0.025964677333831787,11.5705504,0.016522962105227634,0.008870410092640668,0.007652552012586966,0,4,0.0005872049950994551,0.007652552012586966,0.0002998360141646117,12845056.0,1605632.0
neu18_pattern_mining,2026-02-08T12:02:02,3,103,21,2,1.0,0.002785376040264964,11.5705504,0.017746921948855743,0.009305459971074015,0.008441461977781728,0,4,0.0006078520091250539,0.008441461977781728,0.0003226939879823476,12845056.0,1605632.0
neu18_pattern_mining,2026-02-08T12:02:02,3,104,21,3,0.953125,0.16292399168014526,11.5705504,0.017259965155972168,0.008862980175763369,0.0083969849802088,0,4,0.0005978730041533709,0.0083969849802088,0.000288425013422966,12845056.0,1605632.0
neu18_pattern_mining,2026-02-08T12:02:02,3,105,21,4,0.6666666666666666,5.399281024932861,0.5519008,0.016446473891846836,0.009112269908655435,0.007334203983191401,0,4,0.0005873309855815023,0.007334203983191401,0.00032389600528404117,602112.0,75264.0
neu18_pattern_mining,2026-02-08T12:02:02,4,101,21,0,1.0,7.824285421520472e-05,11.5705504,0.03141876801964827,0.02417351002804935,0.007245257991598919,0,4,0.0020145910093560815,0.007245257991598919,0.0004027599934488535,12845056.0,1605632.0
neu18_pattern_mining,2026-02-08T12:02:02,4,102,21,1,0.984375,0.08944682031869888,11.5705504,0.011580849852180108,0.006502379837911576,0.005078470014268532,0,4,0.0004257999826222658,0.005078470014268532,0.0002244380011688918,12845056.0,1605632.0
neu18_pattern_mining,2026-02-08T12:02:02,4,103,21,2,1.0,0.0038276612758636475,11.5705504,0.011246563139138743,0.005751500139012933,0.0054950630001258105,0,4,0.00035751500399783254,0.0054950630001258105,0.00021763500990346074,12845056.0,1605632.0
neu18_pattern_mining,2026-02-08T12:02:02,4,104,21,3,0.984375,0.03118772991001606,11.5705504,0.011924461025046185,0.006714850023854524,0.005209611001191661,0,4,0.0004626150184776634,0.005209611001191661,0.000208869983907789,12845056.0,1605632.0
neu18_pattern_mining,2026-02-08T12:02:02,4,105,21,4,0.3333333333333333,3.5907955169677734,0.5519008,0.012513206049334258,0.007171680044848472,0.005341526004485786,0,4,0.0004970960144419223,0.005341526004485786,0.00022007199004292488,602112.0,75264.0
neu18_pattern_mining,2026-02-08T12:02:04,0,106,22,0,1.0,0.000205037125851959,11.5705504,0.040392461174633354,0.028379970171954483,0.012012491002678871,0,4,0.0021542350004892796,0.012012491002678871,0.0006837620167061687,12845056.0,1605632.0
neu18_pattern_mining,2026-02-08T12:02:04,0,107,22,1,0.953125,0.09502837061882019,11.5705504,0.017993334971833974,0.009573959978297353,0.008419374993536621,0,4,0.0006302359979599714,0.008419374993536621,0.00032715999986976385,12845056.0,1605632.0
neu18_pattern_mining,2026-02-08T12:02:04,0,108,22,2,0.953125,0.28833717107772827,11.5705504,0.018356175161898136,0.00989701016806066,0.008459164993837476,0,4,0.0006181460048537701,0.008459164993837476,0.0003715550119522959,12845056.0,1605632.0
neu18_pattern_mining,2026-02-08T12:02:04,0,109,22,3,1.0,0.00021927390480414033,11.5705504,0.017140335781732574,0.00952143978793174,0.007618895993800834,0,4,0.0006318789965007454,0.007618895993800834,0.0003202649822924286,12845056.0,1605632.0
neu18_pattern_mining,2026-02-08T12:02:04,0,110,22,4,0.75,0.5418438911437988,0.7325344,0.00966812190017663,0.006139639881439507,0.0035284820187371224,0,4,0.0004173239867668599,0.0035284820187371224,0.0001966400013770908,802816.0,100352.0
neu18_pattern_mining,2026-02-08T12:02:05,1,106,22,0,1.0,0.0006070392555557191,11.5705504,0.07031340771936812,0.05252430972177535,0.017789097997592762,0,4,0.0044478199852164835,0.017789097997592762,0.0008046109869610518,12845056.0,1605632.0
neu18_pattern_mining,2026-02-08T12:02:05,1,107,22,1,0.90625,0.26590633392333984,11.5705504,0.020231010828865692,0.010893459839280695,0.009337550989584997,0,4,0.0007229209877550602,0.009337550989584997,0.0003664249961730093,12845056.0,1605632.0
neu18_pattern_mining,2026-02-08T12:02:05,1,108,22,2,1.0,0.02894384041428566,11.5705504,0.019766260840697214,0.010357959836255759,0.009408301004441455,0,4,0.0006768110033590347,0.009408301004441455,0.00035898498026654124,12845056.0,1605632.0
neu18_pattern_mining,2026-02-08T12:02:05,1,109,22,3,0.984375,0.11141306161880493,11.5705504,0.020267645188141614,0.010745930194389075,0.00952171499375254,0,4,0.0006962210172787309,0.00952171499375254,0.00037837200216017663,12845056.0,1605632.0
neu18_pattern_mining,2026-02-08T12:02:05,1,110,22,4,0.6666666666666666,2.6258513927459717,0.5519008,0.017466853139922023,0.00985740014584735,0.0076094529940746725,0,4,0.0006527900113724172,0.0076094529940746725,0.0003329500032123178,602112.0,75264.0
neu18_pattern_mining,2026-02-08T12:02:06,2,106,22,0,1.0,0.0009346282458864152,11.5705504,0.04840803798288107,0.03781072999117896,0.01059730799170211,0,4,0.0032166879973374307,0.01059730799170211,0.0005643850017804652,12845056.0,1605632.0
neu18_pattern_mining,2026-02-08T12:02:06,2,107,22,1,0.96875,0.22857113182544708,11.5705504,0.02030038824887015,0.010939760250039399,0.00936062799883075,0,4,0.0007097740017343313,0.00936062799883075,0.0003842020232696086,12845056.0,1605632.0
neu18_pattern_mining,2026-02-08T12:02:06,2,108,22,2,0.78125,1.0269579887390137,11.5705504,0.017689057858660817,0.009241589868906885,0.008447467989753932,0,4,0.0006039440049789846,0.008447467989753932,0.00032021498191170394,12845056.0,1605632.0
neu18_pattern_mining,2026-02-08T12:02:06,2,109,22,3,1.0,0.016072910279035568,11.5705504,0.01765209503355436,0.00926395005080849,0.008388144982745871,0,4,0.0006129560060799122,0.008388144982745871,0.00031343899900093675,12845056.0,1605632.0
neu18_pattern_mining,2026-02-08T12:02:06,2,110,22,4,0.3333333333333333,3.4813106060028076,0.5519008,0.015954427333781496,0.008896600338630378,0.0070578269951511174,0,4,0.0005771400174126029,0.0070578269951511174,0.0003125200164504349,602112.0,75264.0
neu18_pattern_mining,2026-02-08T12:02:06,3,106,22,0,1.0,0.0011935211950913072,11.5705504,0.04107585485326126,0.03186608984833583,0.00920976500492543,0,4,0.0026833250012714416,0.00920976500492543,0.0005032839835621417,12845056.0,1605632.0
neu18_pattern_mining,2026-02-08T12:02:06,3,107,22,1,1.0,0.0014247202780097723,11.5705504,0.018133734905859455,0.009668619895819575,0.008465115010039881,0,4,0.0006347289890982211,0.008465115010039881,0.0003321330004837364,12845056.0,1605632.0
neu18_pattern_mining,2026-02-08T12:02:06,3,108,22,2,0.921875,0.5208873152732849,11.5705504,0.01774572191061452,0.009303489932790399,0.008442231977824122,0,4,0.0006055519916117191,0.008442231977824122,0.00032479700166732073,12845056.0,1605632.0
neu18_pattern_mining,2026-02-08T12:02:06,3,109,22,3,0.921875,0.320465624332428,11.5705504,0.0175043391645886,0.00913287018192932,0.00837146898265928,0,4,0.000598779006395489,0.00837146898265928,0.00031450801179744303,12845056.0,1605632.0
neu18_pattern_mining,2026-02-08T12:02:07,3,110,22,4,0.3333333333333333,1.794920802116394,0.5519008,0.015851529606152326,0.008785449608694762,0.007066079997457564,0,4,0.000584948982577771,0.007066079997457564,0.00029359597829170525,602112.0,75264.0
neu18_pattern_mining,2026-02-08T12:02:07,4,106,22,0,1.0,0.0005510332994163036,11.5705504,0.04854458125191741,0.0393810702371411,0.009163511014776304,0,4,0.003251449001254514,0.009163511014776304,0.0006866580224595964,12845056.0,1605632.0
neu18_pattern_mining,2026-02-08T12:02:07,4,107,22,1,0.984375,0.1569128781557083,11.5705504,0.019314441247843206,0.010689800255931914,0.008624640991911292,0,4,0.0007056590111460537,0.008624640991911292,0.0003633210144471377,12845056.0,1605632.0
neu18_pattern_mining,2026-02-08T12:02:07,4,108,22,2,1.0,0.0014294644352048635,11.5705504,0.018422536115394905,0.009876390104182065,0.00854614601121284,0,4,0.0006621259963139892,0.00854614601121284,0.0003255130141042173,12845056.0,1605632.0
neu18_pattern_mining,2026-02-08T12:02:07,4,109,22,3,0.9375,0.7391772270202637,11.5705504,0.01714883785462007,0.009378549875691533,0.007770287978928536,0,4,0.0006067900103516877,0.007770287978928536,0.00033106497721746564,12845056.0,1605632.0
neu18_pattern_mining,2026-02-08T12:02:07,4,110,22,4,1.0,0.0034188618883490562,0.5519008,0.01746991096297279,0.00961487996391952,0.00785503099905327,0,4,0.0006371260096784681,0.00785503099905327,0.00032436198671348393,602112.0,75264.0
neu18_pattern_mining,2026-02-08T12:02:09,0,111,23,0,1.0,1.5441810319316573e-05,11.5705504,0.05149086896562949,0.03172794997226447,0.01976291899336502,0,4,0.0023048320144880563,0.01976291899336502,0.0008679629827383906,12845056.0,1605632.0
neu18_pattern_mining,2026-02-08T12:02:09,0,112,23,1,1.0,0.008893314749002457,11.5705504,0.02064614021219313,0.011172210215590894,0.009473929996602237,0,4,0.0007266350148711354,0.009473929996602237,0.00039058600668795407,12845056.0,1605632.0
neu18_pattern_mining,2026-02-08T12:02:09,0,113,23,2,0.96875,0.11500203609466553,11.5705504,0.020475925120990723,0.01104371011024341,0.009432215010747313,0,4,0.000708931009285152,0.009432215010747313,0.00039544000173918903,12845056.0,1605632.0
neu18_pattern_mining,2026-02-08T12:02:09,0,114,23,3,1.0,0.015293884091079235,11.5705504,0.019093456998234615,0.009931579988915473,0.009161877009319142,0,4,0.0006738289957866073,0.009161877009319142,0.00031932900310494006,12845056.0,1605632.0
neu18_pattern_mining,2026-02-08T12:02:09,0,115,23,4,0.5,1.3059449195861816,0.7325344,0.018797824654029682,0.010161639656871557,0.008636184997158125,0,4,0.0006910379743203521,0.008636184997158125,0.00032512599136680365,802816.0,100352.0
neu18_pattern_mining,2026-02-08T12:02:10,1,111,23,0,1.0,0.0002411357854725793,11.5705504,0.03856006916612387,0.031032870174385607,0.00752719899173826,0,4,0.002656463999301195,0.00752719899173826,0.0004468230181373656,12845056.0,1605632.0
neu18_pattern_mining,2026-02-08T12:02:10,1,112,23,1,0.875,1.1786072254180908,11.5705504,0.010233492794213817,0.005669919773936272,0.004563573020277545,0,4,0.0003717599902302027,0.004563573020277545,0.0001952319871634245,12845056.0,1605632.0
neu18_pattern_mining,2026-02-08T12:02:10,1,113,23,2,1.0,0.000916081597097218,11.5705504,0.009985003125621006,0.005289250111673027,0.004695753013947979,0,4,0.0003465019981376827,0.004695753013947979,0.00018242301302962005,12845056.0,1605632.0
neu18_pattern_mining,2026-02-08T12:02:10,1,114,23,3,1.0,0.0016615880886092782,11.5705504,0.013154059735825285,0.007183549751061946,0.005970509984763339,0,4,0.00045571097871288657,0.005970509984763339,0.00026264399639330804,12845056.0,1605632.0
neu18_pattern_mining,2026-02-08T12:02:10,1,115,23,4,0.6666666666666666,0.32759878039360046,0.5519008,0.012716638011625037,0.0071924200165085495,0.005524217995116487,0,4,0.0004604769928846508,0.005524217995116487,0.0002587650087662041,602112.0,75264.0
neu18_pattern_mining,2026-02-08T12:02:10,2,111,23,0,1.0,0.00040072615956887603,11.5705504,0.037359581037890166,0.029830510029569268,0.007529071008320898,0,4,0.0025567080010659993,0.007529071008320898,0.00042634300189092755,12845056.0,1605632.0
neu18_pattern_mining,2026-02-08T12:02:11,2,112,23,1,0.9375,0.19673609733581543,11.5705504,0.01107582714757882,0.005226340144872665,0.005849487002706155,0,4,0.0002842399990186095,0.005849487002706155,0.00023839401546865702,12845056.0,1605632.0
neu18_pattern_mining,2026-02-08T12:02:11,2,113,23,2,0.96875,0.06639129668474197,11.5705504,0.01267869514413178,0.006732350157108158,0.005946344987023622,0,4,0.00044638500548899174,0.005946344987023622,0.00022685001022182405,12845056.0,1605632.0
neu18_pattern_mining,2026-02-08T12:02:11,2,114,23,3,1.0,0.0013816806022077799,11.5705504,0.01243692304706201,0.006577720050700009,0.005859202996362001,0,4,0.0004359360027592629,0.005859202996362001,0.00022183600231073797,12845056.0,1605632.0
neu18_pattern_mining,2026-02-08T12:02:11,2,115,23,4,0.3333333333333333,4.829252243041992,0.5519008,0.01211849763058126,0.006649949646089226,0.005468547984492034,0,4,0.00043622497469186783,0.005468547984492034,0.00022876998991705477,602112.0,75264.0
neu18_pattern_mining,2026-02-08T12:02:11,3,111,23,0,1.0,0.00011206862109247595,11.5705504,0.07077729073353112,0.05287066975142807,0.01790662098210305,0,4,0.00450381898554042,0.01790662098210305,0.000783247989602387,12845056.0,1605632.0
neu18_pattern_mining,2026-02-08T12:02:11,3,112,23,1,0.984375,0.22091545164585114,11.5705504,0.020183209067909047,0.010708110057748854,0.009475099010160193,0,4,0.0006852519873064011,0.009475099010160193,0.0003855590184684843,12845056.0,1605632.0
neu18_pattern_mining,2026-02-08T12:02:11,3,113,23,2,1.0,0.0061534554697573185,11.5705504,0.019388436077861115,0.00992276007309556,0.009465676004765555,0,4,0.0006736320210620761,0.009465676004765555,0.0003186439862474799,12845056.0,1605632.0
neu18_pattern_mining,2026-02-08T12:02:11,3,114,23,3,0.8125,1.2140800952911377,11.5705504,0.017522303969599307,0.009170279954560101,0.008352024015039206,0,4,0.0005986799951642752,0.008352024015039206,0.00031834800029173493,12845056.0,1605632.0
neu18_pattern_mining,2026-02-08T12:02:11,3,115,23,4,0.3333333333333333,3.0025198459625244,0.5519008,0.017476761277066544,0.009692880266811699,0.007783881010254845,0,4,0.0006415600073523819,0.007783881010254845,0.0003277280193287879,602112.0,75264.0
neu18_pattern_mining,2026-02-08T12:02:12,4,111,23,0,1.0,0.00012663718371186405,11.5705504,0.03903995189466514,0.031304679869208485,0.007735272025456652,0,4,0.002706946979742497,0.007735272025456652,0.0004235210071783513,12845056.0,1605632.0
neu18_pattern_mining,2026-02-08T12:02:12,4,112,23,1,0.984375,0.012872055172920227,11.5705504,0.018619243695866317,0.010352969693485647,0.008266274002380669,0,4,0.000707171973772347,0.008266274002380669,0.00032812499557621777,12845056.0,1605632.0
neu18_pattern_mining,2026-02-08T12:02:12,4,113,23,2,0.96875,0.1637786626815796,11.5705504,0.014922796020982787,0.00792862003436312,0.006994175986619666,0,4,0.0005046279984526336,0.006994175986619666,0.00028823400498367846,12845056.0,1605632.0
neu18_pattern_mining,2026-02-08T12:02:12,4,114,23,3,0.984375,0.04372495785355568,11.5705504,0.014530446991557255,0.0075683899922296405,0.006962056999327615,0,4,0.0004951959999743849,0.006962056999327615,0.00026164299924857914,12845056.0,1605632.0
neu18_pattern_mining,2026-02-08T12:02:12,4,115,23,4,0.6666666666666666,3.78320050239563,0.5519008,0.014534679241478443,0.00812997022876516,0.006404709012713283,0,4,0.0005303280195221305,0.006404709012713283,0.0002826690033543855,602112.0,75264.0
neu18_pattern_mining,2026-02-08T12:02:14,0,116,24,0,1.0,0.0003243652172386646,11.5705504,0.02483067795401439,0.016148989961948246,0.008681687992066145,0,4,0.0011878549994435161,0.008681687992066145,0.00042704399675130844,12845056.0,1605632.0
neu18_pattern_mining,2026-02-08T12:02:14,0,117,24,1,1.0,0.0016004322096705437,11.5705504,0.016526385763427243,0.008913389756344259,0.007612996007082984,0,4,0.0005798449856229126,0.007612996007082984,0.00031149399001151323,12845056.0,1605632.0
neu18_pattern_mining,2026-02-08T12:02:14,0,118,24,2,0.96875,0.16545867919921875,11.5705504,0.01647384511306882,0.00892178009962663,0.0075520650134421885,0,4,0.0005846359999850392,0.0075520650134421885,0.0003075420099776238,12845056.0,1605632.0
neu18_pattern_mining,2026-02-08T12:02:14,0,119,24,3,0.90625,0.3779754936695099,11.5705504,0.016064646042650566,0.008532810024917126,0.00753183601773344,0,4,0.0005635819979943335,0.00753183601773344,0.00028969900449737906,12845056.0,1605632.0
neu18_pattern_mining,2026-02-08T12:02:14,0,120,24,4,0.75,0.6221328973770142,0.7325344,0.016934692161157727,0.009285650157835335,0.007649042003322393,0,4,0.0006345590227283537,0.007649042003322393,0.0002940059930551797,802816.0,100352.0
neu18_pattern_mining,2026-02-08T12:02:15,1,116,24,0,1.0,0.000761824194341898,11.5705504,0.0381038618797902,0.030344509868882596,0.007759352010907605,0,4,0.0025833509862422943,0.007759352010907605,0.00045110000064596534,12845056.0,1605632.0
neu18_pattern_mining,2026-02-08T12:02:15,1,117,24,1,0.984375,0.05472961813211441,11.5705504,0.01533992396434769,0.008270679973065853,0.007069243991281837,0,4,0.0005499029939528555,0.007069243991281837,0.00027716500335372984,12845056.0,1605632.0
neu18_pattern_mining,2026-02-08T12:02:15,1,118,24,2,1.0,0.0033868062309920788,11.5705504,0.014611333986977115,0.007708909979555756,0.006902424007421359,0,4,0.000506150012370199,0.006902424007421359,0.0002647409855853766,12845056.0,1605632.0
neu18_pattern_mining,2026-02-08T12:02:15,1,119,24,3,1.0,0.0017331232083961368,11.5705504,0.014407165173906833,0.007614240166731179,0.006792925007175654,0,4,0.0005008440057281405,0.006792925007175654,0.0002605800109449774,12845056.0,1605632.0
neu18_pattern_mining,2026-02-08T12:02:15,1,120,24,4,0.6666666666666666,2.1309568881988525,0.5519008,0.014825633959844708,0.007853489951230586,0.006972144008614123,0,4,0.0005064430006314069,0.006972144008614123,0.00027890599449165165,602112.0,75264.0
neu18_pattern_mining,2026-02-08T12:02:15,2,116,24,0,1.0,0.0003520814934745431,11.5705504,0.04246915192925371,0.03355580993229523,0.00891334199695848,0,4,0.0028933889989275485,0.00891334199695848,0.0004621919943019748,12845056.0,1605632.0
neu18_pattern_mining,2026-02-08T12:02:15,2,117,24,1,0.984375,0.029567060992121696,11.5705504,0.014343229937367141,0.008191349916160107,0.006151880021207035,0,4,0.0005657970032189041,0.006151880021207035,0.00025333798839710653,12845056.0,1605632.0
neu18_pattern_mining,2026-02-08T12:02:15,2,118,24,2,0.984375,0.06890063732862473,11.5705504,0.013713725056732073,0.007329070067498833,0.0063846549892332405,0,4,0.0005018959927838296,0.0063846549892332405,0.00023101101396605372,12845056.0,1605632.0
neu18_pattern_mining,2026-02-08T12:02:15,2,119,24,3,0.890625,0.6056455373764038,11.5705504,0.014242153993109241,0.007576450007036328,0.006665703986072913,0,4,0.0005156800034455955,0.006665703986072913,0.00024196499725803733,12845056.0,1605632.0
neu18_pattern_mining,2026-02-08T12:02:15,2,120,24,4,0.3333333333333333,3.999011993408203,0.5519008,0.014525123144267127,0.00817701016785577,0.0063481129764113575,0,4,0.0005461830005515367,0.0063481129764113575,0.00027151801623404026,602112.0,75264.0
neu18_pattern_mining,2026-02-08T12:02:16,3,116,24,0,1.0,0.00022804380569141358,11.5705504,0.04027396408491768,0.03274582006270066,0.00752814402221702,0,4,0.00287240999750793,0.00752814402221702,0.0004021720087621361,12845056.0,1605632.0
neu18_pattern_mining,2026-02-08T12:02:16,3,117,24,1,0.890625,1.1390448808670044,11.5705504,0.013415202993201092,0.0072667800122871995,0.006148422980913892,0,4,0.0004850910045206547,0.006148422980913892,0.00024158699670806527,12845056.0,1605632.0
neu18_pattern_mining,2026-02-08T12:02:16,3,118,24,2,0.96875,0.05174795165657997,11.5705504,0.013502875895937905,0.007155239873100072,0.006347636022837833,0,4,0.0004918529884889722,0.006347636022837833,0.00022367099882103503,12845056.0,1605632.0
neu18_pattern_mining,2026-02-08T12:02:16,3,119,24,3,0.953125,0.12163892388343811,11.5705504,0.014291337749455124,0.007517349731642753,0.006773988017812371,0,4,0.0005097519897390157,0.006773988017812371,0.0002419829834252596,12845056.0,1605632.0
neu18_pattern_mining,2026-02-08T12:02:16,3,120,24,4,1.0,0.017337923869490623,0.5519008,0.014231744746211916,0.007792879769112915,0.006438864977099001,0,4,0.0005168259958736598,0.006438864977099001,0.00026246198103763163,602112.0,75264.0
neu18_pattern_mining,2026-02-08T12:02:17,4,116,24,0,1.0,9.240310464520007e-05,11.5705504,0.0584895217907615,0.04404338978929445,0.014446132001467049,0,4,0.0037594960012938827,0.014446132001467049,0.0006448429776355624,12845056.0,1605632.0
neu18_pattern_mining,2026-02-08T12:02:17,4,117,24,1,1.0,0.01801571622490883,11.5705504,0.02063362891203724,0.0111710699275136,0.009462558984523639,0,4,0.0007214290089905262,0.009462558984523639,0.00039567798376083374,12845056.0,1605632.0
neu18_pattern_mining,2026-02-08T12:02:17,4,118,24,2,1.0,0.0008656872087158263,11.5705504,0.019855858816299587,0.010448499815538526,0.009407359000761062,0,4,0.0006900339794810861,0.009407359000761062,0.0003548160020727664,12845056.0,1605632.0
neu18_pattern_mining,2026-02-08T12:02:17,4,119,24,3,1.0,0.007790255825966597,11.5705504,0.019471941865049303,0.01017526985378936,0.009296672011259943,0,4,0.0006827900069765747,0.009296672011259943,0.0003347369784023613,12845056.0,1605632.0
neu18_pattern_mining,2026-02-08T12:02:17,4,120,24,4,0.6666666666666666,1.0002492666244507,0.5519008,0.01746750221354887,0.009649910207372159,0.00781759200617671,0,4,0.0006395720120053738,0.00781759200617671,0.00032541900873184204,602112.0,75264.0
neu18_pattern_mining,2026-02-08T12:02:19,0,121,25,0,1.0,0.0001554969494463876,11.5705504,0.02369535100297071,0.015560280007775873,0.008135070995194837,0,4,0.0011407150013837963,0.008135070995194837,0.00041531299939379096,12845056.0,1605632.0
neu18_pattern_mining,2026-02-08T12:02:19,0,122,25,1,1.0,0.00020251917885616422,11.5705504,0.016963152767857537,0.009862299775704741,0.007100852992152795,0,4,0.0006647499976679683,0.007100852992152795,0.0003214799799025059,12845056.0,1605632.0
neu18_pattern_mining,2026-02-08T12:02:19,0,123,25,2,1.0,0.009759696200489998,11.5705504,0.01622412118013017,0.00860521016875282,0.0076189110113773495,0,4,0.0005695809959433973,0.0076189110113773495,0.00029094002093188465,12845056.0,1605632.0
neu18_pattern_mining,2026-02-08T12:02:19,0,124,25,3,0.984375,0.1363595575094223,11.5705504,0.015915404772385955,0.008373079763259739,0.007542325009126216,0,4,0.0005516769888345152,0.007542325009126216,0.00028563098749145865,12845056.0,1605632.0
neu18_pattern_mining,2026-02-08T12:02:19,0,125,25,4,0.5,2.4068827629089355,0.7325344,0.01624409219948575,0.009262600215151906,0.006981491984333843,0,4,0.0006381450220942497,0.006981491984333843,0.0002881149994209409,802816.0,100352.0
neu18_pattern_mining,2026-02-08T12:02:19,1,121,25,0,1.0,7.860305777285248e-05,11.5705504,0.06463782626087777,0.04691143025411293,0.017726396006764844,0,4,0.003813915012869984,0.017726396006764844,0.000877228012541309,12845056.0,1605632.0
neu18_pattern_mining,2026-02-08T12:02:19,1,122,25,1,0.96875,0.11374281346797943,11.5705504,0.02026694582309574,0.010873279825318605,0.009393665997777134,0,4,0.0007131289748940617,0.009393665997777134,0.0003741990076377988,12845056.0,1605632.0
neu18_pattern_mining,2026-02-08T12:02:19,1,123,25,2,1.0,0.0006829504272900522,11.5705504,0.019689507957082242,0.010238779941573739,0.009450728015508503,0,4,0.0006661539955530316,0.009450728015508503,0.00035772399860434234,12845056.0,1605632.0
neu18_pattern_mining,2026-02-08T12:02:19,1,124,25,3,0.953125,0.1268809586763382,11.5705504,0.01928159489762038,0.01004672987619415,0.00923486502142623,0,4,0.0006894099933560938,0.00923486502142623,0.00031526299426332116,12845056.0,1605632.0
neu18_pattern_mining,2026-02-08T12:02:20,1,125,25,4,0.3333333333333333,4.982572555541992,0.5519008,0.01764858516980894,0.009523100161459297,0.008125485008349642,0,4,0.0006244789983611554,0.008125485008349642,0.0003278310177847743,602112.0,75264.0
neu18_pattern_mining,2026-02-08T12:02:20,2,121,25,0,1.0,0.0007643039571121335,11.5705504,0.048592241073492914,0.03796881006564945,0.010623431007843465,0,4,0.003231509996112436,0.010623431007843465,0.0005653710104525089,12845056.0,1605632.0
neu18_pattern_mining,2026-02-08T12:02:20,2,122,25,1,0.90625,1.4049451351165771,11.5705504,0.013010777794988826,0.007022149802651256,0.00598862799233757,0,4,0.0004630309995263815,0.00598862799233757,0.00023918398073874414,12845056.0,1605632.0
neu18_pattern_mining,2026-02-08T12:02:20,2,123,25,2,0.90625,0.30576491355895996,11.5705504,0.014295623870566487,0.0076602198532782495,0.006635404017288238,0,4,0.0005099579866509885,0.006635404017288238,0.0002560639986768365,12845056.0,1605632.0
neu18_pattern_mining,2026-02-08T12:02:20,2,124,25,3,0.953125,0.2794943153858185,11.5705504,0.014784443250391632,0.007857490272726864,0.006926952977664769,0,4,0.0005026510043535382,0.006926952977664769,0.0002830980229191482,12845056.0,1605632.0
neu18_pattern_mining,2026-02-08T12:02:20,2,125,25,4,0.3333333333333333,4.138034343719482,0.5519008,0.014652482874225825,0.008252869884017855,0.00639961299020797,0,4,0.0005364439857657999,0.00639961299020797,0.0002888430026359856,602112.0,75264.0
neu18_pattern_mining,2026-02-08T12:02:21,3,121,25,0,1.0,8.439261728199199e-05,11.5705504,0.038293179124593735,0.03083954012254253,0.0074536390020512044,0,4,0.0026595570088829845,0.0074536390020512044,0.0004243970033712685,12845056.0,1605632.0
neu18_pattern_mining,2026-02-08T12:02:21,3,122,25,1,1.0,0.0001880894706118852,11.5705504,0.013827486080117524,0.007396340079139918,0.006431146000977606,0,4,0.00048353601596318185,0.006431146000977606,0.00025609799195080996,12845056.0,1605632.0
neu18_pattern_mining,2026-02-08T12:02:21,3,123,25,2,1.0,0.001690233708359301,11.5705504,0.013439887145068496,0.007022340141702443,0.006417547003366053,0,4,0.0004632500058505684,0.006417547003366053,0.00023898400831967592,12845056.0,1605632.0
neu18_pattern_mining,2026-02-08T12:02:21,3,124,25,3,0.984375,0.014507357962429523,11.5705504,0.01344091899227351,0.007051709981169552,0.006389209011103958,0,4,0.00045939499977976084,0.006389209011103958,0.0002457759983371943,12845056.0,1605632.0
neu18_pattern_mining,2026-02-08T12:02:21,3,125,25,4,1.0,0.017874591052532196,0.5519008,0.01302846398903057,0.007143830007407814,0.0058846339816227555,0,4,0.00046939801541157067,0.0058846339816227555,0.00024498498532921076,602112.0,75264.0
neu18_pattern_mining,2026-02-08T12:02:22,4,121,25,0,1.0,3.69936169590801e-05,11.5705504,0.03600930602988228,0.0283124900306575,0.007696815999224782,0,4,0.002379796002060175,0.007696815999224782,0.00045145300100557506,12845056.0,1605632.0
neu18_pattern_mining,2026-02-08T12:02:22,4,122,25,1,1.0,4.492735752137378e-05,11.5705504,0.00973548088222742,0.005108639888931066,0.004626840993296355,0,4,0.0003170739801134914,0.004626840993296355,0.00019379000877961516,12845056.0,1605632.0
neu18_pattern_mining,2026-02-08T12:02:22,4,123,25,2,1.0,0.00028259679675102234,11.5705504,0.010615681880153716,0.005677749868482351,0.004937932011671364,0,4,0.0003754749777726829,0.004937932011671364,0.00019230000907555223,12845056.0,1605632.0
neu18_pattern_mining,2026-02-08T12:02:22,4,124,25,3,0.96875,0.2023862600326538,11.5705504,0.011098711809609085,0.005913789791520685,0.0051849220180884,0,4,0.0003925309865735471,0.0051849220180884,0.00019884799257852137,12845056.0,1605632.0
neu18_pattern_mining,2026-02-08T12:02:22,4,125,25,4,1.0,0.007199736777693033,0.5519008,0.011914362956304103,0.006476849957834929,0.005437512998469174,0,4,0.00042748800478875637,0.005437512998469174,0.00022019699099473655,602112.0,75264.0
neu18_pattern_mining,2026-02-08T12:02:23,0,126,26,0,1.0,0.015311799943447113,11.5705504,0.03001910206512548,0.018904010066762567,0.011115091998362914,0,4,0.001374634011881426,0.011115091998362914,0.0005157669947948307,12845056.0,1605632.0
neu18_pattern_mining,2026-02-08T12:02:23,0,127,26,1,0.9375,0.15361200273036957,11.5705504,0.011588187160668895,0.006307290168479085,0.00528089699218981,0,4,0.00041429500561207533,0.00528089699218981,0.00021643401123583317,12845056.0,1605632.0
neu18_pattern_mining,2026-02-08T12:02:23,0,128,26,2,1.0,0.019721856340765953,11.5705504,0.011685208330163732,0.006127420347183943,0.005557787982979789,0,4,0.0003993450081907213,0.005557787982979789,0.000213397026527673,12845056.0,1605632.0
neu18_pattern_mining,2026-02-08T12:02:23,0,129,26,3,0.890625,0.3265778422355652,11.5705504,0.012542535085231066,0.006668560090474784,0.005873974994756281,0,4,0.0004412929993122816,0.005873974994756281,0.00022556300973519683,12845056.0,1605632.0
neu18_pattern_mining,2026-02-08T12:02:23,0,130,26,4,0.75,2.2954657077789307,0.7325344,0.013611088681500405,0.007706659671384841,0.005904429010115564,0,4,0.0005422409740276635,0.005904429010115564,0.00022842499311082065,802816.0,100352.0
neu18_pattern_mining,2026-02-08T12:02:24,1,126,26,0,1.0,0.00013313483214005828,11.5705504,0.06963226792868227,0.051204079936724156,0.01842818799195811,0,4,0.004258664004737511,0.01842818799195811,0.0008617439889349043,12845056.0,1605632.0
neu18_pattern_mining,2026-02-08T12:02:24,1,127,26,1,0.984375,0.06400944292545319,11.5705504,0.020259527052985504,0.010815940040629357,0.009443587012356147,0,4,0.0007123590039554983,0.009443587012356147,0.00036923500010743737,12845056.0,1605632.0
neu18_pattern_mining,2026-02-08T12:02:24,1,128,26,2,0.953125,0.11727955937385559,11.5705504,0.019711511238710955,0.010319560242351145,0.00939195099635981,0,4,0.0006728210137225688,0.00939195099635981,0.0003591350105125457,12845056.0,1605632.0
neu18_pattern_mining,2026-02-08T12:02:24,1,129,26,3,0.984375,0.058404043316841125,11.5705504,0.019258923217421398,0.010082750231958926,0.009176172985462472,0,4,0.0006881410081405193,0.009176172985462472,0.0003201340150553733,12845056.0,1605632.0
neu18_pattern_mining,2026-02-08T12:02:24,1,130,26,4,0.6666666666666666,0.5707619786262512,0.5519008,0.017346100154099986,0.00966868014074862,0.007677420013351366,0,4,0.0006270589947234839,0.007677420013351366,0.0003398090193513781,602112.0,75264.0
neu18_pattern_mining,2026-02-08T12:02:25,2,126,26,0,1.0,0.0002152488596038893,11.5705504,0.05112981898128055,0.03983967995736748,0.01129013902391307,0,4,0.0034074749855790287,0.01129013902391307,0.0005764930101577193,12845056.0,1605632.0
neu18_pattern_mining,2026-02-08T12:02:25,2,127,26,1,0.953125,0.7594947218894958,11.5705504,0.016576069931034,0.008930579933803529,0.00764548999723047,0,4,0.0005774390010628849,0.00764548999723047,0.00031561899231746793,12845056.0,1605632.0
neu18_pattern_mining,2026-02-08T12:02:25,2,128,26,2,1.0,0.00022831687238067389,11.5705504,0.018904356023995206,0.010459210025146604,0.008445145998848602,0,4,0.0006384919979609549,0.008445145998848602,0.00040742900455370545,12845056.0,1605632.0
neu18_pattern_mining,2026-02-08T12:02:25,2,129,26,3,0.953125,0.17786596715450287,11.5705504,0.01615295186638832,0.0085970398504287,0.0075559120159596205,0,4,0.000558389991056174,0.0075559120159596205,0.000301313993986696,12845056.0,1605632.0
neu18_pattern_mining,2026-02-08T12:02:25,2,130,26,4,0.6666666666666666,4.733212471008301,0.5519008,0.01691953296540305,0.009148709941655397,0.007770823023747653,0,4,0.0006032859964761883,0.007770823023747653,0.00031158499768935144,602112.0,75264.0
neu18_pattern_mining,2026-02-08T12:02:26,3,126,26,0,1.0,0.0003054951666854322,11.5705504,0.041195062891347334,0.03331021987833083,0.007884843013016507,0,4,0.0029336430015973747,0.007884843013016507,0.000397378986235708,12845056.0,1605632.0
neu18_pattern_mining,2026-02-08T12:02:26,3,127,26,1,0.984375,0.33022984862327576,11.5705504,0.012921854824526235,0.006921769818291068,0.006000085006235167,0,4,0.0004492199805099517,0.006000085006235167,0.0002429570013191551,12845056.0,1605632.0
neu18_pattern_mining,2026-02-08T12:02:26,3,128,26,2,1.0,0.0004263683222234249,11.5705504,0.014780525991227478,0.007826410001143813,0.006954115990083665,0,4,0.0005193550023250282,0.006954115990083665,0.00026328599778935313,12845056.0,1605632.0
neu18_pattern_mining,2026-02-08T12:02:26,3,129,26,3,0.9375,0.21800190210342407,11.5705504,0.013491870136931539,0.007032070134300739,0.0064598000026308,0,4,0.0004595640057232231,0.0064598000026308,0.00024364300770685077,12845056.0,1605632.0
neu18_pattern_mining,2026-02-08T12:02:26,3,130,26,4,0.3333333333333333,3.417562246322632,0.5519008,0.014030362071935087,0.007392060069832951,0.006638302002102137,0,4,0.0004870510019827634,0.006638302002102137,0.0002521550050005317,602112.0,75264.0
neu18_pattern_mining,2026-02-08T12:02:27,4,126,26,0,1.0,4.4572079787030816e-05,11.5705504,0.049172519880812615,0.04156179988058284,0.007610720000229776,0,4,0.0037496029981411994,0.007610720000229776,0.0004065769899170846,12845056.0,1605632.0
neu18_pattern_mining,2026-02-08T12:02:27,4,127,26,1,0.984375,0.02070477046072483,11.5705504,0.012962007051100954,0.006960470054764301,0.006001536996336654,0,4,0.00044322898611426353,0.006001536996336654,0.0002528180193621665,12845056.0,1605632.0
neu18_pattern_mining,2026-02-08T12:02:27,4,128,26,2,0.96875,0.3213118314743042,11.5705504,0.01414147688774392,0.007661079871468246,0.006480397016275674,0,4,0.0005018590018153191,0.006480397016275674,0.00026424898533150554,12845056.0,1605632.0
neu18_pattern_mining,2026-02-08T12:02:27,4,129,26,3,0.984375,0.029842328280210495,11.5705504,0.013652739115059376,0.0072872001328505576,0.006365538982208818,0,4,0.00047449901467189193,0.006365538982208818,0.00025422099861316383,12845056.0,1605632.0
neu18_pattern_mining,2026-02-08T12:02:27,4,130,26,4,0.3333333333333333,5.3205156326293945,0.5519008,0.014256096939789131,0.007686369935981929,0.006569727003807202,0,4,0.0005048970051575452,0.006569727003807202,0.0002637399884406477,602112.0,75264.0
neu18_pattern_mining,2026-02-08T12:02:28,0,131,27,0,1.0,0.000849213800393045,11.5705504,0.04142040538135916,0.030528400384355336,0.010892004997003824,0,4,0.0024157980224117637,0.010892004997003824,0.00063704201602377,12845056.0,1605632.0
neu18_pattern_mining,2026-02-08T12:02:28,0,132,27,1,1.0,0.004469885025173426,11.5705504,0.020621480769477785,0.011193739774171263,0.009427740995306522,0,4,0.0007203709974419326,0.009427740995306522,0.00039900297997519374,12845056.0,1605632.0
neu18_pattern_mining,2026-02-08T12:02:28,0,133,27,2,0.859375,0.8740914463996887,11.5705504,0.017788650206057355,0.009417490218766034,0.008371159987291321,0,4,0.0006227060221135616,0.008371159987291321,0.00031904299976304173,12845056.0,1605632.0
neu18_pattern_mining,2026-02-08T12:02:28,0,134,27,3,0.96875,0.18502894043922424,11.5705504,0.01769277293351479,0.009326309955213219,0.00836646297830157,0,4,0.0006153589929454029,0.00836646297830157,0.00031727200257591903,12845056.0,1605632.0
neu18_pattern_mining,2026-02-08T12:02:28,0,135,27,4,0.5,3.7542779445648193,0.7325344,0.016709337738575414,0.00908912974409759,0.007620207994477823,0,4,0.0006204489909578115,0.007620207994477823,0.00028846398345194757,802816.0,100352.0
neu18_pattern_mining,2026-02-08T12:02:29,1,131,27,0,1.0,3.1875999411568046e-05,11.5705504,0.0422617640288081,0.03295442002126947,0.009307344007538632,0,4,0.0027631749981082976,0.009307344007538632,0.0005322670040186495,12845056.0,1605632.0
neu18_pattern_mining,2026-02-08T12:02:29,1,132,27,1,1.0,0.00232434319332242,11.5705504,0.01755283889360726,0.009827539906837046,0.007725298986770213,0,4,0.000642945000436157,0.007725298986770213,0.0003398089902475476,12845056.0,1605632.0
neu18_pattern_mining,2026-02-08T12:02:29,1,133,27,2,1.0,0.010267370380461216,11.5705504,0.014603858202463016,0.0077403002069331706,0.006863557995529845,0,4,0.0005070159968454391,0.006863557995529845,0.000267014023847878,12845056.0,1605632.0
neu18_pattern_mining,2026-02-08T12:02:29,1,134,27,3,0.96875,0.05753502994775772,11.5705504,0.013541786174755543,0.006614290177822113,0.00692749599693343,0,4,0.0005176280101295561,0.00692749599693343,0.00014380100765265524,12845056.0,1605632.0
neu18_pattern_mining,2026-02-08T12:02:29,1,135,27,4,0.6666666666666666,0.9033777117729187,0.5519008,0.014877463079756126,0.007979930087458342,0.0068975329922977835,0,4,0.0005259700119495392,0.0068975329922977835,0.00027202299679629505,602112.0,75264.0
neu18_pattern_mining,2026-02-08T12:02:30,2,131,27,0,1.0,0.002450101776048541,11.5705504,0.035769691778114066,0.028327719774097204,0.007441972004016861,0,4,0.002410789980785921,0.007441972004016861,0.0004219819966237992,12845056.0,1605632.0
neu18_pattern_mining,2026-02-08T12:02:30,2,132,27,1,0.921875,1.2442420721054077,11.5705504,0.008927569026127458,0.004852580022998154,0.0040749890031293035,0,4,0.0003162770008202642,0.0040749890031293035,0.0001689810014795512,12845056.0,1605632.0
neu18_pattern_mining,2026-02-08T12:02:30,2,133,27,2,0.984375,0.012953273952007294,11.5705504,0.008745697094127536,0.004695570096373558,0.004050126997753978,0,4,0.000312710995785892,0.004050126997753978,0.0001568460138514638,12845056.0,1605632.0
neu18_pattern_mining,2026-02-08T12:02:30,2,134,27,3,0.875,0.49876105785369873,11.5705504,0.008198532916139811,0.004767639911733568,0.0034308930044062436,0,4,0.00034105198574252427,0.0034308930044062436,0.0001357120054308325,12845056.0,1605632.0
neu18_pattern_mining,2026-02-08T12:02:30,2,135,27,4,0.6666666666666666,0.48908481001853943,0.5519008,0.008532942942110822,0.005130009958520532,0.00340293298359029,0,4,0.00036460498813539743,0.00340293298359029,0.00014839600771665573,602112.0,75264.0
neu18_pattern_mining,2026-02-08T12:02:31,3,131,27,0,1.0,0.00036518817069008946,11.5705504,0.03211992874275893,0.024364869750570506,0.007755058992188424,0,4,0.002049815986538306,0.007755058992188424,0.0003866709885187447,12845056.0,1605632.0
neu18_pattern_mining,2026-02-08T12:02:31,3,132,27,1,0.953125,0.5444258451461792,11.5705504,0.011640480923233554,0.006366409943439066,0.005274070979794487,0,4,0.0004260239948052913,0.005274070979794487,0.00021061699953861535,12845056.0,1605632.0
neu18_pattern_mining,2026-02-08T12:02:31,3,133,27,2,0.953125,0.42820990085601807,11.5705504,0.010330790333682671,0.005402450333349407,0.0049283400003332645,0,4,0.0003550640249159187,0.0049283400003332645,0.00018518100841902196,12845056.0,1605632.0
neu18_pattern_mining,2026-02-08T12:02:31,3,134,27,3,1.0,0.008579971268773079,11.5705504,0.00858505509677343,0.004591050092130899,0.003994005004642531,0,4,0.0003051050007343292,0.003994005004642531,0.00015400000847876072,12845056.0,1605632.0
neu18_pattern_mining,2026-02-08T12:02:31,3,135,27,4,0.3333333333333333,2.403104066848755,0.5519008,0.008595484017860144,0.004683209990616888,0.003912274027243257,0,4,0.0003091749968007207,0.003912274027243257,0.0001591460022609681,602112.0,75264.0
neu18_pattern_mining,2026-02-08T12:02:32,4,131,27,0,1.0,0.003399717155843973,11.5705504,0.038637497898889706,0.02983610989758745,0.008801388001302257,0,4,0.002504761010641232,0.008801388001302257,0.0004788499791175127,12845056.0,1605632.0
neu18_pattern_mining,2026-02-08T12:02:32,4,132,27,1,0.96875,0.05273188650608063,11.5705504,0.011558673024410382,0.006340660038404167,0.005218012986006215,0,4,0.00042478801333345473,0.005218012986006215,0.00020927799050696194,12845056.0,1605632.0
neu18_pattern_mining,2026-02-08T12:02:32,4,133,27,2,1.0,0.01404861081391573,11.5705504,0.009569535148330033,0.005169770156498998,0.004399764991831034,0,4,0.0003463480097707361,0.004399764991831034,0.00017062900587916374,12845056.0,1605632.0
neu18_pattern_mining,2026-02-08T12:02:32,4,134,27,3,0.96875,0.0859193354845047,11.5705504,0.009280908096116036,0.005043350101914257,0.004237557994201779,0,4,0.00034472800325602293,0.004237557994201779,0.00015960700693540275,12845056.0,1605632.0
neu18_pattern_mining,2026-02-08T12:02:32,4,135,27,4,0.6666666666666666,0.29448944330215454,0.5519008,0.00923356309067458,0.005298480100464076,0.003935082990210503,0,4,0.0003668400167953223,0.003935082990210503,0.00016300799325108528,602112.0,75264.0
neu18_pattern_mining,2026-02-08T12:02:33,0,136,28,0,1.0,0.00013809464871883392,11.5705504,0.03344877090421505,0.025274879881180823,0.00817389102303423,0,4,0.002073990006465465,0.00817389102303423,0.00045349798165261745,12845056.0,1605632.0
neu18_pattern_mining,2026-02-08T12:02:33,0,137,28,1,0.921875,0.7207258939743042,11.5705504,0.013967692037113011,0.007073610031511635,0.006894082005601376,0,4,0.0004071909934282303,0.006894082005601376,0.0003001700097229332,12845056.0,1605632.0
neu18_pattern_mining,2026-02-08T12:02:33,0,138,28,2,0.96875,0.08107014000415802,11.5705504,0.016174593998584896,0.008594579994678497,0.007580014003906399,0,4,0.0005661730247084051,0.007580014003906399,0.0002932849747594446,12845056.0,1605632.0
neu18_pattern_mining,2026-02-08T12:02:33,0,139,28,3,0.90625,0.29851746559143066,11.5705504,0.01603651395998895,0.008466739964205772,0.00756977399578318,0,4,0.0005587089981418103,0.00756977399578318,0.00028796499827876687,12845056.0,1605632.0
neu18_pattern_mining,2026-02-08T12:02:33,0,140,28,4,1.0,0.009513163939118385,0.7325344,0.017093645146815106,0.009286930144298822,0.007806715002516285,0,4,0.0006563469942193478,0.007806715002516285,0.00027234602021053433,802816.0,100352.0
neu18_pattern_mining,2026-02-08T12:02:34,1,136,28,0,1.0,0.0010798507137224078,11.5705504,0.04147489814204164,0.03213434014469385,0.009340557997347787,0,4,0.002708645013626665,0.009340557997347787,0.0005047890008427203,12845056.0,1605632.0
neu18_pattern_mining,2026-02-08T12:02:34,1,137,28,1,0.921875,1.095914602279663,11.5705504,0.016570203035371378,0.00896729005035013,0.0076029129850212485,0,4,0.0005792320007458329,0.0076029129850212485,0.00031749700428918004,12845056.0,1605632.0
neu18_pattern_mining,2026-02-08T12:02:34,1,138,28,2,1.0,0.00034546185634098947,11.5705504,0.013671635882928967,0.007303569873329252,0.0063680660095997155,0,4,0.0004835590079892427,0.0063680660095997155,0.00024679797934368253,12845056.0,1605632.0
neu18_pattern_mining,2026-02-08T12:02:34,1,139,28,3,1.0,0.008190317079424858,11.5705504,0.013510729826521128,0.007182289846241474,0.006328439980279654,0,4,0.00046010297955945134,0.006328439980279654,0.0002581260050646961,12845056.0,1605632.0
neu18_pattern_mining,2026-02-08T12:02:34,1,140,28,4,0.6666666666666666,1.8071956634521484,0.5519008,0.0137372158060316,0.007534409814979881,0.006202805991051719,0,4,0.0005040809919591993,0.006202805991051719,0.0002493599895387888,602112.0,75264.0
neu18_pattern_mining,2026-02-08T12:02:35,2,136,28,0,0.984375,0.1884002834558487,11.5705504,0.04959421817329712,0.038509860169142485,0.011084358004154637,0,4,0.003300145996036008,0.011084358004154637,0.0005508400208782405,12845056.0,1605632.0
neu18_pattern_mining,2026-02-08T12:02:35,2,137,28,1,0.8125,1.646095871925354,11.5705504,0.016508506058016792,0.008842310053296387,0.007666196004720405,0,4,0.0005824289983138442,0.007666196004720405,0.0003018020070157945,12845056.0,1605632.0
neu18_pattern_mining,2026-02-08T12:02:35,2,138,28,2,0.96875,0.09171868860721588,11.5705504,0.013691866275621578,0.007296610274352133,0.006395256001269445,0,4,0.00047709300997667015,0.006395256001269445,0.0002525680174585432,12845056.0,1605632.0
neu18_pattern_mining,2026-02-08T12:02:35,2,139,28,3,0.953125,0.12569722533226013,11.5705504,0.014589710190193728,0.007739300199318677,0.00685040999087505,0,4,0.0005133800150360912,0.00685040999087505,0.0002605500048957765,12845056.0,1605632.0
neu18_pattern_mining,2026-02-08T12:02:35,2,140,28,4,0.3333333333333333,0.6954307556152344,0.5519008,0.013701572199352086,0.007487090188078582,0.006214482011273503,0,4,0.0004907480033580214,0.006214482011273503,0.00025796101544983685,602112.0,75264.0
neu18_pattern_mining,2026-02-08T12:02:36,3,136,28,0,1.0,5.8476256526773795e-05,11.5705504,0.038785418146289885,0.02973682014271617,0.009048598003573716,0,4,0.002492108993465081,0.009048598003573716,0.0004815730208065361,12845056.0,1605632.0
neu18_pattern_mining,2026-02-08T12:02:36,3,137,28,1,1.0,0.000590741983614862,11.5705504,0.015169223945122212,0.008156739932019264,0.007012484013102949,0,4,0.0005370069993659854,0.007012484013102949,0.00027866699383594096,12845056.0,1605632.0
neu18_pattern_mining,2026-02-08T12:02:36,3,138,28,2,1.0,0.00012933244579471648,11.5705504,0.011838019679998979,0.0062367296777665615,0.0056012900022324175,0,4,0.00041202898137271404,0.0056012900022324175,0.0002116439864039421,12845056.0,1605632.0
neu18_pattern_mining,2026-02-08T12:02:36,3,139,28,3,0.953125,0.22808420658111572,11.5705504,0.013391654269071296,0.007055880269035697,0.006335774000035599,0,4,0.00046477801515720785,0.006335774000035599,0.00024081001174636185,12845056.0,1605632.0
neu18_pattern_mining,2026-02-08T12:02:36,3,140,28,4,0.3333333333333333,1.164747714996338,0.5519008,0.013973132940009236,0.008088409958872944,0.005884722981136292,0,4,0.0005467110022436827,0.005884722981136292,0.00026212999364361167,602112.0,75264.0
neu18_pattern_mining,2026-02-08T12:02:37,4,136,28,0,1.0,0.0002950244233943522,11.5705504,0.057841300033032894,0.04405921004945412,0.013782089983578771,0,4,0.0037115430168341845,0.013782089983578771,0.0006943779881112278,12845056.0,1605632.0
neu18_pattern_mining,2026-02-08T12:02:37,4,137,28,1,1.0,0.001673963968642056,11.5705504,0.020107061747694388,0.010686149762477726,0.009420911985216662,0,4,0.0007013239955995232,0.009420911985216662,0.0003672909806482494,12845056.0,1605632.0
neu18_pattern_mining,2026-02-08T12:02:37,4,138,28,2,0.84375,0.5845649838447571,11.5705504,0.018030367995379493,0.009570289985276759,0.008460078010102734,0,4,0.0006242159870453179,0.008460078010102734,0.000332813011482358,12845056.0,1605632.0
neu18_pattern_mining,2026-02-08T12:02:37,4,139,28,3,1.0,0.0021521577145904303,11.5705504,0.017792722093872726,0.009475570113863796,0.00831715198000893,0,4,0.0006127080123405904,0.00831715198000893,0.00033484899904578924,12845056.0,1605632.0
neu18_pattern_mining,2026-02-08T12:02:37,4,140,28,4,1.0,0.022605160251259804,0.5519008,0.017579633044078946,0.009829920018091798,0.007749713025987148,0,4,0.0006595159939024597,0.007749713025987148,0.00032347600790672004,602112.0,75264.0
neu18_pattern_mining,2026-02-08T12:02:38,0,141,29,0,1.0,0.00023999522090889513,11.5705504,0.03730134307988919,0.026148330071009696,0.011153013008879498,0,4,0.0019403700134716928,0.011153013008879498,0.0006744629936292768,12845056.0,1605632.0
neu18_pattern_mining,2026-02-08T12:02:38,0,142,29,1,1.0,0.0006457754643633962,11.5705504,0.014455619850195944,0.007950039871502668,0.006505579978693277,0,4,0.0005259739991743118,0.006505579978693277,0.000269029987975955,12845056.0,1605632.0
neu18_pattern_mining,2026-02-08T12:02:38,0,143,29,2,0.921875,0.6872835755348206,11.5705504,0.014436569734243676,0.00776149972807616,0.006675070006167516,0,4,0.0005276649899315089,0.006675070006167516,0.0002484849828761071,12845056.0,1605632.0
neu18_pattern_mining,2026-02-08T12:02:38,0,144,29,3,1.0,0.008784781210124493,11.5705504,0.01471276328084059,0.00782252027420327,0.00689024300663732,0,4,0.0005181380256544799,0.00689024300663732,0.0002641140017658472,12845056.0,1605632.0
neu18_pattern_mining,2026-02-08T12:02:38,0,145,29,4,1.0,0.00024263706291094422,0.7325344,0.01187326610670425,0.006397390097845346,0.005475876008858904,0,4,0.00044233299558982253,0.005475876008858904,0.00019740601419471204,802816.0,100352.0
neu18_pattern_mining,2026-02-08T12:02:39,1,141,29,0,1.0,0.00010352276876801625,11.5705504,0.06946214809431694,0.05569911008933559,0.013763038004981354,0,4,0.0047729719954077154,0.013763038004981354,0.0007969390135258436,12845056.0,1605632.0
neu18_pattern_mining,2026-02-08T12:02:39,1,142,29,1,1.0,0.005129198078066111,11.5705504,0.0205670187715441,0.011094499786850065,0.009472518984694034,0,4,0.0007201599946711212,0.009472518984694034,0.00038928998401388526,12845056.0,1605632.0
neu18_pattern_mining,2026-02-08T12:02:39,1,143,29,2,0.953125,0.18017688393592834,11.5705504,0.02030043615377508,0.01084309013094753,0.00945734602282755,0,4,0.0007002140046097338,0.00945734602282755,0.0003840950084850192,12845056.0,1605632.0
neu18_pattern_mining,2026-02-08T12:02:39,1,144,29,3,0.921875,0.21822163462638855,11.5705504,0.02067456900840625,0.011281449988018721,0.00939311902038753,0,4,0.0007362909964285791,0.00939311902038753,0.00039185400237329304,12845056.0,1605632.0
neu18_pattern_mining,2026-02-08T12:02:39,1,145,29,4,0.0,7.8533477783203125,0.5519008,0.020023914170451462,0.011237540165893734,0.008786374004557729,0,4,0.0007315080147236586,0.008786374004557729,0.0003922460018657148,602112.0,75264.0
neu18_pattern_mining,2026-02-08T12:02:40,2,141,29,0,1.0,0.00022028869716450572,11.5705504,0.044624657050007954,0.03556512005161494,0.009059536998393014,0,4,0.0030865919834468514,0.009059536998393014,0.00046992002171464264,12845056.0,1605632.0
neu18_pattern_mining,2026-02-08T12:02:40,2,142,29,1,1.0,0.008108089677989483,11.5705504,0.018327606900129467,0.009892059897538275,0.008435547002591193,0,4,0.0006399969861377031,0.008435547002591193,0.0003492090036161244,12845056.0,1605632.0
neu18_pattern_mining,2026-02-08T12:02:40,2,143,29,2,1.0,0.00573643296957016,11.5705504,0.016167473018867895,0.008563110022805631,0.007604362996062264,0,4,0.0005582720041275024,0.007604362996062264,0.0002980389981530607,12845056.0,1605632.0
neu18_pattern_mining,2026-02-08T12:02:40,2,144,29,3,0.9375,0.2535679340362549,11.5705504,0.012468138127587736,0.006531540129799396,0.00593659799778834,0,4,0.00042760701035149395,0.00593659799778834,0.00022554700262844563,12845056.0,1605632.0
neu18_pattern_mining,2026-02-08T12:02:40,2,145,29,4,0.6666666666666666,1.650132656097412,0.5519008,0.011435736349085346,0.006170450360514224,0.005265285988571122,0,4,0.00040110101690515876,0.005265285988571122,0.0002159440191462636,602112.0,75264.0
neu18_pattern_mining,2026-02-08T12:02:41,3,141,29,0,1.0,1.4040197129361331e-05,11.5705504,0.04413988580927253,0.034815429826267064,0.009324455983005464,0,4,0.0029926069837529212,0.009324455983005464,0.0004889359988737851,12845056.0,1605632.0
neu18_pattern_mining,2026-02-08T12:02:41,3,142,29,1,1.0,0.00028526264941319823,11.5705504,0.013097509712679312,0.007092069718055427,0.0060054399946238846,0,4,0.00046769098844379187,0.0060054399946238846,0.00024151598336175084,12845056.0,1605632.0
neu18_pattern_mining,2026-02-08T12:02:41,3,143,29,2,0.953125,0.16843445599079132,11.5705504,0.01078511809464544,0.005613350076600909,0.005171768018044531,0,4,0.0003702600079122931,0.005171768018044531,0.00019107499974779785,12845056.0,1605632.0
neu18_pattern_mining,2026-02-08T12:02:41,3,144,29,3,1.0,0.001814311370253563,11.5705504,0.008887602656614035,0.004679459671024233,0.004208142985589802,0,4,0.0003077769943047315,0.004208142985589802,0.00016016897279769182,12845056.0,1605632.0
neu18_pattern_mining,2026-02-08T12:02:41,3,145,29,4,0.3333333333333333,2.753995180130005,0.5519008,0.009372100204927847,0.005245820211712271,0.004126279993215576,0,4,0.0003571330162230879,0.004126279993215576,0.0001674490049481392,602112.0,75264.0
neu18_pattern_mining,2026-02-08T12:02:42,4,141,29,0,1.0,0.0006851791986264288,11.5705504,0.04408186793443747,0.035131259937770665,0.008950607996666804,0,4,0.003010395012097433,0.008950607996666804,0.0005027309816796333,12845056.0,1605632.0
neu18_pattern_mining,2026-02-08T12:02:42,4,142,29,1,0.90625,0.7419301867485046,11.5705504,0.012038985354593024,0.0064171303529292345,0.005621855001663789,0,4,0.00041660101851448417,0.005621855001663789,0.00022511201677843928,12845056.0,1605632.0
neu18_pattern_mining,2026-02-08T12:02:42,4,143,29,2,1.0,0.0005558822304010391,11.5705504,0.011217766092158854,0.0059526500990614295,0.0052651159930974245,0,4,0.00039537300472147763,0.0052651159930974245,0.00019989200518466532,12845056.0,1605632.0
neu18_pattern_mining,2026-02-08T12:02:42,4,144,29,3,0.953125,0.3344774544239044,11.5705504,0.009822991123655811,0.005388460122048855,0.004434531001606956,0,4,0.00036843601264990866,0.004434531001606956,0.00017040999955497682,12845056.0,1605632.0
neu18_pattern_mining,2026-02-08T12:02:42,4,145,29,4,0.6666666666666666,0.3411306142807007,0.5519008,0.008812614600174129,0.0048290195991285145,0.0039835950010456145,0,4,0.00032167197787202895,0.0039835950010456145,0.0001612299820408225,602112.0,75264.0
neu18_pattern_mining,2026-02-08T12:02:43,0,146,30,0,1.0,8.136057294905186e-05,11.5705504,0.030275285011157393,0.02256223000586033,0.007713055005297065,0,4,0.001848982006777078,0.007713055005297065,0.00040724099380895495,12845056.0,1605632.0
neu18_pattern_mining,2026-02-08T12:02:43,0,147,30,1,0.96875,0.08641829341650009,11.5705504,0.01605329301673919,0.009055580012500286,0.0069977130042389035,0,4,0.000601503998041153,0.0069977130042389035,0.00030405400320887566,12845056.0,1605632.0
neu18_pattern_mining,2026-02-08T12:02:43,0,148,30,2,1.0,0.0003527956723701209,11.5705504,0.014767332759220153,0.00782281975261867,0.006944513006601483,0,4,0.0005156039842404425,0.006944513006601483,0.00026667799102142453,12845056.0,1605632.0
neu18_pattern_mining,2026-02-08T12:02:43,0,149,30,3,0.96875,0.1311035007238388,11.5705504,0.01472738990560174,0.007860249897930771,0.006867140007670969,0,4,0.0005116889951750636,0.006867140007670969,0.0002743359946180135,12845056.0,1605632.0
neu18_pattern_mining,2026-02-08T12:02:43,0,150,30,4,0.25,2.5316038131713867,0.7325344,0.015548007999313995,0.008503819990437478,0.007044188008876517,0,4,0.0005719589826185256,0.007044188008876517,0.00027842301642522216,802816.0,100352.0
neu18_pattern_mining,2026-02-08T12:02:44,1,146,30,0,1.0,1.848392275860533e-05,11.5705504,0.03518238288233988,0.027644879883155227,0.007537502999184653,0,4,0.0023398739867843688,0.007537502999184653,0.0004246140015311539,12845056.0,1605632.0
neu18_pattern_mining,2026-02-08T12:02:44,1,147,30,1,1.0,7.507946520490805e-06,11.5705504,0.01138904524850659,0.007319100259337574,0.0040699449891690165,0,4,0.0005341180076356977,0.0040699449891690165,0.0001977920182980597,12845056.0,1605632.0
neu18_pattern_mining,2026-02-08T12:02:44,1,148,30,2,1.0,0.0007721789297647774,11.5705504,0.009381467039929703,0.005507970054168254,0.0038734969857614487,0,4,0.0003705700219143182,0.0038734969857614487,0.0001802269835025072,12845056.0,1605632.0
neu18_pattern_mining,2026-02-08T12:02:44,1,149,30,3,1.0,0.002513290848582983,11.5705504,0.011406886071199551,0.006424220046028495,0.004982666025171056,0,4,0.0004092860035598278,0.004982666025171056,0.00023313600104302168,12845056.0,1605632.0
neu18_pattern_mining,2026-02-08T12:02:44,1,150,30,4,0.6666666666666666,2.994188070297241,0.5519008,0.011937217059312388,0.00697348004905507,0.004963737010257319,0,4,0.0004679789999499917,0.004963737010257319,0.00022936900495551527,602112.0,75264.0
neu18_pattern_mining,2026-02-08T12:02:45,2,146,30,0,1.0,5.9227109886705875e-05,11.5705504,0.0372436621109955,0.02950043010059744,0.00774323201039806,0,4,0.002504778007278219,0.00774323201039806,0.00044526500278152525,12845056.0,1605632.0
neu18_pattern_mining,2026-02-08T12:02:45,2,147,30,1,1.0,0.0001750582887325436,11.5705504,0.012870330887380987,0.006898299907334149,0.0059720309800468385,0,4,0.0004399899917189032,0.0059720309800468385,0.0002498399990145117,12845056.0,1605632.0
neu18_pattern_mining,2026-02-08T12:02:45,2,148,30,2,1.0,0.010070644319057465,11.5705504,0.014475035190116614,0.007563700200989842,0.006911334989126772,0,4,0.0004946890112478286,0.006911334989126772,0.00026168100885115564,12845056.0,1605632.0
neu18_pattern_mining,2026-02-08T12:02:45,2,149,30,3,0.984375,0.0494866818189621,11.5705504,0.014520644035656005,0.007579950033687055,0.00694069400196895,0,4,0.0004959240031894296,0.00694069400196895,0.00026207100017927587,12845056.0,1605632.0
neu18_pattern_mining,2026-02-08T12:02:45,2,150,30,4,0.3333333333333333,2.989003896713257,0.5519008,0.014917273772880435,0.008184719772543758,0.006732554000336677,0,4,0.0005494639917742461,0.006732554000336677,0.0002690079854801297,602112.0,75264.0
neu18_pattern_mining,2026-02-08T12:02:46,3,146,30,0,1.0,5.516740202438086e-05,11.5705504,0.03530327309272252,0.02796498010866344,0.0073382929840590805,0,4,0.0023809970007278025,0.0073382929840590805,0.00041550101013854146,12845056.0,1605632.0
neu18_pattern_mining,2026-02-08T12:02:46,3,147,30,1,0.96875,0.08347257971763611,11.5705504,0.015124902303796262,0.008142500300891697,0.006982402002904564,0,4,0.0005364280077628791,0.006982402002904564,0.0002778220223262906,12845056.0,1605632.0
neu18_pattern_mining,2026-02-08T12:02:46,3,148,30,2,0.90625,0.5163483023643494,11.5705504,0.014563669101335108,0.007564210100099444,0.006999459001235664,0,4,0.0004929880087729543,0.006999459001235664,0.0002634330012369901,12845056.0,1605632.0
neu18_pattern_mining,2026-02-08T12:02:46,3,149,30,3,1.0,0.0005182104650884867,11.5705504,0.014657593303127214,0.007714440289419144,0.00694315301370807,0,4,0.0005112400103826076,0.00694315301370807,0.00026020401855930686,12845056.0,1605632.0
neu18_pattern_mining,2026-02-08T12:02:46,3,150,30,4,0.6666666666666666,0.5230808854103088,0.5519008,0.014700411265948787,0.007944330282043666,0.006756080983905122,0,4,0.0005180380248930305,0.006756080983905122,0.00027639500331133604,602112.0,75264.0
neu18_pattern_mining,2026-02-08T12:02:46,4,146,30,0,1.0,1.3602635590359569e-05,11.5705504,0.05106701113982126,0.041742100147530437,0.009324910992290825,0,4,0.00355771099566482,0.009324910992290825,0.0006164990190882236,12845056.0,1605632.0
neu18_pattern_mining,2026-02-08T12:02:46,4,147,30,1,1.0,7.990332233021036e-05,11.5705504,0.01674663880839944,0.009059769799932837,0.007686869008466601,0,4,0.0005927330057602376,0.007686869008466601,0.0003132439742330462,12845056.0,1605632.0
neu18_pattern_mining,2026-02-08T12:02:46,4,148,30,2,1.0,0.00011743122740881518,11.5705504,0.018015939771430567,0.009569529793225229,0.008446409978205338,0,4,0.0006386000022757798,0.008446409978205338,0.00031835297704674304,12845056.0,1605632.0
neu18_pattern_mining,2026-02-08T12:02:46,4,149,30,3,0.953125,0.14060509204864502,11.5705504,0.017936810007086024,0.009492509998381138,0.008444300008704886,0,4,0.0006132909911684692,0.008444300008704886,0.0003359600086696446,12845056.0,1605632.0
neu18_pattern_mining,2026-02-08T12:02:46,4,150,30,4,1.0,0.1996605396270752,0.5519008,0.01672652203706093,0.00896504003321752,0.007761482003843412,0,4,0.0006006800103932619,0.007761482003843412,0.00029582399292849004,602112.0,75264.0
neu18_pattern_mining,2026-02-08T12:02:48,0,151,31,0,1.0,0.0003209635033272207,11.5705504,0.03151232691016048,0.023315619910135865,0.008196707000024617,0,4,0.0018880839925259352,0.008196707000024617,0.00044347799848765135,12845056.0,1605632.0
neu18_pattern_mining,2026-02-08T12:02:48,0,152,31,1,0.96875,0.22718757390975952,11.5705504,0.01668271276867017,0.009013349772430956,0.007669362996239215,0,4,0.0005862549878656864,0.007669362996239215,0.0003150799893774092,12845056.0,1605632.0
neu18_pattern_mining,2026-02-08T12:02:48,0,153,31,2,0.9375,0.24419286847114563,11.5705504,0.016361058049369603,0.008737570024095476,0.007623488025274128,0,4,0.0005629500083159655,0.007623488025274128,0.00031080699409358203,12845056.0,1605632.0
neu18_pattern_mining,2026-02-08T12:02:48,0,154,31,3,0.984375,0.025725215673446655,11.5705504,0.015931297035422176,0.008422340033575892,0.007508957001846284,0,4,0.0005490889889188111,0.007508957001846284,0.00029314501443877816,12845056.0,1605632.0
neu18_pattern_mining,2026-02-08T12:02:48,0,155,31,4,1.0,0.0011252982076257467,0.7325344,0.017260711640119553,0.009307799628004432,0.007952912012115121,0,4,0.0006338599778246135,0.007952912012115121,0.0002969199849758297,802816.0,100352.0
neu18_pattern_mining,2026-02-08T12:02:49,1,151,31,0,0.984375,0.06043953448534012,11.5705504,0.032882753788726404,0.025244949792977422,0.007637803995748982,0,4,0.0020774779841303825,0.007637803995748982,0.0004470169951673597,12845056.0,1605632.0
neu18_pattern_mining,2026-02-08T12:02:49,1,152,31,1,0.90625,1.0140950679779053,11.5705504,0.013574012002209201,0.0066138600232079625,0.006960151979001239,0,4,0.0003792269853875041,0.006960151979001239,0.00028215901693329215,12845056.0,1605632.0
neu18_pattern_mining,2026-02-08T12:02:49,1,153,31,2,0.875,0.41609030961990356,11.5705504,0.014798869146034122,0.007804380147717893,0.006994488998316228,0,4,0.0005126120231579989,0.006994488998316228,0.0002678259916137904,12845056.0,1605632.0
neu18_pattern_mining,2026-02-08T12:02:49,1,154,31,3,1.0,0.036978136748075485,11.5705504,0.014861137286061421,0.00789307028753683,0.006968066998524591,0,4,0.0005297030147630721,0.006968066998524591,0.00025960401399061084,12845056.0,1605632.0
neu18_pattern_mining,2026-02-08T12:02:49,1,155,31,4,1.0,0.025425061583518982,0.5519008,0.0150110520189628,0.008226920035667717,0.006784131983295083,0,4,0.0005361819930840284,0.006784131983295083,0.0002865100104827434,602112.0,75264.0
neu18_pattern_mining,2026-02-08T12:02:50,2,151,31,0,1.0,9.65373546932824e-05,11.5705504,0.05945951218018308,0.04802119015948847,0.011438322020694613,0,4,0.004097049997653812,0.011438322020694613,0.0007050690182950348,12845056.0,1605632.0
neu18_pattern_mining,2026-02-08T12:02:50,2,152,31,1,0.984375,0.08910153061151505,11.5705504,0.018916673987405375,0.010226599988527596,0.008690073998877779,0,4,0.000648549001198262,0.008690073998877779,0.0003741109976544976,12845056.0,1605632.0
neu18_pattern_mining,2026-02-08T12:02:50,2,153,31,2,0.96875,0.05236450955271721,11.5705504,0.019093958049779758,0.010512940061744303,0.008581017988035455,0,4,0.0006997330056037754,0.008581017988035455,0.00035156100057065487,12845056.0,1605632.0
neu18_pattern_mining,2026-02-08T12:02:50,2,154,31,3,0.96875,0.29402944445610046,11.5705504,0.018997142935404554,0.010412519914098084,0.00858462302130647,0,4,0.0006811869970988482,0.00858462302130647,0.0003600649943109602,12845056.0,1605632.0
neu18_pattern_mining,2026-02-08T12:02:50,2,155,31,4,0.6666666666666666,0.9231476783752441,0.5519008,0.01629240036709234,0.009173020371235907,0.007119379995856434,0,4,0.0006008740165270865,0.007119379995856434,0.0003164280205965042,602112.0,75264.0
neu18_pattern_mining,2026-02-08T12:02:51,3,151,31,0,1.0,0.00024126794596668333,11.5705504,0.056683013011934236,0.04325510002672672,0.013427912985207513,0,4,0.0037061409966554493,0.013427912985207513,0.000619369006017223,12845056.0,1605632.0
neu18_pattern_mining,2026-02-08T12:02:51,3,152,31,1,0.96875,0.07525651901960373,11.5705504,0.02039245091145858,0.010824069904629141,0.00956838100682944,0,4,0.0007121369999367744,0.00956838100682944,0.00037026999052613974,12845056.0,1605632.0
neu18_pattern_mining,2026-02-08T12:02:51,3,153,31,2,0.953125,0.09109347313642502,11.5705504,0.020090434583835304,0.010656839585863054,0.00943359499797225,0,4,0.0006864039751235396,0.00943359499797225,0.0003792799834627658,12845056.0,1605632.0
neu18_pattern_mining,2026-02-08T12:02:51,3,154,31,3,0.765625,1.922391414642334,11.5705504,0.017717404814902693,0.009329269814770669,0.008388135000132024,0,4,0.0005989079945720732,0.008388135000132024,0.00033401898690499365,12845056.0,1605632.0
neu18_pattern_mining,2026-02-08T12:02:51,3,155,31,4,0.3333333333333333,2.9852254390716553,0.5519008,0.016602982010226697,0.009438190027140081,0.007164791983086616,0,4,0.0006053950055502355,0.007164791983086616,0.0003384239971637726,602112.0,75264.0
neu18_pattern_mining,2026-02-08T12:02:51,4,151,31,0,0.984375,0.019094767048954964,11.5705504,0.04244114411994815,0.03476353012956679,0.00767761399038136,0,4,0.0030222810164559633,0.00767761399038136,0.0004540719965007156,12845056.0,1605632.0
neu18_pattern_mining,2026-02-08T12:02:51,4,152,31,1,0.984375,0.04669298976659775,11.5705504,0.015112758061150089,0.008102050051093102,0.007010708010056987,0,4,0.0005345300014596432,0.007010708010056987,0.0002756750036496669,12845056.0,1605632.0
neu18_pattern_mining,2026-02-08T12:02:51,4,153,31,2,0.734375,1.6353853940963745,11.5705504,0.014954626065446064,0.007913910085335374,0.00704071598011069,0,4,0.0005234839918557554,0.00704071598011069,0.00026790701667778194,12845056.0,1605632.0
neu18_pattern_mining,2026-02-08T12:02:51,4,154,31,3,1.0,0.0015621050260961056,11.5705504,0.013494398910552263,0.007103809912223369,0.006390588998328894,0,4,0.00046456599375233054,0.006390588998328894,0.00024581499747000635,12845056.0,1605632.0
neu18_pattern_mining,2026-02-08T12:02:51,4,155,31,4,0.3333333333333333,4.9002366065979,0.5519008,0.013677753013325855,0.007381750037893653,0.006296002975432202,0,4,0.0004847689997404814,0.006296002975432202,0.0002534060040488839,602112.0,75264.0
neu18_pattern_mining,2026-02-08T12:02:53,0,156,32,0,1.0,0.00015587035159114748,11.5705504,0.03458754430175759,0.025703680294100195,0.008883864007657394,0,4,0.0021479680144693702,0.008883864007657394,0.00042240001494064927,12845056.0,1605632.0
neu18_pattern_mining,2026-02-08T12:02:53,0,157,32,1,0.9375,0.3034484088420868,11.5705504,0.014631214900873601,0.008076629892457277,0.006554585008416325,0,4,0.0005273050046525896,0.006554585008416325,0.0002803579845931381,12845056.0,1605632.0
neu18_pattern_mining,2026-02-08T12:02:53,0,158,32,2,0.9375,0.17299191653728485,11.5705504,0.016043783019995317,0.0084647600306198,0.007579022989375517,0,4,0.0005577169940806925,0.007579022989375517,0.0002887590089812875,12845056.0,1605632.0
neu18_pattern_mining,2026-02-08T12:02:53,0,159,32,3,1.0,0.003883831202983856,11.5705504,0.01625174656510353,0.008675289573147893,0.007576456991955638,0,4,0.0005672059778589755,0.007576456991955638,0.00030032297945581377,12845056.0,1605632.0
neu18_pattern_mining,2026-02-08T12:02:53,0,160,32,4,0.75,0.7300636768341064,0.7325344,0.017015029297908768,0.00936792028369382,0.007647109014214948,0,4,0.0006361600244417787,0.007647109014214948,0.00030063200392760336,802816.0,100352.0
neu18_pattern_mining,2026-02-08T12:02:54,1,156,32,0,1.0,3.910347004421055e-05,11.5705504,0.03475923981750384,0.027214989822823554,0.0075442499946802855,0,4,0.0022769279894419014,0.0075442499946802855,0.000444570992840454,12845056.0,1605632.0
neu18_pattern_mining,2026-02-08T12:02:54,1,157,32,1,1.0,0.0021916276309639215,11.5705504,0.014831385895377025,0.008319609914906323,0.006511775980470702,0,4,0.0005721070047002286,0.006511775980470702,0.0002598539867904037,12845056.0,1605632.0
neu18_pattern_mining,2026-02-08T12:02:54,1,158,32,2,0.875,0.7691787481307983,11.5705504,0.013950521883089095,0.007534429896622896,0.006416091986466199,0,4,0.0005107769975438714,0.006416091986466199,0.00024266599211841822,12845056.0,1605632.0
neu18_pattern_mining,2026-02-08T12:02:54,1,159,32,3,1.0,0.012678181752562523,11.5705504,0.015325953689171001,0.008284189680125564,0.007041764009045437,0,4,0.0005257549928501248,0.007041764009045437,0.0003026639751624316,12845056.0,1605632.0
neu18_pattern_mining,2026-02-08T12:02:54,1,160,32,4,0.6666666666666666,3.9877822399139404,0.5519008,0.014037804096005857,0.00803989009000361,0.005997914006002247,0,4,0.0005231290124356747,0.005997914006002247,0.0002808599965646863,602112.0,75264.0
neu18_pattern_mining,2026-02-08T12:02:55,2,156,32,0,1.0,0.0001818810123950243,11.5705504,0.04517720086732879,0.03739471983863041,0.007782481028698385,0,4,0.0032701479794923216,0.007782481028698385,0.0004693240043707192,12845056.0,1605632.0
neu18_pattern_mining,2026-02-08T12:02:55,2,157,32,1,1.0,0.0015449218917638063,11.5705504,0.013004485168494284,0.007024060178082436,0.005980424990411848,0,4,0.0004476680187508464,0.005980424990411848,0.00025473799905739725,12845056.0,1605632.0
neu18_pattern_mining,2026-02-08T12:02:55,2,158,32,2,1.0,0.00021267567353788763,11.5705504,0.013925219973316416,0.007502119988203049,0.0064230999851133674,0,4,0.0004919409984722733,0.0064230999851133674,0.0002582710003480315,12845056.0,1605632.0
neu18_pattern_mining,2026-02-08T12:02:55,2,159,32,3,0.9375,0.41890501976013184,11.5705504,0.01557020514155738,0.008041080145630985,0.007529124995926395,0,4,0.0005391029990278184,0.007529124995926395,0.0002650050155352801,12845056.0,1605632.0
neu18_pattern_mining,2026-02-08T12:02:55,2,160,32,4,0.6666666666666666,2.944688081741333,0.5519008,0.016533362271729857,0.009110900282394141,0.007422461989335716,0,4,0.0006008600175846368,0.007422461989335716,0.0003102300106547773,602112.0,75264.0
neu18_pattern_mining,2026-02-08T12:02:55,3,156,32,0,1.0,0.000824875314719975,11.5705504,0.0537236028467305,0.042294139857403934,0.011429462989326566,0,4,0.00344443999347277,0.011429462989326566,0.0007849739922676235,12845056.0,1605632.0
neu18_pattern_mining,2026-02-08T12:02:55,3,157,32,1,1.0,0.005561082158237696,11.5705504,0.021454579080455005,0.011786420072894543,0.009668159007560462,0,4,0.000770282989833504,0.009668159007560462,0.0004083590174559504,12845056.0,1605632.0
neu18_pattern_mining,2026-02-08T12:02:55,3,158,32,2,0.921875,0.19851985573768616,11.5705504,0.01771144600934349,0.00922434002859518,0.00848710598074831,0,4,0.0006024239992257208,0.00848710598074831,0.00032001000363379717,12845056.0,1605632.0
neu18_pattern_mining,2026-02-08T12:02:56,3,159,32,3,0.9375,0.5947081446647644,11.5705504,0.01757038669893518,0.00921388971619308,0.008356496982742101,0,4,0.0006038649880792946,0.008356496982742101,0.00031752398354001343,12845056.0,1605632.0
neu18_pattern_mining,2026-02-08T12:02:56,3,160,32,4,0.3333333333333333,2.7921581268310547,0.5519008,0.018373634986346588,0.010044329974334687,0.0083293050120119,0,4,0.0006497360009234399,0.0083293050120119,0.00035469699651002884,602112.0,75264.0
neu18_pattern_mining,2026-02-08T12:02:56,4,156,32,0,1.0,2.7131880415254273e-05,11.5705504,0.04121335406671278,0.033833890047390014,0.007379464019322768,0,4,0.002954487019451335,0.007379464019322768,0.0004289019852876663,12845056.0,1605632.0
neu18_pattern_mining,2026-02-08T12:02:56,4,157,32,1,1.0,0.00390899321064353,11.5705504,0.014862243813695386,0.008692389819771051,0.006169853993924335,0,4,0.0005954869848210365,0.006169853993924335,0.0002737519971560687,12845056.0,1605632.0
neu18_pattern_mining,2026-02-08T12:02:56,4,158,32,2,1.0,0.00035133588244207203,11.5705504,0.013775570056168362,0.00736807007342577,0.006407499982742593,0,4,0.0004851449921261519,0.006407499982742593,0.00025166201521642506,12845056.0,1605632.0
neu18_pattern_mining,2026-02-08T12:02:56,4,159,32,3,0.921875,0.7675471901893616,11.5705504,0.015814207989024,0.008232149994000793,0.007582057995023206,0,4,0.0005388889985624701,0.007582057995023206,0.00028432600083760917,12845056.0,1605632.0
neu18_pattern_mining,2026-02-08T12:02:56,4,160,32,4,0.6666666666666666,0.45287299156188965,0.5519008,0.009081516065634787,0.005243610066827387,0.0038379059988074005,0,4,0.0003414519887883216,0.0038379059988074005,0.00018290901789441705,602112.0,75264.0
neu18_pattern_mining,2026-02-08T12:02:58,0,161,33,0,1.0,0.0036654009018093348,11.5705504,0.04845749685773626,0.03456732985796407,0.013890166999772191,0,4,0.0027860139962285757,0.013890166999772191,0.0006707189895678312,12845056.0,1605632.0
neu18_pattern_mining,2026-02-08T12:02:58,0,162,33,1,0.921875,0.5804150700569153,11.5705504,0.02075257891556248,0.011309559922665358,0.009443018992897123,0,4,0.0007776790007483214,0.009443018992897123,0.00035327699151821434,12845056.0,1605632.0
neu18_pattern_mining,2026-02-08T12:02:58,0,163,33,2,0.921875,0.2099832147359848,11.5705504,0.013768280419753864,0.007326840423047543,0.006441439996706322,0,4,0.0004783980257343501,0.006441439996706322,0.00025428601657040417,12845056.0,1605632.0
neu18_pattern_mining,2026-02-08T12:02:58,0,164,33,3,0.921875,0.6360016465187073,11.5705504,0.016202551865717396,0.008649549854453653,0.007553002011263743,0,4,0.0005602249875664711,0.007553002011263743,0.0003047299978788942,12845056.0,1605632.0
neu18_pattern_mining,2026-02-08T12:02:58,0,165,33,4,0.5,2.4044580459594727,0.7325344,0.017332466144580394,0.009382220159750432,0.007950245984829962,0,4,0.0006446060142479837,0.007950245984829962,0.0002936160017270595,802816.0,100352.0
neu18_pattern_mining,2026-02-08T12:02:59,1,161,33,0,1.0,6.985377694945782e-05,11.5705504,0.03718549481709488,0.029463929822668433,0.007721564994426444,0,4,0.002503586991224438,0.007721564994426444,0.00044280599104240537,12845056.0,1605632.0
neu18_pattern_mining,2026-02-08T12:02:59,1,162,33,1,1.0,0.0006475026602856815,11.5705504,0.015979552146745846,0.008761380158830434,0.007218171987915412,0,4,0.0005973350198473781,0.007218171987915412,0.0002788029960356653,12845056.0,1605632.0
neu18_pattern_mining,2026-02-08T12:02:59,1,163,33,2,0.84375,1.4494264125823975,11.5705504,0.014849488768959418,0.007837049779482186,0.007012438989477232,0,4,0.0005167189810890704,0.007012438989477232,0.00026698599685914814,12845056.0,1605632.0
neu18_pattern_mining,2026-02-08T12:02:59,1,164,33,3,0.953125,0.14030352234840393,11.5705504,0.014703543129144236,0.007794570119585842,0.0069089730095583946,0,4,0.0005143450107425451,0.0069089730095583946,0.00026511200121603906,12845056.0,1605632.0
neu18_pattern_mining,2026-02-08T12:02:59,1,165,33,4,1.0,0.12201160192489624,0.5519008,0.014927296986570582,0.008104809967335314,0.006822487019235268,0,4,0.000535928993485868,0.006822487019235268,0.0002745520032476634,602112.0,75264.0
neu18_pattern_mining,2026-02-08T12:03:00,2,161,33,0,1.0,5.298663745634258e-05,11.5705504,0.05682291215634905,0.042989340145140886,0.013833572011208162,0,4,0.0036150410014670342,0.013833572011208162,0.0006838930130470544,12845056.0,1605632.0
neu18_pattern_mining,2026-02-08T12:03:00,2,162,33,1,1.0,0.0028366283513605595,11.5705504,0.020021835691295564,0.010593199694994837,0.009428635996300727,0,4,0.0006998959870543331,0.009428635996300727,0.0003594239824451506,12845056.0,1605632.0
neu18_pattern_mining,2026-02-08T12:03:00,2,163,33,2,0.96875,0.251768559217453,11.5705504,0.02010094915749505,0.010670740157365799,0.009430209000129253,0,4,0.0006938810111023486,0.009430209000129253,0.00037319300463423133,12845056.0,1605632.0
neu18_pattern_mining,2026-02-08T12:03:00,2,164,33,3,1.0,0.00979868695139885,11.5705504,0.01774360693525523,0.009424409945495427,0.008319196989759803,0,4,0.000613877986324951,0.008319196989759803,0.0003285630082245916,12845056.0,1605632.0
neu18_pattern_mining,2026-02-08T12:03:00,2,165,33,4,0.3333333333333333,4.167878150939941,0.5519008,0.017991055501624942,0.009874100505840033,0.008116954995784909,0,4,0.000649297027848661,0.008116954995784909,0.0003381130227353424,602112.0,75264.0
neu18_pattern_mining,2026-02-08T12:03:00,3,161,33,0,1.0,4.620346226147376e-05,11.5705504,0.04434129488072358,0.03288162988610566,0.011459664994617924,0,4,0.002710637985728681,0.011459664994617924,0.0005775250028818846,12845056.0,1605632.0
neu18_pattern_mining,2026-02-08T12:03:00,3,162,33,1,1.0,5.2814830269198865e-05,11.5705504,0.020208022207953036,0.010876330197788775,0.00933169201016426,0,4,0.0007463899964932352,0.00933169201016426,0.00034124302328564227,12845056.0,1605632.0
neu18_pattern_mining,2026-02-08T12:03:00,3,163,33,2,0.9375,0.19047927856445312,11.5705504,0.017744113865774125,0.009281229868065566,0.008462883997708559,0,4,0.0006063749897293746,0.008462883997708559,0.00032174799707718194,12845056.0,1605632.0
neu18_pattern_mining,2026-02-08T12:03:01,3,164,33,3,0.90625,0.23811602592468262,11.5705504,0.01785488991299644,0.009410289931111038,0.008444599981885403,0,4,0.000626319000730291,0.008444599981885403,0.00031470999238081276,12845056.0,1605632.0
neu18_pattern_mining,2026-02-08T12:03:01,3,165,33,4,0.6666666666666666,0.41738858819007874,0.5519008,0.017600555351236835,0.009764980350155383,0.007835575001081452,0,4,0.0006519380258396268,0.007835575001081452,0.00032456000917591155,602112.0,75264.0
neu18_pattern_mining,2026-02-08T12:03:01,4,161,33,0,1.0,0.00020332681015133858,11.5705504,0.06423730496317148,0.04762377997394651,0.01661352498922497,0,4,0.004054538992932066,0.01661352498922497,0.0007078390044625849,12845056.0,1605632.0
neu18_pattern_mining,2026-02-08T12:03:01,4,162,33,1,0.96875,0.12765587866306305,11.5705504,0.021772257197881117,0.012152840208727866,0.009619416989153251,0,4,0.0008175790135283023,0.009619416989153251,0.00039770500734448433,12845056.0,1605632.0
neu18_pattern_mining,2026-02-08T12:03:01,4,163,33,2,0.984375,0.023590361699461937,11.5705504,0.019891268922947347,0.01039583992678672,0.009495428996160626,0,4,0.0006825489981565624,0.009495428996160626,0.00035703499452210963,12845056.0,1605632.0
neu18_pattern_mining,2026-02-08T12:03:01,4,164,33,3,0.984375,0.04360807687044144,11.5705504,0.019920320220990106,0.010569550213404,0.009350770007586107,0,4,0.0006875330000184476,0.009350770007586107,0.00036942202132195234,12845056.0,1605632.0
neu18_pattern_mining,2026-02-08T12:03:01,4,165,33,4,0.3333333333333333,2.190361499786377,0.5519008,0.017398328869603574,0.00961966987233609,0.007778658997267485,0,4,0.0006370309856720269,0.007778658997267485,0.0003249360015615821,602112.0,75264.0
neu18_pattern_mining,2026-02-08T12:03:03,0,166,34,0,0.984375,0.012977325357496738,11.5705504,0.03294304801966064,0.024683380033820868,0.00825966798583977,0,4,0.0020083510025870055,0.00825966798583977,0.00045998700079508126,12845056.0,1605632.0
neu18_pattern_mining,2026-02-08T12:03:03,0,167,34,1,0.921875,0.17711645364761353,11.5705504,0.016418491955846548,0.008708889945410192,0.007709602010436356,0,4,0.0005670929967891425,0.007709602010436356,0.0003037959977518767,12845056.0,1605632.0
neu18_pattern_mining,2026-02-08T12:03:03,0,168,34,2,0.953125,0.21885870397090912,11.5705504,0.016216307878494263,0.00858135987073183,0.007634948007762432,0,4,0.0005484749854076654,0.007634948007762432,0.0003096610016655177,12845056.0,1605632.0
neu18_pattern_mining,2026-02-08T12:03:03,0,169,34,3,1.0,0.039414968341588974,11.5705504,0.014761576836463064,0.007859449833631516,0.0069021270028315485,0,4,0.0005209619994275272,0.0069021270028315485,0.00026498298393562436,12845056.0,1605632.0
neu18_pattern_mining,2026-02-08T12:03:03,0,170,34,4,1.0,0.08683975785970688,0.7325344,0.015404943173052743,0.00866239017341286,0.006742552999639884,0,4,0.0005855070194229484,0.006742552999639884,0.0002807319979183376,802816.0,100352.0
neu18_pattern_mining,2026-02-08T12:03:04,1,166,34,0,1.0,0.00014763821673113853,11.5705504,0.03496185888070613,0.02778011985355988,0.00718173902714625,0,4,0.002356265002163127,0.00718173902714625,0.0004217469831928611,12845056.0,1605632.0
neu18_pattern_mining,2026-02-08T12:03:04,1,167,34,1,0.953125,0.1773652732372284,11.5705504,0.016846433019964024,0.009687900019343942,0.007158533000620082,0,4,0.000658598990412429,0.007158533000620082,0.00031019101152196527,12845056.0,1605632.0
neu18_pattern_mining,2026-02-08T12:03:04,1,168,34,2,1.0,0.002811840968206525,11.5705504,0.014919447188731283,0.007925880199763924,0.006993566988967359,0,4,0.0005104040028527379,0.006993566988967359,0.0002821840171236545,12845056.0,1605632.0
neu18_pattern_mining,2026-02-08T12:03:04,1,169,34,3,0.875,0.9591431021690369,11.5705504,0.01625523786060512,0.008629589865449816,0.007625647995155305,0,4,0.0005634239932987839,0.007625647995155305,0.0002995349932461977,12845056.0,1605632.0
neu18_pattern_mining,2026-02-08T12:03:04,1,170,34,4,0.0,1.8205194473266602,0.5519008,0.016948947857599705,0.009155139850918204,0.007793808006681502,0,4,0.0005933840002398938,0.007793808006681502,0.00032212998485192657,602112.0,75264.0
neu18_pattern_mining,2026-02-08T12:03:04,2,166,34,0,1.0,9.237845006282441e-06,11.5705504,0.06740961715695448,0.05144376016687602,0.015965856990078464,0,4,0.004267506999894977,0.015965856990078464,0.0008768690167926252,12845056.0,1605632.0
neu18_pattern_mining,2026-02-08T12:03:05,2,167,34,1,1.0,0.0001402130874339491,11.5705504,0.020182889187708497,0.01077209017239511,0.009410799015313387,0,4,0.0007102160016074777,0.009410799015313387,0.00036699301563203335,12845056.0,1605632.0
neu18_pattern_mining,2026-02-08T12:03:05,2,168,34,2,1.0,0.008095976896584034,11.5705504,0.020089436933631077,0.010597429936751723,0.009492006996879354,0,4,0.0006964720087125897,0.009492006996879354,0.0003632709849625826,12845056.0,1605632.0
neu18_pattern_mining,2026-02-08T12:03:05,2,169,34,3,1.0,0.00017013429896906018,11.5705504,0.01773583807516843,0.00927301007322967,0.00846282800193876,0,4,0.0006054010009393096,0.00846282800193876,0.00032190000638365746,12845056.0,1605632.0
neu18_pattern_mining,2026-02-08T12:03:05,2,170,34,4,1.0,0.021410932764410973,0.5519008,0.01769858572515659,0.00992570974631235,0.00777287597884424,0,4,0.0006493479886557907,0.00777287597884424,0.0003432229859754443,602112.0,75264.0
neu18_pattern_mining,2026-02-08T12:03:05,3,166,34,0,1.0,0.0011755145387724042,11.5705504,0.0600476648833137,0.04539160989224911,0.014656054991064593,0,4,0.00380892600514926,0.014656054991064593,0.0007302349840756506,12845056.0,1605632.0
neu18_pattern_mining,2026-02-08T12:03:05,3,167,34,1,0.859375,1.2446346282958984,11.5705504,0.020102234178921208,0.010661760170478374,0.009440474008442834,0,4,0.0006937769940122962,0.009440474008442834,0.0003723990230355412,12845056.0,1605632.0
neu18_pattern_mining,2026-02-08T12:03:05,3,168,34,2,1.0,0.007765672169625759,11.5705504,0.02012610583915375,0.010666239832062274,0.009459866007091478,0,4,0.0007075080065988004,0.009459866007091478,0.000359115976607427,12845056.0,1605632.0
neu18_pattern_mining,2026-02-08T12:03:05,3,169,34,3,1.0,0.013131426647305489,11.5705504,0.017643777013290673,0.009223340020980686,0.008420436992309988,0,4,0.0006054090044926852,0.008420436992309988,0.0003169249976053834,12845056.0,1605632.0
neu18_pattern_mining,2026-02-08T12:03:05,3,170,34,4,0.3333333333333333,6.866309642791748,0.5519008,0.017325614840956405,0.00957966985879466,0.007745944982161745,0,4,0.0006298139924183488,0.007745944982161745,0.00032815299346111715,602112.0,75264.0
neu18_pattern_mining,2026-02-08T12:03:06,4,166,34,0,1.0,0.00014517392264679074,11.5705504,0.03818436324945651,0.02995583025040105,0.00822853299905546,0,4,0.002489528007572517,0.00822853299905546,0.0005060550174675882,12845056.0,1605632.0
neu18_pattern_mining,2026-02-08T12:03:06,4,167,34,1,0.984375,0.04830365255475044,11.5705504,0.01467387707089074,0.008866160060279071,0.005807717010611668,0,4,0.00059377501020208,0.005807717010611668,0.0002928409958258271,12845056.0,1605632.0
neu18_pattern_mining,2026-02-08T12:03:06,4,168,34,2,0.984375,0.028579985722899437,11.5705504,0.014570860017556697,0.008124290034174919,0.006446569983381778,0,4,0.000514749001013115,0.006446569983381778,0.00029768000240437686,12845056.0,1605632.0
neu18_pattern_mining,2026-02-08T12:03:06,4,169,34,3,0.96875,0.14532361924648285,11.5705504,0.014640619803685695,0.008136209798976779,0.006504410004708916,0,4,0.0005239289894234389,0.006504410004708916,0.000289691990474239,12845056.0,1605632.0
neu18_pattern_mining,2026-02-08T12:03:06,4,170,34,4,0.0,4.929222583770752,0.5519008,0.014287784084444866,0.00822750007500872,0.006060284009436145,0,4,0.0005245509964879602,0.006060284009436145,0.0002981990110129118,602112.0,75264.0
neu18_pattern_mining,2026-02-08T12:03:08,0,171,35,0,1.0,0.00023240044538397342,11.5705504,0.032387734041549265,0.023523590061813593,0.008864143979735672,0,4,0.0018775970092974603,0.008864143979735672,0.000474761996883899,12845056.0,1605632.0
neu18_pattern_mining,2026-02-08T12:03:08,0,172,35,1,0.984375,0.07957450300455093,11.5705504,0.018087232281686738,0.01020336028886959,0.007883871992817149,0,4,0.0006506330100819468,0.007883871992817149,0.0003697030188050121,12845056.0,1605632.0
neu18_pattern_mining,2026-02-08T12:03:08,0,173,35,2,0.953125,0.12466191500425339,11.5705504,0.014038910070667043,0.008066050068009645,0.005972860002657399,0,4,0.0005314490117598325,0.005972860002657399,0.000275155995041132,12845056.0,1605632.0
neu18_pattern_mining,2026-02-08T12:03:08,0,174,35,3,0.96875,0.26842832565307617,11.5705504,0.014423827204154804,0.00799849018221721,0.006425337021937594,0,4,0.0005253010021988302,0.006425337021937594,0.0002745480160228908,12845056.0,1605632.0
neu18_pattern_mining,2026-02-08T12:03:08,0,175,35,4,0.5,1.5717309713363647,0.7325344,0.015951246838085353,0.010098019847646356,0.005853226990438998,0,4,0.0007487889961339533,0.005853226990438998,0.00026101298863068223,802816.0,100352.0
neu18_pattern_mining,2026-02-08T12:03:09,1,171,35,0,0.984375,0.03408209607005119,11.5705504,0.04080181694007479,0.03303339995909482,0.007768416980979964,0,4,0.0027996739954687655,0.007768416980979964,0.0005036660004407167,12845056.0,1605632.0
neu18_pattern_mining,2026-02-08T12:03:09,1,172,35,1,0.921875,0.8675158023834229,11.5705504,0.016639695939375088,0.00944525992963463,0.007194436009740457,0,4,0.0006170700071379542,0.007194436009740457,0.00032745598582550883,12845056.0,1605632.0
neu18_pattern_mining,2026-02-08T12:03:09,1,173,35,2,0.953125,0.1634521782398224,11.5705504,0.016435293975519016,0.008928519964683801,0.0075067740108352154,0,4,0.0005861269892193377,0.0075067740108352154,0.0003067250072490424,12845056.0,1605632.0
neu18_pattern_mining,2026-02-08T12:03:09,1,174,35,3,0.984375,0.05759415403008461,11.5705504,0.015816564846318215,0.00883573986357078,0.006980824982747436,0,4,0.000572547985939309,0.006980824982747436,0.00031102600041776896,12845056.0,1605632.0
neu18_pattern_mining,2026-02-08T12:03:09,1,175,35,4,0.6666666666666666,2.6794559955596924,0.5519008,0.015521819004788995,0.009068450017366558,0.0064533689874224365,0,4,0.0005851470050401986,0.0064533689874224365,0.00032169799669645727,602112.0,75264.0
neu18_pattern_mining,2026-02-08T12:03:10,2,171,35,0,0.984375,0.04917703568935394,11.5705504,0.04862139784381725,0.03940264985430986,0.009218747989507392,0,4,0.003431960998568684,0.009218747989507392,0.0005083039868623018,12845056.0,1605632.0
neu18_pattern_mining,2026-02-08T12:03:10,2,172,35,1,0.890625,0.8975578546524048,11.5705504,0.017541883687954396,0.009759649692568928,0.007782233995385468,0,4,0.0006476449780166149,0.007782233995385468,0.0003283199912402779,12845056.0,1605632.0
neu18_pattern_mining,2026-02-08T12:03:10,2,173,35,2,0.796875,1.371716856956482,11.5705504,0.017815579049056396,0.010007380042225122,0.0078081990068312734,0,4,0.0006531450198963284,0.0078081990068312734,0.0003475929843261838,12845056.0,1605632.0
neu18_pattern_mining,2026-02-08T12:03:10,2,174,35,3,0.828125,1.3524813652038574,11.5705504,0.015603943989844993,0.008552439976483583,0.007051504013361409,0,4,0.0005379490030463785,0.007051504013361409,0.00031729499460197985,12845056.0,1605632.0
neu18_pattern_mining,2026-02-08T12:03:10,2,175,35,4,1.0,0.03535967320203781,0.5519008,0.017302008345723152,0.009940580348484218,0.007361427997238934,0,4,0.0006523150077555329,0.007361427997238934,0.00034174302709288895,602112.0,75264.0
neu18_pattern_mining,2026-02-08T12:03:10,3,171,35,0,1.0,8.727030945010483e-05,11.5705504,0.03928562699002214,0.03164435998769477,0.007641267002327368,0,4,0.0027269179990980774,0.007641267002327368,0.0004375179996713996,12845056.0,1605632.0
neu18_pattern_mining,2026-02-08T12:03:11,3,172,35,1,1.0,0.0009011863730847836,11.5705504,0.018201493105152622,0.010487640101928264,0.007713853003224358,0,4,0.0006901689921505749,0.007713853003224358,0.00035859501804225147,12845056.0,1605632.0
neu18_pattern_mining,2026-02-08T12:03:11,3,173,35,2,1.0,0.0006999474135227501,11.5705504,0.01869317507953383,0.010773600079119205,0.007919575000414625,0,4,0.0007162649999372661,0.007919575000414625,0.00036109500797465444,12845056.0,1605632.0
neu18_pattern_mining,2026-02-08T12:03:11,3,174,35,3,0.984375,0.06967425346374512,11.5705504,0.017596751975361258,0.010371539974585176,0.007225212000776082,0,4,0.0006994889990892261,0.007225212000776082,0.0003376649983692914,12845056.0,1605632.0
neu18_pattern_mining,2026-02-08T12:03:11,3,175,35,4,0.0,2.4436986446380615,0.5519008,0.01781870986451395,0.010719109850469977,0.007099600014043972,0,4,0.0007224849832709879,0.007099600014043972,0.0003494260017760098,602112.0,75264.0
neu18_pattern_mining,2026-02-08T12:03:11,4,171,35,0,1.0,0.0018898277776315808,11.5705504,0.06892241138848476,0.052520520403049886,0.016401890985434875,0,4,0.004510204016696662,0.016401890985434875,0.0007418480236083269,12845056.0,1605632.0
neu18_pattern_mining,2026-02-08T12:03:11,4,172,35,1,0.96875,0.28450900316238403,11.5705504,0.02280228611198254,0.013022510102018714,0.009779776009963825,0,4,0.0008543540025129914,0.009779776009963825,0.00044789700768887997,12845056.0,1605632.0
neu18_pattern_mining,2026-02-08T12:03:11,4,173,35,2,1.0,0.00045064283767715096,11.5705504,0.022687827004119754,0.012985270004719496,0.009702556999400258,0,4,0.0008663040061946958,0.009702556999400258,0.00043222299427725375,12845056.0,1605632.0
neu18_pattern_mining,2026-02-08T12:03:11,4,174,35,3,0.921875,0.4025760889053345,11.5705504,0.0204446840507444,0.011733830033335835,0.008710854017408565,0,4,0.0007760309963487089,0.008710854017408565,0.0003973520069848746,12845056.0,1605632.0
neu18_pattern_mining,2026-02-08T12:03:11,4,175,35,4,1.0,0.057511791586875916,0.5519008,0.02100172295467928,0.012512319954112172,0.008489403000567108,0,4,0.0008283269999083132,0.008489403000567108,0.00042290499550290406,602112.0,75264.0
neu18_pattern_mining,2026-02-08T12:03:13,0,176,36,0,1.0,0.004010612145066261,11.5705504,0.03195287295966409,0.023746399965602905,0.008206472994061187,0,4,0.0019105260143987834,0.008206472994061187,0.000464113982161507,12845056.0,1605632.0
neu18_pattern_mining,2026-02-08T12:03:13,0,177,36,1,1.0,0.007675987668335438,11.5705504,0.0129364141903352,0.006973050185479224,0.0059633640048559755,0,4,0.00047529401490464807,0.0059633640048559755,0.0002220110036432743,12845056.0,1605632.0
neu18_pattern_mining,2026-02-08T12:03:13,0,178,36,2,1.0,0.009735504165291786,11.5705504,0.009489995893090963,0.005794109893031418,0.003695886000059545,0,4,0.00039966098847799003,0.003695886000059545,0.0001797500008251518,12845056.0,1605632.0
neu18_pattern_mining,2026-02-08T12:03:13,0,179,36,3,0.953125,0.17556220293045044,11.5705504,0.012482592836022377,0.0073213098221458495,0.0051612830138765275,0,4,0.0005013499758206308,0.0051612830138765275,0.00023078100639395416,12845056.0,1605632.0
neu18_pattern_mining,2026-02-08T12:03:13,0,180,36,4,0.5,4.565651893615723,0.7325344,0.013986850011860952,0.008516520028933883,0.005470329982927069,0,4,0.0005844719999004155,0.005470329982927069,0.00026718000299297273,802816.0,100352.0
neu18_pattern_mining,2026-02-08T12:03:14,1,176,36,0,1.0,5.0627080781850964e-05,11.5705504,0.04723269687383436,0.03776289988309145,0.009469796990742907,0,4,0.0031876160064712167,0.009469796990742907,0.0005886739818379283,12845056.0,1605632.0
neu18_pattern_mining,2026-02-08T12:03:14,1,177,36,1,1.0,2.8907321393489838e-05,11.5705504,0.018081316782627255,0.010840149770956486,0.007241167011670768,0,4,0.0007333359972108155,0.007241167011670768,0.0003506789798848331,12845056.0,1605632.0
neu18_pattern_mining,2026-02-08T12:03:14,1,178,36,2,0.953125,0.4529944062232971,11.5705504,0.01848435989813879,0.010139879886992276,0.008344480011146516,0,4,0.0006725989806000143,0.008344480011146516,0.00034138900809921324,12845056.0,1605632.0
neu18_pattern_mining,2026-02-08T12:03:14,1,179,36,3,0.953125,0.6529682874679565,11.5705504,0.01532797230174765,0.00841959030367434,0.00690838199807331,0,4,0.0005450700118672103,0.00690838199807331,0.00029688901850022376,12845056.0,1605632.0
neu18_pattern_mining,2026-02-08T12:03:14,1,180,36,4,0.3333333333333333,4.441565990447998,0.5519008,0.015668738109525293,0.008531830098945647,0.007136908010579646,0,4,0.0005704729992430657,0.007136908010579646,0.00028271001065149903,602112.0,75264.0
neu18_pattern_mining,2026-02-08T12:03:15,2,176,36,0,1.0,0.00010224711149930954,11.5705504,0.03959791496163234,0.03154742997139692,0.008050484990235418,0,4,0.0026338809984736145,0.008050484990235418,0.0005208619986660779,12845056.0,1605632.0
neu18_pattern_mining,2026-02-08T12:03:15,2,177,36,1,1.0,0.00495193712413311,11.5705504,0.012548469851026312,0.007794539851602167,0.004753929999424145,0,4,0.0005352679872885346,0.004753929999424145,0.00024418599787168205,12845056.0,1605632.0
neu18_pattern_mining,2026-02-08T12:03:15,2,178,36,2,0.96875,0.23306365311145782,11.5705504,0.012112111318856478,0.0065643503330647945,0.005547760985791683,0,4,0.00042020902037620544,0.005547760985791683,0.000236226012930274,12845056.0,1605632.0
neu18_pattern_mining,2026-02-08T12:03:15,2,179,36,3,0.984375,0.06757811456918716,11.5705504,0.012676195037784055,0.0068163100513629615,0.005859884986421093,0,4,0.000445657002273947,0.005859884986421093,0.00023597400286234915,12845056.0,1605632.0
neu18_pattern_mining,2026-02-08T12:03:15,2,180,36,4,1.0,0.05986282229423523,0.5519008,0.012644395610550418,0.007207109592854977,0.005437286017695442,0,4,0.0004687169857788831,0.005437286017695442,0.00025199397350661457,602112.0,75264.0
neu18_pattern_mining,2026-02-08T12:03:16,3,176,36,0,1.0,0.0017703059129416943,11.5705504,0.057608798844739795,0.042706689855549484,0.01490210898919031,0,4,0.0035734709817916155,0.01490210898919031,0.000697198003763333,12845056.0,1605632.0
neu18_pattern_mining,2026-02-08T12:03:16,3,177,36,1,0.984375,0.10534987598657608,11.5705504,0.020544685918139294,0.011840249935630709,0.008704435982508585,0,4,0.0008044400019571185,0.008704435982508585,0.0003795849916059524,12845056.0,1605632.0
neu18_pattern_mining,2026-02-08T12:03:16,3,178,36,2,0.984375,0.23452748358249664,11.5705504,0.018122120905900374,0.00968401989666745,0.008438101009232923,0,4,0.0006317140068858862,0.008438101009232923,0.0003366879827808589,12845056.0,1605632.0
neu18_pattern_mining,2026-02-08T12:03:16,3,179,36,3,1.0,0.025125788524746895,11.5705504,0.016464867832837626,0.00861154985614121,0.007853317976696417,0,4,0.000553004996618256,0.007853317976696417,0.000308149988995865,12845056.0,1605632.0
neu18_pattern_mining,2026-02-08T12:03:16,3,180,36,4,0.3333333333333333,1.3575549125671387,0.5519008,0.016237982956226915,0.009227849950548261,0.007010133005678654,0,4,0.0006005599861964583,0.007010133005678654,0.0003222250088583678,602112.0,75264.0
neu18_pattern_mining,2026-02-08T12:03:17,4,176,36,0,1.0,4.762608659802936e-05,11.5705504,0.043409186124335974,0.03534890012815595,0.008060285996180028,0,4,0.0030266810208559036,0.008060285996180028,0.000508208991959691,12845056.0,1605632.0
neu18_pattern_mining,2026-02-08T12:03:17,4,177,36,1,1.0,0.0033385935239493847,11.5705504,0.013962583936518058,0.00875472993357107,0.005207854002946988,0,4,0.0006176329916343093,0.005207854002946988,0.00025784000172279775,12845056.0,1605632.0
neu18_pattern_mining,2026-02-08T12:03:17,4,178,36,2,1.0,0.0010683026630431414,11.5705504,0.008932520169764757,0.005386760167311877,0.00354576000245288,0,4,0.0003804030129685998,0.00354576000245288,0.0001582730037625879,12845056.0,1605632.0
neu18_pattern_mining,2026-02-08T12:03:17,4,179,36,3,0.90625,1.0463887453079224,11.5705504,0.01005680684465915,0.005359659844543785,0.004697147000115365,0,4,0.0003349559847265482,0.004697147000115365,0.0002010099997278303,12845056.0,1605632.0
neu18_pattern_mining,2026-02-08T12:03:17,4,180,36,4,1.0,0.15774087607860565,0.5519008,0.010107215872267261,0.0058380598784424365,0.004269155993824825,0,4,0.00039023900171741843,0.004269155993824825,0.0001935669861268252,602112.0,75264.0
neu18_pattern_mining,2026-02-08T12:03:18,0,181,37,0,1.0,7.610233296873048e-05,11.5705504,0.05817665116046555,0.04556207015411928,0.01261458100634627,0,4,0.0038516689965035766,0.01261458100634627,0.0007045380189083517,12845056.0,1605632.0
neu18_pattern_mining,2026-02-08T12:03:18,0,182,37,1,0.984375,0.017990728840231895,11.5705504,0.026727299147751182,0.016265000158455223,0.01046229898929596,0,4,0.0011417590139899403,0.01046229898929596,0.000484741001855582,12845056.0,1605632.0
neu18_pattern_mining,2026-02-08T12:03:18,0,183,37,2,0.96875,0.18235570192337036,11.5705504,0.022072751075029373,0.012573380081448704,0.00949937099358067,0,4,0.0008280790061689913,0.00949937099358067,0.0004292590019758791,12845056.0,1605632.0
neu18_pattern_mining,2026-02-08T12:03:18,0,184,37,3,0.84375,1.0205022096633911,11.5705504,0.019668004853883758,0.010949499846901745,0.008718505006982014,0,4,0.0007386860088445246,0.008718505006982014,0.00035626397584564984,12845056.0,1605632.0
neu18_pattern_mining,2026-02-08T12:03:18,0,185,37,4,0.5,1.2639479637145996,0.7325344,0.017979692172957584,0.01023253018502146,0.007747161987936124,0,4,0.0006972780101932585,0.007747161987936124,0.0003259750083088875,802816.0,100352.0
neu18_pattern_mining,2026-02-08T12:03:19,1,181,37,0,1.0,0.0004493405285757035,11.5705504,0.04427684980328195,0.03469764982583001,0.009579199977451935,0,4,0.0029238069837447256,0.009579199977451935,0.0005459579988382757,12845056.0,1605632.0
neu18_pattern_mining,2026-02-08T12:03:19,1,182,37,1,0.96875,0.04330454394221306,11.5705504,0.01856395512004383,0.010164570121560246,0.008399384998483583,0,4,0.0006573620194103569,0.008399384998483583,0.0003590949927456677,12845056.0,1605632.0
neu18_pattern_mining,2026-02-08T12:03:19,1,183,37,2,0.921875,0.21958263218402863,11.5705504,0.01489470701199025,0.00797674001660198,0.006917966995388269,0,4,0.0005288659885991365,0.006917966995388269,0.0002688080130610615,12845056.0,1605632.0
neu18_pattern_mining,2026-02-08T12:03:19,1,184,37,3,0.890625,0.4474760890007019,11.5705504,0.011901556048542261,0.00645374006126076,0.005447815987281501,0,4,0.0004228040052112192,0.005447815987281501,0.0002225700009148568,12845056.0,1605632.0
neu18_pattern_mining,2026-02-08T12:03:19,1,185,37,4,0.3333333333333333,4.645925998687744,0.5519008,0.010701578168664128,0.005899020179640502,0.004802557989023626,0,4,0.0003911840030923486,0.004802557989023626,0.0001987180148717016,602112.0,75264.0
neu18_pattern_mining,2026-02-08T12:03:20,2,181,37,0,0.96875,0.024548113346099854,11.5705504,0.06028256006538868,0.0462985600461252,0.013984000019263476,0,4,0.0038911360024940223,0.013984000019263476,0.0007387200021184981,12845056.0,1605632.0
neu18_pattern_mining,2026-02-08T12:03:20,2,182,37,1,0.796875,1.5812125205993652,11.5705504,0.020977927139028907,0.011513300123624504,0.009464627015404403,0,4,0.0007384580094367266,0.009464627015404403,0.0004128720029257238,12845056.0,1605632.0
neu18_pattern_mining,2026-02-08T12:03:20,2,183,37,2,0.96875,0.07736973464488983,11.5705504,0.018257501942571253,0.009880629950203001,0.008376871992368251,0,4,0.0006414469971787184,0.008376871992368251,0.0003466159978415817,12845056.0,1605632.0
neu18_pattern_mining,2026-02-08T12:03:20,2,184,37,3,0.96875,0.09867263585329056,11.5705504,0.014820753945969045,0.00795586995081976,0.006864883995149285,0,4,0.0005271370173431933,0.006864883995149285,0.00026844997773878276,12845056.0,1605632.0
neu18_pattern_mining,2026-02-08T12:03:20,2,185,37,4,0.3333333333333333,5.238261699676514,0.5519008,0.013449853140627965,0.006768600142095238,0.006681252998532727,0,4,0.0004477210168261081,0.006681252998532727,0.0002291389973834157,602112.0,75264.0
neu18_pattern_mining,2026-02-08T12:03:21,3,181,37,0,1.0,0.0015779562527313828,11.5705504,0.06074117310345173,0.044190190092194825,0.016550983011256903,0,4,0.0036285020178183913,0.016550983011256903,0.0007905169914010912,12845056.0,1605632.0
neu18_pattern_mining,2026-02-08T12:03:21,3,182,37,1,0.96875,0.08726582676172256,11.5705504,0.022864457103423774,0.013300740101840347,0.009563717001583427,0,4,0.0009417640103492886,0.009563717001583427,0.0003883099998347461,12845056.0,1605632.0
neu18_pattern_mining,2026-02-08T12:03:21,3,183,37,2,0.921875,0.1780415028333664,11.5705504,0.01828814492910169,0.009865869942586869,0.008422274986514822,0,4,0.0006423350132536143,0.008422274986514822,0.0003442519810050726,12845056.0,1605632.0
neu18_pattern_mining,2026-02-08T12:03:21,3,184,37,3,0.984375,0.07307188957929611,11.5705504,0.013484072900610045,0.007100059883669019,0.006384013016941026,0,4,0.0004644359869416803,0.006384013016941026,0.00024557000142522156,12845056.0,1605632.0
neu18_pattern_mining,2026-02-08T12:03:21,3,185,37,4,0.3333333333333333,5.228724002838135,0.5519008,0.013953581132227555,0.007869260152801871,0.006084320979425684,0,4,0.0005431000026874244,0.006084320979425684,0.0002438260125927627,602112.0,75264.0
neu18_pattern_mining,2026-02-08T12:03:22,4,181,37,0,1.0,0.0009517472353763878,11.5705504,0.048325493873562664,0.03872295987093821,0.009602534002624452,0,4,0.0033664479851722717,0.009602534002624452,0.0005058480019215494,12845056.0,1605632.0
neu18_pattern_mining,2026-02-08T12:03:22,4,182,37,1,0.984375,0.05802538990974426,11.5705504,0.01847636271850206,0.00979344971710816,0.0086829130013939,0,4,0.0006645709800068289,0.0086829130013939,0.0003147739917039871,12845056.0,1605632.0
neu18_pattern_mining,2026-02-08T12:03:22,4,183,37,2,1.0,0.003928705118596554,11.5705504,0.012978739832760766,0.00699106982210651,0.005987670010654256,0,4,0.00045039999531582,0.005987670010654256,0.00024870698689483106,12845056.0,1605632.0
neu18_pattern_mining,2026-02-08T12:03:22,4,184,37,3,0.96875,0.08773115277290344,11.5705504,0.010508448089240119,0.005719230102840811,0.004789217986399308,0,4,0.0003746330039575696,0.004789217986399308,0.0001972900063265115,12845056.0,1605632.0
neu18_pattern_mining,2026-02-08T12:03:22,4,185,37,4,0.3333333333333333,1.0545929670333862,0.5519008,0.009928466228302568,0.005420390225481242,0.004508076002821326,0,4,0.00035420700442045927,0.004508076002821326,0.00018783201812766492,602112.0,75264.0
neu18_pattern_mining,2026-02-08T12:03:24,0,186,38,0,1.0,0.0002947855682577938,11.5705504,0.04640013322932646,0.031617790227755904,0.014782343001570553,0,4,0.002594393998151645,0.014782343001570553,0.0005673850246239454,12845056.0,1605632.0
neu18_pattern_mining,2026-02-08T12:03:24,0,187,38,1,0.90625,0.4264553189277649,11.5705504,0.010275095148244873,0.006621660140808672,0.003653435007436201,0,4,0.0004603110137395561,0.003653435007436201,0.0002018550003413111,12845056.0,1605632.0
neu18_pattern_mining,2026-02-08T12:03:24,0,188,38,2,0.96875,0.05169657990336418,11.5705504,0.008465470076771453,0.00492777006002143,0.0035377000167500228,0,4,0.00030749200959689915,0.0035377000167500228,0.00018528499640524387,12845056.0,1605632.0
neu18_pattern_mining,2026-02-08T12:03:24,0,189,38,3,0.984375,0.03281627967953682,11.5705504,0.009496202896116301,0.005446829891297966,0.004049373004818335,0,4,0.00034572099684737623,0.004049373004818335,0.0001989619922824204,12845056.0,1605632.0
neu18_pattern_mining,2026-02-08T12:03:24,0,190,38,4,1.0,0.08662702888250351,0.7325344,0.01087873918004334,0.006362050189636648,0.004516688990406692,0,4,0.00042615801794454455,0.004516688990406692,0.00021004700101912022,802816.0,100352.0
neu18_pattern_mining,2026-02-08T12:03:25,1,186,38,0,1.0,8.039543172344565e-05,11.5705504,0.0448252436472103,0.03634944965597242,0.008475793991237879,0,4,0.0031088639807421714,0.008475793991237879,0.0005260809848550707,12845056.0,1605632.0
neu18_pattern_mining,2026-02-08T12:03:25,1,187,38,1,1.0,0.00043685981654562056,11.5705504,0.016071513062343,0.008979660051409155,0.007091853010933846,0,4,0.000582150008995086,0.007091853010933846,0.00031581599614582956,12845056.0,1605632.0
neu18_pattern_mining,2026-02-08T12:03:25,1,188,38,2,0.96875,0.279853880405426,11.5705504,0.015373662812635303,0.008386419794987887,0.006987243017647415,0,4,0.0005210980016272515,0.006987243017647415,0.0003175439778715372,12845056.0,1605632.0
neu18_pattern_mining,2026-02-08T12:03:25,1,189,38,3,0.984375,0.03895474970340729,11.5705504,0.015515037055592984,0.008512960048392415,0.007002077007200569,0,4,0.0005506610032171011,0.007002077007200569,0.0003006350016221404,12845056.0,1605632.0
neu18_pattern_mining,2026-02-08T12:03:25,1,190,38,4,0.6666666666666666,1.4943046569824219,0.5519008,0.015321927756303921,0.008586039766669273,0.006735887989634648,0,4,0.0005452100012917072,0.006735887989634648,0.0003133939753752202,602112.0,75264.0
neu18_pattern_mining,2026-02-08T12:03:26,2,186,38,0,1.0,7.059088966343552e-05,11.5705504,0.046415246033575386,0.0362531200516969,0.01016212598187849,0,4,0.0030258950137067586,0.01016212598187849,0.000599416991462931,12845056.0,1605632.0
neu18_pattern_mining,2026-02-08T12:03:26,2,187,38,1,0.984375,0.11855512857437134,11.5705504,0.019043373205931857,0.010541000228840858,0.008502372977091,0,4,0.0006881240115035325,0.008502372977091,0.00036597601138055325,12845056.0,1605632.0
neu18_pattern_mining,2026-02-08T12:03:26,2,188,38,2,1.0,0.00869422685354948,11.5705504,0.017056312964996323,0.009463269961997867,0.007593043002998456,0,4,0.0006066309870220721,0.007593043002998456,0.0003396960091777146,12845056.0,1605632.0
neu18_pattern_mining,2026-02-08T12:03:26,2,189,38,3,1.0,0.006415666081011295,11.5705504,0.018369450059253722,0.009858770063146949,0.008510679996106774,0,4,0.0006568710086867213,0.008510679996106774,0.00032900599762797356,12845056.0,1605632.0
neu18_pattern_mining,2026-02-08T12:03:26,2,190,38,4,0.6666666666666666,3.3974177837371826,0.5519008,0.016579176008235663,0.009489950025454164,0.0070892259827815,0,4,0.0006174590089358389,0.0070892259827815,0.0003315359936095774,602112.0,75264.0
neu18_pattern_mining,2026-02-08T12:03:27,3,186,38,0,1.0,0.00016045858501456678,11.5705504,0.04014829205698334,0.03151943004922941,0.008628862007753924,0,4,0.0027339920052327216,0.008628862007753924,0.00041795099969021976,12845056.0,1605632.0
neu18_pattern_mining,2026-02-08T12:03:27,3,187,38,1,0.890625,1.2470790147781372,11.5705504,0.0160878550959751,0.008660870080348104,0.007426985015626997,0,4,0.0005296370072755963,0.007426985015626997,0.00033645000075921416,12845056.0,1605632.0
neu18_pattern_mining,2026-02-08T12:03:27,3,188,38,2,0.984375,0.04396481812000275,11.5705504,0.015568939357763156,0.008569860365241766,0.00699907899252139,0,4,0.0005432520119938999,0.00699907899252139,0.00031373402453027666,12845056.0,1605632.0
neu18_pattern_mining,2026-02-08T12:03:27,3,189,38,3,0.953125,0.3285634517669678,11.5705504,0.016448669863166288,0.009022709855344146,0.007425960007822141,0,4,0.0005936859815847129,0.007425960007822141,0.0003085850039497018,12845056.0,1605632.0
neu18_pattern_mining,2026-02-08T12:03:27,3,190,38,4,0.6666666666666666,2.4526572227478027,0.5519008,0.015991952910553664,0.009136119915638119,0.006855832994915545,0,4,0.0005969630146864802,0.006855832994915545,0.00031664897687733173,602112.0,75264.0
neu18_pattern_mining,2026-02-08T12:03:28,4,186,38,0,1.0,0.00016063093789853156,11.5705504,0.036649475630838424,0.028028209635522217,0.008621265995316207,0,4,0.0023141079873312265,0.008621265995316207,0.0004887129762209952,12845056.0,1605632.0
neu18_pattern_mining,2026-02-08T12:03:28,4,187,38,1,0.984375,0.03320658206939697,11.5705504,0.015292295895051211,0.008375679899472743,0.006916615995578468,0,4,0.0005293120048008859,0.006916615995578468,0.0003082559851463884,12845056.0,1605632.0
neu18_pattern_mining,2026-02-08T12:03:28,4,188,38,2,0.96875,0.10332626849412918,11.5705504,0.01549496315419674,0.008529880142305046,0.006965083011891693,0,4,0.0005385940021369606,0.006965083011891693,0.000314394012093544,12845056.0,1605632.0
neu18_pattern_mining,2026-02-08T12:03:28,4,189,38,3,0.96875,0.1303013265132904,11.5705504,0.016961776214884594,0.009311580215580761,0.007650195999303833,0,4,0.0006003760208841413,0.007650195999303833,0.0003307820006739348,12845056.0,1605632.0
neu18_pattern_mining,2026-02-08T12:03:28,4,190,38,4,0.3333333333333333,5.220634937286377,0.5519008,0.017192467843415216,0.009668539860285819,0.007523927983129397,0,4,0.0006345259898807853,0.007523927983129397,0.0003323279961477965,602112.0,75264.0
neu18_pattern_mining,2026-02-08T12:03:29,0,191,39,0,1.0,0.0009392571519128978,11.5705504,0.03715894531342201,0.02796082029817626,0.00919812501524575,0,4,0.002259499015053734,0.00919812501524575,0.0005365830147638917,12845056.0,1605632.0
neu18_pattern_mining,2026-02-08T12:03:29,0,192,39,1,0.984375,0.15438003838062286,11.5705504,0.012894431158201769,0.007337900169659406,0.005556530988542363,0,4,0.00047572501352988183,0.005556530988542363,0.00025806500343605876,12845056.0,1605632.0
neu18_pattern_mining,2026-02-08T12:03:29,0,193,39,2,0.921875,0.7255338430404663,11.5705504,0.01308585685910657,0.007284389866981655,0.005801466992124915,0,4,0.000471696985187009,0.005801466992124915,0.00025674200151115656,12845056.0,1605632.0
neu18_pattern_mining,2026-02-08T12:03:29,0,194,39,3,0.9375,0.1585562527179718,11.5705504,0.013965398858999833,0.007808799855411053,0.006156599003588781,0,4,0.0005141359870322049,0.006156599003588781,0.0002667439985089004,12845056.0,1605632.0
neu18_pattern_mining,2026-02-08T12:03:29,0,195,39,4,1.0,0.06505554169416428,0.7325344,0.01503436325583607,0.0082809102605097,0.00675345299532637,0,4,0.0005620590236503631,0.00675345299532637,0.00026603200240060687,802816.0,100352.0
neu18_pattern_mining,2026-02-08T12:03:30,1,191,39,0,1.0,4.3315900256857276e-05,11.5705504,0.05061508098151535,0.03965885000070557,0.010956230980809778,0,4,0.003311664011562243,0.010956230980809778,0.0006542209885083139,12845056.0,1605632.0
neu18_pattern_mining,2026-02-08T12:03:30,1,192,39,1,0.984375,0.1143985465168953,11.5705504,0.018504863168345764,0.010127150162588805,0.00837771300575696,0,4,0.0006666490226052701,0.00837771300575696,0.00034606599365361035,12845056.0,1605632.0
neu18_pattern_mining,2026-02-08T12:03:30,1,193,39,2,0.984375,0.018011223524808884,11.5705504,0.01708664229954593,0.00936903030378744,0.007717611995758489,0,4,0.0005996590189170092,0.007717611995758489,0.00033724401146173477,12845056.0,1605632.0
neu18_pattern_mining,2026-02-08T12:03:30,1,194,39,3,0.984375,0.032529331743717194,11.5705504,0.01675438808160834,0.009120650065597147,0.007633738016011193,0,4,0.0005780160136055201,0.007633738016011193,0.00033404899295419455,12845056.0,1605632.0
neu18_pattern_mining,2026-02-08T12:03:30,1,195,39,4,0.0,5.535933971405029,0.5519008,0.016917686822125688,0.009433009836357087,0.007484676985768601,0,4,0.0006054129917174578,0.007484676985768601,0.0003378879919182509,602112.0,75264.0
neu18_pattern_mining,2026-02-08T12:03:31,2,191,39,0,1.0,8.193439498427324e-06,11.5705504,0.04397062325733714,0.03351483028382063,0.010455792973516509,0,4,0.002827295014867559,0.010455792973516509,0.0005241880135145038,12845056.0,1605632.0
neu18_pattern_mining,2026-02-08T12:03:31,2,192,39,1,1.0,0.00010844026110135019,11.5705504,0.014956540864659473,0.008327759860549122,0.006628781004110351,0,4,0.0005291629931889474,0.006628781004110351,0.00030361299286596477,12845056.0,1605632.0
neu18_pattern_mining,2026-02-08T12:03:31,2,193,39,2,1.0,0.011213564313948154,11.5705504,0.016900874819839373,0.009232059819623828,0.007668815000215545,0,4,0.0005939889815635979,0.007668815000215545,0.0003292170003987849,12845056.0,1605632.0
neu18_pattern_mining,2026-02-08T12:03:31,2,194,39,3,0.96875,0.10991152375936508,11.5705504,0.016918646229896694,0.009169670229312032,0.007748976000584662,0,4,0.0005856490170117468,0.007748976000584662,0.0003313180059194565,12845056.0,1605632.0
neu18_pattern_mining,2026-02-08T12:03:31,2,195,39,4,0.6666666666666666,1.3108532428741455,0.5519008,0.01680898090125993,0.009696029883343726,0.0071129510179162025,0,4,0.0006356849917210639,0.0071129510179162025,0.0003339179966133088,602112.0,75264.0
neu18_pattern_mining,2026-02-08T12:03:32,3,191,39,0,0.984375,0.021162554621696472,11.5705504,0.04969745478592813,0.03765243978705257,0.012045014998875558,0,4,0.0031224059930536896,0.012045014998875558,0.0006428379856515676,12845056.0,1605632.0
neu18_pattern_mining,2026-02-08T12:03:32,3,192,39,1,0.96875,0.2919175326824188,11.5705504,0.02172698691720143,0.01212920993566513,0.009597776981536299,0,4,0.0007931820000521839,0.009597776981536299,0.0004197389935143292,12845056.0,1605632.0
neu18_pattern_mining,2026-02-08T12:03:32,3,193,39,2,0.984375,0.029753664508461952,11.5705504,0.020381573878694326,0.010901989880949259,0.009479583997745067,0,4,0.0007242999854497612,0.009479583997745067,0.00036589900264516473,12845056.0,1605632.0
neu18_pattern_mining,2026-02-08T12:03:32,3,194,39,3,0.921875,0.2056559920310974,11.5705504,0.02053915214492008,0.011109560145996511,0.00942959199892357,0,4,0.0007337980205193162,0.00942959199892357,0.0003771579940803349,12845056.0,1605632.0
neu18_pattern_mining,2026-02-08T12:03:32,3,195,39,4,0.0,3.4644992351531982,0.5519008,0.018467234825948253,0.010692759824451059,0.007774475001497194,0,4,0.0006929560040589422,0.007774475001497194,0.0003763199783861637,602112.0,75264.0
neu18_pattern_mining,2026-02-08T12:03:33,4,191,39,0,1.0,0.0001580774987814948,11.5705504,0.050279474700801075,0.03873439971357584,0.011545074987225235,0,4,0.003248953988077119,0.011545074987225235,0.000624485983280465,12845056.0,1605632.0
neu18_pattern_mining,2026-02-08T12:03:33,4,192,39,1,0.96875,0.3130047023296356,11.5705504,0.018986464361660182,0.010430380352772772,0.00855608400888741,0,4,0.0006712050235364586,0.00855608400888741,0.0003718330117408186,12845056.0,1605632.0
neu18_pattern_mining,2026-02-08T12:03:33,4,193,39,2,0.96875,0.11574135720729828,11.5705504,0.018424020265229046,0.009959630260709673,0.008464390004519373,0,4,0.0006326260045170784,0.008464390004519373,0.0003633370215538889,12845056.0,1605632.0
neu18_pattern_mining,2026-02-08T12:03:33,4,194,39,3,0.96875,0.19276317954063416,11.5705504,0.01983018993632868,0.011477709922473878,0.008352480013854802,0,4,0.000791400991147384,0.008352480013854802,0.0003563700011000037,12845056.0,1605632.0
neu18_pattern_mining,2026-02-08T12:03:33,4,195,39,4,0.6666666666666666,1.3053137063980103,0.5519008,0.019380556128453463,0.011683200136758387,0.007697355991695076,0,4,0.0007756440027151257,0.007697355991695076,0.00039267601096071303,602112.0,75264.0
neu18_pattern_mining,2026-02-08T12:03:35,0,196,40,0,1.0,0.0003847234765999019,11.5705504,0.03317446424625814,0.02484153024852276,0.008332933997735381,0,4,0.001951780024683103,0.008332933997735381,0.0005323730001691729,12845056.0,1605632.0
neu18_pattern_mining,2026-02-08T12:03:35,0,197,40,1,0.953125,0.3428741693496704,11.5705504,0.010906227136729285,0.0071499901241622865,0.0037562370125669986,0,4,0.0005003790138289332,0.0037562370125669986,0.0002146199985872954,12845056.0,1605632.0
neu18_pattern_mining,2026-02-08T12:03:35,0,198,40,2,0.984375,0.18682996928691864,11.5705504,0.010209834203124046,0.006477770220953971,0.003732063982170075,0,4,0.0004483020165935159,0.003732063982170075,0.00019947500550188124,12845056.0,1605632.0
neu18_pattern_mining,2026-02-08T12:03:35,0,199,40,3,0.953125,0.1357630044221878,11.5705504,0.01430710410932079,0.008601380104664713,0.005705724004656076,0,4,0.0005923760181758553,0.005705724004656076,0.00026776199229061604,12845056.0,1605632.0
neu18_pattern_mining,2026-02-08T12:03:35,0,200,40,4,0.75,4.071343898773193,0.7325344,0.014254670910304412,0.008982509898487478,0.005272161011816934,0,4,0.0006217199843376875,0.005272161011816934,0.00027653100551106036,802816.0,100352.0
neu18_pattern_mining,2026-02-08T12:03:35,1,196,40,0,1.0,0.0008874927880242467,11.5705504,0.04242107138270512,0.03505380038404837,0.00736727099865675,0,4,0.0030460260168183595,0.00736727099865675,0.00045935402158647776,12845056.0,1605632.0
neu18_pattern_mining,2026-02-08T12:03:36,1,197,40,1,0.984375,0.05005480721592903,11.5705504,0.019495921820634976,0.01163296983577311,0.007862951984861866,0,4,0.0007558869838248938,0.007862951984861866,0.0004074099997524172,12845056.0,1605632.0
neu18_pattern_mining,2026-02-08T12:03:36,1,198,40,2,0.890625,0.8071329593658447,11.5705504,0.020303915691329166,0.011705509677994996,0.00859840601333417,0,4,0.0007809879898559302,0.00859840601333417,0.0003895629779435694,12845056.0,1605632.0
neu18_pattern_mining,2026-02-08T12:03:36,1,199,40,3,0.984375,0.026002313941717148,11.5705504,0.020521904196357355,0.011862990213558078,0.008658913982799277,0,4,0.0007828070083633065,0.008658913982799277,0.00040349201299250126,12845056.0,1605632.0
neu18_pattern_mining,2026-02-08T12:03:36,1,200,40,4,0.3333333333333333,3.305250883102417,0.5519008,0.020815963915083557,0.01203052990604192,0.008785434009041637,0,4,0.0008296519808936864,0.008785434009041637,0.0003734010097105056,602112.0,75264.0
neu18_pattern_mining,2026-02-08T12:03:36,2,196,40,0,1.0,0.0003755904908757657,11.5705504,0.04572479519993067,0.03652839019196108,0.009196405007969588,0,4,0.0031124380184337497,0.009196405007969588,0.0005404010007623583,12845056.0,1605632.0
neu18_pattern_mining,2026-02-08T12:03:36,2,197,40,1,0.984375,0.1665135622024536,11.5705504,0.014705211011460051,0.008949920011218637,0.005755291000241414,0,4,0.00060871901223436,0.005755291000241414,0.00028627298888750374,12845056.0,1605632.0
neu18_pattern_mining,2026-02-08T12:03:36,2,198,40,2,0.96875,0.13231432437896729,11.5705504,0.017185720178531483,0.010102990199811757,0.007082729978719726,0,4,0.000680875004036352,0.007082729978719726,0.0003294240159448236,12845056.0,1605632.0
neu18_pattern_mining,2026-02-08T12:03:36,2,199,40,3,0.96875,0.12266144901514053,11.5705504,0.017815138009609655,0.010617660009302199,0.007197478000307456,0,4,0.0007073529995977879,0.007197478000307456,0.00035441300133243203,12845056.0,1605632.0
neu18_pattern_mining,2026-02-08T12:03:37,2,200,40,4,1.0,0.03339711204171181,0.5519008,0.01611575100105256,0.009444669994991273,0.006671081006061286,0,4,0.0006129409885033965,0.006671081006061286,0.00033152601099573076,602112.0,75264.0
neu18_pattern_mining,2026-02-08T12:03:37,3,196,40,0,1.0,0.00043113488936796784,11.5705504,0.053093139053089544,0.041880710050463676,0.011212429002625868,0,4,0.003556206007488072,0.011212429002625868,0.0006318649975582957,12845056.0,1605632.0
neu18_pattern_mining,2026-02-08T12:03:37,3,197,40,1,0.921875,0.4247760772705078,11.5705504,0.02096394877298735,0.012157189776189625,0.008806758996797726,0,4,0.000812546000815928,0.008806758996797726,0.00040317297680303454,12845056.0,1605632.0
neu18_pattern_mining,2026-02-08T12:03:37,3,198,40,2,0.921875,0.8461903929710388,11.5705504,0.02032044986844994,0.011657929862849414,0.008662520005600527,0,4,0.0007771349919494241,0.008662520005600527,0.0003886579943355173,12845056.0,1605632.0
neu18_pattern_mining,2026-02-08T12:03:37,3,199,40,3,0.96875,0.12435733526945114,11.5705504,0.018187521753134206,0.010369699739385396,0.00781782201374881,0,4,0.0006715889903716743,0.00781782201374881,0.0003653809835668653,12845056.0,1605632.0
neu18_pattern_mining,2026-02-08T12:03:37,3,200,40,4,0.6666666666666666,0.6864604949951172,0.5519008,0.017391083034453914,0.009516330028418452,0.007874753006035462,0,4,0.00061461899895221,0.007874753006035462,0.0003370140038896352,602112.0,75264.0
neu18_pattern_mining,2026-02-08T12:03:38,4,196,40,0,1.0,0.0004510462167672813,11.5705504,0.049036497744964436,0.03962762973969802,0.009408868005266413,0,4,0.00343363598221913,0.009408868005266413,0.0005291269917506725,12845056.0,1605632.0
neu18_pattern_mining,2026-02-08T12:03:38,4,197,40,1,0.9375,0.36439770460128784,11.5705504,0.012296766944928095,0.006794359942432493,0.005502407002495602,0,4,0.0004437589959707111,0.005502407002495602,0.00023567699827253819,12845056.0,1605632.0
neu18_pattern_mining,2026-02-08T12:03:38,4,198,40,2,0.984375,0.03605496138334274,11.5705504,0.01183099183253944,0.0066870698356069624,0.005143921996932477,0,4,0.00043762498535215855,0.005143921996932477,0.0002310819982085377,12845056.0,1605632.0
neu18_pattern_mining,2026-02-08T12:03:38,4,199,40,3,0.875,0.3185603618621826,11.5705504,0.011923012119950727,0.006469330110121518,0.005453682009829208,0,4,0.00043093698332086205,0.005453682009829208,0.00021599602769128978,12845056.0,1605632.0
neu18_pattern_mining,2026-02-08T12:03:38,4,200,40,4,0.6666666666666666,2.6355180740356445,0.5519008,0.010340664710383862,0.005788819689769298,0.004551845020614564,0,4,0.00037916298606432974,0.004551845020614564,0.00019971898291260004,602112.0,75264.0
neu18_pattern_mining,2026-02-08T12:03:40,0,201,41,0,1.0,0.0037066861987113953,11.5705504,0.03525517662637867,0.025469129614066333,0.009786047012312338,0,4,0.0020532049820758402,0.009786047012312338,0.000493707979330793,12845056.0,1605632.0
neu18_pattern_mining,2026-02-08T12:03:40,0,202,41,1,0.921875,0.49093252420425415,11.5705504,0.015493524027988315,0.008386510016862303,0.007107014011126012,0,4,0.0005386919947341084,0.007107014011126012,0.00029995900695212185,12845056.0,1605632.0
neu18_pattern_mining,2026-02-08T12:03:40,0,203,41,2,1.0,0.004290004260838032,11.5705504,0.013537620776332915,0.007219629769679159,0.006317991006653756,0,4,0.00047819799510762095,0.006317991006653756,0.00024376498186029494,12845056.0,1605632.0
neu18_pattern_mining,2026-02-08T12:03:40,0,204,41,3,1.0,0.02141173556447029,11.5705504,0.01012937622726895,0.005402320239227265,0.004727055988041684,0,4,0.00035579001996666193,0.004727055988041684,0.00018444200395606458,12845056.0,1605632.0
neu18_pattern_mining,2026-02-08T12:03:40,0,205,41,4,0.75,2.363879919052124,0.7325344,0.01275321896537207,0.007070669962558895,0.005682549002813175,0,4,0.00048663499183021486,0.005682549002813175,0.00022043200442567468,802816.0,100352.0
neu18_pattern_mining,2026-02-08T12:03:41,1,201,41,0,1.0,0.0035633272491395473,11.5705504,0.04709788321633823,0.039466800226364285,0.007631082989973947,0,4,0.0034375530085526407,0.007631082989973947,0.0005091270140837878,12845056.0,1605632.0
neu18_pattern_mining,2026-02-08T12:03:41,1,202,41,1,0.90625,0.5945532321929932,11.5705504,0.009780914930161089,0.006142329948488623,0.003638584981672466,0,4,0.00041022500954568386,0.003638584981672466,0.00020400798530317843,12845056.0,1605632.0
neu18_pattern_mining,2026-02-08T12:03:41,1,203,41,2,0.875,0.6134015321731567,11.5705504,0.01455844598240219,0.00853233999805525,0.006026105984346941,0,4,0.0005643740005325526,0.006026105984346941,0.00028885999927297235,12845056.0,1605632.0
neu18_pattern_mining,2026-02-08T12:03:41,1,204,41,3,0.984375,0.022633086889982224,11.5705504,0.012818971881642938,0.007333839894272387,0.005485131987370551,0,4,0.0004843969945795834,0.005485131987370551,0.0002489869948476553,12845056.0,1605632.0
neu18_pattern_mining,2026-02-08T12:03:41,1,205,41,4,0.3333333333333333,5.544614791870117,0.5519008,0.012337479129200801,0.006912290118634701,0.0054251890105661005,0,4,0.00045286002568900585,0.0054251890105661005,0.00023836898617446423,602112.0,75264.0
neu18_pattern_mining,2026-02-08T12:03:42,2,201,41,0,1.0,0.004401663783937693,11.5705504,0.044267478777328506,0.03619173978222534,0.008075738995103166,0,4,0.003137374995276332,0.008075738995103166,0.00048179898294620216,12845056.0,1605632.0
neu18_pattern_mining,2026-02-08T12:03:42,2,202,41,1,0.9375,0.13600359857082367,11.5705504,0.010109675844432786,0.006473469838965684,0.003636206005467102,0,4,0.0004313979879952967,0.003636206005467102,0.0002159489959012717,12845056.0,1605632.0
neu18_pattern_mining,2026-02-08T12:03:42,2,203,41,2,0.984375,0.03896944969892502,11.5705504,0.008853269857354462,0.005268149834591895,0.003585120022762567,0,4,0.0003418919804971665,0.003585120022762567,0.00018492300296202302,12845056.0,1605632.0
neu18_pattern_mining,2026-02-08T12:03:42,2,204,41,3,1.0,0.004195118322968483,11.5705504,0.009007180691696703,0.00545009970664978,0.003557080985046923,0,4,0.00036009098403155804,0.003557080985046923,0.00018491898663342,12845056.0,1605632.0
neu18_pattern_mining,2026-02-08T12:03:42,2,205,41,4,1.0,0.007936402224004269,0.5519008,0.008203643024899065,0.004514390020631254,0.0036892530042678118,0,4,0.0002930490009021014,0.0036892530042678118,0.00015839000116102397,602112.0,75264.0
neu18_pattern_mining,2026-02-08T12:03:43,3,201,41,0,1.0,0.0011438600486144423,11.5705504,0.04268444480840117,0.035083819821011275,0.007600624987389892,0,4,0.0030130869999993593,0.007600624987389892,0.0004952949821017683,12845056.0,1605632.0
neu18_pattern_mining,2026-02-08T12:03:43,3,202,41,1,0.90625,0.8163242340087891,11.5705504,0.018335187021875754,0.011065430007874966,0.007269757014000788,0,4,0.0007420289912261069,0.007269757014000788,0.0003645140095613897,12845056.0,1605632.0
neu18_pattern_mining,2026-02-08T12:03:43,3,203,41,2,1.0,0.0015702997334301472,11.5705504,0.016637032997095957,0.00955878000240773,0.007078252994688228,0,4,0.0006297689978964627,0.007078252994688228,0.0003261090023443103,12845056.0,1605632.0
neu18_pattern_mining,2026-02-08T12:03:43,3,204,41,3,0.953125,0.14284740388393402,11.5705504,0.015349978872109205,0.008277359884232283,0.007072618987876922,0,4,0.0005341699870768934,0.007072618987876922,0.0002935660013463348,12845056.0,1605632.0
neu18_pattern_mining,2026-02-08T12:03:43,3,205,41,4,0.3333333333333333,4.954196929931641,0.5519008,0.015587286179652438,0.008470500179100782,0.007116786000551656,0,4,0.0005610210064332932,0.007116786000551656,0.00028602901147678494,602112.0,75264.0
neu18_pattern_mining,2026-02-08T12:03:43,4,201,41,0,1.0,0.00028086683596484363,11.5705504,0.037290522042894736,0.029800930060446262,0.007489591982448474,0,4,0.002530110999941826,0.007489591982448474,0.00044998200610280037,12845056.0,1605632.0
neu18_pattern_mining,2026-02-08T12:03:43,4,202,41,1,0.953125,0.13650915026664734,11.5705504,0.010527436854317784,0.0064947898499667645,0.00403264700435102,0,4,0.0004343590117059648,0.00403264700435102,0.00021511997329071164,12845056.0,1605632.0
neu18_pattern_mining,2026-02-08T12:03:44,4,203,41,2,1.0,0.009438199922442436,11.5705504,0.012516552989836782,0.007000309997238219,0.005516242992598563,0,4,0.00045028398744761944,0.005516242992598563,0.00024974701227620244,12845056.0,1605632.0
neu18_pattern_mining,2026-02-08T12:03:44,4,204,41,3,0.828125,0.560300350189209,11.5705504,0.011916044109966606,0.006356970116030425,0.005559073993936181,0,4,0.0004161749966442585,0.005559073993936181,0.00021952201495878398,12845056.0,1605632.0
neu18_pattern_mining,2026-02-08T12:03:44,4,205,41,4,1.0,0.00262538087554276,0.5519008,0.010323774797143415,0.005764459783677012,0.004559315013466403,0,4,0.000384713988751173,0.004559315013466403,0.00019173198961652815,602112.0,75264.0
neu18_pattern_mining,2026-02-08T12:03:45,0,206,42,0,1.0,0.001167358597740531,11.5705504,0.04207302108989097,0.027999200101476163,0.014073820988414809,0,4,0.0020929599995724857,0.014073820988414809,0.0007069600105751306,12845056.0,1605632.0
neu18_pattern_mining,2026-02-08T12:03:45,0,207,42,1,0.953125,0.2256574034690857,11.5705504,0.01820260495878756,0.009756759973242879,0.008445844985544682,0,4,0.0006391629867721349,0.008445844985544682,0.000336513010552153,12845056.0,1605632.0
neu18_pattern_mining,2026-02-08T12:03:45,0,208,42,2,0.953125,0.2113340198993683,11.5705504,0.014638743945397437,0.007875949959270656,0.0067627939861267805,0,4,0.000521209993166849,0.0067627939861267805,0.0002663850027602166,12845056.0,1605632.0
neu18_pattern_mining,2026-02-08T12:03:45,0,209,42,3,1.0,0.0031674979254603386,11.5705504,0.013309173955349252,0.007032529974821955,0.006276643980527297,0,4,0.00046138998004607856,0.006276643980527297,0.00024186301743611693,12845056.0,1605632.0
neu18_pattern_mining,2026-02-08T12:03:45,0,210,42,4,1.0,0.11012770980596542,0.7325344,0.015393603796837851,0.008513149805366993,0.0068804539914708585,0,4,0.0005656429857481271,0.0068804539914708585,0.0002856719947885722,802816.0,100352.0
neu18_pattern_mining,2026-02-08T12:03:46,1,206,42,0,1.0,4.2764328100020066e-05,11.5705504,0.039397740067215636,0.03153063007630408,0.007867109990911558,0,4,0.0026734810089692473,0.007867109990911558,0.00047958199866116047,12845056.0,1605632.0
neu18_pattern_mining,2026-02-08T12:03:46,1,207,42,1,1.0,0.0007159277447499335,11.5705504,0.011813221091870219,0.0065714900847524405,0.005241731007117778,0,4,0.0004418010066729039,0.005241731007117778,0.00021534800180234015,12845056.0,1605632.0
neu18_pattern_mining,2026-02-08T12:03:46,1,208,42,2,0.953125,0.09621481597423553,11.5705504,0.009799443068914115,0.0051593800890259445,0.004640062979888171,0,4,0.00034360200515948236,0.004640062979888171,0.0001723360037431121,12845056.0,1605632.0
neu18_pattern_mining,2026-02-08T12:03:46,1,209,42,3,0.984375,0.1380987912416458,11.5705504,0.010012410813942552,0.005421039822977036,0.004591370990965515,0,4,0.0003613339795265347,0.004591370990965515,0.00018077000277116895,12845056.0,1605632.0
neu18_pattern_mining,2026-02-08T12:03:46,1,210,42,4,0.6666666666666666,0.4632338583469391,0.5519008,0.012016913999104872,0.007034640002530068,0.004982273996574804,0,4,0.0004708479973487556,0.004982273996574804,0.00023261600290425122,602112.0,75264.0
neu18_pattern_mining,2026-02-08T12:03:47,2,206,42,0,0.984375,0.019053393974900246,11.5705504,0.041346707206685096,0.033590310194995254,0.007756397011689842,0,4,0.0029336280131246895,0.007756397011689842,0.00042540300637483597,12845056.0,1605632.0
neu18_pattern_mining,2026-02-08T12:03:47,2,207,42,1,0.8125,1.491567850112915,11.5705504,0.01055086316773668,0.006249440193641931,0.0043014229740947485,0,4,0.0004194810171611607,0.0043014229740947485,0.00020546300220303237,12845056.0,1605632.0
neu18_pattern_mining,2026-02-08T12:03:47,2,208,42,2,1.0,0.0040989709086716175,11.5705504,0.008909513737307861,0.005273969727568328,0.003635544009739533,0,4,0.000379705976229161,0.003635544009739533,0.00014769099652767181,12845056.0,1605632.0
neu18_pattern_mining,2026-02-08T12:03:47,2,209,42,3,0.953125,0.3059748709201813,11.5705504,0.009748285199748352,0.005580370198003948,0.0041679150017444044,0,4,0.0003933970001526177,0.0041679150017444044,0.00016464001964777708,12845056.0,1605632.0
neu18_pattern_mining,2026-02-08T12:03:47,2,210,42,4,0.0,5.559293270111084,0.5519008,0.00882751084282063,0.005083069845568389,0.0037444409972522408,0,4,0.00033755399635992944,0.0037444409972522408,0.00017075298819690943,602112.0,75264.0
neu18_pattern_mining,2026-02-08T12:03:48,3,206,42,0,1.0,3.986262163380161e-05,11.5705504,0.05054140812717378,0.04016337014036253,0.01037803798681125,0,4,0.0032797930180095136,0.01037803798681125,0.0007365439960267395,12845056.0,1605632.0
neu18_pattern_mining,2026-02-08T12:03:48,3,207,42,1,1.0,0.0015005122404545546,11.5705504,0.018230717978440225,0.009732519974932075,0.00849819800350815,0,4,0.0006435459945350885,0.00849819800350815,0.0003297060029581189,12845056.0,1605632.0
neu18_pattern_mining,2026-02-08T12:03:48,3,208,42,2,0.859375,0.6189010143280029,11.5705504,0.014317897148430347,0.007912680157460272,0.006405216990970075,0,4,0.0005313740111887455,0.006405216990970075,0.00025989400455728173,12845056.0,1605632.0
neu18_pattern_mining,2026-02-08T12:03:48,3,209,42,3,1.0,0.010123849846422672,11.5705504,0.011727355886250734,0.006214639870449901,0.005512716015800834,0,4,0.0004115839838050306,0.005512716015800834,0.00020988000323995948,12845056.0,1605632.0
neu18_pattern_mining,2026-02-08T12:03:48,3,210,42,4,0.6666666666666666,2.586613416671753,0.5519008,0.010647052142303437,0.005902860139030963,0.004744192003272474,0,4,0.0003882430028170347,0.004744192003272474,0.0002020430110860616,602112.0,75264.0
neu18_pattern_mining,2026-02-08T12:03:49,4,206,42,0,1.0,0.0005875834031030536,11.5705504,0.06575482702464797,0.04767409001942724,0.018080737005220726,0,4,0.003759593004360795,0.018080737005220726,0.001007815997581929,12845056.0,1605632.0
neu18_pattern_mining,2026-02-08T12:03:49,4,207,42,1,0.875,0.9661946296691895,11.5705504,0.020325570018030703,0.010740860016085207,0.009584710001945496,0,4,0.0007044039957690984,0.009584710001945496,0.00036968200583942235,12845056.0,1605632.0
neu18_pattern_mining,2026-02-08T12:03:49,4,208,42,2,0.921875,0.13923956453800201,11.5705504,0.017977167706703767,0.00945831969147548,0.008518848015228286,0,4,0.0006247089768294245,0.008518848015228286,0.0003211229923181236,12845056.0,1605632.0
neu18_pattern_mining,2026-02-08T12:03:49,4,209,42,3,0.984375,0.04261292144656181,11.5705504,0.013691416825167835,0.007318529824260622,0.0063728870009072125,0,4,0.0004908129922114313,0.0063728870009072125,0.00024103999021463096,12845056.0,1605632.0
neu18_pattern_mining,2026-02-08T12:03:49,4,210,42,4,0.3333333333333333,2.1155338287353516,0.5519008,0.013166572985937819,0.007688309997320175,0.005478262988617644,0,4,0.0005035600042901933,0.005478262988617644,0.0002652709954418242,602112.0,75264.0
neu18_pattern_mining,2026-02-08T12:03:50,0,211,43,0,1.0,0.00014230395026970655,11.5705504,0.04162341123446822,0.02979071025038138,0.011832700984086841,0,4,0.0021245760144665837,0.011832700984086841,0.0008544950105715543,12845056.0,1605632.0
neu18_pattern_mining,2026-02-08T12:03:50,0,212,43,1,0.90625,0.9810701608657837,11.5705504,0.013238940999144688,0.008073089993558824,0.005165851005585864,0,4,0.0005446889845188707,0.005165851005585864,0.0002626200148370117,12845056.0,1605632.0
neu18_pattern_mining,2026-02-08T12:03:50,0,213,43,2,0.96875,0.10915829241275787,11.5705504,0.018407043011393398,0.010624249989632517,0.007782793021760881,0,4,0.0007176949875429273,0.007782793021760881,0.00034473001142032444,12845056.0,1605632.0
neu18_pattern_mining,2026-02-08T12:03:50,0,214,43,3,0.984375,0.0737796500325203,11.5705504,0.016119067964609712,0.009078129951376468,0.007040938013233244,0,4,0.0005926199955865741,0.007040938013233244,0.0003151929995510727,12845056.0,1605632.0
neu18_pattern_mining,2026-02-08T12:03:51,0,215,43,4,0.75,2.2522828578948975,0.7325344,0.01487538919900544,0.008562620205339044,0.0063127689936663955,0,4,0.00055505899945274,0.0063127689936663955,0.0003012030210811645,802816.0,100352.0
neu18_pattern_mining,2026-02-08T12:03:51,1,211,43,0,1.0,0.004489527549594641,11.5705504,0.04705973280942999,0.03753537981538102,0.009524352994048968,0,4,0.003263160993810743,0.009524352994048968,0.0004903769877273589,12845056.0,1605632.0
neu18_pattern_mining,2026-02-08T12:03:51,1,212,43,1,0.96875,0.03406468406319618,11.5705504,0.0199023082095664,0.01131651020841673,0.00858579800114967,0,4,0.0007621310069225729,0.00858579800114967,0.00036952001391910017,12845056.0,1605632.0
neu18_pattern_mining,2026-02-08T12:03:51,1,213,43,2,0.953125,0.26133349537849426,11.5705504,0.018242331221699715,0.009779920219443738,0.008462411002255976,0,4,0.000641564023680985,0.008462411002255976,0.00033642799826338887,12845056.0,1605632.0
neu18_pattern_mining,2026-02-08T12:03:51,1,214,43,3,0.96875,0.08999059349298477,11.5705504,0.01830924896057695,0.009807129972614348,0.008502118987962604,0,4,0.0006408609915524721,0.008502118987962604,0.0003398520057089627,12845056.0,1605632.0
neu18_pattern_mining,2026-02-08T12:03:51,1,215,43,4,0.6666666666666666,2.0002336502075195,0.5519008,0.016116098122438416,0.009017290140036494,0.007098807982401922,0,4,0.000580174004426226,0.007098807982401922,0.00032155500957742333,602112.0,75264.0
neu18_pattern_mining,2026-02-08T12:03:52,2,211,43,0,1.0,0.0025758540723472834,11.5705504,0.032046821230323985,0.024414250219706446,0.007632571010617539,0,4,0.002039381011854857,0.007632571010617539,0.0004020440101157874,12845056.0,1605632.0
neu18_pattern_mining,2026-02-08T12:03:52,2,212,43,1,0.84375,0.9692707061767578,11.5705504,0.015077997173648328,0.008188630163203925,0.006889367010444403,0,4,0.0005184159963391721,0.006889367010444403,0.00030044701998122036,12845056.0,1605632.0
neu18_pattern_mining,2026-02-08T12:03:52,2,213,43,2,1.0,0.0004678220138885081,11.5705504,0.014270761923398823,0.007611149922013283,0.00665961200138554,0,4,0.0004829459940083325,0.00665961200138554,0.0002781689981929958,12845056.0,1605632.0
neu18_pattern_mining,2026-02-08T12:03:52,2,214,43,3,0.921875,0.7731804847717285,11.5705504,0.014465688029304147,0.007671990024391562,0.006793698004912585,0,4,0.0005048589955549687,0.006793698004912585,0.00026234000688418746,12845056.0,1605632.0
neu18_pattern_mining,2026-02-08T12:03:52,2,215,43,4,0.3333333333333333,1.5975004434585571,0.5519008,0.014469132031081244,0.008153980015777051,0.006315152015304193,0,4,0.0005349690036382526,0.006315152015304193,0.00028042899793945253,602112.0,75264.0
neu18_pattern_mining,2026-02-08T12:03:53,3,211,43,0,1.0,0.008030625991523266,11.5705504,0.03671426116488874,0.028284290165174752,0.008429970999713987,0,4,0.0024501820153091103,0.008429970999713987,0.00037824700120836496,12845056.0,1605632.0
neu18_pattern_mining,2026-02-08T12:03:53,3,212,43,1,0.890625,2.0322604179382324,11.5705504,0.016674239217536524,0.009117800218518823,0.0075564389990177006,0,4,0.0005820190126542002,0.0075564389990177006,0.00032976100919768214,12845056.0,1605632.0
neu18_pattern_mining,2026-02-08T12:03:53,3,213,43,2,0.96875,0.07284846156835556,11.5705504,0.014235090144211426,0.007715510146226734,0.0065195799979846925,0,4,0.0005216500139795244,0.0065195799979846925,0.000249901000643149,12845056.0,1605632.0
neu18_pattern_mining,2026-02-08T12:03:53,3,214,43,3,0.890625,0.5065151453018188,11.5705504,0.014753202209249139,0.007654600194655359,0.00709860201459378,0,4,0.0005021000106353313,0.00709860201459378,0.0002633600088302046,12845056.0,1605632.0
neu18_pattern_mining,2026-02-08T12:03:53,3,215,43,4,0.0,4.301533222198486,0.5519008,0.014278833201387897,0.008059060201048851,0.006219773000339046,0,4,0.0005249140085652471,0.006219773000339046,0.00028099201153963804,602112.0,75264.0
neu18_pattern_mining,2026-02-08T12:03:54,4,211,43,0,1.0,8.17646287032403e-06,11.5705504,0.04269585432484746,0.03330348030431196,0.009392374020535499,0,4,0.0028454750136006624,0.009392374020535499,0.00048487301683053374,12845056.0,1605632.0
neu18_pattern_mining,2026-02-08T12:03:54,4,212,43,1,1.0,0.0010070562129840255,11.5705504,0.010837616893695667,0.005862519901711494,0.004975096991984174,0,4,0.0003702739777509123,0.004975096991984174,0.00021597801242023706,12845056.0,1605632.0
neu18_pattern_mining,2026-02-08T12:03:54,4,213,43,2,1.0,0.0013951094588264823,11.5705504,0.007420153939165175,0.003996799932792783,0.003423354006372392,0,4,0.0002618979779072106,0.003423354006372392,0.0001377820153720677,12845056.0,1605632.0
neu18_pattern_mining,2026-02-08T12:03:54,4,214,43,3,0.96875,0.13766831159591675,11.5705504,0.007359915063716471,0.003983360074926168,0.0033765549887903035,0,4,0.00025372899835929275,0.0033765549887903035,0.00014460700913332403,12845056.0,1605632.0
neu18_pattern_mining,2026-02-08T12:03:54,4,215,43,4,0.3333333333333333,5.208209037780762,0.5519008,0.007344192184973508,0.004244680167175829,0.0030995120177976787,0,4,0.0002834940096363425,0.0030995120177976787,0.00014097400708124042,602112.0,75264.0
neu18_pattern_mining,2026-02-08T12:03:55,0,216,44,0,1.0,0.010025566443800926,11.5705504,0.06511804994079284,0.050674139929469675,0.014443910011323169,0,4,0.00428071801434271,0.014443910011323169,0.0007866959786042571,12845056.0,1605632.0
neu18_pattern_mining,2026-02-08T12:03:56,0,217,44,1,0.984375,0.01829713024199009,11.5705504,0.014087729883613065,0.007749669894110411,0.0063380599895026535,0,4,0.0004972530005034059,0.0063380599895026535,0.0002777139889076352,12845056.0,1605632.0
neu18_pattern_mining,2026-02-08T12:03:56,0,218,44,2,1.0,0.011022496037185192,11.5705504,0.013552651915233582,0.007272489892784506,0.006280162022449076,0,4,0.00048140299622900784,0.006280162022449076,0.00024584599304944277,12845056.0,1605632.0
neu18_pattern_mining,2026-02-08T12:03:56,0,219,44,3,1.0,0.0005405805422924459,11.5705504,0.013487743097357452,0.0072336100856773555,0.006254133011680096,0,4,0.0004930700233671814,0.006254133011680096,0.00023029098520055413,12845056.0,1605632.0
neu18_pattern_mining,2026-02-08T12:03:56,0,220,44,4,0.75,6.213955402374268,0.7325344,0.014027280994923785,0.00784597999881953,0.006181300996104255,0,4,0.0005556719843298197,0.006181300996104255,0.00022892601555213332,802816.0,100352.0
neu18_pattern_mining,2026-02-08T12:03:56,1,216,44,0,1.0,0.001387651078402996,11.5705504,0.045148783043259755,0.03598198003601283,0.009166803007246926,0,4,0.003076872992096469,0.009166803007246926,0.000521325011504814,12845056.0,1605632.0
neu18_pattern_mining,2026-02-08T12:03:56,1,217,44,1,0.953125,0.1493319422006607,11.5705504,0.015070767869474366,0.00812955986475572,0.006941208004718646,0,4,0.0005279839970171452,0.006941208004718646,0.00028497198945842683,12845056.0,1605632.0
neu18_pattern_mining,2026-02-08T12:03:56,1,218,44,2,1.0,0.012225565500557423,11.5705504,0.016213105263886973,0.008664270280860364,0.007548834983026609,0,4,0.0005725210066884756,0.007548834983026609,0.00029390602139756083,12845056.0,1605632.0
neu18_pattern_mining,2026-02-08T12:03:56,1,219,44,3,0.984375,0.035704851150512695,11.5705504,0.016533006011741236,0.009004070016089827,0.007528935995651409,0,4,0.0005795930046588182,0.007528935995651409,0.00032081399695016444,12845056.0,1605632.0
neu18_pattern_mining,2026-02-08T12:03:56,1,220,44,4,0.6666666666666666,0.9107480049133301,0.5519008,0.016551561740925536,0.009214359743054956,0.007337201997870579,0,4,0.0006189559935592115,0.007337201997870579,0.00030247998074628413,602112.0,75264.0
neu18_pattern_mining,2026-02-08T12:03:57,2,216,44,0,0.984375,0.04409186169505119,11.5705504,0.06912078490131535,0.04960897989803925,0.019511805003276095,0,4,0.004070333001436666,0.019511805003276095,0.0008905649883672595,12845056.0,1605632.0
neu18_pattern_mining,2026-02-08T12:03:57,2,217,44,1,0.984375,0.03652537986636162,11.5705504,0.020311216096160933,0.011025950079783797,0.009285266016377136,0,4,0.0007342890021391213,0.009285266016377136,0.00036830600583925843,12845056.0,1605632.0
neu18_pattern_mining,2026-02-08T12:03:57,2,218,44,2,0.796875,0.5372764468193054,11.5705504,0.016216595569858328,0.008731719572097063,0.0074848759977612644,0,4,0.0005698689783457667,0.0074848759977612644,0.00030330297886393964,12845056.0,1605632.0
neu18_pattern_mining,2026-02-08T12:03:57,2,219,44,3,1.0,0.0034053362905979156,11.5705504,0.016130543081089854,0.008699230093043298,0.007431312988046557,0,4,0.0005612030217889696,0.007431312988046557,0.0003087199875153601,12845056.0,1605632.0
neu18_pattern_mining,2026-02-08T12:03:57,2,220,44,4,1.0,0.03374595567584038,0.5519008,0.017765827826224267,0.010244629811495543,0.007521198014728725,0,4,0.0006604130030609667,0.007521198014728725,0.0003640499780885875,602112.0,75264.0
neu18_pattern_mining,2026-02-08T12:03:58,3,216,44,0,1.0,0.001983866561204195,11.5705504,0.05351158027769998,0.03983256028732285,0.013679019990377128,0,4,0.0033505550236441195,0.013679019990377128,0.0006327010050881654,12845056.0,1605632.0
neu18_pattern_mining,2026-02-08T12:03:58,3,217,44,1,0.890625,0.9730226397514343,11.5705504,0.018256699957419187,0.009936309943441302,0.008320390013977885,0,4,0.0006444779864978045,0.008320390013977885,0.00034915300784632564,12845056.0,1605632.0
neu18_pattern_mining,2026-02-08T12:03:58,3,218,44,2,0.984375,0.17907723784446716,11.5705504,0.013205319090047851,0.006934420089237392,0.006270899000810459,0,4,0.00044855198939330876,0.006270899000810459,0.00024489001953043044,12845056.0,1605632.0
neu18_pattern_mining,2026-02-08T12:03:58,3,219,44,3,0.921875,0.4618873596191406,11.5705504,0.013514143793145195,0.007274999807123095,0.0062391439860221,0,4,0.0004851489793509245,0.0062391439860221,0.000242351001361385,12845056.0,1605632.0
neu18_pattern_mining,2026-02-08T12:03:58,3,220,44,4,0.6666666666666666,2.5938937664031982,0.5519008,0.013924343948019668,0.007598359952680767,0.006325983995338902,0,4,0.000494567007990554,0.006325983995338902,0.0002652689872775227,602112.0,75264.0
neu18_pattern_mining,2026-02-08T12:03:59,4,216,44,0,1.0,2.9609696866828017e-05,11.5705504,0.038042535044951364,0.030253400036599487,0.007789135008351877,0,4,0.002579865016741678,0.007789135008351877,0.0004454749869182706,12845056.0,1605632.0
neu18_pattern_mining,2026-02-08T12:03:59,4,217,44,1,1.0,9.47717999224551e-05,11.5705504,0.014207264088327065,0.007796990103088319,0.006410273985238746,0,4,0.0005000460078008473,0.006410273985238746,0.00027965300250798464,12845056.0,1605632.0
neu18_pattern_mining,2026-02-08T12:03:59,4,218,44,2,1.0,0.0022372130770236254,11.5705504,0.011248632974456996,0.006054209952708334,0.005194423021748662,0,4,0.00039835600182414055,0.005194423021748662,0.00020706499344669282,12845056.0,1605632.0
neu18_pattern_mining,2026-02-08T12:03:59,4,219,44,3,0.984375,0.06312043219804764,11.5705504,0.012600961024872959,0.006745900027453899,0.005855060997419059,0,4,0.00044781999895349145,0.005855060997419059,0.0002267700037918985,12845056.0,1605632.0
neu18_pattern_mining,2026-02-08T12:03:59,4,220,44,4,0.6666666666666666,3.0212595462799072,0.5519008,0.01374125009169802,0.007410960097331554,0.006330289994366467,0,4,0.0004968040157109499,0.006330289994366467,0.00024429199402220547,602112.0,75264.0
neu18_pattern_mining,2026-02-08T12:04:01,0,221,45,0,0.984375,0.0329001359641552,11.5705504,0.03197371793794446,0.02068100991891697,0.011292708019027486,0,4,0.0015896479890216142,0.011292708019027486,0.00047845300287008286,12845056.0,1605632.0
neu18_pattern_mining,2026-02-08T12:04:01,0,222,45,1,0.796875,2.267366409301758,11.5705504,0.02022804503212683,0.010769880027510226,0.009458165004616603,0,4,0.0007331740052904934,0.009458165004616603,0.0003438139974605292,12845056.0,1605632.0
neu18_pattern_mining,2026-02-08T12:04:01,0,223,45,2,0.96875,0.07020051032304764,11.5705504,0.01855922507820651,0.01016074005747214,0.00839848502073437,0,4,0.0006427339976653457,0.00839848502073437,0.0003733400080818683,12845056.0,1605632.0
neu18_pattern_mining,2026-02-08T12:04:01,0,224,45,3,0.921875,0.17591527104377747,11.5705504,0.018690790864638984,0.01068613986717537,0.008004650997463614,0,4,0.0006838009867351502,0.008004650997463614,0.00038481299998238683,12845056.0,1605632.0
neu18_pattern_mining,2026-02-08T12:04:01,0,225,45,4,0.25,3.908985137939453,0.7325344,0.01756657677469775,0.010060889762826264,0.007505687011871487,0,4,0.0006719299999531358,0.007505687011871487,0.00033415897632949054,802816.0,100352.0
neu18_pattern_mining,2026-02-08T12:04:02,1,221,45,0,1.0,4.8891877668211237e-05,11.5705504,0.05106791274738498,0.038545369752682745,0.012522542994702235,0,4,0.003265681996708736,0.012522542994702235,0.0005888549785595387,12845056.0,1605632.0
neu18_pattern_mining,2026-02-08T12:04:02,1,222,45,1,1.0,0.0021399101242423058,11.5705504,0.013817447645124048,0.00738336966605857,0.006434077979065478,0,4,0.0004806489741895348,0.006434077979065478,0.00025768799241632223,12845056.0,1605632.0
neu18_pattern_mining,2026-02-08T12:04:02,1,223,45,2,0.875,1.7735059261322021,11.5705504,0.009872421069303527,0.005710450059268624,0.004161971010034904,0,4,0.0003217530029360205,0.004161971010034904,0.00024929200299084187,12845056.0,1605632.0
neu18_pattern_mining,2026-02-08T12:04:02,1,224,45,3,0.9375,0.10089817643165588,11.5705504,0.010051990859210491,0.005618459836114198,0.004433531023096293,0,4,0.0003586919920053333,0.004433531023096293,0.0002031539916060865,12845056.0,1605632.0
neu18_pattern_mining,2026-02-08T12:04:02,1,225,45,4,0.3333333333333333,4.002562999725342,0.5519008,0.009023362916195765,0.0049684799159877,0.004054883000208065,0,4,0.0002969570050481707,0.004054883000208065,0.00019989098655059934,602112.0,75264.0
neu18_pattern_mining,2026-02-08T12:04:02,2,221,45,0,1.0,3.197331534465775e-05,11.5705504,0.04375047725625336,0.035714320256374776,0.008036156999878585,0,4,0.0031065020011737943,0.008036156999878585,0.00046493002446368337,12845056.0,1605632.0
neu18_pattern_mining,2026-02-08T12:04:03,2,222,45,1,0.96875,0.17535968124866486,11.5705504,0.01574995316332206,0.009377300157211721,0.00637265300611034,0,4,0.0006202099903021008,0.00637265300611034,0.0003175200254190713,12845056.0,1605632.0
neu18_pattern_mining,2026-02-08T12:04:03,2,223,45,2,1.0,3.5342145565664396e-05,11.5705504,0.014051251229830086,0.008336010214406997,0.005715241015423089,0,4,0.0005712470156140625,0.005715241015423089,0.00026235400582663715,12845056.0,1605632.0
neu18_pattern_mining,2026-02-08T12:04:03,2,224,45,3,0.859375,0.5772743821144104,11.5705504,0.008593168255174533,0.004625950241461396,0.003967218013713136,0,4,0.00029921901295892894,0.003967218013713136,0.00016337601118721068,12845056.0,1605632.0
neu18_pattern_mining,2026-02-08T12:04:03,2,225,45,4,0.6666666666666666,1.2652997970581055,0.5519008,0.007387685065623373,0.004254000086802989,0.0031336849788203835,0,4,0.0002740449854172766,0.0031336849788203835,0.0001513550232630223,602112.0,75264.0
neu18_pattern_mining,2026-02-08T12:04:03,3,221,45,0,1.0,0.00014392935554496944,11.5705504,0.03571612821542658,0.02790184022160247,0.00781428799382411,0,4,0.002334910008357838,0.00781428799382411,0.00045527401380240917,12845056.0,1605632.0
neu18_pattern_mining,2026-02-08T12:04:03,3,222,45,1,0.984375,0.055786989629268646,11.5705504,0.01659124085563235,0.008926639857236296,0.007664600998396054,0,4,0.0005819200014229864,0.007664600998396054,0.0003107439843006432,12845056.0,1605632.0
neu18_pattern_mining,2026-02-08T12:04:03,3,223,45,2,1.0,0.003018308663740754,11.5705504,0.01989331701770425,0.012613580038305372,0.007279736979398876,0,4,0.0008729679975658655,0.007279736979398876,0.0003883900062646717,12845056.0,1605632.0
neu18_pattern_mining,2026-02-08T12:04:04,3,224,45,3,0.90625,0.4508378803730011,11.5705504,0.010983957297867164,0.005981680296827108,0.005002277001040056,0,4,0.0003993050195276737,0.005002277001040056,0.00019886301015503705,12845056.0,1605632.0
neu18_pattern_mining,2026-02-08T12:04:04,3,225,45,4,0.3333333333333333,2.733750581741333,0.5519008,0.009529762901365757,0.005755609890911728,0.003774153010454029,0,4,0.00040976598393172026,0.003774153010454029,0.00016579500515945256,602112.0,75264.0
neu18_pattern_mining,2026-02-08T12:04:04,4,221,45,0,1.0,0.002362575614824891,11.5705504,0.04259415087290108,0.03434185986407101,0.00825229100883007,0,4,0.0029871879960410297,0.00825229100883007,0.00044699799036607146,12845056.0,1605632.0
neu18_pattern_mining,2026-02-08T12:04:04,4,222,45,1,0.9375,0.26399439573287964,11.5705504,0.016607176163233817,0.009419940179213881,0.007187235984019935,0,4,0.0006270880112424493,0.007187235984019935,0.00031490600667893887,12845056.0,1605632.0
neu18_pattern_mining,2026-02-08T12:04:04,4,223,45,2,0.984375,0.07637180387973785,11.5705504,0.015095572976861149,0.008099749975372106,0.006995823001489043,0,4,0.0005350799765437841,0.006995823001489043,0.00027489502099342644,12845056.0,1605632.0
neu18_pattern_mining,2026-02-08T12:04:04,4,224,45,3,0.96875,0.1280972957611084,11.5705504,0.01273879426298663,0.006749630265403539,0.005989163997583091,0,4,0.0004452980065252632,0.005989163997583091,0.0002296650200150907,12845056.0,1605632.0
neu18_pattern_mining,2026-02-08T12:04:04,4,225,45,4,1.0,0.05156821012496948,0.5519008,0.010000988986575976,0.005690719990525395,0.004310268996050581,0,4,0.00038196900277398527,0.004310268996050581,0.0001871029962785542,602112.0,75264.0
neu18_pattern_mining,2026-02-08T12:04:06,0,226,46,0,1.0,5.1379985961830243e-05,11.5705504,0.031682351080235094,0.02361332008149475,0.008069030998740345,0,4,0.0019130060099996626,0.008069030998740345,0.0004483259981498122,12845056.0,1605632.0
neu18_pattern_mining,2026-02-08T12:04:06,0,227,46,1,1.0,0.01590929739177227,11.5705504,0.018035947083262727,0.010158290097024292,0.007877656986238435,0,4,0.0006667510024271905,0.007877656986238435,0.00034907800727523863,12845056.0,1605632.0
neu18_pattern_mining,2026-02-08T12:04:06,0,228,46,2,1.0,3.770896000787616e-05,11.5705504,0.017733068816596642,0.010067139810416847,0.007665929006179795,0,4,0.0006846390024293214,0.007665929006179795,0.00032207497861236334,12845056.0,1605632.0
neu18_pattern_mining,2026-02-08T12:04:06,0,229,46,3,0.984375,0.020978674292564392,11.5705504,0.013661572098499164,0.007269220077432692,0.006392352021066472,0,4,0.000476034008897841,0.006392352021066472,0.00025088799884542823,12845056.0,1605632.0
neu18_pattern_mining,2026-02-08T12:04:06,0,230,46,4,0.0,5.012842178344727,0.7325344,0.014467434084508568,0.008493470086250454,0.005973963998258114,0,4,0.0005926960147917271,0.005973963998258114,0.00025665099383331835,802816.0,100352.0
neu18_pattern_mining,2026-02-08T12:04:07,1,226,46,0,1.0,2.768593913060613e-05,11.5705504,0.044457510084612295,0.035115650098305196,0.0093418599863071,0,4,0.0030484310118481517,0.0093418599863071,0.0004631339979823679,12845056.0,1605632.0
neu18_pattern_mining,2026-02-08T12:04:07,1,227,46,1,1.0,0.00010919963824562728,11.5705504,0.012816089059924707,0.007331710075959563,0.0054843789839651436,0,4,0.0004902569926343858,0.0054843789839651436,0.0002429140149615705,12845056.0,1605632.0
neu18_pattern_mining,2026-02-08T12:04:07,1,228,46,2,0.96875,0.15747803449630737,11.5705504,0.011255899793468416,0.0063426297856494784,0.004913270007818937,0,4,0.00040794399683363736,0.004913270007818937,0.0002263189817313105,12845056.0,1605632.0
neu18_pattern_mining,2026-02-08T12:04:07,1,229,46,3,1.0,0.014583882875740528,11.5705504,0.010400090919574723,0.006145749939605594,0.004254340979969129,0,4,0.00041254499228671193,0.004254340979969129,0.00020203000167384744,12845056.0,1605632.0
neu18_pattern_mining,2026-02-08T12:04:07,1,230,46,4,1.0,0.06297106295824051,0.5519008,0.010149578854907304,0.005996759864501655,0.004152818990405649,0,4,0.0003999119799118489,0.004152818990405649,0.0001997640065383166,602112.0,75264.0
neu18_pattern_mining,2026-02-08T12:04:07,2,226,46,0,1.0,0.001527901622466743,11.5705504,0.03061808701022528,0.023307910014409572,0.007310176995815709,0,4,0.0019395860144868493,0.007310176995815709,0.0003912049869541079,12845056.0,1605632.0
neu18_pattern_mining,2026-02-08T12:04:07,2,227,46,1,0.828125,1.5392093658447266,11.5705504,0.01373934792354703,0.007663409924134612,0.006075937999412417,0,4,0.0004940310027450323,0.006075937999412417,0.0002723099896684289,12845056.0,1605632.0
neu18_pattern_mining,2026-02-08T12:04:07,2,228,46,2,1.0,0.013920402154326439,11.5705504,0.01350063199060969,0.0070907099870964885,0.006409922003513202,0,4,0.0004611629992723465,0.006409922003513202,0.00024790799943730235,12845056.0,1605632.0
neu18_pattern_mining,2026-02-08T12:04:07,2,229,46,3,0.984375,0.03383403271436691,11.5705504,0.014600482943933457,0.007685589953325689,0.006914892990607768,0,4,0.0005061340052634478,0.006914892990607768,0.0002624249900691211,12845056.0,1605632.0
neu18_pattern_mining,2026-02-08T12:04:07,2,230,46,4,0.0,3.1454458236694336,0.5519008,0.014381638786289841,0.007961359806358814,0.006420278979931027,0,4,0.0005286920059006661,0.006420278979931027,0.0002674439747352153,602112.0,75264.0
neu18_pattern_mining,2026-02-08T12:04:08,3,226,46,0,1.0,0.00017003387620206922,11.5705504,0.03679999607265927,0.027657870086841285,0.009142125985817984,0,4,0.0021663990046363324,0.009142125985817984,0.0005993880040477961,12845056.0,1605632.0
neu18_pattern_mining,2026-02-08T12:04:08,3,227,46,1,1.0,0.0037853014655411243,11.5705504,0.01786352414637804,0.009427920158486813,0.008435603987891227,0,4,0.000612567993812263,0.008435603987891227,0.0003302240220364183,12845056.0,1605632.0
neu18_pattern_mining,2026-02-08T12:04:08,3,228,46,2,0.9375,0.325958251953125,11.5705504,0.017706481041386724,0.009270900045521557,0.008435580995865166,0,4,0.000609465001616627,0.008435580995865166,0.00031762500293552876,12845056.0,1605632.0
neu18_pattern_mining,2026-02-08T12:04:08,3,229,46,3,1.0,1.3436364497465547e-05,11.5705504,0.01776495308149606,0.00941906007938087,0.00834589300211519,0,4,0.0006240179936867207,0.00834589300211519,0.00031788801425136626,12845056.0,1605632.0
neu18_pattern_mining,2026-02-08T12:04:08,3,230,46,4,0.6666666666666666,0.583977222442627,0.5519008,0.016088395699625835,0.00872814969625324,0.007360246003372595,0,4,0.0005804539832752198,0.007360246003372595,0.0002923609863501042,602112.0,75264.0
neu18_pattern_mining,2026-02-08T12:04:09,4,226,46,0,1.0,8.32201840239577e-05,11.5705504,0.0640904140600469,0.048846660065464675,0.015243753994582221,0,4,0.004105088009964675,0.015243753994582221,0.0007795779965817928,12845056.0,1605632.0
neu18_pattern_mining,2026-02-08T12:04:09,4,227,46,1,1.0,1.3874438081984408e-05,11.5705504,0.02014909716672264,0.01071641017915681,0.00943268698756583,0,4,0.0006947330257389694,0.00943268698756583,0.00037690799217671156,12845056.0,1605632.0
neu18_pattern_mining,2026-02-08T12:04:09,4,228,46,2,0.96875,0.08516045659780502,11.5705504,0.019578386709326878,0.0102384397177957,0.009339946991531178,0,4,0.0006879139982629567,0.009339946991531178,0.00033592997351661325,12845056.0,1605632.0
neu18_pattern_mining,2026-02-08T12:04:09,4,229,46,3,1.0,0.0013669542968273163,11.5705504,0.018730533047346398,0.0098488200455904,0.008881713001755998,0,4,0.0006668920104857534,0.008881713001755998,0.00031798999407328665,12845056.0,1605632.0
neu18_pattern_mining,2026-02-08T12:04:09,4,230,46,4,0.6666666666666666,1.847779631614685,0.5519008,0.01904797795577906,0.010484149970579892,0.008563827985199168,0,4,0.0007213859935291111,0.008563827985199168,0.0003270290035288781,602112.0,75264.0
neu18_pattern_mining,2026-02-08T12:04:11,0,231,47,0,0.984375,0.03512685373425484,11.5705504,0.035004019824555144,0.026971229817718267,0.008032790006836876,0,4,0.002277477993629873,0.008032790006836876,0.00041964498814195395,12845056.0,1605632.0
neu18_pattern_mining,2026-02-08T12:04:11,0,232,47,1,1.0,0.007663471158593893,11.5705504,0.016709084709873423,0.008999929705169052,0.007709155004704371,0,4,0.000559582986170426,0.007709155004704371,0.0003404099843464792,12845056.0,1605632.0
neu18_pattern_mining,2026-02-08T12:04:11,0,233,47,2,0.90625,0.4917014241218567,11.5705504,0.01820012935786508,0.009794390352908522,0.008405739004956558,0,4,0.000657293014228344,0.008405739004956558,0.0003221460210625082,12845056.0,1605632.0
neu18_pattern_mining,2026-02-08T12:04:11,0,234,47,3,0.984375,0.0672379583120346,11.5705504,0.018339693429879844,0.009537890437059104,0.00880180299282074,0,4,0.0006393710209522396,0.00880180299282074,0.0003144180227536708,12845056.0,1605632.0
neu18_pattern_mining,2026-02-08T12:04:11,0,235,47,4,1.0,0.030733125284314156,0.7325344,0.018669397017220035,0.010471860005054623,0.008197537012165412,0,4,0.000721563003025949,0.008197537012165412,0.0003256229974795133,802816.0,100352.0
neu18_pattern_mining,2026-02-08T12:04:12,1,231,47,0,0.984375,0.013145089149475098,11.5705504,0.06289494820521213,0.049337140226271003,0.013557807978941128,0,4,0.004175495007075369,0.013557807978941128,0.000758219015551731,12845056.0,1605632.0
neu18_pattern_mining,2026-02-08T12:04:12,1,232,47,1,0.78125,2.751253604888916,11.5705504,0.019206867989851162,0.010621719993650913,0.008585147996200249,0,4,0.0007239349943120033,0.008585147996200249,0.00033823700505308807,12845056.0,1605632.0
neu18_pattern_mining,2026-02-08T12:04:12,1,233,47,2,0.984375,0.032992806285619736,11.5705504,0.01617890238412656,0.008482850389555097,0.007696051994571462,0,4,0.0005554220115300268,0.007696051994571462,0.00029286302742548287,12845056.0,1605632.0
neu18_pattern_mining,2026-02-08T12:04:12,1,234,47,3,0.984375,0.05177534371614456,11.5705504,0.01615358903654851,0.00855549005791545,0.007598098978633061,0,4,0.0005682900082319975,0.007598098978633061,0.0002872589975595474,12845056.0,1605632.0
neu18_pattern_mining,2026-02-08T12:04:12,1,235,47,4,0.6666666666666666,0.9961691498756409,0.5519008,0.01631848802207969,0.009201490029226989,0.007116997992852703,0,4,0.0006259990041144192,0.007116997992852703,0.00029414999880827963,602112.0,75264.0
neu18_pattern_mining,2026-02-08T12:04:13,2,231,47,0,1.0,0.0003075810964219272,11.5705504,0.0512452311522793,0.04185621015494689,0.009389020997332409,0,4,0.0036757550260517746,0.009389020997332409,0.0005098659894429147,12845056.0,1605632.0
neu18_pattern_mining,2026-02-08T12:04:13,2,232,47,1,0.75,4.415105819702148,11.5705504,0.01869989131228067,0.010097060294356197,0.008602831017924473,0,4,0.0006708880246151239,0.008602831017924473,0.00033881800482049584,12845056.0,1605632.0
neu18_pattern_mining,2026-02-08T12:04:13,2,233,47,2,1.0,0.005630815401673317,11.5705504,0.01686545117991045,0.009210650168824941,0.00765480101108551,0,4,0.0006333990022540092,0.00765480101108551,0.00028766601462848485,12845056.0,1605632.0
neu18_pattern_mining,2026-02-08T12:04:13,2,234,47,3,0.953125,0.1646653711795807,11.5705504,0.0159986917860806,0.008398789796046913,0.007599901990033686,0,4,0.0005557489930652082,0.007599901990033686,0.00028412998653948307,12845056.0,1605632.0
neu18_pattern_mining,2026-02-08T12:04:13,2,235,47,4,1.0,0.003047461621463299,0.5519008,0.016335818771040067,0.009267839777749032,0.007067978993291035,0,4,0.0006036799750290811,0.007067978993291035,0.00032310400274582207,602112.0,75264.0
neu18_pattern_mining,2026-02-08T12:04:14,3,231,47,0,1.0,7.612600165884942e-05,11.5705504,0.04653131103259511,0.037447490030899644,0.009083821001695469,0,4,0.003108784992946312,0.009083821001695469,0.0006359640101436526,12845056.0,1605632.0
neu18_pattern_mining,2026-02-08T12:04:14,3,232,47,1,1.0,0.0032354528084397316,11.5705504,0.018794125120621175,0.010340420121792704,0.00845370499882847,0,4,0.0007095260079950094,0.00845370499882847,0.00032451600418426096,12845056.0,1605632.0
neu18_pattern_mining,2026-02-08T12:04:14,3,233,47,2,1.0,0.007043882273137569,11.5705504,0.016206941101700068,0.00863588007632643,0.007571061025373638,0,4,0.0005616809939965606,0.007571061025373638,0.0003019070136360824,12845056.0,1605632.0
neu18_pattern_mining,2026-02-08T12:04:14,3,234,47,3,0.875,0.825143575668335,11.5705504,0.016752321796957403,0.008847559802234173,0.00790476199472323,0,4,0.0005728800024371594,0.00790476199472323,0.00031187597778625786,12845056.0,1605632.0
neu18_pattern_mining,2026-02-08T12:04:14,3,235,47,4,0.6666666666666666,1.4219671487808228,0.5519008,0.01587398786796257,0.00885666988324374,0.007017317984718829,0,4,0.0005921749980188906,0.007017317984718829,0.00029349199030548334,602112.0,75264.0
neu18_pattern_mining,2026-02-08T12:04:15,4,231,47,0,1.0,0.00021713756723329425,11.5705504,0.06418686205870472,0.049316780059598386,0.014870081999106333,0,4,0.004229625017615035,0.014870081999106333,0.0007020529883448035,12845056.0,1605632.0
neu18_pattern_mining,2026-02-08T12:04:15,4,232,47,1,0.921875,0.6070595383644104,11.5705504,0.020525301020825282,0.011009220033884048,0.009516080986941233,0,4,0.0007290460052900016,0.009516080986941233,0.0003718759980984032,12845056.0,1605632.0
neu18_pattern_mining,2026-02-08T12:04:15,4,233,47,2,0.984375,0.04646254703402519,11.5705504,0.01957130097434856,0.010237719980068505,0.009333580994280055,0,4,0.0006951410032343119,0.009333580994280055,0.00032863099477253854,12845056.0,1605632.0
neu18_pattern_mining,2026-02-08T12:04:15,4,234,47,3,0.890625,0.4297267198562622,11.5705504,0.0191599999088794,0.009908459906000644,0.009251540002878755,0,4,0.0006738259980920702,0.009251540002878755,0.0003170199925079942,12845056.0,1605632.0
neu18_pattern_mining,2026-02-08T12:04:15,4,235,47,4,1.0,0.1391490250825882,0.5519008,0.01747915195301175,0.009634839952923357,0.007844312000088394,0,4,0.0006391330098267645,0.007844312000088394,0.0003243509854655713,602112.0,75264.0
neu18_pattern_mining,2026-02-08T12:04:16,0,236,48,0,1.0,0.0007886554813012481,11.5705504,0.025384860287886113,0.016890470287762582,0.00849439000012353,0,4,0.001246543019078672,0.00849439000012353,0.0004425040096975863,12845056.0,1605632.0
neu18_pattern_mining,2026-02-08T12:04:16,0,237,48,1,1.0,0.00017996107635553926,11.5705504,0.015351715934230015,0.008375119941774756,0.006976595992455259,0,4,0.0005350410065148026,0.006976595992455259,0.000302470987662673,12845056.0,1605632.0
neu18_pattern_mining,2026-02-08T12:04:16,0,238,48,2,0.890625,0.5980426669120789,11.5705504,0.01922845220542513,0.010021040216088295,0.009207411989336833,0,4,0.000621651008259505,0.009207411989336833,0.00038045301334932446,12845056.0,1605632.0
neu18_pattern_mining,2026-02-08T12:04:17,0,239,48,3,0.953125,0.25833138823509216,11.5705504,0.0180116870906204,0.009332970075774938,0.00867871701484546,0,4,0.0006158790201880038,0.00867871701484546,0.00031741798738949,12845056.0,1605632.0
neu18_pattern_mining,2026-02-08T12:04:17,0,240,48,4,0.5,4.985467910766602,0.7325344,0.020041919080540538,0.011406780104152858,0.00863513897638768,0,4,0.0008096480160020292,0.00863513897638768,0.00033102999441325665,802816.0,100352.0
neu18_pattern_mining,2026-02-08T12:04:17,1,236,48,0,0.953125,0.10793575644493103,11.5705504,0.06645995590952225,0.04863237991230562,0.017827575997216627,0,4,0.004101788974367082,0.017827575997216627,0.0007614490168634802,12845056.0,1605632.0
neu18_pattern_mining,2026-02-08T12:04:17,1,237,48,1,0.921875,0.3428533673286438,11.5705504,0.020473460957873613,0.010944929963443428,0.009528530994430184,0,4,0.0007266539905685931,0.009528530994430184,0.0003678390057757497,12845056.0,1605632.0
neu18_pattern_mining,2026-02-08T12:04:17,1,238,48,2,0.8125,0.5365493297576904,11.5705504,0.020026034180773422,0.0106279001920484,0.009398133988725021,0,4,0.0006877240084577352,0.009398133988725021,0.0003750660107471049,12845056.0,1605632.0
neu18_pattern_mining,2026-02-08T12:04:17,1,239,48,3,0.953125,0.1750965118408203,11.5705504,0.017569721181644127,0.00928648019907996,0.008283240982564166,0,4,0.0006075170240364969,0.008283240982564166,0.0003211309958714992,12845056.0,1605632.0
neu18_pattern_mining,2026-02-08T12:04:17,1,240,48,4,0.0,3.2060909271240234,0.5519008,0.017847024864749983,0.009679239883553237,0.008167784981196746,0,4,0.0006391659844666719,0.008167784981196746,0.00032875800388865173,602112.0,75264.0
neu18_pattern_mining,2026-02-08T12:04:18,2,236,48,0,0.984375,0.04872582480311394,11.5705504,0.03962728625629097,0.03201980027370155,0.007607485982589424,0,4,0.0027696190227288753,0.007607485982589424,0.0004323610046412796,12845056.0,1605632.0
neu18_pattern_mining,2026-02-08T12:04:18,2,237,48,1,0.96875,0.10993964970111847,11.5705504,0.013623774633742869,0.006896019622217864,0.006727755011525005,0,4,0.00043301397818140686,0.006727755011525005,0.0002565879840403795,12845056.0,1605632.0
neu18_pattern_mining,2026-02-08T12:04:18,2,238,48,2,0.953125,0.16098837554454803,11.5705504,0.015127148712053895,0.008144889725372195,0.0069822589866817,0,4,0.0005685919895768166,0.0069822589866817,0.00024589698296040297,12845056.0,1605632.0
neu18_pattern_mining,2026-02-08T12:04:18,2,239,48,3,0.953125,0.22351866960525513,11.5705504,0.014846424805000424,0.00787615979788825,0.006970265007112175,0,4,0.0005212989926803857,0.006970265007112175,0.0002663169871084392,12845056.0,1605632.0
neu18_pattern_mining,2026-02-08T12:04:18,2,240,48,4,0.6666666666666666,1.109911561012268,0.5519008,0.014946692739613354,0.008314899750985205,0.006631792988628149,0,4,0.0005465839931275696,0.006631792988628149,0.00028490598197095096,602112.0,75264.0
neu18_pattern_mining,2026-02-08T12:04:19,3,236,48,0,1.0,8.974492084234953e-05,11.5705504,0.03181885412777774,0.024678480112925172,0.0071403740148525685,0,4,0.002075052005238831,0.0071403740148525685,0.00039279600605368614,12845056.0,1605632.0
neu18_pattern_mining,2026-02-08T12:04:19,3,237,48,1,1.0,2.4860479243216105e-05,11.5705504,0.018403969064820558,0.010512830049265176,0.007891139015555382,0,4,0.0007089980063028634,0.007891139015555382,0.00034228499862365425,12845056.0,1605632.0
neu18_pattern_mining,2026-02-08T12:04:19,3,238,48,2,0.90625,0.8512481451034546,11.5705504,0.018022850941633806,0.00946429994655773,0.008558550995076075,0,4,0.0006284440169110894,0.008558550995076075,0.0003179859777446836,12845056.0,1605632.0
neu18_pattern_mining,2026-02-08T12:04:19,3,239,48,3,0.953125,0.11848896741867065,11.5705504,0.015961561031872407,0.008396710036322474,0.007564850995549932,0,4,0.0005496329977177083,0.007564850995549932,0.0002900380059145391,12845056.0,1605632.0
neu18_pattern_mining,2026-02-08T12:04:19,3,240,48,4,1.0,0.06835993379354477,0.5519008,0.015941510122502223,0.008894230122677982,0.007047279999824241,0,4,0.00058954898850061,0.007047279999824241,0.0002998740237671882,602112.0,75264.0
neu18_pattern_mining,2026-02-08T12:04:20,4,236,48,0,1.0,0.000245266011916101,11.5705504,0.0660342859046068,0.04811049991985783,0.017923785984748974,0,4,0.004029250994790345,0.017923785984748974,0.0007817989971954376,12845056.0,1605632.0
neu18_pattern_mining,2026-02-08T12:04:20,4,237,48,1,1.0,2.8187005227664486e-05,11.5705504,0.020207214984111488,0.01073624996934086,0.009470965014770627,0,4,0.0006979299942031503,0.009470965014770627,0.0003756950027309358,12845056.0,1605632.0
neu18_pattern_mining,2026-02-08T12:04:20,4,238,48,2,0.875,1.1769359111785889,11.5705504,0.01977448703837581,0.010393190023023635,0.009381297015352175,0,4,0.0006865010072942823,0.009381297015352175,0.0003528179950080812,12845056.0,1605632.0
neu18_pattern_mining,2026-02-08T12:04:20,4,239,48,3,0.890625,0.3089084029197693,11.5705504,0.019826825126074255,0.01048358011757955,0.009343245008494705,0,4,0.0006819140107836574,0.009343245008494705,0.0003664440009742975,12845056.0,1605632.0
neu18_pattern_mining,2026-02-08T12:04:20,4,240,48,4,1.0,0.011545327492058277,0.5519008,0.017830835102358833,0.009714800107758492,0.00811603499460034,0,4,0.0006342990091070533,0.00811603499460034,0.00033718100166879594,602112.0,75264.0
neu18_pattern_mining,2026-02-08T12:04:21,0,241,49,0,1.0,0.004798291251063347,11.5705504,0.030553988908650354,0.020244999905116856,0.010308989003533497,0,4,0.0015105339989531785,0.010308989003533497,0.0005139659915585071,12845056.0,1605632.0
neu18_pattern_mining,2026-02-08T12:04:21,0,242,49,1,0.953125,0.2563701272010803,11.5705504,0.014412663149414584,0.007427830132655799,0.006984833016758785,0,4,0.00046912499237805605,0.006984833016758785,0.0002736580208875239,12845056.0,1605632.0
neu18_pattern_mining,2026-02-08T12:04:21,0,243,49,2,0.984375,0.04112687706947327,11.5705504,0.01604664692422375,0.008474359929095954,0.007572286995127797,0,4,0.0005608570063486695,0.007572286995127797,0.00028657898656092584,12845056.0,1605632.0
neu18_pattern_mining,2026-02-08T12:04:21,0,244,49,3,0.875,0.6768182516098022,11.5705504,0.016148973867530003,0.008640569867566228,0.007508403999963775,0,4,0.0005677889857906848,0.007508403999963775,0.00029626800096593797,12845056.0,1605632.0
neu18_pattern_mining,2026-02-08T12:04:21,0,245,49,4,0.75,0.9566497802734375,0.7325344,0.016798736935015768,0.009440199937671423,0.007358536997344345,0,4,0.0006544889765791595,0.007358536997344345,0.0002895310171879828,802816.0,100352.0
neu18_pattern_mining,2026-02-08T12:04:22,1,241,49,0,0.984375,0.036517031490802765,11.5705504,0.036150387953966856,0.028310329944361,0.007840058009605855,0,4,0.002307821996510029,0.007840058009605855,0.0005232109979260713,12845056.0,1605632.0
neu18_pattern_mining,2026-02-08T12:04:22,1,242,49,1,0.875,0.7403834462165833,11.5705504,0.010540308256167918,0.005761690263170749,0.0047786179929971695,0,4,0.0003810240013990551,0.0047786179929971695,0.00019514502491801977,12845056.0,1605632.0
neu18_pattern_mining,2026-02-08T12:04:22,1,243,49,2,0.921875,0.3395865559577942,11.5705504,0.010419553145766258,0.005555080133490264,0.004864473012275994,0,4,0.0003649580175988376,0.004864473012275994,0.00019054999575018883,12845056.0,1605632.0
neu18_pattern_mining,2026-02-08T12:04:22,1,244,49,3,0.984375,0.05903766676783562,11.5705504,0.011371556058293208,0.005990180070511997,0.005381375987781212,0,4,0.0004037919861730188,0.005381375987781212,0.00019522602087818086,12845056.0,1605632.0
neu18_pattern_mining,2026-02-08T12:04:22,1,245,49,4,0.0,3.500394821166992,0.5519008,0.013320046855369583,0.0073957498534582555,0.005924297001911327,0,4,0.0005106529861222953,0.005924297001911327,0.0002289219992235303,602112.0,75264.0
neu18_pattern_mining,2026-02-08T12:04:23,2,241,49,0,1.0,0.000764752272516489,11.5705504,0.05556898997747339,0.041603709978517145,0.013965279998956248,0,4,0.0035334379936102778,0.013965279998956248,0.0006269330042414367,12845056.0,1605632.0
neu18_pattern_mining,2026-02-08T12:04:23,2,242,49,1,0.90625,0.5308104753494263,11.5705504,0.02082493223133497,0.011321900237817317,0.009503031993517652,0,4,0.0007125160191208124,0.009503031993517652,0.0004196740046609193,12845056.0,1605632.0
neu18_pattern_mining,2026-02-08T12:04:23,2,243,49,2,1.0,0.0017180442810058594,11.5705504,0.01408698910381645,0.007420050096698105,0.006666939007118344,0,4,0.00045451600453816354,0.006666939007118344,0.000287489005131647,12845056.0,1605632.0
neu18_pattern_mining,2026-02-08T12:04:23,2,244,49,3,1.0,0.003140448359772563,11.5705504,0.01574869320029393,0.008148070191964507,0.007600623008329421,0,4,0.0005482770211528987,0.007600623008329421,0.00026652999804355204,12845056.0,1605632.0
neu18_pattern_mining,2026-02-08T12:04:23,2,245,49,4,0.3333333333333333,3.3800394535064697,0.5519008,0.016372691810829565,0.00903755979379639,0.007335132017033175,0,4,0.0005917069793213159,0.007335132017033175,0.00031204900005832314,602112.0,75264.0
neu18_pattern_mining,2026-02-08T12:04:24,3,241,49,0,0.984375,0.019351812079548836,11.5705504,0.05071313263033517,0.03907509963028133,0.011638033000053838,0,4,0.0033121559827122837,0.011638033000053838,0.0005953539803158492,12845056.0,1605632.0
neu18_pattern_mining,2026-02-08T12:04:24,3,242,49,1,1.0,0.007175224833190441,11.5705504,0.013727580953855067,0.007628909952472895,0.006098671001382172,0,4,0.0004971759917680174,0.006098671001382172,0.00026571500347927213,12845056.0,1605632.0
neu18_pattern_mining,2026-02-08T12:04:24,3,243,49,2,0.796875,1.3538566827774048,11.5705504,0.014538340998115018,0.007744960021227598,0.00679338097688742,0,4,0.0005296200106386095,0.00679338097688742,0.0002448759914841503,12845056.0,1605632.0
neu18_pattern_mining,2026-02-08T12:04:24,3,244,49,3,0.96875,0.1202300488948822,11.5705504,0.014437192236073315,0.007662270218133926,0.006774922017939389,0,4,0.0005106629978399724,0.006774922017939389,0.00025556402397342026,12845056.0,1605632.0
neu18_pattern_mining,2026-02-08T12:04:24,3,245,49,4,0.3333333333333333,3.316422700881958,0.5519008,0.014699410094181076,0.007975010084919631,0.006724400009261444,0,4,0.0005440500099211931,0.006724400009261444,0.00025345099857077,602112.0,75264.0
neu18_pattern_mining,2026-02-08T12:04:25,4,241,49,0,1.0,0.002805991331115365,11.5705504,0.03963393365847878,0.03196923964424059,0.007664694014238194,0,4,0.0027967139903921634,0.007664694014238194,0.0004002099740318954,12845056.0,1605632.0
neu18_pattern_mining,2026-02-08T12:04:25,4,242,49,1,0.984375,0.1963372677564621,11.5705504,0.010039766260888427,0.005070520273875445,0.004969245987012982,0,4,0.0003136240120511502,0.004969245987012982,0.0001934280153363943,12845056.0,1605632.0
neu18_pattern_mining,2026-02-08T12:04:25,4,243,49,2,0.984375,0.08111224323511124,11.5705504,0.01223031134577468,0.00659540033666417,0.00563491100911051,0,4,0.00043201501830480993,0.00563491100911051,0.00022752501536160707,12845056.0,1605632.0
neu18_pattern_mining,2026-02-08T12:04:25,4,244,49,3,0.984375,0.07642733305692673,11.5705504,0.013698458147700876,0.007661720155738294,0.006036737991962582,0,4,0.0005008919979445636,0.006036737991962582,0.0002652800176292658,12845056.0,1605632.0
neu18_pattern_mining,2026-02-08T12:04:25,4,245,49,4,1.0,0.3602815866470337,0.5519008,0.01476955265388824,0.008655209676362574,0.006114342977525666,0,4,0.0005740379856433719,0.006114342977525666,0.00029148298199288547,602112.0,75264.0
neu18_pattern_mining,2026-02-08T12:04:26,0,246,50,0,1.0,0.0009315073839388788,11.5705504,0.06284460201277398,0.04545039002550766,0.017394211987266317,0,4,0.003665183001430705,0.017394211987266317,0.0008798560011200607,12845056.0,1605632.0
neu18_pattern_mining,2026-02-08T12:04:26,0,247,50,1,0.96875,0.10887198150157928,11.5705504,0.020376866712467745,0.010932999721262604,0.009443866991205141,0,4,0.0007234799850266427,0.009443866991205141,0.0003698199870996177,12845056.0,1605632.0
neu18_pattern_mining,2026-02-08T12:04:26,0,248,50,2,0.9375,0.17190885543823242,11.5705504,0.019906686851754785,0.010486079845577478,0.009420607006177306,0,4,0.000692678993800655,0.009420607006177306,0.00035592899075709283,12845056.0,1605632.0
neu18_pattern_mining,2026-02-08T12:04:26,0,249,50,3,0.953125,0.1365685760974884,11.5705504,0.01777463502367027,0.009377730020787567,0.008396905002882704,0,4,0.000619034020928666,0.008396905002882704,0.0003187389811500907,12845056.0,1605632.0
neu18_pattern_mining,2026-02-08T12:04:26,0,250,50,4,0.5,2.9730730056762695,0.7325344,0.018367224780377,0.010207689774688333,0.008159535005688667,0,4,0.0007053139852359891,0.008159535005688667,0.00031545499223284423,802816.0,100352.0
neu18_pattern_mining,2026-02-08T12:04:27,1,246,50,0,1.0,0.0003720841195899993,11.5705504,0.04060382806346752,0.03311114007374272,0.0074926879897248,0,4,0.002882567001506686,0.0074926879897248,0.00042854700586758554,12845056.0,1605632.0
neu18_pattern_mining,2026-02-08T12:04:27,1,247,50,1,0.90625,0.5429850220680237,11.5705504,0.012906103191198781,0.0069470301968976855,0.005959072994301096,0,4,0.0004557160136755556,0.005959072994301096,0.00023898700601421297,12845056.0,1605632.0
neu18_pattern_mining,2026-02-08T12:04:27,1,248,50,2,0.890625,1.272828459739685,11.5705504,0.014730708178831264,0.007858140161260962,0.006872568017570302,0,4,0.0005214289994910359,0.006872568017570302,0.0002643850166350603,12845056.0,1605632.0
neu18_pattern_mining,2026-02-08T12:04:27,1,249,50,3,0.9375,0.09967456758022308,11.5705504,0.014610577083658427,0.00776230008341372,0.006848277000244707,0,4,0.0005154219979885966,0.006848277000244707,0.00026080801035277545,12845056.0,1605632.0
neu18_pattern_mining,2026-02-08T12:04:27,1,250,50,4,0.6666666666666666,0.7126801013946533,0.5519008,0.015194477804470807,0.008172679808922112,0.007021797995548695,0,4,0.0005451789766084403,0.007021797995548695,0.0002720890042837709,602112.0,75264.0
neu18_pattern_mining,2026-02-08T12:04:28,2,246,50,0,0.984375,0.028455333784222603,11.5705504,0.03317962883738801,0.02545695984736085,0.0077226689900271595,0,4,0.002095231000566855,0.0077226689900271595,0.00045046498416922987,12845056.0,1605632.0
neu18_pattern_mining,2026-02-08T12:04:28,2,247,50,1,0.828125,1.7514292001724243,11.5705504,0.012015970074571669,0.006406400061678141,0.005609570012893528,0,4,0.0004202940035611391,0.005609570012893528,0.00022034600260667503,12845056.0,1605632.0
neu18_pattern_mining,2026-02-08T12:04:28,2,248,50,2,0.921875,0.49837183952331543,11.5705504,0.013438591005979106,0.007097380002960563,0.006341211003018543,0,4,0.0004746890044771135,0.006341211003018543,0.00023504899581894279,12845056.0,1605632.0
neu18_pattern_mining,2026-02-08T12:04:28,2,249,50,3,1.0,0.004727781284600496,11.5705504,0.014374037127709016,0.007501550135202706,0.00687248699250631,0,4,0.000507646007463336,0.00687248699250631,0.0002425090060569346,12845056.0,1605632.0
neu18_pattern_mining,2026-02-08T12:04:28,2,250,50,4,0.6666666666666666,1.706864833831787,0.5519008,0.014966178074246272,0.00822447007521987,0.006741707999026403,0,4,0.0005534049996640533,0.006741707999026403,0.00026904200785793364,602112.0,75264.0
neu18_pattern_mining,2026-02-08T12:04:29,3,246,50,0,1.0,0.009938068687915802,11.5705504,0.05710022209677845,0.04364015010651201,0.013460071990266442,0,4,0.003724762995261699,0.013460071990266442,0.000639252015389502,12845056.0,1605632.0
neu18_pattern_mining,2026-02-08T12:04:29,3,247,50,1,0.875,0.9590961933135986,11.5705504,0.018966425326652825,0.010474110313225538,0.008492315013427287,0,4,0.0006827170145697892,0.008492315013427287,0.0003646940167527646,12845056.0,1605632.0
neu18_pattern_mining,2026-02-08T12:04:29,3,248,50,2,0.796875,0.6564161777496338,11.5705504,0.017996872804360464,0.009596769814379513,0.008400102989980951,0,4,0.0006195209862198681,0.008400102989980951,0.00034015599521808326,12845056.0,1605632.0
neu18_pattern_mining,2026-02-08T12:04:29,3,249,50,3,0.9375,0.1694316565990448,11.5705504,0.01761929178610444,0.00927928980672732,0.00834000197937712,0,4,0.0006121859769336879,0.00834000197937712,0.00031574300373904407,12845056.0,1605632.0
neu18_pattern_mining,2026-02-08T12:04:29,3,250,50,4,1.0,0.023401660844683647,0.5519008,0.01824565522838384,0.010058150219265372,0.008187505009118468,0,4,0.0006684160034637898,0.008187505009118468,0.00033739901846274734,602112.0,75264.0
neu18_pattern_mining,2026-02-08T12:04:29,4,246,50,0,1.0,0.00034449592931196094,11.5705504,0.041173491976223886,0.03350576997036114,0.007667722005862743,0,4,0.002917089994298294,0.007667722005862743,0.00043348700273782015,12845056.0,1605632.0
neu18_pattern_mining,2026-02-08T12:04:30,4,247,50,1,0.90625,0.7978647947311401,11.5705504,0.015409048151923344,0.008387860143557191,0.007021188008366153,0,4,0.0005343100056052208,0.007021188008366153,0.0003044760087504983,12845056.0,1605632.0
neu18_pattern_mining,2026-02-08T12:04:30,4,248,50,2,0.96875,0.15778224170207977,11.5705504,0.01488367299316451,0.007914000016171485,0.006969672976993024,0,4,0.0005132610094733536,0.006969672976993024,0.0002781389921437949,12845056.0,1605632.0
neu18_pattern_mining,2026-02-08T12:04:30,4,249,50,3,0.921875,0.327922523021698,11.5705504,0.015846808324567974,0.008244350319728255,0.007602458004839718,0,4,0.0005378540081437677,0.007602458004839718,0.0002865810238290578,12845056.0,1605632.0
neu18_pattern_mining,2026-02-08T12:04:30,4,250,50,4,1.0,0.20572559535503387,0.5519008,0.015995695808669552,0.00896469980943948,0.007030995999230072,0,4,0.0005897099908906966,0.007030995999230072,0.0003067599900532514,602112.0,75264.0
neu18_pattern_mining,2026-02-08T12:04:31,0,251,51,0,1.0,0.00041198096005246043,11.5705504,0.031020536116557196,0.019914100121241063,0.011106435995316133,0,4,0.0014689440140500665,0.011106435995316133,0.0005224659980740398,12845056.0,1605632.0
neu18_pattern_mining,2026-02-08T12:04:31,0,252,51,1,0.890625,1.1047905683517456,11.5705504,0.014471258036792278,0.00795956002548337,0.0065116980113089085,0,4,0.0005126929900143296,0.0065116980113089085,0.00028326301253400743,12845056.0,1605632.0
neu18_pattern_mining,2026-02-08T12:04:31,0,253,51,2,1.0,0.0005735669401474297,11.5705504,0.014734566968400031,0.00778468995122239,0.006949877017177641,0,4,0.000513251987285912,0.006949877017177641,0.00026521700783632696,12845056.0,1605632.0
neu18_pattern_mining,2026-02-08T12:04:31,0,254,51,3,0.953125,0.2711482644081116,11.5705504,0.015379772084997967,0.008011480094864964,0.007368291990133002,0,4,0.0005131960206199437,0.007368291990133002,0.0002879519888665527,12845056.0,1605632.0
neu18_pattern_mining,2026-02-08T12:04:31,0,255,51,4,0.75,2.0752511024475098,0.7325344,0.015201002854155377,0.008513449865859002,0.006687552988296375,0,4,0.0005813250027131289,0.006687552988296375,0.00027001998387277126,802816.0,100352.0
neu18_pattern_mining,2026-02-08T12:04:32,1,251,51,0,1.0,0.0006702665123157203,11.5705504,0.03885579580673948,0.031525179801974446,0.007330616004765034,0,4,0.002720930991927162,0.007330616004765034,0.00043158698827028275,12845056.0,1605632.0
neu18_pattern_mining,2026-02-08T12:04:32,1,252,51,1,0.96875,0.045375604182481766,11.5705504,0.015092332003405318,0.008084180008154362,0.007008151995250955,0,4,0.0005344380042515695,0.007008151995250955,0.00027397999656386673,12845056.0,1605632.0
neu18_pattern_mining,2026-02-08T12:04:32,1,253,51,2,0.84375,0.6463307738304138,11.5705504,0.016257407172815874,0.00860446016304195,0.007652947009773925,0,4,0.0005701470072381198,0.007652947009773925,0.0002902990090660751,12845056.0,1605632.0
neu18_pattern_mining,2026-02-08T12:04:32,1,254,51,3,0.984375,0.061085425317287445,11.5705504,0.016006002173526213,0.008363730157725513,0.0076422720158007,0,4,0.0005523790023289621,0.0076422720158007,0.0002839940134435892,12845056.0,1605632.0
neu18_pattern_mining,2026-02-08T12:04:32,1,255,51,4,0.3333333333333333,1.2872062921524048,0.5519008,0.011426469223806635,0.006128850218374282,0.005297619005432352,0,4,0.00039342200034298003,0.005297619005432352,0.00021946302149444818,602112.0,75264.0
neu18_pattern_mining,2026-02-08T12:04:33,2,251,51,0,1.0,0.0114017678424716,11.5705504,0.03383645016583614,0.02613773016491905,0.007698720000917092,0,4,0.0021685819956474006,0.007698720000917092,0.00044519102084450424,12845056.0,1605632.0
neu18_pattern_mining,2026-02-08T12:04:33,2,252,51,1,0.90625,0.8071372509002686,11.5705504,0.015071407950017601,0.008065809961408377,0.0070055979886092246,0,4,0.000516130996402353,0.0070055979886092246,0.0002904499997384846,12845056.0,1605632.0
neu18_pattern_mining,2026-02-08T12:04:33,2,253,51,2,0.984375,0.017938673496246338,11.5705504,0.01624881592579186,0.008669529925100505,0.007579286000691354,0,4,0.0005780289939139038,0.007579286000691354,0.0002889239985961467,12845056.0,1605632.0
neu18_pattern_mining,2026-02-08T12:04:33,2,254,51,3,0.96875,0.05696152523159981,11.5705504,0.015852533106226474,0.00826333009172231,0.0075892030145041645,0,4,0.0005399750079959631,0.0075892030145041645,0.00028635800117626786,12845056.0,1605632.0
neu18_pattern_mining,2026-02-08T12:04:33,2,255,51,4,0.6666666666666666,1.4089738130569458,0.5519008,0.015969276922987774,0.008936779922805727,0.0070324970001820475,0,4,0.0005848479922860861,0.0070324970001820475,0.00030882999999448657,602112.0,75264.0
neu18_pattern_mining,2026-02-08T12:04:34,3,251,51,0,1.0,0.0003272976027801633,11.5705504,0.04087771111517213,0.0330643801135011,0.007813331001671031,0,4,0.0028636250062845647,0.007813331001671031,0.00044281300506554544,12845056.0,1605632.0
neu18_pattern_mining,2026-02-08T12:04:34,3,252,51,1,0.984375,0.05810276046395302,11.5705504,0.011999087873846292,0.006034089892636985,0.005964997981209308,0,4,0.0003355309891048819,0.005964997981209308,0.0002678780001588166,12845056.0,1605632.0
neu18_pattern_mining,2026-02-08T12:04:34,3,253,51,2,0.96875,0.32887589931488037,11.5705504,0.014378616819158196,0.007440119807142764,0.006938497012015432,0,4,0.0005002919933758676,0.006938497012015432,0.00024371998733840883,12845056.0,1605632.0
neu18_pattern_mining,2026-02-08T12:04:34,3,254,51,3,1.0,0.0012532114051282406,11.5705504,0.015668679116060957,0.00830900011351332,0.007359679002547637,0,4,0.0005513959913514555,0.007359679002547637,0.0002795040199998766,12845056.0,1605632.0
neu18_pattern_mining,2026-02-08T12:04:34,3,255,51,4,0.3333333333333333,4.255568027496338,0.5519008,0.015755687229102477,0.008517670212313533,0.007238017016788945,0,4,0.000579461018787697,0.007238017016788945,0.0002723060024436563,602112.0,75264.0
neu18_pattern_mining,2026-02-08T12:04:34,4,251,51,0,1.0,0.0015477638226002455,11.5705504,0.04151610503322445,0.03403031005291268,0.007485794980311766,0,4,0.0029508589941542596,0.007485794980311766,0.00045217201113700867,12845056.0,1605632.0
neu18_pattern_mining,2026-02-08T12:04:34,4,252,51,1,0.859375,1.113595724105835,11.5705504,0.013577129109762609,0.0071104601374827325,0.0064666689722798765,0,4,0.00044370500836521387,0.0064666689722798765,0.0002673410053830594,12845056.0,1605632.0
neu18_pattern_mining,2026-02-08T12:04:34,4,253,51,2,1.0,0.004413639660924673,11.5705504,0.014891772909322754,0.007914899906609207,0.006976873002713546,0,4,0.0005166349874343723,0.006976873002713546,0.00027485500322654843,12845056.0,1605632.0
neu18_pattern_mining,2026-02-08T12:04:35,4,254,51,3,0.984375,0.05383079871535301,11.5705504,0.017664364888332784,0.00929053989239037,0.008373824995942414,0,4,0.0006156459858175367,0.008373824995942414,0.0003134080034215003,12845056.0,1605632.0
neu18_pattern_mining,2026-02-08T12:04:35,4,255,51,4,0.3333333333333333,7.52837610244751,0.5519008,0.01613149425247684,0.008721760241314769,0.007409734011162072,0,4,0.0005773620214313269,0.007409734011162072,0.00029481400270015,602112.0,75264.0
neu18_pattern_mining,2026-02-08T12:04:36,0,256,52,0,1.0,0.0003939862654078752,11.5705504,0.05098162201466039,0.03692350001074374,0.014058122003916651,0,4,0.003016834001755342,0.014058122003916651,0.0006755159993190318,12845056.0,1605632.0
neu18_pattern_mining,2026-02-08T12:04:36,0,257,52,1,0.96875,0.3917332887649536,11.5705504,0.021732443041400984,0.012286760029383004,0.00944568301201798,0,4,0.0008425480045843869,0.00944568301201798,0.0003861279983539134,12845056.0,1605632.0
neu18_pattern_mining,2026-02-08T12:04:36,0,258,52,2,1.0,0.0024516491685062647,11.5705504,0.017639169964240864,0.00985132995992899,0.0077878400043118745,0,4,0.0006438309792429209,0.0077878400043118745,0.00034130201674997807,12845056.0,1605632.0
neu18_pattern_mining,2026-02-08T12:04:36,0,259,52,3,0.96875,0.0652473121881485,11.5705504,0.01906458876328543,0.010646729788277298,0.00841785897500813,0,4,0.0007172049954533577,0.00841785897500813,0.0003474679833743721,12845056.0,1605632.0
neu18_pattern_mining,2026-02-08T12:04:36,0,260,52,4,0.75,0.4366094470024109,0.7325344,0.018632105173310265,0.010709490161389112,0.007922615011921152,0,4,0.0007280480058398098,0.007922615011921152,0.00034290101029910147,802816.0,100352.0
neu18_pattern_mining,2026-02-08T12:04:37,1,256,52,0,1.0,0.001049841521307826,11.5705504,0.04178899820544757,0.034131370193790644,0.007657628011656925,0,4,0.0029181230056565255,0.007657628011656925,0.000495014013722539,12845056.0,1605632.0
neu18_pattern_mining,2026-02-08T12:04:37,1,257,52,1,0.96875,0.13337409496307373,11.5705504,0.017765140801202506,0.009869219793472439,0.007895921007730067,0,4,0.0006348509923554957,0.007895921007730067,0.0003520709869917482,12845056.0,1605632.0
neu18_pattern_mining,2026-02-08T12:04:37,1,258,52,2,0.953125,0.2891010046005249,11.5705504,0.017141151969553903,0.009409619960933924,0.007731532008619979,0,4,0.0005941859853919595,0.007731532008619979,0.0003467760107014328,12845056.0,1605632.0
neu18_pattern_mining,2026-02-08T12:04:37,1,259,52,3,0.984375,0.05208815634250641,11.5705504,0.015760531096020713,0.00873303011758253,0.007027500978438184,0,4,0.0005687480152118951,0.007027500978438184,0.00030455499654635787,12845056.0,1605632.0
neu18_pattern_mining,2026-02-08T12:04:37,1,260,52,4,0.3333333333333333,9.584203720092773,0.5519008,0.016291958891088143,0.009075549896806479,0.0072164089942816645,0,4,0.0005931219784542918,0.0072164089942816645,0.00031443301122635603,602112.0,75264.0
neu18_pattern_mining,2026-02-08T12:04:38,2,256,52,0,0.984375,0.03295007720589638,11.5705504,0.04038850322831422,0.03248884022468701,0.00789966300362721,0,4,0.0027710850117728114,0.00789966300362721,0.0004777990106958896,12845056.0,1605632.0
neu18_pattern_mining,2026-02-08T12:04:38,2,257,52,1,0.859375,0.8397911787033081,11.5705504,0.016672079684212804,0.010827899677678943,0.005844180006533861,0,4,0.0008070049807429314,0.005844180006533861,0.0002757849870249629,12845056.0,1605632.0
neu18_pattern_mining,2026-02-08T12:04:38,2,258,52,2,0.96875,0.04530424624681473,11.5705504,0.017201151960762218,0.009537239966448396,0.007663911994313821,0,4,0.0006101740000303835,0.007663911994313821,0.0003435499966144562,12845056.0,1605632.0
neu18_pattern_mining,2026-02-08T12:04:38,2,259,52,3,0.921875,0.4208834767341614,11.5705504,0.019196382869267836,0.010651669872459024,0.008544712996808812,0,4,0.0006827600009273738,0.008544712996808812,0.00038240698631852865,12845056.0,1605632.0
neu18_pattern_mining,2026-02-08T12:04:38,2,260,52,4,0.6666666666666666,2.4495351314544678,0.5519008,0.019067969085881487,0.010825110075529665,0.008242859010351822,0,4,0.0007002680213190615,0.008242859010351822,0.00038224298623390496,602112.0,75264.0
neu18_pattern_mining,2026-02-08T12:04:39,3,256,52,0,1.0,1.563052137498744e-05,11.5705504,0.03920448475400917,0.03181230975314975,0.0073921750008594245,0,4,0.002756105997832492,0.0073921750008594245,0.0004251249774824828,12845056.0,1605632.0
neu18_pattern_mining,2026-02-08T12:04:39,3,257,52,1,1.0,2.912178752012551e-05,11.5705504,0.01958434918196872,0.010994500189553946,0.008589848992414773,0,4,0.0007213240023702383,0.008589848992414773,0.0003781260165851563,12845056.0,1605632.0
neu18_pattern_mining,2026-02-08T12:04:39,3,258,52,2,1.0,0.00012190196139272302,11.5705504,0.01731272815959528,0.009622700163163245,0.007690027996432036,0,4,0.0006239050126168877,0.007690027996432036,0.0003383650036994368,12845056.0,1605632.0
neu18_pattern_mining,2026-02-08T12:04:39,3,259,52,3,1.0,0.0011745563242584467,11.5705504,0.017556380946189165,0.00967244995990768,0.007883930986281484,0,4,0.0006123859784565866,0.007883930986281484,0.0003548590175341815,12845056.0,1605632.0
neu18_pattern_mining,2026-02-08T12:04:39,3,260,52,4,1.0,0.2663886547088623,0.5519008,0.01699355893651955,0.00987381994491443,0.007119738991605118,0,4,0.0006304759881459177,0.007119738991605118,0.0003569060063455254,602112.0,75264.0
neu18_pattern_mining,2026-02-08T12:04:40,4,256,52,0,1.0,4.511826773523353e-05,11.5705504,0.04154323719558306,0.032207750191446394,0.009335487004136667,0,4,0.002677671000128612,0.009335487004136667,0.0005431040190160275,12845056.0,1605632.0
neu18_pattern_mining,2026-02-08T12:04:40,4,257,52,1,1.0,6.811587809352204e-05,11.5705504,0.01915929195820354,0.010818199953064322,0.008341092005139217,0,4,0.0007030770066194236,0.008341092005139217,0.0003787429886870086,12845056.0,1605632.0
neu18_pattern_mining,2026-02-08T12:04:40,4,258,52,2,0.984375,0.06704029440879822,11.5705504,0.017338075820589438,0.009558629826642573,0.007779445993946865,0,4,0.0006110729882493615,0.007779445993946865,0.0003447899944148958,12845056.0,1605632.0
neu18_pattern_mining,2026-02-08T12:04:40,4,259,52,3,0.984375,0.11014697700738907,11.5705504,0.016863167780684307,0.009134299762081355,0.007728868018602952,0,4,0.0005860489909537137,0.007728868018602952,0.00032738098525442183,12845056.0,1605632.0
neu18_pattern_mining,2026-02-08T12:04:40,4,260,52,4,0.3333333333333333,3.7719974517822266,0.5519008,0.01768346902099438,0.009967270016204566,0.007716199004789814,0,4,0.0006484839832410216,0.007716199004789814,0.00034824301837943494,602112.0,75264.0
neu18_pattern_mining,2026-02-08T12:04:41,0,261,53,0,1.0,0.00017530255718156695,11.5705504,0.030413958244025707,0.02312420023372397,0.007289758010301739,0,4,0.0019246900046709925,0.007289758010301739,0.00038773001870140433,12845056.0,1605632.0
neu18_pattern_mining,2026-02-08T12:04:41,0,262,53,1,1.0,1.1027518667106051e-05,11.5705504,0.011733152874512598,0.0072338798781856894,0.0044992729963269085,0,4,0.0004950930015183985,0.0044992729963269085,0.00022829498630017042,12845056.0,1605632.0
neu18_pattern_mining,2026-02-08T12:04:41,0,263,53,2,0.9375,0.5191518664360046,11.5705504,0.00986585085047409,0.005680169851984829,0.004185680998489261,0,4,0.0003654749889392406,0.004185680998489261,0.0002025419962592423,12845056.0,1605632.0
neu18_pattern_mining,2026-02-08T12:04:41,0,264,53,3,0.984375,0.11754835397005081,11.5705504,0.0091782801609952,0.005116230167914182,0.004062049993081018,0,4,0.000326573004713282,0.004062049993081018,0.0001850500120781362,12845056.0,1605632.0
neu18_pattern_mining,2026-02-08T12:04:41,0,265,53,4,0.75,3.771648645401001,0.7325344,0.012793510890332982,0.007411229889839888,0.005382281000493094,0,4,0.0005132689839228988,0.005382281000493094,0.00022785400506109,802816.0,100352.0
neu18_pattern_mining,2026-02-08T12:04:42,1,261,53,0,1.0,1.0267824109178036e-05,11.5705504,0.03984449993004091,0.032034369942266494,0.007810129987774417,0,4,0.0027221259952057153,0.007810129987774417,0.0004813109990209341,12845056.0,1605632.0
neu18_pattern_mining,2026-02-08T12:04:42,1,262,53,1,1.0,0.002102973172441125,11.5705504,0.015012829913757741,0.008649849914945662,0.006362979998812079,0,4,0.0005408719880506396,0.006362979998812079,0.00032411300344392657,12845056.0,1605632.0
neu18_pattern_mining,2026-02-08T12:04:42,1,263,53,2,1.0,0.0032109746243804693,11.5705504,0.016850745683768764,0.009672029700595886,0.007178715983172879,0,4,0.0006559029861818999,0.007178715983172879,0.00031129998387768865,12845056.0,1605632.0
neu18_pattern_mining,2026-02-08T12:04:42,1,264,53,3,0.78125,2.0031538009643555,11.5705504,0.011974688793998212,0.0067218198091723025,0.005252868984825909,0,4,0.00042521097930148244,0.005252868984825909,0.0002469710016157478,12845056.0,1605632.0
neu18_pattern_mining,2026-02-08T12:04:42,1,265,53,4,0.3333333333333333,0.9799680113792419,0.5519008,0.014470311172772199,0.008868540171533823,0.005601771001238376,0,4,0.0005894339992664754,0.005601771001238376,0.00029742001788690686,602112.0,75264.0
neu18_pattern_mining,2026-02-08T12:04:43,2,261,53,0,1.0,0.005961418151855469,11.5705504,0.046383977110963315,0.0357858301140368,0.010598146996926516,0,4,0.003025521000381559,0.010598146996926516,0.0005530620110221207,12845056.0,1605632.0
neu18_pattern_mining,2026-02-08T12:04:43,2,262,53,1,0.9375,0.5186755061149597,11.5705504,0.012601827824255452,0.007206309819594026,0.005395518004661426,0,4,0.0004828879900742322,0.005395518004661426,0.00023774299188517034,12845056.0,1605632.0
neu18_pattern_mining,2026-02-08T12:04:43,2,263,53,2,0.953125,0.1943189799785614,11.5705504,0.011145647033117712,0.005633730033878237,0.0055119169992394745,0,4,0.00035503300023265183,0.0055119169992394745,0.00020834000315517187,12845056.0,1605632.0
neu18_pattern_mining,2026-02-08T12:04:43,2,264,53,3,0.96875,0.097427599132061,11.5705504,0.012281638802960515,0.006608099793083966,0.005673539009876549,0,4,0.00045779699576087296,0.005673539009876549,0.00020301298354752362,12845056.0,1605632.0
neu18_pattern_mining,2026-02-08T12:04:43,2,265,53,4,0.3333333333333333,3.22705078125,0.5519008,0.010773624060675502,0.006353140051942319,0.004420484008733183,0,4,0.0004099540237803012,0.004420484008733183,0.00022535998141393065,602112.0,75264.0
neu18_pattern_mining,2026-02-08T12:04:44,3,261,53,0,1.0,0.00012271282321307808,11.5705504,0.04132582203601487,0.03340227005537599,0.007923551980638877,0,4,0.002864175010472536,0.007923551980638877,0.00047605199506506324,12845056.0,1605632.0
neu18_pattern_mining,2026-02-08T12:04:44,3,262,53,1,0.953125,0.37445682287216187,11.5705504,0.01605399898835458,0.00942537997616455,0.006628619012190029,0,4,0.0006430840003304183,0.006628619012190029,0.0002994539972860366,12845056.0,1605632.0
neu18_pattern_mining,2026-02-08T12:04:44,3,263,53,2,0.96875,0.10448695719242096,11.5705504,0.015732344094431028,0.008775230089668185,0.006957114004762843,0,4,0.0005853470065630972,0.006957114004762843,0.0002921760024037212,12845056.0,1605632.0
neu18_pattern_mining,2026-02-08T12:04:44,3,264,53,3,1.0,0.0008442959515377879,11.5705504,0.016280946030747145,0.009170050034299493,0.007110895996447653,0,4,0.0005823370011057705,0.007110895996447653,0.0003346680023241788,12845056.0,1605632.0
neu18_pattern_mining,2026-02-08T12:04:44,3,265,53,4,0.6666666666666666,2.418452501296997,0.5519008,0.016484757099533454,0.009543760097585618,0.006940997001947835,0,4,0.0006405010062735528,0.006940997001947835,0.0003138750034850091,602112.0,75264.0
neu18_pattern_mining,2026-02-08T12:04:45,4,261,53,0,1.0,0.0005435689818114042,11.5705504,0.061088513903087005,0.045961689902469516,0.01512682400061749,0,4,0.003800042992224917,0.01512682400061749,0.0007961259980220348,12845056.0,1605632.0
neu18_pattern_mining,2026-02-08T12:04:45,4,262,53,1,0.9375,0.23330911993980408,11.5705504,0.021532829967327416,0.011841219966299832,0.009691610001027584,0,4,0.0007761390006635338,0.009691610001027584,0.0004079829959664494,12845056.0,1605632.0
neu18_pattern_mining,2026-02-08T12:04:45,4,263,53,2,1.0,0.011073870584368706,11.5705504,0.019116601964924484,0.010530459985602647,0.008586141979321837,0,4,0.0006773500062990934,0.008586141979321837,0.00037569599226117134,12845056.0,1605632.0
neu18_pattern_mining,2026-02-08T12:04:45,4,264,53,3,1.0,0.000255646271398291,11.5705504,0.018897050089435652,0.01031774008879438,0.008579310000641271,0,4,0.000664727995172143,0.008579310000641271,0.00036704601370729506,12845056.0,1605632.0
neu18_pattern_mining,2026-02-08T12:04:45,4,265,53,4,0.3333333333333333,4.067934513092041,0.5519008,0.018980990949785337,0.011101349955424666,0.00787964099436067,0,4,0.0007269229972735047,0.00787964099436067,0.0003832119982689619,602112.0,75264.0
neu18_pattern_mining,2026-02-08T12:04:47,0,266,54,0,1.0,2.2083651856519282e-05,11.5705504,0.026976004912285134,0.018271759909112006,0.008704245003173128,0,4,0.0013395299902185798,0.008704245003173128,0.0004876460006926209,12845056.0,1605632.0
neu18_pattern_mining,2026-02-08T12:04:47,0,267,54,1,0.984375,0.029811127111315727,11.5705504,0.014059965935302898,0.00746595993405208,0.006594006001250818,0,4,0.000415351998526603,0.006594006001250818,0.000331243994878605,12845056.0,1605632.0
neu18_pattern_mining,2026-02-08T12:04:47,0,268,54,2,0.953125,0.24091996252536774,11.5705504,0.015632304799510166,0.008652669785078615,0.006979635014431551,0,4,0.0005637879949063063,0.006979635014431551,0.00030147898360155523,12845056.0,1605632.0
neu18_pattern_mining,2026-02-08T12:04:47,0,269,54,3,1.0,0.01356977503746748,11.5705504,0.015773668215842918,0.008773690205998719,0.006999978009844199,0,4,0.0005521950079128146,0.006999978009844199,0.00032517401268705726,12845056.0,1605632.0
neu18_pattern_mining,2026-02-08T12:04:47,0,270,54,4,0.25,5.7093706130981445,0.7325344,0.01753220727550797,0.009744640265125781,0.00778756701038219,0,4,0.000650499016046524,0.00778756701038219,0.0003239650104660541,802816.0,100352.0
neu18_pattern_mining,2026-02-08T12:04:47,1,266,54,0,0.96875,0.15425901114940643,11.5705504,0.04232705329195596,0.034450230305083096,0.007876822986872867,0,4,0.002927899011410773,0.007876822986872867,0.0005171240190975368,12845056.0,1605632.0
neu18_pattern_mining,2026-02-08T12:04:47,1,267,54,1,0.9375,0.2459612786769867,11.5705504,0.015718274371465668,0.00915798038477078,0.006560293986694887,0,4,0.0005924150173086673,0.006560293986694887,0.0003233830211684108,12845056.0,1605632.0
neu18_pattern_mining,2026-02-08T12:04:48,1,268,54,2,1.0,0.0013785662595182657,11.5705504,0.015479177789529786,0.008482269768137485,0.006996908021392301,0,4,0.0005368150013964623,0.006996908021392301,0.00031141197541728616,12845056.0,1605632.0
neu18_pattern_mining,2026-02-08T12:04:48,1,269,54,3,0.9375,0.23697713017463684,11.5705504,0.0156761972757522,0.008641450258437544,0.007034747017314658,0,4,0.000541984016308561,0.007034747017314658,0.00032216100953519344,12845056.0,1605632.0
neu18_pattern_mining,2026-02-08T12:04:48,1,270,54,4,0.0,4.966559886932373,0.5519008,0.015704188641393557,0.009251479641534388,0.006452708999859169,0,4,0.0005915119836572558,0.006452708999859169,0.00033363598049618304,602112.0,75264.0
neu18_pattern_mining,2026-02-08T12:04:48,2,266,54,0,1.0,0.00010050970013253391,11.5705504,0.03799457926652394,0.030226220260374248,0.007768359006149694,0,4,0.0025175060145556927,0.007768359006149694,0.0005051160114817321,12845056.0,1605632.0
neu18_pattern_mining,2026-02-08T12:04:48,2,267,54,1,0.984375,0.035510171204805374,11.5705504,0.01748819719068706,0.01040260016452521,0.0070855970261618495,0,4,0.0006947870133444667,0.0070855970261618495,0.0003454730031080544,12845056.0,1605632.0
neu18_pattern_mining,2026-02-08T12:04:48,2,268,54,2,0.921875,0.3895222544670105,11.5705504,0.016985838068649173,0.009858160046860576,0.007127678021788597,0,4,0.0006512890104204416,0.007127678021788597,0.00033452699426561594,12845056.0,1605632.0
neu18_pattern_mining,2026-02-08T12:04:48,2,269,54,3,0.96875,0.07800599187612534,11.5705504,0.015814273938303813,0.008847269928082824,0.00696700401022099,0,4,0.0005671480030287057,0.00696700401022099,0.00031757898977957666,12845056.0,1605632.0
neu18_pattern_mining,2026-02-08T12:04:48,2,270,54,4,0.3333333333333333,2.1192939281463623,0.5519008,0.015520996181294322,0.009101320174522698,0.006419676006771624,0,4,0.0006034850084688514,0.006419676006771624,0.00030664700898341835,602112.0,75264.0
neu18_pattern_mining,2026-02-08T12:04:49,3,266,54,0,1.0,0.0005848421133123338,11.5705504,0.043689221929525957,0.036062799917999655,0.0076264220115263015,0,4,0.0031472269911319017,0.0076264220115263015,0.00045905300066806376,12845056.0,1605632.0
neu18_pattern_mining,2026-02-08T12:04:49,3,267,54,1,0.953125,0.36347249150276184,11.5705504,0.01442382880486548,0.00832756981253624,0.00609625899232924,0,4,0.0005520790000446141,0.00609625899232924,0.0002806779812090099,12845056.0,1605632.0
neu18_pattern_mining,2026-02-08T12:04:49,3,268,54,2,0.953125,0.2678232192993164,11.5705504,0.014050515834242105,0.008352809818461537,0.005697706015780568,0,4,0.0005564389866776764,0.005697706015780568,0.0002788419951684773,12845056.0,1605632.0
neu18_pattern_mining,2026-02-08T12:04:49,3,269,54,3,0.953125,0.3462890088558197,11.5705504,0.014477037213509902,0.008688320231158286,0.005788716982351616,0,4,0.0005892610060982406,0.005788716982351616,0.000279571017017588,12845056.0,1605632.0
neu18_pattern_mining,2026-02-08T12:04:49,3,270,54,4,0.3333333333333333,4.278647422790527,0.5519008,0.013638257049024105,0.008394010073971003,0.005244246975053102,0,4,0.0005526870081666857,0.005244246975053102,0.00028671399923041463,602112.0,75264.0
neu18_pattern_mining,2026-02-08T12:04:50,4,266,54,0,1.0,3.30955081153661e-05,11.5705504,0.04488018638221547,0.035349990357644856,0.009530196024570614,0,4,0.002934041025582701,0.009530196024570614,0.0006009580101817846,12845056.0,1605632.0
neu18_pattern_mining,2026-02-08T12:04:50,4,267,54,1,1.0,2.175619374611415e-05,11.5705504,0.01989712077192962,0.011291309783700854,0.008605810988228768,0,4,0.0007367189973592758,0.008605810988228768,0.00039241198101080954,12845056.0,1605632.0
neu18_pattern_mining,2026-02-08T12:04:50,4,268,54,2,0.921875,0.7781621217727661,11.5705504,0.019221185008063912,0.010720040008891374,0.008501144999172539,0,4,0.0007680340204387903,0.008501144999172539,0.00030396998045034707,12845056.0,1605632.0
neu18_pattern_mining,2026-02-08T12:04:50,4,269,54,3,0.90625,0.24847912788391113,11.5705504,0.014254168752813712,0.007708679768256843,0.006545488984556869,0,4,0.0004927179834339768,0.006545488984556869,0.00027814999339170754,12845056.0,1605632.0
neu18_pattern_mining,2026-02-08T12:04:50,4,270,54,4,0.3333333333333333,4.177674770355225,0.5519008,0.012417178077157587,0.007666480087209493,0.004750697989948094,0,4,0.0005031159962527454,0.004750697989948094,0.0002635320124682039,602112.0,75264.0
neu18_pattern_mining,2026-02-08T12:04:52,0,271,55,0,1.0,0.004496848210692406,11.5705504,0.029966984875500202,0.02282862988067791,0.0071383549948222935,0,4,0.001937066001119092,0.0071383549948222935,0.00034579698694869876,12845056.0,1605632.0
neu18_pattern_mining,2026-02-08T12:04:52,0,272,55,1,0.875,0.6580010652542114,11.5705504,0.016131551092257723,0.009536200086586177,0.006595351005671546,0,4,0.0006461520097218454,0.006595351005671546,0.00030746799893677235,12845056.0,1605632.0
neu18_pattern_mining,2026-02-08T12:04:52,0,273,55,2,0.96875,0.12661109864711761,11.5705504,0.014668475283542648,0.008212110260501504,0.006456365023041144,0,4,0.0005149200151208788,0.006456365023041144,0.0003062910109292716,12845056.0,1605632.0
neu18_pattern_mining,2026-02-08T12:04:52,0,274,55,3,1.0,0.01620153896510601,11.5705504,0.016478226287290454,0.009418150293640792,0.0070600759936496615,0,4,0.0006361510022543371,0.0070600759936496615,0.00030566402710974216,12845056.0,1605632.0
neu18_pattern_mining,2026-02-08T12:04:52,0,275,55,4,0.5,2.635881185531616,0.7325344,0.015579580940539017,0.00914481992367655,0.006434761016862467,0,4,0.0006118669989518821,0.006434761016862467,0.0003026149934157729,802816.0,100352.0
neu18_pattern_mining,2026-02-08T12:04:53,1,271,55,0,0.984375,0.01710372418165207,11.5705504,0.06879622605629265,0.05096737004350871,0.017828856012783945,0,4,0.004244996001943946,0.017828856012783945,0.000851741002406925,12845056.0,1605632.0
neu18_pattern_mining,2026-02-08T12:04:53,1,272,55,1,0.796875,2.6945130825042725,11.5705504,0.020898900052998215,0.01150102005340159,0.009397879999596626,0,4,0.000767601013649255,0.009397879999596626,0.0003825009916909039,12845056.0,1605632.0
neu18_pattern_mining,2026-02-08T12:04:53,1,273,55,2,0.953125,0.13182006776332855,11.5705504,0.020539622055366635,0.011249420058447868,0.009290201996918768,0,4,0.0007517040066886693,0.009290201996918768,0.00037323799915611744,12845056.0,1605632.0
neu18_pattern_mining,2026-02-08T12:04:53,1,274,55,3,0.90625,0.4950295388698578,11.5705504,0.018752047850284725,0.010252769861835986,0.008499277988448739,0,4,0.0006503579788841307,0.008499277988448739,0.0003749190072994679,12845056.0,1605632.0
neu18_pattern_mining,2026-02-08T12:04:53,1,275,55,4,0.3333333333333333,1.6519683599472046,0.5519008,0.01887933287071064,0.010635379876475781,0.00824395299423486,0,4,0.000684267986798659,0.00824395299423486,0.00037927000084891915,602112.0,75264.0
neu18_pattern_mining,2026-02-08T12:04:53,2,271,55,0,0.984375,0.04650057852268219,11.5705504,0.03834231567452662,0.030498139676637948,0.00784417599788867,0,4,0.002598809980554506,0.00784417599788867,0.0004510039871092886,12845056.0,1605632.0
neu18_pattern_mining,2026-02-08T12:04:53,2,272,55,1,0.859375,0.5716831684112549,11.5705504,0.009742946334881708,0.00610888033406809,0.0036340660008136183,0,4,0.0004109410219825804,0.0036340660008136183,0.00019994701142422855,12845056.0,1605632.0
neu18_pattern_mining,2026-02-08T12:04:54,2,273,55,2,0.9375,0.18816784024238586,11.5705504,0.008216424903366715,0.004661369894165546,0.003555055009201169,0,4,0.00030092199449427426,0.003555055009201169,0.0001652149949222803,12845056.0,1605632.0
neu18_pattern_mining,2026-02-08T12:04:54,2,274,55,3,0.890625,0.6897714138031006,11.5705504,0.01387373890611343,0.007921959913801402,0.005951778992312029,0,4,0.0005324379890225828,0.005951778992312029,0.0002597580023575574,12845056.0,1605632.0
neu18_pattern_mining,2026-02-08T12:04:54,2,275,55,4,0.6666666666666666,2.442633867263794,0.5519008,0.01348894921829924,0.007971940212883055,0.005517009005416185,0,4,0.0005331030115485191,0.005517009005416185,0.0002640910097397864,602112.0,75264.0
neu18_pattern_mining,2026-02-08T12:04:54,3,271,55,0,1.0,0.00012669201532844454,11.5705504,0.059364026034018025,0.051035030046477914,0.008328995987540111,0,4,0.00466606899863109,0.008328995987540111,0.00043743400601670146,12845056.0,1605632.0
neu18_pattern_mining,2026-02-08T12:04:54,3,272,55,1,1.0,0.0035949591547250748,11.5705504,0.015344087092671543,0.009477240091655403,0.00586684700101614,0,4,0.0006473340035881847,0.00586684700101614,0.0003003900055773556,12845056.0,1605632.0
neu18_pattern_mining,2026-02-08T12:04:54,3,273,55,2,0.984375,0.025311516597867012,11.5705504,0.014991738018579781,0.008857270004227757,0.006134468014352024,0,4,0.0005941989948041737,0.006134468014352024,0.00029152800561860204,12845056.0,1605632.0
neu18_pattern_mining,2026-02-08T12:04:54,3,274,55,3,0.859375,1.8411774635314941,11.5705504,0.014527476771036163,0.008101379789877683,0.00642609698115848,0,4,0.0005143029848113656,0.00642609698115848,0.0002958349941764027,12845056.0,1605632.0
neu18_pattern_mining,2026-02-08T12:04:54,3,275,55,4,0.6666666666666666,1.7145929336547852,0.5519008,0.014535730122588575,0.00821104011265561,0.006324690009932965,0,4,0.0005171190132386982,0.006324690009932965,0.00030398499802686274,602112.0,75264.0
neu18_pattern_mining,2026-02-08T12:04:55,4,271,55,0,1.0,0.0005697428714483976,11.5705504,0.04301299812505022,0.03363321011420339,0.009379788010846823,0,4,0.0028765260067302734,0.009379788010846823,0.000486795004690066,12845056.0,1605632.0
neu18_pattern_mining,2026-02-08T12:04:55,4,272,55,1,0.96875,0.2182357907295227,11.5705504,0.019534212857251987,0.011011849856004119,0.008522363001247868,0,4,0.0007166519935708493,0.008522363001247868,0.0003845329920295626,12845056.0,1605632.0
neu18_pattern_mining,2026-02-08T12:04:55,4,273,55,2,1.0,0.019981130957603455,11.5705504,0.017914905882207677,0.010149079898837954,0.007765825983369723,0,4,0.0006714859919156879,0.007765825983369723,0.00034342199796810746,12845056.0,1605632.0
neu18_pattern_mining,2026-02-08T12:04:55,4,274,55,3,0.96875,0.07810094207525253,11.5705504,0.017848136136308312,0.009975430148188025,0.007872705988120288,0,4,0.0006361030100379139,0.007872705988120288,0.00036144000478088856,12845056.0,1605632.0
neu18_pattern_mining,2026-02-08T12:04:55,4,275,55,4,0.0,3.67883563041687,0.5519008,0.01812244509346783,0.010217500093858689,0.007904944999609143,0,4,0.0006872090161778033,0.007904944999609143,0.00033454099320806563,602112.0,75264.0
neu18_pattern_mining,2026-02-08T12:04:57,0,276,56,0,1.0,0.00039514931268058717,11.5705504,0.03133726297528483,0.02253248996566981,0.008804773009615019,0,4,0.0018074509862344712,0.008804773009615019,0.0004457980103325099,12845056.0,1605632.0
neu18_pattern_mining,2026-02-08T12:04:57,0,277,56,1,0.875,0.5636345744132996,11.5705504,0.015015355980722234,0.007967849960550666,0.007047506020171568,0,4,0.0005161429871805012,0.007047506020171568,0.00028064200887456536,12845056.0,1605632.0
neu18_pattern_mining,2026-02-08T12:04:57,0,278,56,2,1.0,0.00021275678591337055,11.5705504,0.014765376021387056,0.007927650003693998,0.006837726017693058,0,4,0.0005297540046740323,0.006837726017693058,0.00026301099569536746,12845056.0,1605632.0
neu18_pattern_mining,2026-02-08T12:04:57,0,279,56,3,0.90625,0.2329106628894806,11.5705504,0.01564707385841757,0.008658639853820205,0.006988434004597366,0,4,0.00056287000188604,0.006988434004597366,0.0003029939834959805,12845056.0,1605632.0
neu18_pattern_mining,2026-02-08T12:04:57,0,280,56,4,0.75,2.383897066116333,0.7325344,0.015773931227158755,0.00887768022948876,0.006896250997669995,0,4,0.0005887310253456235,0.006896250997669995,0.00029903699760325253,802816.0,100352.0
neu18_pattern_mining,2026-02-08T12:04:58,1,276,56,0,1.0,0.00016009784303605556,11.5705504,0.04392414691392332,0.03615002991864458,0.007774116995278746,0,4,0.0031661289976909757,0.007774116995278746,0.00044887399417348206,12845056.0,1605632.0
neu18_pattern_mining,2026-02-08T12:04:58,1,277,56,1,0.96875,0.19267724454402924,11.5705504,0.009017115022288635,0.0051235000137239695,0.003893615008564666,0,4,0.00033060400164686143,0.003893615008564666,0.0001817459997255355,12845056.0,1605632.0
neu18_pattern_mining,2026-02-08T12:04:58,1,278,56,2,0.984375,0.051780592650175095,11.5705504,0.011270841816440225,0.006648099806625396,0.004622742009814829,0,4,0.0004884569789282978,0.004622742009814829,0.00017635300173424184,12845056.0,1605632.0
neu18_pattern_mining,2026-02-08T12:04:58,1,279,56,3,0.921875,0.33187568187713623,11.5705504,0.009401389164850116,0.005122900183778256,0.00427848898107186,0,4,0.0003402330039534718,0.00427848898107186,0.00017205701442435384,12845056.0,1605632.0
neu18_pattern_mining,2026-02-08T12:04:58,1,280,56,4,0.6666666666666666,1.799929141998291,0.5519008,0.013808180898195133,0.009051169909071177,0.004757010989123955,0,4,0.000700189993949607,0.004757010989123955,0.0002049269969575107,602112.0,75264.0
neu18_pattern_mining,2026-02-08T12:04:59,2,276,56,0,1.0,0.000216254178667441,11.5705504,0.041522077983245254,0.03380720998393372,0.0077148679993115366,0,4,0.0028955370071344078,0.0077148679993115366,0.00048518399125896394,12845056.0,1605632.0
neu18_pattern_mining,2026-02-08T12:04:59,2,277,56,1,0.984375,0.12660826742649078,11.5705504,0.015680023934692144,0.008142839942593127,0.007537183992099017,0,4,0.0005162099841982126,0.007537183992099017,0.0002980740100611001,12845056.0,1605632.0
neu18_pattern_mining,2026-02-08T12:04:59,2,278,56,2,0.953125,0.3812108635902405,11.5705504,0.014870472368784249,0.0079950803774409,0.006875391991343349,0,4,0.0005147160263732076,0.006875391991343349,0.0002847920113708824,12845056.0,1605632.0
neu18_pattern_mining,2026-02-08T12:04:59,2,279,56,3,1.0,0.0017641421873122454,11.5705504,0.012624858180060983,0.006775380170438439,0.005849478009622544,0,4,0.00044532501487992704,0.005849478009622544,0.00023221300216391683,12845056.0,1605632.0
neu18_pattern_mining,2026-02-08T12:04:59,2,280,56,4,1.0,0.03255573660135269,0.5519008,0.013911798771005124,0.007738449785392731,0.006173348985612392,0,4,0.0005122519796714187,0.006173348985612392,0.0002615929988678545,602112.0,75264.0
neu18_pattern_mining,2026-02-08T12:04:59,3,276,56,0,1.0,9.172770660370588e-05,11.5705504,0.0373925750318449,0.029563790012616664,0.007828785019228235,0,4,0.0024850390036590397,0.007828785019228235,0.0004713399976026267,12845056.0,1605632.0
neu18_pattern_mining,2026-02-08T12:04:59,3,277,56,1,0.96875,0.11677625775337219,11.5705504,0.01619669474894181,0.010835399734787643,0.005361295014154166,0,4,0.0008150639769155532,0.005361295014154166,0.0002684759965632111,12845056.0,1605632.0
neu18_pattern_mining,2026-02-08T12:04:59,3,278,56,2,0.984375,0.023548666387796402,11.5705504,0.01366059493739158,0.008349629933945835,0.0053109650034457445,0,4,0.0005795269971713424,0.0053109650034457445,0.0002554359962232411,12845056.0,1605632.0
neu18_pattern_mining,2026-02-08T12:05:00,3,279,56,3,1.0,0.014582555741071701,11.5705504,0.014458676858339459,0.008792429871391505,0.005666246986947954,0,4,0.0006093679985497147,0.005666246986947954,0.0002698749885894358,12845056.0,1605632.0
neu18_pattern_mining,2026-02-08T12:05:00,3,280,56,4,1.0,0.10749304294586182,0.5519008,0.014723122061695904,0.009077230060938746,0.005645892000757158,0,4,0.0005970899946987629,0.005645892000757158,0.0003106330113951117,602112.0,75264.0
neu18_pattern_mining,2026-02-08T12:05:00,4,276,56,0,1.0,0.00017766635573934764,11.5705504,0.04421456094132736,0.03500399994663894,0.009210560994688421,0,4,0.002927625988377258,0.009210560994688421,0.000572774006286636,12845056.0,1605632.0
neu18_pattern_mining,2026-02-08T12:05:00,4,277,56,1,0.96875,0.1575334668159485,11.5705504,0.017326949979178607,0.010161329992115498,0.00716561998706311,0,4,0.0006644140230491757,0.00716561998706311,0.000351718976162374,12845056.0,1605632.0
neu18_pattern_mining,2026-02-08T12:05:00,4,278,56,2,0.9375,0.4130455553531647,11.5705504,0.018893634842243046,0.011049879831261933,0.007843755010981113,0,4,0.000755824992666021,0.007843755010981113,0.0003491629904601723,12845056.0,1605632.0
neu18_pattern_mining,2026-02-08T12:05:00,4,279,56,3,1.0,0.00027187535306438804,11.5705504,0.017067554203094915,0.009869820205494761,0.007197733997600153,0,4,0.0006607930117752403,0.007197733997600153,0.00032618900877423584,12845056.0,1605632.0
neu18_pattern_mining,2026-02-08T12:05:00,4,280,56,4,0.6666666666666666,4.0097551345825195,0.5519008,0.014803199883317575,0.008311189885716885,0.0064920099976006895,0,4,0.0005443469854071736,0.0064920099976006895,0.0002867720031645149,602112.0,75264.0
neu18_pattern_mining,2026-02-08T12:05:02,0,281,57,0,1.0,0.0053694965317845345,11.5705504,0.03350752484402619,0.025174979818984866,0.008332545025041327,0,4,0.0020536569936666638,0.008332545025041327,0.00046384098823182285,12845056.0,1605632.0
neu18_pattern_mining,2026-02-08T12:05:02,0,282,57,1,0.875,1.4302549362182617,11.5705504,0.01603017299203202,0.009852549992501736,0.006177622999530286,0,4,0.0006565520016010851,0.006177622999530286,0.0003287029976490885,12845056.0,1605632.0
neu18_pattern_mining,2026-02-08T12:05:02,0,283,57,2,1.0,0.024038514122366905,11.5705504,0.017289489012910053,0.010075210011564195,0.007214279001345858,0,4,0.000677953998092562,0.007214279001345858,0.00032956700306385756,12845056.0,1605632.0
neu18_pattern_mining,2026-02-08T12:05:02,0,284,57,3,0.96875,0.2132451832294464,11.5705504,0.016645740251988173,0.009627780236769468,0.007017960015218705,0,4,0.000640074023976922,0.007017960015218705,0.0003227039997000247,12845056.0,1605632.0
neu18_pattern_mining,2026-02-08T12:05:02,0,285,57,4,0.75,0.8019930124282837,0.7325344,0.017529036180349067,0.010177770163863897,0.0073512660164851695,0,4,0.0007037610048428178,0.0073512660164851695,0.00031401601154357195,802816.0,100352.0
neu18_pattern_mining,2026-02-08T12:05:03,1,281,57,0,1.0,3.4703749406617135e-05,11.5705504,0.04571377008687705,0.03798710007686168,0.0077266700100153685,0,4,0.003331971005536616,0.0077266700100153685,0.0004667390021495521,12845056.0,1605632.0
neu18_pattern_mining,2026-02-08T12:05:03,1,282,57,1,0.984375,0.06365801393985748,11.5705504,0.014316557702841237,0.00787021970609203,0.006446337996749207,0,4,0.0005083439755253494,0.006446337996749207,0.0002786779950838536,12845056.0,1605632.0
neu18_pattern_mining,2026-02-08T12:05:03,1,283,57,2,1.0,0.007435057312250137,11.5705504,0.012932635057950392,0.007065490062814206,0.0058671449951361865,0,4,0.0004628269816748798,0.0058671449951361865,0.0002437220246065408,12845056.0,1605632.0
neu18_pattern_mining,2026-02-08T12:05:03,1,284,57,3,0.9375,0.13573424518108368,11.5705504,0.013664406898897141,0.007308569911401719,0.006355836987495422,0,4,0.00047957999049685895,0.006355836987495422,0.00025127700064331293,12845056.0,1605632.0
neu18_pattern_mining,2026-02-08T12:05:03,1,285,57,4,0.6666666666666666,2.3426268100738525,0.5519008,0.011594879964832217,0.006271589954849333,0.005323290009982884,0,4,0.00041357098962180316,0.005323290009982884,0.0002135880058631301,602112.0,75264.0
neu18_pattern_mining,2026-02-08T12:05:04,2,281,57,0,1.0,0.0007958750356920063,11.5705504,0.03877651481889188,0.030759149813093245,0.008017365005798638,0,4,0.002593865996459499,0.008017365005798638,0.0004820489848498255,12845056.0,1605632.0
neu18_pattern_mining,2026-02-08T12:05:04,2,282,57,1,1.0,0.0006160707562230527,11.5705504,0.01605282776290551,0.009428179764654487,0.006624647998251021,0,4,0.0006248709978535771,0.006624647998251021,0.0003179469786118716,12845056.0,1605632.0
neu18_pattern_mining,2026-02-08T12:05:04,2,283,57,2,0.984375,0.04924604669213295,11.5705504,0.01548706102767028,0.008870750025380403,0.006616311002289876,0,4,0.0005891229957342148,0.006616311002289876,0.0002979520068038255,12845056.0,1605632.0
neu18_pattern_mining,2026-02-08T12:05:04,2,284,57,3,0.984375,0.09259703755378723,11.5705504,0.014955109159927815,0.008408540161326528,0.006546568998601288,0,4,0.0005495799996424466,0.006546568998601288,0.0002912740164902061,12845056.0,1605632.0
neu18_pattern_mining,2026-02-08T12:05:04,2,285,57,4,0.6666666666666666,0.3707750737667084,0.5519008,0.01297935502952896,0.007475040038116276,0.005504314991412684,0,4,0.0004986840067431331,0.005504314991412684,0.00024881999706849456,602112.0,75264.0
neu18_pattern_mining,2026-02-08T12:05:05,3,281,57,0,1.0,0.002215967047959566,11.5705504,0.05184418096905574,0.040280969988089055,0.011563210980966687,0,4,0.0033881610142998397,0.011563210980966687,0.0006399359845090657,12845056.0,1605632.0
neu18_pattern_mining,2026-02-08T12:05:05,3,282,57,1,0.984375,0.03301810845732689,11.5705504,0.019804103241767734,0.011335770250298083,0.008468332991469651,0,4,0.0007557240023743361,0.008468332991469651,0.00037785302265547216,12845056.0,1605632.0
neu18_pattern_mining,2026-02-08T12:05:05,3,283,57,2,1.0,0.0003701462410390377,11.5705504,0.01766669430071488,0.009183090296573937,0.008483604004140943,0,4,0.0006158240139484406,0.008483604004140943,0.00030248501570895314,12845056.0,1605632.0
neu18_pattern_mining,2026-02-08T12:05:05,3,284,57,3,0.859375,1.0614285469055176,11.5705504,0.016465926164528355,0.008906290167942643,0.007559635996585712,0,4,0.0005794489989057183,0.007559635996585712,0.000311180017888546,12845056.0,1605632.0
neu18_pattern_mining,2026-02-08T12:05:05,3,285,57,4,0.6666666666666666,2.259376049041748,0.5519008,0.01411375286988914,0.007878069882281125,0.0062356829876080155,0,4,0.0005084739823359996,0.0062356829876080155,0.00027933300589211285,602112.0,75264.0
neu18_pattern_mining,2026-02-08T12:05:06,4,281,57,0,1.0,0.00020196476543787867,11.5705504,0.03776839401689358,0.028545270033646375,0.009223123983247206,0,4,0.0023201779986266047,0.009223123983247206,0.0005343490047380328,12845056.0,1605632.0
neu18_pattern_mining,2026-02-08T12:05:06,4,282,57,1,1.0,0.0006949746748432517,11.5705504,0.02117640187498182,0.012432239891495556,0.008744161983486265,0,4,0.0008471460023429245,0.008744161983486265,0.0003960779868066311,12845056.0,1605632.0
neu18_pattern_mining,2026-02-08T12:05:06,4,283,57,2,0.96875,0.09241127967834473,11.5705504,0.019597876991610974,0.010560590017121285,0.009037286974489689,0,4,0.0007153690094128251,0.009037286974489689,0.0003406899922993034,12845056.0,1605632.0
neu18_pattern_mining,2026-02-08T12:05:06,4,284,57,3,1.0,0.006152634043246508,11.5705504,0.016669261909555644,0.009134869906120002,0.0075343920034356415,0,4,0.0006007530028000474,0.0075343920034356415,0.00031273398781195283,12845056.0,1605632.0
neu18_pattern_mining,2026-02-08T12:05:06,4,285,57,4,0.6666666666666666,2.6794016361236572,0.5519008,0.012508494080975652,0.007330180087592453,0.005178313993383199,0,4,0.0005021819961257279,0.005178313993383199,0.00023083601263351738,602112.0,75264.0
neu18_pattern_mining,2026-02-08T12:05:07,0,286,58,0,1.0,2.3053979020914994e-05,11.5705504,0.027677269041305408,0.018633010040502995,0.009044259000802413,0,4,0.0013625830179080367,0.009044259000802413,0.0005007179861422628,12845056.0,1605632.0
neu18_pattern_mining,2026-02-08T12:05:07,0,287,58,1,0.984375,0.05169183760881424,11.5705504,0.019749583763768896,0.011723319767042994,0.008026263996725902,0,4,0.0007754559919703752,0.008026263996725902,0.00039687598473392427,12845056.0,1605632.0
neu18_pattern_mining,2026-02-08T12:05:07,0,288,58,2,0.96875,0.25420239567756653,11.5705504,0.01836818302399479,0.01056954002706334,0.007798642996931449,0,4,0.0007023900107014924,0.007798642996931449,0.00035456399200484157,12845056.0,1605632.0
neu18_pattern_mining,2026-02-08T12:05:07,0,289,58,3,1.0,0.014702234417200089,11.5705504,0.017926300322869793,0.009672970336396247,0.008253329986473545,0,4,0.0006450580258388072,0.008253329986473545,0.0003222390078008175,12845056.0,1605632.0
neu18_pattern_mining,2026-02-08T12:05:07,0,290,58,4,0.25,2.260406732559204,0.7325344,0.018735257879598066,0.011191809899173677,0.007543447980424389,0,4,0.0007506209949497133,0.007543447980424389,0.00036855999496765435,802816.0,100352.0
neu18_pattern_mining,2026-02-08T12:05:08,1,286,58,0,1.0,0.00014047740842215717,11.5705504,0.06627962106722407,0.049652330053504556,0.016627291013719514,0,4,0.004251373000442982,0.016627291013719514,0.0007138600049074739,12845056.0,1605632.0
neu18_pattern_mining,2026-02-08T12:05:08,1,287,58,1,0.984375,0.05835702642798424,11.5705504,0.02048255191766657,0.010972149902954698,0.009510402014711872,0,4,0.0007212479831650853,0.009510402014711872,0.00037596700713038445,12845056.0,1605632.0
neu18_pattern_mining,2026-02-08T12:05:08,1,288,58,2,0.953125,0.4012504816055298,11.5705504,0.019966993859270588,0.010653559875208884,0.009313433984061703,0,4,0.0007110089936759323,0.009313433984061703,0.00035434699384495616,12845056.0,1605632.0
neu18_pattern_mining,2026-02-08T12:05:08,1,289,58,3,0.953125,0.10741522163152695,11.5705504,0.01800091183395125,0.009660619834903628,0.008340291999047622,0,4,0.0006439659919124097,0.008340291999047622,0.0003220959915779531,12845056.0,1605632.0
neu18_pattern_mining,2026-02-08T12:05:08,1,290,58,4,1.0,0.028534526005387306,0.5519008,0.010676235920982435,0.00582601991482079,0.004850216006161645,0,4,0.0003839439887087792,0.004850216006161645,0.0001986580027732998,602112.0,75264.0
neu18_pattern_mining,2026-02-08T12:05:09,2,286,58,0,1.0,5.3993215260561556e-05,11.5705504,0.04182788575417362,0.03409546974580735,0.007732416008366272,0,4,0.002956808981252834,0.007732416008366272,0.00045273799332790077,12845056.0,1605632.0
neu18_pattern_mining,2026-02-08T12:05:09,2,287,58,1,0.96875,0.20159830152988434,11.5705504,0.00965954185812734,0.005926069861743599,0.0037334719963837415,0,4,0.00042626800131984055,0.0037334719963837415,0.00016633898485451937,12845056.0,1605632.0
neu18_pattern_mining,2026-02-08T12:05:09,2,288,58,2,1.0,0.0013144686818122864,11.5705504,0.009095801156945527,0.005258920136839151,0.0038368810201063752,0,4,0.00036592400283552706,0.0038368810201063752,0.00015996801084838808,12845056.0,1605632.0
neu18_pattern_mining,2026-02-08T12:05:09,2,289,58,3,0.984375,0.04743227735161781,11.5705504,0.011747047799872234,0.006286199786700308,0.005460848013171926,0,4,0.00041285998304374516,0.005460848013171926,0.00021575999562628567,12845056.0,1605632.0
neu18_pattern_mining,2026-02-08T12:05:09,2,290,58,4,0.3333333333333333,2.1182749271392822,0.5519008,0.012427538254996762,0.006946940266061574,0.0054805979889351875,0,4,0.00045838102232664824,0.0054805979889351875,0.0002363130042795092,602112.0,75264.0
neu18_pattern_mining,2026-02-08T12:05:10,3,286,58,0,1.0,1.6429608876933344e-05,11.5705504,0.04019952300586738,0.032476850028615445,0.007722672977251932,0,4,0.0028072439890820533,0.007722672977251932,0.0004404410137794912,12845056.0,1605632.0
neu18_pattern_mining,2026-02-08T12:05:10,3,287,58,1,0.984375,0.05077918618917465,11.5705504,0.015171979932347313,0.008161659934557974,0.007010319997789338,0,4,0.0005358700000215322,0.007010319997789338,0.00028029599343426526,12845056.0,1605632.0
neu18_pattern_mining,2026-02-08T12:05:10,3,288,58,2,1.0,0.02211342379450798,11.5705504,0.015202045935438946,0.008171529916580766,0.0070305160188581795,0,4,0.0005278589960653335,0.0070305160188581795,0.00028929399559274316,12845056.0,1605632.0
neu18_pattern_mining,2026-02-08T12:05:10,3,289,58,3,0.96875,0.1689036339521408,11.5705504,0.015235773054882884,0.008192420064006,0.007043352990876883,0,4,0.0005369069986045361,0.007043352990876883,0.000282335007796064,12845056.0,1605632.0
neu18_pattern_mining,2026-02-08T12:05:10,3,290,58,4,0.6666666666666666,1.2189205884933472,0.5519008,0.01692871277919039,0.009372469794470817,0.0075562429847195745,0,4,0.0006158780015539378,0.0075562429847195745,0.0003213689778931439,602112.0,75264.0
neu18_pattern_mining,2026-02-08T12:05:11,4,286,58,0,1.0,1.792082366591785e-05,11.5705504,0.05403687001671642,0.03876973001752049,0.015267139999195933,0,4,0.0030295790056698024,0.015267139999195933,0.0008473939960822463,12845056.0,1605632.0
neu18_pattern_mining,2026-02-08T12:05:11,4,287,58,1,1.0,0.0001294422836508602,11.5705504,0.021341688057873398,0.01174614008050412,0.009595547977369279,0,4,0.0007673660002183169,0.009595547977369279,0.000407248007832095,12845056.0,1605632.0
neu18_pattern_mining,2026-02-08T12:05:11,4,288,58,2,1.0,0.0039688218384981155,11.5705504,0.018117846630048007,0.00970786961261183,0.008409977017436177,0,4,0.0006362059793900698,0.008409977017436177,0.0003345809818711132,12845056.0,1605632.0
neu18_pattern_mining,2026-02-08T12:05:11,4,289,58,3,0.90625,0.3722802400588989,11.5705504,0.014584709162591025,0.007788170187268406,0.006796538975322619,0,4,0.000512168015120551,0.006796538975322619,0.0002666490036062896,12845056.0,1605632.0
neu18_pattern_mining,2026-02-08T12:05:11,4,290,58,4,0.6666666666666666,0.92535400390625,0.5519008,0.013727539830142632,0.007821449835319072,0.00590608999482356,0,4,0.0005565010069403797,0.00590608999482356,0.00022564397659152746,602112.0,75264.0
neu18_pattern_mining,2026-02-08T12:05:13,0,291,59,0,1.0,0.00040483271004632115,11.5705504,0.03377934830496088,0.023566430318169296,0.010212917986791581,0,4,0.0018252720183227211,0.010212917986791581,0.0005313710134942085,12845056.0,1605632.0
neu18_pattern_mining,2026-02-08T12:05:13,0,292,59,1,0.953125,0.21185272932052612,11.5705504,0.01933355099754408,0.010720680002123117,0.008612870995420963,0,4,0.0007027380052022636,0.008612870995420963,0.00036932999501004815,12845056.0,1605632.0
neu18_pattern_mining,2026-02-08T12:05:13,0,293,59,2,0.9375,0.1170574203133583,11.5705504,0.01897981812362559,0.010267420148011297,0.008712397975614294,0,4,0.0006803190044593066,0.008712397975614294,0.0003464230103418231,12845056.0,1605632.0
neu18_pattern_mining,2026-02-08T12:05:13,0,294,59,3,0.984375,0.059736862778663635,11.5705504,0.017665968131041154,0.00935223011765629,0.008313738013384864,0,4,0.0006294659979175776,0.008313738013384864,0.00030575701384805143,12845056.0,1605632.0
neu18_pattern_mining,2026-02-08T12:05:13,0,295,59,4,1.0,0.168281689286232,0.7325344,0.014241186960134655,0.008691039984114468,0.005550146976020187,0,4,0.0006272339960560203,0.005550146976020187,0.00024187000235542655,802816.0,100352.0
neu18_pattern_mining,2026-02-08T12:05:13,1,291,59,0,1.0,3.733930134330876e-05,11.5705504,0.033767764864023775,0.025949039845727384,0.00781872501829639,0,4,0.0021238620101939887,0.00781872501829639,0.00047104197437874973,12845056.0,1605632.0
neu18_pattern_mining,2026-02-08T12:05:13,1,292,59,1,1.0,9.704745752969757e-05,11.5705504,0.017256492108572274,0.01039621012751013,0.006860281981062144,0,4,0.0007693770166952163,0.006860281981062144,0.00027024399605579674,12845056.0,1605632.0
neu18_pattern_mining,2026-02-08T12:05:14,1,293,59,2,0.984375,0.1346590369939804,11.5705504,0.01566821485175751,0.008695889846421778,0.006972325005335733,0,4,0.0005789529823232442,0.006972325005335733,0.0002906360023189336,12845056.0,1605632.0
neu18_pattern_mining,2026-02-08T12:05:14,1,294,59,3,0.96875,0.14458513259887695,11.5705504,0.0158685659407638,0.008989179914351553,0.006879386026412249,0,4,0.0006295150087680668,0.006879386026412249,0.0002694029826670885,12845056.0,1605632.0
neu18_pattern_mining,2026-02-08T12:05:14,1,295,59,4,0.3333333333333333,5.5541672706604,0.5519008,0.013358515949221328,0.0072635599644854665,0.006094955984735861,0,4,0.0004711250076070428,0.006094955984735861,0.00025523098884150386,602112.0,75264.0
neu18_pattern_mining,2026-02-08T12:05:14,2,291,59,0,1.0,2.80529166047927e-05,11.5705504,0.07054251010413282,0.052064440096728504,0.018478070007404312,0,4,0.004412025009514764,0.018478070007404312,0.0007944190001580864,12845056.0,1605632.0
neu18_pattern_mining,2026-02-08T12:05:14,2,292,59,1,1.0,0.00011437218927312642,11.5705504,0.02048805690719746,0.011093489883933216,0.009394567023264244,0,4,0.0007197950035333633,0.009394567023264244,0.0003895539848599583,12845056.0,1605632.0
neu18_pattern_mining,2026-02-08T12:05:14,2,293,59,2,0.984375,0.11157200485467911,11.5705504,0.018301285221241415,0.009352500201202929,0.008948785020038486,0,4,0.0007346589991357177,0.008948785020038486,0.00020059102098457515,12845056.0,1605632.0
neu18_pattern_mining,2026-02-08T12:05:14,2,294,59,3,0.875,0.5315256714820862,11.5705504,0.015582997148158029,0.00814460014225915,0.007438397005898878,0,4,0.00054542301222682,0.007438397005898878,0.0002690370019990951,12845056.0,1605632.0
neu18_pattern_mining,2026-02-08T12:05:14,2,295,59,4,0.0,4.679793834686279,0.5519008,0.015172350773354992,0.00842405977891758,0.006748290994437411,0,4,0.0005636599962599576,0.006748290994437411,0.00027874598163180053,602112.0,75264.0
neu18_pattern_mining,2026-02-08T12:05:15,3,291,59,0,1.0,0.0011804311070591211,11.5705504,0.0678594768687617,0.04898752988083288,0.018871946987928823,0,4,0.003984454000601545,0.018871946987928823,0.0009142989874817431,12845056.0,1605632.0
neu18_pattern_mining,2026-02-08T12:05:15,3,292,59,1,1.0,0.01267799362540245,11.5705504,0.02169103900087066,0.011713790008798242,0.009977248992072418,0,4,0.000749215018004179,0.009977248992072418,0.00042216398287564516,12845056.0,1605632.0
neu18_pattern_mining,2026-02-08T12:05:15,3,293,59,2,0.984375,0.09010310471057892,11.5705504,0.02079381124349311,0.01096828025765717,0.00982553098583594,0,4,0.0007534240139648318,0.00982553098583594,0.0003434040118008852,12845056.0,1605632.0
neu18_pattern_mining,2026-02-08T12:05:15,3,294,59,3,0.96875,0.06168590113520622,11.5705504,0.020849095890298486,0.011156089894939214,0.009693005995359272,0,4,0.000775371998315677,0.009693005995359272,0.00034023699117824435,12845056.0,1605632.0
neu18_pattern_mining,2026-02-08T12:05:15,3,295,59,4,0.6666666666666666,2.676271438598633,0.5519008,0.01845509570557624,0.010257009707856923,0.008198085997719318,0,4,0.0006879789871163666,0.008198085997719318,0.0003377219836693257,602112.0,75264.0
neu18_pattern_mining,2026-02-08T12:05:16,4,291,59,0,1.0,3.66816166206263e-05,11.5705504,0.06665652978699654,0.04929689981509,0.017359629971906543,0,4,0.004133073991397396,0.017359629971906543,0.0007966159901116043,12845056.0,1605632.0
neu18_pattern_mining,2026-02-08T12:05:16,4,292,59,1,1.0,0.0041885110549628735,11.5705504,0.016239756834693253,0.009837329853326082,0.006402426981367171,0,4,0.0007028320105746388,0.006402426981367171,0.0002809009747579694,12845056.0,1605632.0
neu18_pattern_mining,2026-02-08T12:05:16,4,293,59,2,0.953125,0.1296803504228592,11.5705504,0.018525640858570114,0.01006846985546872,0.008457171003101394,0,4,0.0006405029853340238,0.008457171003101394,0.0003663440002128482,12845056.0,1605632.0
neu18_pattern_mining,2026-02-08T12:05:16,4,294,59,3,0.953125,0.334943562746048,11.5705504,0.01637711690273136,0.008803739910945296,0.007573376991786063,0,4,0.000575164012843743,0.007573376991786063,0.00030520997825078666,12845056.0,1605632.0
neu18_pattern_mining,2026-02-08T12:05:16,4,295,59,4,0.3333333333333333,1.254348635673523,0.5519008,0.016334810061380267,0.009271620074287057,0.00706318998709321,0,4,0.0006151550041977316,0.00706318998709321,0.0003120070032309741,602112.0,75264.0
neu18_pattern_mining,2026-02-08T12:05:18,0,296,60,0,1.0,8.260862523457035e-05,11.5705504,0.024666223354870453,0.016656960360705853,0.008009262994164601,0,4,0.001201450009830296,0.008009262994164601,0.0004642460262402892,12845056.0,1605632.0
neu18_pattern_mining,2026-02-08T12:05:18,0,297,60,1,0.921875,0.44772666692733765,11.5705504,0.01635672792326659,0.009335819922853261,0.007020908000413328,0,4,0.0006313030025921762,0.007020908000413328,0.0003022789896931499,12845056.0,1605632.0
neu18_pattern_mining,2026-02-08T12:05:18,0,298,60,2,0.984375,0.15539710223674774,11.5705504,0.014405997935682535,0.008443029946647584,0.005962967989034951,0,4,0.0005997809930704534,0.005962967989034951,0.00024452200159430504,12845056.0,1605632.0
neu18_pattern_mining,2026-02-08T12:05:18,0,299,60,3,0.96875,0.17488212883472443,11.5705504,0.013831939082592726,0.00784044008469209,0.005991498997900635,0,4,0.0005557269905693829,0.005991498997900635,0.00022831701789982617,12845056.0,1605632.0
neu18_pattern_mining,2026-02-08T12:05:18,0,300,60,4,1.0,0.10768596827983856,0.7325344,0.012058437074301764,0.006668560090474784,0.00538987698382698,0,4,0.00046030900557525456,0.00538987698382698,0.00020654700347222388,802816.0,100352.0
neu18_pattern_mining,2026-02-08T12:05:19,1,296,60,0,0.96875,0.10664580762386322,11.5705504,0.04257034379406832,0.03460099978838116,0.007969344005687162,0,4,0.002998482988914475,0.007969344005687162,0.0004616169899236411,12845056.0,1605632.0
neu18_pattern_mining,2026-02-08T12:05:19,1,297,60,1,0.921875,1.5665727853775024,11.5705504,0.013536180253140628,0.007443080248776823,0.006093100004363805,0,4,0.0004620180116035044,0.006093100004363805,0.0002822900132741779,12845056.0,1605632.0
neu18_pattern_mining,2026-02-08T12:05:19,1,298,60,2,0.875,0.3600251078605652,11.5705504,0.014887810946675017,0.00825291994260624,0.006634891004068777,0,4,0.0005395390035118908,0.006634891004068777,0.0002857529907487333,12845056.0,1605632.0
neu18_pattern_mining,2026-02-08T12:05:19,1,299,60,3,0.96875,0.11482679098844528,11.5705504,0.014913077699020505,0.008353069715667516,0.006560007983352989,0,4,0.0005420869856607169,0.006560007983352989,0.0002932199859060347,12845056.0,1605632.0
neu18_pattern_mining,2026-02-08T12:05:19,1,300,60,4,1.0,0.030201395973563194,0.5519008,0.015488640958210453,0.008935719961300492,0.006552920996909961,0,4,0.0005833469913341105,0.006552920996909961,0.00031022500479593873,602112.0,75264.0
neu18_pattern_mining,2026-02-08T12:05:19,2,296,60,0,1.0,0.0002973566297441721,11.5705504,0.04403095814632252,0.036212970153428614,0.007817987992893904,0,4,0.0031959199986886233,0.007817987992893904,0.0004253770166542381,12845056.0,1605632.0
neu18_pattern_mining,2026-02-08T12:05:19,2,297,60,1,0.953125,0.16322016716003418,11.5705504,0.010097329795826226,0.005418929795268923,0.004678400000557303,0,4,0.0003334569919388741,0.004678400000557303,0.00020843598758801818,12845056.0,1605632.0
neu18_pattern_mining,2026-02-08T12:05:19,2,298,60,2,0.9375,0.49014225602149963,11.5705504,0.009659989911597222,0.0056877799215726554,0.003972209990024567,0,4,0.00040766200982034206,0.003972209990024567,0.00016111598233692348,12845056.0,1605632.0
neu18_pattern_mining,2026-02-08T12:05:20,2,299,60,3,0.890625,0.49529269337654114,11.5705504,0.009286818909458816,0.005014569906052202,0.004272249003406614,0,4,0.00033232400892302394,0.004272249003406614,0.00016913298168219626,12845056.0,1605632.0
neu18_pattern_mining,2026-02-08T12:05:20,2,300,60,4,1.0,0.19910036027431488,0.5519008,0.009984335862100124,0.005748579860664904,0.00423575600143522,0,4,0.0003768239985220134,0.00423575600143522,0.00019803398754447699,602112.0,75264.0
neu18_pattern_mining,2026-02-08T12:05:20,3,296,60,0,1.0,0.0023153910879045725,11.5705504,0.04556678398512304,0.035897699999623,0.009669083985500038,0,4,0.003107465017819777,0.009669083985500038,0.00048230498214252293,12845056.0,1605632.0
neu18_pattern_mining,2026-02-08T12:05:20,3,297,60,1,0.859375,0.8597365617752075,11.5705504,0.014861095231026411,0.008166690240614116,0.006694404990412295,0,4,0.00052367799798958,0.006694404990412295,0.0002929910260718316,12845056.0,1605632.0
neu18_pattern_mining,2026-02-08T12:05:20,3,298,60,2,0.984375,0.02978573739528656,11.5705504,0.015249112126184627,0.008137320110108703,0.007111792016075924,0,4,0.000516461004735902,0.007111792016075924,0.0002972710062749684,12845056.0,1605632.0
neu18_pattern_mining,2026-02-08T12:05:20,3,299,60,3,1.0,0.07929495722055435,11.5705504,0.015458749898243695,0.008309939876198769,0.007148810022044927,0,4,0.0005558340053539723,0.007148810022044927,0.00027515998226590455,12845056.0,1605632.0
neu18_pattern_mining,2026-02-08T12:05:20,3,300,60,4,0.6666666666666666,1.29831063747406,0.5519008,0.014027963887201622,0.007929799903649837,0.006098163983551785,0,4,0.000528492993908003,0.006098163983551785,0.0002644869964569807,602112.0,75264.0
neu18_pattern_mining,2026-02-08T12:05:21,4,296,60,0,1.0,0.00013675006630364805,11.5705504,0.03468869812786579,0.026669760118238628,0.008018938009627163,0,4,0.0021979649900458753,0.008018938009627163,0.0004690110217779875,12845056.0,1605632.0
neu18_pattern_mining,2026-02-08T12:05:21,4,297,60,1,0.921875,0.7282418012619019,11.5705504,0.009461313195060939,0.005580010183621198,0.0038813030114397407,0,4,0.00039649000973440707,0.0038813030114397407,0.00016151100862771273,12845056.0,1605632.0
neu18_pattern_mining,2026-02-08T12:05:21,4,298,60,2,1.0,0.018105370923876762,11.5705504,0.008774088957579806,0.005195029953029007,0.0035790590045507997,0,4,0.00037693901685997844,0.0035790590045507997,0.00014256397844292223,12845056.0,1605632.0
neu18_pattern_mining,2026-02-08T12:05:21,4,299,60,3,1.0,0.002997984178364277,11.5705504,0.007819555030437186,0.004329700022935867,0.003489855007501319,0,4,0.0002887510054279119,0.003489855007501319,0.00014421899686567485,12845056.0,1605632.0
neu18_pattern_mining,2026-02-08T12:05:21,4,300,60,4,0.6666666666666666,0.4322287142276764,0.5519008,0.007928731210995466,0.004682800208684057,0.0032459310023114085,0,4,0.0003103640046902001,0.0032459310023114085,0.0001579160161782056,602112.0,75264.0
neu18_pattern_mining,2026-02-08T12:05:23,0,301,61,0,0.984375,0.024068864062428474,11.5705504,0.02540946615044959,0.01594566012499854,0.00946380602545105,0,4,0.001149618998169899,0.00946380602545105,0.000444947014329955,12845056.0,1605632.0
neu18_pattern_mining,2026-02-08T12:05:23,0,302,61,1,1.0,0.0006129629909992218,11.5705504,0.015335870732087642,0.009050519729498774,0.006285351002588868,0,4,0.0005847539869137108,0.006285351002588868,0.00032029798603616655,12845056.0,1605632.0
neu18_pattern_mining,2026-02-08T12:05:23,0,303,61,2,0.828125,1.6319308280944824,11.5705504,0.01586432004114613,0.0092281200340949,0.0066362000070512295,0,4,0.0006059090082999319,0.0066362000070512295,0.0003169029951095581,12845056.0,1605632.0
neu18_pattern_mining,2026-02-08T12:05:23,0,304,61,3,0.953125,0.2473156899213791,11.5705504,0.01328685408225283,0.007245480082929134,0.006041373999323696,0,4,0.00045755101018585265,0.006041373999323696,0.0002669969981070608,12845056.0,1605632.0
neu18_pattern_mining,2026-02-08T12:05:23,0,305,61,4,1.0,0.06824978440999985,0.7325344,0.014367032155860215,0.007970640144776553,0.0063963920110836625,0,4,0.0005649390222970396,0.0063963920110836625,0.00023212499218061566,802816.0,100352.0
neu18_pattern_mining,2026-02-08T12:05:24,1,301,61,0,1.0,7.950020517455414e-05,11.5705504,0.06498281902167946,0.05021844001021236,0.0147643790114671,0,4,0.004081385995959863,0.0147643790114671,0.0009404580050613731,12845056.0,1605632.0
neu18_pattern_mining,2026-02-08T12:05:24,1,302,61,1,1.0,0.000548128446098417,11.5705504,0.01451363682281226,0.00808544980827719,0.0064281870145350695,0,4,0.0005477239901665598,0.0064281870145350695,0.00026082099066115916,12845056.0,1605632.0
neu18_pattern_mining,2026-02-08T12:05:24,1,303,61,2,0.9375,0.2936456799507141,11.5705504,0.012013146129902452,0.006612100114580244,0.005401046015322208,0,4,0.00043881000601686537,0.005401046015322208,0.000222400005441159,12845056.0,1605632.0
neu18_pattern_mining,2026-02-08T12:05:24,1,304,61,3,0.96875,0.25815218687057495,11.5705504,0.012736605858663097,0.006804539880249649,0.005932065978413448,0,4,0.0004947420093230903,0.005932065978413448,0.00018571197870187461,12845056.0,1605632.0
neu18_pattern_mining,2026-02-08T12:05:24,1,305,61,4,0.6666666666666666,0.7185134291648865,0.5519008,0.011964683100814,0.006825450109317899,0.005139232991496101,0,4,0.00047932201414369047,0.005139232991496101,0.0002032229967880994,602112.0,75264.0
neu18_pattern_mining,2026-02-08T12:05:25,2,301,61,0,0.96875,0.13727198541164398,11.5705504,0.04238912294385955,0.03241166996303946,0.00997745298082009,0,4,0.002758269984042272,0.00997745298082009,0.0004828970122616738,12845056.0,1605632.0
neu18_pattern_mining,2026-02-08T12:05:25,2,302,61,1,1.0,0.006935311481356621,11.5705504,0.0172703251009807,0.009062160097528249,0.00820816500345245,0,4,0.0005728579999413341,0.00820816500345245,0.0003333580098114908,12845056.0,1605632.0
neu18_pattern_mining,2026-02-08T12:05:25,2,303,61,2,0.953125,0.40972059965133667,11.5705504,0.015861723251873627,0.008613320242147893,0.007248403009725735,0,4,0.0005810560251120478,0.007248403009725735,0.0002802759991027415,12845056.0,1605632.0
neu18_pattern_mining,2026-02-08T12:05:25,2,304,61,3,0.796875,0.4860689640045166,11.5705504,0.011895289091626182,0.006307910080067813,0.005587379011558369,0,4,0.00041646798490546644,0.005587379011558369,0.0002143230231013149,12845056.0,1605632.0
neu18_pattern_mining,2026-02-08T12:05:25,2,305,61,4,1.0,0.06922362744808197,0.5519008,0.010616141895297915,0.0057278398890048265,0.004888302006293088,0,4,0.0003714949998538941,0.004888302006293088,0.00020128898904658854,602112.0,75264.0
neu18_pattern_mining,2026-02-08T12:05:26,3,301,61,0,1.0,0.00013813163968734443,11.5705504,0.04663815698586404,0.03247187996748835,0.014166277018375695,0,4,0.0023050259915180504,0.014166277018375695,0.0009421620052307844,12845056.0,1605632.0
neu18_pattern_mining,2026-02-08T12:05:26,3,302,61,1,0.96875,0.30218344926834106,11.5705504,0.019063272775383666,0.010137389763258398,0.008925883012125269,0,4,0.0006443689926527441,0.008925883012125269,0.0003693699836730957,12845056.0,1605632.0
neu18_pattern_mining,2026-02-08T12:05:26,3,303,61,2,0.9375,0.22208136320114136,11.5705504,0.015177935769315809,0.00849502976052463,0.0066829060087911785,0,4,0.0005494349752552807,0.0066829060087911785,0.0003000680007971823,12845056.0,1605632.0
neu18_pattern_mining,2026-02-08T12:05:26,3,304,61,3,1.0,0.003387438366189599,11.5705504,0.011320451070787385,0.0062130100559443235,0.005107441014843062,0,4,0.00042554500396363437,0.005107441014843062,0.00019575600163079798,12845056.0,1605632.0
neu18_pattern_mining,2026-02-08T12:05:26,3,305,61,4,0.3333333333333333,3.7163045406341553,0.5519008,0.009220413339789957,0.005694190331269056,0.003526223008520901,0,4,0.00039269201806746423,0.003526223008520901,0.00017672701505944133,602112.0,75264.0
neu18_pattern_mining,2026-02-08T12:05:27,4,301,61,0,1.0,0.006359779741615057,11.5705504,0.05222615672391839,0.04279940971173346,0.009426747012184933,0,4,0.00372578899259679,0.009426747012184933,0.0005541519785765558,12845056.0,1605632.0
neu18_pattern_mining,2026-02-08T12:05:27,4,302,61,1,0.984375,0.04825802892446518,11.5705504,0.014142177125904709,0.007663530122954398,0.006478647002950311,0,4,0.0004946679982822388,0.006478647002950311,0.000271685014013201,12845056.0,1605632.0
neu18_pattern_mining,2026-02-08T12:05:27,4,303,61,2,0.921875,0.35484713315963745,11.5705504,0.015239616041071713,0.00816468003904447,0.007074936002027243,0,4,0.0005258030141703784,0.007074936002027243,0.0002906649897340685,12845056.0,1605632.0
neu18_pattern_mining,2026-02-08T12:05:27,4,304,61,3,1.0,0.005703725386410952,11.5705504,0.014052872749743983,0.007674349762964994,0.0063785229867789894,0,4,0.0005043149867560714,0.0063785229867789894,0.0002631199895404279,12845056.0,1605632.0
neu18_pattern_mining,2026-02-08T12:05:27,4,305,61,4,0.3333333333333333,1.3494900465011597,0.5519008,0.012773427355568856,0.007240340346470475,0.005533087009098381,0,4,0.0004768360231537372,0.005533087009098381,0.00024719801149331033,602112.0,75264.0
neu18_pattern_mining,2026-02-08T12:05:29,0,306,62,0,1.0,5.285093720885925e-05,11.5705504,0.025402128172572702,0.016635630163364112,0.00876649800920859,0,4,0.0011889490124303848,0.00876649800920859,0.0004746140039060265,12845056.0,1605632.0
neu18_pattern_mining,2026-02-08T12:05:29,0,307,62,1,1.0,0.0006366706220433116,11.5705504,0.018345609947573394,0.010663059947546571,0.007682550000026822,0,4,0.00071083998773247,0.007682550000026822,0.0003554660070221871,12845056.0,1605632.0
neu18_pattern_mining,2026-02-08T12:05:29,0,308,62,2,1.0,0.005752349738031626,11.5705504,0.01645614192239009,0.009366869926452637,0.007089271995937452,0,4,0.0006087049841880798,0.007089271995937452,0.00032798200845718384,12845056.0,1605632.0
neu18_pattern_mining,2026-02-08T12:05:29,0,309,62,3,0.84375,1.0824726819992065,11.5705504,0.015957780822645873,0.009067939827218652,0.006889840995427221,0,4,0.0005880229873582721,0.006889840995427221,0.0003187709953635931,12845056.0,1605632.0
neu18_pattern_mining,2026-02-08T12:05:29,0,310,62,4,0.75,2.076376438140869,0.7325344,0.01515124086290598,0.008433889888692647,0.006717350974213332,0,4,0.0005519280093722045,0.006717350974213332,0.0002914609794970602,802816.0,100352.0
neu18_pattern_mining,2026-02-08T12:05:29,1,306,62,0,1.0,0.005433750804513693,11.5705504,0.03776921608368866,0.0301318900892511,0.0076373259944375604,0,4,0.0025658209924586117,0.0076373259944375604,0.0004473680164664984,12845056.0,1605632.0
neu18_pattern_mining,2026-02-08T12:05:29,1,307,62,1,0.96875,0.09012133628129959,11.5705504,0.01050504099112004,0.005861149984411895,0.004643891006708145,0,4,0.0003806629974860698,0.004643891006708145,0.00020545200095511973,12845056.0,1605632.0
neu18_pattern_mining,2026-02-08T12:05:29,1,308,62,2,0.9375,0.3625653386116028,11.5705504,0.012430065049557015,0.007855510048102587,0.004574555001454428,0,4,0.0005976000102236867,0.004574555001454428,0.00018795099458657205,12845056.0,1605632.0
neu18_pattern_mining,2026-02-08T12:05:29,1,309,62,3,0.9375,0.18484805524349213,11.5705504,0.013618623197544366,0.008861310197971761,0.004757312999572605,0,4,0.0006986280204728246,0.004757312999572605,0.00018750299932435155,12845056.0,1605632.0
neu18_pattern_mining,2026-02-08T12:05:29,1,310,62,4,0.3333333333333333,4.14210319519043,0.5519008,0.011819712206488475,0.006319880194496363,0.005499832011992112,0,4,0.00040374102536588907,0.005499832011992112,0.00022824699408374727,602112.0,75264.0
neu18_pattern_mining,2026-02-08T12:05:30,2,306,62,0,1.0,0.0009761329856701195,11.5705504,0.0544205330661498,0.04318260005675256,0.011237933009397238,0,4,0.0035377920139580965,0.011237933009397238,0.0007804679917171597,12845056.0,1605632.0
neu18_pattern_mining,2026-02-08T12:05:30,2,307,62,1,0.890625,0.7611016035079956,11.5705504,0.018136322818463668,0.009795859805308282,0.008340463013155386,0,4,0.0006446680054068565,0.008340463013155386,0.0003349179751239717,12845056.0,1605632.0
neu18_pattern_mining,2026-02-08T12:05:30,2,308,62,2,0.953125,0.15271930396556854,11.5705504,0.016506112995557487,0.009010799985844642,0.007495313009712845,0,4,0.0005941939889453351,0.007495313009712845,0.00030688600963912904,12845056.0,1605632.0
neu18_pattern_mining,2026-02-08T12:05:30,2,309,62,3,0.90625,0.29024139046669006,11.5705504,0.016236024937825277,0.008679479942657053,0.007556544995168224,0,4,0.0005773830052930862,0.007556544995168224,0.0002905649889726192,12845056.0,1605632.0
neu18_pattern_mining,2026-02-08T12:05:30,2,310,62,4,0.3333333333333333,4.113999843597412,0.5519008,0.016967966279480606,0.00953418028075248,0.007433785998728126,0,4,0.0006257700151763856,0.007433785998728126,0.00032764801289886236,602112.0,75264.0
neu18_pattern_mining,2026-02-08T12:05:31,3,306,62,0,1.0,0.0002634371048770845,11.5705504,0.03373284303233959,0.026343170029576868,0.00738967300276272,0,4,0.002204211981734261,0.00738967300276272,0.00043010502122342587,12845056.0,1605632.0
neu18_pattern_mining,2026-02-08T12:05:31,3,307,62,1,1.0,7.521560473833233e-05,11.5705504,0.014198102784575894,0.008130679780151695,0.0060674230044241995,0,4,0.0005338529881555587,0.0060674230044241995,0.0002792149898596108,12845056.0,1605632.0
neu18_pattern_mining,2026-02-08T12:05:31,3,308,62,2,0.9375,0.3185524642467499,11.5705504,0.011815382196800783,0.006314320198725909,0.005501061998074874,0,4,0.00041106902062892914,0.005501061998074874,0.00022036299924366176,12845056.0,1605632.0
neu18_pattern_mining,2026-02-08T12:05:31,3,309,62,3,0.890625,0.38015952706336975,11.5705504,0.010255172121105716,0.005879400123376399,0.004375771997729316,0,4,0.0004158540104981512,0.004375771997729316,0.00017208600183948874,12845056.0,1605632.0
neu18_pattern_mining,2026-02-08T12:05:31,3,310,62,4,0.3333333333333333,4.380774974822998,0.5519008,0.011442430259194225,0.006889620271977037,0.004552809987217188,0,4,0.0004905920068267733,0.004552809987217188,0.00019837002037093043,602112.0,75264.0
neu18_pattern_mining,2026-02-08T12:05:32,4,306,62,0,1.0,0.0004544633557088673,11.5705504,0.04978538493742235,0.0404974099365063,0.009287975000916049,0,4,0.003541899990523234,0.009287975000916049,0.0005078410031273961,12845056.0,1605632.0
neu18_pattern_mining,2026-02-08T12:05:32,4,307,62,1,1.0,0.0004330713418312371,11.5705504,0.012160123034846038,0.007029270054772496,0.005130852980073541,0,4,0.0004437369934748858,0.005130852980073541,0.0002591900120023638,12845056.0,1605632.0
neu18_pattern_mining,2026-02-08T12:05:32,4,308,62,2,1.0,5.1295410230522975e-05,11.5705504,0.012549649021821097,0.006962920015212148,0.005586729006608948,0,4,0.00047481400542892516,0.005586729006608948,0.00022147799609228969,12845056.0,1605632.0
neu18_pattern_mining,2026-02-08T12:05:32,4,309,62,3,0.984375,0.10791853815317154,11.5705504,0.010350800032028928,0.0059175200294703245,0.004433280002558604,0,4,0.0004114480107091367,0.004433280002558604,0.00018030399223789573,12845056.0,1605632.0
neu18_pattern_mining,2026-02-08T12:05:32,4,310,62,4,1.0,0.15734952688217163,0.5519008,0.009559515252476558,0.005717880267184228,0.0038416349852923304,0,4,0.0003991060075350106,0.0038416349852923304,0.0001726820191834122,602112.0,75264.0
neu18_pattern_mining,2026-02-08T12:05:34,0,311,63,0,1.0,0.000123971767607145,11.5705504,0.044946752168470994,0.033455770171713084,0.01149098199675791,0,4,0.0025093590083997697,0.01149098199675791,0.0008362180087715387,12845056.0,1605632.0
neu18_pattern_mining,2026-02-08T12:05:34,0,312,63,1,0.96875,0.06883842498064041,11.5705504,0.013783129077637568,0.00729374005459249,0.006489389023045078,0,4,0.0004781350144185126,0.006489389023045078,0.00025123899104073644,12845056.0,1605632.0
neu18_pattern_mining,2026-02-08T12:05:34,0,313,63,2,1.0,0.010551883839070797,11.5705504,0.015964413207257167,0.00847967021400109,0.007484742993256077,0,4,0.0005583630118053406,0.007484742993256077,0.0002896040095947683,12845056.0,1605632.0
neu18_pattern_mining,2026-02-08T12:05:34,0,314,63,3,0.984375,0.041872307658195496,11.5705504,0.015123706281883642,0.008231150277424604,0.006892556004459038,0,4,0.0005445880233310163,0.006892556004459038,0.00027852700441144407,12845056.0,1605632.0
neu18_pattern_mining,2026-02-08T12:05:34,0,315,63,4,1.0,0.0938861146569252,0.7325344,0.014287728001363575,0.007876169984228909,0.0064115580171346664,0,4,0.0005387520068325102,0.0064115580171346664,0.00024886499159038067,802816.0,100352.0
neu18_pattern_mining,2026-02-08T12:05:35,1,311,63,0,1.0,3.481218755041482e-06,11.5705504,0.055017685022903606,0.04338739003287628,0.011630294990027323,0,4,0.003783760010264814,0.011630294990027323,0.0005549789930228144,12845056.0,1605632.0
neu18_pattern_mining,2026-02-08T12:05:35,1,312,63,1,1.0,0.00020259935990907252,11.5705504,0.016700035863323137,0.009132899867836386,0.007567135995486751,0,4,0.0006031410011928529,0.007567135995486751,0.00031014898559078574,12845056.0,1605632.0
neu18_pattern_mining,2026-02-08T12:05:35,1,313,63,2,0.96875,0.2245388925075531,11.5705504,0.012537564354715869,0.006650550349149853,0.005887014005566016,0,4,0.00044173700734972954,0.005887014005566016,0.00022331802756525576,12845056.0,1605632.0
neu18_pattern_mining,2026-02-08T12:05:35,1,314,63,3,1.0,0.0010486708488315344,11.5705504,0.0147340189141687,0.007879929908085614,0.006854089006083086,0,4,0.0005133899976499379,0.006854089006083086,0.0002746029931586236,12845056.0,1605632.0
neu18_pattern_mining,2026-02-08T12:05:35,1,315,63,4,0.0,6.264036655426025,0.5519008,0.014656951010692865,0.007940380019135773,0.0067165709915570915,0,4,0.0005228740046732128,0.0067165709915570915,0.00027116399724036455,602112.0,75264.0
neu18_pattern_mining,2026-02-08T12:05:36,2,311,63,0,1.0,0.0001944635296240449,11.5705504,0.04160845195292495,0.033490119967609644,0.008118331985315308,0,4,0.0029383570072241127,0.008118331985315308,0.00041065498953685164,12845056.0,1605632.0
neu18_pattern_mining,2026-02-08T12:05:36,2,312,63,1,0.921875,0.3894996643066406,11.5705504,0.016671782184857875,0.008992240182124078,0.007679542002733797,0,4,0.000587650021770969,0.007679542002733797,0.0003115739964414388,12845056.0,1605632.0
neu18_pattern_mining,2026-02-08T12:05:36,2,313,63,2,0.953125,0.1678503006696701,11.5705504,0.01185590511886403,0.006272240134421736,0.005583664984442294,0,4,0.00041664799209684134,0.005583664984442294,0.00021057602134533226,12845056.0,1605632.0
neu18_pattern_mining,2026-02-08T12:05:36,2,314,63,3,0.953125,0.20753662288188934,11.5705504,0.0139777300064452,0.007660900009796023,0.006316829996649176,0,4,0.0005040940013714135,0.006316829996649176,0.00026199599960818887,12845056.0,1605632.0
neu18_pattern_mining,2026-02-08T12:05:36,2,315,63,4,0.3333333333333333,4.245602130889893,0.5519008,0.013415435038041323,0.00728960003471002,0.006125835003331304,0,4,0.00048334800521843135,0.006125835003331304,0.00024561199825257063,602112.0,75264.0
neu18_pattern_mining,2026-02-08T12:05:37,3,311,63,0,1.0,0.004940209910273552,11.5705504,0.03602124485769309,0.028721859853249043,0.007299385004444048,0,4,0.0024436539970338345,0.007299385004444048,0.00042853198829106987,12845056.0,1605632.0
neu18_pattern_mining,2026-02-08T12:05:37,3,312,63,1,1.0,0.0010496757458895445,11.5705504,0.015592478914186358,0.008531459898222238,0.007061019015964121,0,4,0.0005714049912057817,0.007061019015964121,0.0002817409986164421,12845056.0,1605632.0
neu18_pattern_mining,2026-02-08T12:05:37,3,313,63,2,0.765625,1.4181289672851562,11.5705504,0.015051687805680558,0.008118529804050922,0.006933158001629636,0,4,0.0005356649926397949,0.006933158001629636,0.0002761879877652973,12845056.0,1605632.0
neu18_pattern_mining,2026-02-08T12:05:37,3,314,63,3,0.890625,0.3226054906845093,11.5705504,0.014495082112262025,0.007583890110254288,0.006911192002007738,0,4,0.0004960650112479925,0.006911192002007738,0.00026232399977743626,12845056.0,1605632.0
neu18_pattern_mining,2026-02-08T12:05:37,3,315,63,4,0.3333333333333333,5.845974445343018,0.5519008,0.01452971511753276,0.008149160130415112,0.006380554987117648,0,4,0.0005424219998531044,0.006380554987117648,0.0002724940131884068,602112.0,75264.0
neu18_pattern_mining,2026-02-08T12:05:37,4,311,63,0,1.0,1.6055495507316664e-05,11.5705504,0.03477137995650992,0.027213139983359724,0.007558239973150194,0,4,0.0022861449979245663,0.007558239973150194,0.00043516900041140616,12845056.0,1605632.0
neu18_pattern_mining,2026-02-08T12:05:37,4,312,63,1,0.96875,0.13280420005321503,11.5705504,0.009057747956831008,0.004972339957021177,0.004085407999809831,0,4,0.00032504700357094407,0.004085407999809831,0.0001721869921311736,12845056.0,1605632.0
neu18_pattern_mining,2026-02-08T12:05:37,4,313,63,2,1.0,0.014901142567396164,11.5705504,0.009885348117677495,0.005237880104687065,0.00464746801299043,0,4,0.00034224099363200366,0.00464746801299043,0.00018154701683670282,12845056.0,1605632.0
neu18_pattern_mining,2026-02-08T12:05:37,4,314,63,3,0.921875,0.2617466449737549,11.5705504,0.011825482943095267,0.006572309939656407,0.00525317300343886,0,4,0.00047069299034774303,0.00525317300343886,0.00018653800361789763,12845056.0,1605632.0
neu18_pattern_mining,2026-02-08T12:05:37,4,315,63,4,0.6666666666666666,2.6042439937591553,0.5519008,0.012093088706023991,0.006240479706320912,0.0058526089997030795,0,4,0.00041777698788791895,0.0058526089997030795,0.00020627098274417222,602112.0,75264.0
neu18_pattern_mining,2026-02-08T12:05:39,0,316,64,0,1.0,0.0032442924566566944,11.5705504,0.034657657059142366,0.02188832004321739,0.012769337015924975,0,4,0.001631191000342369,0.012769337015924975,0.00055764100397937,12845056.0,1605632.0
neu18_pattern_mining,2026-02-08T12:05:39,0,317,64,1,0.984375,0.041307877749204636,11.5705504,0.016143025073688477,0.009077730064745992,0.007065295008942485,0,4,0.000605768000241369,0.007065295008942485,0.00030200500623323023,12845056.0,1605632.0
neu18_pattern_mining,2026-02-08T12:05:39,0,318,64,2,0.984375,0.0972508043050766,11.5705504,0.016211969981668517,0.008621879969723523,0.007590090011944994,0,4,0.0005609939980786294,0.007590090011944994,0.0003011939988937229,12845056.0,1605632.0
neu18_pattern_mining,2026-02-08T12:05:39,0,319,64,3,1.0,0.016876891255378723,11.5705504,0.016003171738702804,0.008468289743177593,0.007534881995525211,0,4,0.0005615269765257835,0.007534881995525211,0.00028530199779197574,12845056.0,1605632.0
neu18_pattern_mining,2026-02-08T12:05:39,0,320,64,4,0.5,1.2068785429000854,0.7325344,0.016965977905783802,0.009286479908041656,0.007679497997742146,0,4,0.000630688009550795,0.007679497997742146,0.00029795998125337064,802816.0,100352.0
neu18_pattern_mining,2026-02-08T12:05:40,1,316,64,0,0.984375,0.013734261505305767,11.5705504,0.04478423765976913,0.0361533896648325,0.00863084799493663,0,4,0.003195443976437673,0.00863084799493663,0.0004198949900455773,12845056.0,1605632.0
neu18_pattern_mining,2026-02-08T12:05:40,1,317,64,1,0.921875,0.34355881810188293,11.5705504,0.00982722535263747,0.006085860368330032,0.003741364984307438,0,4,0.0004224410222377628,0.003741364984307438,0.00018614501459524035,12845056.0,1605632.0
neu18_pattern_mining,2026-02-08T12:05:40,1,318,64,2,1.0,0.014400757849216461,11.5705504,0.00796031003119424,0.0043627800187096,0.00359753001248464,0,4,0.00027871300699189305,0.00359753001248464,0.00015756499487906694,12845056.0,1605632.0
neu18_pattern_mining,2026-02-08T12:05:40,1,319,64,3,1.0,0.0261329784989357,11.5705504,0.008280855865450576,0.004355649871286005,0.003925205994164571,0,4,0.0002848059812095016,0.003925205994164571,0.00015075900591909885,12845056.0,1605632.0
neu18_pattern_mining,2026-02-08T12:05:40,1,320,64,4,0.3333333333333333,1.9761205911636353,0.5519008,0.009470120130572468,0.005550160130951554,0.0039199599996209145,0,4,0.0003293429908808321,0.0039199599996209145,0.00022567302221432328,602112.0,75264.0
neu18_pattern_mining,2026-02-08T12:05:41,2,316,64,0,1.0,0.008681127801537514,11.5705504,0.03991391891031526,0.03210155991837382,0.007812358991941437,0,4,0.0027434329967945814,0.007812358991941437,0.0004667229950428009,12845056.0,1605632.0
neu18_pattern_mining,2026-02-08T12:05:41,2,317,64,1,0.9375,0.3463329076766968,11.5705504,0.015187009179499,0.008220290183089674,0.006966718996409327,0,4,0.00052633200539276,0.006966718996409327,0.0002956970129162073,12845056.0,1605632.0
neu18_pattern_mining,2026-02-08T12:05:41,2,318,64,2,1.0,0.03254225105047226,11.5705504,0.015105836908333004,0.008112099894788116,0.006993737013544887,0,4,0.0005299639888107777,0.006993737013544887,0.00028124600066803396,12845056.0,1605632.0
neu18_pattern_mining,2026-02-08T12:05:41,2,319,64,3,0.921875,0.29588350653648376,11.5705504,0.01487053421442397,0.007880930206738412,0.006989604007685557,0,4,0.0005066700105089694,0.006989604007685557,0.0002814230101648718,12845056.0,1605632.0
neu18_pattern_mining,2026-02-08T12:05:41,2,320,64,4,0.3333333333333333,4.8557538986206055,0.5519008,0.01464223614311777,0.00825254013761878,0.00638969600549899,0,4,0.0005263630009721965,0.00638969600549899,0.00029889101278968155,602112.0,75264.0
neu18_pattern_mining,2026-02-08T12:05:42,3,316,64,0,1.0,0.0001668017648626119,11.5705504,0.06166617196868174,0.046492319961544126,0.015173852007137612,0,4,0.0038097540091257542,0.015173852007137612,0.0008394779870286584,12845056.0,1605632.0
neu18_pattern_mining,2026-02-08T12:05:42,3,317,64,1,0.921875,0.5699199438095093,11.5705504,0.017236007639439777,0.008990679634734988,0.008245328004704788,0,4,0.0005841479869559407,0.008245328004704788,0.0003149199765175581,12845056.0,1605632.0
neu18_pattern_mining,2026-02-08T12:05:42,3,318,64,2,1.0,0.00040091821574606,11.5705504,0.016025591728975996,0.008460089738946408,0.007565501990029588,0,4,0.0005584559985436499,0.007565501990029588,0.0002875529753509909,12845056.0,1605632.0
neu18_pattern_mining,2026-02-08T12:05:42,3,319,64,3,0.765625,1.419569730758667,11.5705504,0.015864113142015412,0.00829254015116021,0.007571572990855202,0,4,0.0005413590115495026,0.007571572990855202,0.0002878950035665184,12845056.0,1605632.0
neu18_pattern_mining,2026-02-08T12:05:42,3,320,64,4,0.3333333333333333,2.055236577987671,0.5519008,0.01578538291505538,0.0087811698904261,0.00700421302462928,0,4,0.0005728469986934215,0.00700421302462928,0.00030526999034918845,602112.0,75264.0
neu18_pattern_mining,2026-02-08T12:05:42,4,316,64,0,1.0,1.6715195670258254e-05,11.5705504,0.038299235282465816,0.030736480257473886,0.0075627550249919295,0,4,0.0026478250219952315,0.0075627550249919295,0.0004258230037521571,12845056.0,1605632.0
neu18_pattern_mining,2026-02-08T12:05:43,4,317,64,1,0.984375,0.023604974150657654,11.5705504,0.010246295219985768,0.0054970302153378725,0.004749265004647896,0,4,0.0003558040189091116,0.004749265004647896,0.00019389900262467563,12845056.0,1605632.0
neu18_pattern_mining,2026-02-08T12:05:43,4,318,64,2,0.984375,0.025457922369241714,11.5705504,0.010883997805649415,0.005660659808199853,0.005223337997449562,0,4,0.00037545699160546064,0.005223337997449562,0.00019060898921452463,12845056.0,1605632.0
neu18_pattern_mining,2026-02-08T12:05:43,4,319,64,3,0.796875,0.5660421848297119,11.5705504,0.0122114421101287,0.006520590104628354,0.005690852005500346,0,4,0.0004436229937709868,0.005690852005500346,0.00020843601669184864,12845056.0,1605632.0
neu18_pattern_mining,2026-02-08T12:05:43,4,320,64,4,0.3333333333333333,1.6632245779037476,0.5519008,0.012152454117313027,0.006653380114585161,0.005499074002727866,0,4,0.0004462340148165822,0.005499074002727866,0.00021910399664193392,602112.0,75264.0
neu18_pattern_mining,2026-02-08T12:05:44,0,321,65,0,1.0,3.25204964610748e-05,11.5705504,0.030858051002724096,0.02311274001840502,0.007745310984319076,0,4,0.0019050860137213022,0.007745310984319076,0.00040618798811919987,12845056.0,1605632.0
neu18_pattern_mining,2026-02-08T12:05:44,0,322,65,1,1.0,0.003237431403249502,11.5705504,0.016434752149507403,0.009381750132888556,0.007053002016618848,0,4,0.0006409960042219609,0.007053002016618848,0.00029717900906689465,12845056.0,1605632.0
neu18_pattern_mining,2026-02-08T12:05:44,0,323,65,2,0.953125,0.14666616916656494,11.5705504,0.012517939292592928,0.007224030268844217,0.005293909023748711,0,4,0.0005138360138516873,0.005293909023748711,0.0002085670130327344,12845056.0,1605632.0
neu18_pattern_mining,2026-02-08T12:05:44,0,324,65,3,0.96875,0.08542430400848389,11.5705504,0.014529512875014916,0.007742889865767211,0.006786623009247705,0,4,0.0005098799883853644,0.006786623009247705,0.00026440899819135666,12845056.0,1605632.0
neu18_pattern_mining,2026-02-08T12:05:44,0,325,65,4,0.5,2.014284372329712,0.7325344,0.014297860092483461,0.007985850097611547,0.006312009994871914,0,4,0.0005461930122692138,0.006312009994871914,0.00025239199749194086,802816.0,100352.0
neu18_pattern_mining,2026-02-08T12:05:45,1,321,65,0,1.0,0.000370404013665393,11.5705504,0.04446548534906469,0.03691513033118099,0.007550355017883703,0,4,0.0032283160253427923,0.007550355017883703,0.0004631970077753067,12845056.0,1605632.0
neu18_pattern_mining,2026-02-08T12:05:45,1,322,65,1,0.796875,1.7169110774993896,11.5705504,0.011747707845643163,0.006496569840237498,0.0052511380054056644,0,4,0.00042481700074858963,0.0052511380054056644,0.0002248399832751602,12845056.0,1605632.0
neu18_pattern_mining,2026-02-08T12:05:45,1,323,65,2,0.984375,0.03672981634736061,11.5705504,0.01488501310814172,0.008313170110341161,0.006571842997800559,0,4,0.0005460710090119392,0.006571842997800559,0.000285246002022177,12845056.0,1605632.0
neu18_pattern_mining,2026-02-08T12:05:45,1,324,65,3,0.953125,0.2708461284637451,11.5705504,0.01543481505359523,0.008886620053090155,0.006548195000505075,0,4,0.0005843690014444292,0.006548195000505075,0.00030429300386458635,12845056.0,1605632.0
neu18_pattern_mining,2026-02-08T12:05:45,1,325,65,4,0.6666666666666666,2.953169822692871,0.5519008,0.014321075199404731,0.008335790189448744,0.005985285009955987,0,4,0.0005357680201996118,0.005985285009955987,0.0002978109987452626,602112.0,75264.0
neu18_pattern_mining,2026-02-08T12:05:46,2,321,65,0,1.0,0.007655722089111805,11.5705504,0.035816188814351335,0.028253689815755934,0.007562498998595402,0,4,0.0023961709812283516,0.007562498998595402,0.00042919800034724176,12845056.0,1605632.0
neu18_pattern_mining,2026-02-08T12:05:46,2,322,65,1,0.984375,0.06007871404290199,11.5705504,0.009440387832000852,0.005129409837536514,0.004310977994464338,0,4,0.0003340980038046837,0.004310977994464338,0.0001788429799489677,12845056.0,1605632.0
neu18_pattern_mining,2026-02-08T12:05:46,2,323,65,2,0.96875,0.19966548681259155,11.5705504,0.008800119569059461,0.004729729553218931,0.00407039001584053,0,4,0.0003129849792458117,0.00407039001584053,0.0001599879760760814,12845056.0,1605632.0
neu18_pattern_mining,2026-02-08T12:05:46,2,324,65,3,0.984375,0.02169589139521122,11.5705504,0.009846281755017117,0.005182149761822075,0.004664131993195042,0,4,0.00034092398709617555,0.004664131993195042,0.00017729098908603191,12845056.0,1605632.0
neu18_pattern_mining,2026-02-08T12:05:46,2,325,65,4,0.0,6.582208156585693,0.5519008,0.010402768792118877,0.005864419799763709,0.004538348992355168,0,4,0.0003828799817711115,0.004538348992355168,0.00020356199820525944,602112.0,75264.0
neu18_pattern_mining,2026-02-08T12:05:46,3,321,65,0,1.0,0.0001344280899502337,11.5705504,0.04651231999741867,0.0385912400088273,0.007921079988591373,0,4,0.003430292010307312,0.007921079988591373,0.0004288319905754179,12845056.0,1605632.0
neu18_pattern_mining,2026-02-08T12:05:46,3,322,65,1,0.96875,0.28855207562446594,11.5705504,0.014381052198586985,0.008135170210152864,0.006245881988434121,0,4,0.0005550010246224701,0.006245881988434121,0.0002585159963928163,12845056.0,1605632.0
neu18_pattern_mining,2026-02-08T12:05:47,3,323,65,2,0.984375,0.06422806531190872,11.5705504,0.009910172986565158,0.0054195799748413265,0.004490593011723831,0,4,0.000369282002793625,0.004490593011723831,0.00017267599469050765,12845056.0,1605632.0
neu18_pattern_mining,2026-02-08T12:05:47,3,324,65,3,1.0,0.0007357478025369346,11.5705504,0.008589210134232417,0.004586680151987821,0.004002529982244596,0,4,0.0002944330044556409,0.004002529982244596,0.00016423501074314117,12845056.0,1605632.0
neu18_pattern_mining,2026-02-08T12:05:47,3,325,65,4,0.6666666666666666,1.1204049587249756,0.5519008,0.008973951888037845,0.005107139877509326,0.0038668120105285197,0,4,0.0003348979807924479,0.0038668120105285197,0.00017581600695848465,602112.0,75264.0
neu18_pattern_mining,2026-02-08T12:05:47,4,321,65,0,1.0,0.000165657140314579,11.5705504,0.031786869891220704,0.024135579878930002,0.007651290012290701,0,4,0.0019848189840558916,0.007651290012290701,0.0004287390038371086,12845056.0,1605632.0
neu18_pattern_mining,2026-02-08T12:05:47,4,322,65,1,0.984375,0.02732405811548233,11.5705504,0.010775558097520843,0.005834090115968138,0.004941467981552705,0,4,0.00036884599830955267,0.004941467981552705,0.00021456301328726113,12845056.0,1605632.0
neu18_pattern_mining,2026-02-08T12:05:47,4,323,65,2,1.0,0.02060893177986145,11.5705504,0.009708609082736075,0.005025950085837394,0.004682658996898681,0,4,0.0003252880123909563,0.004682658996898681,0.00017730699619278312,12845056.0,1605632.0
neu18_pattern_mining,2026-02-08T12:05:47,4,324,65,3,0.96875,0.0795234814286232,11.5705504,0.008509921870427206,0.004528499848674983,0.003981422021752223,0,4,0.000299075007205829,0.003981422021752223,0.00015377497766166925,12845056.0,1605632.0
neu18_pattern_mining,2026-02-08T12:05:47,4,325,65,4,0.6666666666666666,1.0463628768920898,0.5519008,0.0076369788439478725,0.004371719842310995,0.0032652590016368777,0,4,0.0002961069985758513,0.0032652590016368777,0.00014106498565524817,602112.0,75264.0
neu18_pattern_mining,2026-02-08T12:05:49,0,326,66,0,1.0,7.438042666763067e-05,11.5705504,0.03449240708141588,0.02624993008794263,0.008242476993473247,0,4,0.0020866139966528863,0.008242476993473247,0.0005383790121413767,12845056.0,1605632.0
neu18_pattern_mining,2026-02-08T12:05:49,0,327,66,1,1.0,0.00042861764086410403,11.5705504,0.01892716603470035,0.011062760022468865,0.007864406012231484,0,4,0.0006961909821256995,0.007864406012231484,0.00041008502012118697,12845056.0,1605632.0
neu18_pattern_mining,2026-02-08T12:05:49,0,328,66,2,0.96875,0.4586177170276642,11.5705504,0.01502073192386888,0.008108179899863899,0.006912552024004981,0,4,0.0005218589794822037,0.006912552024004981,0.00028895901050418615,12845056.0,1605632.0
neu18_pattern_mining,2026-02-08T12:05:49,0,329,66,3,0.9375,0.12052256613969803,11.5705504,0.015001731255324557,0.008090300252661109,0.0069114310026634485,0,4,0.0005376760091166943,0.0069114310026634485,0.00027135401614941657,12845056.0,1605632.0
neu18_pattern_mining,2026-02-08T12:05:49,0,330,66,4,0.75,1.6849682331085205,0.7325344,0.016981761989882216,0.009606120001990348,0.007375641987891868,0,4,0.0006486260099336505,0.007375641987891868,0.0003119859902653843,802816.0,100352.0
neu18_pattern_mining,2026-02-08T12:05:50,1,326,66,0,0.984375,0.014724062755703926,11.5705504,0.05367823597043753,0.03981401998316869,0.013864215987268835,0,4,0.003150923002976924,0.013864215987268835,0.000830478995339945,12845056.0,1605632.0
neu18_pattern_mining,2026-02-08T12:05:50,1,327,66,1,0.828125,1.647085189819336,11.5705504,0.02038808003999293,0.010954320023301989,0.00943376001669094,0,4,0.0007259789854288101,0.00943376001669094,0.00036945301690138876,12845056.0,1605632.0
neu18_pattern_mining,2026-02-08T12:05:50,1,328,66,2,1.0,0.00348694808781147,11.5705504,0.015609794238116592,0.007987530261743814,0.007622263976372778,0,4,0.0005360390059649944,0.007622263976372778,0.00026271402020938694,12845056.0,1605632.0
neu18_pattern_mining,2026-02-08T12:05:50,1,329,66,3,0.96875,0.07912702858448029,11.5705504,0.016244302038103342,0.009706410055514425,0.006537891982588917,0,4,0.0006541479961015284,0.006537891982588917,0.0003164930094499141,12845056.0,1605632.0
neu18_pattern_mining,2026-02-08T12:05:50,1,330,66,4,1.0,0.04444953426718712,0.5519008,0.011587990855332464,0.0062737398548051715,0.0053142510005272925,0,4,0.0004107919812668115,0.0053142510005272925,0.00021658200421370566,602112.0,75264.0
neu18_pattern_mining,2026-02-08T12:05:51,2,326,66,0,1.0,0.0069374339655041695,11.5705504,0.040496797853847966,0.032631589856464416,0.00786520799738355,0,4,0.0028004900086671114,0.00786520799738355,0.0004626689769793302,12845056.0,1605632.0
neu18_pattern_mining,2026-02-08T12:05:51,2,327,66,1,0.828125,1.5288164615631104,11.5705504,0.02594429178861901,0.017845099791884422,0.00809919199673459,0,4,0.0013949109998065978,0.00809919199673459,0.0003895989793818444,12845056.0,1605632.0
neu18_pattern_mining,2026-02-08T12:05:51,2,328,66,2,0.921875,0.3431396782398224,11.5705504,0.014861951203783974,0.008220650197472423,0.006641301006311551,0,4,0.0005423140246421099,0.006641301006311551,0.00027975099510513246,12845056.0,1605632.0
neu18_pattern_mining,2026-02-08T12:05:51,2,329,66,3,0.703125,1.1009066104888916,11.5705504,0.015093703113961965,0.008520570117980242,0.006573132995981723,0,4,0.0005595960246864706,0.006573132995981723,0.00029246098711155355,12845056.0,1605632.0
neu18_pattern_mining,2026-02-08T12:05:51,2,330,66,4,0.6666666666666666,0.6026831865310669,0.5519008,0.014196641073795035,0.0081863600644283,0.006010281009366736,0,4,0.000542994006536901,0.006010281009366736,0.00027564199990592897,602112.0,75264.0
neu18_pattern_mining,2026-02-08T12:05:52,3,326,66,0,1.0,1.373071427224204e-05,11.5705504,0.04099227403639816,0.03318542003398761,0.007806854002410546,0,4,0.002874294004868716,0.007806854002410546,0.00044424799853004515,12845056.0,1605632.0
neu18_pattern_mining,2026-02-08T12:05:52,3,327,66,1,1.0,3.0234426958486438e-05,11.5705504,0.008973845920991153,0.005227249930612743,0.0037465959903784096,0,4,0.0003457200073171407,0.0037465959903784096,0.0001770049857441336,12845056.0,1605632.0
neu18_pattern_mining,2026-02-08T12:05:52,3,328,66,2,1.0,0.002432093257084489,11.5705504,0.009207510098349303,0.0056898201000876725,0.0035176899982616305,0,4,0.0004291849909350276,0.0035176899982616305,0.00013979701907373965,12845056.0,1605632.0
neu18_pattern_mining,2026-02-08T12:05:52,3,329,66,3,1.0,0.0024149324744939804,11.5705504,0.008436692762188613,0.0046652197488583624,0.003771473013330251,0,4,0.0003219219797756523,0.003771473013330251,0.00014459999511018395,12845056.0,1605632.0
neu18_pattern_mining,2026-02-08T12:05:52,3,330,66,4,0.6666666666666666,4.734215259552002,0.5519008,0.01001300587086007,0.006302869878709316,0.0037101359921507537,0,4,0.000462356983916834,0.0037101359921507537,0.00016793000395409763,602112.0,75264.0
neu18_pattern_mining,2026-02-08T12:05:52,4,326,66,0,1.0,7.639376417500898e-05,11.5705504,0.05353873973945156,0.03768999973544851,0.015848740004003048,0,4,0.0028379159921314567,0.015848740004003048,0.0009310839814133942,12845056.0,1605632.0
neu18_pattern_mining,2026-02-08T12:05:52,4,327,66,1,1.0,2.606999441923108e-05,11.5705504,0.02252546898671426,0.01276474999031052,0.009760718996403739,0,4,0.0008675990102346987,0.009760718996403739,0.00040887598879635334,12845056.0,1605632.0
neu18_pattern_mining,2026-02-08T12:05:52,4,328,66,2,1.0,1.177861759060761e-05,11.5705504,0.018925587879493833,0.010393619886599481,0.008531967992894351,0,4,0.0006873919919598848,0.008531967992894351,0.00035196999670006335,12845056.0,1605632.0
neu18_pattern_mining,2026-02-08T12:05:52,4,329,66,3,0.953125,0.3802064061164856,11.5705504,0.016069405828602612,0.00848267984110862,0.007586725987493992,0,4,0.000552632991457358,0.007586725987493992,0.000295634992653504,12845056.0,1605632.0
neu18_pattern_mining,2026-02-08T12:05:52,4,330,66,4,1.0,0.27766576409339905,0.5519008,0.01157555085956119,0.006471939850598574,0.005103611008962616,0,4,0.00043147997348569334,0.005103611008962616,0.00021571401157416403,602112.0,75264.0
neu18_pattern_mining,2026-02-08T12:05:54,0,331,67,0,0.984375,0.01768076792359352,11.5705504,0.036043989879544824,0.026197579863946885,0.00984641001559794,0,4,0.0021082559833303094,0.00984641001559794,0.0005115020030643791,12845056.0,1605632.0
neu18_pattern_mining,2026-02-08T12:05:54,0,332,67,1,0.859375,0.7595798969268799,11.5705504,0.015879910992225632,0.008864970004651695,0.007014940987573937,0,4,0.0005740220076404512,0.007014940987573937,0.00031247499282471836,12845056.0,1605632.0
neu18_pattern_mining,2026-02-08T12:05:54,0,333,67,2,1.0,0.028146987780928612,11.5705504,0.015923366096103564,0.008347390103153884,0.0075759759929496795,0,4,0.0005409430013969541,0.0075759759929496795,0.0002937960089184344,12845056.0,1605632.0
neu18_pattern_mining,2026-02-08T12:05:54,0,334,67,3,1.0,0.0029170566704124212,11.5705504,0.014899612899171188,0.007901639910414815,0.0069979729887563735,0,4,0.0005277390009723604,0.0069979729887563735,0.0002624249900691211,12845056.0,1605632.0
neu18_pattern_mining,2026-02-08T12:05:54,0,335,67,4,0.75,0.7955766320228577,0.7325344,0.014808743115281686,0.008475370123051107,0.006333372992230579,0,4,0.0005831400048919022,0.006333372992230579,0.0002643970074132085,802816.0,100352.0
neu18_pattern_mining,2026-02-08T12:05:55,1,331,67,0,1.0,0.0014380099019035697,11.5705504,0.05373042597784661,0.04238185996655375,0.01134856601129286,0,4,0.003628370992373675,0.01134856601129286,0.0006098150042816997,12845056.0,1605632.0
neu18_pattern_mining,2026-02-08T12:05:55,1,332,67,1,0.796875,1.1394364833831787,11.5705504,0.022074103879276663,0.01245836989255622,0.009615733986720443,0,4,0.0008501939882989973,0.009615733986720443,0.00039564300095662475,12845056.0,1605632.0
neu18_pattern_mining,2026-02-08T12:05:55,1,333,67,2,0.96875,0.0635640025138855,11.5705504,0.01121026391047053,0.006431569927372038,0.004778693983098492,0,4,0.00041452699224464595,0.004778693983098492,0.00022863000049255788,12845056.0,1605632.0
neu18_pattern_mining,2026-02-08T12:05:55,1,334,67,3,0.703125,1.0985047817230225,11.5705504,0.011972817970672622,0.006736369978170842,0.00523644799250178,0,4,0.00045500299893319607,0.00523644799250178,0.00021863399888388813,12845056.0,1605632.0
neu18_pattern_mining,2026-02-08T12:05:55,1,335,67,4,0.3333333333333333,3.4591033458709717,0.5519008,0.013264741952298209,0.007503569941036403,0.005761172011261806,0,4,0.0004986699786968529,0.005761172011261806,0.0002516870154067874,602112.0,75264.0
neu18_pattern_mining,2026-02-08T12:05:56,2,331,67,0,1.0,0.00010079501225845888,11.5705504,0.041317519411677495,0.032076080387923867,0.009241439023753628,0,4,0.0026842070219572634,0.009241439023753628,0.0005234010168351233,12845056.0,1605632.0
neu18_pattern_mining,2026-02-08T12:05:56,2,332,67,1,1.0,0.009535851888358593,11.5705504,0.018828581232810393,0.009359530231449753,0.00946905100136064,0,4,0.0005729780241381377,0.00946905100136064,0.0003629749990068376,12845056.0,1605632.0
neu18_pattern_mining,2026-02-08T12:05:56,2,333,67,2,0.90625,1.035278081893921,11.5705504,0.01980852906126529,0.010357020073570311,0.009451508987694979,0,4,0.0006777830130886286,0.009451508987694979,0.00035791899426840246,12845056.0,1605632.0
neu18_pattern_mining,2026-02-08T12:05:56,2,334,67,3,0.953125,0.16845440864562988,11.5705504,0.020012070279335603,0.010630590259097517,0.009381480020238087,0,4,0.0006920029991306365,0.009381480020238087,0.0003710560267791152,12845056.0,1605632.0
neu18_pattern_mining,2026-02-08T12:05:56,2,335,67,4,1.0,0.07361055165529251,0.5519008,0.019857369945384562,0.01117748994147405,0.008679880003910512,0,4,0.0007248529873322695,0.008679880003910512,0.0003928960068151355,602112.0,75264.0
neu18_pattern_mining,2026-02-08T12:05:56,3,331,67,0,1.0,2.778145790216513e-05,11.5705504,0.06055554287740961,0.04564245988149196,0.014913082995917648,0,4,0.0035767410008702427,0.014913082995917648,0.0009875049872789532,12845056.0,1605632.0
neu18_pattern_mining,2026-02-08T12:05:56,3,332,67,1,1.0,0.00018355369684286416,11.5705504,0.019994558912003413,0.010508339910302311,0.009486219001701102,0,4,0.0006818900001235306,0.009486219001701102,0.0003689439909067005,12845056.0,1605632.0
neu18_pattern_mining,2026-02-08T12:05:57,3,333,67,2,0.921875,0.6566054821014404,11.5705504,0.019761964009376243,0.010264680022373796,0.009497283987002447,0,4,0.0006749629974365234,0.009497283987002447,0.0003515050048008561,12845056.0,1605632.0
neu18_pattern_mining,2026-02-08T12:05:57,3,334,67,3,0.984375,0.21745195984840393,11.5705504,0.017685577971860766,0.009339179960079491,0.008346398011781275,0,4,0.0006174930022098124,0.008346398011781275,0.0003164249937981367,12845056.0,1605632.0
neu18_pattern_mining,2026-02-08T12:05:57,3,335,67,4,0.3333333333333333,1.586896300315857,0.5519008,0.017998627794440836,0.009799279796425253,0.008199347998015583,0,4,0.000655650976113975,0.008199347998015583,0.00032427700352855027,602112.0,75264.0
neu18_pattern_mining,2026-02-08T12:05:57,4,331,67,0,1.0,6.914366531418636e-05,11.5705504,0.06405526516027749,0.04742940014693886,0.016625865013338625,0,4,0.003822027996648103,0.016625865013338625,0.000920912018045783,12845056.0,1605632.0
neu18_pattern_mining,2026-02-08T12:05:57,4,332,67,1,0.9375,0.7217140197753906,11.5705504,0.021866432012757286,0.012030910002067685,0.009835522010689601,0,4,0.0008041099936235696,0.009835522010689601,0.0003989810065831989,12845056.0,1605632.0
neu18_pattern_mining,2026-02-08T12:05:57,4,333,67,2,0.9375,0.3077825605869293,11.5705504,0.018008360028034076,0.009504710033070296,0.00850364999496378,0,4,0.000613502983469516,0.00850364999496378,0.00033696801983751357,12845056.0,1605632.0
neu18_pattern_mining,2026-02-08T12:05:57,4,334,67,3,0.921875,0.1499965488910675,11.5705504,0.020092536142328754,0.010688450129237026,0.009404086013091728,0,4,0.0006930690142326057,0.009404086013091728,0.0003757759986910969,12845056.0,1605632.0
neu18_pattern_mining,2026-02-08T12:05:57,4,335,67,4,0.6666666666666666,1.0184388160705566,0.5519008,0.019231996819144115,0.010935159807559103,0.008296837011585012,0,4,0.000743048993172124,0.008296837011585012,0.00035046698758378625,602112.0,75264.0
neu18_pattern_mining,2026-02-08T12:05:59,0,336,68,0,0.984375,0.016245132312178612,11.5705504,0.02997476511518471,0.022003090125508606,0.007971674989676103,0,4,0.0017413599998690188,0.007971674989676103,0.00045894901268184185,12845056.0,1605632.0
neu18_pattern_mining,2026-02-08T12:05:59,0,337,68,1,0.921875,0.38592755794525146,11.5705504,0.012351103127002716,0.006318190135061741,0.006032912991940975,0,4,0.00039271399145945907,0.006032912991940975,0.00023910502204671502,12845056.0,1605632.0
neu18_pattern_mining,2026-02-08T12:05:59,0,338,68,2,1.0,0.0019189766608178616,11.5705504,0.013132298889104277,0.006839869893155992,0.006292428995948285,0,4,0.0004415219882503152,0.006292428995948285,0.00024246500106528401,12845056.0,1605632.0
neu18_pattern_mining,2026-02-08T12:05:59,0,339,68,3,1.0,0.0076803117990493774,11.5705504,0.01340260001597926,0.007032970024738461,0.006369629991240799,0,4,0.00046021799789741635,0.006369629991240799,0.00024307900457642972,12845056.0,1605632.0
neu18_pattern_mining,2026-02-08T12:05:59,0,340,68,4,0.25,2.102782964706421,0.7325344,0.014340438094222918,0.00789156008977443,0.006448878004448488,0,4,0.0005422660033218563,0.006448878004448488,0.0002468900056555867,802816.0,100352.0
neu18_pattern_mining,2026-02-08T12:06:00,1,336,68,0,1.0,8.105544839054346e-05,11.5705504,0.07172425609314814,0.05375417007599026,0.017970086017157882,0,4,0.004592198005411774,0.017970086017157882,0.000783219002187252,12845056.0,1605632.0
neu18_pattern_mining,2026-02-08T12:06:00,1,337,68,1,0.96875,0.11476539820432663,11.5705504,0.02030169518548064,0.010967760172206908,0.009333935013273731,0,4,0.0007228860049508512,0.009333935013273731,0.00037389001226983964,12845056.0,1605632.0
neu18_pattern_mining,2026-02-08T12:06:00,1,338,68,2,0.984375,0.04590800404548645,11.5705504,0.016147631366038695,0.008618200372438878,0.007529430993599817,0,4,0.0005601190205197781,0.007529430993599817,0.00030170101672410965,12845056.0,1605632.0
neu18_pattern_mining,2026-02-08T12:06:00,1,339,68,3,0.984375,0.029507100582122803,11.5705504,0.01587637810735032,0.008260300091933459,0.007616078015416861,0,4,0.0005433810001704842,0.007616078015416861,0.0002826490090228617,12845056.0,1605632.0
neu18_pattern_mining,2026-02-08T12:06:00,1,340,68,4,1.0,0.021790632978081703,0.5519008,0.013909913075622171,0.007358090078923851,0.00655182299669832,0,4,0.0004766469937749207,0.00655182299669832,0.0002591620141174644,602112.0,75264.0
neu18_pattern_mining,2026-02-08T12:06:01,2,336,68,0,0.984375,0.044986575841903687,11.5705504,0.06461626032250933,0.04596607031999156,0.018650190002517775,0,4,0.0037783010047860444,0.018650190002517775,0.0008183060272131115,12845056.0,1605632.0
neu18_pattern_mining,2026-02-08T12:06:01,2,337,68,1,0.96875,0.11401911824941635,11.5705504,0.02180519135436043,0.012231050350237638,0.009574141004122794,0,4,0.0008099650149233639,0.009574141004122794,0.00041314002010039985,12845056.0,1605632.0
neu18_pattern_mining,2026-02-08T12:06:01,2,338,68,2,0.890625,0.6779311299324036,11.5705504,0.020812363014556468,0.01127688999986276,0.009535473014693707,0,4,0.0007639779942110181,0.009535473014693707,0.00036371100577525795,12845056.0,1605632.0
neu18_pattern_mining,2026-02-08T12:06:01,2,339,68,3,0.96875,0.12973791360855103,11.5705504,0.0188529341830872,0.010413190175313503,0.008439744007773697,0,4,0.0006977659941185266,0.008439744007773697,0.0003435530234128237,12845056.0,1605632.0
neu18_pattern_mining,2026-02-08T12:06:01,2,340,68,4,0.3333333333333333,3.671539068222046,0.5519008,0.016186784952878952,0.008783749944996089,0.007403035007882863,0,4,0.0005720490007661283,0.007403035007882863,0.00030632599373348057,602112.0,75264.0
neu18_pattern_mining,2026-02-08T12:06:01,3,336,68,0,1.0,4.472774526220746e-05,11.5705504,0.037438328174175695,0.029698760190512985,0.00773956798366271,0,4,0.002544521994423121,0.00773956798366271,0.0004253540246281773,12845056.0,1605632.0
neu18_pattern_mining,2026-02-08T12:06:01,3,337,68,1,0.9375,0.4148421585559845,11.5705504,0.018009231047471985,0.00944041006732732,0.008568820980144665,0,4,0.0005919710092712194,0.008568820980144665,0.0003520699974615127,12845056.0,1605632.0
neu18_pattern_mining,2026-02-08T12:06:01,3,338,68,2,0.921875,0.6972828507423401,11.5705504,0.017970457090996206,0.009471540106460452,0.008498916984535754,0,4,0.0006264410039875656,0.008498916984535754,0.00032071300665847957,12845056.0,1605632.0
neu18_pattern_mining,2026-02-08T12:06:02,3,339,68,3,0.90625,0.40886572003364563,11.5705504,0.01587911180104129,0.008787739789113402,0.007091372011927888,0,4,0.0005931659834459424,0.007091372011927888,0.00028560799546539783,12845056.0,1605632.0
neu18_pattern_mining,2026-02-08T12:06:02,3,340,68,4,0.0,2.771043539047241,0.5519008,0.01509073405759409,0.009013990056701005,0.006076744000893086,0,4,0.0006066659989301115,0.006076744000893086,0.0002947330067399889,602112.0,75264.0
neu18_pattern_mining,2026-02-08T12:06:02,4,336,68,0,1.0,0.0003102138580288738,11.5705504,0.04015004221582785,0.03245123021770269,0.007698811998125166,0,4,0.0028534900047816336,0.007698811998125166,0.00039163301698863506,12845056.0,1605632.0
neu18_pattern_mining,2026-02-08T12:06:02,4,337,68,1,1.0,0.0037243010010570288,11.5705504,0.012806765880668536,0.007346099882852286,0.00546066599781625,0,4,0.0004963429819326848,0.00546066599781625,0.00023826700635254383,12845056.0,1605632.0
neu18_pattern_mining,2026-02-08T12:06:02,4,338,68,2,0.9375,0.13842155039310455,11.5705504,0.013539111881982535,0.007038319890853018,0.0065007919911295176,0,4,0.00045672099804505706,0.0065007919911295176,0.0002471109910402447,12845056.0,1605632.0
neu18_pattern_mining,2026-02-08T12:06:02,4,339,68,3,0.9375,0.12905815243721008,11.5705504,0.013559167069615796,0.007121530070435256,0.0064376369991805404,0,4,0.0004669699992518872,0.0064376369991805404,0.0002451830077916384,12845056.0,1605632.0
neu18_pattern_mining,2026-02-08T12:06:02,4,340,68,4,1.0,0.00935786310583353,0.5519008,0.013606513908598572,0.0076449799234978855,0.0059615339851006866,0,4,0.0005160020082257688,0.0059615339851006866,0.00024849598412401974,602112.0,75264.0
neu18_pattern_mining,2026-02-08T12:06:04,0,341,69,0,1.0,0.0005947257741354406,11.5705504,0.03267535590566695,0.02476511988788843,0.007910236017778516,0,4,0.0020464629924390465,0.007910236017778516,0.00043004899634979665,12845056.0,1605632.0
neu18_pattern_mining,2026-02-08T12:06:04,0,342,69,1,0.953125,0.2710762023925781,11.5705504,0.018307025253307074,0.00995599024463445,0.008351035008672625,0,4,0.0006516790017485619,0.008351035008672625,0.0003439200227148831,12845056.0,1605632.0
neu18_pattern_mining,2026-02-08T12:06:04,0,343,69,2,0.96875,0.12928254902362823,11.5705504,0.016023807926103473,0.008437609940301627,0.007586197985801846,0,4,0.0005507449968717992,0.007586197985801846,0.00029301599715836346,12845056.0,1605632.0
neu18_pattern_mining,2026-02-08T12:06:04,0,344,69,3,1.0,0.04507383704185486,11.5705504,0.01610303670167923,0.008477049705106765,0.007625986996572465,0,4,0.0005597279814537615,0.007625986996572465,0.00028797698905691504,12845056.0,1605632.0
neu18_pattern_mining,2026-02-08T12:06:04,0,345,69,4,0.75,1.6646184921264648,0.7325344,0.019348033965798095,0.009842739964369684,0.00950529400142841,0,4,0.0006581360066775233,0.00950529400142841,0.0003261379897594452,802816.0,100352.0
neu18_pattern_mining,2026-02-08T12:06:05,1,341,69,0,1.0,0.00509507954120636,11.5705504,0.056640517635969445,0.04482021962758154,0.011820298008387908,0,4,0.0037922939809504896,0.011820298008387908,0.000689727981807664,12845056.0,1605632.0
neu18_pattern_mining,2026-02-08T12:06:05,1,342,69,1,0.953125,0.3068661689758301,11.5705504,0.01808825708576478,0.008930150070227683,0.009158107015537098,0,4,0.0004955210024490952,0.009158107015537098,0.000397494004573673,12845056.0,1605632.0
neu18_pattern_mining,2026-02-08T12:06:05,1,343,69,2,0.921875,0.21994110941886902,11.5705504,0.00889877203735523,0.005240360042080283,0.003658411995274946,0,4,0.00035406899405643344,0.003658411995274946,0.00016996701015159488,12845056.0,1605632.0
neu18_pattern_mining,2026-02-08T12:06:05,1,344,69,3,0.984375,0.04852984473109245,11.5705504,0.009655175032094121,0.00570720003452152,0.003947974997572601,0,4,0.0003827089967671782,0.003947974997572601,0.00018801100668497384,12845056.0,1605632.0
neu18_pattern_mining,2026-02-08T12:06:05,1,345,69,4,0.6666666666666666,1.2226670980453491,0.5519008,0.010900213877903298,0.0067857198882848024,0.004114493989618495,0,4,0.0004621350090019405,0.004114493989618495,0.00021643697982653975,602112.0,75264.0
neu18_pattern_mining,2026-02-08T12:06:06,2,341,69,0,1.0,3.916891728295013e-05,11.5705504,0.04145021687145345,0.032476809865329415,0.008973407006124035,0,4,0.002798657980747521,0.008973407006124035,0.00044902300578542054,12845056.0,1605632.0
neu18_pattern_mining,2026-02-08T12:06:06,2,342,69,1,1.0,0.00509770167991519,11.5705504,0.015715607965830714,0.008173389942385256,0.007542218023445457,0,4,0.0005229199887253344,0.007542218023445457,0.0002944190055131912,12845056.0,1605632.0
neu18_pattern_mining,2026-02-08T12:06:06,2,343,69,2,0.96875,0.2096131443977356,11.5705504,0.016059931891504675,0.008483119891025126,0.007576812000479549,0,4,0.0005568930064328015,0.007576812000479549,0.0002914189826697111,12845056.0,1605632.0
neu18_pattern_mining,2026-02-08T12:06:06,2,344,69,3,0.734375,1.2693829536437988,11.5705504,0.015890227863565087,0.008399729849770665,0.007490498013794422,0,4,0.0005527899775188416,0.007490498013794422,0.0002871830074582249,12845056.0,1605632.0
neu18_pattern_mining,2026-02-08T12:06:06,2,345,69,4,1.0,0.22740232944488525,0.5519008,0.03836572516593151,0.03139077016385272,0.0069749550020787865,0,4,0.0005646900099236518,0.0069749550020787865,0.0025743870064616203,602112.0,75264.0
neu18_pattern_mining,2026-02-08T12:06:06,3,341,69,0,1.0,0.0002326595422346145,11.5705504,0.03530348575441167,0.02756541973212734,0.007738066022284329,0,4,0.0023157779942266643,0.007738066022284329,0.00044076397898606956,12845056.0,1605632.0
neu18_pattern_mining,2026-02-08T12:06:06,3,342,69,1,0.859375,0.886821985244751,11.5705504,0.014260860916692764,0.007729819917585701,0.006531040999107063,0,4,0.0005064790020696819,0.006531040999107063,0.0002665029896888882,12845056.0,1605632.0
neu18_pattern_mining,2026-02-08T12:06:06,3,343,69,2,1.0,0.0016674413345754147,11.5705504,0.014972297911299393,0.007968799909576774,0.007003498001722619,0,4,0.0005152109952177852,0.007003498001722619,0.0002816689957398921,12845056.0,1605632.0
neu18_pattern_mining,2026-02-08T12:06:06,3,344,69,3,0.984375,0.025273846462368965,11.5705504,0.014855426998110488,0.007850399997550994,0.007005027000559494,0,4,0.000519044988323003,0.007005027000559494,0.00026599501143209636,12845056.0,1605632.0
neu18_pattern_mining,2026-02-08T12:06:06,3,345,69,4,1.0,0.012629799544811249,0.5519008,0.01450191086041741,0.008112909854389727,0.006389001006027684,0,4,0.0005407209973782301,0.006389001006027684,0.0002705699880607426,602112.0,75264.0
neu18_pattern_mining,2026-02-08T12:06:07,4,341,69,0,1.0,0.0003555028815753758,11.5705504,0.05022129401913844,0.03843721002340317,0.011784083995735273,0,4,0.0031784219900146127,0.011784083995735273,0.0006652990123257041,12845056.0,1605632.0
neu18_pattern_mining,2026-02-08T12:06:07,4,342,69,1,1.0,0.0014893803745508194,11.5705504,0.020322673837654293,0.01088447985239327,0.009438193985261023,0,4,0.000714947993401438,0.009438193985261023,0.00037349999183788896,12845056.0,1605632.0
neu18_pattern_mining,2026-02-08T12:06:07,4,343,69,2,0.96875,0.11800731718540192,11.5705504,0.019519291090546176,0.010179530072491616,0.00933976101805456,0,4,0.0006948150112293661,0.00933976101805456,0.00032313799601979554,12845056.0,1605632.0
neu18_pattern_mining,2026-02-08T12:06:07,4,344,69,3,0.765625,0.8528573513031006,11.5705504,0.01772220793645829,0.009329619933851063,0.008392588002607226,0,4,0.0006156149902381003,0.008392588002607226,0.00031734700314700603,12845056.0,1605632.0
neu18_pattern_mining,2026-02-08T12:06:07,4,345,69,4,0.6666666666666666,0.6184377074241638,0.5519008,0.01762738180696033,0.009865519823506474,0.007761861983453855,0,4,0.0006393599906004965,0.007761861983453855,0.0003471919917501509,602112.0,75264.0
neu18_pattern_mining,2026-02-08T12:06:09,0,346,70,0,1.0,0.00024661587667651474,11.5705504,0.03103943122550845,0.02312798023922369,0.007911450986284763,0,4,0.0018654940067790449,0.007911450986284763,0.000447304017143324,12845056.0,1605632.0
neu18_pattern_mining,2026-02-08T12:06:09,0,347,70,1,0.96875,0.0562322735786438,11.5705504,0.0138851112278644,0.00749815022572875,0.006386961002135649,0,4,0.0004989920125808567,0.006386961002135649,0.00025082300999201834,12845056.0,1605632.0
neu18_pattern_mining,2026-02-08T12:06:09,0,348,70,2,0.921875,0.25726282596588135,11.5705504,0.01468496979214251,0.007783869805280119,0.006901099986862391,0,4,0.000516315980348736,0.006901099986862391,0.00026207100017927587,12845056.0,1605632.0
neu18_pattern_mining,2026-02-08T12:06:09,0,349,70,3,0.984375,0.030024908483028412,11.5705504,0.014749978989129886,0.007890429988037795,0.006859549001092091,0,4,0.0005098649999126792,0.006859549001092091,0.0002791779988911003,12845056.0,1605632.0
neu18_pattern_mining,2026-02-08T12:06:09,0,350,70,4,0.75,0.853838324546814,0.7325344,0.014656993123935536,0.008312780119013041,0.006344213004922494,0,4,0.0005655059940181673,0.006344213004922494,0.00026577201788313687,802816.0,100352.0
neu18_pattern_mining,2026-02-08T12:06:10,1,346,70,0,0.984375,0.02711566351354122,11.5705504,0.03430630580987781,0.025512419815640897,0.008793885994236916,0,4,0.002135587972588837,0.008793885994236916,0.0004156540089752525,12845056.0,1605632.0
neu18_pattern_mining,2026-02-08T12:06:10,1,347,70,1,0.953125,0.27847936749458313,11.5705504,0.01817161063081585,0.010261379648000002,0.007910230982815847,0,4,0.0006941789761185646,0.007910230982815847,0.0003319589886814356,12845056.0,1605632.0
neu18_pattern_mining,2026-02-08T12:06:10,1,348,70,2,0.984375,0.02446393296122551,11.5705504,0.01615428604418412,0.008582540031056851,0.007571746013127267,0,4,0.000569078023545444,0.007571746013127267,0.0002891759795602411,12845056.0,1605632.0
neu18_pattern_mining,2026-02-08T12:06:10,1,349,70,3,0.859375,0.5086749792098999,11.5705504,0.013435410219244659,0.007324830221477896,0.006110579997766763,0,4,0.0004966010164935142,0.006110579997766763,0.00023588200565427542,12845056.0,1605632.0
neu18_pattern_mining,2026-02-08T12:06:10,1,350,70,4,0.6666666666666666,2.699247360229492,0.5519008,0.011370942054782063,0.006140180048532784,0.005230762006249279,0,4,0.0004069980059284717,0.005230762006249279,0.00020701999892480671,602112.0,75264.0
neu18_pattern_mining,2026-02-08T12:06:10,2,346,70,0,1.0,0.004332161974161863,11.5705504,0.053743934084195644,0.04052350006531924,0.013220434018876404,0,4,0.0034744589938782156,0.013220434018876404,0.0005778910126537085,12845056.0,1605632.0
neu18_pattern_mining,2026-02-08T12:06:10,2,347,70,1,0.90625,0.610752522945404,11.5705504,0.014525428035994992,0.008028080046642572,0.00649734798935242,0,4,0.0005416659987531602,0.00649734798935242,0.00026114200591109693,12845056.0,1605632.0
neu18_pattern_mining,2026-02-08T12:06:11,2,348,70,2,0.9375,0.8124547004699707,11.5705504,0.011134273110656068,0.005976110114715993,0.005158162995940074,0,4,0.0003949470119550824,0.005158162995940074,0.00020266399951651692,12845056.0,1605632.0
neu18_pattern_mining,2026-02-08T12:06:11,2,349,70,3,0.859375,0.7262994647026062,11.5705504,0.009564120264258236,0.005177960265427828,0.004386159998830408,0,4,0.0003516300057526678,0.004386159998830408,0.000166166020790115,12845056.0,1605632.0
neu18_pattern_mining,2026-02-08T12:06:11,2,350,70,4,0.6666666666666666,1.3400777578353882,0.5519008,0.010051106073660776,0.005924380093347281,0.004126725980313495,0,4,0.00042873399797827005,0.004126725980313495,0.00016370401135645807,602112.0,75264.0
neu18_pattern_mining,2026-02-08T12:06:11,3,346,70,0,1.0,0.000779701629653573,11.5705504,0.033643940900219604,0.026199439889751375,0.00744450101046823,0,4,0.0021934589894954115,0.00744450101046823,0.00042648499947972596,12845056.0,1605632.0
neu18_pattern_mining,2026-02-08T12:06:11,3,347,70,1,0.875,0.4876880645751953,11.5705504,0.01176656477036886,0.006693219766020775,0.005073345004348084,0,4,0.000442887976532802,0.005073345004348084,0.0002264340000692755,12845056.0,1605632.0
neu18_pattern_mining,2026-02-08T12:06:11,3,348,70,2,0.984375,0.04335523024201393,11.5705504,0.012666217051446438,0.006719880038872361,0.005946337012574077,0,4,0.0004386930086184293,0.005946337012574077,0.00023329499526880682,12845056.0,1605632.0
neu18_pattern_mining,2026-02-08T12:06:11,3,349,70,3,0.90625,0.5612527132034302,11.5705504,0.011360605916706845,0.006167349929455668,0.005193255987251177,0,4,0.0004169970052316785,0.005193255987251177,0.0001997379877138883,12845056.0,1605632.0
neu18_pattern_mining,2026-02-08T12:06:11,3,350,70,4,0.3333333333333333,2.7409543991088867,0.5519008,0.0094810625014361,0.0052179404883645475,0.004263122013071552,0,4,0.0003372400242369622,0.004263122013071552,0.00018455402459949255,602112.0,75264.0
neu18_pattern_mining,2026-02-08T12:06:12,4,346,70,0,1.0,5.313455767463893e-05,11.5705504,0.03666307221283205,0.029274810221977532,0.007388261990854517,0,4,0.0025170380249619484,0.007388261990854517,0.0004104429972358048,12845056.0,1605632.0
neu18_pattern_mining,2026-02-08T12:06:12,4,347,70,1,1.0,0.00022247697052080184,11.5705504,0.008981501858215779,0.005249829846434295,0.003731672011781484,0,4,0.00033309299033135176,0.003731672011781484,0.00019188999431207776,12845056.0,1605632.0
neu18_pattern_mining,2026-02-08T12:06:12,4,348,70,2,1.0,0.013814697973430157,11.5705504,0.009248815826140344,0.005563809827435762,0.0036850059987045825,0,4,0.00037378398701548576,0.0036850059987045825,0.0001825969957280904,12845056.0,1605632.0
neu18_pattern_mining,2026-02-08T12:06:12,4,349,70,3,0.984375,0.059054672718048096,11.5705504,0.009562513063428923,0.005594060057774186,0.003968453005654737,0,4,0.00038211699575185776,0.003968453005654737,0.00017728901002556086,12845056.0,1605632.0
neu18_pattern_mining,2026-02-08T12:06:12,4,350,70,4,1.0,0.03070765547454357,0.5519008,0.009319294040324166,0.005529180052690208,0.0037901139876339585,0,4,0.00037018200964666903,0.0037901139876339585,0.00018273599562235177,602112.0,75264.0
neu18_pattern_mining,2026-02-08T12:06:14,0,351,71,0,1.0,0.0014488666784018278,11.5705504,0.0511428699537646,0.04021397995529696,0.010928889998467639,0,4,0.003401491994736716,0.010928889998467639,0.0006199060007929802,12845056.0,1605632.0
neu18_pattern_mining,2026-02-08T12:06:14,0,352,71,1,0.9375,0.2116815149784088,11.5705504,0.015276382124284282,0.00847220013383776,0.006804181990446523,0,4,0.0005666310025844723,0.006804181990446523,0.00028058901079930365,12845056.0,1605632.0
neu18_pattern_mining,2026-02-08T12:06:14,0,353,71,2,0.984375,0.059613440185785294,11.5705504,0.013656814204296097,0.007447810203302652,0.0062090040009934455,0,4,0.0005161790177226067,0.0062090040009934455,0.0002286020026076585,12845056.0,1605632.0
neu18_pattern_mining,2026-02-08T12:06:14,0,354,71,3,1.0,0.0017634336836636066,11.5705504,0.01348098338348791,0.007109350408427417,0.006371632975060493,0,4,0.00046743801794946194,0.006371632975060493,0.0002434970228932798,12845056.0,1605632.0
neu18_pattern_mining,2026-02-08T12:06:14,0,355,71,4,0.75,1.383560299873352,0.7325344,0.014289622835349292,0.008030239841900766,0.006259382993448526,0,4,0.0005514929944183677,0.006259382993448526,0.00025153098977170885,802816.0,100352.0
neu18_pattern_mining,2026-02-08T12:06:15,1,351,71,0,1.0,0.0001401636836817488,11.5705504,0.0568586862355005,0.046809800260234624,0.010048885975265875,0,4,0.004121757025131956,0.010048885975265875,0.0005592230008915067,12845056.0,1605632.0
neu18_pattern_mining,2026-02-08T12:06:15,1,352,71,1,0.96875,0.08375561982393265,11.5705504,0.012408600945491344,0.008512719941791147,0.0038958810037001967,0,4,0.0006548459932673723,0.0038958810037001967,0.00019642600091174245,12845056.0,1605632.0
neu18_pattern_mining,2026-02-08T12:06:15,1,353,71,2,0.859375,0.8312417268753052,11.5705504,0.009885405685054138,0.005533799703698605,0.004351605981355533,0,4,0.00035904799005948007,0.004351605981355533,0.00019433198031038046,12845056.0,1605632.0
neu18_pattern_mining,2026-02-08T12:06:15,1,354,71,3,0.921875,0.36353760957717896,11.5705504,0.010921937035163864,0.006179460033308715,0.00474247700185515,0,4,0.00043875499977730215,0.00474247700185515,0.00017919100355356932,12845056.0,1605632.0
neu18_pattern_mining,2026-02-08T12:06:15,1,355,71,4,0.6666666666666666,1.3356513977050781,0.5519008,0.008958517631981522,0.005589569627773017,0.003368948004208505,0,4,0.0003659459762275219,0.003368948004208505,0.00019301098654977977,602112.0,75264.0
neu18_pattern_mining,2026-02-08T12:06:16,2,351,71,0,1.0,0.0011408076388761401,11.5705504,0.04946290684165433,0.04037382983369753,0.009089077007956803,0,4,0.003514771000482142,0.009089077007956803,0.0005226119828876108,12845056.0,1605632.0
neu18_pattern_mining,2026-02-08T12:06:16,2,352,71,1,0.96875,0.2547224760055542,11.5705504,0.016697670886060223,0.008979369886219501,0.0077183009998407215,0,4,0.000590184994507581,0.0077183009998407215,0.00030775199411436915,12845056.0,1605632.0
neu18_pattern_mining,2026-02-08T12:06:16,2,353,71,2,0.984375,0.13671128451824188,11.5705504,0.01543595312978141,0.008517680107615888,0.006918273022165522,0,4,0.0005774940073024482,0.006918273022165522,0.00027427400345914066,12845056.0,1605632.0
neu18_pattern_mining,2026-02-08T12:06:16,2,354,71,3,0.984375,0.06719774007797241,11.5705504,0.01348426117328927,0.00708227016730234,0.006401991005986929,0,4,0.0004685840103775263,0.006401991005986929,0.00023964300635270774,12845056.0,1605632.0
neu18_pattern_mining,2026-02-08T12:06:16,2,355,71,4,0.6666666666666666,0.3866433799266815,0.5519008,0.012502001831308007,0.006953819829504937,0.00554818200180307,0,4,0.00046308498713187873,0.00554818200180307,0.00023229699581861496,602112.0,75264.0
neu18_pattern_mining,2026-02-08T12:06:16,3,351,71,0,1.0,0.0010271058417856693,11.5705504,0.04881004596245475,0.037530779954977334,0.011279266007477418,0,4,0.0031386030022986233,0.011279266007477418,0.00061447499319911,12845056.0,1605632.0
neu18_pattern_mining,2026-02-08T12:06:17,3,352,71,1,0.984375,0.039182014763355255,11.5705504,0.019236522843129933,0.010652229830157012,0.008584293012972921,0,4,0.0007039860065560788,0.008584293012972921,0.0003612369764596224,12845056.0,1605632.0
neu18_pattern_mining,2026-02-08T12:06:17,3,353,71,2,0.9375,0.21750064194202423,11.5705504,0.017809381912229583,0.009354529902338982,0.008454852009890601,0,4,0.0006149380060378462,0.008454852009890601,0.00032051498419605196,12845056.0,1605632.0
neu18_pattern_mining,2026-02-08T12:06:17,3,354,71,3,0.984375,0.05200217664241791,11.5705504,0.017685447790427133,0.009382199787069112,0.008303248003358021,0,4,0.000621943996520713,0.008303248003358021,0.00031627598218619823,12845056.0,1605632.0
neu18_pattern_mining,2026-02-08T12:06:17,3,355,71,4,0.3333333333333333,0.6141772270202637,0.5519008,0.017467739729909226,0.00973662972683087,0.007731110003078356,0,4,0.0006470439839176834,0.007731110003078356,0.00032661898876540363,602112.0,75264.0
neu18_pattern_mining,2026-02-08T12:06:17,4,351,71,0,1.0,0.003162679960951209,11.5705504,0.06055719219148159,0.04600889020366594,0.014548301987815648,0,4,0.0039042599964886904,0.014548301987815648,0.0006966290238779038,12845056.0,1605632.0
neu18_pattern_mining,2026-02-08T12:06:17,4,352,71,1,0.9375,0.4536440670490265,11.5705504,0.017708534200210124,0.009236750192940235,0.008471784007269889,0,4,0.0006265260162763298,0.008471784007269889,0.00029714900301769376,12845056.0,1605632.0
neu18_pattern_mining,2026-02-08T12:06:17,4,353,71,2,1.0,0.004381828010082245,11.5705504,0.018943377101095393,0.010151980095542967,0.008791397005552426,0,4,0.0006834939995314926,0.008791397005552426,0.00033170401002280414,12845056.0,1605632.0
neu18_pattern_mining,2026-02-08T12:06:17,4,354,71,3,0.859375,0.4983333945274353,11.5705504,0.018003855017013848,0.009520890016574413,0.008482965000439435,0,4,0.0006337010127026588,0.008482965000439435,0.0003183879889547825,12845056.0,1605632.0
neu18_pattern_mining,2026-02-08T12:06:18,4,355,71,4,0.3333333333333333,4.692407608032227,0.5519008,0.01848949078703299,0.010051239805761725,0.008438250981271267,0,4,0.0006595040031243116,0.008438250981271267,0.0003456199774518609,602112.0,75264.0
neu18_pattern_mining,2026-02-08T12:06:19,0,356,72,0,0.984375,0.07351236790418625,11.5705504,0.03865852998569608,0.030393089982680976,0.008265440003015101,0,4,0.002588631003163755,0.008265440003015101,0.0004506779951043427,12845056.0,1605632.0
neu18_pattern_mining,2026-02-08T12:06:19,0,357,72,1,0.859375,1.2773689031600952,11.5705504,0.015462022012798116,0.008424510015174747,0.007037511997623369,0,4,0.0005580039869528264,0.007037511997623369,0.00028444701456464827,12845056.0,1605632.0
neu18_pattern_mining,2026-02-08T12:06:19,0,358,72,2,1.0,0.0074864658527076244,11.5705504,0.012904179020551965,0.006951770046725869,0.0059524089738260955,0,4,0.00045749900164082646,0.0059524089738260955,0.00023767800303176045,12845056.0,1605632.0
neu18_pattern_mining,2026-02-08T12:06:19,0,359,72,3,0.96875,0.08739829063415527,11.5705504,0.011952422588365152,0.006328609597403556,0.005623812990961596,0,4,0.00041977097862400115,0.005623812990961596,0.00021308998111635447,12845056.0,1605632.0
neu18_pattern_mining,2026-02-08T12:06:19,0,360,72,4,0.75,3.329869508743286,0.7325344,0.01282159995753318,0.007469959964510053,0.005351639993023127,0,4,0.0005352160078473389,0.005351639993023127,0.00021177998860366642,802816.0,100352.0
neu18_pattern_mining,2026-02-08T12:06:20,1,356,72,0,1.0,0.0001843894278863445,11.5705504,0.04437250009505078,0.037789370107930154,0.006583129987120628,0,4,0.003439662017626688,0.006583129987120628,0.0003392749931663275,12845056.0,1605632.0
neu18_pattern_mining,2026-02-08T12:06:20,1,357,72,1,1.0,8.418822108069435e-05,11.5705504,0.015929919842164963,0.009291209862567484,0.006638709979597479,0,4,0.0006271059974096715,0.006638709979597479,0.0003020149888470769,12845056.0,1605632.0
neu18_pattern_mining,2026-02-08T12:06:20,1,358,72,2,0.890625,0.8515738248825073,11.5705504,0.012874862179160118,0.006855020183138549,0.006019841996021569,0,4,0.0004508359997998923,0.006019841996021569,0.00023466601851396263,12845056.0,1605632.0
neu18_pattern_mining,2026-02-08T12:06:20,1,359,72,3,0.96875,0.07061408460140228,11.5705504,0.011741098918719217,0.006175939925014973,0.0055651589937042445,0,4,0.0004067599948029965,0.0055651589937042445,0.00021083399769850075,12845056.0,1605632.0
neu18_pattern_mining,2026-02-08T12:06:20,1,360,72,4,0.0,6.935176372528076,0.5519008,0.01141605112934485,0.005997290136292577,0.005418760993052274,0,4,0.00040361701394431293,0.005418760993052274,0.00019611199968494475,602112.0,75264.0
neu18_pattern_mining,2026-02-08T12:06:21,2,356,72,0,1.0,0.0004912620643153787,11.5705504,0.048111340176546946,0.03855417016893625,0.009557170007610694,0,4,0.003395117004401982,0.009557170007610694,0.00046030001249164343,12845056.0,1605632.0
neu18_pattern_mining,2026-02-08T12:06:21,2,357,72,1,0.9375,0.2857840955257416,11.5705504,0.013338021031813696,0.0077895200229249895,0.0055485010088887066,0,4,0.0005335650057531893,0.0055485010088887066,0.0002453869965393096,12845056.0,1605632.0
neu18_pattern_mining,2026-02-08T12:06:21,2,358,72,2,0.921875,0.1860949844121933,11.5705504,0.015767574164783582,0.008442230173386633,0.007325343991396949,0,4,0.000571389013202861,0.007325343991396949,0.0002728340041358024,12845056.0,1605632.0
neu18_pattern_mining,2026-02-08T12:06:21,2,359,72,3,0.9375,0.39965927600860596,11.5705504,0.014626607327954844,0.007793410331942141,0.006833196996012703,0,4,0.0005071500199846923,0.006833196996012703,0.00027219101320952177,12845056.0,1605632.0
neu18_pattern_mining,2026-02-08T12:06:21,2,360,72,4,0.3333333333333333,2.222944974899292,0.5519008,0.014280906994827092,0.007951139996293932,0.0063297669985331595,0,4,0.0005237559962552041,0.0063297669985331595,0.00027135800337418914,602112.0,75264.0
neu18_pattern_mining,2026-02-08T12:06:22,3,356,72,0,1.0,0.0001788823283277452,11.5705504,0.04076537198852748,0.03320265997899696,0.0075627120095305145,0,4,0.0028797140112146735,0.0075627120095305145,0.0004405519866850227,12845056.0,1605632.0
neu18_pattern_mining,2026-02-08T12:06:22,3,357,72,1,0.96875,0.17602786421775818,11.5705504,0.015141821961151436,0.0077312599751167,0.007410561986034736,0,4,0.0004537799977697432,0.007410561986034736,0.0003193459997419268,12845056.0,1605632.0
neu18_pattern_mining,2026-02-08T12:06:22,3,358,72,2,0.921875,0.765803337097168,11.5705504,0.016252482950221747,0.008684899949003011,0.007567583001218736,0,4,0.0005651449901051819,0.007567583001218736,0.00030334500479511917,12845056.0,1605632.0
neu18_pattern_mining,2026-02-08T12:06:22,3,359,72,3,1.0,0.004216047469526529,11.5705504,0.016066096286522225,0.008486140286549926,0.007579955999972299,0,4,0.0005624490149784833,0.007579955999972299,0.00028616501367650926,12845056.0,1605632.0
neu18_pattern_mining,2026-02-08T12:06:22,3,360,72,4,0.6666666666666666,0.4773957431316376,0.5519008,0.016247987165115774,0.008822590170893818,0.0074253969942219555,0,4,0.0005857310025021434,0.0074253969942219555,0.00029652801458723843,602112.0,75264.0
neu18_pattern_mining,2026-02-08T12:06:22,4,356,72,0,1.0,0.00095595937455073,11.5705504,0.03284978709416464,0.025437450094614178,0.007412336999550462,0,4,0.002124727994669229,0.007412336999550462,0.000419017014792189,12845056.0,1605632.0
neu18_pattern_mining,2026-02-08T12:06:22,4,357,72,1,0.953125,0.3202364444732666,11.5705504,0.015189166704658419,0.00858395971590653,0.006605206988751888,0,4,0.0005656429857481271,0.006605206988751888,0.00029275298584252596,12845056.0,1605632.0
neu18_pattern_mining,2026-02-08T12:06:22,4,358,72,2,0.953125,0.09470078349113464,11.5705504,0.01616039636428468,0.00900134036783129,0.0071590559964533895,0,4,0.0005867610161658376,0.0071590559964533895,0.00031337302061729133,12845056.0,1605632.0
neu18_pattern_mining,2026-02-08T12:06:22,4,359,72,3,0.96875,0.056827887892723083,11.5705504,0.015379649790702388,0.008802639786154032,0.006577010004548356,0,4,0.0005846279964316636,0.006577010004548356,0.00029563598218373954,12845056.0,1605632.0
neu18_pattern_mining,2026-02-08T12:06:23,4,360,72,4,0.3333333333333333,1.783724308013916,0.5519008,0.01461699404171668,0.007974930049385875,0.0066420639923308045,0,4,0.0005244089988991618,0.0066420639923308045,0.00027308400603942573,602112.0,75264.0
neu18_pattern_mining,2026-02-08T12:06:24,0,361,73,0,0.984375,0.023543961346149445,11.5705504,0.03328671780764125,0.024304069811478257,0.008982647996162996,0,4,0.002014075987972319,0.008982647996162996,0.0004163309931755066,12845056.0,1605632.0
neu18_pattern_mining,2026-02-08T12:06:24,0,362,73,1,0.96875,0.07563735544681549,11.5705504,0.012111756164813414,0.006523420161101967,0.005588336003711447,0,4,0.0004225430020596832,0.005588336003711447,0.0002297990140505135,12845056.0,1605632.0
neu18_pattern_mining,2026-02-08T12:06:24,0,363,73,2,0.953125,0.40411755442619324,11.5705504,0.010494540183572099,0.0055876001715660095,0.004906940012006089,0,4,0.00036992799141444266,0.004906940012006089,0.0001888320257421583,12845056.0,1605632.0
neu18_pattern_mining,2026-02-08T12:06:24,0,364,73,3,0.953125,0.2644623816013336,11.5705504,0.010552759806159884,0.006404979794751853,0.004147780011408031,0,4,0.000471885985461995,0.004147780011408031,0.00016861199401319027,12845056.0,1605632.0
neu18_pattern_mining,2026-02-08T12:06:24,0,365,73,4,0.25,0.9194486141204834,0.7325344,0.009001386089948937,0.005099560075905174,0.0039018260140437633,0,4,0.00035455499892123044,0.0039018260140437633,0.00015540100866928697,802816.0,100352.0
neu18_pattern_mining,2026-02-08T12:06:25,1,361,73,0,1.0,0.0008328720577992499,11.5705504,0.04641468680347316,0.037722849810961634,0.008691836992511526,0,4,0.0032492819882463664,0.008691836992511526,0.000523002992849797,12845056.0,1605632.0
neu18_pattern_mining,2026-02-08T12:06:25,1,362,73,1,0.984375,0.026414040476083755,11.5705504,0.01822504698066041,0.009822029969654977,0.008403017011005431,0,4,0.0006469300133176148,0.008403017011005431,0.00033527298364788294,12845056.0,1605632.0
neu18_pattern_mining,2026-02-08T12:06:25,1,363,73,2,0.984375,0.01947711408138275,11.5705504,0.016108826006529853,0.008533200016245246,0.007575625990284607,0,4,0.0005603710014838725,0.007575625990284607,0.00029294900014065206,12845056.0,1605632.0
neu18_pattern_mining,2026-02-08T12:06:25,1,364,73,3,1.0,0.01953139901161194,11.5705504,0.016003912984160706,0.008460539975203574,0.007543373008957133,0,4,0.0005550399946514517,0.007543373008957133,0.00029101400286890566,12845056.0,1605632.0
neu18_pattern_mining,2026-02-08T12:06:25,1,365,73,4,0.6666666666666666,3.6316678524017334,0.5519008,0.01564569486072287,0.008677569858264178,0.006968125002458692,0,4,0.0005617610004264861,0.006968125002458692,0.00030599598539993167,602112.0,75264.0
neu18_pattern_mining,2026-02-08T12:06:26,2,361,73,0,1.0,0.04145278036594391,11.5705504,0.04713112013996579,0.036515690153464675,0.010615429986501113,0,4,0.003037557005882263,0.010615429986501113,0.0006140120094642043,12845056.0,1605632.0
neu18_pattern_mining,2026-02-08T12:06:26,2,362,73,1,0.921875,0.37553131580352783,11.5705504,0.01102498106774874,0.0062976000481285155,0.004727381019620225,0,4,0.00041442198562435806,0.004727381019620225,0.0002153380191884935,12845056.0,1605632.0
neu18_pattern_mining,2026-02-08T12:06:26,2,363,73,2,0.90625,0.3438197374343872,11.5705504,0.010431025992147624,0.005508419999387115,0.004922605992760509,0,4,0.0003612720174714923,0.004922605992760509,0.00018956998246721923,12845056.0,1605632.0
neu18_pattern_mining,2026-02-08T12:06:26,2,364,73,3,0.890625,0.39830145239830017,11.5705504,0.011581224796827883,0.0060710698016919196,0.005510154995135963,0,4,0.0003981049812864512,0.005510154995135963,0.00020900199888274074,12845056.0,1605632.0
neu18_pattern_mining,2026-02-08T12:06:26,2,365,73,4,1.0,0.21481871604919434,0.5519008,0.011639476782875136,0.0065479998011142015,0.005091476981760934,0,4,0.0004390319809317589,0.005091476981760934,0.00021576799917966127,602112.0,75264.0
neu18_pattern_mining,2026-02-08T12:06:27,3,361,73,0,1.0,0.007829198613762856,11.5705504,0.07217041132389568,0.053422100318130106,0.018748311005765572,0,4,0.004590835014823824,0.018748311005765572,0.0007513750169891864,12845056.0,1605632.0
neu18_pattern_mining,2026-02-08T12:06:27,3,362,73,1,0.984375,0.04770360514521599,11.5705504,0.020156763232080266,0.010669900220818818,0.009486863011261448,0,4,0.0006931840034667403,0.009486863011261448,0.0003738060186151415,12845056.0,1605632.0
neu18_pattern_mining,2026-02-08T12:06:27,3,363,73,2,0.921875,0.3515828847885132,11.5705504,0.020257147087249905,0.010900080087594688,0.009357066999655217,0,4,0.0007110820151865482,0.009357066999655217,0.00037892599357292056,12845056.0,1605632.0
neu18_pattern_mining,2026-02-08T12:06:27,3,364,73,3,0.9375,0.4706183969974518,11.5705504,0.017845856316853315,0.009465710318181664,0.008380145998671651,0,4,0.0006160430202726275,0.008380145998671651,0.0003305280115455389,12845056.0,1605632.0
neu18_pattern_mining,2026-02-08T12:06:27,3,365,73,4,0.3333333333333333,3.5055887699127197,0.5519008,0.0174682428187225,0.009712799801491201,0.0077554430172313005,0,4,0.0006467860075645149,0.0077554430172313005,0.0003244939725846052,602112.0,75264.0
neu18_pattern_mining,2026-02-08T12:06:27,4,361,73,0,1.0,0.0007105047698132694,11.5705504,0.03866042906884104,0.030424550059251487,0.008235879009589553,0,4,0.002639943006215617,0.008235879009589553,0.00040251199970953166,12845056.0,1605632.0
neu18_pattern_mining,2026-02-08T12:06:27,4,362,73,1,1.0,0.001807236229069531,11.5705504,0.0202402159338817,0.010835299908649176,0.009404916025232524,0,4,0.0006993360002525151,0.009404916025232524,0.00038419399061240256,12845056.0,1605632.0
neu18_pattern_mining,2026-02-08T12:06:27,4,363,73,2,0.96875,0.39519003033638,11.5705504,0.01782587802154012,0.009449780045542866,0.008376097975997254,0,4,0.0006299990054685622,0.008376097975997254,0.00031497899908572435,12845056.0,1605632.0
neu18_pattern_mining,2026-02-08T12:06:27,4,364,73,3,0.96875,0.09918434172868729,11.5705504,0.017992526903981343,0.009543999913148582,0.008448526990832761,0,4,0.0006229990103747696,0.008448526990832761,0.00033140098094008863,12845056.0,1605632.0
neu18_pattern_mining,2026-02-08T12:06:27,4,365,73,4,0.0,3.0143051147460938,0.5519008,0.015992825909052044,0.00899612990906462,0.006996695999987423,0,4,0.0005892089975532144,0.006996695999987423,0.00031040399335324764,602112.0,75264.0
neu18_pattern_mining,2026-02-08T12:06:29,0,366,74,0,1.0,0.0001222270802827552,11.5705504,0.06247411700314842,0.04417602001922205,0.01829809698392637,0,4,0.003644390992121771,0.01829809698392637,0.0007732110098004341,12845056.0,1605632.0
neu18_pattern_mining,2026-02-08T12:06:29,0,367,74,1,0.90625,0.6635515093803406,11.5705504,0.020324163837358356,0.01086504984414205,0.009459113993216306,0,4,0.0007128889847081155,0.009459113993216306,0.0003736159997060895,12845056.0,1605632.0
neu18_pattern_mining,2026-02-08T12:06:29,0,368,74,2,0.984375,0.04222661629319191,11.5705504,0.016101568849990144,0.008580889843869954,0.00752067900612019,0,4,0.0005685889918822795,0.00752067900612019,0.0002894999925047159,12845056.0,1605632.0
neu18_pattern_mining,2026-02-08T12:06:29,0,369,74,3,0.859375,0.568389892578125,11.5705504,0.013548559683840722,0.00718007970135659,0.006368479982484132,0,4,0.0004706799809355289,0.006368479982484132,0.0002473279892001301,12845056.0,1605632.0
neu18_pattern_mining,2026-02-08T12:06:29,0,370,74,4,1.0,0.15700450539588928,0.7325344,0.013590306014521047,0.007353370019700378,0.006236935994820669,0,4,0.0005029570020269603,0.006236935994820669,0.00023237999994307756,802816.0,100352.0
neu18_pattern_mining,2026-02-08T12:06:30,1,366,74,0,1.0,0.00012016664550174028,11.5705504,0.042641198000637814,0.03388015000382438,0.008761047996813431,0,4,0.002940481004770845,0.008761047996813431,0.00044753399561159313,12845056.0,1605632.0
neu18_pattern_mining,2026-02-08T12:06:30,1,367,74,1,0.984375,0.09067676961421967,11.5705504,0.014821956923697144,0.007909699925221503,0.006912256998475641,0,4,0.000533240003278479,0.006912256998475641,0.0002577299892436713,12845056.0,1605632.0
neu18_pattern_mining,2026-02-08T12:06:30,1,368,74,2,0.96875,0.0543038435280323,11.5705504,0.013512706122128293,0.007070460123941302,0.006442245998186991,0,4,0.00046081101754680276,0.006442245998186991,0.00024623499484732747,12845056.0,1605632.0
neu18_pattern_mining,2026-02-08T12:06:30,1,369,74,3,0.96875,0.25168630480766296,11.5705504,0.012629175849724561,0.006712449830956757,0.005916726018767804,0,4,0.000440948992036283,0.005916726018767804,0.0002302959910593927,12845056.0,1605632.0
neu18_pattern_mining,2026-02-08T12:06:30,1,370,74,4,0.3333333333333333,2.3638648986816406,0.5519008,0.01344274531584233,0.007297580305021256,0.006145165010821074,0,4,0.0004784130142070353,0.006145165010821074,0.0002513450162950903,602112.0,75264.0
neu18_pattern_mining,2026-02-08T12:06:31,2,366,74,0,1.0,0.01029049139469862,11.5705504,0.03712851082673296,0.029537009831983596,0.007591500994749367,0,4,0.002531774982344359,0.007591500994749367,0.00042192600085400045,12845056.0,1605632.0
neu18_pattern_mining,2026-02-08T12:06:31,2,367,74,1,0.96875,0.0528496578335762,11.5705504,0.012116136000258848,0.0072931600152514875,0.004822975985007361,0,4,0.00048350400174967945,0.004822975985007361,0.0002458119997754693,12845056.0,1605632.0
neu18_pattern_mining,2026-02-08T12:06:31,2,368,74,2,0.984375,0.04151301085948944,11.5705504,0.009790852695005015,0.005445289716590196,0.004345562978414819,0,4,0.00035593699431046844,0.004345562978414819,0.00018859197734855115,12845056.0,1605632.0
neu18_pattern_mining,2026-02-08T12:06:31,2,369,74,3,1.0,0.0060150655917823315,11.5705504,0.009329560911282897,0.005070109909866005,0.004259451001416892,0,4,0.0003311979817226529,0.004259451001416892,0.0001758130092639476,12845056.0,1605632.0
neu18_pattern_mining,2026-02-08T12:06:31,2,370,74,4,0.3333333333333333,3.506871461868286,0.5519008,0.009489575953921303,0.005204259941820055,0.004285316012101248,0,4,0.0003430139913689345,0.004285316012101248,0.000177412002813071,602112.0,75264.0
neu18_pattern_mining,2026-02-08T12:06:32,3,366,74,0,1.0,0.000841390632558614,11.5705504,0.05823280007462017,0.04686986008891836,0.011362939985701814,0,4,0.003951737016905099,0.011362939985701814,0.0007352489919867367,12845056.0,1605632.0
neu18_pattern_mining,2026-02-08T12:06:32,3,367,74,1,0.921875,0.419952392578125,11.5705504,0.016782371880253777,0.009078359871637076,0.007704012008616701,0,4,0.0006019489956088364,0.007704012008616701,0.0003058869915548712,12845056.0,1605632.0
neu18_pattern_mining,2026-02-08T12:06:32,3,368,74,2,1.0,0.003247472457587719,11.5705504,0.012882202136097476,0.006915570120327175,0.005966632015770301,0,4,0.0004617990052793175,0.005966632015770301,0.00022975800675339997,12845056.0,1605632.0
neu18_pattern_mining,2026-02-08T12:06:32,3,369,74,3,0.9375,0.17853978276252747,11.5705504,0.01306389510864392,0.007420020119752735,0.005643874988891184,0,4,0.0005156490078661591,0.005643874988891184,0.0002263530041091144,12845056.0,1605632.0
neu18_pattern_mining,2026-02-08T12:06:32,3,370,74,4,0.3333333333333333,3.8811919689178467,0.5519008,0.012260980962309986,0.006708739965688437,0.005552240996621549,0,4,0.0004437440074980259,0.005552240996621549,0.00022712998907081783,602112.0,75264.0
neu18_pattern_mining,2026-02-08T12:06:33,4,366,74,0,1.0,0.0005736774764955044,11.5705504,0.0742221989785321,0.05824724998092279,0.015974948997609317,0,4,0.005101476999698207,0.015974948997609317,0.0007232479983940721,12845056.0,1605632.0
neu18_pattern_mining,2026-02-08T12:06:33,4,367,74,1,0.953125,0.40502476692199707,11.5705504,0.020815484691411257,0.011110409686807543,0.009705075004603714,0,4,0.0007254899828694761,0.009705075004603714,0.0003855509858112782,12845056.0,1605632.0
neu18_pattern_mining,2026-02-08T12:06:33,4,368,74,2,0.953125,0.17746566236019135,11.5705504,0.015271758893504739,0.008219399896916002,0.007052358996588737,0,4,0.0005532350041903555,0.007052358996588737,0.00026870498550124466,12845056.0,1605632.0
neu18_pattern_mining,2026-02-08T12:06:33,4,369,74,3,0.96875,0.5996187925338745,11.5705504,0.012000170274404809,0.006428340275306255,0.005571829999098554,0,4,0.0004296810075175017,0.005571829999098554,0.00021315302001312375,12845056.0,1605632.0
neu18_pattern_mining,2026-02-08T12:06:33,4,370,74,4,0.0,3.547952890396118,0.5519008,0.013447637320496142,0.007529220310971141,0.005918417009525001,0,4,0.0004939330101478845,0.005918417009525001,0.0002589890209492296,602112.0,75264.0
neu18_pattern_mining,2026-02-08T12:06:34,0,371,75,0,1.0,0.00018804855062626302,11.5705504,0.028982394840568304,0.021289599826559424,0.00769279501400888,0,4,0.0017219019937328994,0.00769279501400888,0.000407057988923043,12845056.0,1605632.0
neu18_pattern_mining,2026-02-08T12:06:34,0,372,75,1,1.0,0.0004407971864566207,11.5705504,0.01467300218064338,0.007546550186816603,0.007126451993826777,0,4,0.00043595500756055117,0.007126451993826777,0.00031870001112110913,12845056.0,1605632.0
neu18_pattern_mining,2026-02-08T12:06:34,0,373,75,2,0.90625,0.8372367024421692,11.5705504,0.0139568981830962,0.007763320172671229,0.006193578010424972,0,4,0.0005254610150586814,0.006193578010424972,0.0002508710022084415,12845056.0,1605632.0
neu18_pattern_mining,2026-02-08T12:06:34,0,374,75,3,0.9375,1.108302116394043,11.5705504,0.014982596127083525,0.008117080142255872,0.006865515984827653,0,4,0.0005662330077029765,0.006865515984827653,0.0002454750065226108,12845056.0,1605632.0
neu18_pattern_mining,2026-02-08T12:06:34,0,375,75,4,0.75,1.0368218421936035,0.7325344,0.015308482106775045,0.008241620089393109,0.007066862017381936,0,4,0.0005778500053565949,0.007066862017381936,0.000246312003582716,802816.0,100352.0
neu18_pattern_mining,2026-02-08T12:06:35,1,371,75,0,1.0,0.0009971859399229288,11.5705504,0.03765462085721083,0.029895099869463593,0.007759520987747237,0,4,0.0025332490040455014,0.007759520987747237,0.0004562609829008579,12845056.0,1605632.0
neu18_pattern_mining,2026-02-08T12:06:35,1,372,75,1,0.953125,0.26162785291671753,11.5705504,0.015312713134335354,0.00819194014184177,0.007120772992493585,0,4,0.000537954008905217,0.007120772992493585,0.00028124000527895987,12845056.0,1605632.0
neu18_pattern_mining,2026-02-08T12:06:35,1,373,75,2,0.90625,0.7133546471595764,11.5705504,0.014957728184526786,0.008012750186026096,0.00694497799850069,0,4,0.0005360450013540685,0.00694497799850069,0.0002652300172485411,12845056.0,1605632.0
neu18_pattern_mining,2026-02-08T12:06:35,1,374,75,3,0.984375,0.13779793679714203,11.5705504,0.014774727198528126,0.007767680217511952,0.007007046981016174,0,4,0.0005124050076119602,0.007007046981016174,0.000264363014139235,12845056.0,1605632.0
neu18_pattern_mining,2026-02-08T12:06:35,1,375,75,4,0.3333333333333333,4.624382019042969,0.5519008,0.01473334984621033,0.008207619830500335,0.006525730015709996,0,4,0.0005421389942057431,0.006525730015709996,0.0002786229888442904,602112.0,75264.0
neu18_pattern_mining,2026-02-08T12:06:36,2,371,75,0,1.0,0.000393320427974686,11.5705504,0.03898388001834974,0.031122560030780733,0.007861319987569004,0,4,0.0026471370074432343,0.007861319987569004,0.00046511899563483894,12845056.0,1605632.0
neu18_pattern_mining,2026-02-08T12:06:36,2,372,75,1,0.984375,0.02954939566552639,11.5705504,0.012313351820921525,0.006681789818685502,0.0056315620022360235,0,4,0.00043924700003117323,0.0056315620022360235,0.00022893198183737695,12845056.0,1605632.0
neu18_pattern_mining,2026-02-08T12:06:36,2,373,75,2,0.984375,0.012170678935945034,11.5705504,0.01254370081005618,0.006791369814891368,0.005752330995164812,0,4,0.0004309599753469229,0.005752330995164812,0.00024817700614221394,12845056.0,1605632.0
neu18_pattern_mining,2026-02-08T12:06:36,2,374,75,3,0.8125,1.2357985973358154,11.5705504,0.011707639030646533,0.006580140034202486,0.0051274989964440465,0,4,0.0004116850032005459,0.0051274989964440465,0.0002463290002197027,12845056.0,1605632.0
neu18_pattern_mining,2026-02-08T12:06:36,2,375,75,4,0.3333333333333333,4.020503997802734,0.5519008,0.011587070912355557,0.0068414799170568585,0.0047455909952986985,0,4,0.0004525909898802638,0.0047455909952986985,0.00023155700182542205,602112.0,75264.0
neu18_pattern_mining,2026-02-08T12:06:37,3,371,75,0,1.0,0.0003894161491189152,11.5705504,0.04993339208886027,0.04232664010487497,0.007606751983985305,0,4,0.0038175180088728666,0.007606751983985305,0.0004151460016146302,12845056.0,1605632.0
neu18_pattern_mining,2026-02-08T12:06:37,3,372,75,1,0.859375,1.0507564544677734,11.5705504,0.00999358028639108,0.0062820102903060615,0.003711569996085018,0,4,0.00044525001430884004,0.003711569996085018,0.00018295101472176611,12845056.0,1605632.0
neu18_pattern_mining,2026-02-08T12:06:37,3,373,75,2,0.96875,0.10938367247581482,11.5705504,0.009591458714567125,0.005789899732917547,0.0038015589816495776,0,4,0.0003866909828502685,0.0038015589816495776,0.00019229899044148624,12845056.0,1605632.0
neu18_pattern_mining,2026-02-08T12:06:37,3,374,75,3,0.9375,0.39035114645957947,11.5705504,0.009483814908890054,0.005573919916059822,0.003909894992830232,0,4,0.00036492699291557074,0.003909894992830232,0.00019246499869041145,12845056.0,1605632.0
neu18_pattern_mining,2026-02-08T12:06:37,3,375,75,4,0.3333333333333333,1.4025887250900269,0.5519008,0.010342359106289223,0.006734160124324262,0.0036081989819649607,0,4,0.0004883850051555783,0.0036081989819649607,0.00018503100727684796,602112.0,75264.0
neu18_pattern_mining,2026-02-08T12:06:38,4,371,75,0,1.0,0.0017355489544570446,11.5705504,0.04936189201544039,0.04033484001411125,0.009027052001329139,0,4,0.0035177590034436435,0.009027052001329139,0.0005157249979674816,12845056.0,1605632.0
neu18_pattern_mining,2026-02-08T12:06:38,4,372,75,1,1.0,0.0004982405225746334,11.5705504,0.013957472867332399,0.008120219863485545,0.005837253003846854,0,4,0.0005455880018416792,0.005837253003846854,0.0002664339845068753,12845056.0,1605632.0
neu18_pattern_mining,2026-02-08T12:06:38,4,373,75,2,0.9375,0.4612733721733093,11.5705504,0.01357343711424619,0.007822620100341737,0.005750817013904452,0,4,0.0005349660059437156,0.005750817013904452,0.00024729600409045815,12845056.0,1605632.0
neu18_pattern_mining,2026-02-08T12:06:38,4,374,75,3,0.953125,0.4292040467262268,11.5705504,0.009478087740717456,0.005071959749329835,0.004406127991387621,0,4,0.00033129099756479263,0.004406127991387621,0.00017590497736819088,12845056.0,1605632.0
neu18_pattern_mining,2026-02-08T12:06:38,4,375,75,4,1.0,0.030819451436400414,0.5519008,0.01021041176863946,0.006482649769168347,0.003727761999471113,0,4,0.00048821698874235153,0.003727761999471113,0.00016004798817448318,602112.0,75264.0
neu18_pattern_mining,2026-02-08T12:06:39,0,376,76,0,1.0,0.00285936426371336,11.5705504,0.02630712528480217,0.01690818025963381,0.00939894502516836,0,4,0.0012514250120148063,0.00939894502516836,0.00043939301394857466,12845056.0,1605632.0
neu18_pattern_mining,2026-02-08T12:06:39,0,377,76,1,0.984375,0.03848455473780632,11.5705504,0.014120264182565734,0.007627610175404698,0.006492654007161036,0,4,0.0005052009946666658,0.006492654007161036,0.000257560022873804,12845056.0,1605632.0
neu18_pattern_mining,2026-02-08T12:06:40,0,378,76,2,1.0,0.0039159576408565044,11.5705504,0.016341268201358616,0.008732660207897425,0.007608607993461192,0,4,0.0005685110227204859,0.007608607993461192,0.00030475499806925654,12845056.0,1605632.0
neu18_pattern_mining,2026-02-08T12:06:40,0,379,76,3,1.0,0.0036850054748356342,11.5705504,0.01466181204887107,0.007744040049146861,0.006917771999724209,0,4,0.0005085539887659252,0.006917771999724209,0.0002658500161487609,12845056.0,1605632.0
neu18_pattern_mining,2026-02-08T12:06:40,0,380,76,4,0.75,0.9241870045661926,0.7325344,0.014774626994039863,0.008407360001001507,0.006367266993038356,0,4,0.000574493984458968,0.006367266993038356,0.00026624201564118266,802816.0,100352.0
neu18_pattern_mining,2026-02-08T12:06:40,1,376,76,0,1.0,8.979797712527215e-05,11.5705504,0.03436734696151689,0.026887959975283593,0.007479386986233294,0,4,0.0022485629888251424,0.007479386986233294,0.0004402330087032169,12845056.0,1605632.0
neu18_pattern_mining,2026-02-08T12:06:40,1,377,76,1,0.984375,0.016842620447278023,11.5705504,0.012513234425568953,0.006472720415331423,0.00604051401023753,0,4,0.0004040720232296735,0.00604051401023753,0.00024320001830346882,12845056.0,1605632.0
neu18_pattern_mining,2026-02-08T12:06:40,1,378,76,2,1.0,0.0018770374590530992,11.5705504,0.013646785024320707,0.007282900041900575,0.0063638849824201316,0,4,0.00048017798690125346,0.0063638849824201316,0.00024811201728880405,12845056.0,1605632.0
neu18_pattern_mining,2026-02-08T12:06:40,1,379,76,3,0.984375,0.026182033121585846,11.5705504,0.015244308218825608,0.007771740201860666,0.007472568016964942,0,4,0.0005026400031056255,0.007472568016964942,0.0002745340170804411,12845056.0,1605632.0
neu18_pattern_mining,2026-02-08T12:06:40,1,380,76,4,0.6666666666666666,1.7777576446533203,0.5519008,0.014745421736733988,0.008026219729799777,0.006719202006934211,0,4,0.0005220469902269542,0.006719202006934211,0.0002805749827530235,602112.0,75264.0
neu18_pattern_mining,2026-02-08T12:06:41,2,376,76,0,1.0,0.002199481474235654,11.5705504,0.06660053296945989,0.04892705997917801,0.01767347299028188,0,4,0.004144266014918685,0.01767347299028188,0.0007484399829991162,12845056.0,1605632.0
neu18_pattern_mining,2026-02-08T12:06:41,2,377,76,1,0.9375,0.5847687125205994,11.5705504,0.020487919362494722,0.011117740359622985,0.009370179002871737,0,4,0.0007288440247066319,0.009370179002871737,0.0003829300112556666,12845056.0,1605632.0
neu18_pattern_mining,2026-02-08T12:06:41,2,378,76,2,0.984375,0.10342342406511307,11.5705504,0.01984479874954559,0.010449479741510004,0.009395319008035585,0,4,0.0006914729892741889,0.009395319008035585,0.0003534749848768115,12845056.0,1605632.0
neu18_pattern_mining,2026-02-08T12:06:41,2,379,76,3,0.96875,0.08799976110458374,11.5705504,0.021440460986923426,0.011900120007339865,0.009540340979583561,0,4,0.0007686059980187565,0.009540340979583561,0.00042140600271523,12845056.0,1605632.0
neu18_pattern_mining,2026-02-08T12:06:41,2,380,76,4,0.6666666666666666,1.4439057111740112,0.5519008,0.018858642841223627,0.011013989860657603,0.007844652980566025,0,4,0.0007109129801392555,0.007844652980566025,0.00039048600592650473,602112.0,75264.0
neu18_pattern_mining,2026-02-08T12:06:42,3,376,76,0,1.0,8.464380516670644e-05,11.5705504,0.05282121477648616,0.041652179788798094,0.011169034987688065,0,4,0.0036075309908483177,0.011169034987688065,0.0005576869880314916,12845056.0,1605632.0
neu18_pattern_mining,2026-02-08T12:06:42,3,377,76,1,1.0,5.8827896282309666e-05,11.5705504,0.01645182684296742,0.008857339853420854,0.007594486989546567,0,4,0.0005861689860466868,0.007594486989546567,0.0002995649992953986,12845056.0,1605632.0
neu18_pattern_mining,2026-02-08T12:06:42,3,378,76,2,0.953125,0.49792224168777466,11.5705504,0.017967711319215596,0.009552160336170346,0.00841555098304525,0,4,0.0006211880245245993,0.00841555098304525,0.00033402800909243524,12845056.0,1605632.0
neu18_pattern_mining,2026-02-08T12:06:42,3,379,76,3,0.953125,0.4161668121814728,11.5705504,0.01755800988757983,0.009205589885823429,0.0083524200017564,0,4,0.0006111639959271997,0.0083524200017564,0.00030939499265514314,12845056.0,1605632.0
neu18_pattern_mining,2026-02-08T12:06:42,3,380,76,4,0.3333333333333333,1.4742517471313477,0.5519008,0.016364054143195972,0.009043950121849775,0.0073201040213461965,0,4,0.0005924750003032386,0.0073201040213461965,0.0003119200118817389,602112.0,75264.0
neu18_pattern_mining,2026-02-08T12:06:43,4,376,76,0,1.0,0.00022995955077931285,11.5705504,0.04176169805577956,0.03264886006945744,0.00911283798632212,0,4,0.002761120005743578,0.00911283798632212,0.0005037660012021661,12845056.0,1605632.0
neu18_pattern_mining,2026-02-08T12:06:43,4,377,76,1,0.890625,0.8336794376373291,11.5705504,0.020132110337726772,0.010657520324457437,0.009474590013269335,0,4,0.0007249890186358243,0.009474590013269335,0.00034076301380991936,12845056.0,1605632.0
neu18_pattern_mining,2026-02-08T12:06:43,4,378,76,2,1.0,0.00016665292787365615,11.5705504,0.01814415110857226,0.009688420104794204,0.008455731003778055,0,4,0.0006346360023599118,0.008455731003778055,0.0003342060081195086,12845056.0,1605632.0
neu18_pattern_mining,2026-02-08T12:06:43,4,379,76,3,0.984375,0.06948661804199219,11.5705504,0.017946177162230015,0.009550620161462575,0.00839555700076744,0,4,0.000621157989371568,0.00839555700076744,0.00033390402677468956,12845056.0,1605632.0
neu18_pattern_mining,2026-02-08T12:06:43,4,380,76,4,0.0,3.5309133529663086,0.5519008,0.016123037959914654,0.0088850999600254,0.007237937999889255,0,4,0.0005916900117881596,0.007237937999889255,0.0002968199842143804,602112.0,75264.0
neu18_pattern_mining,2026-02-08T12:06:44,0,381,77,0,0.984375,0.011353973299264908,11.5705504,0.033553949324414134,0.024905320315156132,0.008648629009258002,0,4,0.0020667560165748,0.008648629009258002,0.0004237760149408132,12845056.0,1605632.0
neu18_pattern_mining,2026-02-08T12:06:45,0,382,77,1,1.0,0.01799476146697998,11.5705504,0.016545159072848037,0.00871027004905045,0.007834889023797587,0,4,0.0005736990133300424,0.007834889023797587,0.00029732799157500267,12845056.0,1605632.0
neu18_pattern_mining,2026-02-08T12:06:45,0,383,77,2,0.859375,0.5921138525009155,11.5705504,0.01623129111249,0.008698950114194304,0.007532340998295695,0,4,0.0005644390184897929,0.007532340998295695,0.00030545599292963743,12845056.0,1605632.0
neu18_pattern_mining,2026-02-08T12:06:45,0,384,77,3,0.9375,0.31346654891967773,11.5705504,0.016807821026304737,0.008572590013500303,0.008235231012804434,0,4,0.0005691699916496873,0.008235231012804434,0.000288089009700343,12845056.0,1605632.0
neu18_pattern_mining,2026-02-08T12:06:45,0,385,77,4,0.5,2.574129343032837,0.7325344,0.017122457909863442,0.009504639892838895,0.007617818017024547,0,4,0.0006618829793296754,0.007617818017024547,0.0002885810099542141,802816.0,100352.0
neu18_pattern_mining,2026-02-08T12:06:45,1,381,77,0,1.0,0.0009190170094370842,11.5705504,0.034572097851196304,0.026908709842246026,0.007663388008950278,0,4,0.002254086983157322,0.007663388008950278,0.00043678400106728077,12845056.0,1605632.0
neu18_pattern_mining,2026-02-08T12:06:45,1,382,77,1,0.9375,0.39723533391952515,11.5705504,0.01560857828008011,0.008974690281320363,0.0066338879987597466,0,4,0.0006110860267654061,0.0066338879987597466,0.0002863830013666302,12845056.0,1605632.0
neu18_pattern_mining,2026-02-08T12:06:45,1,383,77,2,1.0,0.031033895909786224,11.5705504,0.014680197928100824,0.0077440799213945866,0.006936118006706238,0,4,0.0005042389966547489,0.006936118006706238,0.00027016899548470974,12845056.0,1605632.0
neu18_pattern_mining,2026-02-08T12:06:45,1,384,77,3,0.9375,0.215825617313385,11.5705504,0.015696200251113623,0.008198130235541612,0.0074980700155720115,0,4,0.0005351770087145269,0.0074980700155720115,0.0002846360148396343,12845056.0,1605632.0
neu18_pattern_mining,2026-02-08T12:06:45,1,385,77,4,0.3333333333333333,5.117008686065674,0.5519008,0.01555615192046389,0.008589249919168651,0.006966902001295239,0,4,0.0005679889873135835,0.006966902001295239,0.0002909360046032816,602112.0,75264.0
neu18_pattern_mining,2026-02-08T12:06:46,2,381,77,0,1.0,0.00025360824656672776,11.5705504,0.06303255780949257,0.048070509801618755,0.014962048007873818,0,4,0.004048631992191076,0.014962048007873818,0.0007584189879707992,12845056.0,1605632.0
neu18_pattern_mining,2026-02-08T12:06:46,2,382,77,1,1.0,0.009776678867638111,11.5705504,0.020590205123880878,0.011093050125055015,0.009497154998825863,0,4,0.0007010060071479529,0.009497154998825863,0.0004082990053575486,12845056.0,1605632.0
neu18_pattern_mining,2026-02-08T12:06:46,2,383,77,2,0.9375,0.4101395010948181,11.5705504,0.020413794700289145,0.01092668971978128,0.009487104980507866,0,4,0.0007213589851744473,0.009487104980507866,0.00037130998680368066,12845056.0,1605632.0
neu18_pattern_mining,2026-02-08T12:06:46,2,384,77,3,0.9375,0.47988569736480713,11.5705504,0.018010686006164178,0.00959502998739481,0.008415656018769369,0,4,0.0006266270065680146,0.008415656018769369,0.00033287599217146635,12845056.0,1605632.0
neu18_pattern_mining,2026-02-08T12:06:46,2,385,77,4,0.0,5.261746883392334,0.5519008,0.0177520030119922,0.009912009991239756,0.007839993020752445,0,4,0.0006630950083490461,0.007839993020752445,0.0003281059907749295,602112.0,75264.0
neu18_pattern_mining,2026-02-08T12:06:47,3,381,77,0,1.0,6.116445001680404e-05,11.5705504,0.036581896914867684,0.02841298992279917,0.008168906992068514,0,4,0.0023918040096759796,0.008168906992068514,0.0004494949826039374,12845056.0,1605632.0
neu18_pattern_mining,2026-02-08T12:06:47,3,382,77,1,1.0,4.433880530996248e-05,11.5705504,0.017151650856249034,0.008604739850852638,0.008546911005396396,0,4,0.0005237940058577806,0.008546911005396396,0.00033667997922748327,12845056.0,1605632.0
neu18_pattern_mining,2026-02-08T12:06:47,3,383,77,2,0.859375,1.2784202098846436,11.5705504,0.018141200940590352,0.009657299960963428,0.008483900979626924,0,4,0.0006434319948311895,0.008483900979626924,0.0003222980012651533,12845056.0,1605632.0
neu18_pattern_mining,2026-02-08T12:06:47,3,384,77,3,1.0,0.00028712215134873986,11.5705504,0.018360682879574597,0.009961139876395464,0.008399543003179133,0,4,0.0006237530033104122,0.008399543003179133,0.0003723609843291342,12845056.0,1605632.0
neu18_pattern_mining,2026-02-08T12:06:47,3,385,77,4,0.6666666666666666,2.9709317684173584,0.5519008,0.017577681865077466,0.009731169848237187,0.007846512016840279,0,4,0.000641224003629759,0.007846512016840279,0.0003318929811939597,602112.0,75264.0
neu18_pattern_mining,2026-02-08T12:06:48,4,381,77,0,1.0,0.004171210341155529,11.5705504,0.04670772689860314,0.035349089885130525,0.011358637013472617,0,4,0.0029657249979209155,0.011358637013472617,0.000569183990592137,12845056.0,1605632.0
neu18_pattern_mining,2026-02-08T12:06:48,4,382,77,1,1.0,0.013259653002023697,11.5705504,0.017457776761148125,0.009580429759807885,0.00787734700134024,0,4,0.0006314739875961095,0.00787734700134024,0.00032656898838467896,12845056.0,1605632.0
neu18_pattern_mining,2026-02-08T12:06:48,4,383,77,2,0.96875,0.1076088398694992,11.5705504,0.016398430947447196,0.008663299959152937,0.007735130988294259,0,4,0.0005705980001948774,0.007735130988294259,0.0002957319957204163,12845056.0,1605632.0
neu18_pattern_mining,2026-02-08T12:06:48,4,384,77,3,0.953125,0.09523511677980423,11.5705504,0.016345647192792967,0.008640540181659162,0.007705107011133805,0,4,0.0005559750134125352,0.007705107011133805,0.000308079004753381,12845056.0,1605632.0
neu18_pattern_mining,2026-02-08T12:06:48,4,385,77,4,0.6666666666666666,4.14617919921875,0.5519008,0.00941516982857138,0.0060146398027427495,0.0034005300258286297,0,4,0.0004073419841006398,0.0034005300258286297,0.00019412199617363513,602112.0,75264.0
neu18_pattern_mining,2026-02-08T12:06:49,0,386,78,0,1.0,0.00018037539848592132,11.5705504,0.03074757690774277,0.0223556999117136,0.008391876996029168,0,4,0.0017674360133241862,0.008391876996029168,0.0004681339778471738,12845056.0,1605632.0
neu18_pattern_mining,2026-02-08T12:06:49,0,387,78,1,1.0,0.010717625729739666,11.5705504,0.01194479307741858,0.005963940056972206,0.005980853020446375,0,4,0.00032953699701465666,0.005980853020446375,0.0002668570086825639,12845056.0,1605632.0
neu18_pattern_mining,2026-02-08T12:06:49,0,388,78,2,1.0,0.017904967069625854,11.5705504,0.014768288121558726,0.00783285009674728,0.006935438024811447,0,4,0.0005196100100874901,0.006935438024811447,0.00026367499958723783,12845056.0,1605632.0
neu18_pattern_mining,2026-02-08T12:06:50,0,389,78,3,0.984375,0.20802558958530426,11.5705504,0.017397277057170868,0.009113340056501329,0.008283937000669539,0,4,0.0006238959904294461,0.008283937000669539,0.0002874380152206868,12845056.0,1605632.0
neu18_pattern_mining,2026-02-08T12:06:50,0,390,78,4,0.5,2.1524887084960938,0.7325344,0.01680508113349788,0.00936671014642343,0.00743837098707445,0,4,0.0006402580183930695,0.00743837098707445,0.0002964129962492734,802816.0,100352.0
neu18_pattern_mining,2026-02-08T12:06:50,1,386,78,0,1.0,2.7188787498744205e-05,11.5705504,0.041420912952162325,0.03228051995392889,0.009140392998233438,0,4,0.002751460997387767,0.009140392998233438,0.00047659099800512195,12845056.0,1605632.0
neu18_pattern_mining,2026-02-08T12:06:50,1,387,78,1,0.921875,0.7607412338256836,11.5705504,0.0180587429786101,0.009569819958414882,0.008488923020195216,0,4,0.0006233890017028898,0.008488923020195216,0.00033359299413859844,12845056.0,1605632.0
neu18_pattern_mining,2026-02-08T12:06:50,1,388,78,2,1.0,0.010166192427277565,11.5705504,0.01801582708139904,0.009556520089972764,0.008459306991426274,0,4,0.0006189460109453648,0.008459306991426274,0.0003367059980519116,12845056.0,1605632.0
neu18_pattern_mining,2026-02-08T12:06:50,1,389,78,3,0.984375,0.03784940019249916,11.5705504,0.01802747623878531,0.009748090233188123,0.008279386005597189,0,4,0.0006273140024859458,0.008279386005597189,0.00034749502083286643,12845056.0,1605632.0
neu18_pattern_mining,2026-02-08T12:06:50,1,390,78,4,0.3333333333333333,5.631261825561523,0.5519008,0.01739701203769073,0.009656460024416447,0.007740552013274282,0,4,0.0006370430055540055,0.007740552013274282,0.00032860299688763916,602112.0,75264.0
neu18_pattern_mining,2026-02-08T12:06:51,2,386,78,0,1.0,0.0003071953833568841,11.5705504,0.03982687316602096,0.030630440160166472,0.009196433005854487,0,4,0.0025612100143916905,0.009196433005854487,0.0005018340016249567,12845056.0,1605632.0
neu18_pattern_mining,2026-02-08T12:06:51,2,387,78,1,0.984375,0.08197494596242905,11.5705504,0.012811640073778108,0.006873490056023002,0.005938150017755106,0,4,0.0004462299984879792,0.005938150017755106,0.000241119007114321,12845056.0,1605632.0
neu18_pattern_mining,2026-02-08T12:06:51,2,388,78,2,0.984375,0.044398024678230286,11.5705504,0.013452345679979771,0.007034669688437134,0.006417675991542637,0,4,0.00047363698831759393,0.006417675991542637,0.00022982998052611947,12845056.0,1605632.0
neu18_pattern_mining,2026-02-08T12:06:51,2,389,78,3,0.984375,0.09296305477619171,11.5705504,0.014339844026835635,0.0077159100328572094,0.006623933993978426,0,4,0.0005059510003775358,0.006623933993978426,0.0002656400029081851,12845056.0,1605632.0
neu18_pattern_mining,2026-02-08T12:06:51,2,390,78,4,0.6666666666666666,2.84208083152771,0.5519008,0.014095015823841095,0.007770579832140356,0.006324435991700739,0,4,0.0005208179936744273,0.006324435991700739,0.00025623998953960836,602112.0,75264.0
neu18_pattern_mining,2026-02-08T12:06:52,3,386,78,0,1.0,2.5903082132572308e-05,11.5705504,0.036920973914675415,0.029444599931593984,0.00747637398308143,0,4,0.002511859987862408,0.00747637398308143,0.0004326000052969903,12845056.0,1605632.0
neu18_pattern_mining,2026-02-08T12:06:52,3,387,78,1,1.0,2.187120117014274e-05,11.5705504,0.01795627613319084,0.009934960107784718,0.008021316025406122,0,4,0.0006598620093427598,0.008021316025406122,0.000333634001435712,12845056.0,1605632.0
neu18_pattern_mining,2026-02-08T12:06:52,3,388,78,2,0.984375,0.028962770476937294,11.5705504,0.018258357915328816,0.009761129913385957,0.008497228001942858,0,4,0.0006490439991466701,0.008497228001942858,0.00032706899219192564,12845056.0,1605632.0
neu18_pattern_mining,2026-02-08T12:06:52,3,389,78,3,0.953125,0.10851892828941345,11.5705504,0.015393292851513252,0.008435979834757745,0.006957313016755506,0,4,0.0005401349917519838,0.006957313016755506,0.00030346299172379076,12845056.0,1605632.0
neu18_pattern_mining,2026-02-08T12:06:52,3,390,78,4,0.6666666666666666,0.8576608300209045,0.5519008,0.012377328239381313,0.006908220238983631,0.005469108000397682,0,4,0.00045686200610361993,0.005469108000397682,0.00023396001779474318,602112.0,75264.0
neu18_pattern_mining,2026-02-08T12:06:53,4,386,78,0,1.0,9.983023483073339e-05,11.5705504,0.0465857622330077,0.035221770231146365,0.011363992001861334,0,4,0.0029934100166428834,0.011363992001861334,0.0005287670064717531,12845056.0,1605632.0
neu18_pattern_mining,2026-02-08T12:06:53,4,387,78,1,1.0,0.0005107047036290169,11.5705504,0.017483631003415212,0.009100140014197677,0.008383490989217535,0,4,0.0005749900010414422,0.008383490989217535,0.0003350240003783256,12845056.0,1605632.0
neu18_pattern_mining,2026-02-08T12:06:53,4,388,78,2,1.0,0.0020320331677794456,11.5705504,0.018094389990437776,0.009576960001140833,0.008517429989296943,0,4,0.0006238500063773245,0.008517429989296943,0.00033384599373675883,12845056.0,1605632.0
neu18_pattern_mining,2026-02-08T12:06:53,4,389,78,3,1.0,0.009332946501672268,11.5705504,0.018061253998894244,0.009609929984435439,0.008451324014458805,0,4,0.0006246150005608797,0.008451324014458805,0.0003363779978826642,12845056.0,1605632.0
neu18_pattern_mining,2026-02-08T12:06:53,4,390,78,4,0.6666666666666666,1.0831143856048584,0.5519008,0.016212447168072686,0.009162420174106956,0.00705002699396573,0,4,0.0006199930212460458,0.00705002699396573,0.0002962489961646497,602112.0,75264.0
neu18_pattern_mining,2026-02-08T12:06:54,0,391,79,0,1.0,0.0002313253644388169,11.5705504,0.03343492717249319,0.02501205017324537,0.00842287699924782,0,4,0.0020536760275717825,0.00842287699924782,0.00044752898975275457,12845056.0,1605632.0
neu18_pattern_mining,2026-02-08T12:06:54,0,392,79,1,0.9375,0.16998158395290375,11.5705504,0.01659989685867913,0.008806939877104014,0.0077929569815751165,0,4,0.0005673209961969405,0.0077929569815751165,0.0003133729915134609,12845056.0,1605632.0
neu18_pattern_mining,2026-02-08T12:06:55,0,393,79,2,0.90625,0.385123610496521,11.5705504,0.014690542098833248,0.007774000114295632,0.006916541984537616,0,4,0.0005054539942648262,0.006916541984537616,0.000271946017164737,12845056.0,1605632.0
neu18_pattern_mining,2026-02-08T12:06:55,0,394,79,3,0.984375,0.03597557172179222,11.5705504,0.014885667857015505,0.007883799844421446,0.007001868012594059,0,4,0.0005210009985603392,0.007001868012594059,0.0002673789858818054,12845056.0,1605632.0
neu18_pattern_mining,2026-02-08T12:06:55,0,395,79,4,1.0,0.15882427990436554,0.7325344,0.015182666684268042,0.008413059695158154,0.006769606989109889,0,4,0.0005757649778388441,0.006769606989109889,0.0002655409916769713,802816.0,100352.0
neu18_pattern_mining,2026-02-08T12:06:55,1,391,79,0,1.0,4.4486831029644236e-05,11.5705504,0.03629727681982331,0.02874801983125508,0.0075492569885682315,0,4,0.0024385979922953993,0.0075492569885682315,0.0004362039908301085,12845056.0,1605632.0
neu18_pattern_mining,2026-02-08T12:06:55,1,392,79,1,1.0,5.2985007641837e-05,11.5705504,0.014979895815486088,0.007969919824972749,0.00700997599051334,0,4,0.0005004809936508536,0.00700997599051334,0.00029651098884642124,12845056.0,1605632.0
neu18_pattern_mining,2026-02-08T12:06:55,1,393,79,2,1.0,0.01397743634879589,11.5705504,0.01603790174704045,0.008395429758820683,0.007642471988219768,0,4,0.0005500589904841036,0.007642471988219768,0.0002894839853979647,12845056.0,1605632.0
neu18_pattern_mining,2026-02-08T12:06:55,1,394,79,3,0.953125,0.2996138334274292,11.5705504,0.016048325021984056,0.008435490017291158,0.007612835004692897,0,4,0.0005523599975276738,0.007612835004692897,0.000291189004201442,12845056.0,1605632.0
neu18_pattern_mining,2026-02-08T12:06:55,1,395,79,4,0.3333333333333333,2.3935155868530273,0.5519008,0.01612790598301217,0.009050329972524196,0.007077576010487974,0,4,0.0005963419971521944,0.007077576010487974,0.0003086910001002252,602112.0,75264.0
neu18_pattern_mining,2026-02-08T12:06:56,2,391,79,0,1.0,0.0009410715429112315,11.5705504,0.04840674719889648,0.03895104018738493,0.00945570701151155,0,4,0.003274559014244005,0.00945570701151155,0.0006205450044944882,12845056.0,1605632.0
neu18_pattern_mining,2026-02-08T12:06:56,2,392,79,1,0.984375,0.25223666429519653,11.5705504,0.014028482866706327,0.007490759890060872,0.006537722976645455,0,4,0.0004906730027869344,0.006537722976645455,0.0002584029862191528,12845056.0,1605632.0
neu18_pattern_mining,2026-02-08T12:06:56,2,393,79,2,0.953125,0.06168890371918678,11.5705504,0.016380901011871174,0.0087839100160636,0.007596990995807573,0,4,0.000572619988815859,0.007596990995807573,0.0003057710127905011,12845056.0,1605632.0
neu18_pattern_mining,2026-02-08T12:06:56,2,394,79,3,1.0,0.017415862530469894,11.5705504,0.014762390084797516,0.007826430082786828,0.006935960002010688,0,4,0.0005050030013080686,0.006935960002010688,0.0002776400069706142,12845056.0,1605632.0
neu18_pattern_mining,2026-02-08T12:06:56,2,395,79,4,0.6666666666666666,1.6847723722457886,0.5519008,0.014726433117175475,0.008209370134864002,0.006517062982311472,0,4,0.0005454470228869468,0.006517062982311472,0.00027548999059945345,602112.0,75264.0
neu18_pattern_mining,2026-02-08T12:06:57,3,391,79,0,1.0,4.822672781301662e-05,11.5705504,0.04033870290732011,0.03272064990596846,0.0076180530013516545,0,4,0.0028307980101089925,0.0076180530013516545,0.0004412669804878533,12845056.0,1605632.0
neu18_pattern_mining,2026-02-08T12:06:57,3,392,79,1,0.984375,0.025867503136396408,11.5705504,0.014117686019744724,0.007625680009368807,0.006492006010375917,0,4,0.0004894000012427568,0.006492006010375917,0.00027316799969412386,12845056.0,1605632.0
neu18_pattern_mining,2026-02-08T12:06:57,3,393,79,2,0.96875,0.08158278465270996,11.5705504,0.01479024303262122,0.007842670020181686,0.006947573012439534,0,4,0.0005195330013521016,0.006947573012439534,0.000264734000666067,12845056.0,1605632.0
neu18_pattern_mining,2026-02-08T12:06:57,3,394,79,3,0.890625,0.3074091374874115,11.5705504,0.014825310179730877,0.007836290169507265,0.006989020010223612,0,4,0.0005195150151848793,0.006989020010223612,0.0002641140017658472,12845056.0,1605632.0
neu18_pattern_mining,2026-02-08T12:06:57,3,395,79,4,0.6666666666666666,1.998904824256897,0.5519008,0.014683431858429685,0.008249229867942631,0.006434201990487054,0,4,0.0005410579906310886,0.006434201990487054,0.0002838649961631745,602112.0,75264.0
neu18_pattern_mining,2026-02-08T12:06:58,4,391,79,0,1.0,2.0815299649257213e-05,11.5705504,0.06113517566700466,0.047453519655391574,0.013681656011613086,0,4,0.003790232993196696,0.013681656011613086,0.0009551189723424613,12845056.0,1605632.0
neu18_pattern_mining,2026-02-08T12:06:58,4,392,79,1,0.96875,0.18784219026565552,11.5705504,0.02017034127493389,0.010662390268407762,0.009507951006526127,0,4,0.0006981890182942152,0.009507951006526127,0.000368050008546561,12845056.0,1605632.0
neu18_pattern_mining,2026-02-08T12:06:58,4,393,79,2,1.0,0.0004968823632225394,11.5705504,0.01815411532879807,0.009635000315029174,0.008519115013768896,0,4,0.0006269760197028518,0.008519115013768896,0.00033652401180006564,12845056.0,1605632.0
neu18_pattern_mining,2026-02-08T12:06:58,4,394,79,3,0.984375,0.15069523453712463,11.5705504,0.017674354050541297,0.00923529005376622,0.008439063996775076,0,4,0.0006060560117475688,0.008439063996775076,0.00031747299362905324,12845056.0,1605632.0
neu18_pattern_mining,2026-02-08T12:06:58,4,395,79,4,0.6666666666666666,0.8705661296844482,0.5519008,0.017534044134663418,0.009719690133351833,0.007814354001311585,0,4,0.0006435010000132024,0.007814354001311585,0.00032846801332198083,602112.0,75264.0
neu18_pattern_mining,2026-02-08T12:06:59,0,396,80,0,1.0,0.00010929590644082054,11.5705504,0.02485961699858308,0.01614565000636503,0.008713966992218047,0,4,0.0011673459957819432,0.008713966992218047,0.0004472190048545599,12845056.0,1605632.0
neu18_pattern_mining,2026-02-08T12:06:59,0,397,80,1,1.0,0.0017769266851246357,11.5705504,0.015226173069095239,0.008250740065705031,0.006975433003390208,0,4,0.0005330159910954535,0.006975433003390208,0.0002920580154750496,12845056.0,1605632.0
neu18_pattern_mining,2026-02-08T12:06:59,0,398,80,2,0.984375,0.05383818596601486,11.5705504,0.014870824757963419,0.00789375975728035,0.006977065000683069,0,4,0.0005242949991952628,0.006977065000683069,0.0002650809765327722,12845056.0,1605632.0
neu18_pattern_mining,2026-02-08T12:06:59,0,399,80,3,0.921875,0.25192031264305115,11.5705504,0.01582362307817675,0.008358010090887547,0.007465612987289205,0,4,0.0005629430233966559,0.007465612987289205,0.00027285798569209874,12845056.0,1605632.0
neu18_pattern_mining,2026-02-08T12:07:00,0,400,80,4,0.75,1.971653938293457,0.7325344,0.01617941865697503,0.00922923965845257,0.0069501789985224605,0,4,0.0006359449762385339,0.0069501789985224605,0.0002869789896067232,802816.0,100352.0
neu18_pattern_mining,2026-02-08T12:07:00,1,396,80,0,1.0,0.0076194824650883675,11.5705504,0.059944527805782855,0.04532403982011601,0.014620487985666841,0,4,0.003809718997217715,0.014620487985666841,0.0007226849847938865,12845056.0,1605632.0
neu18_pattern_mining,2026-02-08T12:07:00,1,397,80,1,0.984375,0.1296360194683075,11.5705504,0.01943139889044687,0.010166619904339314,0.009264778986107558,0,4,0.0006471390079241246,0.009264778986107558,0.00036952298250980675,12845056.0,1605632.0
neu18_pattern_mining,2026-02-08T12:07:00,1,398,80,2,0.953125,0.1254517287015915,11.5705504,0.020079344074474648,0.01075784006388858,0.009321504010586068,0,4,0.0007145540148485452,0.009321504010586068,0.00036122999154031277,12845056.0,1605632.0
neu18_pattern_mining,2026-02-08T12:07:00,1,399,80,3,0.953125,0.12345880270004272,11.5705504,0.01996018784120679,0.01061141985701397,0.009348767984192818,0,4,0.0006878319836687297,0.009348767984192818,0.0003733100020326674,12845056.0,1605632.0
neu18_pattern_mining,2026-02-08T12:07:00,1,400,80,4,0.6666666666666666,1.0083895921707153,0.5519008,0.0196828770567663,0.010640200052876025,0.009042677003890276,0,4,0.0007347869977820665,0.009042677003890276,0.0003292330075055361,602112.0,75264.0
neu18_pattern_mining,2026-02-08T12:07:01,2,396,80,0,1.0,0.00030797801446169615,11.5705504,0.039676492888247594,0.03224232990760356,0.007434162980644032,0,4,0.002806739998050034,0.007434162980644032,0.00041749299271032214,12845056.0,1605632.0
neu18_pattern_mining,2026-02-08T12:07:01,2,397,80,1,0.96875,0.07157858461141586,11.5705504,0.015178200352238491,0.00855635036714375,0.006621849985094741,0,4,0.000562017026823014,0.006621849985094741,0.000293618009891361,12845056.0,1605632.0
neu18_pattern_mining,2026-02-08T12:07:01,2,398,80,2,0.984375,0.23634368181228638,11.5705504,0.016483621788211167,0.00937196979066357,0.007111651997547597,0,4,0.0006156479939818382,0.007111651997547597,0.0003215489850845188,12845056.0,1605632.0
neu18_pattern_mining,2026-02-08T12:07:01,2,399,80,3,0.96875,0.072864830493927,11.5705504,0.015395837021060288,0.008315570012200624,0.007080267008859664,0,4,0.0005420960078481585,0.007080267008859664,0.0002894609933719039,12845056.0,1605632.0
neu18_pattern_mining,2026-02-08T12:07:01,2,400,80,4,0.3333333333333333,3.5196926593780518,0.5519008,0.0136523149558343,0.007713389932177961,0.0059389250236563385,0,4,0.0004979009972885251,0.0059389250236563385,0.000273437995929271,602112.0,75264.0
neu18_pattern_mining,2026-02-08T12:07:02,3,396,80,0,1.0,0.000472950137918815,11.5705504,0.04186585053685121,0.034205429547000676,0.007660420989850536,0,4,0.002984626975376159,0.007660420989850536,0.0004359159793239087,12845056.0,1605632.0
neu18_pattern_mining,2026-02-08T12:07:02,3,397,80,1,0.953125,0.38587936758995056,11.5705504,0.014634350227424875,0.008167580235749483,0.006466769991675392,0,4,0.0005754170124419034,0.006466769991675392,0.00024134101113304496,12845056.0,1605632.0
neu18_pattern_mining,2026-02-08T12:07:02,3,398,80,2,0.765625,1.8848648071289062,11.5705504,0.012829187122406438,0.0068375401315279305,0.0059916469908785075,0,4,0.00045132500235922635,0.0059916469908785075,0.0002324290107935667,12845056.0,1605632.0
neu18_pattern_mining,2026-02-08T12:07:02,3,399,80,3,1.0,0.0020711596589535475,11.5705504,0.007373702130280435,0.003918280126526952,0.0034554220037534833,0,4,0.0002514540101401508,0.0034554220037534833,0.0001403740025125444,12845056.0,1605632.0
neu18_pattern_mining,2026-02-08T12:07:02,3,400,80,4,0.3333333333333333,5.007546901702881,0.5519008,0.01099550016806461,0.006179530173540115,0.004815969994524494,0,4,0.0004304590111132711,0.004815969994524494,0.00018749400624074042,602112.0,75264.0
neu18_pattern_mining,2026-02-08T12:07:03,4,396,80,0,0.984375,0.02258278802037239,11.5705504,0.05414309204206802,0.04302596003981307,0.011117132002254948,0,4,0.0036043250001966953,0.011117132002254948,0.0006982710037846118,12845056.0,1605632.0
neu18_pattern_mining,2026-02-08T12:07:03,4,397,80,1,0.953125,0.10914596915245056,11.5705504,0.01830943996901624,0.009774829959496856,0.008534610009519383,0,4,0.0006320450047496706,0.008534610009519383,0.00034543799120001495,12845056.0,1605632.0
neu18_pattern_mining,2026-02-08T12:07:03,4,398,80,2,0.921875,0.3338063359260559,11.5705504,0.018845178856281564,0.010227529855910689,0.008617649000370875,0,4,0.0006675519980490208,0.008617649000370875,0.0003552009875420481,12845056.0,1605632.0
neu18_pattern_mining,2026-02-08T12:07:03,4,399,80,3,0.96875,0.44856855273246765,11.5705504,0.017668794229393825,0.009238330239895731,0.008430463989498094,0,4,0.0006295010098256171,0.008430463989498094,0.00029433201416395605,12845056.0,1605632.0
neu18_pattern_mining,2026-02-08T12:07:03,4,400,80,4,0.3333333333333333,3.8772928714752197,0.5519008,0.016184811858693138,0.009121059847529978,0.00706375201116316,0,4,0.0005955329979769886,0.00706375201116316,0.0003165729867760092,602112.0,75264.0
neu18_pattern_mining,2026-02-08T12:07:04,0,401,81,0,0.984375,0.03172970190644264,11.5705504,0.02860133198555559,0.02082963997963816,0.00777169200591743,0,4,0.00168174400459975,0.00777169200591743,0.0004012199933640659,12845056.0,1605632.0
neu18_pattern_mining,2026-02-08T12:07:05,0,402,81,1,0.953125,0.19432778656482697,11.5705504,0.018643404095200822,0.010091880103573203,0.008551523991627619,0,4,0.0006547690136358142,0.008551523991627619,0.0003544189967215061,12845056.0,1605632.0
neu18_pattern_mining,2026-02-08T12:07:05,0,403,81,2,0.953125,0.14685595035552979,11.5705504,0.016264677833532915,0.008498469833284616,0.007766208000248298,0,4,0.0005566600011661649,0.007766208000248298,0.00029318698216229677,12845056.0,1605632.0
neu18_pattern_mining,2026-02-08T12:07:05,0,404,81,3,0.984375,0.029907433316111565,11.5705504,0.01588377499138005,0.008356990001630038,0.007526784989750013,0,4,0.0005455240025185049,0.007526784989750013,0.00029017499764449894,12845056.0,1605632.0
neu18_pattern_mining,2026-02-08T12:07:05,0,405,81,4,0.75,1.1231893301010132,0.7325344,0.01635347999399528,0.009385599987581372,0.006967880006413907,0,4,0.0006437450065277517,0.006967880006413907,0.00029481499223038554,802816.0,100352.0
neu18_pattern_mining,2026-02-08T12:07:05,1,401,81,0,1.0,0.0013172260951250792,11.5705504,0.05451468093087897,0.040760769916232675,0.013753911014646292,0,4,0.003335451998282224,0.013753911014646292,0.0007406249933410436,12845056.0,1605632.0
neu18_pattern_mining,2026-02-08T12:07:05,1,402,81,1,1.0,0.004711763467639685,11.5705504,0.01802527194377035,0.009694049949757755,0.008331221994012594,0,4,0.0006426470063161105,0.008331221994012594,0.000326757988659665,12845056.0,1605632.0
neu18_pattern_mining,2026-02-08T12:07:05,1,403,81,2,0.984375,0.04645443707704544,11.5705504,0.017913509189384058,0.009520540188532323,0.008392969000851735,0,4,0.0006219409988261759,0.008392969000851735,0.00033011302002705634,12845056.0,1605632.0
neu18_pattern_mining,2026-02-08T12:07:05,1,404,81,3,0.765625,2.012472629547119,11.5705504,0.016666147887008265,0.009022149897646159,0.007643997989362106,0,4,0.0005990490026306361,0.007643997989362106,0.0003031659871339798,12845056.0,1605632.0
neu18_pattern_mining,2026-02-08T12:07:05,1,405,81,4,1.0,0.01086904015392065,0.5519008,0.015476576809305698,0.00829020980745554,0.007186367001850158,0,4,0.0005367159901652485,0.007186367001850158,0.00029230499058030546,602112.0,75264.0
neu18_pattern_mining,2026-02-08T12:07:06,2,401,81,0,1.0,8.886647265171632e-05,11.5705504,0.054511599300894886,0.041131420293822885,0.013380179007072002,0,4,0.003491697018034756,0.013380179007072002,0.0006214450113475323,12845056.0,1605632.0
neu18_pattern_mining,2026-02-08T12:07:06,2,402,81,1,0.984375,0.08828327059745789,11.5705504,0.018104681104887277,0.009659120114520192,0.008445560990367085,0,4,0.0006294360209722072,0.008445560990367085,0.000336475990479812,12845056.0,1605632.0
neu18_pattern_mining,2026-02-08T12:07:06,2,403,81,2,0.96875,0.08717861771583557,11.5705504,0.014656066836323589,0.007737249834463,0.006918817001860589,0,4,0.0005073249922133982,0.006918817001860589,0.0002663999912329018,12845056.0,1605632.0
neu18_pattern_mining,2026-02-08T12:07:06,2,404,81,3,0.984375,0.0226006917655468,11.5705504,0.012458763114409521,0.00657221011351794,0.005886553000891581,0,4,0.00043258199002593756,0.005886553000891581,0.00022463902132585645,12845056.0,1605632.0
neu18_pattern_mining,2026-02-08T12:07:06,2,405,81,4,0.3333333333333333,1.3373740911483765,0.5519008,0.013455384003464133,0.007515100005548447,0.005940283997915685,0,4,0.0004979519871994853,0.005940283997915685,0.00025355801335535944,602112.0,75264.0
neu18_pattern_mining,2026-02-08T12:07:07,3,401,81,0,1.0,1.5440509741893038e-05,11.5705504,0.036807891010539606,0.029109210008755326,0.00769868100178428,0,4,0.002466105011990294,0.00769868100178428,0.00044481598888523877,12845056.0,1605632.0
neu18_pattern_mining,2026-02-08T12:07:07,3,402,81,1,1.0,2.899819810409099e-05,11.5705504,0.011365564190782607,0.006114010175224394,0.005251554015558213,0,4,0.0003970740071963519,0.005251554015558213,0.00021432701032608747,12845056.0,1605632.0
neu18_pattern_mining,2026-02-08T12:07:07,3,403,81,2,1.0,0.0002754796005319804,11.5705504,0.01264369473210536,0.007646249723620713,0.004997445008484647,0,4,0.0005704089999198914,0.004997445008484647,0.00019421597244217992,12845056.0,1605632.0
neu18_pattern_mining,2026-02-08T12:07:07,3,404,81,3,0.9375,0.38253071904182434,11.5705504,0.00899934783228673,0.004788799851667136,0.0042105479806195945,0,4,0.0003168059920426458,0.0042105479806195945,0.00016207399312406778,12845056.0,1605632.0
neu18_pattern_mining,2026-02-08T12:07:07,3,405,81,4,0.0,2.8166139125823975,0.5519008,0.00895945614320226,0.005249050154816359,0.003710405988385901,0,4,0.000363043014658615,0.003710405988385901,0.00016186200082302094,602112.0,75264.0
neu18_pattern_mining,2026-02-08T12:07:08,4,401,81,0,1.0,1.8162058040616103e-05,11.5705504,0.03798030418693088,0.02891569019993767,0.009064613986993209,0,4,0.002212768013123423,0.009064613986993209,0.0006788010068703443,12845056.0,1605632.0
neu18_pattern_mining,2026-02-08T12:07:08,4,402,81,1,1.0,3.483961700112559e-05,11.5705504,0.017560058244271204,0.009037600248120725,0.008522457996150479,0,4,0.0005697500018868595,0.008522457996150479,0.000334010022925213,12845056.0,1605632.0
neu18_pattern_mining,2026-02-08T12:07:08,4,403,81,2,1.0,0.0013227105373516679,11.5705504,0.014945512026315555,0.008022050024010241,0.006923462002305314,0,4,0.0005348529957700521,0.006923462002305314,0.00026735200663097203,12845056.0,1605632.0
neu18_pattern_mining,2026-02-08T12:07:08,4,404,81,3,0.953125,0.1299845576286316,11.5705504,0.014075831713853404,0.008144779712893069,0.005931052000960335,0,4,0.0005866079882252961,0.005931052000960335,0.00022786998306401074,12845056.0,1605632.0
neu18_pattern_mining,2026-02-08T12:07:08,4,405,81,4,0.6666666666666666,1.2673537731170654,0.5519008,0.010531877691391855,0.006210929714143276,0.004320947977248579,0,4,0.0004383759805932641,0.004320947977248579,0.00018271699082106352,602112.0,75264.0
neu18_pattern_mining,2026-02-08T12:07:10,0,406,82,0,1.0,0.0003743852721527219,11.5705504,0.03580822312505916,0.025789870123844594,0.010018353001214564,0,4,0.002067769004497677,0.010018353001214564,0.0005112180078867823,12845056.0,1605632.0
neu18_pattern_mining,2026-02-08T12:07:10,0,407,82,1,1.0,0.0018882654840126634,11.5705504,0.017724595207255334,0.009962110198102891,0.007762485009152442,0,4,0.0006678650097455829,0.007762485009152442,0.0003283460100647062,12845056.0,1605632.0
neu18_pattern_mining,2026-02-08T12:07:10,0,408,82,2,1.0,0.003977272659540176,11.5705504,0.017273832054343075,0.009063970064744353,0.008209861989598721,0,4,0.0005999100103508681,0.008209861989598721,0.0003064869961235672,12845056.0,1605632.0
neu18_pattern_mining,2026-02-08T12:07:10,0,409,82,3,0.703125,1.5097908973693848,11.5705504,0.015863877342781052,0.00841992034111172,0.007443957001669332,0,4,0.0005542630096897483,0.007443957001669332,0.0002877290244214237,12845056.0,1605632.0
neu18_pattern_mining,2026-02-08T12:07:10,0,410,82,4,1.0,0.00023776150192134082,0.7325344,0.013991380197694525,0.007787390204612166,0.006203989993082359,0,4,0.0005333040026016533,0.006203989993082359,0.00024543501785956323,802816.0,100352.0
neu18_pattern_mining,2026-02-08T12:07:10,1,406,82,0,1.0,0.00024666445096954703,11.5705504,0.03542432506219484,0.027839060057885945,0.007585265004308894,0,4,0.0023556480009574443,0.007585265004308894,0.0004282580048311502,12845056.0,1605632.0
neu18_pattern_mining,2026-02-08T12:07:10,1,407,82,1,1.0,0.00048581138253211975,11.5705504,0.01746141293551773,0.009191629942506552,0.008269782993011177,0,4,0.0006150490080472082,0.008269782993011177,0.000304113986203447,12845056.0,1605632.0
neu18_pattern_mining,2026-02-08T12:07:10,1,408,82,2,1.0,0.004245142452418804,11.5705504,0.016156187921296805,0.008574849925935268,0.007581337995361537,0,4,0.0005609380023088306,0.007581337995361537,0.0002965469902846962,12845056.0,1605632.0
neu18_pattern_mining,2026-02-08T12:07:10,1,409,82,3,0.96875,0.16045865416526794,11.5705504,0.014791902125580236,0.0077377501293085515,0.007054151996271685,0,4,0.0005076550005469471,0.007054151996271685,0.00026612001238390803,12845056.0,1605632.0
neu18_pattern_mining,2026-02-08T12:07:10,1,410,82,4,0.6666666666666666,1.0622631311416626,0.5519008,0.01490025530802086,0.008167380292434245,0.006732875015586615,0,4,0.0005332940199878067,0.006732875015586615,0.00028344400925561786,602112.0,75264.0
neu18_pattern_mining,2026-02-08T12:07:11,2,406,82,0,1.0,0.00011974028893746436,11.5705504,0.05975097298505716,0.04511639999691397,0.01463457298814319,0,4,0.0038244099996518344,0.01463457298814319,0.0006872300000395626,12845056.0,1605632.0
neu18_pattern_mining,2026-02-08T12:07:11,2,407,82,1,1.0,0.016490288078784943,11.5705504,0.0180713408626616,0.00970856985077262,0.00836277101188898,0,4,0.0006393989897333086,0.00836277101188898,0.00033145799534395337,12845056.0,1605632.0
neu18_pattern_mining,2026-02-08T12:07:11,2,408,82,2,0.96875,0.09415265917778015,11.5705504,0.017854680976597592,0.009464489994570613,0.00839019098202698,0,4,0.0006265839911065996,0.00839019098202698,0.0003198650083504617,12845056.0,1605632.0
neu18_pattern_mining,2026-02-08T12:07:11,2,409,82,3,0.9375,0.709638774394989,11.5705504,0.01768291389453225,0.009352779889013618,0.00833013400551863,0,4,0.0006193519802764058,0.00833013400551863,0.000315926008624956,12845056.0,1605632.0
neu18_pattern_mining,2026-02-08T12:07:11,2,410,82,4,0.3333333333333333,4.213707447052002,0.5519008,0.018438017868902534,0.010139659862034023,0.008298358006868511,0,4,0.0006621259963139892,0.008298358006868511,0.0003518399898894131,602112.0,75264.0
neu18_pattern_mining,2026-02-08T12:07:12,3,406,82,0,1.0,0.0073120445013046265,11.5705504,0.03832808227161877,0.02927945024566725,0.00904863202595152,0,4,0.0024900510034058243,0.00904863202595152,0.0004378940211609006,12845056.0,1605632.0
neu18_pattern_mining,2026-02-08T12:07:12,3,407,82,1,0.90625,0.662529706954956,11.5705504,0.01084626410738565,0.005573790112975985,0.0052724739944096655,0,4,0.00033947499468922615,0.0052724739944096655,0.00021790401660837233,12845056.0,1605632.0
neu18_pattern_mining,2026-02-08T12:07:12,3,408,82,2,1.0,0.0173775777220726,11.5705504,0.008838932728394866,0.004718259733635932,0.004120672994758934,0,4,0.0003144429938402027,0.004120672994758934,0.00015738297952339053,12845056.0,1605632.0
neu18_pattern_mining,2026-02-08T12:07:12,3,409,82,3,1.0,0.024942532181739807,11.5705504,0.008267494878964499,0.0044482998782768846,0.003819195000687614,0,4,0.00029587000608444214,0.003819195000687614,0.00014895998174324632,12845056.0,1605632.0
neu18_pattern_mining,2026-02-08T12:07:12,3,410,82,4,0.3333333333333333,2.2566423416137695,0.5519008,0.010952906974125654,0.007363269978668541,0.003589636995457113,0,4,0.0005814229953102767,0.003589636995457113,0.00015490400255657732,602112.0,75264.0
neu18_pattern_mining,2026-02-08T12:07:13,4,406,82,0,1.0,0.0002148154890164733,11.5705504,0.06403931314707734,0.04723045014543459,0.01680886300164275,0,4,0.00405546699767001,0.01680886300164275,0.0006675780168734491,12845056.0,1605632.0
neu18_pattern_mining,2026-02-08T12:07:13,4,407,82,1,1.0,9.307191248808522e-06,11.5705504,0.01829326621373184,0.009864010207820684,0.008429256005911157,0,4,0.0006389330083038658,0.008429256005911157,0.0003474680124782026,12845056.0,1605632.0
neu18_pattern_mining,2026-02-08T12:07:13,4,408,82,2,0.953125,0.29527124762535095,11.5705504,0.014899969770340249,0.007935929752420634,0.006964040017919615,0,4,0.0005145059840288013,0.006964040017919615,0.0002790869912132621,12845056.0,1605632.0
neu18_pattern_mining,2026-02-08T12:07:13,4,409,82,3,0.9375,0.21687650680541992,11.5705504,0.01349049195414409,0.007082179945427924,0.006408312008716166,0,4,0.0004644090076908469,0.006408312008716166,0.00024380898685194552,12845056.0,1605632.0
neu18_pattern_mining,2026-02-08T12:07:13,4,410,82,4,1.0,0.013367787934839725,0.5519008,0.012019033019896597,0.0066193900420330465,0.00539964297786355,0,4,0.0004455799935385585,0.00539964297786355,0.00021635901066474617,602112.0,75264.0
neu18_pattern_mining,2026-02-08T12:07:15,0,411,83,0,1.0,0.00023539313406217843,11.5705504,0.047611118061468005,0.03535619005560875,0.012254928005859256,0,4,0.0029348630050662905,0.012254928005859256,0.0006007560004945844,12845056.0,1605632.0
neu18_pattern_mining,2026-02-08T12:07:15,0,412,83,1,0.984375,0.07007837295532227,11.5705504,0.016019211994716898,0.008864859992172569,0.007154352002544329,0,4,0.0005634359840769321,0.007154352002544329,0.00032305001514032483,12845056.0,1605632.0
neu18_pattern_mining,2026-02-08T12:07:15,0,413,83,2,1.0,0.012349623255431652,11.5705504,0.01626123723690398,0.008700270263943821,0.007560966972960159,0,4,0.0005651250248774886,0.007560966972960159,0.0003049020015168935,12845056.0,1605632.0
neu18_pattern_mining,2026-02-08T12:07:15,0,414,83,3,0.90625,0.5831429958343506,11.5705504,0.015824930829694495,0.008287429809570312,0.007537501020124182,0,4,0.0005329829873517156,0.007537501020124182,0.0002957599936053157,12845056.0,1605632.0
neu18_pattern_mining,2026-02-08T12:07:15,0,415,83,4,0.5,0.6849602460861206,0.7325344,0.016023680014768615,0.009108480007853359,0.006915200006915256,0,4,0.0006291749887168407,0.006915200006915256,0.00028167301206849515,802816.0,100352.0
neu18_pattern_mining,2026-02-08T12:07:15,1,411,83,0,1.0,0.0001232790236826986,11.5705504,0.05897443799767643,0.04572751000523567,0.01324692799244076,0,4,0.003725876013049856,0.01324692799244076,0.0008468749874737114,12845056.0,1605632.0
neu18_pattern_mining,2026-02-08T12:07:15,1,412,83,1,1.0,0.0019221979891881347,11.5705504,0.013217778003308922,0.007278900011442602,0.00593887799186632,0,4,0.00043991999700665474,0.00593887799186632,0.00028797000413760543,12845056.0,1605632.0
neu18_pattern_mining,2026-02-08T12:07:15,1,413,83,2,0.8125,2.167755603790283,11.5705504,0.014983331086114049,0.008021850080695003,0.006961481005419046,0,4,0.0005364000098779798,0.006961481005419046,0.00026578499819152057,12845056.0,1605632.0
neu18_pattern_mining,2026-02-08T12:07:15,1,414,83,3,0.90625,0.6875932216644287,11.5705504,0.014672748133307323,0.007802880136296153,0.00686986799701117,0,4,0.000516054016770795,0.00686986799701117,0.0002642339968588203,12845056.0,1605632.0
neu18_pattern_mining,2026-02-08T12:07:15,1,415,83,4,0.0,4.962438583374023,0.5519008,0.014788028900511563,0.00811387988505885,0.006674149015452713,0,4,0.0005379339854698628,0.006674149015452713,0.0002734540030360222,602112.0,75264.0
neu18_pattern_mining,2026-02-08T12:07:16,2,411,83,0,1.0,0.001562253339216113,11.5705504,0.04338318106601946,0.03442226006882265,0.008960920997196808,0,4,0.002921345003414899,0.008960920997196808,0.0005208810034673661,12845056.0,1605632.0
neu18_pattern_mining,2026-02-08T12:07:16,2,412,83,1,1.0,0.00014052906772121787,11.5705504,0.01643808206426911,0.008794220048002899,0.007643862016266212,0,4,0.0005763689987361431,0.007643862016266212,0.00030305300606414676,12845056.0,1605632.0
neu18_pattern_mining,2026-02-08T12:07:16,2,413,83,2,0.96875,0.08541876077651978,11.5705504,0.016381956927943975,0.008803739910945296,0.0075782170169986784,0,4,0.0005728800024371594,0.0075782170169986784,0.0003074939886573702,12845056.0,1605632.0
neu18_pattern_mining,2026-02-08T12:07:16,2,414,83,3,0.9375,0.24103553593158722,11.5705504,0.016119649139000103,0.00857505016028881,0.007544598978711292,0,4,0.0005667110090143979,0.007544598978711292,0.0002907940070144832,12845056.0,1605632.0
neu18_pattern_mining,2026-02-08T12:07:16,2,415,83,4,1.0,0.07154679298400879,0.5519008,0.01584216917399317,0.00877906015375629,0.00706310902023688,0,4,0.0005799210048280656,0.00706310902023688,0.00029798501054756343,602112.0,75264.0
neu18_pattern_mining,2026-02-08T12:07:17,3,411,83,0,0.984375,0.09287607669830322,11.5705504,0.068772713013459,0.05024685000535101,0.01852586300810799,0,4,0.004278081003576517,0.01852586300810799,0.0007466039969585836,12845056.0,1605632.0
neu18_pattern_mining,2026-02-08T12:07:17,3,412,83,1,0.9375,0.2831827402114868,11.5705504,0.02014890912687406,0.010772370151244104,0.009376538975629956,0,4,0.0007101980154402554,0.009376538975629956,0.000367038999684155,12845056.0,1605632.0
neu18_pattern_mining,2026-02-08T12:07:17,3,413,83,2,1.0,0.03182647377252579,11.5705504,0.0201168101048097,0.0107127201044932,0.0094040900003165,0,4,0.0007143540133256465,0.0094040900003165,0.00035691799712367356,12845056.0,1605632.0
neu18_pattern_mining,2026-02-08T12:07:17,3,414,83,3,0.875,0.30406081676483154,11.5705504,0.020207204157486558,0.01073134015314281,0.009475864004343748,0,4,0.000693019013851881,0.009475864004343748,0.00038011500146239996,12845056.0,1605632.0
neu18_pattern_mining,2026-02-08T12:07:17,3,415,83,4,1.0,0.007540347520262003,0.5519008,0.018168470065575093,0.010337950079701841,0.007830519985873252,0,4,0.0006869779899716377,0.007830519985873252,0.00034681701799854636,602112.0,75264.0
neu18_pattern_mining,2026-02-08T12:07:18,4,411,83,0,1.0,0.0018938530702143908,11.5705504,0.06097537890309468,0.04621364991180599,0.014761728991288692,0,4,0.0037801259895786643,0.014761728991288692,0.0008412390016019344,12845056.0,1605632.0
neu18_pattern_mining,2026-02-08T12:07:18,4,412,83,1,1.0,0.01255718432366848,11.5705504,0.02037289898726158,0.010920909990090877,0.009451988997170702,0,4,0.0007043259975034744,0.009451988997170702,0.0003877650015056133,12845056.0,1605632.0
neu18_pattern_mining,2026-02-08T12:07:18,4,413,83,2,0.859375,0.7561660408973694,11.5705504,0.017763382871635258,0.009264549880754203,0.008498832990881056,0,4,0.0006056129932403564,0.008498832990881056,0.0003208419948350638,12845056.0,1605632.0
neu18_pattern_mining,2026-02-08T12:07:18,4,414,83,3,0.984375,0.038448791950941086,11.5705504,0.017738304566591978,0.009328069572802633,0.008410234993789345,0,4,0.0006151439738459885,0.008410234993789345,0.0003176629834342748,12845056.0,1605632.0
neu18_pattern_mining,2026-02-08T12:07:18,4,415,83,4,0.3333333333333333,2.96921706199646,0.5519008,0.017912281240569428,0.010061790235340595,0.007850491005228832,0,4,0.000671646004775539,0.007850491005228832,0.0003345330187585205,602112.0,75264.0
neu18_pattern_mining,2026-02-08T12:07:20,0,416,84,0,1.0,0.0003557973832357675,11.5705504,0.029019012930803,0.02109730994561687,0.00792170298518613,0,4,0.0017228949873242527,0.00792170298518613,0.0003868360072374344,12845056.0,1605632.0
neu18_pattern_mining,2026-02-08T12:07:20,0,417,84,1,0.984375,0.14879915118217468,11.5705504,0.015322935010772198,0.008278180030174553,0.007044754980597645,0,4,0.0005434530030470341,0.007044754980597645,0.0002843649999704212,12845056.0,1605632.0
neu18_pattern_mining,2026-02-08T12:07:20,0,418,84,2,0.96875,0.23740606009960175,11.5705504,0.016195286909351125,0.008584829920437187,0.007610456988913938,0,4,0.0005704869981855154,0.007610456988913938,0.0002879959938582033,12845056.0,1605632.0
neu18_pattern_mining,2026-02-08T12:07:20,0,419,84,3,0.953125,0.3287518620491028,11.5705504,0.014800631965044886,0.007948919956106693,0.006851712008938193,0,4,0.0005152380035724491,0.006851712008938193,0.00027965399203822017,12845056.0,1605632.0
neu18_pattern_mining,2026-02-08T12:07:20,0,420,84,4,0.5,1.8816561698913574,0.7325344,0.014828240848146379,0.008471699838992208,0.006356541009154171,0,4,0.000574715988477692,0.006356541009154171,0.0002724539954215288,802816.0,100352.0
neu18_pattern_mining,2026-02-08T12:07:20,1,416,84,0,1.0,1.0383751941844821e-05,11.5705504,0.04188681815867312,0.03248740016715601,0.009399417991517112,0,4,0.002761062001809478,0.009399417991517112,0.0004876780149061233,12845056.0,1605632.0
neu18_pattern_mining,2026-02-08T12:07:20,1,417,84,1,1.0,1.3139114344085101e-05,11.5705504,0.012544219091068953,0.00690473010763526,0.005639488983433694,0,4,0.0004469949926715344,0.005639488983433694,0.00024347801809199154,12845056.0,1605632.0
neu18_pattern_mining,2026-02-08T12:07:20,1,418,84,2,0.96875,0.3359433114528656,11.5705504,0.014952789730159566,0.008026219729799777,0.0069265700003597885,0,4,0.0005207189824432135,0.0069265700003597885,0.00028190299053676426,12845056.0,1605632.0
neu18_pattern_mining,2026-02-08T12:07:20,1,419,84,3,1.0,0.0017827046103775501,11.5705504,0.014860018156468868,0.00793792016338557,0.006922097993083298,0,4,0.0005203780019655824,0.006922097993083298,0.00027341401437297463,12845056.0,1605632.0
neu18_pattern_mining,2026-02-08T12:07:20,1,420,84,4,0.3333333333333333,1.3674927949905396,0.5519008,0.015216624044114724,0.008362210064660758,0.006854413979453966,0,4,0.0005536910030059516,0.006854413979453966,0.00028253000346012414,602112.0,75264.0
neu18_pattern_mining,2026-02-08T12:07:21,2,416,84,0,1.0,0.00023202346346806735,11.5705504,0.046563351701479405,0.037175489705987275,0.00938786199549213,0,4,0.0032358829921577126,0.00938786199549213,0.0004816659784410149,12845056.0,1605632.0
neu18_pattern_mining,2026-02-08T12:07:21,2,417,84,1,0.9375,0.3432532846927643,11.5705504,0.01919982471736148,0.009927769715432078,0.009272055001929402,0,4,0.0006170019914861768,0.009272055001929402,0.0003757749800570309,12845056.0,1605632.0
neu18_pattern_mining,2026-02-08T12:07:21,2,418,84,2,1.0,0.0022771020885556936,11.5705504,0.017873658129246905,0.009449800127185881,0.008423858002061024,0,4,0.0006272970058489591,0.008423858002061024,0.000317683006869629,12845056.0,1605632.0
neu18_pattern_mining,2026-02-08T12:07:21,2,419,84,3,0.9375,0.21493268013000488,11.5705504,0.017998776980675757,0.00959730998147279,0.008401466999202967,0,4,0.0006267380085773766,0.008401466999202967,0.0003329929895699024,12845056.0,1605632.0
neu18_pattern_mining,2026-02-08T12:07:21,2,420,84,4,0.6666666666666666,1.1567946672439575,0.5519008,0.018332018866203725,0.010129929869435728,0.008202088996767998,0,4,0.0006658700003754348,0.008202088996767998,0.000347122986568138,602112.0,75264.0
neu18_pattern_mining,2026-02-08T12:07:22,3,416,84,0,1.0,1.962596616067458e-05,11.5705504,0.05097630197997205,0.039194290002342314,0.011782011977629736,0,4,0.0032889159920159727,0.011782011977629736,0.0006305130082182586,12845056.0,1605632.0
neu18_pattern_mining,2026-02-08T12:07:22,3,417,84,1,1.0,2.6002791855717078e-05,11.5705504,0.02033563406439498,0.010864530049730092,0.009471104014664888,0,4,0.0007030710112303495,0.009471104014664888,0.0003833819937426597,12845056.0,1605632.0
neu18_pattern_mining,2026-02-08T12:07:22,3,418,84,2,1.0,0.0011240917956456542,11.5705504,0.0197482381190639,0.010292470105923712,0.009455768013140187,0,4,0.0006726440042257309,0.009455768013140187,0.00035660300636664033,12845056.0,1605632.0
neu18_pattern_mining,2026-02-08T12:07:22,3,419,84,3,0.90625,1.4095261096954346,11.5705504,0.018173367046983913,0.009775740036275238,0.008397627010708675,0,4,0.0006358390091918409,0.008397627010708675,0.0003417349944356829,12845056.0,1605632.0
neu18_pattern_mining,2026-02-08T12:07:22,3,420,84,4,0.6666666666666666,0.34756195545196533,0.5519008,0.018219544814201072,0.010053239820990711,0.00816630499321036,0,4,0.0006631620053667575,0.00816630499321036,0.00034216197673231363,602112.0,75264.0
neu18_pattern_mining,2026-02-08T12:07:23,4,416,84,0,1.0,6.9233310568961315e-06,11.5705504,0.034922693273983896,0.02767759026028216,0.007245103013701737,0,4,0.002328485017642379,0.007245103013701737,0.0004392740083858371,12845056.0,1605632.0
neu18_pattern_mining,2026-02-08T12:07:23,4,417,84,1,1.0,0.0009201439679600298,11.5705504,0.011875679047079757,0.006367760070133954,0.005507918976945803,0,4,0.00041532900650054216,0.005507918976945803,0.00022144700051285326,12845056.0,1605632.0
neu18_pattern_mining,2026-02-08T12:07:23,4,418,84,2,0.953125,0.14641079306602478,11.5705504,0.012460980011383072,0.006507810030598193,0.005953169980784878,0,4,0.00043580899364314973,0.005953169980784878,0.0002149720094166696,12845056.0,1605632.0
neu18_pattern_mining,2026-02-08T12:07:23,4,419,84,3,0.890625,0.34852075576782227,11.5705504,0.013024827116169035,0.006740860117133707,0.006283966999035329,0,4,0.00045028302702121437,0.006283966999035329,0.00022380298469215631,12845056.0,1605632.0
neu18_pattern_mining,2026-02-08T12:07:23,4,420,84,4,1.0,0.01958485133945942,0.5519008,0.01281829789513722,0.00701571989338845,0.0058025780017487705,0,4,0.000466206984128803,0.0058025780017487705,0.000235365005210042,602112.0,75264.0
neu18_pattern_mining,2026-02-08T12:07:24,0,421,85,0,1.0,0.0008291782578453422,11.5705504,0.04026395929395221,0.030756380292586982,0.00950757900136523,0,4,0.0025599930086173117,0.00950757900136523,0.0005156450206413865,12845056.0,1605632.0
neu18_pattern_mining,2026-02-08T12:07:25,0,422,85,1,0.90625,0.7447869777679443,11.5705504,0.019559315929654986,0.010395339922979474,0.009163976006675512,0,4,0.0007070539868436754,0.009163976006675512,0.00033248000545427203,12845056.0,1605632.0
neu18_pattern_mining,2026-02-08T12:07:25,0,423,85,2,1.0,0.008838648907840252,11.5705504,0.017851055948995054,0.009385659941472113,0.00846539600752294,0,4,0.0006133719871286303,0.00846539600752294,0.00032519400701858103,12845056.0,1605632.0
neu18_pattern_mining,2026-02-08T12:07:25,0,424,85,3,0.875,0.7467650771141052,11.5705504,0.01884189495467581,0.010047639952972531,0.008794255001703277,0,4,0.0006831559876445681,0.008794255001703277,0.00032160800765268505,12845056.0,1605632.0
neu18_pattern_mining,2026-02-08T12:07:25,0,425,85,4,0.5,1.1829832792282104,0.7325344,0.016471601091325283,0.00911973009351641,0.007351870997808874,0,4,0.0006148990069050342,0.007351870997808874,0.00029707400244660676,802816.0,100352.0
neu18_pattern_mining,2026-02-08T12:07:25,1,421,85,0,1.0,0.00029954250203445554,11.5705504,0.06042492314008996,0.04575752012897283,0.01466740301111713,0,4,0.003856151015497744,0.01466740301111713,0.0007196009973995388,12845056.0,1605632.0
neu18_pattern_mining,2026-02-08T12:07:25,1,422,85,1,1.0,1.7556147213326767e-05,11.5705504,0.021875120903132483,0.012060329900123179,0.009814791003009304,0,4,0.0007992539904080331,0.009814791003009304,0.00040677899960428476,12845056.0,1605632.0
neu18_pattern_mining,2026-02-08T12:07:25,1,423,85,2,0.953125,0.24679717421531677,11.5705504,0.020534255862003192,0.011086319864261895,0.009447935997741297,0,4,0.0007325539772864431,0.009447935997741297,0.00037607800913974643,12845056.0,1605632.0
neu18_pattern_mining,2026-02-08T12:07:25,1,424,85,3,0.859375,1.047191858291626,11.5705504,0.019043246895307675,0.01051981991622597,0.008523426979081705,0,4,0.0006861189904157072,0.008523426979081705,0.00036586300120688975,12845056.0,1605632.0
neu18_pattern_mining,2026-02-08T12:07:25,1,425,85,4,0.3333333333333333,3.067655563354492,0.5519008,0.019021585176233202,0.011166460171807557,0.007855125004425645,0,4,0.0007306560000870377,0.007855125004425645,0.00038599001709371805,602112.0,75264.0
neu18_pattern_mining,2026-02-08T12:07:26,2,421,85,0,1.0,0.00010997454955941066,11.5705504,0.05202910417574458,0.04136524017667398,0.0106638639990706,0,4,0.0035992980119772255,0.0106638639990706,0.0005372260056901723,12845056.0,1605632.0
neu18_pattern_mining,2026-02-08T12:07:26,2,422,85,1,0.921875,0.29153648018836975,11.5705504,0.013920542085543275,0.007432310085278004,0.0064882320002652705,0,4,0.0004880230117123574,0.0064882320002652705,0.00025520799681544304,12845056.0,1605632.0
neu18_pattern_mining,2026-02-08T12:07:26,2,423,85,2,0.96875,0.3783567547798157,11.5705504,0.016182977909920737,0.008502299897372723,0.0076806780125480145,0,4,0.0005626819911412895,0.0076806780125480145,0.0002875479985959828,12845056.0,1605632.0
neu18_pattern_mining,2026-02-08T12:07:26,2,424,85,3,0.90625,0.26258206367492676,11.5705504,0.012472479313146323,0.006569940305780619,0.005902539007365704,0,4,0.0004321520100347698,0.005902539007365704,0.00022484202054329216,12845056.0,1605632.0
neu18_pattern_mining,2026-02-08T12:07:26,2,425,85,4,0.6666666666666666,2.6522529125213623,0.5519008,0.01346653196378611,0.00752424995880574,0.00594228200498037,0,4,0.0005020289972890168,0.00594228200498037,0.00025039599859155715,602112.0,75264.0
neu18_pattern_mining,2026-02-08T12:07:27,3,421,85,0,1.0,0.0008558731060475111,11.5705504,0.07191209506709129,0.054250420071184635,0.01766167499590665,0,4,0.004678105004131794,0.01766167499590665,0.0007469370029866695,12845056.0,1605632.0
neu18_pattern_mining,2026-02-08T12:07:27,3,422,85,1,1.0,0.011598840355873108,11.5705504,0.020370874175569043,0.010972290183417499,0.009398583992151543,0,4,0.0007130010053515434,0.009398583992151543,0.0003842280129902065,12845056.0,1605632.0
neu18_pattern_mining,2026-02-08T12:07:27,3,423,85,2,0.984375,0.13339589536190033,11.5705504,0.02100170071935281,0.011451959726400673,0.009549740992952138,0,4,0.0007406289805658162,0.009549740992952138,0.0004045669920742512,12845056.0,1605632.0
neu18_pattern_mining,2026-02-08T12:07:27,3,424,85,3,0.984375,0.06589153409004211,11.5705504,0.019330658164108172,0.010705320164561272,0.0086253379995469,0,4,0.0007035710150375962,0.0086253379995469,0.00036696100141853094,12845056.0,1605632.0
neu18_pattern_mining,2026-02-08T12:07:27,3,425,85,4,1.0,0.29167938232421875,0.5519008,0.018305654113646597,0.01042715011863038,0.007878503995016217,0,4,0.0006956249999348074,0.007878503995016217,0.0003470900119282305,602112.0,75264.0
neu18_pattern_mining,2026-02-08T12:07:28,4,421,85,0,1.0,0.0028851237148046494,11.5705504,0.06619625995517708,0.04969578993041068,0.0165004700247664,0,4,0.00434399998630397,0.0165004700247664,0.0006255790067370981,12845056.0,1605632.0
neu18_pattern_mining,2026-02-08T12:07:28,4,422,85,1,0.90625,0.5332942008972168,11.5705504,0.01659538593958132,0.008856079948600382,0.007739305990980938,0,4,0.0005857090000063181,0.007739305990980938,0.00029989899485372007,12845056.0,1605632.0
neu18_pattern_mining,2026-02-08T12:07:28,4,423,85,2,0.9375,0.13380977511405945,11.5705504,0.013755787309492007,0.007307140331249684,0.006448646978242323,0,4,0.0004837760061491281,0.006448646978242323,0.00024693802697584033,12845056.0,1605632.0
neu18_pattern_mining,2026-02-08T12:07:28,4,424,85,3,0.96875,0.08669012784957886,11.5705504,0.014889475045492873,0.007896320021245629,0.006993155024247244,0,4,0.0005039079987909645,0.006993155024247244,0.0002857240033335984,12845056.0,1605632.0
neu18_pattern_mining,2026-02-08T12:07:28,4,425,85,4,0.0,2.4382855892181396,0.5519008,0.01480125926900655,0.008371560252271593,0.006429699016734958,0,4,0.0005690450198017061,0.006429699016734958,0.0002681110054254532,602112.0,75264.0
neu18_pattern_mining,2026-02-08T12:07:29,0,426,86,0,1.0,0.0009851984214037657,11.5705504,0.02985348299262114,0.02191100997151807,0.00794247302110307,0,4,0.0017058640078175813,0.00794247302110307,0.00048523698933422565,12845056.0,1605632.0
neu18_pattern_mining,2026-02-08T12:07:29,0,427,86,1,0.890625,1.0418877601623535,11.5705504,0.015016385907074437,0.008446509891655296,0.0065698760154191405,0,4,0.000538167980266735,0.0065698760154191405,0.00030648300889879465,12845056.0,1605632.0
neu18_pattern_mining,2026-02-08T12:07:29,0,428,86,2,1.0,0.0006476923590525985,11.5705504,0.013452872284688056,0.007815040298737586,0.00563783198595047,0,4,0.0005111590144224465,0.00563783198595047,0.00027034501545131207,12845056.0,1605632.0
neu18_pattern_mining,2026-02-08T12:07:29,0,429,86,3,0.921875,0.18387192487716675,11.5705504,0.013959432282717898,0.007949250284582376,0.006010181998135522,0,4,0.0005219450104050338,0.006010181998135522,0.0002729800180532038,12845056.0,1605632.0
neu18_pattern_mining,2026-02-08T12:07:30,0,430,86,4,0.75,0.47403281927108765,0.7325344,0.010349190997658297,0.005749289994128048,0.004599901003530249,0,4,0.0003891160013154149,0.004599901003530249,0.00018581299809738994,802816.0,100352.0
neu18_pattern_mining,2026-02-08T12:07:30,1,426,86,0,1.0,0.003272774862125516,11.5705504,0.045268323214259,0.035954750201199204,0.009313573013059795,0,4,0.003093957027886063,0.009313573013059795,0.0005015179922338575,12845056.0,1605632.0
neu18_pattern_mining,2026-02-08T12:07:30,1,427,86,1,0.921875,0.3532244563102722,11.5705504,0.01818458896013908,0.009718429937493056,0.008466159022646025,0,4,0.0006414740055333823,0.008466159022646025,0.0003303689882159233,12845056.0,1605632.0
neu18_pattern_mining,2026-02-08T12:07:30,1,428,86,2,0.90625,0.21878871321678162,11.5705504,0.015516849904088303,0.008144789899233729,0.007372060004854575,0,4,0.0005467789887916297,0.007372060004854575,0.0002677000011317432,12845056.0,1605632.0
neu18_pattern_mining,2026-02-08T12:07:30,1,429,86,3,0.984375,0.17278514802455902,11.5705504,0.016401651868363842,0.008830179867800325,0.007571472000563517,0,4,0.0005644240009132773,0.007571472000563517,0.00031859398586675525,12845056.0,1605632.0
neu18_pattern_mining,2026-02-08T12:07:30,1,430,86,4,0.6666666666666666,1.970029354095459,0.5519008,0.01692277393885888,0.009117799927480519,0.007804974011378363,0,4,0.0005960600101388991,0.007804974011378363,0.0003157199826091528,602112.0,75264.0
neu18_pattern_mining,2026-02-08T12:07:31,2,426,86,0,1.0,0.002131975954398513,11.5705504,0.04255226405803114,0.03508013003738597,0.007472134020645171,0,4,0.003053708001971245,0.007472134020645171,0.0004543050017673522,12845056.0,1605632.0
neu18_pattern_mining,2026-02-08T12:07:31,2,427,86,1,0.984375,0.13129742443561554,11.5705504,0.014061194175155833,0.007528120186179876,0.006533073988975957,0,4,0.0004950190195813775,0.006533073988975957,0.0002577929990366101,12845056.0,1605632.0
neu18_pattern_mining,2026-02-08T12:07:31,2,428,86,2,0.984375,0.053762540221214294,11.5705504,0.015454305190360174,0.008000130183063447,0.007454175007296726,0,4,0.0005182290042284876,0.007454175007296726,0.00028178401407785714,12845056.0,1605632.0
neu18_pattern_mining,2026-02-08T12:07:31,2,429,86,3,0.96875,0.17474038898944855,11.5705504,0.015310304064769298,0.007697700057178736,0.007612604007590562,0,4,0.0005039160023443401,0.007612604007590562,0.0002658540033735335,12845056.0,1605632.0
neu18_pattern_mining,2026-02-08T12:07:31,2,430,86,4,0.3333333333333333,3.0054996013641357,0.5519008,0.013837448001140729,0.007624319987371564,0.006213128013769165,0,4,0.0004910179995931685,0.006213128013769165,0.0002714139991439879,602112.0,75264.0
neu18_pattern_mining,2026-02-08T12:07:32,3,426,86,0,1.0,0.0001027010875986889,11.5705504,0.0676356709736865,0.05103842995595187,0.016597241017734632,0,4,0.00434005499118939,0.016597241017734632,0.0007637880044057965,12845056.0,1605632.0
neu18_pattern_mining,2026-02-08T12:07:32,3,427,86,1,0.984375,0.06957856565713882,11.5705504,0.020247606793418527,0.010782659810502082,0.009464946982916445,0,4,0.0007064089877530932,0.009464946982916445,0.00037185699329711497,12845056.0,1605632.0
neu18_pattern_mining,2026-02-08T12:07:32,3,428,86,2,1.0,0.00014234190166462213,11.5705504,0.01474554298329167,0.007827079971320927,0.0069184630119707435,0,4,0.0005151410005055368,0.0069184630119707435,0.0002675669966265559,12845056.0,1605632.0
neu18_pattern_mining,2026-02-08T12:07:32,3,429,86,3,0.984375,0.038781359791755676,11.5705504,0.012413926946464926,0.006532059924211353,0.005881867022253573,0,4,0.0004258339758962393,0.005881867022253573,0.00022737201652489603,12845056.0,1605632.0
neu18_pattern_mining,2026-02-08T12:07:32,3,430,86,4,0.6666666666666666,1.2891558408737183,0.5519008,0.013186546944780275,0.007102249946910888,0.006084296997869387,0,4,0.0004594310012180358,0.006084296997869387,0.000250793993473053,602112.0,75264.0
neu18_pattern_mining,2026-02-08T12:07:33,4,426,86,0,1.0,0.00968875177204609,11.5705504,0.03522207320202142,0.02757705020485446,0.007645022997166961,0,4,0.0023558740213047713,0.007645022997166961,0.00040183099918067455,12845056.0,1605632.0
neu18_pattern_mining,2026-02-08T12:07:33,4,427,86,1,0.953125,0.12232094258069992,11.5705504,0.013132498628692701,0.0071267696330323815,0.00600572899566032,0,4,0.0004709639761131257,0.00600572899566032,0.00024171298719011247,12845056.0,1605632.0
neu18_pattern_mining,2026-02-08T12:07:33,4,428,86,2,1.0,0.005285338964313269,11.5705504,0.011075287417043,0.005821690429002047,0.005253596988040954,0,4,0.0003731470205821097,0.005253596988040954,0.00020902202231809497,12845056.0,1605632.0
neu18_pattern_mining,2026-02-08T12:07:33,4,429,86,3,0.953125,0.12662261724472046,11.5705504,0.009886256186291575,0.005194980185478926,0.00469127600081265,0,4,0.00034159101778641343,0.00469127600081265,0.00017790700076147914,12845056.0,1605632.0
neu18_pattern_mining,2026-02-08T12:07:33,4,430,86,4,0.6666666666666666,2.0579137802124023,0.5519008,0.0090054651373066,0.0048993801465258,0.004106084990780801,0,4,0.0003216490149497986,0.004106084990780801,0.00016828899970278144,602112.0,75264.0
neu18_pattern_mining,2026-02-08T12:07:34,0,431,87,0,1.0,4.1517720092087984e-05,11.5705504,0.033506509847939014,0.025362309825140983,0.008144200022798032,0,4,0.0021080349979456514,0.008144200022798032,0.0004281959845684469,12845056.0,1605632.0
neu18_pattern_mining,2026-02-08T12:07:34,0,432,87,1,1.0,0.00017187069170176983,11.5705504,0.015214686893159524,0.008196409908123314,0.007018276985036209,0,4,0.0005391300073824823,0.007018276985036209,0.00028051098342984915,12845056.0,1605632.0
neu18_pattern_mining,2026-02-08T12:07:34,0,433,87,2,0.984375,0.05303695797920227,11.5705504,0.014727648202097043,0.007786500209476799,0.006941147992620245,0,4,0.0005110219935886562,0.006941147992620245,0.0002676280273590237,12845056.0,1605632.0
neu18_pattern_mining,2026-02-08T12:07:35,0,434,87,3,0.96875,0.06576350331306458,11.5705504,0.015884653927059844,0.0088130499352701,0.007071603991789743,0,4,0.0005622539902105927,0.007071603991789743,0.00031905100331641734,12845056.0,1605632.0
neu18_pattern_mining,2026-02-08T12:07:35,0,435,87,4,1.0,0.016203835606575012,0.7325344,0.016225537954596803,0.009481979941483587,0.0067435580131132156,0,4,0.000630880007520318,0.0067435580131132156,0.00031731798662804067,802816.0,100352.0
neu18_pattern_mining,2026-02-08T12:07:35,1,431,87,0,1.0,2.2202311811270192e-05,11.5705504,0.04323970596306026,0.03570942993974313,0.007530276023317128,0,4,0.003112289006821811,0.007530276023317128,0.00045865398715250194,12845056.0,1605632.0
neu18_pattern_mining,2026-02-08T12:07:35,1,432,87,1,0.984375,0.0683341845870018,11.5705504,0.012285920180147514,0.006727900181431323,0.0055580199987161905,0,4,0.0004349950177129358,0.0055580199987161905,0.00023779500043019652,12845056.0,1605632.0
neu18_pattern_mining,2026-02-08T12:07:35,1,433,87,2,0.9375,0.34521734714508057,11.5705504,0.01357804297003895,0.007215609948616475,0.006362433021422476,0,4,0.000468451005872339,0.006362433021422476,0.0002531099889893085,12845056.0,1605632.0
neu18_pattern_mining,2026-02-08T12:07:35,1,434,87,3,0.984375,0.020660607144236565,11.5705504,0.013503489113645628,0.007108850113581866,0.006394639000063762,0,4,0.0004642440180759877,0.006394639000063762,0.0002466409932821989,12845056.0,1605632.0
neu18_pattern_mining,2026-02-08T12:07:35,1,435,87,4,0.6666666666666666,1.6658087968826294,0.5519008,0.014446529152337462,0.008001690148375928,0.006444839003961533,0,4,0.0005309140251483768,0.006444839003961533,0.000269254989689216,602112.0,75264.0
neu18_pattern_mining,2026-02-08T12:07:36,2,431,87,0,1.0,9.745613351697102e-05,11.5705504,0.04191108944360167,0.033645800431258976,0.008265289012342691,0,4,0.002948505018139258,0.008265289012342691,0.0004160750249866396,12845056.0,1605632.0
neu18_pattern_mining,2026-02-08T12:07:36,2,432,87,1,0.984375,0.09475155919790268,11.5705504,0.016592568950727582,0.008983559964690357,0.0076090089860372245,0,4,0.0005938700051046908,0.0076090089860372245,0.00030448599136434495,12845056.0,1605632.0
neu18_pattern_mining,2026-02-08T12:07:36,2,433,87,2,0.921875,0.4181264042854309,11.5705504,0.016337421257048845,0.008699630270712078,0.007637790986336768,0,4,0.000566609000088647,0.007637790986336768,0.00030335402698256075,12845056.0,1605632.0
neu18_pattern_mining,2026-02-08T12:07:36,2,434,87,3,0.953125,0.4540089964866638,11.5705504,0.01743435679236427,0.009236759797204286,0.008197596995159984,0,4,0.0006356509984470904,0.008197596995159984,0.0002880249812733382,12845056.0,1605632.0
neu18_pattern_mining,2026-02-08T12:07:36,2,435,87,4,0.6666666666666666,3.2381210327148438,0.5519008,0.016029579244786873,0.009027260239236057,0.007002319005550817,0,4,0.0005895810027141124,0.007002319005550817,0.0003131450212094933,602112.0,75264.0
neu18_pattern_mining,2026-02-08T12:07:37,3,431,87,0,1.0,0.0006943492917343974,11.5705504,0.050791977846529335,0.038403339858632535,0.0123886379878968,0,4,0.0031897379958536476,0.0123886379878968,0.0006505959900096059,12845056.0,1605632.0
neu18_pattern_mining,2026-02-08T12:07:37,3,432,87,1,0.984375,0.052185505628585815,11.5705504,0.018283494136994705,0.00976589013589546,0.008517604001099244,0,4,0.0006320940156001598,0.008517604001099244,0.0003444949979893863,12845056.0,1605632.0
neu18_pattern_mining,2026-02-08T12:07:37,3,433,87,2,0.890625,0.8761441111564636,11.5705504,0.017859399726148695,0.009462289744988084,0.008397109981160611,0,4,0.0006249859870877117,0.008397109981160611,0.0003212429874110967,12845056.0,1605632.0
neu18_pattern_mining,2026-02-08T12:07:37,3,434,87,3,1.0,0.011481458321213722,11.5705504,0.015923087106784806,0.008296130108647048,0.007626956998137757,0,4,0.000542655005119741,0.007626956998137757,0.0002869580057449639,12845056.0,1605632.0
neu18_pattern_mining,2026-02-08T12:07:37,3,435,87,4,0.6666666666666666,2.2585322856903076,0.5519008,0.015828872012207285,0.00877862999914214,0.007050242013065144,0,4,0.0005819590005557984,0.007050242013065144,0.0002959039993584156,602112.0,75264.0
neu18_pattern_mining,2026-02-08T12:07:38,4,431,87,0,1.0,0.00038099943776614964,11.5705504,0.06511629995657131,0.04865791997872293,0.01645837997784838,0,4,0.004071831004694104,0.01645837997784838,0.0007939609931781888,12845056.0,1605632.0
neu18_pattern_mining,2026-02-08T12:07:38,4,432,87,1,0.859375,0.7483958005905151,11.5705504,0.020327335136244074,0.010852820123545825,0.009474515012698248,0,4,0.0007000500045251101,0.009474515012698248,0.0003852320078294724,12845056.0,1605632.0
neu18_pattern_mining,2026-02-08T12:07:38,4,433,87,2,0.984375,0.0658394992351532,11.5705504,0.020228460110956803,0.010682280117180198,0.009546179993776605,0,4,0.0006968140078242868,0.009546179993776605,0.000371414003893733,12845056.0,1605632.0
neu18_pattern_mining,2026-02-08T12:07:38,4,434,87,3,0.921875,0.3992738723754883,11.5705504,0.01984818567871116,0.010317139676772058,0.009531046001939103,0,4,0.0006762309931218624,0.009531046001939103,0.0003554829745553434,12845056.0,1605632.0
neu18_pattern_mining,2026-02-08T12:07:38,4,435,87,4,0.6666666666666666,1.6424630880355835,0.5519008,0.017933573166374117,0.009831770148593932,0.008101803017780185,0,4,0.0006524840136989951,0.008101803017780185,0.0003306930011603981,602112.0,75264.0
neu18_pattern_mining,2026-02-08T12:07:39,0,436,88,0,1.0,0.0005802706000395119,11.5705504,0.03317806762061082,0.02500331960618496,0.008174748014425859,0,4,0.0020682549802586436,0.008174748014425859,0.0004320769803598523,12845056.0,1605632.0
neu18_pattern_mining,2026-02-08T12:07:39,0,437,88,1,1.0,0.007292159833014011,11.5705504,0.010877982625970617,0.006080509629100561,0.004797472996870056,0,4,0.00039570897934027016,0.004797472996870056,0.00021234198356978595,12845056.0,1605632.0
neu18_pattern_mining,2026-02-08T12:07:39,0,438,88,2,0.984375,0.02813705801963806,11.5705504,0.013555004232330248,0.007144810224417597,0.006410194007912651,0,4,0.00046895601553842425,0.006410194007912651,0.00024552500690333545,12845056.0,1605632.0
neu18_pattern_mining,2026-02-08T12:07:39,0,439,88,3,0.984375,0.032321326434612274,11.5705504,0.013407635793555528,0.007020039774943143,0.006387596018612385,0,4,0.00045819798833690584,0.006387596018612385,0.00024380598915740848,12845056.0,1605632.0
neu18_pattern_mining,2026-02-08T12:07:39,0,440,88,4,0.75,2.559953212738037,0.7325344,0.013844428991433233,0.007680389971937984,0.006164039019495249,0,4,0.0005257400043774396,0.006164039019495249,0.0002422989928163588,802816.0,100352.0
neu18_pattern_mining,2026-02-08T12:07:40,1,436,88,0,1.0,2.831669189617969e-05,11.5705504,0.060299994016531855,0.046674920013174415,0.01362507400335744,0,4,0.003981791000114754,0.01362507400335744,0.0006857010012026876,12845056.0,1605632.0
neu18_pattern_mining,2026-02-08T12:07:40,1,437,88,1,0.984375,0.06269468367099762,11.5705504,0.020698215201264247,0.011220580199733377,0.00947763500153087,0,4,0.0007331790111493319,0.00947763500153087,0.0003888790088240057,12845056.0,1605632.0
neu18_pattern_mining,2026-02-08T12:07:40,1,438,88,2,0.921875,0.7698027491569519,11.5705504,0.019483072857838124,0.010157199867535383,0.009325872990302742,0,4,0.0006937459984328598,0.009325872990302742,0.00032197398832067847,12845056.0,1605632.0
neu18_pattern_mining,2026-02-08T12:07:40,1,439,88,3,0.984375,0.1101720929145813,11.5705504,0.017700640979455784,0.009383489959873259,0.008317151019582525,0,4,0.0006194390007294714,0.008317151019582525,0.00031890999525785446,12845056.0,1605632.0
neu18_pattern_mining,2026-02-08T12:07:40,1,440,88,4,0.6666666666666666,0.7884986400604248,0.5519008,0.01783151234849356,0.010091660369653255,0.007739851978840306,0,4,0.0006554330175276846,0.007739851978840306,0.0003537330194376409,602112.0,75264.0
neu18_pattern_mining,2026-02-08T12:07:41,2,436,88,0,1.0,0.0012957529397681355,11.5705504,0.03825112318736501,0.028679130191449076,0.009571992995915934,0,4,0.002361612016102299,0.009571992995915934,0.0005063010030426085,12845056.0,1605632.0
neu18_pattern_mining,2026-02-08T12:07:41,2,437,88,1,0.9375,0.30303138494491577,11.5705504,0.020256469171727076,0.012348040181677788,0.007908428990049288,0,4,0.0009017330012284219,0.007908428990049288,0.0003330710169393569,12845056.0,1605632.0
neu18_pattern_mining,2026-02-08T12:07:41,2,438,88,2,0.9375,0.417015016078949,11.5705504,0.016035920794820413,0.00841721979668364,0.007618700998136774,0,4,0.0005470509931910783,0.007618700998136774,0.0002946709864772856,12845056.0,1605632.0
neu18_pattern_mining,2026-02-08T12:07:41,2,439,88,3,0.96875,0.09129846096038818,11.5705504,0.01591714596725069,0.00832760997582227,0.00758953599142842,0,4,0.0005463609995786101,0.00758953599142842,0.00028639999800361693,12845056.0,1605632.0
neu18_pattern_mining,2026-02-08T12:07:41,2,440,88,4,1.0,0.05858716368675232,0.5519008,0.015705258992966264,0.008723089995328337,0.0069821689976379275,0,4,0.0005664890049956739,0.0069821689976379275,0.0003058199945371598,602112.0,75264.0
neu18_pattern_mining,2026-02-08T12:07:42,3,436,88,0,1.0,0.0011336988536641002,11.5705504,0.04167862024041824,0.03388894023373723,0.00778968000668101,0,4,0.0029532300250139087,0.00778968000668101,0.0004356639983598143,12845056.0,1605632.0
neu18_pattern_mining,2026-02-08T12:07:42,3,437,88,1,1.0,0.011477178893983364,11.5705504,0.014632460311986506,0.007385200296994299,0.007247260014992207,0,4,0.0004452640132512897,0.007247260014992207,0.00029325601644814014,12845056.0,1605632.0
neu18_pattern_mining,2026-02-08T12:07:42,3,438,88,2,0.96875,0.05184727534651756,11.5705504,0.016190294118132442,0.008574830135330558,0.007615463982801884,0,4,0.0005679599998984486,0.007615463982801884,0.0002895230136346072,12845056.0,1605632.0
neu18_pattern_mining,2026-02-08T12:07:42,3,439,88,3,0.984375,0.09972843527793884,11.5705504,0.017000631167320535,0.008889390155673027,0.008111241011647508,0,4,0.0006055989942979068,0.008111241011647508,0.00028334002126939595,12845056.0,1605632.0
neu18_pattern_mining,2026-02-08T12:07:42,3,440,88,4,0.6666666666666666,2.334136962890625,0.5519008,0.016320267983246595,0.008927239978220314,0.007393028005026281,0,4,0.000584913999773562,0.007393028005026281,0.0003078099980484694,602112.0,75264.0
neu18_pattern_mining,2026-02-08T12:07:43,4,436,88,0,1.0,0.00014057470252737403,11.5705504,0.04175460891565308,0.031741909915581346,0.010012699000071734,0,4,0.0026901160017587245,0.010012699000071734,0.0004840749897994101,12845056.0,1605632.0
neu18_pattern_mining,2026-02-08T12:07:43,4,437,88,1,1.0,0.00017860507068689913,11.5705504,0.01812429918209091,0.009698810172267258,0.00842548900982365,0,4,0.0006410710047930479,0.00842548900982365,0.0003288100124336779,12845056.0,1605632.0
neu18_pattern_mining,2026-02-08T12:07:43,4,438,88,2,0.953125,0.16720013320446014,11.5705504,0.018064991163555533,0.009563240164425224,0.008501750999130309,0,4,0.0006250260048545897,0.008501750999130309,0.0003312980115879327,12845056.0,1605632.0
neu18_pattern_mining,2026-02-08T12:07:43,4,439,88,3,0.9375,0.14646999537944794,11.5705504,0.016147377144079655,0.008563850133214146,0.0075835270108655095,0,4,0.0005594220128841698,0.0075835270108655095,0.0002969630004372448,12845056.0,1605632.0
neu18_pattern_mining,2026-02-08T12:07:43,4,440,88,4,0.0,3.0798556804656982,0.5519008,0.01673735078657046,0.009054239781107754,0.007683111005462706,0,4,0.0005870499880984426,0.007683111005462706,0.0003183739900123328,602112.0,75264.0
neu18_pattern_mining,2026-02-08T12:07:44,0,441,89,0,0.984375,0.040383294224739075,11.5705504,0.03264664291054942,0.02430872991681099,0.008337912993738428,0,4,0.001930736005306244,0.008337912993738428,0.000500136986374855,12845056.0,1605632.0
neu18_pattern_mining,2026-02-08T12:07:44,0,442,89,1,0.921875,0.6723164916038513,11.5705504,0.01059767883270979,0.006204079836606979,0.00439359899610281,0,4,0.0004170109750702977,0.00439359899610281,0.00020339700859040022,12845056.0,1605632.0
neu18_pattern_mining,2026-02-08T12:07:44,0,443,89,2,0.96875,0.07908561825752258,11.5705504,0.008957535930676386,0.004879829939454794,0.004077705991221592,0,4,0.0003256899944972247,0.004077705991221592,0.0001622929994482547,12845056.0,1605632.0
neu18_pattern_mining,2026-02-08T12:07:44,0,444,89,3,0.96875,0.084427610039711,11.5705504,0.008288593031466007,0.004458680050447583,0.003829912981018424,0,4,0.00029506999999284744,0.003829912981018424,0.00015079800505191088,12845056.0,1605632.0
neu18_pattern_mining,2026-02-08T12:07:44,0,445,89,4,0.75,0.6924954056739807,0.7325344,0.009713362145703286,0.005247660155873746,0.00446570198982954,0,4,0.00035874100285582244,0.00446570198982954,0.00016602501273155212,802816.0,100352.0
neu18_pattern_mining,2026-02-08T12:07:45,1,441,89,0,1.0,0.00012441037688404322,11.5705504,0.06555943394778296,0.047624059952795506,0.017935373994987458,0,4,0.00398384197615087,0.017935373994987458,0.0007785640191286802,12845056.0,1605632.0
neu18_pattern_mining,2026-02-08T12:07:45,1,442,89,1,0.984375,0.060644522309303284,11.5705504,0.020379355788463727,0.01097796979593113,0.009401385992532596,0,4,0.0007157939835451543,0.009401385992532596,0.00038200299604795873,12845056.0,1605632.0
neu18_pattern_mining,2026-02-08T12:07:45,1,443,89,2,0.984375,0.014677314087748528,11.5705504,0.01787468430120498,0.009549160313326865,0.008325523987878114,0,4,0.0006364110158756375,0.008325523987878114,0.000318505015457049,12845056.0,1605632.0
neu18_pattern_mining,2026-02-08T12:07:45,1,444,89,3,0.953125,0.1153116449713707,11.5705504,0.01775598799576983,0.009454370010644197,0.008301617985125631,0,4,0.0006272309983614832,0.008301617985125631,0.00031820600270293653,12845056.0,1605632.0
neu18_pattern_mining,2026-02-08T12:07:45,1,445,89,4,0.6666666666666666,0.674964189529419,0.5519008,0.017983876052312553,0.009504540066700429,0.008479335985612124,0,4,0.0006243310053832829,0.008479335985612124,0.00032612300128675997,602112.0,75264.0
neu18_pattern_mining,2026-02-08T12:07:46,2,441,89,0,1.0,0.0010034953011199832,11.5705504,0.03876446405774914,0.031199390068650246,0.007565073989098892,0,4,0.0026892739988397807,0.007565073989098892,0.0004306650080252439,12845056.0,1605632.0
neu18_pattern_mining,2026-02-08T12:07:46,2,442,89,1,0.96875,0.07097458094358444,11.5705504,0.010834536980837584,0.0058406899916008115,0.004993846989236772,0,4,0.0003712179895956069,0.004993846989236772,0.00021285100956447423,12845056.0,1605632.0
neu18_pattern_mining,2026-02-08T12:07:46,2,443,89,2,0.921875,0.364854633808136,11.5705504,0.010786671045934781,0.006352420023176819,0.004434251022757962,0,4,0.0004621559928636998,0.004434251022757962,0.00017308600945398211,12845056.0,1605632.0
neu18_pattern_mining,2026-02-08T12:07:46,2,444,89,3,0.984375,0.047890786081552505,11.5705504,0.011089096864452586,0.005908249877393246,0.00518084698705934,0,4,0.0003910129889845848,0.00518084698705934,0.00019981199875473976,12845056.0,1605632.0
neu18_pattern_mining,2026-02-08T12:07:46,2,445,89,4,0.3333333333333333,3.351713180541992,0.5519008,0.0114700201083906,0.006319750100374222,0.005150270008016378,0,4,0.00042703101644292474,0.005150270008016378,0.00020494399359449744,602112.0,75264.0
neu18_pattern_mining,2026-02-08T12:07:47,3,441,89,0,0.984375,0.022460877895355225,11.5705504,0.040529204125050455,0.0318610601243563,0.008668144000694156,0,4,0.0027879049885086715,0.008668144000694156,0.00039820102392695844,12845056.0,1605632.0
neu18_pattern_mining,2026-02-08T12:07:47,3,442,89,1,0.9375,0.08857850730419159,11.5705504,0.018041412229649723,0.009451820224057883,0.00858959200559184,0,4,0.0005618340219371021,0.00858959200559184,0.0003833480004686862,12845056.0,1605632.0
neu18_pattern_mining,2026-02-08T12:07:47,3,443,89,2,1.0,0.0015748951118439436,11.5705504,0.016226871986873448,0.008554189989808947,0.007672681997064501,0,4,0.0005755239981226623,0.007672681997064501,0.0002798950008582324,12845056.0,1605632.0
neu18_pattern_mining,2026-02-08T12:07:47,3,444,89,3,0.953125,0.4288063049316406,11.5705504,0.014623470866354182,0.0076812898623757064,0.006942181003978476,0,4,0.0005048149905633181,0.006942181003978476,0.0002633139956742525,12845056.0,1605632.0
neu18_pattern_mining,2026-02-08T12:07:47,3,445,89,4,0.0,6.964257717132568,0.5519008,0.014936938881874084,0.008082079875748605,0.00685485900612548,0,4,0.00053521798690781,0.00685485900612548,0.0002729900006670505,602112.0,75264.0
neu18_pattern_mining,2026-02-08T12:07:48,4,441,89,0,1.0,4.0006343624554574e-05,11.5705504,0.039430791046470404,0.031883530027698725,0.007547261018771678,0,4,0.0027399410028010607,0.007547261018771678,0.00044841199996881187,12845056.0,1605632.0
neu18_pattern_mining,2026-02-08T12:07:48,4,442,89,1,0.984375,0.022189196199178696,11.5705504,0.016663488262565807,0.009481840243097395,0.007181648019468412,0,4,0.0006414540112018585,0.007181648019468412,0.00030673001310788095,12845056.0,1605632.0
neu18_pattern_mining,2026-02-08T12:07:48,4,443,89,2,1.0,0.011912410147488117,11.5705504,0.014968976029194891,0.007952360028866678,0.007016616000328213,0,4,0.0005138230044394732,0.007016616000328213,0.0002814129984471947,12845056.0,1605632.0
neu18_pattern_mining,2026-02-08T12:07:48,4,444,89,3,0.859375,0.6043742895126343,11.5705504,0.01433319493662566,0.007473939913325012,0.006859255023300648,0,4,0.00048672198317945004,0.006859255023300648,0.00026067200815305114,12845056.0,1605632.0
neu18_pattern_mining,2026-02-08T12:07:48,4,445,89,4,0.0,2.42767071723938,0.5519008,0.014791372057516128,0.0079812400508672,0.006810132006648928,0,4,0.0005295989976730198,0.006810132006648928,0.0002685250074137002,602112.0,75264.0
neu18_pattern_mining,2026-02-08T12:07:49,0,446,90,0,1.0,0.0009091405081562698,11.5705504,0.02962111309170723,0.02208807010902092,0.007533042982686311,0,4,0.001787707005860284,0.007533042982686311,0.0004211000050418079,12845056.0,1605632.0
neu18_pattern_mining,2026-02-08T12:07:49,0,447,90,1,0.984375,0.07258829474449158,11.5705504,0.01759968008263968,0.009466010087635368,0.008133669995004311,0,4,0.0006307119911070913,0.008133669995004311,0.0003158890176564455,12845056.0,1605632.0
neu18_pattern_mining,2026-02-08T12:07:49,0,448,90,2,1.0,0.001507078530266881,11.5705504,0.015363138838438317,0.008115829841699451,0.007247308996738866,0,4,0.0005474599893204868,0.007247308996738866,0.00026412299484945834,12845056.0,1605632.0
neu18_pattern_mining,2026-02-08T12:07:49,0,449,90,3,0.96875,0.14150330424308777,11.5705504,0.01353712723357603,0.007213250210043043,0.006323877023532987,0,4,0.0004607830196619034,0.006323877023532987,0.0002605420013424009,12845056.0,1605632.0
neu18_pattern_mining,2026-02-08T12:07:49,0,450,90,4,0.75,3.0111851692199707,0.7325344,0.013133673142874613,0.007212450145743787,0.005921222997130826,0,4,0.0004954100004397333,0.005921222997130826,0.00022583501413464546,802816.0,100352.0
neu18_pattern_mining,2026-02-08T12:07:50,1,446,90,0,0.96875,0.13036982715129852,11.5705504,0.061688726069405675,0.04558112006634474,0.016107606003060937,0,4,0.003688516007969156,0.016107606003060937,0.0008695959986653179,12845056.0,1605632.0
neu18_pattern_mining,2026-02-08T12:07:50,1,447,90,1,0.828125,1.0224145650863647,11.5705504,0.020424808986717835,0.010963300010189414,0.009461508976528421,0,4,0.0007279650017153472,0.009461508976528421,0.00036836499930359423,12845056.0,1605632.0
neu18_pattern_mining,2026-02-08T12:07:50,1,448,90,2,0.953125,0.10383425652980804,11.5705504,0.01918839698191732,0.009902669989969581,0.00928572699194774,0,4,0.0006728339940309525,0.00928572699194774,0.0003174330049660057,12845056.0,1605632.0
neu18_pattern_mining,2026-02-08T12:07:50,1,449,90,3,0.890625,0.4015496075153351,11.5705504,0.017525291856145486,0.009214179881382734,0.008311111974762753,0,4,0.0006030350050423294,0.008311111974762753,0.00031838298309594393,12845056.0,1605632.0
neu18_pattern_mining,2026-02-08T12:07:50,1,450,90,4,1.0,0.03090260736644268,0.5519008,0.017443791177356616,0.009612720168661326,0.00783107100869529,0,4,0.0006351360061671585,0.00783107100869529,0.00032613601069897413,602112.0,75264.0
neu18_pattern_mining,2026-02-08T12:07:51,2,446,90,0,0.984375,0.03503101319074631,11.5705504,0.042186919861705974,0.0339771798462607,0.008209740015445277,0,4,0.0029586479940917343,0.008209740015445277,0.0004390699905343354,12845056.0,1605632.0
neu18_pattern_mining,2026-02-08T12:07:51,2,447,90,1,0.84375,0.5292462110519409,11.5705504,0.009652546199504286,0.005898350209463388,0.0037541959900408983,0,4,0.00040776300011202693,0.0037541959900408983,0.00018207202083431184,12845056.0,1605632.0
neu18_pattern_mining,2026-02-08T12:07:51,2,448,90,2,0.921875,0.6788418292999268,11.5705504,0.014445173990679905,0.007541869999840856,0.006903303990839049,0,4,0.0004945370019413531,0.006903303990839049,0.0002596499980427325,12845056.0,1605632.0
neu18_pattern_mining,2026-02-08T12:07:51,2,449,90,3,0.921875,0.4522666335105896,11.5705504,0.014603105810238048,0.007681599818170071,0.006921505992067978,0,4,0.0005027349980082363,0.006921505992067978,0.0002654249838087708,12845056.0,1605632.0
neu18_pattern_mining,2026-02-08T12:07:51,2,450,90,4,0.3333333333333333,4.30995512008667,0.5519008,0.013426188001176342,0.007524940010625869,0.005901247990550473,0,4,0.0005038639937993139,0.005901247990550473,0.000248630007263273,602112.0,75264.0
neu18_pattern_mining,2026-02-08T12:07:52,3,446,90,0,1.0,0.001443484565243125,11.5705504,0.03446808212902397,0.027469090127851814,0.006998992001172155,0,4,0.0023327349917963147,0.006998992001172155,0.0004141740209888667,12845056.0,1605632.0
neu18_pattern_mining,2026-02-08T12:07:52,3,447,90,1,0.90625,0.47467994689941406,11.5705504,0.018258088908623904,0.00979270989773795,0.008465379010885954,0,4,0.0006384459848050028,0.008465379010885954,0.0003408250049687922,12845056.0,1605632.0
neu18_pattern_mining,2026-02-08T12:07:52,3,448,90,2,1.0,0.0061368560418486595,11.5705504,0.0181856767158024,0.009692209714557976,0.008493467001244426,0,4,0.0006261209782678634,0.008493467001244426,0.00034309999318793416,12845056.0,1605632.0
neu18_pattern_mining,2026-02-08T12:07:52,3,449,90,3,1.0,0.003326420672237873,11.5705504,0.016707663889974356,0.008482089906465262,0.008225573983509094,0,4,0.0005605839833151549,0.008225573983509094,0.0002876250073313713,12845056.0,1605632.0
neu18_pattern_mining,2026-02-08T12:07:52,3,450,90,4,0.3333333333333333,6.920772075653076,0.5519008,0.01624723183340393,0.0089067398221232,0.00734049201128073,0,4,0.0005900689866393805,0.00734049201128073,0.0003006049955729395,602112.0,75264.0
neu18_pattern_mining,2026-02-08T12:07:53,4,446,90,0,1.0,0.0003093205741606653,11.5705504,0.046319074084749445,0.03743642009794712,0.008882653986802325,0,4,0.003009225009009242,0.008882653986802325,0.00073441700078547,12845056.0,1605632.0
neu18_pattern_mining,2026-02-08T12:07:53,4,447,90,1,0.984375,0.02500220388174057,11.5705504,0.015045777923660353,0.008061669941525906,0.0069841079821344465,0,4,0.0005348589911591262,0.0069841079821344465,0.00027130800299346447,12845056.0,1605632.0
neu18_pattern_mining,2026-02-08T12:07:53,4,448,90,2,0.890625,0.2504143714904785,11.5705504,0.01619618176482618,0.008634739788249135,0.0075614419765770435,0,4,0.000565825990634039,0.0075614419765770435,0.00029764798819087446,12845056.0,1605632.0
neu18_pattern_mining,2026-02-08T12:07:53,4,449,90,3,0.953125,0.12523822486400604,11.5705504,0.014504461403703317,0.007601680408697575,0.006902780995005742,0,4,0.0005017680232413113,0.006902780995005742,0.0002584000176284462,12845056.0,1605632.0
neu18_pattern_mining,2026-02-08T12:07:53,4,450,90,4,0.6666666666666666,0.9539769291877747,0.5519008,0.014602200913941488,0.0082323799142614,0.006369820999680087,0,4,0.0005434339982457459,0.006369820999680087,0.00027980399318039417,602112.0,75264.0
neu18_pattern_mining,2026-02-08T12:07:54,0,451,91,0,1.0,0.002727684797719121,11.5705504,0.041046395926969126,0.02928128989879042,0.011765106028178707,0,4,0.002346196008147672,0.011765106028178707,0.0005819329817313701,12845056.0,1605632.0
neu18_pattern_mining,2026-02-08T12:07:54,0,452,91,1,0.9375,0.652721643447876,11.5705504,0.015457567118573934,0.008735060109756887,0.006722507008817047,0,4,0.0005758180050179362,0.006722507008817047,0.00029768800595775247,12845056.0,1605632.0
neu18_pattern_mining,2026-02-08T12:07:54,0,453,91,2,0.984375,0.13465356826782227,11.5705504,0.014647332252934575,0.007815210265107453,0.006832121987827122,0,4,0.0005324880185071379,0.006832121987827122,0.0002490330080036074,12845056.0,1605632.0
neu18_pattern_mining,2026-02-08T12:07:54,0,454,91,3,0.875,0.5725232362747192,11.5705504,0.015426169004058465,0.008244769996963441,0.007181399007095024,0,4,0.0005596730043180287,0.007181399007095024,0.00026480399537831545,12845056.0,1605632.0
neu18_pattern_mining,2026-02-08T12:07:54,0,455,91,4,0.5,1.0681949853897095,0.7325344,0.016393768892157823,0.00938546989345923,0.007008298998698592,0,4,0.0006320079846773297,0.007008298998698592,0.0003065390046685934,802816.0,100352.0
neu18_pattern_mining,2026-02-08T12:07:55,1,451,91,0,1.0,0.0013319067656993866,11.5705504,0.03294746999745257,0.02551268000388518,0.007434789993567392,0,4,0.0021271060104481876,0.007434789993567392,0.0004241619899403304,12845056.0,1605632.0
neu18_pattern_mining,2026-02-08T12:07:55,1,452,91,1,0.96875,0.09909316897392273,11.5705504,0.011428358033299446,0.006694890034850687,0.004733467998448759,0,4,0.00043603501399047673,0.004733467998448759,0.00023345398949459195,12845056.0,1605632.0
neu18_pattern_mining,2026-02-08T12:07:55,1,453,91,2,0.96875,0.05252084881067276,11.5705504,0.011922683886950836,0.006377199897542596,0.00554548398940824,0,4,0.0004205009900033474,0.00554548398940824,0.0002172189997509122,12845056.0,1605632.0
neu18_pattern_mining,2026-02-08T12:07:55,1,454,91,3,0.953125,0.14674721658229828,11.5705504,0.019980172073701397,0.014085730072110891,0.005894442001590505,0,4,0.0004132799804210663,0.005894442001590505,0.0009952930267900229,12845056.0,1605632.0
neu18_pattern_mining,2026-02-08T12:07:55,1,455,91,4,1.0,0.29952165484428406,0.5519008,0.013208828895585611,0.0072936699143610895,0.005915158981224522,0,4,0.00048332600272260606,0.005915158981224522,0.0002460409887135029,602112.0,75264.0
neu18_pattern_mining,2026-02-08T12:07:56,2,451,91,0,1.0,0.00883135013282299,11.5705504,0.04978472675429657,0.038194529770407826,0.011590196983888745,0,4,0.0032466209959238768,0.011590196983888745,0.0005728319811169058,12845056.0,1605632.0
neu18_pattern_mining,2026-02-08T12:07:56,2,452,91,1,0.921875,0.3372746706008911,11.5705504,0.016417671635281295,0.008828059653751552,0.0075896119815297425,0,4,0.0005788159905932844,0.0075896119815297425,0.00030398997478187084,12845056.0,1605632.0
neu18_pattern_mining,2026-02-08T12:07:56,2,453,91,2,0.9375,0.20923873782157898,11.5705504,0.014122241118457168,0.0076556901331059635,0.006466550985351205,0,4,0.0005207649955991656,0.006466550985351205,0.0002448040177114308,12845056.0,1605632.0
neu18_pattern_mining,2026-02-08T12:07:56,2,454,91,3,0.9375,0.26863375306129456,11.5705504,0.012631132995011285,0.006749599997419864,0.005881532997591421,0,4,0.0004477760230656713,0.005881532997591421,0.00022718397667631507,12845056.0,1605632.0
neu18_pattern_mining,2026-02-08T12:07:56,2,455,91,4,0.0,5.77927827835083,0.5519008,0.014329078170703724,0.00782734015956521,0.006501738011138514,0,4,0.0005006910068914294,0.006501738011138514,0.0002820430090650916,602112.0,75264.0
neu18_pattern_mining,2026-02-08T12:07:57,3,451,91,0,1.0,6.689017754979432e-05,11.5705504,0.04441293285344727,0.03496461984468624,0.009448313008761033,0,4,0.0029914820042904466,0.009448313008761033,0.0005049799801781774,12845056.0,1605632.0
neu18_pattern_mining,2026-02-08T12:07:57,3,452,91,1,0.890625,0.5466192960739136,11.5705504,0.018343744130106643,0.009847590117715299,0.008496154012391344,0,4,0.0006513120024465024,0.008496154012391344,0.00033344700932502747,12845056.0,1605632.0
neu18_pattern_mining,2026-02-08T12:07:57,3,453,91,2,1.0,0.0029357322491705418,11.5705504,0.016339242283720523,0.008776020258665085,0.007563222025055438,0,4,0.0005681580223608762,0.007563222025055438,0.0003094440035056323,12845056.0,1605632.0
neu18_pattern_mining,2026-02-08T12:07:57,3,454,91,3,0.96875,0.14736488461494446,11.5705504,0.016316219174768776,0.0087405601516366,0.007575659023132175,0,4,0.0005753099976573139,0.007575659023132175,0.0002987460175063461,12845056.0,1605632.0
neu18_pattern_mining,2026-02-08T12:07:57,3,455,91,4,0.3333333333333333,4.953084468841553,0.5519008,0.016387289942940697,0.008986009925138205,0.007401280017802492,0,4,0.0005969949997961521,0.007401280017802492,0.0003016059927176684,602112.0,75264.0
neu18_pattern_mining,2026-02-08T12:07:58,4,451,91,0,1.0,0.00045606144703924656,11.5705504,0.03454457604675554,0.026872080052271485,0.007672495994484052,0,4,0.0022880680044181645,0.007672495994484052,0.00039914000080898404,12845056.0,1605632.0
neu18_pattern_mining,2026-02-08T12:07:58,4,452,91,1,0.953125,0.13006143271923065,11.5705504,0.011635002825642005,0.006326949805952609,0.005308053019689396,0,4,0.00040363098378293216,0.005308053019689396,0.0002290639968123287,12845056.0,1605632.0
neu18_pattern_mining,2026-02-08T12:07:58,4,453,91,2,0.984375,0.03237064555287361,11.5705504,0.009496198588749394,0.005066999583505094,0.0044291990052443,0,4,0.0003366439777892083,0.0044291990052443,0.0001700559805613011,12845056.0,1605632.0
neu18_pattern_mining,2026-02-08T12:07:58,4,454,91,3,0.96875,0.09646841883659363,11.5705504,0.00849200613447465,0.004787410143762827,0.003704595990711823,0,4,0.0003376649983692914,0.003704595990711823,0.00014107601600699127,12845056.0,1605632.0
neu18_pattern_mining,2026-02-08T12:07:58,4,455,91,4,0.3333333333333333,3.3586618900299072,0.5519008,0.010013374703703448,0.00626988970907405,0.003743484994629398,0,4,0.00046562697389163077,0.003743484994629398,0.00016136199701577425,602112.0,75264.0
neu18_pattern_mining,2026-02-08T12:07:59,0,456,92,0,1.0,0.0007714127423241735,11.5705504,0.03305082113365643,0.024269210116472095,0.008781611017184332,0,4,0.002042642008746043,0.008781611017184332,0.0003842790029011667,12845056.0,1605632.0
neu18_pattern_mining,2026-02-08T12:07:59,0,457,92,1,0.953125,0.15385010838508606,11.5705504,0.01812864889507182,0.009705479897093028,0.008423168997978792,0,4,0.0006399299891199917,0.008423168997978792,0.0003306180005893111,12845056.0,1605632.0
neu18_pattern_mining,2026-02-08T12:07:59,0,458,92,2,1.0,0.010233613662421703,11.5705504,0.01634970708983019,0.008733950089663267,0.007615757000166923,0,4,0.0005697080050595105,0.007615757000166923,0.00030368700390681624,12845056.0,1605632.0
neu18_pattern_mining,2026-02-08T12:08:00,0,459,92,3,1.0,0.008840914815664291,11.5705504,0.012438189063686877,0.006555480067618191,0.005882708996068686,0,4,0.00043052900582551956,0.005882708996068686,0.00022501900093629956,12845056.0,1605632.0
neu18_pattern_mining,2026-02-08T12:08:00,0,460,92,4,0.5,2.712893009185791,0.7325344,0.011586437001824379,0.0068503100192174315,0.004736126982606947,0,4,0.0004931020084768534,0.004736126982606947,0.00019192899344488978,802816.0,100352.0
neu18_pattern_mining,2026-02-08T12:08:00,1,456,92,0,1.0,0.0003626089310273528,11.5705504,0.0422828629380092,0.03283636993728578,0.009446493000723422,0,4,0.0027794039924629033,0.009446493000723422,0.0005042330012656748,12845056.0,1605632.0
neu18_pattern_mining,2026-02-08T12:08:00,1,457,92,1,0.953125,0.14037014544010162,11.5705504,0.015310354065150023,0.008457140065729618,0.0068532139994204044,0,4,0.0005556870019063354,0.0068532139994204044,0.00029002700466662645,12845056.0,1605632.0
neu18_pattern_mining,2026-02-08T12:08:00,1,458,92,2,1.0,0.007002756465226412,11.5705504,0.011951021006098017,0.006411770009435713,0.005539250996662304,0,4,0.00042737199692055583,0.005539250996662304,0.0002138050040230155,12845056.0,1605632.0
neu18_pattern_mining,2026-02-08T12:08:00,1,459,92,3,1.0,0.001949577359482646,11.5705504,0.010340123088099062,0.0055207801051437855,0.004819342982955277,0,4,0.00036617901059798896,0.004819342982955277,0.00018589899991638958,12845056.0,1605632.0
neu18_pattern_mining,2026-02-08T12:08:00,1,460,92,4,0.6666666666666666,3.3350296020507812,0.5519008,0.009104331227717921,0.0050224902224726975,0.004081841005245224,0,4,0.0003278470248915255,0.004081841005245224,0.00017440199735574424,602112.0,75264.0
neu18_pattern_mining,2026-02-08T12:08:01,2,456,92,0,1.0,0.0006843479350209236,11.5705504,0.07116615117411129,0.05260174017166719,0.018564411002444103,0,4,0.004515080014243722,0.018564411002444103,0.0007450940029229969,12845056.0,1605632.0
neu18_pattern_mining,2026-02-08T12:08:01,2,457,92,1,0.984375,0.015533598139882088,11.5705504,0.0203738650016021,0.01098209002520889,0.009391774976393208,0,4,0.0007104839896783233,0.009391774976393208,0.0003877250128425658,12845056.0,1605632.0
neu18_pattern_mining,2026-02-08T12:08:01,2,458,92,2,1.0,0.0008427388384006917,11.5705504,0.015970546926837415,0.008420599915552884,0.00754994701128453,0,4,0.000553680001758039,0.00754994701128453,0.00028837998979724944,12845056.0,1605632.0
neu18_pattern_mining,2026-02-08T12:08:01,2,459,92,3,0.96875,0.10527923703193665,11.5705504,0.012514029978774488,0.006692559982184321,0.005821469996590167,0,4,0.00044521299423649907,0.005821469996590167,0.000224043003981933,12845056.0,1605632.0
neu18_pattern_mining,2026-02-08T12:08:01,2,460,92,4,1.0,0.10264834016561508,0.5519008,0.012239859061082825,0.006846610049251467,0.005393249011831358,0,4,0.0004423359932843596,0.005393249011831358,0.00024232501164078712,602112.0,75264.0
neu18_pattern_mining,2026-02-08T12:08:02,3,456,92,0,0.984375,0.026461629197001457,11.5705504,0.06932238512672484,0.05111458012834191,0.018207804998382926,0,4,0.004359768994618207,0.018207804998382926,0.0007516890182159841,12845056.0,1605632.0
neu18_pattern_mining,2026-02-08T12:08:02,3,457,92,1,1.0,0.00260365242138505,11.5705504,0.020304118195781484,0.01086735021090135,0.009436767984880134,0,4,0.0007011250127106905,0.009436767984880134,0.0003856100083794445,12845056.0,1605632.0
neu18_pattern_mining,2026-02-08T12:08:02,3,458,92,2,1.0,0.0005751893040724099,11.5705504,0.020234323892509565,0.01083518989617005,0.009399133996339515,0,4,0.0007032129797153175,0.009399133996339515,0.0003803060099016875,12845056.0,1605632.0
neu18_pattern_mining,2026-02-08T12:08:02,3,459,92,3,0.921875,0.35285550355911255,11.5705504,0.018713726138230413,0.009508870134595782,0.009204856003634632,0,4,0.00061794399516657,0.009204856003634632,0.0003329430182930082,12845056.0,1605632.0
neu18_pattern_mining,2026-02-08T12:08:02,3,460,92,4,0.6666666666666666,3.6614816188812256,0.5519008,0.017627986206207424,0.00986262020887807,0.007765365997329354,0,4,0.0006607010145671666,0.007765365997329354,0.00032556100632064044,602112.0,75264.0
neu18_pattern_mining,2026-02-08T12:08:03,4,456,92,0,1.0,0.0009194163721986115,11.5705504,0.055635958939092234,0.04154858994297683,0.014087368996115401,0,4,0.003321769996546209,0.014087368996115401,0.0008330889977514744,12845056.0,1605632.0
neu18_pattern_mining,2026-02-08T12:08:03,4,457,92,1,1.0,0.00012492954556364566,11.5705504,0.019961670972406864,0.010535629990044981,0.009426040982361883,0,4,0.0006860930006951094,0.009426040982361883,0.00036746999830938876,12845056.0,1605632.0
neu18_pattern_mining,2026-02-08T12:08:03,4,458,92,2,0.96875,0.07531993836164474,11.5705504,0.018003710982156917,0.009546579967718571,0.008457131014438346,0,4,0.0006234790198504925,0.008457131014438346,0.00033117897692136467,12845056.0,1605632.0
neu18_pattern_mining,2026-02-08T12:08:03,4,459,92,3,1.0,0.009350934065878391,11.5705504,0.019054779811995104,0.010036229796241969,0.009018550015753135,0,4,0.0006718939985148609,0.009018550015753135,0.000331728981109336,12845056.0,1605632.0
neu18_pattern_mining,2026-02-08T12:08:03,4,460,92,4,0.3333333333333333,1.8518877029418945,0.5519008,0.01781703796586953,0.009979559981729835,0.007837477984139696,0,4,0.0006526910001412034,0.007837477984139696,0.0003452649980317801,602112.0,75264.0
neu18_pattern_mining,2026-02-08T12:08:05,0,461,93,0,1.0,3.29568465531338e-05,11.5705504,0.0306518740253523,0.019836720020975918,0.010815154004376382,0,4,0.0015042730083223432,0.010815154004376382,0.00047939899377524853,12845056.0,1605632.0
neu18_pattern_mining,2026-02-08T12:08:05,0,462,93,1,0.953125,0.08733944594860077,11.5705504,0.018020184099441394,0.009656090114731342,0.008364093984710053,0,4,0.0006308160081971437,0.008364093984710053,0.0003347930032759905,12845056.0,1605632.0
neu18_pattern_mining,2026-02-08T12:08:05,0,463,93,2,0.9375,0.3084702789783478,11.5705504,0.019459764909697697,0.01007407990982756,0.009385684999870136,0,4,0.0006730029999744147,0.009385684999870136,0.0003344049910083413,12845056.0,1605632.0
neu18_pattern_mining,2026-02-08T12:08:05,0,464,93,3,0.96875,0.1207660660147667,11.5705504,0.017816307139582932,0.009466310148127377,0.008349996991455555,0,4,0.000616080011241138,0.008349996991455555,0.0003305510035715997,12845056.0,1605632.0
neu18_pattern_mining,2026-02-08T12:08:05,0,465,93,4,0.75,0.5089926719665527,0.7325344,0.018859789037378505,0.01056690001860261,0.008292889018775895,0,4,0.0007218469982035458,0.008292889018775895,0.00033484300365671515,802816.0,100352.0
neu18_pattern_mining,2026-02-08T12:08:05,1,461,93,0,1.0,1.8690203432925045e-05,11.5705504,0.04491209701518528,0.03444039000896737,0.010471707006217912,0,4,0.0027669600094668567,0.010471707006217912,0.0006770789914298803,12845056.0,1605632.0
neu18_pattern_mining,2026-02-08T12:08:05,1,462,93,1,1.0,8.279179382952861e-06,11.5705504,0.017247176874661818,0.008775779861025512,0.008471397013636306,0,4,0.0005506199959199876,0.008471397013636306,0.00032695799018256366,12845056.0,1605632.0
neu18_pattern_mining,2026-02-08T12:08:05,1,463,93,2,1.0,0.014089209958910942,11.5705504,0.01770526813925244,0.009308780136052519,0.00839648800319992,0,4,0.0006102110201027244,0.00839648800319992,0.0003206669935025275,12845056.0,1605632.0
neu18_pattern_mining,2026-02-08T12:08:05,1,464,93,3,0.984375,0.06395795941352844,11.5705504,0.017440383933717385,0.009114019921980798,0.008326364011736587,0,4,0.0005982040020171553,0.008326364011736587,0.00031319799018092453,12845056.0,1605632.0
neu18_pattern_mining,2026-02-08T12:08:06,1,465,93,4,1.0,0.05454075708985329,0.5519008,0.01605486197513528,0.008939499966800213,0.007115362008335069,0,4,0.0005816449993290007,0.007115362008335069,0.0003123049973510206,602112.0,75264.0
neu18_pattern_mining,2026-02-08T12:08:06,2,461,93,0,1.0,6.882047455292195e-05,11.5705504,0.04000532199279405,0.03203353000571951,0.007971791987074539,0,4,0.002739029994700104,0.007971791987074539,0.00046432300587184727,12845056.0,1605632.0
neu18_pattern_mining,2026-02-08T12:08:06,2,462,93,1,1.0,0.0006021709996275604,11.5705504,0.011973171116551384,0.006370230112224817,0.005602941004326567,0,4,0.00041200302075594664,0.005602941004326567,0.0002250199904665351,12845056.0,1605632.0
neu18_pattern_mining,2026-02-08T12:08:06,2,463,93,2,0.921875,0.3219597637653351,11.5705504,0.012582634895807132,0.006727289874106646,0.0058553450217004865,0,4,0.00044943098328076303,0.0058553450217004865,0.00022329800412990153,12845056.0,1605632.0
neu18_pattern_mining,2026-02-08T12:08:06,2,464,93,3,0.984375,0.021919477730989456,11.5705504,0.013895430165575817,0.007892470166552812,0.006002959999023005,0,4,0.0005202490137889981,0.006002959999023005,0.00026899800286628306,12845056.0,1605632.0
neu18_pattern_mining,2026-02-08T12:08:06,2,465,93,4,0.3333333333333333,2.1189379692077637,0.5519008,0.014343954127980396,0.00838069012388587,0.005963264004094526,0,4,0.0005492769996635616,0.005963264004094526,0.0002887920127250254,602112.0,75264.0
neu18_pattern_mining,2026-02-08T12:08:07,3,461,93,0,1.0,0.00013845638022758067,11.5705504,0.041220418876037,0.03419046988710761,0.007029948988929391,0,4,0.002986524981679395,0.007029948988929391,0.00043252200703136623,12845056.0,1605632.0
neu18_pattern_mining,2026-02-08T12:08:07,3,462,93,1,0.9375,0.2501053512096405,11.5705504,0.015271786949597299,0.008319799962919205,0.006951986986678094,0,4,0.0005542559956666082,0.006951986986678094,0.00027772400062531233,12845056.0,1605632.0
neu18_pattern_mining,2026-02-08T12:08:07,3,463,93,2,0.9375,0.4054425358772278,11.5705504,0.016238957206951454,0.008673200209159404,0.00756575699779205,0,4,0.0005755440215580165,0.00756575699779205,0.00029177599935792387,12845056.0,1605632.0
neu18_pattern_mining,2026-02-08T12:08:07,3,464,93,3,0.984375,0.04401064291596413,11.5705504,0.017802778020268306,0.009439720015507191,0.008363058004761115,0,4,0.0006100519967731088,0.008363058004761115,0.0003339200047776103,12845056.0,1605632.0
neu18_pattern_mining,2026-02-08T12:08:07,3,465,93,4,0.0,5.24763822555542,0.5519008,0.01614637571037747,0.009116959699895233,0.007029416010482237,0,4,0.0006165019876789302,0.007029416010482237,0.00029519398231059313,602112.0,75264.0
neu18_pattern_mining,2026-02-08T12:08:08,4,461,93,0,1.0,1.8158074453822337e-05,11.5705504,0.039426480041584,0.032222330046352,0.007204149995232001,0,4,0.0028023509948980063,0.007204149995232001,0.0004198820097371936,12845056.0,1605632.0
neu18_pattern_mining,2026-02-08T12:08:08,4,462,93,1,1.0,0.0004233219660818577,11.5705504,0.014869316044496372,0.008406550041399896,0.006462766003096476,0,4,0.0005673450068570673,0.006462766003096476,0.00027330999728292227,12845056.0,1605632.0
neu18_pattern_mining,2026-02-08T12:08:08,4,463,93,2,1.0,0.00040957448072731495,11.5705504,0.0160299900744576,0.00842962006572634,0.007600370008731261,0,4,0.0005667730001732707,0.007600370008731261,0.0002761890063993633,12845056.0,1605632.0
neu18_pattern_mining,2026-02-08T12:08:08,4,464,93,3,1.0,0.011426087468862534,11.5705504,0.014595416083466262,0.007622560078743845,0.006972856004722416,0,4,0.0005018599913455546,0.006972856004722416,0.00026039601652882993,12845056.0,1605632.0
neu18_pattern_mining,2026-02-08T12:08:08,4,465,93,4,0.3333333333333333,1.7046631574630737,0.5519008,0.014607121091103181,0.008198170107789338,0.006408950983313844,0,4,0.000540492997970432,0.006408950983313844,0.0002793240128085017,602112.0,75264.0
neu18_pattern_mining,2026-02-08T12:08:10,0,466,94,0,0.984375,0.09677507728338242,11.5705504,0.03171515488065779,0.02357330988161266,0.008141844999045134,0,4,0.0019174549961462617,0.008141844999045134,0.00043987599201500416,12845056.0,1605632.0
neu18_pattern_mining,2026-02-08T12:08:10,0,467,94,1,1.0,0.005400407128036022,11.5705504,0.009346120146801695,0.005106640164740384,0.004239479982061312,0,4,0.0003357520035933703,0.004239479982061312,0.00017491201288066804,12845056.0,1605632.0
neu18_pattern_mining,2026-02-08T12:08:10,0,468,94,2,0.921875,0.3204856216907501,11.5705504,0.008895370934624225,0.004888669936917722,0.004006700997706503,0,4,0.0003356749948579818,0.004006700997706503,0.00015319199883379042,12845056.0,1605632.0
neu18_pattern_mining,2026-02-08T12:08:10,0,469,94,3,0.984375,0.16789035499095917,11.5705504,0.009734104911331087,0.005129069904796779,0.004605035006534308,0,4,0.0003347329911775887,0.004605035006534308,0.00017817399930208921,12845056.0,1605632.0
neu18_pattern_mining,2026-02-08T12:08:10,0,470,94,4,0.5,3.4521501064300537,0.7325344,0.010369428928242996,0.00582748994929716,0.004541938978945836,0,4,0.0004029730043839663,0.004541938978945836,0.00017977599054574966,802816.0,100352.0
neu18_pattern_mining,2026-02-08T12:08:10,1,466,94,0,1.0,5.096082531963475e-06,11.5705504,0.03506423000362702,0.02686544001335278,0.008198789990274236,0,4,0.0022503469954244792,0.008198789990274236,0.0004361970059107989,12845056.0,1605632.0
neu18_pattern_mining,2026-02-08T12:08:10,1,467,94,1,1.0,0.004971139132976532,11.5705504,0.013916135998442769,0.0074722900171764195,0.0064438459812663496,0,4,0.0004915620083920658,0.0064438459812663496,0.0002556669933255762,12845056.0,1605632.0
neu18_pattern_mining,2026-02-08T12:08:10,1,468,94,2,1.0,0.00029432305018417537,11.5705504,0.011670231178868562,0.006150510162115097,0.005519721016753465,0,4,0.00040307201561518013,0.005519721016753465,0.00021197900059632957,12845056.0,1605632.0
neu18_pattern_mining,2026-02-08T12:08:10,1,469,94,3,0.984375,0.020914964377880096,11.5705504,0.012548115075333044,0.00664432009216398,0.005903794983169064,0,4,0.000437921000411734,0.005903794983169064,0.00022651100880466402,12845056.0,1605632.0
neu18_pattern_mining,2026-02-08T12:08:11,1,470,94,4,0.3333333333333333,6.918392181396484,0.5519008,0.011476171668618917,0.006352619675453752,0.005123551993165165,0,4,0.0004182129923719913,0.005123551993165165,0.00021704897517338395,602112.0,75264.0
neu18_pattern_mining,2026-02-08T12:08:11,2,466,94,0,0.984375,0.023491891101002693,11.5705504,0.059248108736937866,0.04722292971564457,0.012025179021293297,0,4,0.00402646599104628,0.012025179021293297,0.0006958269805181772,12845056.0,1605632.0
neu18_pattern_mining,2026-02-08T12:08:11,2,467,94,1,0.96875,0.1435956358909607,11.5705504,0.018033443804597482,0.009706239798106253,0.008327204006491229,0,4,0.0006262339884415269,0.008327204006491229,0.0003443899913690984,12845056.0,1605632.0
neu18_pattern_mining,2026-02-08T12:08:11,2,468,94,2,0.953125,0.1347181797027588,11.5705504,0.013889674795791507,0.007474589801859111,0.006415084993932396,0,4,0.0004890679847449064,0.006415084993932396,0.00025839099544100463,12845056.0,1605632.0
neu18_pattern_mining,2026-02-08T12:08:11,2,469,94,3,0.96875,0.20109811425209045,11.5705504,0.014665397990029305,0.0077194999903440475,0.006945897999685258,0,4,0.0005092649953439832,0.006945897999685258,0.0002626850036904216,12845056.0,1605632.0
neu18_pattern_mining,2026-02-08T12:08:11,2,470,94,4,1.0,0.19780655205249786,0.5519008,0.01427654319559224,0.007886270177550614,0.006390273018041626,0,4,0.0005132190126460046,0.006390273018041626,0.00027540800510905683,602112.0,75264.0
neu18_pattern_mining,2026-02-08T12:08:12,3,466,94,0,1.0,1.2830694686272182e-05,11.5705504,0.03905954922083765,0.03150432021357119,0.007555229007266462,0,4,0.0027436120144557208,0.007555229007266462,0.0004068200069013983,12845056.0,1605632.0
neu18_pattern_mining,2026-02-08T12:08:12,3,467,94,1,1.0,0.000386414845706895,11.5705504,0.009866011067060754,0.005712950078304857,0.004153060988755897,0,4,0.0003853329981211573,0.004153060988755897,0.0001859620097093284,12845056.0,1605632.0
neu18_pattern_mining,2026-02-08T12:08:12,3,468,94,2,0.953125,0.370493620634079,11.5705504,0.009617783973226324,0.005163669993635267,0.004454113979591057,0,4,0.0003314829955343157,0.004454113979591057,0.000184884003829211,12845056.0,1605632.0
neu18_pattern_mining,2026-02-08T12:08:12,3,469,94,3,1.0,0.0020169666968286037,11.5705504,0.011200888780876994,0.0065224297577515244,0.00467845902312547,0,4,0.00047661198186688125,0.00467845902312547,0.0001756309939082712,12845056.0,1605632.0
neu18_pattern_mining,2026-02-08T12:08:12,3,470,94,4,0.6666666666666666,0.9940302968025208,0.5519008,0.009617691102903336,0.005325640086084604,0.004292051016818732,0,4,0.0003508439986035228,0.004292051016818732,0.00018172001000493765,602112.0,75264.0
neu18_pattern_mining,2026-02-08T12:08:13,4,466,94,0,1.0,5.809774302178994e-05,11.5705504,0.048634078877512366,0.036671049892902374,0.011963028984609991,0,4,0.002926045999629423,0.011963028984609991,0.0007410589896608144,12845056.0,1605632.0
neu18_pattern_mining,2026-02-08T12:08:13,4,467,94,1,0.984375,0.02331998012959957,11.5705504,0.020458780141780153,0.010952030133921653,0.0095067500078585,0,4,0.000703442987287417,0.0095067500078585,0.00039176002610474825,12845056.0,1605632.0
neu18_pattern_mining,2026-02-08T12:08:13,4,468,94,2,0.96875,0.0950867161154747,11.5705504,0.01479306721012108,0.008329590200446546,0.006463477009674534,0,4,0.0005859940138179809,0.006463477009674534,0.0002469650062266737,12845056.0,1605632.0
neu18_pattern_mining,2026-02-08T12:08:13,4,469,94,3,0.984375,0.04817419499158859,11.5705504,0.016269674903014675,0.008445369894616306,0.007824305008398369,0,4,0.0005535529926419258,0.007824305008398369,0.00029098399681970477,12845056.0,1605632.0
neu18_pattern_mining,2026-02-08T12:08:13,4,470,94,4,0.3333333333333333,3.852466344833374,0.5519008,0.0153157829772681,0.007969099970068783,0.007346683007199317,0,4,0.000518479006132111,0.007346683007199317,0.0002784309908747673,602112.0,75264.0
neu18_pattern_mining,2026-02-08T12:08:14,0,471,95,0,1.0,3.511511022225022e-05,11.5705504,0.03182692703558132,0.023771330015733838,0.008055597019847482,0,4,0.001938146015163511,0.008055597019847482,0.00043898698640987277,12845056.0,1605632.0
neu18_pattern_mining,2026-02-08T12:08:15,0,472,95,1,1.0,0.0015693344175815582,11.5705504,0.018872632703278214,0.010546079720370471,0.008326552982907742,0,4,0.0007118929934222251,0.008326552982907742,0.00034271497861482203,12845056.0,1605632.0
neu18_pattern_mining,2026-02-08T12:08:15,0,473,95,2,0.859375,1.1777678728103638,11.5705504,0.011805962072685361,0.006257540080696344,0.0055484219919890165,0,4,0.0004083439998794347,0.0055484219919890165,0.00021741000819019973,12845056.0,1605632.0
neu18_pattern_mining,2026-02-08T12:08:15,0,474,95,3,1.0,0.009881166741251945,11.5705504,0.010964865155983716,0.005802200175821781,0.005162664980161935,0,4,0.00038013100856915116,0.005162664980161935,0.00020008900901302695,12845056.0,1605632.0
neu18_pattern_mining,2026-02-08T12:08:15,0,475,95,4,0.75,0.19110900163650513,0.7325344,0.01087317694327794,0.0057816499611362815,0.005091526982141659,0,4,0.000395024981116876,0.005091526982141659,0.00018314001499675214,802816.0,100352.0
neu18_pattern_mining,2026-02-08T12:08:15,1,471,95,0,1.0,0.00023039476945996284,11.5705504,0.06277820002287626,0.04714323004009202,0.01563496998278424,0,4,0.003671834012493491,0.01563496998278424,0.001042488991515711,12845056.0,1605632.0
neu18_pattern_mining,2026-02-08T12:08:15,1,472,95,1,0.984375,0.04825867339968681,11.5705504,0.02055171408574097,0.011069650063291192,0.009482064022449777,0,4,0.0007364019984379411,0.009482064022449777,0.00037056300789117813,12845056.0,1605632.0
neu18_pattern_mining,2026-02-08T12:08:15,1,473,95,2,0.984375,0.021814294159412384,11.5705504,0.017906983877765015,0.009488099894952029,0.008418883982812986,0,4,0.0006299219967331737,0.008418883982812986,0.00031888799276202917,12845056.0,1605632.0
neu18_pattern_mining,2026-02-08T12:08:15,1,474,95,3,0.96875,0.14725378155708313,11.5705504,0.01373584198881872,0.0073628799873404205,0.0063729620014782995,0,4,0.0004930580034852028,0.0063729620014782995,0.00024322999524883926,12845056.0,1605632.0
neu18_pattern_mining,2026-02-08T12:08:15,1,475,95,4,0.6666666666666666,0.24725235998630524,0.5519008,0.012033311912091449,0.006561359914485365,0.005471951997606084,0,4,0.00043863500468432903,0.005471951997606084,0.00021750098676420748,602112.0,75264.0
neu18_pattern_mining,2026-02-08T12:08:16,2,471,95,0,1.0,0.0002434657362755388,11.5705504,0.0501474940974731,0.039785460103303194,0.010362033994169906,0,4,0.003470399009529501,0.010362033994169906,0.0005081470008008182,12845056.0,1605632.0
neu18_pattern_mining,2026-02-08T12:08:16,2,472,95,1,0.96875,0.19237083196640015,11.5705504,0.016181831946596503,0.008275409927591681,0.007906422019004822,0,4,0.0004993429756723344,0.007906422019004822,0.0003281980170868337,12845056.0,1605632.0
neu18_pattern_mining,2026-02-08T12:08:16,2,473,95,2,0.953125,0.16217100620269775,11.5705504,0.016238563955994323,0.008653849945403636,0.007584714010590687,0,4,0.0005644529883284122,0.007584714010590687,0.0003009320062119514,12845056.0,1605632.0
neu18_pattern_mining,2026-02-08T12:08:16,2,474,95,3,0.859375,0.5092087984085083,11.5705504,0.012450665206415579,0.00662082020426169,0.005829845002153888,0,4,0.00043767501483671367,0.005829845002153888,0.00022440700558945537,12845056.0,1605632.0
neu18_pattern_mining,2026-02-08T12:08:16,2,475,95,4,0.6666666666666666,0.4252721071243286,0.5519008,0.011711743631167337,0.006393429648596793,0.005318313982570544,0,4,0.00042112497612833977,0.005318313982570544,0.00021821798873133957,602112.0,75264.0
neu18_pattern_mining,2026-02-08T12:08:17,3,471,95,0,1.0,0.00010095518518937752,11.5705504,0.03608738223556429,0.028377100243233144,0.007710281992331147,0,4,0.0024088910140562803,0.007710281992331147,0.0004288190102670342,12845056.0,1605632.0
neu18_pattern_mining,2026-02-08T12:08:17,3,472,95,1,0.96875,0.152975395321846,11.5705504,0.010034606821136549,0.005318909825291485,0.0047156969958450645,0,4,0.000338865997036919,0.0047156969958450645,0.00019302498549222946,12845056.0,1605632.0
neu18_pattern_mining,2026-02-08T12:08:17,3,473,95,2,1.0,0.0022699700202792883,11.5705504,0.010569779173238203,0.005642500182148069,0.004927278991090134,0,4,0.0003765090077649802,0.004927278991090134,0.00018774101044982672,12845056.0,1605632.0
neu18_pattern_mining,2026-02-08T12:08:17,3,474,95,3,0.9375,0.23289191722869873,11.5705504,0.012184456776594743,0.006364869768731296,0.005819587007863447,0,4,0.0004267469921614975,0.005819587007863447,0.00020973998471163213,12845056.0,1605632.0
neu18_pattern_mining,2026-02-08T12:08:17,3,475,95,4,0.0,4.199005603790283,0.5519008,0.012220822012750432,0.006725999992340803,0.005494822020409629,0,4,0.00044497300405055285,0.005494822020409629,0.00022762699518352747,602112.0,75264.0
neu18_pattern_mining,2026-02-08T12:08:18,4,471,95,0,0.984375,0.022203685715794563,11.5705504,0.03512452289578505,0.02716160990530625,0.007962912990478799,0,4,0.002275976992677897,0.007962912990478799,0.00044018399785272777,12845056.0,1605632.0
neu18_pattern_mining,2026-02-08T12:08:18,4,472,95,1,0.953125,0.19252842664718628,11.5705504,0.01762082293862477,0.009620079945307225,0.008000742993317544,0,4,0.0006548859819304198,0.008000742993317544,0.0003071220126003027,12845056.0,1605632.0
neu18_pattern_mining,2026-02-08T12:08:18,4,473,95,2,0.96875,0.07757306843996048,11.5705504,0.013872529874788597,0.006951839895918965,0.006920689978869632,0,4,0.0004315599799156189,0.006920689978869632,0.00026362400967627764,12845056.0,1605632.0
neu18_pattern_mining,2026-02-08T12:08:18,4,474,95,3,0.890625,0.35118019580841064,11.5705504,0.013529666233807802,0.008010440215002745,0.005519226018805057,0,4,0.0005911080224905163,0.005519226018805057,0.00020993599900975823,12845056.0,1605632.0
neu18_pattern_mining,2026-02-08T12:08:18,4,475,95,4,0.6666666666666666,0.3987956941127777,0.5519008,0.010850136110093445,0.006157270108815283,0.004692866001278162,0,4,0.0004247640026733279,0.004692866001278162,0.00019096300820820034,602112.0,75264.0
neu18_pattern_mining,2026-02-08T12:08:19,0,476,96,0,1.0,0.0005347036058083177,11.5705504,0.03481400138116442,0.02530416037188843,0.009509841009275988,0,4,0.002050994022283703,0.009509841009275988,0.0004794220149051398,12845056.0,1605632.0
neu18_pattern_mining,2026-02-08T12:08:19,0,477,96,1,1.0,0.005031269509345293,11.5705504,0.010263017029501498,0.005780700012110174,0.004482317017391324,0,4,0.0003971779951825738,0.004482317017391324,0.00018089200602844357,12845056.0,1605632.0
neu18_pattern_mining,2026-02-08T12:08:19,0,478,96,2,0.78125,0.7530385851860046,11.5705504,0.014501855068374425,0.00761022005463019,0.006891635013744235,0,4,0.0004925660032313317,0.006891635013744235,0.0002684560022316873,12845056.0,1605632.0
neu18_pattern_mining,2026-02-08T12:08:20,0,479,96,3,0.953125,0.22329768538475037,11.5705504,0.00959660587250255,0.006005239847581834,0.003591366024920717,0,4,0.0004300599975977093,0.003591366024920717,0.00017046398716047406,12845056.0,1605632.0
neu18_pattern_mining,2026-02-08T12:08:20,0,480,96,4,0.75,2.302459239959717,0.7325344,0.013930192566476762,0.008053910569287837,0.005876281997188926,0,4,0.0005687690281774849,0.005876281997188926,0.00023662202875129879,802816.0,100352.0
neu18_pattern_mining,2026-02-08T12:08:20,1,476,96,0,1.0,4.7747729695402086e-05,11.5705504,0.036943045182852075,0.029546540172304958,0.007396505010547116,0,4,0.002507803001208231,0.007396505010547116,0.00044685101602226496,12845056.0,1605632.0
neu18_pattern_mining,2026-02-08T12:08:20,1,477,96,1,0.96875,0.4561469852924347,11.5705504,0.015555114077869803,0.007913050067145377,0.007642064010724425,0,4,0.00045051000779494643,0.007642064010724425,0.0003407949989195913,12845056.0,1605632.0
neu18_pattern_mining,2026-02-08T12:08:20,1,478,96,2,0.8125,0.5473435521125793,11.5705504,0.014880230010021478,0.007864020008128136,0.0070162100018933415,0,4,0.0005184930050745606,0.0070162100018933415,0.000267908995738253,12845056.0,1605632.0
neu18_pattern_mining,2026-02-08T12:08:20,1,479,96,3,1.0,0.0050407531671226025,11.5705504,0.014711665106005967,0.0077664401032961905,0.006945225002709776,0,4,0.0005134250095579773,0.006945225002709776,0.00026321900077164173,12845056.0,1605632.0
neu18_pattern_mining,2026-02-08T12:08:20,1,480,96,4,0.0,3.7704508304595947,0.5519008,0.014718907827045768,0.00790692982263863,0.006811978004407138,0,4,0.0005132090009283274,0.006811978004407138,0.00027748398133553565,602112.0,75264.0
neu18_pattern_mining,2026-02-08T12:08:21,2,476,96,0,1.0,0.00014684873167425394,11.5705504,0.04589594982098788,0.0373861298430711,0.008509819977916777,0,4,0.0032361529883928597,0.008509819977916777,0.0005024599959142506,12845056.0,1605632.0
neu18_pattern_mining,2026-02-08T12:08:21,2,477,96,1,0.921875,0.28898388147354126,11.5705504,0.015013131138402969,0.008052730117924511,0.006960401020478457,0,4,0.0005279899924062192,0.006960401020478457,0.0002772830193862319,12845056.0,1605632.0
neu18_pattern_mining,2026-02-08T12:08:21,2,478,96,2,0.9375,0.5632734298706055,11.5705504,0.016240866942098364,0.008580739959143102,0.007660126982955262,0,4,0.0005677090084645897,0.007660126982955262,0.0002903649874497205,12845056.0,1605632.0
neu18_pattern_mining,2026-02-08T12:08:21,2,479,96,3,1.0,0.013528739102184772,11.5705504,0.016095040802611038,0.008540389826521277,0.007554650976089761,0,4,0.000553983001736924,0.007554650976089761,0.0003000559809152037,12845056.0,1605632.0
neu18_pattern_mining,2026-02-08T12:08:21,2,480,96,4,0.3333333333333333,3.5404694080352783,0.5519008,0.01442957588005811,0.008018059888854623,0.006411515991203487,0,4,0.0005296879971865565,0.006411515991203487,0.0002721179916989058,602112.0,75264.0
neu18_pattern_mining,2026-02-08T12:08:22,3,476,96,0,1.0,0.0002265658840769902,11.5705504,0.06279615632956848,0.049445540353190154,0.013350615976378322,0,4,0.004056157020386308,0.013350615976378322,0.000888397014932707,12845056.0,1605632.0
neu18_pattern_mining,2026-02-08T12:08:22,3,477,96,1,1.0,6.215449684532359e-05,11.5705504,0.020018252165755257,0.01056319015333429,0.009455062012420967,0,4,0.0006890340009704232,0.009455062012420967,0.00036728501436300576,12845056.0,1605632.0
neu18_pattern_mining,2026-02-08T12:08:22,3,478,96,2,0.953125,0.1339687705039978,11.5705504,0.01979450404178351,0.010279910056851804,0.009514593984931707,0,4,0.0006739789969287813,0.009514593984931707,0.00035401200875639915,12845056.0,1605632.0
neu18_pattern_mining,2026-02-08T12:08:22,3,479,96,3,0.9375,0.2438431978225708,11.5705504,0.019580938096623868,0.010223420104011893,0.009357517992611974,0,4,0.0006717320065945387,0.009357517992611974,0.00035061000380665064,12845056.0,1605632.0
neu18_pattern_mining,2026-02-08T12:08:22,3,480,96,4,0.6666666666666666,2.5977933406829834,0.5519008,0.017829716933192685,0.009681459923740476,0.008148257009452209,0,4,0.0006281230016611516,0.008148257009452209,0.000340022990712896,602112.0,75264.0
neu18_pattern_mining,2026-02-08T12:08:23,4,476,96,0,1.0,2.3092054107110016e-05,11.5705504,0.03785303040058352,0.030448480392806232,0.0074045500077772886,0,4,0.002634190022945404,0.0074045500077772886,0.00041065801633521914,12845056.0,1605632.0
neu18_pattern_mining,2026-02-08T12:08:23,4,477,96,1,1.0,0.00043458095751702785,11.5705504,0.014126798138022423,0.007569850131403655,0.006556948006618768,0,4,0.0004884160007350147,0.006556948006618768,0.0002685690124053508,12845056.0,1605632.0
neu18_pattern_mining,2026-02-08T12:08:23,4,478,96,2,0.984375,0.11475741118192673,11.5705504,0.015781836351379752,0.008637910359539092,0.007143925991840661,0,4,0.0005580790166277438,0.007143925991840661,0.0003057120193261653,12845056.0,1605632.0
neu18_pattern_mining,2026-02-08T12:08:23,4,479,96,3,1.0,0.0010924430098384619,11.5705504,0.015850831143325195,0.008787010156083852,0.007063820987241343,0,4,0.0005691510159522295,0.007063820987241343,0.0003095499996561557,12845056.0,1605632.0
neu18_pattern_mining,2026-02-08T12:08:23,4,480,96,4,0.0,3.4104011058807373,0.5519008,0.016599494847469032,0.009131429833360016,0.0074680650141090155,0,4,0.0005884410056751221,0.0074680650141090155,0.0003247019776608795,602112.0,75264.0
neu18_pattern_mining,2026-02-08T12:08:24,0,481,97,0,1.0,0.0007844713400118053,11.5705504,0.045553511212347075,0.032611070200800896,0.01294244101154618,0,4,0.002615402016090229,0.01294244101154618,0.0006457050039898604,12845056.0,1605632.0
neu18_pattern_mining,2026-02-08T12:08:24,0,482,97,1,1.0,0.006697019096463919,11.5705504,0.020026508980663493,0.010644709982443601,0.009381798998219892,0,4,0.0007072979933582246,0.009381798998219892,0.00035717300488613546,12845056.0,1605632.0
neu18_pattern_mining,2026-02-08T12:08:24,0,483,97,2,0.984375,0.04598907381296158,11.5705504,0.01779663670458831,0.009469299693591893,0.008327337010996416,0,4,0.0006239989888854325,0.008327337010996416,0.0003229309804737568,12845056.0,1605632.0
neu18_pattern_mining,2026-02-08T12:08:24,0,484,97,3,0.984375,0.021172720938920975,11.5705504,0.01760770395048894,0.00931290996959433,0.00829479398089461,0,4,0.0006133230053819716,0.00829479398089461,0.00031796799157746136,12845056.0,1605632.0
neu18_pattern_mining,2026-02-08T12:08:24,0,485,97,4,0.75,0.5844242572784424,0.7325344,0.018989462667377666,0.010187379666604102,0.008802083000773564,0,4,0.0007127419812604785,0.008802083000773564,0.00030599598539993167,802816.0,100352.0
neu18_pattern_mining,2026-02-08T12:08:25,1,481,97,0,1.0,0.00012119919119868428,11.5705504,0.05179908202262595,0.04035199002828449,0.011447091994341463,0,4,0.0033659919863566756,0.011447091994341463,0.0006692070164717734,12845056.0,1605632.0
neu18_pattern_mining,2026-02-08T12:08:25,1,482,97,1,1.0,0.006389350164681673,11.5705504,0.020495620934525505,0.011012149916496128,0.009483471018029377,0,4,0.0007135210034903139,0.009483471018029377,0.0003876939881592989,12845056.0,1605632.0
neu18_pattern_mining,2026-02-08T12:08:25,1,483,97,2,0.96875,0.10702548176050186,11.5705504,0.01778033364098519,0.009330229659099132,0.008450103981886059,0,4,0.0006135509756859392,0.008450103981886059,0.000319471990223974,12845056.0,1605632.0
neu18_pattern_mining,2026-02-08T12:08:25,1,484,97,3,0.90625,0.328818142414093,11.5705504,0.017710606945911422,0.009432139922864735,0.008278467023046687,0,4,0.00061447499319911,0.008278467023046687,0.0003287389990873635,12845056.0,1605632.0
neu18_pattern_mining,2026-02-08T12:08:25,1,485,97,4,0.6666666666666666,0.5022749900817871,0.5519008,0.018298768787644804,0.009867329790722579,0.008431438996922225,0,4,0.0006409219931811094,0.008431438996922225,0.00034581098589114845,602112.0,75264.0
neu18_pattern_mining,2026-02-08T12:08:26,2,481,97,0,1.0,0.011417733505368233,11.5705504,0.05163042893400416,0.03841892990749329,0.013211499026510864,0,4,0.003068899008212611,0.013211499026510864,0.0007729939825367182,12845056.0,1605632.0
neu18_pattern_mining,2026-02-08T12:08:26,2,482,97,1,1.0,0.018851980566978455,11.5705504,0.015084396145539358,0.008103710133582354,0.006980686011957005,0,4,0.0005318449984770268,0.006980686011957005,0.00027852601488120854,12845056.0,1605632.0
neu18_pattern_mining,2026-02-08T12:08:26,2,483,97,2,0.84375,0.9485512971878052,11.5705504,0.015923052211292088,0.008401030208915472,0.007522022002376616,0,4,0.0005642830219585449,0.007522022002376616,0.00027581999893300235,12845056.0,1605632.0
neu18_pattern_mining,2026-02-08T12:08:26,2,484,97,3,0.859375,0.38889551162719727,11.5705504,0.015428011975018308,0.008093439973890781,0.007334572001127526,0,4,0.0005506350134965032,0.007334572001127526,0.0002587089838925749,12845056.0,1605632.0
neu18_pattern_mining,2026-02-08T12:08:26,2,485,97,4,0.6666666666666666,0.3227338492870331,0.5519008,0.014987804868724197,0.008586889889556915,0.006400914979167283,0,4,0.0005743539950344712,0.006400914979167283,0.0002843349939212203,602112.0,75264.0
neu18_pattern_mining,2026-02-08T12:08:27,3,481,97,0,1.0,0.008201365359127522,11.5705504,0.04099739083903842,0.03192290983861312,0.009074481000425294,0,4,0.0027027809992432594,0.009074481000425294,0.0004895099846180528,12845056.0,1605632.0
neu18_pattern_mining,2026-02-08T12:08:27,3,482,97,1,0.953125,0.274456262588501,11.5705504,0.01989293418591842,0.011340000201016665,0.008552933984901756,0,4,0.0007459140033461154,0.008552933984901756,0.0003880860167555511,12845056.0,1605632.0
neu18_pattern_mining,2026-02-08T12:08:27,3,483,97,2,0.96875,0.1301846206188202,11.5705504,0.016389241151046008,0.008800160139799118,0.00758908101124689,0,4,0.0005855700001120567,0.00758908101124689,0.00029444601386785507,12845056.0,1605632.0
neu18_pattern_mining,2026-02-08T12:08:27,3,484,97,3,1.0,0.005892334971576929,11.5705504,0.01571561995660886,0.008203519973903894,0.007512099982704967,0,4,0.0005366049881558865,0.007512099982704967,0.0002837470092345029,12845056.0,1605632.0
neu18_pattern_mining,2026-02-08T12:08:27,3,485,97,4,1.0,0.17240987718105316,0.5519008,0.015837585902772844,0.008836179913487285,0.0070014059892855585,0,4,0.0005861439858563244,0.0070014059892855585,0.0002974740054924041,602112.0,75264.0
neu18_pattern_mining,2026-02-08T12:08:28,4,481,97,0,1.0,0.0006323219859041274,11.5705504,0.05074378300923854,0.03940750000765547,0.01133628300158307,0,4,0.0033706520043779165,0.01133628300158307,0.0005700979963876307,12845056.0,1605632.0
neu18_pattern_mining,2026-02-08T12:08:28,4,482,97,1,0.9375,0.4187900424003601,11.5705504,0.015105702157597989,0.0081015401519835,0.007004162005614489,0,4,0.0005214450065977871,0.007004162005614489,0.0002887090086005628,12845056.0,1605632.0
neu18_pattern_mining,2026-02-08T12:08:28,4,483,97,2,0.984375,0.034041572362184525,11.5705504,0.017777716915588826,0.00929542991798371,0.008482286997605115,0,4,0.0006160959892440587,0.008482286997605115,0.00031344700255431235,12845056.0,1605632.0
neu18_pattern_mining,2026-02-08T12:08:28,4,484,97,3,0.953125,0.07161621749401093,11.5705504,0.016240775963524356,0.008621159940958023,0.007619616022566333,0,4,0.0005632329848594964,0.007619616022566333,0.00029888300923630595,12845056.0,1605632.0
neu18_pattern_mining,2026-02-08T12:08:28,4,485,97,4,0.3333333333333333,1.0950971841812134,0.5519008,0.015958646137733012,0.008871990139596164,0.007086655998136848,0,4,0.0005924550059717149,0.007086655998136848,0.00029474400798790157,602112.0,75264.0
neu18_pattern_mining,2026-02-08T12:08:29,0,486,98,0,1.0,0.0006857440457679331,11.5705504,0.053140850795898587,0.03758591978112236,0.01555493101477623,0,4,0.0030714519962202758,0.01555493101477623,0.0006871399818919599,12845056.0,1605632.0
neu18_pattern_mining,2026-02-08T12:08:29,0,487,98,1,0.890625,0.6618626117706299,11.5705504,0.02142527000978589,0.011889110028278083,0.009536159981507808,0,4,0.0007888379914220423,0.009536159981507808,0.000400073011405766,12845056.0,1605632.0
neu18_pattern_mining,2026-02-08T12:08:29,0,488,98,2,0.96875,0.11469466239213943,11.5705504,0.02021879906533286,0.010813990083988756,0.009404808981344104,0,4,0.0007097889902070165,0.009404808981344104,0.0003716100181918591,12845056.0,1605632.0
neu18_pattern_mining,2026-02-08T12:08:29,0,489,98,3,1.0,0.023083746433258057,11.5705504,0.016310449951561168,0.009357859962619841,0.006952589988941327,0,4,0.0006675519980490208,0.006952589988941327,0.00026823399821296334,12845056.0,1605632.0
neu18_pattern_mining,2026-02-08T12:08:29,0,490,98,4,0.5,5.298782825469971,0.7325344,0.017847240902483463,0.00986592989647761,0.007981311006005853,0,4,0.0006963729974813759,0.007981311006005853,0.00029021999216638505,802816.0,100352.0
neu18_pattern_mining,2026-02-08T12:08:30,1,486,98,0,1.0,0.0008886713767424226,11.5705504,0.040969806228531525,0.03351314022438601,0.007456666004145518,0,4,0.0029411230061668903,0.007456666004145518,0.0004101910162717104,12845056.0,1605632.0
neu18_pattern_mining,2026-02-08T12:08:30,1,487,98,1,0.953125,0.11972244083881378,11.5705504,0.013146598997991532,0.007137659995350987,0.006008939002640545,0,4,0.00045705900993198156,0.006008939002640545,0.0002567069896031171,12845056.0,1605632.0
neu18_pattern_mining,2026-02-08T12:08:30,1,488,98,2,1.0,0.002818637527525425,11.5705504,0.012638590909773484,0.006709079898428172,0.005929511011345312,0,4,0.00044352197437547147,0.005929511011345312,0.00022738601546734571,12845056.0,1605632.0
neu18_pattern_mining,2026-02-08T12:08:30,1,489,98,3,0.953125,0.4069376587867737,11.5705504,0.012342200090643018,0.006503550102934241,0.005838649987708777,0,4,0.0004271520010661334,0.005838649987708777,0.00022320300922729075,12845056.0,1605632.0
neu18_pattern_mining,2026-02-08T12:08:30,1,490,98,4,1.0,0.27337396144866943,0.5519008,0.013291717215906829,0.00738529022783041,0.005906426988076419,0,4,0.0004782559990417212,0.005906426988076419,0.0002602730237413198,602112.0,75264.0
neu18_pattern_mining,2026-02-08T12:08:31,2,486,98,0,1.0,0.00047426001401618123,11.5705504,0.05362910885014571,0.04263221984729171,0.010996889002854005,0,4,0.003680679976241663,0.010996889002854005,0.0005825420084875077,12845056.0,1605632.0
neu18_pattern_mining,2026-02-08T12:08:31,2,487,98,1,1.0,0.03126797825098038,11.5705504,0.01796106991241686,0.00960662990109995,0.00835444001131691,0,4,0.000629379996098578,0.00835444001131691,0.00033128299401141703,12845056.0,1605632.0
neu18_pattern_mining,2026-02-08T12:08:31,2,488,98,2,0.90625,0.5063791275024414,11.5705504,0.014609042962547392,0.007762589957565069,0.0068464530049823225,0,4,0.0005126390024088323,0.0068464530049823225,0.0002636199933476746,12845056.0,1605632.0
neu18_pattern_mining,2026-02-08T12:08:31,2,489,98,3,0.984375,0.06223493441939354,11.5705504,0.011705803801305592,0.006190239801071584,0.005515564000234008,0,4,0.0003984159848187119,0.005515564000234008,0.00022060799528844655,12845056.0,1605632.0
neu18_pattern_mining,2026-02-08T12:08:31,2,490,98,4,0.3333333333333333,3.864532470703125,0.5519008,0.013370164262596518,0.007442550268024206,0.005927613994572312,0,4,0.0004928430134896189,0.005927613994572312,0.0002514120133128017,602112.0,75264.0
neu18_pattern_mining,2026-02-08T12:08:32,3,486,98,0,1.0,0.00018265478138346225,11.5705504,0.040448819141602144,0.032355360162910074,0.00809345897869207,0,4,0.002834348997566849,0.00809345897869207,0.0004011870187241584,12845056.0,1605632.0
neu18_pattern_mining,2026-02-08T12:08:32,3,487,98,1,0.921875,0.3678761422634125,11.5705504,0.016174932243302464,0.008553750230930746,0.007621182012371719,0,4,0.0005536160024348646,0.007621182012371719,0.0003017590206582099,12845056.0,1605632.0
neu18_pattern_mining,2026-02-08T12:08:32,3,488,98,2,1.0,0.02559417486190796,11.5705504,0.01621934087597765,0.008653579861856997,0.007565761014120653,0,4,0.000564547983231023,0.007565761014120653,0.00030081000295467675,12845056.0,1605632.0
neu18_pattern_mining,2026-02-08T12:08:32,3,489,98,3,0.953125,0.15682964026927948,11.5705504,0.01622787499218248,0.008684950007591397,0.007542924984591082,0,4,0.0005726840172428638,0.007542924984591082,0.0002958109835162759,12845056.0,1605632.0
neu18_pattern_mining,2026-02-08T12:08:32,3,490,98,4,0.6666666666666666,4.2157721519470215,0.5519008,0.015705706930020824,0.008635059930384159,0.007070646999636665,0,4,0.0005693209823220968,0.007070646999636665,0.0002941850107163191,602112.0,75264.0
neu18_pattern_mining,2026-02-08T12:08:33,4,486,98,0,1.0,6.50845977361314e-05,11.5705504,0.04008620564127341,0.03248505963711068,0.007601146004162729,0,4,0.0028233309858478606,0.007601146004162729,0.00042517497786320746,12845056.0,1605632.0
neu18_pattern_mining,2026-02-08T12:08:33,4,487,98,1,1.0,0.0007352202665060759,11.5705504,0.011104182049166411,0.005798960046377033,0.005305222002789378,0,4,0.0003493739932309836,0.005305222002789378,0.00023052201140671968,12845056.0,1605632.0
neu18_pattern_mining,2026-02-08T12:08:33,4,488,98,2,1.0,0.005380064249038696,11.5705504,0.012837028014473617,0.006864680035505444,0.005972347978968173,0,4,0.0004606079892255366,0.005972347978968173,0.0002258600143250078,12845056.0,1605632.0
neu18_pattern_mining,2026-02-08T12:08:33,4,489,98,3,0.90625,0.5221275687217712,11.5705504,0.013565803063102067,0.0071412400575354695,0.006424563005566597,0,4,0.00046883299364708364,0.006424563005566597,0.0002452910121064633,12845056.0,1605632.0
neu18_pattern_mining,2026-02-08T12:08:33,4,490,98,4,0.6666666666666666,0.8663691878318787,0.5519008,0.014070940989768133,0.007596020004712045,0.006474920985056087,0,4,0.0005054539942648262,0.006474920985056087,0.00025414800620637834,602112.0,75264.0
neu18_pattern_mining,2026-02-08T12:08:34,0,491,99,0,1.0,5.634251647279598e-05,11.5705504,0.023511358100222424,0.01565320009831339,0.007858158001909032,0,4,0.0011387590202502906,0.007858158001909032,0.0004265609895810485,12845056.0,1605632.0
neu18_pattern_mining,2026-02-08T12:08:34,0,492,99,1,1.0,0.03834698721766472,11.5705504,0.015699258976383135,0.00870315998326987,0.0069960989931132644,0,4,0.0005684130010195076,0.0069960989931132644,0.0003019029973074794,12845056.0,1605632.0
neu18_pattern_mining,2026-02-08T12:08:34,0,493,99,2,0.96875,0.03859323263168335,11.5705504,0.012737002136418596,0.006825780146755278,0.005911221989663318,0,4,0.0004429370164871216,0.005911221989663318,0.00023964099818840623,12845056.0,1605632.0
neu18_pattern_mining,2026-02-08T12:08:34,0,494,99,3,0.875,0.6900243759155273,11.5705504,0.011528926901519299,0.006034949910826981,0.0054939769906923175,0,4,0.0003913269902113825,0.0054939769906923175,0.0002121680008713156,12845056.0,1605632.0
neu18_pattern_mining,2026-02-08T12:08:34,0,495,99,4,0.25,3.233286142349243,0.7325344,0.011444789881352335,0.00632746989140287,0.005117319989949465,0,4,0.0004234490043018013,0.005117319989949465,0.00020929798483848572,802816.0,100352.0
neu18_pattern_mining,2026-02-08T12:08:35,1,491,99,0,1.0,2.578554085630458e-05,11.5705504,0.04330352201941423,0.035260680015198886,0.008042842004215345,0,4,0.003060376999201253,0.008042842004215345,0.0004656910023186356,12845056.0,1605632.0
neu18_pattern_mining,2026-02-08T12:08:35,1,492,99,1,1.0,0.00027020167908631265,11.5705504,0.012420368992025033,0.006248179997783154,0.006172188994241878,0,4,0.0003825619933195412,0.006172188994241878,0.0002422560064587742,12845056.0,1605632.0
neu18_pattern_mining,2026-02-08T12:08:35,1,493,99,2,0.96875,0.38386255502700806,11.5705504,0.00949971133377403,0.005125610332470387,0.004374101001303643,0,4,0.00034064301871694624,0.004374101001303643,0.00017191801453009248,12845056.0,1605632.0
neu18_pattern_mining,2026-02-08T12:08:35,1,494,99,3,1.0,0.003415522398427129,11.5705504,0.00843146094121039,0.0044872399303130805,0.003944221010897309,0,4,0.00029636299586854875,0.003944221010897309,0.0001523609971627593,12845056.0,1605632.0
neu18_pattern_mining,2026-02-08T12:08:35,1,495,99,4,0.6666666666666666,1.597213864326477,0.5519008,0.008319495129399002,0.004917200130876154,0.003402294998522848,0,4,0.00034017101279459894,0.003402294998522848,0.00015154900029301643,602112.0,75264.0
neu18_pattern_mining,2026-02-08T12:08:36,2,491,99,0,1.0,7.87752796895802e-05,11.5705504,0.04876473027979955,0.03849734028335661,0.010267389996442944,0,4,0.0033153720141854137,0.010267389996442944,0.000534362014150247,12845056.0,1605632.0
neu18_pattern_mining,2026-02-08T12:08:36,2,492,99,1,1.0,0.003311297157779336,11.5705504,0.010774684807984158,0.005823749816045165,0.004950934991938993,0,4,0.0003806469903793186,0.004950934991938993,0.0002017279912251979,12845056.0,1605632.0
neu18_pattern_mining,2026-02-08T12:08:36,2,493,99,2,1.0,0.0006419317796826363,11.5705504,0.009485802671406418,0.005075579683762044,0.004410222987644374,0,4,0.0003391399804968387,0.004410222987644374,0.00016841798787936568,12845056.0,1605632.0
neu18_pattern_mining,2026-02-08T12:08:36,2,494,99,3,1.0,0.000529550074134022,11.5705504,0.009391286876052618,0.0051625698688440025,0.0042287170072086155,0,4,0.00035559298703446984,0.0042287170072086155,0.0001606639998499304,12845056.0,1605632.0
neu18_pattern_mining,2026-02-08T12:08:36,2,495,99,4,0.3333333333333333,3.4566822052001953,0.5519008,0.008169885928509757,0.004862929927185178,0.003306956001324579,0,4,0.00034227300784550607,0.003306956001324579,0.0001440199848730117,602112.0,75264.0
neu18_pattern_mining,2026-02-08T12:08:37,3,491,99,0,1.0,0.00013439013855531812,11.5705504,0.04052869597217068,0.03197601996362209,0.008552676008548588,0,4,0.0027394549979362637,0.008552676008548588,0.00045814699842594564,12845056.0,1605632.0
neu18_pattern_mining,2026-02-08T12:08:37,3,492,99,1,0.984375,0.018000438809394836,11.5705504,0.013731649029068649,0.007324600010178983,0.006407049018889666,0,4,0.00047659300616942346,0.006407049018889666,0.00025586699484847486,12845056.0,1605632.0
neu18_pattern_mining,2026-02-08T12:08:37,3,493,99,2,1.0,0.0014422679087147117,11.5705504,0.014714316930621862,0.007761369924992323,0.0069529470056295395,0,4,0.0005133759987074882,0.0069529470056295395,0.0002627609937917441,12845056.0,1605632.0
neu18_pattern_mining,2026-02-08T12:08:37,3,494,99,3,0.9375,0.5403227806091309,11.5705504,0.012650325981667265,0.006831270002294332,0.0058190559793729335,0,4,0.00044539899681694806,0.0058190559793729335,0.00023772800341248512,12845056.0,1605632.0
neu18_pattern_mining,2026-02-08T12:08:37,3,495,99,4,0.6666666666666666,1.0915042161941528,0.5519008,0.010108799790032208,0.00581140979193151,0.004297389998100698,0,4,0.0003983979986514896,0.004297389998100698,0.00018274298054166138,602112.0,75264.0
neu18_pattern_mining,2026-02-08T12:08:37,4,491,99,0,1.0,7.826458386261947e-06,11.5705504,0.04096006162581034,0.03345737961353734,0.007502682012272999,0,4,0.0028932909772265702,0.007502682012272999,0.0004524469841271639,12845056.0,1605632.0
neu18_pattern_mining,2026-02-08T12:08:38,4,492,99,1,1.0,9.97732495306991e-05,11.5705504,0.016681361914379522,0.008945649897214025,0.007735712017165497,0,4,0.000579159997869283,0.007735712017165497,0.00031540499185211957,12845056.0,1605632.0
neu18_pattern_mining,2026-02-08T12:08:38,4,493,99,2,0.984375,0.06478825211524963,11.5705504,0.016450223163701594,0.008805580146145076,0.007644643017556518,0,4,0.0005747459945268929,0.007644643017556518,0.00030581202008761466,12845056.0,1605632.0
neu18_pattern_mining,2026-02-08T12:08:38,4,494,99,3,0.90625,0.44494906067848206,11.5705504,0.016322001029038802,0.008726840023882687,0.007595161005156115,0,4,0.0005704149953089654,0.007595161005156115,0.00030226900707930326,12845056.0,1605632.0
neu18_pattern_mining,2026-02-08T12:08:38,4,495,99,4,0.6666666666666666,1.2195817232131958,0.5519008,0.016163008753210306,0.008838919748086482,0.007324089005123824,0,4,0.0005847289867233485,0.007324089005123824,0.00029916298808529973,602112.0,75264.0
neu18_pattern_mining,2026-02-08T12:08:39,0,496,100,0,1.0,0.00020867834973614663,11.5705504,0.03777702001389116,0.02807999000651762,0.009697030007373542,0,4,0.00231461098883301,0.009697030007373542,0.0004933880118187517,12845056.0,1605632.0
neu18_pattern_mining,2026-02-08T12:08:39,0,497,100,1,0.890625,0.5356605648994446,11.5705504,0.01904783074860461,0.010655519727151841,0.00839231102145277,0,4,0.0007094729808159173,0.00839231102145277,0.00035607899189926684,12845056.0,1605632.0
neu18_pattern_mining,2026-02-08T12:08:39,0,498,100,2,1.0,0.0005775032914243639,11.5705504,0.017860986961750314,0.009577019955031574,0.00828396700671874,0,4,0.0006417320109903812,0.00828396700671874,0.00031596998451277614,12845056.0,1605632.0
neu18_pattern_mining,2026-02-08T12:08:39,0,499,100,3,0.9375,0.23767215013504028,11.5705504,0.007522087194956839,0.004055680183228105,0.0034664070117287338,0,4,0.0002737860195338726,0.0034664070117287338,0.00013178199878893793,12845056.0,1605632.0
neu18_pattern_mining,2026-02-08T12:08:39,0,500,100,4,0.25,2.4612607955932617,0.7325344,0.011874038900714368,0.006800979899708182,0.005073059001006186,0,4,0.000468785990960896,0.005073059001006186,0.00021131199900992215,802816.0,100352.0
neu18_pattern_mining,2026-02-08T12:08:40,1,496,100,0,1.0,2.4823697458487004e-05,11.5705504,0.03343628390575759,0.026196019898634404,0.007240264007123187,0,4,0.00217648598481901,0.007240264007123187,0.0004431160050444305,12845056.0,1605632.0
neu18_pattern_mining,2026-02-08T12:08:40,1,497,100,1,1.0,0.0028581046499311924,11.5705504,0.012179969693534076,0.006879139691591263,0.005300830001942813,0,4,0.00046503698104061186,0.005300830001942813,0.00022287698811851442,12845056.0,1605632.0
neu18_pattern_mining,2026-02-08T12:08:40,1,498,100,2,0.78125,0.8971067667007446,11.5705504,0.011829391994979233,0.006322539993561804,0.005506852001417428,0,4,0.0004170640022493899,0.005506852001417428,0.00021518999710679054,12845056.0,1605632.0
neu18_pattern_mining,2026-02-08T12:08:40,1,499,100,3,0.984375,0.310364305973053,11.5705504,0.0124581239069812,0.006480439915321767,0.005977683991659433,0,4,0.0004269439959898591,0.005977683991659433,0.00022109999554231763,12845056.0,1605632.0
neu18_pattern_mining,2026-02-08T12:08:40,1,500,100,4,0.6666666666666666,2.8679373264312744,0.5519008,0.010629852011334151,0.0058352400083094835,0.0047946120030246675,0,4,0.00038280300213955343,0.0047946120030246675,0.00020072099869139493,602112.0,75264.0
neu18_pattern_mining,2026-02-08T12:08:41,2,496,100,0,1.0,0.001380547066219151,11.5705504,0.05878021876560524,0.043993299768771976,0.014786918996833265,0,4,0.00375644100131467,0.014786918996833265,0.0006428889755625278,12845056.0,1605632.0
neu18_pattern_mining,2026-02-08T12:08:41,2,497,100,1,0.96875,0.1463884562253952,11.5705504,0.019881549145793542,0.010484660160727799,0.009396888985065743,0,4,0.000681433011777699,0.009396888985065743,0.0003670330042950809,12845056.0,1605632.0
neu18_pattern_mining,2026-02-08T12:08:41,2,498,100,2,0.953125,0.6024055480957031,11.5705504,0.019504898838931695,0.010175019851885736,0.009329878987045959,0,4,0.0006857519911136478,0.009329878987045959,0.0003317499940749258,12845056.0,1605632.0
neu18_pattern_mining,2026-02-08T12:08:41,2,499,100,3,0.96875,0.06687387079000473,11.5705504,0.017935187672264874,0.009585189691279083,0.00834999798098579,0,4,0.0006297559884842485,0.00834999798098579,0.00032876298064365983,12845056.0,1605632.0
neu18_pattern_mining,2026-02-08T12:08:41,2,500,100,4,0.3333333333333333,1.5688475370407104,0.5519008,0.017370295041473582,0.009588770044501871,0.0077815249969717115,0,4,0.0006322510016616434,0.0077815249969717115,0.0003266260027885437,602112.0,75264.0
neu18_pattern_mining,2026-02-08T12:08:42,3,496,100,0,1.0,3.4552438592072576e-05,11.5705504,0.045937009184854105,0.03671183018013835,0.009225179004715756,0,4,0.0031816239934414625,0.009225179004715756,0.0004895590245723724,12845056.0,1605632.0
neu18_pattern_mining,2026-02-08T12:08:42,3,497,100,1,1.0,5.750371565227397e-05,11.5705504,0.012792754831025377,0.006995739822741598,0.005797015008283779,0,4,0.00047132899635471404,0.005797015008283779,0.00022824498591944575,12845056.0,1605632.0
neu18_pattern_mining,2026-02-08T12:08:42,3,498,100,2,0.96875,0.047933097928762436,11.5705504,0.007427285017911345,0.00391779001802206,0.0035094949998892844,0,4,0.0002585930051282048,0.0035094949998892844,0.00013318599667400122,12845056.0,1605632.0
neu18_pattern_mining,2026-02-08T12:08:42,3,499,100,3,0.921875,0.32169073820114136,11.5705504,0.011368395033059642,0.00600275001488626,0.005365645018173382,0,4,0.000403920013923198,0.005365645018173382,0.00019635498756542802,12845056.0,1605632.0
neu18_pattern_mining,2026-02-08T12:08:42,3,500,100,4,0.0,4.889323711395264,0.5519008,0.011065661907196045,0.006228229904081672,0.0048374320031143725,0,4,0.0004174739879090339,0.0048374320031143725,0.00020534900249913335,602112.0,75264.0
neu18_pattern_mining,2026-02-08T12:08:42,4,496,100,0,1.0,0.00021309161093086004,11.5705504,0.06531449098838493,0.0483327399706468,0.016981751017738134,0,4,0.00406209600623697,0.016981751017738134,0.0007711779908277094,12845056.0,1605632.0
neu18_pattern_mining,2026-02-08T12:08:42,4,497,100,1,0.96875,0.07862433791160583,11.5705504,0.020035224733874202,0.010652599739842117,0.009382624994032085,0,4,0.0007003459904808551,0.009382624994032085,0.0003649139835033566,12845056.0,1605632.0
neu18_pattern_mining,2026-02-08T12:08:42,4,498,100,2,1.0,0.0016066082753241062,11.5705504,0.01981715625151992,0.010378240258432925,0.009438915993086994,0,4,0.0006801490089856088,0.009438915993086994,0.00035767501685768366,12845056.0,1605632.0
neu18_pattern_mining,2026-02-08T12:08:42,4,499,100,3,0.984375,0.051117878407239914,11.5705504,0.01777337188832462,0.009346719889435917,0.008426651998888701,0,4,0.0006187139952089638,0.008426651998888701,0.00031595799373462796,12845056.0,1605632.0
neu18_pattern_mining,2026-02-08T12:08:42,4,500,100,4,0.6666666666666666,3.678711175918579,0.5519008,0.017693552072159946,0.00986030005151406,0.007833252020645887,0,4,0.000639584002783522,0.007833252020645887,0.0003464460023678839,602112.0,75264.0
