exp_name,timestamp,client_idx,global_round,epoch,batch_idx,acc,loss,comm_time,comp_time,comp_time_client,comp_time_server,cut1,cut2,t_front,t_middle,t_back,smashed1_numel,smashed2_numel
ham18_pattern_mining,2026-03-19T13:27:08,0,1,1,0,0.02734375,2.1084117889404297,0.0,0.13986621517688036,0.13986621517688036,0.0,5,5,0.013693183194845915,0.0,0.0002934383228421211,0.0,0.0
ham18_pattern_mining,2026-03-19T13:27:08,0,2,1,1,0.0703125,1.7993282079696655,0.0,0.07195779122412205,0.07195779122412205,0.0,5,5,0.006968826055526733,0.0,0.00022695306688547134,0.0,0.0
ham18_pattern_mining,2026-03-19T13:27:08,0,3,1,2,0.37890625,1.6425600051879883,0.0,0.04188722465187311,0.04188722465187311,0.0,5,5,0.004054434131830931,0.0,0.00013428833335638046,0.0,0.0
ham18_pattern_mining,2026-03-19T13:27:08,0,4,1,3,0.4296875,1.459493637084961,0.0,0.03865450620651245,0.03865450620651245,0.0,5,5,0.003738492727279663,0.0,0.00012695789337158203,0.0,0.0
ham18_pattern_mining,2026-03-19T13:27:09,0,5,1,4,0.5,1.3480345010757446,0.0,0.041222707368433475,0.041222707368433475,0.0,5,5,0.003977329935878515,0.0,0.0001449408009648323,0.0,0.0
ham18_pattern_mining,2026-03-19T13:27:09,0,6,1,5,1.0,0.7943688035011292,0.0,0.04298967309296131,0.04298967309296131,0.0,5,5,0.00420016935095191,0.0,9.879795834422112e-05,0.0,0.0
ham18_pattern_mining,2026-03-19T13:27:12,1,1,1,0,0.0703125,2.0903332233428955,0.0,0.12398268561810255,0.12398268561810255,0.0,5,5,0.012154939118772745,0.0,0.00024332944303750992,0.0,0.0
ham18_pattern_mining,2026-03-19T13:27:12,1,2,1,1,0.10546875,1.8540642261505127,0.0,0.04717744421213865,0.04717744421213865,0.0,5,5,0.004580414388328791,0.0,0.00013733003288507462,0.0,0.0
ham18_pattern_mining,2026-03-19T13:27:12,1,3,1,2,0.328125,1.746532917022705,0.0,0.041292994283139706,0.041292994283139706,0.0,5,5,0.003996265586465597,0.0,0.0001330338418483734,0.0,0.0
ham18_pattern_mining,2026-03-19T13:27:12,1,4,1,3,0.45703125,1.4700524806976318,0.0,0.04288789350539446,0.04288789350539446,0.0,5,5,0.004144761245697737,0.0,0.00014402810484170914,0.0,0.0
ham18_pattern_mining,2026-03-19T13:27:13,1,5,1,4,0.4453125,1.3745609521865845,0.0,0.041383812204003334,0.041383812204003334,0.0,5,5,0.003997695166617632,0.0,0.0001406860537827015,0.0,0.0
ham18_pattern_mining,2026-03-19T13:27:13,1,6,1,5,0.5,1.2422795295715332,0.0,0.04714807029813528,0.04714807029813528,0.0,5,5,0.004613668192178011,0.0,0.00010113883763551712,0.0,0.0
ham18_pattern_mining,2026-03-19T13:27:16,2,1,1,0,0.05859375,2.094893455505371,0.0,0.2571224607527256,0.2571224607527256,0.0,5,5,0.025084306951612234,0.0,0.000627939123660326,0.0,0.0
ham18_pattern_mining,2026-03-19T13:27:16,2,2,1,1,0.23828125,1.8806241750717163,0.0,0.07224851287901402,0.07224851287901402,0.0,5,5,0.007020876277238131,0.0,0.00020397501066327095,0.0,0.0
ham18_pattern_mining,2026-03-19T13:27:16,2,3,1,2,0.3671875,1.7232060432434082,0.0,0.04046279937028885,0.04046279937028885,0.0,5,5,0.003912147134542465,0.0,0.00013413280248641968,0.0,0.0
ham18_pattern_mining,2026-03-19T13:27:16,2,4,1,3,0.44921875,1.4817357063293457,0.0,0.04011036828160286,0.04011036828160286,0.0,5,5,0.0038740988820791245,0.0,0.0001369379460811615,0.0,0.0
ham18_pattern_mining,2026-03-19T13:27:17,2,5,1,4,0.5,1.3163853883743286,0.0,0.043705389834940434,0.043705389834940434,0.0,5,5,0.0042312899604439735,0.0,0.0001392490230500698,0.0,0.0
ham18_pattern_mining,2026-03-19T13:27:17,2,6,1,5,0.5,1.6941639184951782,0.0,0.04222081042826176,0.04222081042826176,0.0,5,5,0.004122565034776926,0.0,9.951600804924965e-05,0.0,0.0
ham18_pattern_mining,2026-03-19T13:27:20,3,1,1,0,0.0390625,2.1244235038757324,0.0,0.12484700419008732,0.12484700419008732,0.0,5,5,0.012241128366440535,0.0,0.00024357205256819725,0.0,0.0
ham18_pattern_mining,2026-03-19T13:27:20,3,2,1,1,0.10546875,1.852398157119751,0.0,0.04516702610999346,0.04516702610999346,0.0,5,5,0.0043701413087546825,0.0,0.00014656130224466324,0.0,0.0
ham18_pattern_mining,2026-03-19T13:27:20,3,3,1,2,0.39453125,1.6734881401062012,0.0,0.04258428234606981,0.04258428234606981,0.0,5,5,0.004110883921384811,0.0,0.00014754431322216988,0.0,0.0
ham18_pattern_mining,2026-03-19T13:27:20,3,4,1,3,0.4609375,1.435251235961914,0.0,0.0407742615789175,0.0407742615789175,0.0,5,5,0.003933602944016457,0.0,0.00014382321387529373,0.0,0.0
ham18_pattern_mining,2026-03-19T13:27:22,3,5,1,4,0.5,1.3275890350341797,0.0,0.04193930886685848,0.04193930886685848,0.0,5,5,0.004045188892632723,0.0,0.00014874199405312538,0.0,0.0
ham18_pattern_mining,2026-03-19T13:27:22,3,6,1,5,1.0,0.8014315366744995,0.0,0.04241236951202154,0.04241236951202154,0.0,5,5,0.004138026852160692,0.0,0.00010321009904146194,0.0,0.0
ham18_pattern_mining,2026-03-19T13:27:24,4,1,1,0,0.0546875,2.076293468475342,0.0,0.1759564969688654,0.1759564969688654,0.0,5,5,0.017236376646906137,0.0,0.000359273049980402,0.0,0.0
ham18_pattern_mining,2026-03-19T13:27:24,4,2,1,1,0.12890625,1.8493003845214844,0.0,0.04531413782387972,0.04531413782387972,0.0,5,5,0.0043869237415492535,0.0,0.00014449004083871841,0.0,0.0
ham18_pattern_mining,2026-03-19T13:27:24,4,3,1,2,0.39453125,1.6254465579986572,0.0,0.038941861130297184,0.038941861130297184,0.0,5,5,0.0037711840122938156,0.0,0.00012300210073590279,0.0,0.0
ham18_pattern_mining,2026-03-19T13:27:24,4,4,1,3,0.4453125,1.4681222438812256,0.0,0.03958168439567089,0.03958168439567089,0.0,5,5,0.0038343952037394047,0.0,0.0001237732358276844,0.0,0.0
ham18_pattern_mining,2026-03-19T13:27:26,4,5,1,4,0.55078125,1.2632050514221191,0.0,0.041425242088735104,0.041425242088735104,0.0,5,5,0.00400158017873764,0.0,0.00014094403013586998,0.0,0.0
ham18_pattern_mining,2026-03-19T13:27:26,4,6,1,5,0.0,2.521895408630371,0.0,0.045967865735292435,0.045967865735292435,0.0,5,5,0.004465582314878702,0.0,0.0001312042586505413,0.0,0.0
ham18_pattern_mining,2026-03-19T13:27:32,0,7,2,0,0.58984375,1.2408032417297363,0.0,0.2433614945039153,0.2433614945039153,0.0,5,5,0.023670122027397156,0.0,0.0006660274229943752,0.0,0.0
ham18_pattern_mining,2026-03-19T13:27:32,0,8,2,1,0.69921875,1.0981841087341309,0.0,0.0801122048869729,0.0801122048869729,0.0,5,5,0.007792656309902668,0.0,0.00021856417879462242,0.0,0.0
ham18_pattern_mining,2026-03-19T13:27:32,0,9,2,2,0.671875,1.0995583534240723,0.0,0.04144733306020498,0.04144733306020498,0.0,5,5,0.003994988277554512,0.0,0.00014974502846598625,0.0,0.0
ham18_pattern_mining,2026-03-19T13:27:32,0,10,2,3,0.6796875,1.0196106433868408,0.0,0.04194709938019514,0.04194709938019514,0.0,5,5,0.004057939164340496,0.0,0.00013677077367901802,0.0,0.0
ham18_pattern_mining,2026-03-19T13:27:34,0,11,2,4,0.6796875,0.9440973997116089,0.0,0.04218424670398235,0.04218424670398235,0.0,5,5,0.004074842669069767,0.0,0.00014358200132846832,0.0,0.0
ham18_pattern_mining,2026-03-19T13:27:34,0,12,2,5,1.0,0.6645008325576782,0.0,0.04330345895141363,0.04330345895141363,0.0,5,5,0.004230087157338858,0.0,0.00010025873780250549,0.0,0.0
ham18_pattern_mining,2026-03-19T13:27:36,1,7,2,0,0.65234375,1.1303647756576538,0.0,0.13669322710484266,0.13669322710484266,0.0,5,5,0.013415250927209854,0.0,0.00025407178327441216,0.0,0.0
ham18_pattern_mining,2026-03-19T13:27:37,1,8,2,1,0.64453125,1.1975071430206299,0.0,0.0907801603898406,0.0907801603898406,0.0,5,5,0.00882523600012064,0.0,0.0002527800388634205,0.0,0.0
ham18_pattern_mining,2026-03-19T13:27:37,1,9,2,2,0.62109375,1.1338846683502197,0.0,0.057091061025857925,0.057091061025857925,0.0,5,5,0.005541065242141485,0.0,0.00016804086044430733,0.0,0.0
ham18_pattern_mining,2026-03-19T13:27:37,1,10,2,3,0.6484375,1.0787968635559082,0.0,0.03831657115370035,0.03831657115370035,0.0,5,5,0.003706648014485836,0.0,0.00012500910088419914,0.0,0.0
ham18_pattern_mining,2026-03-19T13:27:38,1,11,2,4,0.67578125,0.9647911787033081,0.0,0.041815671138465405,0.041815671138465405,0.0,5,5,0.004037831909954548,0.0,0.00014373520389199257,0.0,0.0
ham18_pattern_mining,2026-03-19T13:27:38,1,12,2,5,1.0,0.784535825252533,0.0,0.04341870080679655,0.04341870080679655,0.0,5,5,0.004239965695887804,0.0,0.00010190438479185104,0.0,0.0
ham18_pattern_mining,2026-03-19T13:27:41,2,7,2,0,0.64453125,1.1270170211791992,0.0,0.24918941780924797,0.24918941780924797,0.0,5,5,0.024397327098995447,0.0,0.0005216146819293499,0.0,0.0
ham18_pattern_mining,2026-03-19T13:27:41,2,8,2,1,0.578125,1.2355412244796753,0.0,0.06563208065927029,0.06563208065927029,0.0,5,5,0.006376673001796007,0.0,0.0001865350641310215,0.0,0.0
ham18_pattern_mining,2026-03-19T13:27:41,2,9,2,2,0.68359375,1.0654690265655518,0.0,0.04887179937213659,0.04887179937213659,0.0,5,5,0.004752480890601873,0.0,0.0001346990466117859,0.0,0.0
ham18_pattern_mining,2026-03-19T13:27:41,2,10,2,3,0.69921875,0.9713649153709412,0.0,0.03886316902935505,0.03886316902935505,0.0,5,5,0.0037627327255904675,0.0,0.00012358417734503746,0.0,0.0
ham18_pattern_mining,2026-03-19T13:27:42,2,11,2,4,0.69921875,0.9799131155014038,0.0,0.041227927431464195,0.041227927431464195,0.0,5,5,0.0039786528795957565,0.0,0.000144139863550663,0.0,0.0
ham18_pattern_mining,2026-03-19T13:27:42,2,12,2,5,0.0,2.2755208015441895,0.0,0.04408534616231918,0.04408534616231918,0.0,5,5,0.0042978557758033276,0.0,0.00011067884042859077,0.0,0.0
ham18_pattern_mining,2026-03-19T13:27:45,3,7,2,0,0.6328125,1.1409878730773926,0.0,0.13346497435122728,0.13346497435122728,0.0,5,5,0.013037877157330513,0.0,0.00030862027779221535,0.0,0.0
ham18_pattern_mining,2026-03-19T13:27:45,3,8,2,1,0.6484375,1.0956581830978394,0.0,0.04111393354833126,0.04111393354833126,0.0,5,5,0.00397644704207778,0.0,0.0001349463127553463,0.0,0.0
ham18_pattern_mining,2026-03-19T13:27:45,3,9,2,2,0.67578125,1.0355020761489868,0.0,0.04163834732025862,0.04163834732025862,0.0,5,5,0.004026299808174372,0.0,0.00013753492385149002,0.0,0.0
ham18_pattern_mining,2026-03-19T13:27:45,3,10,2,3,0.703125,0.9636533260345459,0.0,0.03994352649897337,0.03994352649897337,0.0,5,5,0.0038542156107723713,0.0,0.00014013703912496567,0.0,0.0
ham18_pattern_mining,2026-03-19T13:27:46,3,11,2,4,0.6953125,0.8978006839752197,0.0,0.043023331090807915,0.043023331090807915,0.0,5,5,0.00414908304810524,0.0,0.0001532500609755516,0.0,0.0
ham18_pattern_mining,2026-03-19T13:27:46,3,12,2,5,0.5,1.6394189596176147,0.0,0.040546427480876446,0.040546427480876446,0.0,5,5,0.003953760024160147,0.0,0.00010088272392749786,0.0,0.0
ham18_pattern_mining,2026-03-19T13:27:49,4,7,2,0,0.66796875,1.094775915145874,0.0,0.1695182267576456,0.1695182267576456,0.0,5,5,0.016623652074486017,0.0,0.00032817060127854347,0.0,0.0
ham18_pattern_mining,2026-03-19T13:27:49,4,8,2,1,0.6171875,1.1236755847930908,0.0,0.04239268600940704,0.04239268600940704,0.0,5,5,0.004097671248018742,0.0,0.00014159735292196274,0.0,0.0
ham18_pattern_mining,2026-03-19T13:27:49,4,9,2,2,0.69140625,0.9817748069763184,0.0,0.04022990819066763,0.04022990819066763,0.0,5,5,0.003887664061039686,0.0,0.00013532675802707672,0.0,0.0
ham18_pattern_mining,2026-03-19T13:27:49,4,10,2,3,0.66796875,1.0396051406860352,0.0,0.04012748133391142,0.04012748133391142,0.0,5,5,0.0038829571567475796,0.0,0.00012979097664356232,0.0,0.0
ham18_pattern_mining,2026-03-19T13:27:50,4,11,2,4,0.6640625,1.0067646503448486,0.0,0.041252849623560905,0.041252849623560905,0.0,5,5,0.003980759996920824,0.0,0.0001445249654352665,0.0,0.0
ham18_pattern_mining,2026-03-19T13:27:50,4,12,2,5,0.0,2.501141309738159,0.0,0.04471744876354933,0.04471744876354933,0.0,5,5,0.00436505489051342,0.0,0.00010668998584151268,0.0,0.0
ham18_pattern_mining,2026-03-19T13:27:57,0,13,3,0,0.703125,0.9135414361953735,0.0,0.2585766324773431,0.2585766324773431,0.0,5,5,0.025219833943992853,0.0,0.0006378293037414551,0.0,0.0
ham18_pattern_mining,2026-03-19T13:27:57,0,14,3,1,0.7265625,0.8707019090652466,0.0,0.10929711163043976,0.10929711163043976,0.0,5,5,0.010642792098224163,0.0,0.0002869190648198128,0.0,0.0
ham18_pattern_mining,2026-03-19T13:27:57,0,15,3,2,0.6953125,0.8886802792549133,0.0,0.04568721167743206,0.04568721167743206,0.0,5,5,0.00442270515486598,0.0,0.00014601601287722588,0.0,0.0
ham18_pattern_mining,2026-03-19T13:27:57,0,16,3,3,0.69921875,0.881801962852478,0.0,0.04020996857434511,0.04020996857434511,0.0,5,5,0.0038829129189252853,0.0,0.00013808393850922585,0.0,0.0
ham18_pattern_mining,2026-03-19T13:27:59,0,17,3,4,0.6875,0.8600633144378662,0.0,0.043746279552578926,0.043746279552578926,0.0,5,5,0.004228475969284773,0.0,0.00014615198597311974,0.0,0.0
ham18_pattern_mining,2026-03-19T13:27:59,0,18,3,5,1.0,0.3548597991466522,0.0,0.0421182531863451,0.0421182531863451,0.0,5,5,0.004113879986107349,0.0,9.794533252716064e-05,0.0,0.0
ham18_pattern_mining,2026-03-19T13:28:01,1,13,3,0,0.6796875,0.9086843132972717,0.0,0.14818252995610237,0.14818252995610237,0.0,5,5,0.01448873896151781,0.0,0.0003295140340924263,0.0,0.0
ham18_pattern_mining,2026-03-19T13:28:01,1,14,3,1,0.65234375,0.9824537038803101,0.0,0.045045576989650726,0.045045576989650726,0.0,5,5,0.004340534098446369,0.0,0.00016402360051870346,0.0,0.0
ham18_pattern_mining,2026-03-19T13:28:01,1,15,3,2,0.66796875,0.8822168111801147,0.0,0.04130237735807896,0.04130237735807896,0.0,5,5,0.003997272811830044,0.0,0.00013296492397785187,0.0,0.0
ham18_pattern_mining,2026-03-19T13:28:02,1,16,3,3,0.6640625,0.9192918539047241,0.0,0.041151377372443676,0.041151377372443676,0.0,5,5,0.0039810058660805225,0.0,0.00013413187116384506,0.0,0.0
ham18_pattern_mining,2026-03-19T13:28:03,1,17,3,4,0.67578125,0.9244703054428101,0.0,0.040703415870666504,0.040703415870666504,0.0,5,5,0.003928310703486204,0.0,0.00014203088358044624,0.0,0.0
ham18_pattern_mining,2026-03-19T13:28:03,1,18,3,5,1.0,0.3866133391857147,0.0,0.043631638400256634,0.043631638400256634,0.0,5,5,0.004265340976417065,0.0,9.782286360859871e-05,0.0,0.0
ham18_pattern_mining,2026-03-19T13:28:06,2,13,3,0,0.73828125,0.865675687789917,0.0,0.21879826206713915,0.21879826206713915,0.0,5,5,0.0213795630261302,0.0,0.0005002631805837154,0.0,0.0
ham18_pattern_mining,2026-03-19T13:28:06,2,14,3,1,0.671875,0.8779993057250977,0.0,0.058333310298621655,0.058333310298621655,0.0,5,5,0.0056649730540812016,0.0,0.0001683579757809639,0.0,0.0
ham18_pattern_mining,2026-03-19T13:28:06,2,15,3,2,0.70703125,0.8916815519332886,0.0,0.04047078546136618,0.04047078546136618,0.0,5,5,0.0039198328740894794,0.0,0.00012724567204713821,0.0,0.0
ham18_pattern_mining,2026-03-19T13:28:06,2,16,3,3,0.6796875,0.8647958040237427,0.0,0.0401062797755003,0.0401062797755003,0.0,5,5,0.0038699698634445667,0.0,0.00014065811410546303,0.0,0.0
ham18_pattern_mining,2026-03-19T13:28:07,2,17,3,4,0.6640625,0.9608731865882874,0.0,0.041375807486474514,0.041375807486474514,0.0,5,5,0.003997310064733028,0.0,0.000140270683914423,0.0,0.0
ham18_pattern_mining,2026-03-19T13:28:07,2,18,3,5,1.0,0.2643289566040039,0.0,0.0417026411741972,0.0417026411741972,0.0,5,5,0.004068870097398758,0.0,0.00010139402002096176,0.0,0.0
ham18_pattern_mining,2026-03-19T13:28:10,3,13,3,0,0.67578125,0.937183678150177,0.0,0.23937139194458723,0.23937139194458723,0.0,5,5,0.02336110407486558,0.0,0.0005760351195931435,0.0,0.0
ham18_pattern_mining,2026-03-19T13:28:10,3,14,3,1,0.6875,0.8734152317047119,0.0,0.06568204611539841,0.06568204611539841,0.0,5,5,0.006368160713464022,0.0,0.00020004389807581902,0.0,0.0
ham18_pattern_mining,2026-03-19T13:28:10,3,15,3,2,0.7265625,0.8029047250747681,0.0,0.03986529540270567,0.03986529540270567,0.0,5,5,0.0038571241311728954,0.0,0.0001294054090976715,0.0,0.0
ham18_pattern_mining,2026-03-19T13:28:10,3,16,3,3,0.6875,0.9022473692893982,0.0,0.038903248496353626,0.038903248496353626,0.0,5,5,0.0037626419216394424,0.0,0.00012768292799592018,0.0,0.0
ham18_pattern_mining,2026-03-19T13:28:11,3,17,3,4,0.76171875,0.7387949824333191,0.0,0.042165983468294144,0.042165983468294144,0.0,5,5,0.004073779098689556,0.0,0.00014281924813985825,0.0,0.0
ham18_pattern_mining,2026-03-19T13:28:11,3,18,3,5,0.0,2.565999984741211,0.0,0.0430699298158288,0.0430699298158288,0.0,5,5,0.004208024125546217,0.0,9.896885603666306e-05,0.0,0.0
ham18_pattern_mining,2026-03-19T13:28:14,4,13,3,0,0.703125,0.870086669921875,0.0,0.14473227318376303,0.14473227318376303,0.0,5,5,0.014153894037008286,0.0,0.0003193332813680172,0.0,0.0
ham18_pattern_mining,2026-03-19T13:28:14,4,14,3,1,0.6640625,0.9675904512405396,0.0,0.04260689485818148,0.04260689485818148,0.0,5,5,0.004120934754610062,0.0,0.00013975473120808601,0.0,0.0
ham18_pattern_mining,2026-03-19T13:28:14,4,15,3,2,0.6875,0.9199327230453491,0.0,0.0425594300031662,0.0425594300031662,0.0,5,5,0.004111901856958866,0.0,0.00014404114335775375,0.0,0.0
ham18_pattern_mining,2026-03-19T13:28:14,4,16,3,3,0.7109375,0.8729684352874756,0.0,0.04213864915072918,0.04213864915072918,0.0,5,5,0.004070939961820841,0.0,0.0001429249532520771,0.0,0.0
ham18_pattern_mining,2026-03-19T13:28:15,4,17,3,4,0.6796875,0.9081352949142456,0.0,0.04286217037588358,0.04286217037588358,0.0,5,5,0.00414193794131279,0.0,0.000144279096275568,0.0,0.0
ham18_pattern_mining,2026-03-19T13:28:15,4,18,3,5,1.0,0.3322945833206177,0.0,0.04536024294793606,0.04536024294793606,0.0,5,5,0.004409072920680046,0.0,0.00012695137411355972,0.0,0.0
ham18_pattern_mining,2026-03-19T13:28:23,0,19,4,0,0.67578125,0.8583365678787231,0.0,0.1739664375782013,0.1739664375782013,0.0,5,5,0.017019703052937984,0.0,0.00037694070488214493,0.0,0.0
ham18_pattern_mining,2026-03-19T13:28:23,0,20,4,1,0.68359375,0.8850048184394836,0.0,0.04283298272639513,0.04283298272639513,0.0,5,5,0.0041456460021436214,0.0,0.00013765227049589157,0.0,0.0
ham18_pattern_mining,2026-03-19T13:28:23,0,21,4,2,0.7265625,0.7512402534484863,0.0,0.03835443872958422,0.03835443872958422,0.0,5,5,0.003712180070579052,0.0,0.00012326380237936974,0.0,0.0
ham18_pattern_mining,2026-03-19T13:28:23,0,22,4,3,0.71484375,0.8714514374732971,0.0,0.038870261050760746,0.038870261050760746,0.0,5,5,0.003763142041862011,0.0,0.00012388406321406364,0.0,0.0
ham18_pattern_mining,2026-03-19T13:28:24,0,23,4,4,0.7578125,0.7419630885124207,0.0,0.0451990682631731,0.0451990682631731,0.0,5,5,0.004380750935524702,0.0,0.00013915589079260826,0.0,0.0
ham18_pattern_mining,2026-03-19T13:28:24,0,24,4,5,1.0,0.3040517568588257,0.0,0.04449541214853525,0.04449541214853525,0.0,5,5,0.004345135763287544,0.0,0.00010440545156598091,0.0,0.0
ham18_pattern_mining,2026-03-19T13:28:27,1,19,4,0,0.71875,0.7713194489479065,0.0,0.25886550080031157,0.25886550080031157,0.0,5,5,0.0252812122926116,0.0,0.0006053377874195576,0.0,0.0
ham18_pattern_mining,2026-03-19T13:28:27,1,20,4,1,0.62109375,1.0006027221679688,0.0,0.07019708398729563,0.07019708398729563,0.0,5,5,0.006819556001573801,0.0,0.00020015239715576172,0.0,0.0
ham18_pattern_mining,2026-03-19T13:28:27,1,21,4,2,0.69921875,0.8264304399490356,0.0,0.03974638879299164,0.03974638879299164,0.0,5,5,0.0038459678180515766,0.0,0.0001286710612475872,0.0,0.0
ham18_pattern_mining,2026-03-19T13:28:27,1,22,4,3,0.671875,0.834640622138977,0.0,0.03980375360697508,0.03980375360697508,0.0,5,5,0.0038422546349465847,0.0,0.00013812072575092316,0.0,0.0
ham18_pattern_mining,2026-03-19T13:28:28,1,23,4,4,0.7265625,0.7708350419998169,0.0,0.0446426123380661,0.0446426123380661,0.0,5,5,0.00432284502312541,0.0,0.00014141621068120003,0.0,0.0
ham18_pattern_mining,2026-03-19T13:28:28,1,24,4,5,1.0,0.4209650158882141,0.0,0.0428617000579834,0.0428617000579834,0.0,5,5,0.004178896080702543,0.0,0.00010727392509579659,0.0,0.0
ham18_pattern_mining,2026-03-19T13:28:31,2,19,4,0,0.70703125,0.8099656105041504,0.0,0.14065752737224102,0.14065752737224102,0.0,5,5,0.01377056585624814,0.0,0.0002951868809759617,0.0,0.0
ham18_pattern_mining,2026-03-19T13:28:31,2,20,4,1,0.68359375,0.8607147336006165,0.0,0.043500373139977455,0.043500373139977455,0.0,5,5,0.0042168153449893,0.0,0.00013322196900844574,0.0,0.0
ham18_pattern_mining,2026-03-19T13:28:31,2,21,4,2,0.71484375,0.7862542867660522,0.0,0.042042918503284454,0.042042918503284454,0.0,5,5,0.0040585920214653015,0.0,0.00014569982886314392,0.0,0.0
ham18_pattern_mining,2026-03-19T13:28:31,2,22,4,3,0.7265625,0.7690722942352295,0.0,0.04061106592416763,0.04061106592416763,0.0,5,5,0.0039291298016905785,0.0,0.00013197679072618484,0.0,0.0
ham18_pattern_mining,2026-03-19T13:28:32,2,23,4,4,0.6875,0.846552312374115,0.0,0.04143774043768644,0.04143774043768644,0.0,5,5,0.004001928959041834,0.0,0.00014184508472681046,0.0,0.0
ham18_pattern_mining,2026-03-19T13:28:32,2,24,4,5,0.5,0.7309581637382507,0.0,0.042207371443510056,0.042207371443510056,0.0,5,5,0.004124288912862539,0.0,9.644823148846626e-05,0.0,0.0
ham18_pattern_mining,2026-03-19T13:28:35,3,19,4,0,0.6875,0.8096940517425537,0.0,0.14194896444678307,0.14194896444678307,0.0,5,5,0.013877012301236391,0.0,0.0003178841434419155,0.0,0.0
ham18_pattern_mining,2026-03-19T13:28:35,3,20,4,1,0.68359375,0.8704726696014404,0.0,0.05517511162906885,0.05517511162906885,0.0,5,5,0.0053588952869176865,0.0,0.00015861587598919868,0.0,0.0
ham18_pattern_mining,2026-03-19T13:28:35,3,21,4,2,0.72265625,0.8066186308860779,0.0,0.0452517019584775,0.0452517019584775,0.0,5,5,0.0043899440206587315,0.0,0.00013522617518901825,0.0,0.0
ham18_pattern_mining,2026-03-19T13:28:35,3,22,4,3,0.74609375,0.7084110975265503,0.0,0.03939650021493435,0.03939650021493435,0.0,5,5,0.003803773783147335,0.0,0.00013587623834609985,0.0,0.0
ham18_pattern_mining,2026-03-19T13:28:36,3,23,4,4,0.6796875,0.8671567440032959,0.0,0.04984438419342041,0.04984438419342041,0.0,5,5,0.004845977760851383,0.0,0.0001384606584906578,0.0,0.0
ham18_pattern_mining,2026-03-19T13:28:36,3,24,4,5,0.5,1.7322018146514893,0.0,0.042299069464206696,0.042299069464206696,0.0,5,5,0.004137903917580843,0.0,9.200302883982658e-05,0.0,0.0
ham18_pattern_mining,2026-03-19T13:28:39,4,19,4,0,0.71875,0.7978099584579468,0.0,0.23534073028713465,0.23534073028713465,0.0,5,5,0.023009439930319786,0.0,0.0005246330983936787,0.0,0.0
ham18_pattern_mining,2026-03-19T13:28:39,4,20,4,1,0.68359375,0.8792553544044495,0.0,0.06089941132813692,0.06089941132813692,0.0,5,5,0.005915227346122265,0.0,0.00017471378669142723,0.0,0.0
ham18_pattern_mining,2026-03-19T13:28:39,4,21,4,2,0.6875,0.8192963600158691,0.0,0.03939781803637743,0.03939781803637743,0.0,5,5,0.0038106110878288746,0.0,0.0001291707158088684,0.0,0.0
ham18_pattern_mining,2026-03-19T13:28:39,4,22,4,3,0.734375,0.8655887842178345,0.0,0.03940798342227936,0.03940798342227936,0.0,5,5,0.0038145771250128746,0.0,0.0001262212172150612,0.0,0.0
ham18_pattern_mining,2026-03-19T13:28:40,4,23,4,4,0.7109375,0.8413679003715515,0.0,0.04133002832531929,0.04133002832531929,0.0,5,5,0.003993454854935408,0.0,0.00013954797759652138,0.0,0.0
ham18_pattern_mining,2026-03-19T13:28:40,4,24,4,5,1.0,0.26711151003837585,0.0,0.045962329022586346,0.045962329022586346,0.0,5,5,0.004488978069275618,0.0,0.00010725483298301697,0.0,0.0
ham18_pattern_mining,2026-03-19T13:28:47,0,25,5,0,0.7421875,0.7480982542037964,0.0,0.19552723970264196,0.19552723970264196,0.0,5,5,0.01913536712527275,0.0,0.00041735684499144554,0.0,0.0
ham18_pattern_mining,2026-03-19T13:28:47,0,26,5,1,0.703125,0.8158220052719116,0.0,0.05545890890061855,0.05545890890061855,0.0,5,5,0.005377897061407566,0.0,0.00016799382865428925,0.0,0.0
ham18_pattern_mining,2026-03-19T13:28:47,0,27,5,2,0.7734375,0.7430828809738159,0.0,0.04684993997216225,0.04684993997216225,0.0,5,5,0.004539299290627241,0.0,0.00014569470658898354,0.0,0.0
ham18_pattern_mining,2026-03-19T13:28:48,0,28,5,3,0.7265625,0.7867081165313721,0.0,0.03876038361340761,0.03876038361340761,0.0,5,5,0.00375388003885746,0.0,0.00012215832248330116,0.0,0.0
ham18_pattern_mining,2026-03-19T13:28:48,0,29,5,4,0.72265625,0.7782276272773743,0.0,0.0415906822308898,0.0415906822308898,0.0,5,5,0.00401651905849576,0.0,0.00014254916459321976,0.0,0.0
ham18_pattern_mining,2026-03-19T13:28:48,0,30,5,5,0.0,2.706573486328125,0.0,0.044970749877393246,0.044970749877393246,0.0,5,5,0.004394672345370054,0.0,0.00010240264236927032,0.0,0.0
ham18_pattern_mining,2026-03-19T13:28:51,1,25,5,0,0.7109375,0.7857360243797302,0.0,0.25243908632546663,0.25243908632546663,0.0,5,5,0.024706904776394367,0.0,0.0005370038561522961,0.0,0.0
ham18_pattern_mining,2026-03-19T13:28:51,1,26,5,1,0.671875,0.8526728749275208,0.0,0.06132817827165127,0.06132817827165127,0.0,5,5,0.005956124048680067,0.0,0.00017669377848505974,0.0,0.0
ham18_pattern_mining,2026-03-19T13:28:51,1,27,5,2,0.6796875,0.8255889415740967,0.0,0.04540763795375824,0.04540763795375824,0.0,5,5,0.0044127218425273895,0.0,0.00012804195284843445,0.0,0.0
ham18_pattern_mining,2026-03-19T13:28:51,1,28,5,3,0.69140625,0.8032195568084717,0.0,0.0378201762214303,0.0378201762214303,0.0,5,5,0.003659291658550501,0.0,0.0001227259635925293,0.0,0.0
ham18_pattern_mining,2026-03-19T13:28:53,1,29,5,4,0.66015625,0.8967310786247253,0.0,0.041127861477434635,0.041127861477434635,0.0,5,5,0.0039706723764538765,0.0,0.00014211377128958702,0.0,0.0
ham18_pattern_mining,2026-03-19T13:28:53,1,30,5,5,0.5,1.8070355653762817,0.0,0.04178169183433056,0.04178169183433056,0.0,5,5,0.004077162127941847,0.0,0.00010100705549120903,0.0,0.0
ham18_pattern_mining,2026-03-19T13:28:55,2,25,5,0,0.74609375,0.7049791812896729,0.0,0.1705830404534936,0.1705830404534936,0.0,5,5,0.016667313873767853,0.0,0.00039099017158150673,0.0,0.0
ham18_pattern_mining,2026-03-19T13:28:55,2,26,5,1,0.671875,0.8798086047172546,0.0,0.04095528740435839,0.04095528740435839,0.0,5,5,0.003956588916480541,0.0,0.00013893982395529747,0.0,0.0
ham18_pattern_mining,2026-03-19T13:28:55,2,27,5,2,0.69921875,0.7675222158432007,0.0,0.0437481002882123,0.0437481002882123,0.0,5,5,0.004169903229922056,0.0,0.00020490679889917374,0.0,0.0
ham18_pattern_mining,2026-03-19T13:28:55,2,28,5,3,0.67578125,0.8740957975387573,0.0,0.04106625448912382,0.04106625448912382,0.0,5,5,0.0039720372296869755,0.0,0.00013458821922540665,0.0,0.0
ham18_pattern_mining,2026-03-19T13:28:57,2,29,5,4,0.75390625,0.7247887849807739,0.0,0.04592725541442633,0.04592725541442633,0.0,5,5,0.004440896678715944,0.0,0.00015182886272668839,0.0,0.0
ham18_pattern_mining,2026-03-19T13:28:57,2,30,5,5,0.0,2.6062681674957275,0.0,0.041679213754832745,0.041679213754832745,0.0,5,5,0.004063253290951252,0.0,0.00010466808453202248,0.0,0.0
ham18_pattern_mining,2026-03-19T13:28:59,3,25,5,0,0.75,0.7188197374343872,0.0,0.2528538554906845,0.2528538554906845,0.0,5,5,0.02475351095199585,0.0,0.0005318745970726013,0.0,0.0
ham18_pattern_mining,2026-03-19T13:28:59,3,26,5,1,0.7265625,0.7625031471252441,0.0,0.060489787720143795,0.060489787720143795,0.0,5,5,0.005876529961824417,0.0,0.0001724488101899624,0.0,0.0
ham18_pattern_mining,2026-03-19T13:28:59,3,27,5,2,0.703125,0.7413665056228638,0.0,0.03929247613996267,0.03929247613996267,0.0,5,5,0.003807863686233759,0.0,0.00012138392776250839,0.0,0.0
ham18_pattern_mining,2026-03-19T13:28:59,3,28,5,3,0.71484375,0.8050238490104675,0.0,0.038532852195203304,0.038532852195203304,0.0,5,5,0.0037234779447317123,0.0,0.0001298072747886181,0.0,0.0
ham18_pattern_mining,2026-03-19T13:29:01,3,29,5,4,0.703125,0.8224563598632812,0.0,0.0413724547252059,0.0413724547252059,0.0,5,5,0.003989632707089186,0.0,0.00014761276543140411,0.0,0.0
ham18_pattern_mining,2026-03-19T13:29:01,3,30,5,5,1.0,0.2622910439968109,0.0,0.04193414468318224,0.04193414468318224,0.0,5,5,0.004092643037438393,0.0,0.00010077143087983131,0.0,0.0
ham18_pattern_mining,2026-03-19T13:29:03,4,25,5,0,0.734375,0.7698744535446167,0.0,0.17802766989916563,0.17802766989916563,0.0,5,5,0.01742152590304613,0.0,0.0003812410868704319,0.0,0.0
ham18_pattern_mining,2026-03-19T13:29:03,4,26,5,1,0.69140625,0.8096708059310913,0.0,0.04926902707666159,0.04926902707666159,0.0,5,5,0.0047735958360135555,0.0,0.00015330687165260315,0.0,0.0
ham18_pattern_mining,2026-03-19T13:29:03,4,27,5,2,0.72265625,0.8203374743461609,0.0,0.0415849918499589,0.0415849918499589,0.0,5,5,0.004023006185889244,0.0,0.00013549299910664558,0.0,0.0
ham18_pattern_mining,2026-03-19T13:29:04,4,28,5,3,0.71875,0.7950028777122498,0.0,0.03974763676524162,0.03974763676524162,0.0,5,5,0.0038443547673523426,0.0,0.0001304089091718197,0.0,0.0
ham18_pattern_mining,2026-03-19T13:29:05,4,29,5,4,0.734375,0.7379160523414612,0.0,0.0415193522349,0.0415193522349,0.0,5,5,0.00401202030479908,0.0,0.00013991491869091988,0.0,0.0
ham18_pattern_mining,2026-03-19T13:29:05,4,30,5,5,0.0,2.7922351360321045,0.0,0.043538850732147694,0.043538850732147694,0.0,5,5,0.004247716162353754,0.0,0.00010616891086101532,0.0,0.0
ham18_pattern_mining,2026-03-19T13:29:11,0,31,6,0,0.75,0.7181776762008667,0.0,0.1393458992242813,0.1393458992242813,0.0,5,5,0.013630364090204239,0.0,0.0003042258322238922,0.0,0.0
ham18_pattern_mining,2026-03-19T13:29:11,0,32,6,1,0.7265625,0.7194045186042786,0.0,0.044321538880467415,0.044321538880467415,0.0,5,5,0.004294782876968384,0.0,0.0001373710110783577,0.0,0.0
ham18_pattern_mining,2026-03-19T13:29:11,0,33,6,2,0.72265625,0.7877134084701538,0.0,0.041282158344984055,0.041282158344984055,0.0,5,5,0.003993938211351633,0.0,0.00013427762314677238,0.0,0.0
ham18_pattern_mining,2026-03-19T13:29:12,0,34,6,3,0.71875,0.8167827129364014,0.0,0.041309501975774765,0.041309501975774765,0.0,5,5,0.0039954883977770805,0.0,0.00013546179980039597,0.0,0.0
ham18_pattern_mining,2026-03-19T13:29:13,0,35,6,4,0.734375,0.7033282518386841,0.0,0.04687054082751274,0.04687054082751274,0.0,5,5,0.004531885031610727,0.0,0.0001551690511405468,0.0,0.0
ham18_pattern_mining,2026-03-19T13:29:13,0,36,6,5,0.0,2.7253127098083496,0.0,0.04159863106906414,0.04159863106906414,0.0,5,5,0.00405886210501194,0.0,0.00010100100189447403,0.0,0.0
ham18_pattern_mining,2026-03-19T13:29:15,1,31,6,0,0.703125,0.7415590286254883,0.0,0.21430267486721277,0.21430267486721277,0.0,5,5,0.020946557633578777,0.0,0.0004837098531424999,0.0,0.0
ham18_pattern_mining,2026-03-19T13:29:15,1,32,6,1,0.68359375,0.7998597621917725,0.0,0.05747421644628048,0.05747421644628048,0.0,5,5,0.005573291797190905,0.0,0.00017412984743714333,0.0,0.0
ham18_pattern_mining,2026-03-19T13:29:16,1,33,6,2,0.68359375,0.9305906295776367,0.0,0.03871243912726641,0.03871243912726641,0.0,5,5,0.003746578935533762,0.0,0.00012466497719287872,0.0,0.0
ham18_pattern_mining,2026-03-19T13:29:16,1,34,6,3,0.73046875,0.725094735622406,0.0,0.03967269789427519,0.03967269789427519,0.0,5,5,0.0038336636498570442,0.0,0.00013360613957047462,0.0,0.0
ham18_pattern_mining,2026-03-19T13:29:17,1,35,6,4,0.73046875,0.7870157957077026,0.0,0.04162462893873453,0.04162462893873453,0.0,5,5,0.004016971215605736,0.0,0.00014549167826771736,0.0,0.0
ham18_pattern_mining,2026-03-19T13:29:17,1,36,6,5,0.5,0.6354541778564453,0.0,0.044327559880912304,0.044327559880912304,0.0,5,5,0.004332615993916988,0.0,0.00010013999417424202,0.0,0.0
ham18_pattern_mining,2026-03-19T13:29:19,2,31,6,0,0.7109375,0.7953124046325684,0.0,0.20617627538740635,0.20617627538740635,0.0,5,5,0.02013134630396962,0.0,0.00048628123477101326,0.0,0.0
ham18_pattern_mining,2026-03-19T13:29:19,2,32,6,1,0.69921875,0.7828583121299744,0.0,0.0623204605653882,0.0623204605653882,0.0,5,5,0.006037086248397827,0.0,0.00019495980814099312,0.0,0.0
ham18_pattern_mining,2026-03-19T13:29:19,2,33,6,2,0.66796875,0.8232225179672241,0.0,0.04121489357203245,0.04121489357203245,0.0,5,5,0.003986269235610962,0.0,0.00013522012159228325,0.0,0.0
ham18_pattern_mining,2026-03-19T13:29:20,2,34,6,3,0.75,0.6705427169799805,0.0,0.04123757593333721,0.04123757593333721,0.0,5,5,0.003990038763731718,0.0,0.0001337188296020031,0.0,0.0
ham18_pattern_mining,2026-03-19T13:29:21,2,35,6,4,0.70703125,0.7831913232803345,0.0,0.04214347805827856,0.04214347805827856,0.0,5,5,0.0040697697550058365,0.0,0.00014457805082201958,0.0,0.0
ham18_pattern_mining,2026-03-19T13:29:21,2,36,6,5,0.5,0.7071793675422668,0.0,0.042735845781862736,0.042735845781862736,0.0,5,5,0.004173175897449255,0.0,0.00010040868073701859,0.0,0.0
ham18_pattern_mining,2026-03-19T13:29:23,3,31,6,0,0.6796875,0.7595570087432861,0.0,0.2196768205612898,0.2196768205612898,0.0,5,5,0.021486415062099695,0.0,0.0004812669940292835,0.0,0.0
ham18_pattern_mining,2026-03-19T13:29:23,3,32,6,1,0.68359375,0.7957750558853149,0.0,0.0548975495621562,0.0548975495621562,0.0,5,5,0.005331555847078562,0.0,0.00015819910913705826,0.0,0.0
ham18_pattern_mining,2026-03-19T13:29:23,3,33,6,2,0.765625,0.7015079259872437,0.0,0.04051581956446171,0.04051581956446171,0.0,5,5,0.003921953029930592,0.0,0.00012962892651557922,0.0,0.0
ham18_pattern_mining,2026-03-19T13:29:24,3,34,6,3,0.69921875,0.7856965661048889,0.0,0.038495371118187904,0.038495371118187904,0.0,5,5,0.003723412286490202,0.0,0.00012612482532858849,0.0,0.0
ham18_pattern_mining,2026-03-19T13:29:25,3,35,6,4,0.72265625,0.7253450155258179,0.0,0.04217407200485468,0.04217407200485468,0.0,5,5,0.004077745135873556,0.0,0.00013966206461191177,0.0,0.0
ham18_pattern_mining,2026-03-19T13:29:25,3,36,6,5,0.5,1.876328468322754,0.0,0.043696858920156956,0.043696858920156956,0.0,5,5,0.00427122600376606,0.0,9.84598882496357e-05,0.0,0.0
ham18_pattern_mining,2026-03-19T13:29:28,4,31,6,0,0.7578125,0.6258169412612915,0.0,0.23214424028992653,0.23214424028992653,0.0,5,5,0.0227432232350111,0.0,0.0004712007939815521,0.0,0.0
ham18_pattern_mining,2026-03-19T13:29:28,4,32,6,1,0.703125,0.8463674783706665,0.0,0.05814095959067345,0.05814095959067345,0.0,5,5,0.005647494923323393,0.0,0.0001666010357439518,0.0,0.0
ham18_pattern_mining,2026-03-19T13:29:28,4,33,6,2,0.71875,0.8305114507675171,0.0,0.039061643183231354,0.039061643183231354,0.0,5,5,0.0037830700166523457,0.0,0.00012309430167078972,0.0,0.0
ham18_pattern_mining,2026-03-19T13:29:28,4,34,6,3,0.703125,0.7575831413269043,0.0,0.03911671694368124,0.03911671694368124,0.0,5,5,0.00378578994423151,0.0,0.00012588175013661385,0.0,0.0
ham18_pattern_mining,2026-03-19T13:29:29,4,35,6,4,0.70703125,0.7475218772888184,0.0,0.04119362682104111,0.04119362682104111,0.0,5,5,0.0039854818023741245,0.0,0.0001338808797299862,0.0,0.0
ham18_pattern_mining,2026-03-19T13:29:29,4,36,6,5,1.0,0.19426490366458893,0.0,0.04386460408568382,0.04386460408568382,0.0,5,5,0.004284484311938286,0.0,0.00010197609663009644,0.0,0.0
ham18_pattern_mining,2026-03-19T13:29:36,0,37,7,0,0.69921875,0.740323543548584,0.0,0.1738434098660946,0.1738434098660946,0.0,5,5,0.01696305302903056,0.0,0.0004212879575788975,0.0,0.0
ham18_pattern_mining,2026-03-19T13:29:36,0,38,7,1,0.7421875,0.691308319568634,0.0,0.05556129850447178,0.05556129850447178,0.0,5,5,0.0053879618644714355,0.0,0.00016816798597574234,0.0,0.0
ham18_pattern_mining,2026-03-19T13:29:36,0,39,7,2,0.74609375,0.7096878886222839,0.0,0.03860319498926401,0.03860319498926401,0.0,5,5,0.0037368591874837875,0.0,0.0001234603114426136,0.0,0.0
ham18_pattern_mining,2026-03-19T13:29:36,0,40,7,3,0.76171875,0.7125244140625,0.0,0.03980057314038277,0.03980057314038277,0.0,5,5,0.0038475850597023964,0.0,0.00013247225433588028,0.0,0.0
ham18_pattern_mining,2026-03-19T13:29:37,0,41,7,4,0.71875,0.7307828664779663,0.0,0.04196952097117901,0.04196952097117901,0.0,5,5,0.004043519031256437,0.0,0.00015343306586146355,0.0,0.0
ham18_pattern_mining,2026-03-19T13:29:37,0,42,7,5,1.0,0.5389746427536011,0.0,0.042727370746433735,0.042727370746433735,0.0,5,5,0.004166324157267809,0.0,0.00010641291737556458,0.0,0.0
ham18_pattern_mining,2026-03-19T13:29:40,1,37,7,0,0.71484375,0.7611116170883179,0.0,0.1969396648928523,0.1969396648928523,0.0,5,5,0.019298046827316284,0.0,0.00039591966196894646,0.0,0.0
ham18_pattern_mining,2026-03-19T13:29:40,1,38,7,1,0.6328125,0.9450931549072266,0.0,0.04642489366233349,0.04642489366233349,0.0,5,5,0.004494311287999153,0.0,0.0001481780782341957,0.0,0.0
ham18_pattern_mining,2026-03-19T13:29:40,1,39,7,2,0.68359375,0.8393372297286987,0.0,0.0409070635214448,0.0409070635214448,0.0,5,5,0.003943315241485834,0.0,0.00014739111065864563,0.0,0.0
ham18_pattern_mining,2026-03-19T13:29:40,1,40,7,3,0.72265625,0.7072080373764038,0.0,0.04032901953905821,0.04032901953905821,0.0,5,5,0.0039024408906698227,0.0,0.00013046106323599815,0.0,0.0
ham18_pattern_mining,2026-03-19T13:29:41,1,41,7,4,0.71875,0.7454811334609985,0.0,0.04106464795768261,0.04106464795768261,0.0,5,5,0.003967678174376488,0.0,0.00013878662139177322,0.0,0.0
ham18_pattern_mining,2026-03-19T13:29:41,1,42,7,5,1.0,0.2409684807062149,0.0,0.04176242742687464,0.04176242742687464,0.0,5,5,0.0040765320882201195,0.0,9.971065446734428e-05,0.0,0.0
ham18_pattern_mining,2026-03-19T13:29:44,2,37,7,0,0.734375,0.700333297252655,0.0,0.1395684201270342,0.1395684201270342,0.0,5,5,0.013635878916829824,0.0,0.0003209630958735943,0.0,0.0
ham18_pattern_mining,2026-03-19T13:29:44,2,38,7,1,0.68359375,0.8648544549942017,0.0,0.04325558431446552,0.04325558431446552,0.0,5,5,0.0041889320127666,0.0,0.00013662641867995262,0.0,0.0
ham18_pattern_mining,2026-03-19T13:29:44,2,39,7,2,0.72265625,0.7210358381271362,0.0,0.039494880475103855,0.039494880475103855,0.0,5,5,0.003826222848147154,0.0,0.00012326519936323166,0.0,0.0
ham18_pattern_mining,2026-03-19T13:29:44,2,40,7,3,0.70703125,0.735195517539978,0.0,0.038619451224803925,0.038619451224803925,0.0,5,5,0.003735588863492012,0.0,0.00012635625898838043,0.0,0.0
ham18_pattern_mining,2026-03-19T13:29:45,2,41,7,4,0.71484375,0.7245009541511536,0.0,0.04607116337865591,0.04607116337865591,0.0,5,5,0.004466427955776453,0.0,0.00014068838208913803,0.0,0.0
ham18_pattern_mining,2026-03-19T13:29:45,2,42,7,5,1.0,0.4488055109977722,0.0,0.041995090432465076,0.041995090432465076,0.0,5,5,0.00409779604524374,0.0,0.00010171299800276756,0.0,0.0
ham18_pattern_mining,2026-03-19T13:29:48,3,37,7,0,0.74609375,0.6467097997665405,0.0,0.15268119052052498,0.15268119052052498,0.0,5,5,0.014962018001824617,0.0,0.0003061010502278805,0.0,0.0
ham18_pattern_mining,2026-03-19T13:29:48,3,38,7,1,0.7421875,0.7259104251861572,0.0,0.04385720007121563,0.04385720007121563,0.0,5,5,0.004253263119608164,0.0,0.00013245688751339912,0.0,0.0
ham18_pattern_mining,2026-03-19T13:29:48,3,39,7,2,0.65625,0.8148801326751709,0.0,0.038247620686888695,0.038247620686888695,0.0,5,5,0.003699877765029669,0.0,0.00012488430365920067,0.0,0.0
ham18_pattern_mining,2026-03-19T13:29:48,3,40,7,3,0.74609375,0.704615592956543,0.0,0.038283681496977806,0.038283681496977806,0.0,5,5,0.0037055681459605694,0.0,0.00012280000373721123,0.0,0.0
ham18_pattern_mining,2026-03-19T13:29:49,3,41,7,4,0.74609375,0.7146936655044556,0.0,0.04162238445132971,0.04162238445132971,0.0,5,5,0.0040227873250842094,0.0,0.00013945112004876137,0.0,0.0
ham18_pattern_mining,2026-03-19T13:29:49,3,42,7,5,0.5,1.8510684967041016,0.0,0.0434917351230979,0.0434917351230979,0.0,5,5,0.004253058694303036,0.0,9.611481800675392e-05,0.0,0.0
ham18_pattern_mining,2026-03-19T13:29:52,4,37,7,0,0.703125,0.8123864531517029,0.0,0.2515388000756502,0.2515388000756502,0.0,5,5,0.024573548696935177,0.0,0.0005803313106298447,0.0,0.0
ham18_pattern_mining,2026-03-19T13:29:52,4,38,7,1,0.734375,0.7412347793579102,0.0,0.06195521913468838,0.06195521913468838,0.0,5,5,0.006002574693411589,0.0,0.00019294722005724907,0.0,0.0
ham18_pattern_mining,2026-03-19T13:29:52,4,39,7,2,0.73828125,0.7547350525856018,0.0,0.040219901129603386,0.040219901129603386,0.0,5,5,0.003890679217875004,0.0,0.00013131089508533478,0.0,0.0
ham18_pattern_mining,2026-03-19T13:29:52,4,40,7,3,0.79296875,0.6287671327590942,0.0,0.03356632776558399,0.03356632776558399,0.0,5,5,0.0032374300062656403,0.0,0.00011920277029275894,0.0,0.0
ham18_pattern_mining,2026-03-19T13:29:53,4,41,7,4,0.71875,0.7840683460235596,0.0,0.03367898054420948,0.03367898054420948,0.0,5,5,0.0032454379834234715,0.0,0.00012246007099747658,0.0,0.0
ham18_pattern_mining,2026-03-19T13:29:53,4,42,7,5,0.0,3.3672943115234375,0.0,0.035801022313535213,0.035801022313535213,0.0,5,5,0.0034965621307492256,0.0,8.354010060429573e-05,0.0,0.0
ham18_pattern_mining,2026-03-19T13:30:00,0,43,8,0,0.76953125,0.6694552302360535,0.0,0.19522327929735184,0.19522327929735184,0.0,5,5,0.01909281685948372,0.0,0.00042951107025146484,0.0,0.0
ham18_pattern_mining,2026-03-19T13:30:00,0,44,8,1,0.73046875,0.7519769072532654,0.0,0.06828479934483767,0.06828479934483767,0.0,5,5,0.006654996890574694,0.0,0.00017348304390907288,0.0,0.0
ham18_pattern_mining,2026-03-19T13:30:00,0,45,8,2,0.72265625,0.7713595628738403,0.0,0.03466517198830843,0.03466517198830843,0.0,5,5,0.0033475561067461967,0.0,0.00011896109208464622,0.0,0.0
ham18_pattern_mining,2026-03-19T13:30:00,0,46,8,3,0.734375,0.6827406287193298,0.0,0.03085233736783266,0.03085233736783266,0.0,5,5,0.0029714787378907204,0.0,0.0001137549988925457,0.0,0.0
ham18_pattern_mining,2026-03-19T13:30:02,0,47,8,4,0.75390625,0.6469091176986694,0.0,0.03314678091555834,0.03314678091555834,0.0,5,5,0.0031860950402915478,0.0,0.00012858305126428604,0.0,0.0
ham18_pattern_mining,2026-03-19T13:30:02,0,48,8,5,0.0,3.0063700675964355,0.0,0.034145135432481766,0.034145135432481766,0.0,5,5,0.003333890810608864,0.0,8.062273263931274e-05,0.0,0.0
ham18_pattern_mining,2026-03-19T13:30:04,1,43,8,0,0.74609375,0.6833092570304871,0.0,0.17719085793942213,0.17719085793942213,0.0,5,5,0.017295268829911947,0.0,0.0004238169640302658,0.0,0.0
ham18_pattern_mining,2026-03-19T13:30:04,1,44,8,1,0.73046875,0.7233975529670715,0.0,0.05087952595204115,0.05087952595204115,0.0,5,5,0.004925896879285574,0.0,0.00016205571591854095,0.0,0.0
ham18_pattern_mining,2026-03-19T13:30:05,1,45,8,2,0.71484375,0.819221556186676,0.0,0.04181958269327879,0.04181958269327879,0.0,5,5,0.004041515290737152,0.0,0.00014044297859072685,0.0,0.0
ham18_pattern_mining,2026-03-19T13:30:05,1,46,8,3,0.73828125,0.7557497620582581,0.0,0.039062490686774254,0.039062490686774254,0.0,5,5,0.003777494188398123,0.0,0.0001287548802793026,0.0,0.0
ham18_pattern_mining,2026-03-19T13:30:06,1,47,8,4,0.71484375,0.7831029891967773,0.0,0.04183804150670767,0.04183804150670767,0.0,5,5,0.004041921813040972,0.0,0.00014188233762979507,0.0,0.0
ham18_pattern_mining,2026-03-19T13:30:06,1,48,8,5,0.5,0.8303247690200806,0.0,0.042694942094385624,0.042694942094385624,0.0,5,5,0.004168566316366196,0.0,0.00010092789307236671,0.0,0.0
ham18_pattern_mining,2026-03-19T13:30:08,2,43,8,0,0.76171875,0.6433368921279907,0.0,0.14545504935085773,0.14545504935085773,0.0,5,5,0.01425193203613162,0.0,0.00029357289895415306,0.0,0.0
ham18_pattern_mining,2026-03-19T13:30:08,2,44,8,1,0.72265625,0.7803012132644653,0.0,0.041307639330625534,0.041307639330625534,0.0,5,5,0.003983992151916027,0.0,0.00014677178114652634,0.0,0.0
ham18_pattern_mining,2026-03-19T13:30:09,2,45,8,2,0.71484375,0.7820031642913818,0.0,0.0417999317869544,0.0417999317869544,0.0,5,5,0.004042773973196745,0.0,0.00013721920549869537,0.0,0.0
ham18_pattern_mining,2026-03-19T13:30:09,2,46,8,3,0.69140625,0.7749937772750854,0.0,0.04034820944070816,0.04034820944070816,0.0,5,5,0.0039023607969284058,0.0,0.00013246014714241028,0.0,0.0
ham18_pattern_mining,2026-03-19T13:30:10,2,47,8,4,0.71484375,0.7105700373649597,0.0,0.04200384020805359,0.04200384020805359,0.0,5,5,0.004055478144437075,0.0,0.00014490587636828423,0.0,0.0
ham18_pattern_mining,2026-03-19T13:30:10,2,48,8,5,0.5,2.296950101852417,0.0,0.042599751614034176,0.042599751614034176,0.0,5,5,0.0041575259529054165,0.0,0.0001024492084980011,0.0,0.0
ham18_pattern_mining,2026-03-19T13:30:12,3,43,8,0,0.7578125,0.6371828317642212,0.0,0.17152673099189997,0.17152673099189997,0.0,5,5,0.016817590687423944,0.0,0.00033508241176605225,0.0,0.0
ham18_pattern_mining,2026-03-19T13:30:12,3,44,8,1,0.78125,0.6336182355880737,0.0,0.05617319140583277,0.05617319140583277,0.0,5,5,0.005439757835119963,0.0,0.00017756130546331406,0.0,0.0
ham18_pattern_mining,2026-03-19T13:30:12,3,45,8,2,0.7265625,0.7055627703666687,0.0,0.04127443302422762,0.04127443302422762,0.0,5,5,0.003991232253611088,0.0,0.00013621104881167412,0.0,0.0
ham18_pattern_mining,2026-03-19T13:30:12,3,46,8,3,0.73046875,0.7245384454727173,0.0,0.04053036216646433,0.04053036216646433,0.0,5,5,0.003917171154171228,0.0,0.00013586506247520447,0.0,0.0
ham18_pattern_mining,2026-03-19T13:30:14,3,47,8,4,0.71484375,0.7773969769477844,0.0,0.04533491097390652,0.04533491097390652,0.0,5,5,0.004391536116600037,0.0,0.00014195498079061508,0.0,0.0
ham18_pattern_mining,2026-03-19T13:30:14,3,48,8,5,1.0,0.40917524695396423,0.0,0.044406596571207047,0.044406596571207047,0.0,5,5,0.004339889623224735,0.0,0.00010077003389596939,0.0,0.0
ham18_pattern_mining,2026-03-19T13:30:16,4,43,8,0,0.7265625,0.7534838914871216,0.0,0.17074453178793192,0.17074453178793192,0.0,5,5,0.016726025845855474,0.0,0.00034842733293771744,0.0,0.0
ham18_pattern_mining,2026-03-19T13:30:16,4,44,8,1,0.75390625,0.7294784784317017,0.0,0.07195707876235247,0.07195707876235247,0.0,5,5,0.007006017956882715,0.0,0.00018968991935253143,0.0,0.0
ham18_pattern_mining,2026-03-19T13:30:16,4,45,8,2,0.7578125,0.7211812734603882,0.0,0.03932518418878317,0.03932518418878317,0.0,5,5,0.003810067195445299,0.0,0.00012245122343301773,0.0,0.0
ham18_pattern_mining,2026-03-19T13:30:16,4,46,8,3,0.73046875,0.6831889152526855,0.0,0.038907742127776146,0.038907742127776146,0.0,5,5,0.003770762123167515,0.0,0.00012001208961009979,0.0,0.0
ham18_pattern_mining,2026-03-19T13:30:18,4,47,8,4,0.71484375,0.7348631024360657,0.0,0.042242216877639294,0.042242216877639294,0.0,5,5,0.004084569867700338,0.0,0.000139651820063591,0.0,0.0
ham18_pattern_mining,2026-03-19T13:30:18,4,48,8,5,1.0,0.15785279870033264,0.0,0.047143371775746346,0.047143371775746346,0.0,5,5,0.0045909821055829525,0.0,0.00012335507199168205,0.0,0.0
ham18_pattern_mining,2026-03-19T13:30:24,0,49,9,0,0.765625,0.6990671753883362,0.0,0.19814885687083006,0.19814885687083006,0.0,5,5,0.01937491400167346,0.0,0.0004399716854095459,0.0,0.0
ham18_pattern_mining,2026-03-19T13:30:24,0,50,9,1,0.7421875,0.718955934047699,0.0,0.10532862972468138,0.10532862972468138,0.0,5,5,0.010254982858896255,0.0,0.00027788011357188225,0.0,0.0
ham18_pattern_mining,2026-03-19T13:30:24,0,51,9,2,0.75,0.6658799648284912,0.0,0.05339520052075386,0.05339520052075386,0.0,5,5,0.005182793829590082,0.0,0.00015672622248530388,0.0,0.0
ham18_pattern_mining,2026-03-19T13:30:24,0,52,9,3,0.7421875,0.6860710978507996,0.0,0.0389390392228961,0.0389390392228961,0.0,5,5,0.0037558339536190033,0.0,0.0001380699686706066,0.0,0.0
ham18_pattern_mining,2026-03-19T13:30:26,0,53,9,4,0.73828125,0.6588374376296997,0.0,0.04097119905054569,0.04097119905054569,0.0,5,5,0.003956595901399851,0.0,0.0001405240036547184,0.0,0.0
ham18_pattern_mining,2026-03-19T13:30:26,0,54,9,5,1.0,0.34779107570648193,0.0,0.043368469923734665,0.043368469923734665,0.0,5,5,0.004238667897880077,0.0,9.817909449338913e-05,0.0,0.0
ham18_pattern_mining,2026-03-19T13:30:28,1,49,9,0,0.74609375,0.6781420707702637,0.0,0.21343069151043892,0.21343069151043892,0.0,5,5,0.02087586373090744,0.0,0.0004672054201364517,0.0,0.0
ham18_pattern_mining,2026-03-19T13:30:28,1,50,9,1,0.69921875,0.7588191032409668,0.0,0.06227965001016855,0.06227965001016855,0.0,5,5,0.006053021177649498,0.0,0.00017494382336735725,0.0,0.0
ham18_pattern_mining,2026-03-19T13:30:28,1,51,9,2,0.671875,0.8457127809524536,0.0,0.04407122731208801,0.04407122731208801,0.0,5,5,0.004262926988303661,0.0,0.00014419574290513992,0.0,0.0
ham18_pattern_mining,2026-03-19T13:30:29,1,52,9,3,0.75,0.6819692850112915,0.0,0.040946430526673794,0.040946430526673794,0.0,5,5,0.003959417808800936,0.0,0.00013522524386644363,0.0,0.0
ham18_pattern_mining,2026-03-19T13:30:30,1,53,9,4,0.70703125,0.7356077432632446,0.0,0.04149609711021185,0.04149609711021185,0.0,5,5,0.0039989338256418705,0.0,0.00015067588537931442,0.0,0.0
ham18_pattern_mining,2026-03-19T13:30:30,1,54,9,5,1.0,0.3648846447467804,0.0,0.04723851103335619,0.04723851103335619,0.0,5,5,0.004599689040333033,0.0,0.00012416206300258636,0.0,0.0
ham18_pattern_mining,2026-03-19T13:30:32,2,49,9,0,0.74609375,0.6455403566360474,0.0,0.18574014771729708,0.18574014771729708,0.0,5,5,0.01818055287003517,0.0,0.0003934619016945362,0.0,0.0
ham18_pattern_mining,2026-03-19T13:30:32,2,50,9,1,0.671875,0.8490762710571289,0.0,0.05000521894544363,0.05000521894544363,0.0,5,5,0.004850680939853191,0.0,0.00014984095469117165,0.0,0.0
ham18_pattern_mining,2026-03-19T13:30:32,2,51,9,2,0.72265625,0.7549645304679871,0.0,0.038825501687824726,0.038825501687824726,0.0,5,5,0.0037492141127586365,0.0,0.00013333605602383614,0.0,0.0
ham18_pattern_mining,2026-03-19T13:30:32,2,52,9,3,0.7421875,0.6472561955451965,0.0,0.04061186220496893,0.04061186220496893,0.0,5,5,0.003930730279535055,0.0,0.00013045594096183777,0.0,0.0
ham18_pattern_mining,2026-03-19T13:30:34,2,53,9,4,0.703125,0.7462643384933472,0.0,0.041730329394340515,0.041730329394340515,0.0,5,5,0.0040295301005244255,0.0,0.000143502838909626,0.0,0.0
ham18_pattern_mining,2026-03-19T13:30:34,2,54,9,5,1.0,0.1542166769504547,0.0,0.043265740387141705,0.043265740387141705,0.0,5,5,0.0042284708470106125,0.0,9.810319170355797e-05,0.0,0.0
ham18_pattern_mining,2026-03-19T13:30:36,3,49,9,0,0.78515625,0.5936285257339478,0.0,0.15520707238465548,0.15520707238465548,0.0,5,5,0.015199368353933096,0.0,0.00032133888453245163,0.0,0.0
ham18_pattern_mining,2026-03-19T13:30:36,3,50,9,1,0.70703125,0.7560242414474487,0.0,0.07049382198601961,0.07049382198601961,0.0,5,5,0.006856122985482216,0.0,0.00019325921311974525,0.0,0.0
ham18_pattern_mining,2026-03-19T13:30:36,3,51,9,2,0.703125,0.8148084282875061,0.0,0.043923561461269855,0.043923561461269855,0.0,5,5,0.004253624007105827,0.0,0.00013873213902115822,0.0,0.0
ham18_pattern_mining,2026-03-19T13:30:37,3,52,9,3,0.80859375,0.6077388525009155,0.0,0.03889373503625393,0.03889373503625393,0.0,5,5,0.0037590758875012398,0.0,0.00013029761612415314,0.0,0.0
ham18_pattern_mining,2026-03-19T13:30:38,3,53,9,4,0.76171875,0.6440445184707642,0.0,0.04134749062359333,0.04134749062359333,0.0,5,5,0.003992653917521238,0.0,0.0001420951448380947,0.0,0.0
ham18_pattern_mining,2026-03-19T13:30:38,3,54,9,5,0.5,0.8430933356285095,0.0,0.0436562392860651,0.0436562392860651,0.0,5,5,0.0042703826911747456,0.0,9.52412374317646e-05,0.0,0.0
ham18_pattern_mining,2026-03-19T13:30:40,4,49,9,0,0.8203125,0.5782480835914612,0.0,0.24605829268693924,0.24605829268693924,0.0,5,5,0.024042961187660694,0.0,0.0005628680810332298,0.0,0.0
ham18_pattern_mining,2026-03-19T13:30:40,4,50,9,1,0.72265625,0.7395206093788147,0.0,0.06267657969146967,0.06267657969146967,0.0,5,5,0.00608724495396018,0.0,0.00018041301518678665,0.0,0.0
ham18_pattern_mining,2026-03-19T13:30:40,4,51,9,2,0.76171875,0.7235579490661621,0.0,0.03921367693692446,0.03921367693692446,0.0,5,5,0.0037965448573231697,0.0,0.00012482283636927605,0.0,0.0
ham18_pattern_mining,2026-03-19T13:30:41,4,52,9,3,0.734375,0.6833007335662842,0.0,0.03989160992205143,0.03989160992205143,0.0,5,5,0.0038580200634896755,0.0,0.00013114092871546745,0.0,0.0
ham18_pattern_mining,2026-03-19T13:30:42,4,53,9,4,0.6953125,0.8212806582450867,0.0,0.03265813924372196,0.03265813924372196,0.0,5,5,0.0031456630676984787,0.0,0.0001201508566737175,0.0,0.0
ham18_pattern_mining,2026-03-19T13:30:42,4,54,9,5,1.0,0.18094995617866516,0.0,0.034095440059900284,0.034095440059900284,0.0,5,5,0.003328483086079359,0.0,8.106091991066933e-05,0.0,0.0
ham18_pattern_mining,2026-03-19T13:30:48,0,55,10,0,0.72265625,0.6432729959487915,0.0,0.22185327485203743,0.22185327485203743,0.0,5,5,0.021675252821296453,0.0,0.0005100746639072895,0.0,0.0
ham18_pattern_mining,2026-03-19T13:30:48,0,56,10,1,0.7421875,0.6878374218940735,0.0,0.06468099541962147,0.06468099541962147,0.0,5,5,0.006282579619437456,0.0,0.00018551992252469063,0.0,0.0
ham18_pattern_mining,2026-03-19T13:30:48,0,57,10,2,0.7265625,0.6738595366477966,0.0,0.04121108911931515,0.04121108911931515,0.0,5,5,0.003983600996434689,0.0,0.00013750791549682617,0.0,0.0
ham18_pattern_mining,2026-03-19T13:30:49,0,58,10,3,0.734375,0.6747921109199524,0.0,0.040542096830904484,0.040542096830904484,0.0,5,5,0.0039227623492479324,0.0,0.00013144733384251595,0.0,0.0
ham18_pattern_mining,2026-03-19T13:30:50,0,59,10,4,0.75390625,0.7106305360794067,0.0,0.042646448127925396,0.042646448127925396,0.0,5,5,0.004123103804886341,0.0,0.0001415410079061985,0.0,0.0
ham18_pattern_mining,2026-03-19T13:30:50,0,60,10,5,0.5,0.8924199342727661,0.0,0.04335245117545128,0.04335245117545128,0.0,5,5,0.004231321159750223,0.0,0.00010392395779490471,0.0,0.0
ham18_pattern_mining,2026-03-19T13:30:52,1,55,10,0,0.76953125,0.5917034149169922,0.0,0.17477139364928007,0.17477139364928007,0.0,5,5,0.017102220095694065,0.0,0.00037491926923394203,0.0,0.0
ham18_pattern_mining,2026-03-19T13:30:52,1,56,10,1,0.7734375,0.650378942489624,0.0,0.04622918553650379,0.04622918553650379,0.0,5,5,0.004475616849958897,0.0,0.00014730170369148254,0.0,0.0
ham18_pattern_mining,2026-03-19T13:30:53,1,57,10,2,0.71875,0.7194030284881592,0.0,0.03964878153055906,0.03964878153055906,0.0,5,5,0.0038365921936929226,0.0,0.0001282859593629837,0.0,0.0
ham18_pattern_mining,2026-03-19T13:30:53,1,58,10,3,0.703125,0.7758842706680298,0.0,0.03931520041078329,0.03931520041078329,0.0,5,5,0.0038055083714425564,0.0,0.0001260116696357727,0.0,0.0
ham18_pattern_mining,2026-03-19T13:30:54,1,59,10,4,0.69140625,0.8222941160202026,0.0,0.042032371275126934,0.042032371275126934,0.0,5,5,0.004057663958519697,0.0,0.00014557316899299622,0.0,0.0
ham18_pattern_mining,2026-03-19T13:30:54,1,60,10,5,0.5,0.568984866142273,0.0,0.04365747794508934,0.04365747794508934,0.0,5,5,0.004263684619218111,0.0,0.00010206317529082298,0.0,0.0
ham18_pattern_mining,2026-03-19T13:30:56,2,55,10,0,0.7734375,0.645290195941925,0.0,0.2524771960452199,0.2524771960452199,0.0,5,5,0.024705604184418917,0.0,0.0005421154201030731,0.0,0.0
ham18_pattern_mining,2026-03-19T13:30:57,2,56,10,1,0.7421875,0.6582998037338257,0.0,0.0709905382245779,0.0709905382245779,0.0,5,5,0.006905328948050737,0.0,0.000193724874407053,0.0,0.0
ham18_pattern_mining,2026-03-19T13:30:57,2,57,10,2,0.71875,0.7886773347854614,0.0,0.04108469933271408,0.04108469933271408,0.0,5,5,0.003971931058913469,0.0,0.00013653887435793877,0.0,0.0
ham18_pattern_mining,2026-03-19T13:30:57,2,58,10,3,0.70703125,0.7714089155197144,0.0,0.03912115469574928,0.03912115469574928,0.0,5,5,0.0037820814177393913,0.0,0.00013003405183553696,0.0,0.0
ham18_pattern_mining,2026-03-19T13:30:58,2,59,10,4,0.73828125,0.703920841217041,0.0,0.04260225687175989,0.04260225687175989,0.0,5,5,0.0041191759519279,0.0,0.00014104973524808884,0.0,0.0
ham18_pattern_mining,2026-03-19T13:30:58,2,60,10,5,0.5,1.478536605834961,0.0,0.04230557009577751,0.04230557009577751,0.0,5,5,0.004133367910981178,0.0,9.718909859657288e-05,0.0,0.0
ham18_pattern_mining,2026-03-19T13:31:00,3,55,10,0,0.75,0.6795312166213989,0.0,0.16594745218753815,0.16594745218753815,0.0,5,5,0.016212703194469213,0.0,0.0003820420242846012,0.0,0.0
ham18_pattern_mining,2026-03-19T13:31:00,3,56,10,1,0.7421875,0.6971746683120728,0.0,0.04285429138690233,0.04285429138690233,0.0,5,5,0.004143319092690945,0.0,0.00014211004599928856,0.0,0.0
ham18_pattern_mining,2026-03-19T13:31:01,3,57,10,2,0.76171875,0.7188811302185059,0.0,0.04322618246078491,0.04322618246078491,0.0,5,5,0.00417546508833766,0.0,0.00014715315774083138,0.0,0.0
ham18_pattern_mining,2026-03-19T13:31:01,3,58,10,3,0.7421875,0.6894431114196777,0.0,0.040313457138836384,0.040313457138836384,0.0,5,5,0.0038952617906033993,0.0,0.0001360839232802391,0.0,0.0
ham18_pattern_mining,2026-03-19T13:31:02,3,59,10,4,0.78125,0.612188458442688,0.0,0.042137778364121914,0.042137778364121914,0.0,5,5,0.004065105225890875,0.0,0.00014867261052131653,0.0,0.0
ham18_pattern_mining,2026-03-19T13:31:02,3,60,10,5,1.0,0.15138864517211914,0.0,0.043142298236489296,0.043142298236489296,0.0,5,5,0.004208150785416365,0.0,0.00010607903823256493,0.0,0.0
ham18_pattern_mining,2026-03-19T13:31:04,4,55,10,0,0.73046875,0.6922240257263184,0.0,0.1345853367820382,0.1345853367820382,0.0,5,5,0.013152578845620155,0.0,0.00030595483258366585,0.0,0.0
ham18_pattern_mining,2026-03-19T13:31:04,4,56,10,1,0.7734375,0.6685395836830139,0.0,0.04368123132735491,0.04368123132735491,0.0,5,5,0.0042108288034796715,0.0,0.00015729432925581932,0.0,0.0
ham18_pattern_mining,2026-03-19T13:31:05,4,57,10,2,0.71875,0.7077380418777466,0.0,0.040128109976649284,0.040128109976649284,0.0,5,5,0.0038852300494909286,0.0,0.00012758094817399979,0.0,0.0
ham18_pattern_mining,2026-03-19T13:31:05,4,58,10,3,0.76171875,0.7185119390487671,0.0,0.04100280348211527,0.04100280348211527,0.0,5,5,0.003961827140301466,0.0,0.00013845320791006088,0.0,0.0
ham18_pattern_mining,2026-03-19T13:31:06,4,59,10,4,0.7265625,0.6898441910743713,0.0,0.04239180125296116,0.04239180125296116,0.0,5,5,0.004092291928827763,0.0,0.00014688819646835327,0.0,0.0
ham18_pattern_mining,2026-03-19T13:31:06,4,60,10,5,1.0,0.1431327611207962,0.0,0.044806674122810364,0.044806674122810364,0.0,5,5,0.004364921245723963,0.0,0.00011574616655707359,0.0,0.0
ham18_pattern_mining,2026-03-19T13:31:13,0,61,11,0,0.796875,0.5991034507751465,0.0,0.21756852511316538,0.21756852511316538,0.0,5,5,0.021235071122646332,0.0,0.0005217813886702061,0.0,0.0
ham18_pattern_mining,2026-03-19T13:31:13,0,62,11,1,0.796875,0.6028649806976318,0.0,0.05803893320262432,0.05803893320262432,0.0,5,5,0.005619328003376722,0.0,0.00018456531688570976,0.0,0.0
ham18_pattern_mining,2026-03-19T13:31:13,0,63,11,2,0.73828125,0.7804176807403564,0.0,0.03917494788765907,0.03917494788765907,0.0,5,5,0.0037777768447995186,0.0,0.0001397179439663887,0.0,0.0
ham18_pattern_mining,2026-03-19T13:31:13,0,64,11,3,0.75390625,0.7123565673828125,0.0,0.03932156600058079,0.03932156600058079,0.0,5,5,0.0038032345473766327,0.0,0.00012892205268144608,0.0,0.0
ham18_pattern_mining,2026-03-19T13:31:15,0,65,11,4,0.75,0.6322738528251648,0.0,0.04239451140165329,0.04239451140165329,0.0,5,5,0.004085721913725138,0.0,0.00015372922644019127,0.0,0.0
ham18_pattern_mining,2026-03-19T13:31:15,0,66,11,5,0.5,1.3180729150772095,0.0,0.042617819271981716,0.042617819271981716,0.0,5,5,0.004163689911365509,0.0,9.809201583266258e-05,0.0,0.0
ham18_pattern_mining,2026-03-19T13:31:17,1,61,11,0,0.75390625,0.6663895845413208,0.0,0.13317578472197056,0.13317578472197056,0.0,5,5,0.01301971822977066,0.0,0.0002978602424263954,0.0,0.0
ham18_pattern_mining,2026-03-19T13:31:17,1,62,11,1,0.73828125,0.6800563931465149,0.0,0.04365315195173025,0.04365315195173025,0.0,5,5,0.0042196279391646385,0.0,0.0001456872560083866,0.0,0.0
ham18_pattern_mining,2026-03-19T13:31:17,1,63,11,2,0.75390625,0.6809805631637573,0.0,0.040134149603545666,0.040134149603545666,0.0,5,5,0.0038816030137240887,0.0,0.0001318119466304779,0.0,0.0
ham18_pattern_mining,2026-03-19T13:31:18,1,64,11,3,0.72265625,0.7299659848213196,0.0,0.040609878487885,0.040609878487885,0.0,5,5,0.003919767681509256,0.0,0.00014122016727924347,0.0,0.0
ham18_pattern_mining,2026-03-19T13:31:19,1,65,11,4,0.69140625,0.7813071608543396,0.0,0.04223312716931105,0.04223312716931105,0.0,5,5,0.004079218953847885,0.0,0.00014409376308321953,0.0,0.0
ham18_pattern_mining,2026-03-19T13:31:19,1,66,11,5,1.0,0.17164109647274017,0.0,0.046786204911768436,0.046786204911768436,0.0,5,5,0.004562264308333397,0.0,0.00011635618284344673,0.0,0.0
ham18_pattern_mining,2026-03-19T13:31:21,2,61,11,0,0.73828125,0.6724227666854858,0.0,0.22477230988442898,0.22477230988442898,0.0,5,5,0.021920382976531982,0.0,0.0005568480119109154,0.0,0.0
ham18_pattern_mining,2026-03-19T13:31:21,2,62,11,1,0.66015625,0.8648069500923157,0.0,0.05827896296977997,0.05827896296977997,0.0,5,5,0.005636684130877256,0.0,0.00019121216610074043,0.0,0.0
ham18_pattern_mining,2026-03-19T13:31:21,2,63,11,2,0.7578125,0.6243081092834473,0.0,0.03905393648892641,0.03905393648892641,0.0,5,5,0.003776873927563429,0.0,0.0001285197213292122,0.0,0.0
ham18_pattern_mining,2026-03-19T13:31:22,2,64,11,3,0.75390625,0.6440716981887817,0.0,0.038764048367738724,0.038764048367738724,0.0,5,5,0.0037522767670452595,0.0,0.0001241280697286129,0.0,0.0
ham18_pattern_mining,2026-03-19T13:31:23,2,65,11,4,0.7265625,0.7725721001625061,0.0,0.04178546369075775,0.04178546369075775,0.0,5,5,0.004036647733300924,0.0,0.00014189863577485085,0.0,0.0
ham18_pattern_mining,2026-03-19T13:31:23,2,66,11,5,0.0,4.304032802581787,0.0,0.042465259321033955,0.042465259321033955,0.0,5,5,0.00414962088689208,0.0,9.690504521131516e-05,0.0,0.0
ham18_pattern_mining,2026-03-19T13:31:26,3,61,11,0,0.7578125,0.5989840626716614,0.0,0.152784651145339,0.152784651145339,0.0,5,5,0.014985153917223215,0.0,0.0002933111973106861,0.0,0.0
ham18_pattern_mining,2026-03-19T13:31:26,3,62,11,1,0.79296875,0.599090576171875,0.0,0.04280816297978163,0.04280816297978163,0.0,5,5,0.004139785189181566,0.0,0.00014103110879659653,0.0,0.0
ham18_pattern_mining,2026-03-19T13:31:26,3,63,11,2,0.71484375,0.7542975544929504,0.0,0.04035355057567358,0.04035355057567358,0.0,5,5,0.003904051147401333,0.0,0.00013130391016602516,0.0,0.0
ham18_pattern_mining,2026-03-19T13:31:26,3,64,11,3,0.80078125,0.5774047374725342,0.0,0.03859586548060179,0.03859586548060179,0.0,5,5,0.003732402343302965,0.0,0.0001271842047572136,0.0,0.0
ham18_pattern_mining,2026-03-19T13:31:27,3,65,11,4,0.73046875,0.7352997660636902,0.0,0.04226295277476311,0.04226295277476311,0.0,5,5,0.004080787301063538,0.0,0.00014550797641277313,0.0,0.0
ham18_pattern_mining,2026-03-19T13:31:27,3,66,11,5,0.5,1.8340470790863037,0.0,0.0462881987914443,0.0462881987914443,0.0,5,5,0.00450521893799305,0.0,0.00012360094115138054,0.0,0.0
ham18_pattern_mining,2026-03-19T13:31:30,4,61,11,0,0.796875,0.6514663696289062,0.0,0.13748320750892162,0.13748320750892162,0.0,5,5,0.0134504409506917,0.0,0.00029787980020046234,0.0,0.0
ham18_pattern_mining,2026-03-19T13:31:30,4,62,11,1,0.796875,0.5946106910705566,0.0,0.04017526749521494,0.04017526749521494,0.0,5,5,0.0038846665993332863,0.0,0.00013286015018820763,0.0,0.0
ham18_pattern_mining,2026-03-19T13:31:31,4,63,11,2,0.76953125,0.6178901791572571,0.0,0.03925357013940811,0.03925357013940811,0.0,5,5,0.003792006988078356,0.0,0.00013335002586245537,0.0,0.0
ham18_pattern_mining,2026-03-19T13:31:31,4,64,11,3,0.73828125,0.7410333156585693,0.0,0.04139340948313475,0.04139340948313475,0.0,5,5,0.004005328752100468,0.0,0.00013401219621300697,0.0,0.0
ham18_pattern_mining,2026-03-19T13:31:32,4,65,11,4,0.73828125,0.6916951537132263,0.0,0.04200663883239031,0.04200663883239031,0.0,5,5,0.004056389909237623,0.0,0.00014427397400140762,0.0,0.0
ham18_pattern_mining,2026-03-19T13:31:32,4,66,11,5,1.0,0.1310960054397583,0.0,0.045944429002702236,0.045944429002702236,0.0,5,5,0.004488667938858271,0.0,0.00010577496141195297,0.0,0.0
ham18_pattern_mining,2026-03-19T13:31:39,0,67,12,0,0.76171875,0.7438210248947144,0.0,0.24596781004220247,0.24596781004220247,0.0,5,5,0.024008002132177353,0.0,0.0005887788720428944,0.0,0.0
ham18_pattern_mining,2026-03-19T13:31:39,0,68,12,1,0.75390625,0.6093250513076782,0.0,0.06683508865535259,0.06683508865535259,0.0,5,5,0.0064908587373793125,0.0,0.00019265012815594673,0.0,0.0
ham18_pattern_mining,2026-03-19T13:31:39,0,69,12,2,0.7734375,0.6054590344429016,0.0,0.0406206538900733,0.0406206538900733,0.0,5,5,0.003925416152924299,0.0,0.0001366492360830307,0.0,0.0
ham18_pattern_mining,2026-03-19T13:31:39,0,70,12,3,0.74609375,0.6789897680282593,0.0,0.04118876997381449,0.04118876997381449,0.0,5,5,0.003978300839662552,0.0,0.00014057615771889687,0.0,0.0
ham18_pattern_mining,2026-03-19T13:31:41,0,71,12,4,0.78515625,0.5993704795837402,0.0,0.04596329294145107,0.04596329294145107,0.0,5,5,0.004438166972249746,0.0,0.00015816232189536095,0.0,0.0
ham18_pattern_mining,2026-03-19T13:31:41,0,72,12,5,0.5,1.6949968338012695,0.0,0.045765750110149384,0.045765750110149384,0.0,5,5,0.00447387108579278,0.0,0.00010270392522215843,0.0,0.0
ham18_pattern_mining,2026-03-19T13:31:43,1,67,12,0,0.70703125,0.7109841108322144,0.0,0.18038665410131216,0.18038665410131216,0.0,5,5,0.017675469163805246,0.0,0.0003631962463259697,0.0,0.0
ham18_pattern_mining,2026-03-19T13:31:43,1,68,12,1,0.72265625,0.6905288696289062,0.0,0.04666901659220457,0.04666901659220457,0.0,5,5,0.004517765715718269,0.0,0.00014913594350218773,0.0,0.0
ham18_pattern_mining,2026-03-19T13:31:43,1,69,12,2,0.71484375,0.7114992737770081,0.0,0.039980062283575535,0.039980062283575535,0.0,5,5,0.0038663391023874283,0.0,0.0001316671259701252,0.0,0.0
ham18_pattern_mining,2026-03-19T13:31:43,1,70,12,3,0.734375,0.6815323233604431,0.0,0.04014667123556137,0.04014667123556137,0.0,5,5,0.0038829380646348,0.0,0.00013172905892133713,0.0,0.0
ham18_pattern_mining,2026-03-19T13:31:45,1,71,12,4,0.7421875,0.634801983833313,0.0,0.04235282074660063,0.04235282074660063,0.0,5,5,0.004091881215572357,0.0,0.0001434008590877056,0.0,0.0
ham18_pattern_mining,2026-03-19T13:31:45,1,72,12,5,0.5,1.33433997631073,0.0,0.044734557159245014,0.044734557159245014,0.0,5,5,0.004374285694211721,0.0,9.917002171278e-05,0.0,0.0
ham18_pattern_mining,2026-03-19T13:31:47,2,67,12,0,0.75390625,0.6576725840568542,0.0,0.21067760419100523,0.21067760419100523,0.0,5,5,0.020607460290193558,0.0,0.00046030012890696526,0.0,0.0
ham18_pattern_mining,2026-03-19T13:31:47,2,68,12,1,0.74609375,0.6443703174591064,0.0,0.05972806364297867,0.05972806364297867,0.0,5,5,0.005795805715024471,0.0,0.00017700064927339554,0.0,0.0
ham18_pattern_mining,2026-03-19T13:31:47,2,69,12,2,0.6875,0.8034172058105469,0.0,0.04174865782260895,0.04174865782260895,0.0,5,5,0.004037626087665558,0.0,0.00013723969459533691,0.0,0.0
ham18_pattern_mining,2026-03-19T13:31:48,2,70,12,3,0.72265625,0.6845831871032715,0.0,0.04274439066648483,0.04274439066648483,0.0,5,5,0.0041352128610014915,0.0,0.00013922620564699173,0.0,0.0
ham18_pattern_mining,2026-03-19T13:31:49,2,71,12,4,0.765625,0.6527315974235535,0.0,0.054835970513522625,0.054835970513522625,0.0,5,5,0.005341242998838425,0.0,0.00014235405251383781,0.0,0.0
ham18_pattern_mining,2026-03-19T13:31:49,2,72,12,5,0.5,0.753337025642395,0.0,0.04232366569340229,0.04232366569340229,0.0,5,5,0.004134859889745712,0.0,9.750667959451675e-05,0.0,0.0
ham18_pattern_mining,2026-03-19T13:31:51,3,67,12,0,0.76171875,0.6318246126174927,0.0,0.1779508776962757,0.1779508776962757,0.0,5,5,0.017413903027772903,0.0,0.00038118474185466766,0.0,0.0
ham18_pattern_mining,2026-03-19T13:31:52,3,68,12,1,0.77734375,0.5941271781921387,0.0,0.04976219031959772,0.04976219031959772,0.0,5,5,0.004827667027711868,0.0,0.00014855200424790382,0.0,0.0
ham18_pattern_mining,2026-03-19T13:31:52,3,69,12,2,0.7734375,0.6114782691001892,0.0,0.03887816797941923,0.03887816797941923,0.0,5,5,0.003761724103242159,0.0,0.00012609269469976425,0.0,0.0
ham18_pattern_mining,2026-03-19T13:31:52,3,70,12,3,0.7578125,0.6950875520706177,0.0,0.039185239002108574,0.039185239002108574,0.0,5,5,0.0037902439944446087,0.0,0.0001282799057662487,0.0,0.0
ham18_pattern_mining,2026-03-19T13:31:53,3,71,12,4,0.7265625,0.6904538869857788,0.0,0.04250410944223404,0.04250410944223404,0.0,5,5,0.004104810766875744,0.0,0.00014560017734766006,0.0,0.0
ham18_pattern_mining,2026-03-19T13:31:53,3,72,12,5,0.5,1.84361732006073,0.0,0.04260520916432142,0.04260520916432142,0.0,5,5,0.004163797944784164,0.0,9.672297164797783e-05,0.0,0.0
ham18_pattern_mining,2026-03-19T13:31:55,4,67,12,0,0.78125,0.6534392833709717,0.0,0.1642085239291191,0.1642085239291191,0.0,5,5,0.01603845227509737,0.0,0.00038240011781454086,0.0,0.0
ham18_pattern_mining,2026-03-19T13:31:55,4,68,12,1,0.7734375,0.6284990906715393,0.0,0.0492388941347599,0.0492388941347599,0.0,5,5,0.004768188111484051,0.0,0.00015570130199193954,0.0,0.0
ham18_pattern_mining,2026-03-19T13:31:56,4,69,12,2,0.7421875,0.6868642568588257,0.0,0.04208369180560112,0.04208369180560112,0.0,5,5,0.00405503623187542,0.0,0.00015333294868469238,0.0,0.0
ham18_pattern_mining,2026-03-19T13:31:56,4,70,12,3,0.78515625,0.6138184666633606,0.0,0.03944423981010914,0.03944423981010914,0.0,5,5,0.003815686795860529,0.0,0.0001287371851503849,0.0,0.0
ham18_pattern_mining,2026-03-19T13:31:57,4,71,12,4,0.74609375,0.7487878799438477,0.0,0.042251902632415295,0.042251902632415295,0.0,5,5,0.004079668316990137,0.0,0.00014552194625139236,0.0,0.0
ham18_pattern_mining,2026-03-19T13:31:57,4,72,12,5,1.0,0.16923105716705322,0.0,0.04528905265033245,0.04528905265033245,0.0,5,5,0.0044235181994736195,0.0,0.00010538706555962563,0.0,0.0
ham18_pattern_mining,2026-03-19T13:32:03,0,73,13,0,0.796875,0.5874336361885071,0.0,0.14950316864997149,0.14950316864997149,0.0,5,5,0.014603044837713242,0.0,0.00034727202728390694,0.0,0.0
ham18_pattern_mining,2026-03-19T13:32:03,0,74,13,1,0.76953125,0.6171951293945312,0.0,0.04545205272734165,0.04545205272734165,0.0,5,5,0.004395696334540844,0.0,0.00014950893819332123,0.0,0.0
ham18_pattern_mining,2026-03-19T13:32:04,0,75,13,2,0.734375,0.7262095212936401,0.0,0.04223985131829977,0.04223985131829977,0.0,5,5,0.004074922297149897,0.0,0.00014906283468008041,0.0,0.0
ham18_pattern_mining,2026-03-19T13:32:04,0,76,13,3,0.734375,0.6674182415008545,0.0,0.039104437455534935,0.039104437455534935,0.0,5,5,0.003783545922487974,0.0,0.00012689782306551933,0.0,0.0
ham18_pattern_mining,2026-03-19T13:32:05,0,77,13,4,0.69921875,0.7690272331237793,0.0,0.041873292066156864,0.041873292066156864,0.0,5,5,0.004042438231408596,0.0,0.00014489097520709038,0.0,0.0
ham18_pattern_mining,2026-03-19T13:32:05,0,78,13,5,1.0,0.28917232155799866,0.0,0.04266409669071436,0.04266409669071436,0.0,5,5,0.004160203970968723,0.0,0.00010620569810271263,0.0,0.0
ham18_pattern_mining,2026-03-19T13:32:08,1,73,13,0,0.7421875,0.6724848747253418,0.0,0.2183298347517848,0.2183298347517848,0.0,5,5,0.021330856252461672,0.0,0.0005021272227168083,0.0,0.0
ham18_pattern_mining,2026-03-19T13:32:08,1,74,13,1,0.7265625,0.7439925074577332,0.0,0.06342958193272352,0.06342958193272352,0.0,5,5,0.0061578270979225636,0.0,0.00018513109534978867,0.0,0.0
ham18_pattern_mining,2026-03-19T13:32:08,1,75,13,2,0.7734375,0.6137406229972839,0.0,0.04164406098425388,0.04164406098425388,0.0,5,5,0.004025525879114866,0.0,0.00013888021931052208,0.0,0.0
ham18_pattern_mining,2026-03-19T13:32:08,1,76,13,3,0.74609375,0.6516169905662537,0.0,0.03973885904997587,0.03973885904997587,0.0,5,5,0.003846273757517338,0.0,0.0001276121474802494,0.0,0.0
ham18_pattern_mining,2026-03-19T13:32:09,1,77,13,4,0.72265625,0.669302761554718,0.0,0.04225313663482666,0.04225313663482666,0.0,5,5,0.004077939782291651,0.0,0.00014737388119101524,0.0,0.0
ham18_pattern_mining,2026-03-19T13:32:09,1,78,13,5,1.0,0.4139034152030945,0.0,0.04586616065353155,0.04586616065353155,0.0,5,5,0.004484840203076601,0.0,0.00010177586227655411,0.0,0.0
ham18_pattern_mining,2026-03-19T13:32:11,2,73,13,0,0.77734375,0.6122357845306396,0.0,0.13387270271778107,0.13387270271778107,0.0,5,5,0.013055956922471523,0.0,0.0003313133493065834,0.0,0.0
ham18_pattern_mining,2026-03-19T13:32:11,2,74,13,1,0.75390625,0.6539997458457947,0.0,0.0454935384914279,0.0454935384914279,0.0,5,5,0.004392961971461773,0.0,0.00015639187768101692,0.0,0.0
ham18_pattern_mining,2026-03-19T13:32:12,2,75,13,2,0.74609375,0.7376783490180969,0.0,0.04126784857362509,0.04126784857362509,0.0,5,5,0.003990059718489647,0.0,0.00013672513887286186,0.0,0.0
ham18_pattern_mining,2026-03-19T13:32:12,2,76,13,3,0.765625,0.6669065952301025,0.0,0.041795969009399414,0.041795969009399414,0.0,5,5,0.004042075015604496,0.0,0.0001375218853354454,0.0,0.0
ham18_pattern_mining,2026-03-19T13:32:13,2,77,13,4,0.76953125,0.6023895740509033,0.0,0.04168447572737932,0.04168447572737932,0.0,5,5,0.004024094436317682,0.0,0.00014435313642024994,0.0,0.0
ham18_pattern_mining,2026-03-19T13:32:13,2,78,13,5,1.0,0.12992620468139648,0.0,0.04275290295481682,0.04275290295481682,0.0,5,5,0.004175669047981501,0.0,9.96212475001812e-05,0.0,0.0
ham18_pattern_mining,2026-03-19T13:32:15,3,73,13,0,0.80859375,0.5675545930862427,0.0,0.18419841770082712,0.18419841770082712,0.0,5,5,0.01803353987634182,0.0,0.0003863018937408924,0.0,0.0
ham18_pattern_mining,2026-03-19T13:32:16,3,74,13,1,0.71484375,0.6845771074295044,0.0,0.04934452008455992,0.04934452008455992,0.0,5,5,0.0047764950431883335,0.0,0.00015795696526765823,0.0,0.0
ham18_pattern_mining,2026-03-19T13:32:16,3,75,13,2,0.76953125,0.6627143621444702,0.0,0.04102826118469238,0.04102826118469238,0.0,5,5,0.003966190852224827,0.0,0.00013663526624441147,0.0,0.0
ham18_pattern_mining,2026-03-19T13:32:16,3,76,13,3,0.796875,0.5519638061523438,0.0,0.04200020805001259,0.04200020805001259,0.0,5,5,0.00403981888666749,0.0,0.00016020191833376884,0.0,0.0
ham18_pattern_mining,2026-03-19T13:32:17,3,77,13,4,0.80078125,0.601294994354248,0.0,0.042424038983881474,0.042424038983881474,0.0,5,5,0.004099698271602392,0.0,0.00014270562678575516,0.0,0.0
ham18_pattern_mining,2026-03-19T13:32:17,3,78,13,5,1.0,0.2629578411579132,0.0,0.04279480781406164,0.04279480781406164,0.0,5,5,0.004173991736024618,0.0,0.00010548904538154602,0.0,0.0
ham18_pattern_mining,2026-03-19T13:32:20,4,73,13,0,0.7734375,0.5943865776062012,0.0,0.2438571583479643,0.2438571583479643,0.0,5,5,0.02384555572643876,0.0,0.0005401601083576679,0.0,0.0
ham18_pattern_mining,2026-03-19T13:32:20,4,74,13,1,0.76171875,0.7052592039108276,0.0,0.0663944287225604,0.0663944287225604,0.0,5,5,0.006441651843488216,0.0,0.00019779102876782417,0.0,0.0
ham18_pattern_mining,2026-03-19T13:32:20,4,75,13,2,0.7578125,0.6184390783309937,0.0,0.04071031231433153,0.04071031231433153,0.0,5,5,0.003926560282707214,0.0,0.0001444709487259388,0.0,0.0
ham18_pattern_mining,2026-03-19T13:32:20,4,76,13,3,0.74609375,0.7172353267669678,0.0,0.039008865132927895,0.039008865132927895,0.0,5,5,0.003778478130698204,0.0,0.00012240838259458542,0.0,0.0
ham18_pattern_mining,2026-03-19T13:32:21,4,77,13,4,0.73828125,0.67844557762146,0.0,0.043440102599561214,0.043440102599561214,0.0,5,5,0.004199298098683357,0.0,0.0001447121612727642,0.0,0.0
ham18_pattern_mining,2026-03-19T13:32:21,4,78,13,5,1.0,0.18912196159362793,0.0,0.04485622979700565,0.04485622979700565,0.0,5,5,0.004375970922410488,0.0,0.00010965205729007721,0.0,0.0
ham18_pattern_mining,2026-03-19T13:32:28,0,79,14,0,0.81640625,0.5218497514724731,0.0,0.15041942708194256,0.15041942708194256,0.0,5,5,0.014706660993397236,0.0,0.00033528171479701996,0.0,0.0
ham18_pattern_mining,2026-03-19T13:32:29,0,80,14,1,0.75390625,0.5965509414672852,0.0,0.04530650097876787,0.04530650097876787,0.0,5,5,0.004373856354504824,0.0,0.0001567937433719635,0.0,0.0
ham18_pattern_mining,2026-03-19T13:32:29,0,81,14,2,0.74609375,0.6445062160491943,0.0,0.04114953801035881,0.04114953801035881,0.0,5,5,0.003977084998041391,0.0,0.00013786880299448967,0.0,0.0
ham18_pattern_mining,2026-03-19T13:32:29,0,82,14,3,0.7109375,0.7206915616989136,0.0,0.041634165681898594,0.041634165681898594,0.0,5,5,0.004018666222691536,0.0,0.00014475034549832344,0.0,0.0
ham18_pattern_mining,2026-03-19T13:32:30,0,83,14,4,0.765625,0.6393125057220459,0.0,0.04205696750432253,0.04205696750432253,0.0,5,5,0.004060494713485241,0.0,0.00014520203694701195,0.0,0.0
ham18_pattern_mining,2026-03-19T13:32:30,0,84,14,5,0.5,1.2449105978012085,0.0,0.04392764996737242,0.04392764996737242,0.0,5,5,0.004295854363590479,0.0,9.691063314676285e-05,0.0,0.0
ham18_pattern_mining,2026-03-19T13:32:33,1,79,14,0,0.73828125,0.6536552906036377,0.0,0.1952554937452078,0.1952554937452078,0.0,5,5,0.019099122378975153,0.0,0.0004264269955456257,0.0,0.0
ham18_pattern_mining,2026-03-19T13:32:33,1,80,14,1,0.7265625,0.7371530532836914,0.0,0.056213936768472195,0.056213936768472195,0.0,5,5,0.005463761743158102,0.0,0.00015763193368911743,0.0,0.0
ham18_pattern_mining,2026-03-19T13:32:33,1,81,14,2,0.734375,0.6661713123321533,0.0,0.04670756869018078,0.04670756869018078,0.0,5,5,0.004527057055383921,0.0,0.00014369981363415718,0.0,0.0
ham18_pattern_mining,2026-03-19T13:32:33,1,82,14,3,0.7890625,0.5454261302947998,0.0,0.03834993578493595,0.03834993578493595,0.0,5,5,0.0037169083952903748,0.0,0.00011808518320322037,0.0,0.0
ham18_pattern_mining,2026-03-19T13:32:34,1,83,14,4,0.7734375,0.6152608394622803,0.0,0.04196209833025932,0.04196209833025932,0.0,5,5,0.004053162876516581,0.0,0.00014304695650935173,0.0,0.0
ham18_pattern_mining,2026-03-19T13:32:34,1,84,14,5,0.5,0.950121283531189,0.0,0.04416803829371929,0.04416803829371929,0.0,5,5,0.0043160030618309975,0.0,0.0001008007675409317,0.0,0.0
ham18_pattern_mining,2026-03-19T13:32:37,2,79,14,0,0.7578125,0.623537003993988,0.0,0.2123259613290429,0.2123259613290429,0.0,5,5,0.020767807960510254,0.0,0.00046478817239403725,0.0,0.0
ham18_pattern_mining,2026-03-19T13:32:37,2,80,14,1,0.734375,0.661209225654602,0.0,0.05573586095124483,0.05573586095124483,0.0,5,5,0.005408803001046181,0.0,0.00016478309407830238,0.0,0.0
ham18_pattern_mining,2026-03-19T13:32:37,2,81,14,2,0.74609375,0.6800658702850342,0.0,0.04085743334144354,0.04085743334144354,0.0,5,5,0.003954598214477301,0.0,0.00013114511966705322,0.0,0.0
ham18_pattern_mining,2026-03-19T13:32:38,2,82,14,3,0.75390625,0.6114363670349121,0.0,0.038175368681550026,0.038175368681550026,0.0,5,5,0.003694793675094843,0.0,0.00012274319306015968,0.0,0.0
ham18_pattern_mining,2026-03-19T13:32:39,2,83,14,4,0.75,0.7295148372650146,0.0,0.041516744531691074,0.041516744531691074,0.0,5,5,0.0040072547271847725,0.0,0.00014441972598433495,0.0,0.0
ham18_pattern_mining,2026-03-19T13:32:39,2,84,14,5,1.0,0.17910252511501312,0.0,0.04396844655275345,0.04396844655275345,0.0,5,5,0.004297848790884018,0.0,9.89958643913269e-05,0.0,0.0
ham18_pattern_mining,2026-03-19T13:32:41,3,79,14,0,0.796875,0.5491281151771545,0.0,0.14235458336770535,0.14235458336770535,0.0,5,5,0.01393895922228694,0.0,0.0002964991144835949,0.0,0.0
ham18_pattern_mining,2026-03-19T13:32:41,3,80,14,1,0.765625,0.6240408420562744,0.0,0.03845855128020048,0.03845855128020048,0.0,5,5,0.003714973106980324,0.0,0.00013088202103972435,0.0,0.0
ham18_pattern_mining,2026-03-19T13:32:42,3,81,14,2,0.7890625,0.6319434642791748,0.0,0.03068564459681511,0.03068564459681511,0.0,5,5,0.0029510422609746456,0.0,0.00011752219870686531,0.0,0.0
ham18_pattern_mining,2026-03-19T13:32:42,3,82,14,3,0.7734375,0.6119071245193481,0.0,0.03025601152330637,0.03025601152330637,0.0,5,5,0.002919756807386875,0.0,0.00010584434494376183,0.0,0.0
ham18_pattern_mining,2026-03-19T13:32:43,3,83,14,4,0.7734375,0.6921800374984741,0.0,0.03444004338234663,0.03444004338234663,0.0,5,5,0.003313313238322735,0.0,0.00013069109991192818,0.0,0.0
ham18_pattern_mining,2026-03-19T13:32:43,3,84,14,5,1.0,0.16500096023082733,0.0,0.035543511621654034,0.035543511621654034,0.0,5,5,0.0034702811390161514,0.0,8.407002314925194e-05,0.0,0.0
ham18_pattern_mining,2026-03-19T13:32:45,4,79,14,0,0.80859375,0.5654290914535522,0.0,0.13950433116406202,0.13950433116406202,0.0,5,5,0.013635647017508745,0.0,0.0003147860988974571,0.0,0.0
ham18_pattern_mining,2026-03-19T13:32:45,4,80,14,1,0.7578125,0.7151602506637573,0.0,0.05439923144876957,0.05439923144876957,0.0,5,5,0.0052736662328243256,0.0,0.00016625691205263138,0.0,0.0
ham18_pattern_mining,2026-03-19T13:32:45,4,81,14,2,0.75390625,0.6864702105522156,0.0,0.040749101899564266,0.040749101899564266,0.0,5,5,0.0039371768943965435,0.0,0.00013773329555988312,0.0,0.0
ham18_pattern_mining,2026-03-19T13:32:46,4,82,14,3,0.7421875,0.7305440902709961,0.0,0.03938875161111355,0.03938875161111355,0.0,5,5,0.003806774038821459,0.0,0.000132101122289896,0.0,0.0
ham18_pattern_mining,2026-03-19T13:32:47,4,83,14,4,0.8046875,0.54593425989151,0.0,0.042596813291311264,0.042596813291311264,0.0,5,5,0.0041154371574521065,0.0,0.00014424417167901993,0.0,0.0
ham18_pattern_mining,2026-03-19T13:32:47,4,84,14,5,1.0,0.17477205395698547,0.0,0.04389622248709202,0.04389622248709202,0.0,5,5,0.004283064045011997,0.0,0.00010655820369720459,0.0,0.0
ham18_pattern_mining,2026-03-19T13:32:53,0,85,15,0,0.8046875,0.5327621698379517,0.0,0.1900425786152482,0.1900425786152482,0.0,5,5,0.01855509076267481,0.0,0.0004491670988500118,0.0,0.0
ham18_pattern_mining,2026-03-19T13:32:54,0,86,15,1,0.765625,0.6059099435806274,0.0,0.05639661569148302,0.05639661569148302,0.0,5,5,0.005465089809149504,0.0,0.00017457175999879837,0.0,0.0
ham18_pattern_mining,2026-03-19T13:32:54,0,87,15,2,0.73828125,0.6857510805130005,0.0,0.039923577569425106,0.039923577569425106,0.0,5,5,0.00385935977101326,0.0,0.00013299798592925072,0.0,0.0
ham18_pattern_mining,2026-03-19T13:32:54,0,88,15,3,0.734375,0.680537760257721,0.0,0.03920757211744785,0.03920757211744785,0.0,5,5,0.0037831394001841545,0.0,0.0001376178115606308,0.0,0.0
ham18_pattern_mining,2026-03-19T13:32:55,0,89,15,4,0.7890625,0.5838256478309631,0.0,0.04179489333182573,0.04179489333182573,0.0,5,5,0.004039686173200607,0.0,0.00013980315998196602,0.0,0.0
ham18_pattern_mining,2026-03-19T13:32:55,0,90,15,5,0.5,1.362752079963684,0.0,0.04335413686931133,0.04335413686931133,0.0,5,5,0.0042274510487914085,0.0,0.00010796263813972473,0.0,0.0
ham18_pattern_mining,2026-03-19T13:32:57,1,85,15,0,0.765625,0.5833806991577148,0.0,0.22059676703065634,0.22059676703065634,0.0,5,5,0.021547645796090364,0.0,0.0005120309069752693,0.0,0.0
ham18_pattern_mining,2026-03-19T13:32:58,1,86,15,1,0.72265625,0.6708840131759644,0.0,0.05913112312555313,0.05913112312555313,0.0,5,5,0.005739632062613964,0.0,0.00017348024994134903,0.0,0.0
ham18_pattern_mining,2026-03-19T13:32:58,1,87,15,2,0.70703125,0.727919340133667,0.0,0.040019769221544266,0.040019769221544266,0.0,5,5,0.003872605971992016,0.0,0.00012937095016241074,0.0,0.0
ham18_pattern_mining,2026-03-19T13:32:58,1,88,15,3,0.7421875,0.6761131882667542,0.0,0.03894275985658169,0.03894275985658169,0.0,5,5,0.003771573305130005,0.0,0.0001227026805281639,0.0,0.0
ham18_pattern_mining,2026-03-19T13:32:59,1,89,15,4,0.734375,0.7439924478530884,0.0,0.04261890426278114,0.04261890426278114,0.0,5,5,0.004119402263313532,0.0,0.00014248816296458244,0.0,0.0
ham18_pattern_mining,2026-03-19T13:32:59,1,90,15,5,0.5,1.4955353736877441,0.0,0.043329144828021526,0.043329144828021526,0.0,5,5,0.004231883212924004,0.0,0.00010103126987814903,0.0,0.0
ham18_pattern_mining,2026-03-19T13:33:02,2,85,15,0,0.7890625,0.5601457357406616,0.0,0.18652892671525478,0.18652892671525478,0.0,5,5,0.01821626489982009,0.0,0.000436627771705389,0.0,0.0
ham18_pattern_mining,2026-03-19T13:33:02,2,86,15,1,0.73828125,0.6041570901870728,0.0,0.050864433869719505,0.050864433869719505,0.0,5,5,0.004933518823236227,0.0,0.0001529245637357235,0.0,0.0
ham18_pattern_mining,2026-03-19T13:33:02,2,87,15,2,0.75390625,0.6412336826324463,0.0,0.039767795242369175,0.039767795242369175,0.0,5,5,0.003845794592052698,0.0,0.00013098493218421936,0.0,0.0
ham18_pattern_mining,2026-03-19T13:33:02,2,88,15,3,0.734375,0.690847635269165,0.0,0.03902887459844351,0.03902887459844351,0.0,5,5,0.003774748183786869,0.0,0.00012813927605748177,0.0,0.0
ham18_pattern_mining,2026-03-19T13:33:03,2,89,15,4,0.77734375,0.6457516551017761,0.0,0.04228415433317423,0.04228415433317423,0.0,5,5,0.0040769511833786964,0.0,0.00015146424993872643,0.0,0.0
ham18_pattern_mining,2026-03-19T13:33:03,2,90,15,5,0.5,1.5825366973876953,0.0,0.0455786008387804,0.0455786008387804,0.0,5,5,0.0044583529233932495,0.0,9.95071604847908e-05,0.0,0.0
ham18_pattern_mining,2026-03-19T13:33:05,3,85,15,0,0.796875,0.4869096875190735,0.0,0.13850260991603136,0.13850260991603136,0.0,5,5,0.013566656038165092,0.0,0.0002836049534380436,0.0,0.0
ham18_pattern_mining,2026-03-19T13:33:06,3,86,15,1,0.765625,0.6418666839599609,0.0,0.08126015774905682,0.08126015774905682,0.0,5,5,0.007897656876593828,0.0,0.0002283588983118534,0.0,0.0
ham18_pattern_mining,2026-03-19T13:33:06,3,87,15,2,0.75,0.7060946822166443,0.0,0.0671334145590663,0.0671334145590663,0.0,5,5,0.006554493214935064,0.0,0.00015884824097156525,0.0,0.0
ham18_pattern_mining,2026-03-19T13:33:06,3,88,15,3,0.80078125,0.5987957715988159,0.0,0.03866320941597223,0.03866320941597223,0.0,5,5,0.003742388915270567,0.0,0.00012393202632665634,0.0,0.0
ham18_pattern_mining,2026-03-19T13:33:07,3,89,15,4,0.796875,0.5321487784385681,0.0,0.046275616623461246,0.046275616623461246,0.0,5,5,0.004480080679059029,0.0,0.00014748098328709602,0.0,0.0
ham18_pattern_mining,2026-03-19T13:33:07,3,90,15,5,0.5,1.5547399520874023,0.0,0.04323419649153948,0.04323419649153948,0.0,5,5,0.0042091007344424725,0.0,0.00011431891471147537,0.0,0.0
ham18_pattern_mining,2026-03-19T13:33:09,4,85,15,0,0.7578125,0.6719881296157837,0.0,0.14517213217914104,0.14517213217914104,0.0,5,5,0.014223166275769472,0.0,0.00029404694214463234,0.0,0.0
ham18_pattern_mining,2026-03-19T13:33:09,4,86,15,1,0.7109375,0.7196861505508423,0.0,0.04172701854258776,0.04172701854258776,0.0,5,5,0.0040375469252467155,0.0,0.00013515492901206017,0.0,0.0
ham18_pattern_mining,2026-03-19T13:33:10,4,87,15,2,0.765625,0.6437640190124512,0.0,0.04099773243069649,0.04099773243069649,0.0,5,5,0.003966036252677441,0.0,0.0001337369903922081,0.0,0.0
ham18_pattern_mining,2026-03-19T13:33:10,4,88,15,3,0.7890625,0.5735279321670532,0.0,0.04154427908360958,0.04154427908360958,0.0,5,5,0.004014784935861826,0.0,0.00013964297249913216,0.0,0.0
ham18_pattern_mining,2026-03-19T13:33:11,4,89,15,4,0.79296875,0.553538978099823,0.0,0.04301594104617834,0.04301594104617834,0.0,5,5,0.004156032111495733,0.0,0.00014556199312210083,0.0,0.0
ham18_pattern_mining,2026-03-19T13:33:11,4,90,15,5,1.0,0.11313080042600632,0.0,0.046645449474453926,0.046645449474453926,0.0,5,5,0.004557705018669367,0.0,0.00010683992877602577,0.0,0.0
ham18_pattern_mining,2026-03-19T13:33:17,0,91,16,0,0.79296875,0.5823933482170105,0.0,0.21793372463434935,0.21793372463434935,0.0,5,5,0.021249674260616302,0.0,0.0005436982028186321,0.0,0.0
ham18_pattern_mining,2026-03-19T13:33:18,0,92,16,1,0.8046875,0.5631574392318726,0.0,0.07243677042424679,0.07243677042424679,0.0,5,5,0.007039923686534166,0.0,0.00020375335589051247,0.0,0.0
ham18_pattern_mining,2026-03-19T13:33:18,0,93,16,2,0.765625,0.6203688383102417,0.0,0.04006725735962391,0.04006725735962391,0.0,5,5,0.0038701947778463364,0.0,0.00013653095811605453,0.0,0.0
ham18_pattern_mining,2026-03-19T13:33:18,0,94,16,3,0.80078125,0.6056442856788635,0.0,0.03982461057603359,0.03982461057603359,0.0,5,5,0.0038510547019541264,0.0,0.00013140635564923286,0.0,0.0
ham18_pattern_mining,2026-03-19T13:33:19,0,95,16,4,0.7265625,0.6865972280502319,0.0,0.04258973058313131,0.04258973058313131,0.0,5,5,0.004113882314413786,0.0,0.0001450907438993454,0.0,0.0
ham18_pattern_mining,2026-03-19T13:33:19,0,96,16,5,0.5,1.261173129081726,0.0,0.04313540179282427,0.04313540179282427,0.0,5,5,0.004209982231259346,0.0,0.00010355794802308083,0.0,0.0
ham18_pattern_mining,2026-03-19T13:33:22,1,91,16,0,0.78515625,0.5752307176589966,0.0,0.24095119442790747,0.24095119442790747,0.0,5,5,0.02354080928489566,0.0,0.0005543101578950882,0.0,0.0
ham18_pattern_mining,2026-03-19T13:33:22,1,92,16,1,0.76171875,0.5970131158828735,0.0,0.07630303036421537,0.07630303036421537,0.0,5,5,0.007411138620227575,0.0,0.0002191644161939621,0.0,0.0
ham18_pattern_mining,2026-03-19T13:33:22,1,93,16,2,0.73046875,0.6945276260375977,0.0,0.03970316145569086,0.03970316145569086,0.0,5,5,0.0038388753309845924,0.0,0.00013144081458449364,0.0,0.0
ham18_pattern_mining,2026-03-19T13:33:22,1,94,16,3,0.71484375,0.6937462091445923,0.0,0.04145708866417408,0.04145708866417408,0.0,5,5,0.004009769763797522,0.0,0.0001359391026198864,0.0,0.0
ham18_pattern_mining,2026-03-19T13:33:23,1,95,16,4,0.74609375,0.714512050151825,0.0,0.04172076936811209,0.04172076936811209,0.0,5,5,0.004022938199341297,0.0,0.00014913873746991158,0.0,0.0
ham18_pattern_mining,2026-03-19T13:33:23,1,96,16,5,1.0,0.36509186029434204,0.0,0.04459833260625601,0.04459833260625601,0.0,5,5,0.004361286293715239,0.0,9.854696691036224e-05,0.0,0.0
ham18_pattern_mining,2026-03-19T13:33:25,2,91,16,0,0.80078125,0.48909705877304077,0.0,0.14911548234522343,0.14911548234522343,0.0,5,5,0.014623899012804031,0.0,0.0002876492217183113,0.0,0.0
ham18_pattern_mining,2026-03-19T13:33:26,2,92,16,1,0.72265625,0.6864473819732666,0.0,0.058842687867581844,0.058842687867581844,0.0,5,5,0.005719400011003017,0.0,0.000164868775755167,0.0,0.0
ham18_pattern_mining,2026-03-19T13:33:26,2,93,16,2,0.77734375,0.6592895984649658,0.0,0.04096803721040487,0.04096803721040487,0.0,5,5,0.003958116751164198,0.0,0.00013868696987628937,0.0,0.0
ham18_pattern_mining,2026-03-19T13:33:26,2,94,16,3,0.73828125,0.6941372752189636,0.0,0.039690411649644375,0.039690411649644375,0.0,5,5,0.0038392413407564163,0.0,0.00012979982420802116,0.0,0.0
ham18_pattern_mining,2026-03-19T13:33:27,2,95,16,4,0.74609375,0.6303483247756958,0.0,0.042459992691874504,0.042459992691874504,0.0,5,5,0.004098800010979176,0.0,0.00014719925820827484,0.0,0.0
ham18_pattern_mining,2026-03-19T13:33:27,2,96,16,5,0.0,2.9893527030944824,0.0,0.044241282157599926,0.044241282157599926,0.0,5,5,0.00432467320933938,0.0,9.945500642061234e-05,0.0,0.0
ham18_pattern_mining,2026-03-19T13:33:30,3,91,16,0,0.7890625,0.5690703392028809,0.0,0.2462075324729085,0.2462075324729085,0.0,5,5,0.02406934415921569,0.0,0.000551409088075161,0.0,0.0
ham18_pattern_mining,2026-03-19T13:33:30,3,92,16,1,0.75390625,0.6218520402908325,0.0,0.06165980827063322,0.06165980827063322,0.0,5,5,0.0059870039112865925,0.0,0.00017897691577672958,0.0,0.0
ham18_pattern_mining,2026-03-19T13:33:30,3,93,16,2,0.7890625,0.6443171501159668,0.0,0.03983736038208008,0.03983736038208008,0.0,5,5,0.003851796966046095,0.0,0.00013193907216191292,0.0,0.0
ham18_pattern_mining,2026-03-19T13:33:30,3,94,16,3,0.78515625,0.5659676790237427,0.0,0.04006393253803253,0.04006393253803253,0.0,5,5,0.003877057693898678,0.0,0.00012933555990457535,0.0,0.0
ham18_pattern_mining,2026-03-19T13:33:32,3,95,16,4,0.8203125,0.504332423210144,0.0,0.04307144321501255,0.04307144321501255,0.0,5,5,0.004144370090216398,0.0,0.0001627742312848568,0.0,0.0
ham18_pattern_mining,2026-03-19T13:33:32,3,96,16,5,0.0,3.282991886138916,0.0,0.044042267836630344,0.044042267836630344,0.0,5,5,0.004304526839405298,0.0,9.96999442577362e-05,0.0,0.0
ham18_pattern_mining,2026-03-19T13:33:34,4,91,16,0,0.796875,0.5090076923370361,0.0,0.139077827334404,0.139077827334404,0.0,5,5,0.013606040272861719,0.0,0.00030174246057868004,0.0,0.0
ham18_pattern_mining,2026-03-19T13:33:34,4,92,16,1,0.8125,0.5561308860778809,0.0,0.042591216042637825,0.042591216042637825,0.0,5,5,0.004118289332836866,0.0,0.00014083227142691612,0.0,0.0
ham18_pattern_mining,2026-03-19T13:33:35,4,93,16,2,0.76171875,0.618553638458252,0.0,0.04159901291131973,0.04159901291131973,0.0,5,5,0.004019774962216616,0.0,0.0001401263289153576,0.0,0.0
ham18_pattern_mining,2026-03-19T13:33:35,4,94,16,3,0.796875,0.602806806564331,0.0,0.04182666074484587,0.04182666074484587,0.0,5,5,0.00404156232252717,0.0,0.00014110375195741653,0.0,0.0
ham18_pattern_mining,2026-03-19T13:33:36,4,95,16,4,0.6875,0.7643235325813293,0.0,0.042910678312182426,0.042910678312182426,0.0,5,5,0.004148103762418032,0.0,0.00014296406880021095,0.0,0.0
ham18_pattern_mining,2026-03-19T13:33:36,4,96,16,5,1.0,0.1086965948343277,0.0,0.04531404934823513,0.04531404934823513,0.0,5,5,0.004426389932632446,0.0,0.00010501500219106674,0.0,0.0
ham18_pattern_mining,2026-03-19T13:33:43,0,97,17,0,0.8046875,0.5544527769088745,0.0,0.20283544901758432,0.20283544901758432,0.0,5,5,0.019842087756842375,0.0,0.0004414571449160576,0.0,0.0
ham18_pattern_mining,2026-03-19T13:33:43,0,98,17,1,0.79296875,0.5652419328689575,0.0,0.0651785871013999,0.0651785871013999,0.0,5,5,0.0063337949104607105,0.0,0.00018406379967927933,0.0,0.0
ham18_pattern_mining,2026-03-19T13:33:43,0,99,17,2,0.75,0.605407178401947,0.0,0.039279418997466564,0.039279418997466564,0.0,5,5,0.0037952400743961334,0.0,0.000132701825350523,0.0,0.0
ham18_pattern_mining,2026-03-19T13:33:43,0,100,17,3,0.828125,0.5420772433280945,0.0,0.038718897849321365,0.038718897849321365,0.0,5,5,0.003742686938494444,0.0,0.00012920284643769264,0.0,0.0
ham18_pattern_mining,2026-03-19T13:33:44,0,101,17,4,0.76171875,0.7166816592216492,0.0,0.04175224807113409,0.04175224807113409,0.0,5,5,0.00403463514521718,0.0,0.0001405896618962288,0.0,0.0
ham18_pattern_mining,2026-03-19T13:33:44,0,102,17,5,1.0,0.5823318362236023,0.0,0.044177696108818054,0.044177696108818054,0.0,5,5,0.0043212976306676865,0.0,9.647198021411896e-05,0.0,0.0
ham18_pattern_mining,2026-03-19T13:33:47,1,97,17,0,0.8203125,0.5331390500068665,0.0,0.24193561635911465,0.24193561635911465,0.0,5,5,0.02365787886083126,0.0,0.000535682775080204,0.0,0.0
ham18_pattern_mining,2026-03-19T13:33:47,1,98,17,1,0.77734375,0.5484408736228943,0.0,0.06110807880759239,0.06110807880759239,0.0,5,5,0.005931302905082703,0.0,0.00017950497567653656,0.0,0.0
ham18_pattern_mining,2026-03-19T13:33:47,1,99,17,2,0.7578125,0.6451455354690552,0.0,0.04096499178558588,0.04096499178558588,0.0,5,5,0.003953859210014343,0.0,0.00014263996854424477,0.0,0.0
ham18_pattern_mining,2026-03-19T13:33:47,1,100,17,3,0.69921875,0.8048356175422668,0.0,0.04036759026348591,0.04036759026348591,0.0,5,5,0.003908791113644838,0.0,0.00012796791270375252,0.0,0.0
ham18_pattern_mining,2026-03-19T13:33:48,1,101,17,4,0.7421875,0.6552048921585083,0.0,0.041844528168439865,0.041844528168439865,0.0,5,5,0.004039789084345102,0.0,0.0001446637324988842,0.0,0.0
ham18_pattern_mining,2026-03-19T13:33:48,1,102,17,5,0.5,0.5822492241859436,0.0,0.043763210996985435,0.043763210996985435,0.0,5,5,0.004275443963706493,0.0,0.00010087713599205017,0.0,0.0
ham18_pattern_mining,2026-03-19T13:33:51,2,97,17,0,0.8046875,0.503925621509552,0.0,0.2527391957119107,0.2527391957119107,0.0,5,5,0.02472945023328066,0.0,0.0005444693379104137,0.0,0.0
ham18_pattern_mining,2026-03-19T13:33:51,2,98,17,1,0.7734375,0.6362720131874084,0.0,0.0682130316272378,0.0682130316272378,0.0,5,5,0.006603888235986233,0.0,0.00021741492673754692,0.0,0.0
ham18_pattern_mining,2026-03-19T13:33:51,2,99,17,2,0.73828125,0.6501766443252563,0.0,0.048514227382838726,0.048514227382838726,0.0,5,5,0.004711019806563854,0.0,0.0001404029317200184,0.0,0.0
ham18_pattern_mining,2026-03-19T13:33:51,2,100,17,3,0.78125,0.5839838981628418,0.0,0.039788554422557354,0.039788554422557354,0.0,5,5,0.003842308185994625,0.0,0.0001365472562611103,0.0,0.0
ham18_pattern_mining,2026-03-19T13:33:53,2,101,17,4,0.734375,0.7480679750442505,0.0,0.04201813135296106,0.04201813135296106,0.0,5,5,0.00405367324128747,0.0,0.00014813989400863647,0.0,0.0
ham18_pattern_mining,2026-03-19T13:33:53,2,102,17,5,0.5,1.8949103355407715,0.0,0.040706139989197254,0.040706139989197254,0.0,5,5,0.003971450962126255,0.0,9.916303679347038e-05,0.0,0.0
ham18_pattern_mining,2026-03-19T13:33:55,3,97,17,0,0.83203125,0.5220280885696411,0.0,0.22569906432181597,0.22569906432181597,0.0,5,5,0.022019269410520792,0.0,0.0005506370216608047,0.0,0.0
ham18_pattern_mining,2026-03-19T13:33:55,3,98,17,1,0.78515625,0.5823964476585388,0.0,0.06318393163383007,0.06318393163383007,0.0,5,5,0.006137083284556866,0.0,0.00018130987882614136,0.0,0.0
ham18_pattern_mining,2026-03-19T13:33:56,3,99,17,2,0.765625,0.6422028541564941,0.0,0.04142880905419588,0.04142880905419588,0.0,5,5,0.004007563926279545,0.0,0.00013531697914004326,0.0,0.0
ham18_pattern_mining,2026-03-19T13:33:56,3,100,17,3,0.76171875,0.620834469795227,0.0,0.03856194205582142,0.03856194205582142,0.0,5,5,0.003731517121195793,0.0,0.00012467708438634872,0.0,0.0
ham18_pattern_mining,2026-03-19T13:33:57,3,101,17,4,0.76953125,0.6401854753494263,0.0,0.0480439979583025,0.0480439979583025,0.0,5,5,0.004662729799747467,0.0,0.00014166999608278275,0.0,0.0
ham18_pattern_mining,2026-03-19T13:33:57,3,102,17,5,0.0,2.100961446762085,0.0,0.0416016997769475,0.0416016997769475,0.0,5,5,0.00406179903075099,0.0,9.837094694375992e-05,0.0,0.0
ham18_pattern_mining,2026-03-19T13:33:59,4,97,17,0,0.796875,0.5790634155273438,0.0,0.16303942073136568,0.16303942073136568,0.0,5,5,0.015975849237293005,0.0,0.0003280928358435631,0.0,0.0
ham18_pattern_mining,2026-03-19T13:33:59,4,98,17,1,0.73828125,0.6636881828308105,0.0,0.07109720259904861,0.07109720259904861,0.0,5,5,0.0069188810884952545,0.0,0.00019083917140960693,0.0,0.0
ham18_pattern_mining,2026-03-19T13:34:00,4,99,17,2,0.7734375,0.6341460943222046,0.0,0.05721361842006445,0.05721361842006445,0.0,5,5,0.005537706892937422,0.0,0.00018365494906902313,0.0,0.0
ham18_pattern_mining,2026-03-19T13:34:00,4,100,17,3,0.828125,0.4877151846885681,0.0,0.04233545158058405,0.04233545158058405,0.0,5,5,0.004098966252058744,0.0,0.0001345789059996605,0.0,0.0
ham18_pattern_mining,2026-03-19T13:34:01,4,101,17,4,0.76171875,0.649459958076477,0.0,0.041704559698700905,0.041704559698700905,0.0,5,5,0.004029315896332264,0.0,0.00014114007353782654,0.0,0.0
ham18_pattern_mining,2026-03-19T13:34:01,4,102,17,5,0.0,2.9300084114074707,0.0,0.045392271131277084,0.045392271131277084,0.0,5,5,0.004432854242622852,0.0,0.00010637287050485611,0.0,0.0
ham18_pattern_mining,2026-03-19T13:34:08,0,103,18,0,0.79296875,0.5886401534080505,0.0,0.16995132435113192,0.16995132435113192,0.0,5,5,0.016600897070020437,0.0,0.00039423536509275436,0.0,0.0
ham18_pattern_mining,2026-03-19T13:34:08,0,104,18,1,0.79296875,0.5868090391159058,0.0,0.055588092654943466,0.055588092654943466,0.0,5,5,0.005393028259277344,0.0,0.00016578100621700287,0.0,0.0
ham18_pattern_mining,2026-03-19T13:34:08,0,105,18,2,0.75390625,0.6506375670433044,0.0,0.03506242763251066,0.03506242763251066,0.0,5,5,0.0033871810883283615,0.0,0.0001190616749227047,0.0,0.0
ham18_pattern_mining,2026-03-19T13:34:08,0,106,18,3,0.76953125,0.5989809036254883,0.0,0.03369858022779226,0.03369858022779226,0.0,5,5,0.0032552736811339855,0.0,0.00011458434164524078,0.0,0.0
ham18_pattern_mining,2026-03-19T13:34:09,0,107,18,4,0.77734375,0.578213632106781,0.0,0.03330952022224665,0.03330952022224665,0.0,5,5,0.0032064756378531456,0.0,0.0001244763843715191,0.0,0.0
ham18_pattern_mining,2026-03-19T13:34:09,0,108,18,5,1.0,0.2323441356420517,0.0,0.03460288047790527,0.03460288047790527,0.0,5,5,0.0033827531151473522,0.0,7.753493264317513e-05,0.0,0.0
ham18_pattern_mining,2026-03-19T13:34:12,1,103,18,0,0.78515625,0.5429576635360718,0.0,0.13228920754045248,0.13228920754045248,0.0,5,5,0.012946296948939562,0.0,0.0002826238051056862,0.0,0.0
ham18_pattern_mining,2026-03-19T13:34:12,1,104,18,1,0.7734375,0.5628259181976318,0.0,0.037276726216077805,0.037276726216077805,0.0,5,5,0.003594278823584318,0.0,0.0001333937980234623,0.0,0.0
ham18_pattern_mining,2026-03-19T13:34:12,1,105,18,2,0.7109375,0.6749910116195679,0.0,0.04004986956715584,0.04004986956715584,0.0,5,5,0.003872866276651621,0.0,0.00013212068006396294,0.0,0.0
ham18_pattern_mining,2026-03-19T13:34:12,1,106,18,3,0.79296875,0.5713659524917603,0.0,0.033453539945185184,0.033453539945185184,0.0,5,5,0.003230710979551077,0.0,0.00011464301496744156,0.0,0.0
ham18_pattern_mining,2026-03-19T13:34:13,1,107,18,4,0.765625,0.66633141040802,0.0,0.03315018955618143,0.03315018955618143,0.0,5,5,0.0031907260417938232,0.0,0.00012429291382431984,0.0,0.0
ham18_pattern_mining,2026-03-19T13:34:13,1,108,18,5,1.0,0.2207498401403427,0.0,0.03397544380277395,0.03397544380277395,0.0,5,5,0.003311307169497013,0.0,8.623721078038216e-05,0.0,0.0
ham18_pattern_mining,2026-03-19T13:34:16,2,103,18,0,0.7734375,0.5624740719795227,0.0,0.13403032440692186,0.13403032440692186,0.0,5,5,0.013109714724123478,0.0,0.0002933177165687084,0.0,0.0
ham18_pattern_mining,2026-03-19T13:34:16,2,104,18,1,0.76953125,0.5681577920913696,0.0,0.04092116840183735,0.04092116840183735,0.0,5,5,0.003955165855586529,0.0,0.00013695098459720612,0.0,0.0
ham18_pattern_mining,2026-03-19T13:34:16,2,105,18,2,0.80078125,0.5850934982299805,0.0,0.04116252064704895,0.04116252064704895,0.0,5,5,0.003977684769779444,0.0,0.00013856729492545128,0.0,0.0
ham18_pattern_mining,2026-03-19T13:34:16,2,106,18,3,0.7265625,0.6847356557846069,0.0,0.039014266803860664,0.039014266803860664,0.0,5,5,0.0037768529728055,0.0,0.0001245737075805664,0.0,0.0
ham18_pattern_mining,2026-03-19T13:34:17,2,107,18,4,0.76953125,0.6194478273391724,0.0,0.04160115960985422,0.04160115960985422,0.0,5,5,0.004020135849714279,0.0,0.00013998011127114296,0.0,0.0
ham18_pattern_mining,2026-03-19T13:34:17,2,108,18,5,0.0,2.1530983448028564,0.0,0.043706316500902176,0.043706316500902176,0.0,5,5,0.004272254649549723,0.0,9.837700054049492e-05,0.0,0.0
ham18_pattern_mining,2026-03-19T13:34:20,3,103,18,0,0.84375,0.47121572494506836,0.0,0.16205549240112305,0.16205549240112305,0.0,5,5,0.015842936001718044,0.0,0.0003626132383942604,0.0,0.0
ham18_pattern_mining,2026-03-19T13:34:20,3,104,18,1,0.72265625,0.7065097093582153,0.0,0.044906982220709324,0.044906982220709324,0.0,5,5,0.004344921093434095,0.0,0.000145777128636837,0.0,0.0
ham18_pattern_mining,2026-03-19T13:34:20,3,105,18,2,0.75390625,0.7089123129844666,0.0,0.03429907374083996,0.03429907374083996,0.0,5,5,0.003315709065645933,0.0,0.00011419830843806267,0.0,0.0
ham18_pattern_mining,2026-03-19T13:34:20,3,106,18,3,0.7890625,0.576483964920044,0.0,0.032838769257068634,0.032838769257068634,0.0,5,5,0.0031666518189013004,0.0,0.00011722510680556297,0.0,0.0
ham18_pattern_mining,2026-03-19T13:34:21,3,107,18,4,0.82421875,0.5353410243988037,0.0,0.03308878280222416,0.03308878280222416,0.0,5,5,0.0031913602724671364,0.0,0.00011751800775527954,0.0,0.0
ham18_pattern_mining,2026-03-19T13:34:21,3,108,18,5,0.5,0.614952564239502,0.0,0.03468239214271307,0.03468239214271307,0.0,5,5,0.0033683162182569504,0.0,9.992299601435661e-05,0.0,0.0
ham18_pattern_mining,2026-03-19T13:34:24,4,103,18,0,0.8125,0.5496837496757507,0.0,0.14245332218706608,0.14245332218706608,0.0,5,5,0.013921351172029972,0.0,0.00032398104667663574,0.0,0.0
ham18_pattern_mining,2026-03-19T13:34:24,4,104,18,1,0.69921875,0.6760662794113159,0.0,0.04404818173497915,0.04404818173497915,0.0,5,5,0.004256234969943762,0.0,0.00014858320355415344,0.0,0.0
ham18_pattern_mining,2026-03-19T13:34:24,4,105,18,2,0.796875,0.5698617696762085,0.0,0.03296392969787121,0.03296392969787121,0.0,5,5,0.0031920960173010826,0.0,0.00010429695248603821,0.0,0.0
ham18_pattern_mining,2026-03-19T13:34:24,4,106,18,3,0.7421875,0.6669772863388062,0.0,0.031140069477260113,0.031140069477260113,0.0,5,5,0.0029956381767988205,0.0,0.00011836877092719078,0.0,0.0
ham18_pattern_mining,2026-03-19T13:34:25,4,107,18,4,0.796875,0.6051687002182007,0.0,0.041500600054860115,0.041500600054860115,0.0,5,5,0.00400971807539463,0.0,0.00014034193009138107,0.0,0.0
ham18_pattern_mining,2026-03-19T13:34:25,4,108,18,5,1.0,0.13310962915420532,0.0,0.044612810015678406,0.044612810015678406,0.0,5,5,0.004357004072517157,0.0,0.00010427692905068398,0.0,0.0
ham18_pattern_mining,2026-03-19T13:34:32,0,109,19,0,0.79296875,0.5808422565460205,0.0,0.24012737907469273,0.24012737907469273,0.0,5,5,0.023460110649466515,0.0,0.000552627258002758,0.0,0.0
ham18_pattern_mining,2026-03-19T13:34:32,0,110,19,1,0.7734375,0.5524193048477173,0.0,0.06738065741956234,0.06738065741956234,0.0,5,5,0.006541486829519272,0.0,0.00019657891243696213,0.0,0.0
ham18_pattern_mining,2026-03-19T13:34:32,0,111,19,2,0.76171875,0.6396620273590088,0.0,0.039432658813893795,0.039432658813893795,0.0,5,5,0.0038138311356306076,0.0,0.0001294347457587719,0.0,0.0
ham18_pattern_mining,2026-03-19T13:34:32,0,112,19,3,0.80078125,0.5294215679168701,0.0,0.039270841516554356,0.039270841516554356,0.0,5,5,0.00379849411547184,0.0,0.00012859003618359566,0.0,0.0
ham18_pattern_mining,2026-03-19T13:34:34,0,113,19,4,0.76953125,0.615410566329956,0.0,0.042984592728316784,0.042984592728316784,0.0,5,5,0.00413504708558321,0.0,0.0001634121872484684,0.0,0.0
ham18_pattern_mining,2026-03-19T13:34:34,0,114,19,5,0.5,0.5802980661392212,0.0,0.045244479551911354,0.045244479551911354,0.0,5,5,0.00440625986084342,0.0,0.00011818809434771538,0.0,0.0
ham18_pattern_mining,2026-03-19T13:34:36,1,109,19,0,0.7578125,0.6081954836845398,0.0,0.24671138264238834,0.24671138264238834,0.0,5,5,0.02413069223985076,0.0,0.0005404460243880749,0.0,0.0
ham18_pattern_mining,2026-03-19T13:34:36,1,110,19,1,0.78515625,0.5708324313163757,0.0,0.06536263041198254,0.06536263041198254,0.0,5,5,0.006345003843307495,0.0,0.00019125919789075851,0.0,0.0
ham18_pattern_mining,2026-03-19T13:34:37,1,111,19,2,0.76171875,0.6480934619903564,0.0,0.040274220518767834,0.040274220518767834,0.0,5,5,0.0038928049616515636,0.0,0.00013461709022521973,0.0,0.0
ham18_pattern_mining,2026-03-19T13:34:37,1,112,19,3,0.80078125,0.546656608581543,0.0,0.03888681065291166,0.03888681065291166,0.0,5,5,0.0037649329751729965,0.0,0.00012374809011816978,0.0,0.0
ham18_pattern_mining,2026-03-19T13:34:38,1,113,19,4,0.76953125,0.6456677913665771,0.0,0.04157785791903734,0.04157785791903734,0.0,5,5,0.004016389138996601,0.0,0.0001413966529071331,0.0,0.0
ham18_pattern_mining,2026-03-19T13:34:38,1,114,19,5,0.5,0.8620338439941406,0.0,0.044196220114827156,0.044196220114827156,0.0,5,5,0.004303256049752235,0.0,0.0001163659617304802,0.0,0.0
ham18_pattern_mining,2026-03-19T13:34:41,2,109,19,0,0.7578125,0.6125637888908386,0.0,0.24097985122352839,0.24097985122352839,0.0,5,5,0.023540103808045387,0.0,0.0005578813143074512,0.0,0.0
ham18_pattern_mining,2026-03-19T13:34:41,2,110,19,1,0.75390625,0.6322042942047119,0.0,0.0657831272110343,0.0657831272110343,0.0,5,5,0.006392326671630144,0.0,0.00018598604947328568,0.0,0.0
ham18_pattern_mining,2026-03-19T13:34:41,2,111,19,2,0.71484375,0.6891957521438599,0.0,0.0402603205293417,0.0402603205293417,0.0,5,5,0.003890756983309984,0.0,0.00013527506962418556,0.0,0.0
ham18_pattern_mining,2026-03-19T13:34:41,2,112,19,3,0.796875,0.5421517491340637,0.0,0.03976660780608654,0.03976660780608654,0.0,5,5,0.003840196877717972,0.0,0.00013646390289068222,0.0,0.0
ham18_pattern_mining,2026-03-19T13:34:42,2,113,19,4,0.84375,0.48193323612213135,0.0,0.041565350256860256,0.041565350256860256,0.0,5,5,0.004018204286694527,0.0,0.00013833073899149895,0.0,0.0
ham18_pattern_mining,2026-03-19T13:34:42,2,114,19,5,0.5,0.6271754503250122,0.0,0.04407992120832205,0.04407992120832205,0.0,5,5,0.004290305078029633,0.0,0.00011768704280257225,0.0,0.0
ham18_pattern_mining,2026-03-19T13:34:45,3,109,19,0,0.81640625,0.5224952697753906,0.0,0.25390490889549255,0.25390490889549255,0.0,5,5,0.024747127201408148,0.0,0.0006433636881411076,0.0,0.0
ham18_pattern_mining,2026-03-19T13:34:45,3,110,19,1,0.7890625,0.5445607304573059,0.0,0.07115953136235476,0.07115953136235476,0.0,5,5,0.006905331742018461,0.0,0.0002106213942170143,0.0,0.0
ham18_pattern_mining,2026-03-19T13:34:45,3,111,19,2,0.7890625,0.542561948299408,0.0,0.04116527270525694,0.04116527270525694,0.0,5,5,0.003979322966188192,0.0,0.00013720430433750153,0.0,0.0
ham18_pattern_mining,2026-03-19T13:34:45,3,112,19,3,0.77734375,0.5535896420478821,0.0,0.03859414253383875,0.03859414253383875,0.0,5,5,0.003734635654836893,0.0,0.0001247785985469818,0.0,0.0
ham18_pattern_mining,2026-03-19T13:34:46,3,113,19,4,0.7890625,0.6231366991996765,0.0,0.04188080318272114,0.04188080318272114,0.0,5,5,0.004044658970087767,0.0,0.00014342134818434715,0.0,0.0
ham18_pattern_mining,2026-03-19T13:34:46,3,114,19,5,0.5,0.6478825807571411,0.0,0.04281060770153999,0.04281060770153999,0.0,5,5,0.004179894924163818,0.0,0.00010116584599018097,0.0,0.0
ham18_pattern_mining,2026-03-19T13:34:49,4,109,19,0,0.83203125,0.49290817975997925,0.0,0.14015006832778454,0.14015006832778454,0.0,5,5,0.013685815036296844,0.0,0.00032919179648160934,0.0,0.0
ham18_pattern_mining,2026-03-19T13:34:49,4,110,19,1,0.734375,0.6882545948028564,0.0,0.05287998355925083,0.05287998355925083,0.0,5,5,0.005135202314704657,0.0,0.00015279604122042656,0.0,0.0
ham18_pattern_mining,2026-03-19T13:34:49,4,111,19,2,0.78125,0.5623464584350586,0.0,0.04525864962488413,0.04525864962488413,0.0,5,5,0.004387275315821171,0.0,0.00013858964666724205,0.0,0.0
ham18_pattern_mining,2026-03-19T13:34:49,4,112,19,3,0.7734375,0.6556127071380615,0.0,0.04049091134220362,0.04049091134220362,0.0,5,5,0.003916942048817873,0.0,0.0001321490854024887,0.0,0.0
ham18_pattern_mining,2026-03-19T13:34:50,4,113,19,4,0.73828125,0.6366421580314636,0.0,0.04184857942163944,0.04184857942163944,0.0,5,5,0.0040405429899692535,0.0,0.0001443149521946907,0.0,0.0
ham18_pattern_mining,2026-03-19T13:34:50,4,114,19,5,0.0,2.8609485626220703,0.0,0.045208618976175785,0.045208618976175785,0.0,5,5,0.004399124067276716,0.0,0.00012173783034086227,0.0,0.0
ham18_pattern_mining,2026-03-19T13:34:57,0,115,20,0,0.80078125,0.5329960584640503,0.0,0.13923743274062872,0.13923743274062872,0.0,5,5,0.01361845014616847,0.0,0.00030529312789440155,0.0,0.0
ham18_pattern_mining,2026-03-19T13:34:57,0,116,20,1,0.75390625,0.6538374423980713,0.0,0.08714616764336824,0.08714616764336824,0.0,5,5,0.008479794021695852,0.0,0.00023482274264097214,0.0,0.0
ham18_pattern_mining,2026-03-19T13:34:57,0,117,20,2,0.77734375,0.5248140096664429,0.0,0.04621642641723156,0.04621642641723156,0.0,5,5,0.004462061915546656,0.0,0.00015958072617650032,0.0,0.0
ham18_pattern_mining,2026-03-19T13:34:57,0,118,20,3,0.7734375,0.5901788473129272,0.0,0.03896965645253658,0.03896965645253658,0.0,5,5,0.003771164920181036,0.0,0.0001258007250726223,0.0,0.0
ham18_pattern_mining,2026-03-19T13:34:58,0,119,20,4,0.78515625,0.5848134756088257,0.0,0.041938102804124355,0.041938102804124355,0.0,5,5,0.0040402840822935104,0.0,0.0001535261981189251,0.0,0.0
ham18_pattern_mining,2026-03-19T13:34:58,0,120,20,5,1.0,0.22976575791835785,0.0,0.0420991238206625,0.0420991238206625,0.0,5,5,0.0041114757768809795,0.0,9.843660518527031e-05,0.0,0.0
ham18_pattern_mining,2026-03-19T13:35:01,1,115,20,0,0.7578125,0.6062015891075134,0.0,0.24455148726701736,0.24455148726701736,0.0,5,5,0.02395408460870385,0.0,0.0005010641179978848,0.0,0.0
ham18_pattern_mining,2026-03-19T13:35:01,1,116,20,1,0.7578125,0.6175631880760193,0.0,0.0529596908017993,0.0529596908017993,0.0,5,5,0.005125106777995825,0.0,0.00017086230218410492,0.0,0.0
ham18_pattern_mining,2026-03-19T13:35:01,1,117,20,2,0.75,0.6561571359634399,0.0,0.039132325910031796,0.039132325910031796,0.0,5,5,0.0037860297597944736,0.0,0.0001272028312087059,0.0,0.0
ham18_pattern_mining,2026-03-19T13:35:01,1,118,20,3,0.81640625,0.5119603872299194,0.0,0.03869891632348299,0.03869891632348299,0.0,5,5,0.003744418267160654,0.0,0.00012547336518764496,0.0,0.0
ham18_pattern_mining,2026-03-19T13:35:03,1,119,20,4,0.83203125,0.5589444041252136,0.0,0.04155213013291359,0.04155213013291359,0.0,5,5,0.004014187026768923,0.0,0.00014102598652243614,0.0,0.0
ham18_pattern_mining,2026-03-19T13:35:03,1,120,20,5,0.5,1.2497812509536743,0.0,0.04519473295658827,0.04519473295658827,0.0,5,5,0.004400057252496481,0.0,0.00011941604316234589,0.0,0.0
ham18_pattern_mining,2026-03-19T13:35:05,2,115,20,0,0.8125,0.4878576993942261,0.0,0.1976815378293395,0.1976815378293395,0.0,5,5,0.01926594879478216,0.0,0.0005022049881517887,0.0,0.0
ham18_pattern_mining,2026-03-19T13:35:05,2,116,20,1,0.7578125,0.6313824653625488,0.0,0.058410088531672955,0.058410088531672955,0.0,5,5,0.00566858472302556,0.0,0.00017242413014173508,0.0,0.0
ham18_pattern_mining,2026-03-19T13:35:05,2,117,20,2,0.78125,0.6013436913490295,0.0,0.039038779214024544,0.039038779214024544,0.0,5,5,0.0037799510173499584,0.0,0.00012392690405249596,0.0,0.0
ham18_pattern_mining,2026-03-19T13:35:05,2,118,20,3,0.74609375,0.6595382690429688,0.0,0.03932570107281208,0.03932570107281208,0.0,5,5,0.0038091111928224564,0.0,0.00012345891445875168,0.0,0.0
ham18_pattern_mining,2026-03-19T13:35:07,2,119,20,4,0.8125,0.5374644994735718,0.0,0.04169444553554058,0.04169444553554058,0.0,5,5,0.004020416643470526,0.0,0.00014902791008353233,0.0,0.0
ham18_pattern_mining,2026-03-19T13:35:07,2,120,20,5,0.5,1.5593562126159668,0.0,0.041984813287854195,0.041984813287854195,0.0,5,5,0.004101504106074572,0.0,9.697722271084785e-05,0.0,0.0
ham18_pattern_mining,2026-03-19T13:35:09,3,115,20,0,0.796875,0.5578508973121643,0.0,0.17745629884302616,0.17745629884302616,0.0,5,5,0.017329629976302385,0.0,0.0004159999080002308,0.0,0.0
ham18_pattern_mining,2026-03-19T13:35:09,3,116,20,1,0.77734375,0.6131036281585693,0.0,0.051356847397983074,0.051356847397983074,0.0,5,5,0.004978445824235678,0.0,0.0001572389155626297,0.0,0.0
ham18_pattern_mining,2026-03-19T13:35:10,3,117,20,2,0.83203125,0.477122962474823,0.0,0.04099623765796423,0.04099623765796423,0.0,5,5,0.003963155671954155,0.0,0.000136468093842268,0.0,0.0
ham18_pattern_mining,2026-03-19T13:35:10,3,118,20,3,0.78515625,0.5723571181297302,0.0,0.04013424273580313,0.04013424273580313,0.0,5,5,0.0038729882799088955,0.0,0.00014043599367141724,0.0,0.0
ham18_pattern_mining,2026-03-19T13:35:11,3,119,20,4,0.77734375,0.6022244691848755,0.0,0.033257617615163326,0.033257617615163326,0.0,5,5,0.0032046418637037277,0.0,0.0001211198978126049,0.0,0.0
ham18_pattern_mining,2026-03-19T13:35:11,3,120,20,5,1.0,0.33697617053985596,0.0,0.034635281190276146,0.034635281190276146,0.0,5,5,0.003358527086675167,0.0,0.00010500103235244751,0.0,0.0
ham18_pattern_mining,2026-03-19T13:35:13,4,115,20,0,0.8515625,0.48160603642463684,0.0,0.2195270312950015,0.2195270312950015,0.0,5,5,0.02145752916112542,0.0,0.0004951739683747292,0.0,0.0
ham18_pattern_mining,2026-03-19T13:35:13,4,116,20,1,0.76953125,0.587242603302002,0.0,0.05970317870378494,0.05970317870378494,0.0,5,5,0.005793551914393902,0.0,0.00017676595598459244,0.0,0.0
ham18_pattern_mining,2026-03-19T13:35:14,4,117,20,2,0.7734375,0.6523324251174927,0.0,0.04189289174973965,0.04189289174973965,0.0,5,5,0.00405106833204627,0.0,0.00013822084292769432,0.0,0.0
ham18_pattern_mining,2026-03-19T13:35:14,4,118,20,3,0.78515625,0.5955145359039307,0.0,0.03945333883166313,0.03945333883166313,0.0,5,5,0.003804018720984459,0.0,0.00014131516218185425,0.0,0.0
ham18_pattern_mining,2026-03-19T13:35:15,4,119,20,4,0.78125,0.5926728248596191,0.0,0.04201021511107683,0.04201021511107683,0.0,5,5,0.004055957775563002,0.0,0.00014506373554468155,0.0,0.0
ham18_pattern_mining,2026-03-19T13:35:15,4,120,20,5,0.0,4.177591323852539,0.0,0.046557155437767506,0.046557155437767506,0.0,5,5,0.0045318566262722015,0.0,0.00012385891750454903,0.0,0.0
ham18_pattern_mining,2026-03-19T13:35:22,0,121,21,0,0.7890625,0.5648807287216187,0.0,0.14225963037461042,0.14225963037461042,0.0,5,5,0.013944031205028296,0.0,0.0002819318324327469,0.0,0.0
ham18_pattern_mining,2026-03-19T13:35:22,0,122,21,1,0.84375,0.4697917103767395,0.0,0.04181053955107927,0.04181053955107927,0.0,5,5,0.00404558889567852,0.0,0.00013546505942940712,0.0,0.0
ham18_pattern_mining,2026-03-19T13:35:22,0,123,21,2,0.79296875,0.5912008285522461,0.0,0.04111500922590494,0.04111500922590494,0.0,5,5,0.00398480799049139,0.0,0.00012669293209910393,0.0,0.0
ham18_pattern_mining,2026-03-19T13:35:22,0,124,21,3,0.78515625,0.5397316217422485,0.0,0.03957225475460291,0.03957225475460291,0.0,5,5,0.003831057343631983,0.0,0.0001261681318283081,0.0,0.0
ham18_pattern_mining,2026-03-19T13:35:24,0,125,21,4,0.7890625,0.5714257955551147,0.0,0.04173389635980129,0.04173389635980129,0.0,5,5,0.004034559708088636,0.0,0.00013882992789149284,0.0,0.0
ham18_pattern_mining,2026-03-19T13:35:24,0,126,21,5,0.5,2.550185441970825,0.0,0.042598540894687176,0.042598540894687176,0.0,5,5,0.004154004156589508,0.0,0.00010584993287920952,0.0,0.0
ham18_pattern_mining,2026-03-19T13:35:26,1,121,21,0,0.8203125,0.48092353343963623,0.0,0.16137375961989164,0.16137375961989164,0.0,5,5,0.015772556886076927,0.0,0.00036481907591223717,0.0,0.0
ham18_pattern_mining,2026-03-19T13:35:26,1,122,21,1,0.70703125,0.764613687992096,0.0,0.05119801964610815,0.05119801964610815,0.0,5,5,0.004938672762364149,0.0,0.00018112920224666595,0.0,0.0
ham18_pattern_mining,2026-03-19T13:35:26,1,123,21,2,0.75390625,0.6346441507339478,0.0,0.03919413313269615,0.03919413313269615,0.0,5,5,0.003796800971031189,0.0,0.0001226123422384262,0.0,0.0
ham18_pattern_mining,2026-03-19T13:35:26,1,124,21,3,0.80859375,0.5586421489715576,0.0,0.038498896174132824,0.038498896174132824,0.0,5,5,0.003724627662450075,0.0,0.00012526195496320724,0.0,0.0
ham18_pattern_mining,2026-03-19T13:35:28,1,125,21,4,0.734375,0.6670966744422913,0.0,0.041159107349812984,0.041159107349812984,0.0,5,5,0.003975871950387955,0.0,0.00014003878459334373,0.0,0.0
ham18_pattern_mining,2026-03-19T13:35:28,1,126,21,5,0.5,2.0310237407684326,0.0,0.04227220546454191,0.04227220546454191,0.0,5,5,0.004122194368392229,0.0,0.00010502617806196213,0.0,0.0
ham18_pattern_mining,2026-03-19T13:35:31,2,121,21,0,0.84375,0.45482659339904785,0.0,0.24014195892959833,0.24014195892959833,0.0,5,5,0.023448240011930466,0.0,0.0005659558810293674,0.0,0.0
ham18_pattern_mining,2026-03-19T13:35:31,2,122,21,1,0.75,0.6948897838592529,0.0,0.06598432548344135,0.06598432548344135,0.0,5,5,0.006400244776159525,0.0,0.00019818777218461037,0.0,0.0
ham18_pattern_mining,2026-03-19T13:35:31,2,123,21,2,0.7890625,0.5552390813827515,0.0,0.036421092227101326,0.036421092227101326,0.0,5,5,0.003522630315274,0.0,0.00011947890743613243,0.0,0.0
ham18_pattern_mining,2026-03-19T13:35:31,2,124,21,3,0.7890625,0.558265209197998,0.0,0.031850291416049004,0.031850291416049004,0.0,5,5,0.0030706259422004223,0.0,0.00011440319940447807,0.0,0.0
ham18_pattern_mining,2026-03-19T13:35:32,2,125,21,4,0.73828125,0.6692983508110046,0.0,0.033065881580114365,0.033065881580114365,0.0,5,5,0.003187716007232666,0.0,0.00011887215077877045,0.0,0.0
ham18_pattern_mining,2026-03-19T13:35:32,2,126,21,5,0.5,0.7625568509101868,0.0,0.035010664723813534,0.035010664723813534,0.0,5,5,0.003422756213694811,0.0,7.831025868654251e-05,0.0,0.0
ham18_pattern_mining,2026-03-19T13:35:35,3,121,21,0,0.8203125,0.4909670948982239,0.0,0.2055576117709279,0.2055576117709279,0.0,5,5,0.020136873237788677,0.0,0.0004188879393041134,0.0,0.0
ham18_pattern_mining,2026-03-19T13:35:35,3,122,21,1,0.796875,0.5290101766586304,0.0,0.054108439944684505,0.054108439944684505,0.0,5,5,0.005241937004029751,0.0,0.00016890699043869972,0.0,0.0
ham18_pattern_mining,2026-03-19T13:35:35,3,123,21,2,0.7578125,0.6255680322647095,0.0,0.038403929211199284,0.038403929211199284,0.0,5,5,0.0037152660079300404,0.0,0.000125126913189888,0.0,0.0
ham18_pattern_mining,2026-03-19T13:35:35,3,124,21,3,0.73828125,0.656745195388794,0.0,0.040076738223433495,0.040076738223433495,0.0,5,5,0.003882656805217266,0.0,0.00012501701712608337,0.0,0.0
ham18_pattern_mining,2026-03-19T13:35:37,3,125,21,4,0.79296875,0.5249590873718262,0.0,0.04379234276711941,0.04379234276711941,0.0,5,5,0.004237091168761253,0.0,0.0001421431079506874,0.0,0.0
ham18_pattern_mining,2026-03-19T13:35:37,3,126,21,5,1.0,0.19185513257980347,0.0,0.04213440231978893,0.04213440231978893,0.0,5,5,0.004115574061870575,0.0,9.786617010831833e-05,0.0,0.0
ham18_pattern_mining,2026-03-19T13:35:40,4,121,21,0,0.80078125,0.5753439664840698,0.0,0.24371487088501453,0.24371487088501453,0.0,5,5,0.023800950963050127,0.0,0.0005705361254513264,0.0,0.0
ham18_pattern_mining,2026-03-19T13:35:40,4,122,21,1,0.7734375,0.626258134841919,0.0,0.06647282745689154,0.06647282745689154,0.0,5,5,0.0064605530351400375,0.0,0.00018672971054911613,0.0,0.0
ham18_pattern_mining,2026-03-19T13:35:40,4,123,21,2,0.76953125,0.6005448698997498,0.0,0.03935580141842365,0.03935580141842365,0.0,5,5,0.0038084392435848713,0.0,0.00012714089825749397,0.0,0.0
ham18_pattern_mining,2026-03-19T13:35:40,4,124,21,3,0.82421875,0.46205127239227295,0.0,0.03862025681883097,0.03862025681883097,0.0,5,5,0.003738640807569027,0.0,0.00012338487431406975,0.0,0.0
ham18_pattern_mining,2026-03-19T13:35:41,4,125,21,4,0.75390625,0.6194136142730713,0.0,0.041877878829836845,0.041877878829836845,0.0,5,5,0.0040444498881697655,0.0,0.00014333799481391907,0.0,0.0
ham18_pattern_mining,2026-03-19T13:35:41,4,126,21,5,1.0,0.10009992122650146,0.0,0.043449755758047104,0.043449755758047104,0.0,5,5,0.004235116299241781,0.0,0.00010985927656292915,0.0,0.0
ham18_pattern_mining,2026-03-19T13:35:48,0,127,22,0,0.82421875,0.49804824590682983,0.0,0.17975325230509043,0.17975325230509043,0.0,5,5,0.01754069607704878,0.0,0.0004346291534602642,0.0,0.0
ham18_pattern_mining,2026-03-19T13:35:48,0,128,22,1,0.7578125,0.6147051453590393,0.0,0.04788503050804138,0.04788503050804138,0.0,5,5,0.004633992910385132,0.0,0.00015451014041900635,0.0,0.0
ham18_pattern_mining,2026-03-19T13:35:48,0,129,22,2,0.78515625,0.6013426780700684,0.0,0.0438245665282011,0.0438245665282011,0.0,5,5,0.00423226086422801,0.0,0.00015019578859210014,0.0,0.0
ham18_pattern_mining,2026-03-19T13:35:48,0,130,22,3,0.8203125,0.524058997631073,0.0,0.04115018993616104,0.04115018993616104,0.0,5,5,0.003981951158493757,0.0,0.00013306783512234688,0.0,0.0
ham18_pattern_mining,2026-03-19T13:35:49,0,131,22,4,0.81640625,0.5024233460426331,0.0,0.042435238137841225,0.042435238137841225,0.0,5,5,0.004088361747562885,0.0,0.00015516206622123718,0.0,0.0
ham18_pattern_mining,2026-03-19T13:35:49,0,132,22,5,0.5,1.989497184753418,0.0,0.03949072677642107,0.03949072677642107,0.0,5,5,0.003843974322080612,0.0,0.00010509835556149483,0.0,0.0
ham18_pattern_mining,2026-03-19T13:35:52,1,127,22,0,0.80859375,0.5231977105140686,0.0,0.16859248280525208,0.16859248280525208,0.0,5,5,0.0164487361907959,0.0,0.0004105120897293091,0.0,0.0
ham18_pattern_mining,2026-03-19T13:35:52,1,128,22,1,0.7734375,0.5753857493400574,0.0,0.05641388241201639,0.05641388241201639,0.0,5,5,0.005481901112943888,0.0,0.00015948712825775146,0.0,0.0
ham18_pattern_mining,2026-03-19T13:35:52,1,129,22,2,0.7265625,0.6811821460723877,0.0,0.04120608791708946,0.04120608791708946,0.0,5,5,0.003973402548581362,0.0,0.00014720624312758446,0.0,0.0
ham18_pattern_mining,2026-03-19T13:35:52,1,130,22,3,0.79296875,0.5617079734802246,0.0,0.06003225687891245,0.06003225687891245,0.0,5,5,0.0058690328150987625,0.0,0.00013419287279248238,0.0,0.0
ham18_pattern_mining,2026-03-19T13:35:53,1,131,22,4,0.7578125,0.5850584506988525,0.0,0.042617409490048885,0.042617409490048885,0.0,5,5,0.004119541961699724,0.0,0.00014219898730516434,0.0,0.0
ham18_pattern_mining,2026-03-19T13:35:53,1,132,22,5,0.0,2.952322006225586,0.0,0.042530084028840065,0.042530084028840065,0.0,5,5,0.004146328195929527,0.0,0.00010668020695447922,0.0,0.0
ham18_pattern_mining,2026-03-19T13:35:56,2,127,22,0,0.83984375,0.48118144273757935,0.0,0.20826667081564665,0.20826667081564665,0.0,5,5,0.0203514089807868,0.0,0.00047525810077786446,0.0,0.0
ham18_pattern_mining,2026-03-19T13:35:56,2,128,22,1,0.76953125,0.5938048362731934,0.0,0.07095472887158394,0.07095472887158394,0.0,5,5,0.006902286782860756,0.0,0.00019318610429763794,0.0,0.0
ham18_pattern_mining,2026-03-19T13:35:56,2,129,22,2,0.79296875,0.5465068221092224,0.0,0.042675905860960484,0.042675905860960484,0.0,5,5,0.004112968686968088,0.0,0.0001546218991279602,0.0,0.0
ham18_pattern_mining,2026-03-19T13:35:56,2,130,22,3,0.76171875,0.5984761118888855,0.0,0.043294779025018215,0.043294779025018215,0.0,5,5,0.004174740985035896,0.0,0.00015473691746592522,0.0,0.0
ham18_pattern_mining,2026-03-19T13:35:57,2,131,22,4,0.78515625,0.613409161567688,0.0,0.046070534735918045,0.046070534735918045,0.0,5,5,0.00445277476683259,0.0,0.0001542787067592144,0.0,0.0
ham18_pattern_mining,2026-03-19T13:35:57,2,132,22,5,1.0,0.1060497909784317,0.0,0.04798230715095997,0.04798230715095997,0.0,5,5,0.0046805208548903465,0.0,0.00011770986020565033,0.0,0.0
ham18_pattern_mining,2026-03-19T13:36:00,3,127,22,0,0.82421875,0.5092792510986328,0.0,0.22586818784475327,0.22586818784475327,0.0,5,5,0.022111794911324978,0.0,0.00047502387315034866,0.0,0.0
ham18_pattern_mining,2026-03-19T13:36:00,3,128,22,1,0.796875,0.569558322429657,0.0,0.07037615869194269,0.07037615869194269,0.0,5,5,0.006841051857918501,0.0,0.00019656401127576828,0.0,0.0
ham18_pattern_mining,2026-03-19T13:36:00,3,129,22,2,0.80078125,0.4777055084705353,0.0,0.04077578894793987,0.04077578894793987,0.0,5,5,0.00393911125138402,0.0,0.00013846764340996742,0.0,0.0
ham18_pattern_mining,2026-03-19T13:36:00,3,130,22,3,0.796875,0.5394736528396606,0.0,0.040150657296180725,0.040150657296180725,0.0,5,5,0.0038839629851281643,0.0,0.00013110274448990822,0.0,0.0
ham18_pattern_mining,2026-03-19T13:36:02,3,131,22,4,0.80078125,0.5370295643806458,0.0,0.03363892436027527,0.03363892436027527,0.0,5,5,0.003238130360841751,0.0,0.00012576207518577576,0.0,0.0
ham18_pattern_mining,2026-03-19T13:36:02,3,132,22,5,0.5,2.614830255508423,0.0,0.03385889809578657,0.03385889809578657,0.0,5,5,0.0033047329634428024,0.0,8.115684613585472e-05,0.0,0.0
ham18_pattern_mining,2026-03-19T13:36:04,4,127,22,0,0.81640625,0.5347663760185242,0.0,0.13260159175843,0.13260159175843,0.0,5,5,0.013020582031458616,0.0,0.00023957714438438416,0.0,0.0
ham18_pattern_mining,2026-03-19T13:36:04,4,128,22,1,0.77734375,0.5952561497688293,0.0,0.04428881220519543,0.04428881220519543,0.0,5,5,0.004278746899217367,0.0,0.00015013432130217552,0.0,0.0
ham18_pattern_mining,2026-03-19T13:36:04,4,129,22,2,0.77734375,0.6111915111541748,0.0,0.0412585586309433,0.0412585586309433,0.0,5,5,0.003991338890045881,0.0,0.00013451697304844856,0.0,0.0
ham18_pattern_mining,2026-03-19T13:36:05,4,130,22,3,0.8359375,0.4598933756351471,0.0,0.04315542057156563,0.04315542057156563,0.0,5,5,0.004179154057055712,0.0,0.00013638800010085106,0.0,0.0
ham18_pattern_mining,2026-03-19T13:36:06,4,131,22,4,0.78515625,0.5557668209075928,0.0,0.04304063972085714,0.04304063972085714,0.0,5,5,0.004157448187470436,0.0,0.00014661578461527824,0.0,0.0
ham18_pattern_mining,2026-03-19T13:36:06,4,132,22,5,1.0,0.09749563038349152,0.0,0.046045626513659954,0.046045626513659954,0.0,5,5,0.004483595956116915,0.0,0.00012096669524908066,0.0,0.0
ham18_pattern_mining,2026-03-19T13:36:12,0,133,23,0,0.81640625,0.5180970430374146,0.0,0.21079025231301785,0.21079025231301785,0.0,5,5,0.02056840294972062,0.0,0.0005106222815811634,0.0,0.0
ham18_pattern_mining,2026-03-19T13:36:12,0,134,23,1,0.7890625,0.5110491514205933,0.0,0.08204326033592224,0.08204326033592224,0.0,5,5,0.007977379020303488,0.0,0.00022694701328873634,0.0,0.0
ham18_pattern_mining,2026-03-19T13:36:12,0,135,23,2,0.7734375,0.6330642104148865,0.0,0.04797490779310465,0.04797490779310465,0.0,5,5,0.004635980818420649,0.0,0.00016150996088981628,0.0,0.0
ham18_pattern_mining,2026-03-19T13:36:13,0,136,23,3,0.8203125,0.5240141749382019,0.0,0.04168568179011345,0.04168568179011345,0.0,5,5,0.004030642099678516,0.0,0.00013792607933282852,0.0,0.0
ham18_pattern_mining,2026-03-19T13:36:14,0,137,23,4,0.796875,0.5122699737548828,0.0,0.03630512394011021,0.03630512394011021,0.0,5,5,0.003496263176202774,0.0,0.0001342492178082466,0.0,0.0
ham18_pattern_mining,2026-03-19T13:36:14,0,138,23,5,1.0,0.1577351689338684,0.0,0.03416743129491806,0.03416743129491806,0.0,5,5,0.003338258247822523,0.0,7.848488166928291e-05,0.0,0.0
ham18_pattern_mining,2026-03-19T13:36:16,1,133,23,0,0.7890625,0.5305907726287842,0.0,0.1568285096436739,0.1568285096436739,0.0,5,5,0.015335326083004475,0.0,0.00034752488136291504,0.0,0.0
ham18_pattern_mining,2026-03-19T13:36:16,1,134,23,1,0.80859375,0.5534005165100098,0.0,0.0476878322660923,0.0476878322660923,0.0,5,5,0.004605316091328859,0.0,0.0001634671352803707,0.0,0.0
ham18_pattern_mining,2026-03-19T13:36:17,1,135,23,2,0.77734375,0.5818696022033691,0.0,0.036305771209299564,0.036305771209299564,0.0,5,5,0.0035018990747630596,0.0,0.00012867804616689682,0.0,0.0
ham18_pattern_mining,2026-03-19T13:36:17,1,136,23,3,0.76953125,0.5831092596054077,0.0,0.03497370984405279,0.03497370984405279,0.0,5,5,0.003375715110450983,0.0,0.00012165587395429611,0.0,0.0
ham18_pattern_mining,2026-03-19T13:36:18,1,137,23,4,0.78515625,0.533025860786438,0.0,0.03745249006897211,0.03745249006897211,0.0,5,5,0.003607851918786764,0.0,0.00013739708811044693,0.0,0.0
ham18_pattern_mining,2026-03-19T13:36:18,1,138,23,5,1.0,0.17872637510299683,0.0,0.033870767802000046,0.033870767802000046,0.0,5,5,0.0033040540292859077,0.0,8.302275091409683e-05,0.0,0.0
ham18_pattern_mining,2026-03-19T13:36:20,2,133,23,0,0.82421875,0.4859692454338074,0.0,0.12757201679050922,0.12757201679050922,0.0,5,5,0.012499655596911907,0.0,0.0002575460821390152,0.0,0.0
ham18_pattern_mining,2026-03-19T13:36:20,2,134,23,1,0.77734375,0.52830570936203,0.0,0.035970392636954784,0.035970392636954784,0.0,5,5,0.0034716282971203327,0.0,0.00012541096657514572,0.0,0.0
ham18_pattern_mining,2026-03-19T13:36:21,2,135,23,2,0.81640625,0.511276125907898,0.0,0.0335314916446805,0.0335314916446805,0.0,5,5,0.0032351152040064335,0.0,0.00011803396046161652,0.0,0.0
ham18_pattern_mining,2026-03-19T13:36:21,2,136,23,3,0.76953125,0.5710403919219971,0.0,0.03022457007318735,0.03022457007318735,0.0,5,5,0.0029144627042114735,0.0,0.00010799430310726166,0.0,0.0
ham18_pattern_mining,2026-03-19T13:36:22,2,137,23,4,0.75390625,0.6233327984809875,0.0,0.042652650736272335,0.042652650736272335,0.0,5,5,0.004121418111026287,0.0,0.00014384696260094643,0.0,0.0
ham18_pattern_mining,2026-03-19T13:36:22,2,138,23,5,0.0,3.3088417053222656,0.0,0.04256999120116234,0.04256999120116234,0.0,5,5,0.004155229777097702,0.0,0.0001017693430185318,0.0,0.0
ham18_pattern_mining,2026-03-19T13:36:24,3,133,23,0,0.80859375,0.5449300408363342,0.0,0.13043012470006943,0.13043012470006943,0.0,5,5,0.012718523852527142,0.0,0.0003244886174798012,0.0,0.0
ham18_pattern_mining,2026-03-19T13:36:24,3,134,23,1,0.7890625,0.6011499166488647,0.0,0.04864242859184742,0.04864242859184742,0.0,5,5,0.00471270689740777,0.0,0.00015153596177697182,0.0,0.0
ham18_pattern_mining,2026-03-19T13:36:24,3,135,23,2,0.75390625,0.5698065757751465,0.0,0.04304029978811741,0.04304029978811741,0.0,5,5,0.0041678911074995995,0.0,0.00013613887131214142,0.0,0.0
ham18_pattern_mining,2026-03-19T13:36:25,3,136,23,3,0.828125,0.5025192499160767,0.0,0.04168278072029352,0.04168278072029352,0.0,5,5,0.00402974896132946,0.0,0.00013852911069989204,0.0,0.0
ham18_pattern_mining,2026-03-19T13:36:26,3,137,23,4,0.80859375,0.4856707453727722,0.0,0.04520683083683252,0.04520683083683252,0.0,5,5,0.0043714032508432865,0.0,0.00014927983283996582,0.0,0.0
ham18_pattern_mining,2026-03-19T13:36:26,3,138,23,5,1.0,0.10381636023521423,0.0,0.04386770073324442,0.04386770073324442,0.0,5,5,0.0042866067960858345,0.0,0.0001001632772386074,0.0,0.0
ham18_pattern_mining,2026-03-19T13:36:28,4,133,23,0,0.86328125,0.4225652813911438,0.0,0.176331689581275,0.176331689581275,0.0,5,5,0.017237437888979912,0.0,0.0003957310691475868,0.0,0.0
ham18_pattern_mining,2026-03-19T13:36:28,4,134,23,1,0.8046875,0.515699028968811,0.0,0.0593107845634222,0.0593107845634222,0.0,5,5,0.005770948249846697,0.0,0.00016013020649552345,0.0,0.0
ham18_pattern_mining,2026-03-19T13:36:28,4,135,23,2,0.7734375,0.5930533409118652,0.0,0.04166228696703911,0.04166228696703911,0.0,5,5,0.004021471831947565,0.0,0.00014475686475634575,0.0,0.0
ham18_pattern_mining,2026-03-19T13:36:29,4,136,23,3,0.796875,0.5532554388046265,0.0,0.039235278964042664,0.039235278964042664,0.0,5,5,0.0037857270799577236,0.0,0.00013780081644654274,0.0,0.0
ham18_pattern_mining,2026-03-19T13:36:30,4,137,23,4,0.76953125,0.6317073106765747,0.0,0.042443457059562206,0.042443457059562206,0.0,5,5,0.00409188074991107,0.0,0.00015246495604515076,0.0,0.0
ham18_pattern_mining,2026-03-19T13:36:30,4,138,23,5,0.0,4.299450874328613,0.0,0.045168306678533554,0.045168306678533554,0.0,5,5,0.004410638008266687,0.0,0.00010619265958666801,0.0,0.0
ham18_pattern_mining,2026-03-19T13:36:36,0,139,24,0,0.84375,0.4756498336791992,0.0,0.2358611300587654,0.2358611300587654,0.0,5,5,0.023031523916870356,0.0,0.0005545890890061855,0.0,0.0
ham18_pattern_mining,2026-03-19T13:36:37,0,140,24,1,0.77734375,0.5687766075134277,0.0,0.08471986278891563,0.08471986278891563,0.0,5,5,0.008260591886937618,0.0,0.00021139439195394516,0.0,0.0
ham18_pattern_mining,2026-03-19T13:36:37,0,141,24,2,0.78125,0.5688369870185852,0.0,0.04187806975096464,0.04187806975096464,0.0,5,5,0.004051188938319683,0.0,0.00013661803677678108,0.0,0.0
ham18_pattern_mining,2026-03-19T13:36:37,0,142,24,3,0.796875,0.5311636924743652,0.0,0.03882324788719416,0.03882324788719416,0.0,5,5,0.00375205185264349,0.0,0.00013027293607592583,0.0,0.0
ham18_pattern_mining,2026-03-19T13:36:38,0,143,24,4,0.77734375,0.5662709474563599,0.0,0.03394502215087414,0.03394502215087414,0.0,5,5,0.0032754740677773952,0.0,0.00011902814731001854,0.0,0.0
ham18_pattern_mining,2026-03-19T13:36:38,0,144,24,5,0.5,0.6569207906723022,0.0,0.033508786000311375,0.033508786000311375,0.0,5,5,0.0032708747312426567,0.0,8.000386878848076e-05,0.0,0.0
ham18_pattern_mining,2026-03-19T13:36:41,1,139,24,0,0.8046875,0.5305533409118652,0.0,0.255480520427227,0.255480520427227,0.0,5,5,0.02501656673848629,0.0,0.000531485304236412,0.0,0.0
ham18_pattern_mining,2026-03-19T13:36:41,1,140,24,1,0.7421875,0.6196609735488892,0.0,0.07492548786103725,0.07492548786103725,0.0,5,5,0.007283398881554604,0.0,0.00020914990454912186,0.0,0.0
ham18_pattern_mining,2026-03-19T13:36:41,1,141,24,2,0.71484375,0.6942964196205139,0.0,0.0419410178437829,0.0419410178437829,0.0,5,5,0.004055068828165531,0.0,0.00013903295621275902,0.0,0.0
ham18_pattern_mining,2026-03-19T13:36:41,1,142,24,3,0.8125,0.5187351107597351,0.0,0.0401760870590806,0.0401760870590806,0.0,5,5,0.0038901139050722122,0.0,0.00012749480083584785,0.0,0.0
ham18_pattern_mining,2026-03-19T13:36:43,1,143,24,4,0.81640625,0.514822781085968,0.0,0.042046732269227505,0.042046732269227505,0.0,5,5,0.004057621117681265,0.0,0.0001470521092414856,0.0,0.0
ham18_pattern_mining,2026-03-19T13:36:43,1,144,24,5,1.0,0.4149554669857025,0.0,0.04190088715404272,0.04190088715404272,0.0,5,5,0.004092460032552481,0.0,9.762868285179138e-05,0.0,0.0
ham18_pattern_mining,2026-03-19T13:36:45,2,139,24,0,0.80859375,0.5174513459205627,0.0,0.2125523192808032,0.2125523192808032,0.0,5,5,0.020767636131495237,0.0,0.000487595796585083,0.0,0.0
ham18_pattern_mining,2026-03-19T13:36:45,2,140,24,1,0.7734375,0.5799136161804199,0.0,0.06348344031721354,0.06348344031721354,0.0,5,5,0.00616865698248148,0.0,0.00017968704923987389,0.0,0.0
ham18_pattern_mining,2026-03-19T13:36:45,2,141,24,2,0.73046875,0.6809285283088684,0.0,0.04040862899273634,0.04040862899273634,0.0,5,5,0.003911918960511684,0.0,0.00012894393876194954,0.0,0.0
ham18_pattern_mining,2026-03-19T13:36:45,2,142,24,3,0.82421875,0.5248350501060486,0.0,0.03928519319742918,0.03928519319742918,0.0,5,5,0.0038002170622348785,0.0,0.00012830225750803947,0.0,0.0
ham18_pattern_mining,2026-03-19T13:36:47,2,143,24,4,0.7421875,0.616912841796875,0.0,0.042098271660506725,0.042098271660506725,0.0,5,5,0.0040665920823812485,0.0,0.00014323508366942406,0.0,0.0
ham18_pattern_mining,2026-03-19T13:36:47,2,144,24,5,0.5,0.4914489686489105,0.0,0.04165834281593561,0.04165834281593561,0.0,5,5,0.004070161376148462,0.0,9.567290544509888e-05,0.0,0.0
ham18_pattern_mining,2026-03-19T13:36:49,3,139,24,0,0.83984375,0.500517725944519,0.0,0.2521118801087141,0.2521118801087141,0.0,5,5,0.024640406016260386,0.0,0.0005707819946110249,0.0,0.0
ham18_pattern_mining,2026-03-19T13:36:49,3,140,24,1,0.76953125,0.5732405781745911,0.0,0.06562271155416965,0.06562271155416965,0.0,5,5,0.006380110047757626,0.0,0.0001821611076593399,0.0,0.0
ham18_pattern_mining,2026-03-19T13:36:49,3,141,24,2,0.83984375,0.4381755590438843,0.0,0.03948948346078396,0.03948948346078396,0.0,5,5,0.0038257301785051823,0.0,0.00012321816757321358,0.0,0.0
ham18_pattern_mining,2026-03-19T13:36:49,3,142,24,3,0.81640625,0.48914796113967896,0.0,0.03951497841626406,0.03951497841626406,0.0,5,5,0.0038264268077909946,0.0,0.00012507103383541107,0.0,0.0
ham18_pattern_mining,2026-03-19T13:36:51,3,143,24,4,0.828125,0.5044057965278625,0.0,0.04327372182160616,0.04327372182160616,0.0,5,5,0.004184188321232796,0.0,0.0001431838609278202,0.0,0.0
ham18_pattern_mining,2026-03-19T13:36:51,3,144,24,5,0.5,1.393442153930664,0.0,0.04304233007133007,0.04304233007133007,0.0,5,5,0.004206180106848478,0.0,9.805290028452873e-05,0.0,0.0
ham18_pattern_mining,2026-03-19T13:36:53,4,139,24,0,0.8125,0.5079894065856934,0.0,0.16849820967763662,0.16849820967763662,0.0,5,5,0.016489359084516764,0.0,0.00036046188324689865,0.0,0.0
ham18_pattern_mining,2026-03-19T13:36:53,4,140,24,1,0.75390625,0.6438746452331543,0.0,0.04979269113391638,0.04979269113391638,0.0,5,5,0.0048225391656160355,0.0,0.00015672994777560234,0.0,0.0
ham18_pattern_mining,2026-03-19T13:36:53,4,141,24,2,0.80078125,0.5386943221092224,0.0,0.03922698087990284,0.03922698087990284,0.0,5,5,0.003794916905462742,0.0,0.00012778118252754211,0.0,0.0
ham18_pattern_mining,2026-03-19T13:36:53,4,142,24,3,0.76171875,0.5942044258117676,0.0,0.03907071892172098,0.03907071892172098,0.0,5,5,0.0037822509184479713,0.0,0.00012482097372412682,0.0,0.0
ham18_pattern_mining,2026-03-19T13:36:55,4,143,24,4,0.79296875,0.573857307434082,0.0,0.04226816352456808,0.04226816352456808,0.0,5,5,0.0040746452286839485,0.0,0.00015217112377285957,0.0,0.0
ham18_pattern_mining,2026-03-19T13:36:55,4,144,24,5,1.0,0.132398322224617,0.0,0.04341105930507183,0.04341105930507183,0.0,5,5,0.004229291807860136,0.0,0.00011181412264704704,0.0,0.0
ham18_pattern_mining,2026-03-19T13:37:01,0,145,25,0,0.89453125,0.3875298798084259,0.0,0.25970370043069124,0.25970370043069124,0.0,5,5,0.025345154106616974,0.0,0.0006252159364521503,0.0,0.0
ham18_pattern_mining,2026-03-19T13:37:01,0,146,25,1,0.76171875,0.5941829681396484,0.0,0.06704771891236305,0.06704771891236305,0.0,5,5,0.006514735985547304,0.0,0.00019003590568900108,0.0,0.0
ham18_pattern_mining,2026-03-19T13:37:01,0,147,25,2,0.76953125,0.6382794976234436,0.0,0.03958658315241337,0.03958658315241337,0.0,5,5,0.0038292771205306053,0.0,0.0001293811947107315,0.0,0.0
ham18_pattern_mining,2026-03-19T13:37:01,0,148,25,3,0.8125,0.5190859436988831,0.0,0.039564319886267185,0.039564319886267185,0.0,5,5,0.003826315049082041,0.0,0.00013011693954467773,0.0,0.0
ham18_pattern_mining,2026-03-19T13:37:03,0,149,25,4,0.8359375,0.4970393776893616,0.0,0.04268774762749672,0.04268774762749672,0.0,5,5,0.004114822018891573,0.0,0.00015395274385809898,0.0,0.0
ham18_pattern_mining,2026-03-19T13:37:03,0,150,25,5,0.5,1.0806728601455688,0.0,0.042315805330872536,0.042315805330872536,0.0,5,5,0.004124515689909458,0.0,0.00010706484317779541,0.0,0.0
ham18_pattern_mining,2026-03-19T13:37:05,1,145,25,0,0.796875,0.5207882523536682,0.0,0.13545052148401737,0.13545052148401737,0.0,5,5,0.013277003075927496,0.0,0.00026804907247424126,0.0,0.0
ham18_pattern_mining,2026-03-19T13:37:05,1,146,25,1,0.79296875,0.5961371660232544,0.0,0.060537438839673996,0.060537438839673996,0.0,5,5,0.0059004430659115314,0.0,0.00015330081805586815,0.0,0.0
ham18_pattern_mining,2026-03-19T13:37:06,1,147,25,2,0.80078125,0.5105984807014465,0.0,0.04862142726778984,0.04862142726778984,0.0,5,5,0.004707361571490765,0.0,0.00015478115528821945,0.0,0.0
ham18_pattern_mining,2026-03-19T13:37:06,1,148,25,3,0.80078125,0.5275830626487732,0.0,0.04269974306225777,0.04269974306225777,0.0,5,5,0.004127246327698231,0.0,0.00014272797852754593,0.0,0.0
ham18_pattern_mining,2026-03-19T13:37:07,1,149,25,4,0.796875,0.5631251335144043,0.0,0.042291367426514626,0.042291367426514626,0.0,5,5,0.004085891880095005,0.0,0.00014324486255645752,0.0,0.0
ham18_pattern_mining,2026-03-19T13:37:07,1,150,25,5,0.5,2.6844217777252197,0.0,0.04545755684375763,0.04545755684375763,0.0,5,5,0.004441409837454557,0.0,0.00010434584692120552,0.0,0.0
ham18_pattern_mining,2026-03-19T13:37:09,2,145,25,0,0.8515625,0.44418537616729736,0.0,0.24615641683340073,0.24615641683340073,0.0,5,5,0.024079675786197186,0.0,0.0005359658971428871,0.0,0.0
ham18_pattern_mining,2026-03-19T13:37:09,2,146,25,1,0.82421875,0.4744366407394409,0.0,0.06340919993817806,0.06340919993817806,0.0,5,5,0.006157387048006058,0.0,0.0001835329458117485,0.0,0.0
ham18_pattern_mining,2026-03-19T13:37:09,2,147,25,2,0.77734375,0.5547062754631042,0.0,0.041483696550130844,0.041483696550130844,0.0,5,5,0.00401354068890214,0.0,0.00013482896611094475,0.0,0.0
ham18_pattern_mining,2026-03-19T13:37:10,2,148,25,3,0.796875,0.5740882754325867,0.0,0.04162274766713381,0.04162274766713381,0.0,5,5,0.004023854620754719,0.0,0.00013842014595866203,0.0,0.0
ham18_pattern_mining,2026-03-19T13:37:11,2,149,25,4,0.71875,0.674685537815094,0.0,0.0426916778087616,0.0426916778087616,0.0,5,5,0.004124683793634176,0.0,0.00014448398724198341,0.0,0.0
ham18_pattern_mining,2026-03-19T13:37:11,2,150,25,5,1.0,0.3798936903476715,0.0,0.041433596052229404,0.041433596052229404,0.0,5,5,0.004038727842271328,0.0,0.00010463176295161247,0.0,0.0
ham18_pattern_mining,2026-03-19T13:37:13,3,145,25,0,0.8203125,0.48709338903427124,0.0,0.13108653016388416,0.13108653016388416,0.0,5,5,0.012871358077973127,0.0,0.00023729493841528893,0.0,0.0
ham18_pattern_mining,2026-03-19T13:37:14,3,146,25,1,0.8203125,0.4474911093711853,0.0,0.07318028714507818,0.07318028714507818,0.0,5,5,0.007137387990951538,0.0,0.00018064072355628014,0.0,0.0
ham18_pattern_mining,2026-03-19T13:37:14,3,147,25,2,0.8203125,0.5242441892623901,0.0,0.04550423473119736,0.04550423473119736,0.0,5,5,0.004399397876113653,0.0,0.00015102559700608253,0.0,0.0
ham18_pattern_mining,2026-03-19T13:37:14,3,148,25,3,0.76171875,0.6122410893440247,0.0,0.04090210888534784,0.04090210888534784,0.0,5,5,0.003956926055252552,0.0,0.00013328483328223228,0.0,0.0
ham18_pattern_mining,2026-03-19T13:37:15,3,149,25,4,0.796875,0.5561906695365906,0.0,0.043005519546568394,0.043005519546568394,0.0,5,5,0.004153396002948284,0.0,0.00014715595170855522,0.0,0.0
ham18_pattern_mining,2026-03-19T13:37:15,3,150,25,5,0.5,1.3413268327713013,0.0,0.04354523494839668,0.04354523494839668,0.0,5,5,0.0042450097389519215,0.0,0.00010951375588774681,0.0,0.0
ham18_pattern_mining,2026-03-19T13:37:18,4,145,25,0,0.78515625,0.5638487339019775,0.0,0.13692256063222885,0.13692256063222885,0.0,5,5,0.013391224667429924,0.0,0.0003010313957929611,0.0,0.0
ham18_pattern_mining,2026-03-19T13:37:18,4,146,25,1,0.8046875,0.5076918005943298,0.0,0.052350680343806744,0.052350680343806744,0.0,5,5,0.005088751204311848,0.0,0.00014631683006882668,0.0,0.0
ham18_pattern_mining,2026-03-19T13:37:18,4,147,25,2,0.78125,0.5990358591079712,0.0,0.0416102260351181,0.0416102260351181,0.0,5,5,0.004016038030385971,0.0,0.00014498457312583923,0.0,0.0
ham18_pattern_mining,2026-03-19T13:37:18,4,148,25,3,0.87109375,0.43572211265563965,0.0,0.04230280872434378,0.04230280872434378,0.0,5,5,0.004089269787073135,0.0,0.0001410110853612423,0.0,0.0
ham18_pattern_mining,2026-03-19T13:37:19,4,149,25,4,0.78515625,0.5269960165023804,0.0,0.04340617451816797,0.04340617451816797,0.0,5,5,0.004185155034065247,0.0,0.00015546241775155067,0.0,0.0
ham18_pattern_mining,2026-03-19T13:37:19,4,150,25,5,1.0,0.14433303475379944,0.0,0.04242980387061834,0.04242980387061834,0.0,5,5,0.004130619112402201,0.0,0.00011236127465963364,0.0,0.0
ham18_pattern_mining,2026-03-19T13:37:26,0,151,26,0,0.8671875,0.39253515005111694,0.0,0.13406303711235523,0.13406303711235523,0.0,5,5,0.013094240799546242,0.0,0.00031206291168928146,0.0,0.0
ham18_pattern_mining,2026-03-19T13:37:26,0,152,26,1,0.85546875,0.4151793122291565,0.0,0.04585520830005407,0.04585520830005407,0.0,5,5,0.004437319003045559,0.0,0.0001482018269598484,0.0,0.0
ham18_pattern_mining,2026-03-19T13:37:27,0,153,26,2,0.81640625,0.49727052450180054,0.0,0.0400823587551713,0.0400823587551713,0.0,5,5,0.0038800169713795185,0.0,0.0001282189041376114,0.0,0.0
ham18_pattern_mining,2026-03-19T13:37:27,0,154,26,3,0.80078125,0.5610998868942261,0.0,0.04095938988029957,0.04095938988029957,0.0,5,5,0.00395559286698699,0.0,0.00014034612104296684,0.0,0.0
ham18_pattern_mining,2026-03-19T13:37:28,0,155,26,4,0.78515625,0.5744253993034363,0.0,0.04706804174929857,0.04706804174929857,0.0,5,5,0.00455752108246088,0.0,0.00014928309246897697,0.0,0.0
ham18_pattern_mining,2026-03-19T13:37:28,0,156,26,5,1.0,0.11675277352333069,0.0,0.04676166921854019,0.04676166921854019,0.0,5,5,0.004539571702480316,0.0,0.000136595219373703,0.0,0.0
ham18_pattern_mining,2026-03-19T13:37:31,1,151,26,0,0.85546875,0.44324028491973877,0.0,0.15484588220715523,0.15484588220715523,0.0,5,5,0.015140930190682411,0.0,0.00034365803003311157,0.0,0.0
ham18_pattern_mining,2026-03-19T13:37:32,1,152,26,1,0.74609375,0.700303316116333,0.0,0.042169285006821156,0.042169285006821156,0.0,5,5,0.004075228236615658,0.0,0.00014170026406645775,0.0,0.0
ham18_pattern_mining,2026-03-19T13:37:32,1,153,26,2,0.8046875,0.48181450366973877,0.0,0.0421043299138546,0.0421043299138546,0.0,5,5,0.004073366988450289,0.0,0.00013706600293517113,0.0,0.0
ham18_pattern_mining,2026-03-19T13:37:32,1,154,26,3,0.75,0.6361683011054993,0.0,0.04078391008079052,0.04078391008079052,0.0,5,5,0.003943923860788345,0.0,0.00013446714729070663,0.0,0.0
ham18_pattern_mining,2026-03-19T13:37:33,1,155,26,4,0.8046875,0.5700552463531494,0.0,0.04242118448019028,0.04242118448019028,0.0,5,5,0.004093881230801344,0.0,0.0001482372172176838,0.0,0.0
ham18_pattern_mining,2026-03-19T13:37:33,1,156,26,5,1.0,0.12369783222675323,0.0,0.04426463972777128,0.04426463972777128,0.0,5,5,0.004292749799787998,0.0,0.00013371417298913002,0.0,0.0
ham18_pattern_mining,2026-03-19T13:37:36,2,151,26,0,0.83984375,0.43684959411621094,0.0,0.22459978703409433,0.22459978703409433,0.0,5,5,0.02192980144172907,0.0,0.0005301772616803646,0.0,0.0
ham18_pattern_mining,2026-03-19T13:37:36,2,152,26,1,0.8125,0.519500732421875,0.0,0.09885306004434824,0.09885306004434824,0.0,5,5,0.00962741393595934,0.0,0.00025789206847548485,0.0,0.0
ham18_pattern_mining,2026-03-19T13:37:36,2,153,26,2,0.81640625,0.5130776762962341,0.0,0.05280841141939163,0.05280841141939163,0.0,5,5,0.005102977156639099,0.0,0.0001778639853000641,0.0,0.0
ham18_pattern_mining,2026-03-19T13:37:37,2,154,26,3,0.8125,0.5117590427398682,0.0,0.037295687943696976,0.037295687943696976,0.0,5,5,0.003597554750740528,0.0,0.00013201404362916946,0.0,0.0
ham18_pattern_mining,2026-03-19T13:37:38,2,155,26,4,0.77734375,0.6024636030197144,0.0,0.03724618814885616,0.03724618814885616,0.0,5,5,0.0035962709225714207,0.0,0.00012834789231419563,0.0,0.0
ham18_pattern_mining,2026-03-19T13:37:38,2,156,26,5,0.0,4.037768363952637,0.0,0.03989650867879391,0.03989650867879391,0.0,5,5,0.003861411940306425,0.0,0.00012823892757296562,0.0,0.0
ham18_pattern_mining,2026-03-19T13:37:41,3,151,26,0,0.8671875,0.38035011291503906,0.0,0.11973126325756311,0.11973126325756311,0.0,5,5,0.011756088584661484,0.0,0.00021703774109482765,0.0,0.0
ham18_pattern_mining,2026-03-19T13:37:41,3,152,26,1,0.80859375,0.4793320894241333,0.0,0.07883463986217976,0.07883463986217976,0.0,5,5,0.007657479029148817,0.0,0.00022598495706915855,0.0,0.0
ham18_pattern_mining,2026-03-19T13:37:41,3,153,26,2,0.80859375,0.47885972261428833,0.0,0.039492957293987274,0.039492957293987274,0.0,5,5,0.0038201739080250263,0.0,0.0001291218213737011,0.0,0.0
ham18_pattern_mining,2026-03-19T13:37:41,3,154,26,3,0.796875,0.5414131283760071,0.0,0.03202138002961874,0.03202138002961874,0.0,5,5,0.003088864032179117,0.0,0.0001132739707827568,0.0,0.0
ham18_pattern_mining,2026-03-19T13:37:42,3,155,26,4,0.7578125,0.5807896852493286,0.0,0.0345914950594306,0.0345914950594306,0.0,5,5,0.0033347937278449535,0.0,0.00012435577809810638,0.0,0.0
ham18_pattern_mining,2026-03-19T13:37:42,3,156,26,5,0.5,0.9050794839859009,0.0,0.03790855873376131,0.03790855873376131,0.0,5,5,0.003697602078318596,0.0,9.325379505753517e-05,0.0,0.0
ham18_pattern_mining,2026-03-19T13:37:45,4,151,26,0,0.84375,0.476550430059433,0.0,0.19751065410673618,0.19751065410673618,0.0,5,5,0.019353640265762806,0.0,0.0003974251449108124,0.0,0.0
ham18_pattern_mining,2026-03-19T13:37:45,4,152,26,1,0.82421875,0.5111957788467407,0.0,0.047785891219973564,0.047785891219973564,0.0,5,5,0.004626221023499966,0.0,0.00015236809849739075,0.0,0.0
ham18_pattern_mining,2026-03-19T13:37:45,4,153,26,2,0.80859375,0.4960319995880127,0.0,0.03717055544257164,0.03717055544257164,0.0,5,5,0.003596525639295578,0.0,0.000120529904961586,0.0,0.0
ham18_pattern_mining,2026-03-19T13:37:46,4,154,26,3,0.796875,0.5441009402275085,0.0,0.034904973581433296,0.034904973581433296,0.0,5,5,0.0033460562117397785,0.0,0.0001444411464035511,0.0,0.0
ham18_pattern_mining,2026-03-19T13:37:47,4,155,26,4,0.78515625,0.5686076879501343,0.0,0.03314973320811987,0.03314973320811987,0.0,5,5,0.0031923241913318634,0.0,0.00012264912948012352,0.0,0.0
ham18_pattern_mining,2026-03-19T13:37:47,4,156,26,5,0.0,3.391254186630249,0.0,0.03542946185916662,0.03542946185916662,0.0,5,5,0.003461799118667841,0.0,8.114706724882126e-05,0.0,0.0
ham18_pattern_mining,2026-03-19T13:37:53,0,157,27,0,0.8515625,0.47278982400894165,0.0,0.1520636724308133,0.1520636724308133,0.0,5,5,0.01484320405870676,0.0,0.00036316318437457085,0.0,0.0
ham18_pattern_mining,2026-03-19T13:37:53,0,158,27,1,0.796875,0.5141299962997437,0.0,0.04966584965586662,0.04966584965586662,0.0,5,5,0.004817662760615349,0.0,0.00014892220497131348,0.0,0.0
ham18_pattern_mining,2026-03-19T13:37:54,0,159,27,2,0.83203125,0.4679226875305176,0.0,0.040530962869524956,0.040530962869524956,0.0,5,5,0.0039077382534742355,0.0,0.00014535803347826004,0.0,0.0
ham18_pattern_mining,2026-03-19T13:37:54,0,160,27,3,0.8203125,0.498252809047699,0.0,0.04864495247602463,0.04864495247602463,0.0,5,5,0.004727089311927557,0.0,0.00013740593567490578,0.0,0.0
ham18_pattern_mining,2026-03-19T13:37:55,0,161,27,4,0.78515625,0.5576121211051941,0.0,0.04145324695855379,0.04145324695855379,0.0,5,5,0.0040025608614087105,0.0,0.00014276383444666862,0.0,0.0
ham18_pattern_mining,2026-03-19T13:37:55,0,162,27,5,0.5,2.9637410640716553,0.0,0.044533913023769855,0.044533913023769855,0.0,5,5,0.004354310687631369,0.0,9.908061474561691e-05,0.0,0.0
ham18_pattern_mining,2026-03-19T13:37:57,1,157,27,0,0.82421875,0.4400866627693176,0.0,0.12217355892062187,0.12217355892062187,0.0,5,5,0.011959257069975138,0.0,0.0002580988220870495,0.0,0.0
ham18_pattern_mining,2026-03-19T13:37:57,1,158,27,1,0.82421875,0.46887028217315674,0.0,0.038933088071644306,0.038933088071644306,0.0,5,5,0.003769191913306713,0.0,0.00012411689385771751,0.0,0.0
ham18_pattern_mining,2026-03-19T13:37:58,1,159,27,2,0.76953125,0.5828312635421753,0.0,0.031818472780287266,0.031818472780287266,0.0,5,5,0.003066475037485361,0.0,0.00011537224054336548,0.0,0.0
ham18_pattern_mining,2026-03-19T13:37:58,1,160,27,3,0.77734375,0.6188374757766724,0.0,0.033401488326489925,0.033401488326489925,0.0,5,5,0.0032210578210651875,0.0,0.00011909101158380508,0.0,0.0
ham18_pattern_mining,2026-03-19T13:37:59,1,161,27,4,0.81640625,0.4771314859390259,0.0,0.0348107423633337,0.0348107423633337,0.0,5,5,0.0033522481098771095,0.0,0.00012882612645626068,0.0,0.0
ham18_pattern_mining,2026-03-19T13:37:59,1,162,27,5,1.0,0.4284506142139435,0.0,0.03862534649670124,0.03862534649670124,0.0,5,5,0.003772915806621313,0.0,8.961884304881096e-05,0.0,0.0
ham18_pattern_mining,2026-03-19T13:38:02,2,157,27,0,0.81640625,0.47149521112442017,0.0,0.2220435719937086,0.2220435719937086,0.0,5,5,0.021800408139824867,0.0,0.0004039490595459938,0.0,0.0
ham18_pattern_mining,2026-03-19T13:38:02,2,158,27,1,0.8359375,0.47140562534332275,0.0,0.06629148032516241,0.06629148032516241,0.0,5,5,0.006467808969318867,0.0,0.00016133906319737434,0.0,0.0
ham18_pattern_mining,2026-03-19T13:38:02,2,159,27,2,0.78125,0.568539559841156,0.0,0.03802336286753416,0.03802336286753416,0.0,5,5,0.003673247992992401,0.0,0.00012908829376101494,0.0,0.0
ham18_pattern_mining,2026-03-19T13:38:02,2,160,27,3,0.828125,0.5228804349899292,0.0,0.03849723841995001,0.03849723841995001,0.0,5,5,0.0037296446971595287,0.0,0.00012007914483547211,0.0,0.0
ham18_pattern_mining,2026-03-19T13:38:04,2,161,27,4,0.82421875,0.5442697405815125,0.0,0.04150647670030594,0.04150647670030594,0.0,5,5,0.004008751828223467,0.0,0.000141895841807127,0.0,0.0
ham18_pattern_mining,2026-03-19T13:38:04,2,162,27,5,1.0,0.23691414296627045,0.0,0.04427287261933088,0.04427287261933088,0.0,5,5,0.004309609066694975,0.0,0.0001176781952381134,0.0,0.0
ham18_pattern_mining,2026-03-19T13:38:06,3,157,27,0,0.87109375,0.38264384865760803,0.0,0.14523593708872795,0.14523593708872795,0.0,5,5,0.014212562702596188,0.0,0.0003110310062766075,0.0,0.0
ham18_pattern_mining,2026-03-19T13:38:07,3,158,27,1,0.81640625,0.48632028698921204,0.0,0.05366016644984484,0.05366016644984484,0.0,5,5,0.00520777702331543,0.0,0.00015823962166905403,0.0,0.0
ham18_pattern_mining,2026-03-19T13:38:07,3,159,27,2,0.703125,0.7334263920783997,0.0,0.0451393099501729,0.0451393099501729,0.0,5,5,0.004375936929136515,0.0,0.00013799406588077545,0.0,0.0
ham18_pattern_mining,2026-03-19T13:38:07,3,160,27,3,0.8125,0.512536883354187,0.0,0.03854217007756233,0.03854217007756233,0.0,5,5,0.0037307627499103546,0.0,0.0001234542578458786,0.0,0.0
ham18_pattern_mining,2026-03-19T13:38:08,3,161,27,4,0.82421875,0.4824671745300293,0.0,0.04196825437247753,0.04196825437247753,0.0,5,5,0.004045849200338125,0.0,0.00015097623690962791,0.0,0.0
ham18_pattern_mining,2026-03-19T13:38:08,3,162,27,5,1.0,0.09658917784690857,0.0,0.04417520947754383,0.04417520947754383,0.0,5,5,0.004302330780774355,0.0,0.00011519016698002815,0.0,0.0
ham18_pattern_mining,2026-03-19T13:38:10,4,157,27,0,0.8359375,0.4546204209327698,0.0,0.1453862665221095,0.1453862665221095,0.0,5,5,0.014239307027310133,0.0,0.00029931962490081787,0.0,0.0
ham18_pattern_mining,2026-03-19T13:38:10,4,158,27,1,0.8125,0.5236875414848328,0.0,0.04260445013642311,0.04260445013642311,0.0,5,5,0.004121284931898117,0.0,0.00013916008174419403,0.0,0.0
ham18_pattern_mining,2026-03-19T13:38:11,4,159,27,2,0.8046875,0.5641934275627136,0.0,0.0417860085144639,0.0417860085144639,0.0,5,5,0.004044332075864077,0.0,0.00013426877558231354,0.0,0.0
ham18_pattern_mining,2026-03-19T13:38:11,4,160,27,3,0.8203125,0.47163355350494385,0.0,0.039643910713493824,0.039643910713493824,0.0,5,5,0.0038372869603335857,0.0,0.00012710411101579666,0.0,0.0
ham18_pattern_mining,2026-03-19T13:38:12,4,161,27,4,0.80078125,0.5287240743637085,0.0,0.05162378307431936,0.05162378307431936,0.0,5,5,0.004991529975086451,0.0,0.0001708483323454857,0.0,0.0
ham18_pattern_mining,2026-03-19T13:38:12,4,162,27,5,1.0,0.10575573891401291,0.0,0.05816396325826645,0.05816396325826645,0.0,5,5,0.005660074297338724,0.0,0.00015632202848792076,0.0,0.0
ham18_pattern_mining,2026-03-19T13:38:18,0,163,28,0,0.84375,0.4474055767059326,0.0,0.1601280691102147,0.1601280691102147,0.0,5,5,0.01567030092701316,0.0,0.0003425059840083122,0.0,0.0
ham18_pattern_mining,2026-03-19T13:38:18,0,164,28,1,0.81640625,0.46806463599205017,0.0,0.05535444710403681,0.05535444710403681,0.0,5,5,0.005378661677241325,0.0,0.00015678303316235542,0.0,0.0
ham18_pattern_mining,2026-03-19T13:38:19,0,165,28,2,0.7890625,0.5589733719825745,0.0,0.04137342795729637,0.04137342795729637,0.0,5,5,0.004004145972430706,0.0,0.00013319682329893112,0.0,0.0
ham18_pattern_mining,2026-03-19T13:38:19,0,166,28,3,0.80078125,0.5066119432449341,0.0,0.04140868317335844,0.04140868317335844,0.0,5,5,0.004018915351480246,0.0,0.00012195296585559845,0.0,0.0
ham18_pattern_mining,2026-03-19T13:38:20,0,167,28,4,0.82421875,0.45741841197013855,0.0,0.04134214948862791,0.04134214948862791,0.0,5,5,0.0039882720448076725,0.0,0.00014594290405511856,0.0,0.0
ham18_pattern_mining,2026-03-19T13:38:20,0,168,28,5,1.0,0.24309171736240387,0.0,0.041471654549241066,0.041471654549241066,0.0,5,5,0.004046453163027763,0.0,0.00010071229189634323,0.0,0.0
ham18_pattern_mining,2026-03-19T13:38:23,1,163,28,0,0.8046875,0.48577046394348145,0.0,0.2347376523539424,0.2347376523539424,0.0,5,5,0.022913213819265366,0.0,0.0005605514161288738,0.0,0.0
ham18_pattern_mining,2026-03-19T13:38:23,1,164,28,1,0.75,0.5707947611808777,0.0,0.06666253786534071,0.06666253786534071,0.0,5,5,0.006483506876975298,0.0,0.00018274690955877304,0.0,0.0
ham18_pattern_mining,2026-03-19T13:38:23,1,165,28,2,0.8046875,0.5322726368904114,0.0,0.038510607555508614,0.038510607555508614,0.0,5,5,0.0037270658649504185,0.0,0.00012399489060044289,0.0,0.0
ham18_pattern_mining,2026-03-19T13:38:23,1,166,28,3,0.78515625,0.5420413613319397,0.0,0.04077731166034937,0.04077731166034937,0.0,5,5,0.003935168031603098,0.0,0.000142563134431839,0.0,0.0
ham18_pattern_mining,2026-03-19T13:38:24,1,167,28,4,0.83984375,0.4783239960670471,0.0,0.04180358722805977,0.04180358722805977,0.0,5,5,0.004038850776851177,0.0,0.00014150794595479965,0.0,0.0
ham18_pattern_mining,2026-03-19T13:38:24,1,168,28,5,1.0,0.1531812846660614,0.0,0.045543890446424484,0.045543890446424484,0.0,5,5,0.0044573890045285225,0.0,9.700004011392593e-05,0.0,0.0
ham18_pattern_mining,2026-03-19T13:38:27,2,163,28,0,0.85546875,0.4260810613632202,0.0,0.1762259053066373,0.1762259053066373,0.0,5,5,0.01725214533507824,0.0,0.0003704451955854893,0.0,0.0
ham18_pattern_mining,2026-03-19T13:38:27,2,164,28,1,0.828125,0.5112632513046265,0.0,0.061765220016241074,0.061765220016241074,0.0,5,5,0.006012273021042347,0.0,0.0001642489805817604,0.0,0.0
ham18_pattern_mining,2026-03-19T13:38:27,2,165,28,2,0.82421875,0.4712480902671814,0.0,0.0342699745669961,0.0342699745669961,0.0,5,5,0.003309184219688177,0.0,0.00011781323701143265,0.0,0.0
ham18_pattern_mining,2026-03-19T13:38:27,2,166,28,3,0.79296875,0.5374486446380615,0.0,0.03129101824015379,0.03129101824015379,0.0,5,5,0.0030149579979479313,0.0,0.00011414382606744766,0.0,0.0
ham18_pattern_mining,2026-03-19T13:38:29,2,167,28,4,0.81640625,0.4734066426753998,0.0,0.03517861943691969,0.03517861943691969,0.0,5,5,0.0033888746984302998,0.0,0.00012898724526166916,0.0,0.0
ham18_pattern_mining,2026-03-19T13:38:29,2,168,28,5,1.0,0.14689338207244873,0.0,0.034636249765753746,0.034636249765753746,0.0,5,5,0.0033689308911561966,0.0,9.469408541917801e-05,0.0,0.0
ham18_pattern_mining,2026-03-19T13:38:31,3,163,28,0,0.8203125,0.48173806071281433,0.0,0.14404692687094212,0.14404692687094212,0.0,5,5,0.014108056668192148,0.0,0.00029663601890206337,0.0,0.0
ham18_pattern_mining,2026-03-19T13:38:32,3,164,28,1,0.78515625,0.5797570943832397,0.0,0.05120597779750824,0.05120597779750824,0.0,5,5,0.004964415915310383,0.0,0.00015618186444044113,0.0,0.0
ham18_pattern_mining,2026-03-19T13:38:32,3,165,28,2,0.84375,0.42848849296569824,0.0,0.05022246390581131,0.05022246390581131,0.0,5,5,0.00486865034326911,0.0,0.00015359604731202126,0.0,0.0
ham18_pattern_mining,2026-03-19T13:38:32,3,166,28,3,0.77734375,0.560646653175354,0.0,0.0349346874281764,0.0349346874281764,0.0,5,5,0.0033781849779188633,0.0,0.00011528376489877701,0.0,0.0
ham18_pattern_mining,2026-03-19T13:38:33,3,167,28,4,0.84375,0.4100903868675232,0.0,0.03688652068376541,0.03688652068376541,0.0,5,5,0.0035498812794685364,0.0,0.00013877078890800476,0.0,0.0
ham18_pattern_mining,2026-03-19T13:38:33,3,168,28,5,0.5,1.383630394935608,0.0,0.037960391491651535,0.037960391491651535,0.0,5,5,0.0036905333399772644,0.0,0.0001055058091878891,0.0,0.0
ham18_pattern_mining,2026-03-19T13:38:36,4,163,28,0,0.86328125,0.37645840644836426,0.0,0.12789712753146887,0.12789712753146887,0.0,5,5,0.012544310186058283,0.0,0.000245402567088604,0.0,0.0
ham18_pattern_mining,2026-03-19T13:38:36,4,164,28,1,0.8203125,0.48481136560440063,0.0,0.08117394987493753,0.08117394987493753,0.0,5,5,0.007914912886917591,0.0,0.00020248210057616234,0.0,0.0
ham18_pattern_mining,2026-03-19T13:38:36,4,165,28,2,0.8125,0.532516598701477,0.0,0.047044241800904274,0.047044241800904274,0.0,5,5,0.004557939246296883,0.0,0.00014648493379354477,0.0,0.0
ham18_pattern_mining,2026-03-19T13:38:36,4,166,28,3,0.796875,0.5013709664344788,0.0,0.04065035842359066,0.04065035842359066,0.0,5,5,0.003918979782611132,0.0,0.00014605605974793434,0.0,0.0
ham18_pattern_mining,2026-03-19T13:38:37,4,167,28,4,0.8203125,0.523159384727478,0.0,0.04147730302065611,0.04147730302065611,0.0,5,5,0.004006383009254932,0.0,0.00014134729281067848,0.0,0.0
ham18_pattern_mining,2026-03-19T13:38:37,4,168,28,5,1.0,0.07139077037572861,0.0,0.04710995592176914,0.04710995592176914,0.0,5,5,0.004584578797221184,0.0,0.00012641679495573044,0.0,0.0
ham18_pattern_mining,2026-03-19T13:38:44,0,169,29,0,0.85546875,0.4105800986289978,0.0,0.176689806394279,0.176689806394279,0.0,5,5,0.017264920752495527,0.0,0.00040405988693237305,0.0,0.0
ham18_pattern_mining,2026-03-19T13:38:44,0,170,29,1,0.796875,0.5625979900360107,0.0,0.06055374629795551,0.06055374629795551,0.0,5,5,0.005887721665203571,0.0,0.00016765296459197998,0.0,0.0
ham18_pattern_mining,2026-03-19T13:38:44,0,171,29,2,0.82421875,0.4418923854827881,0.0,0.04136738833039999,0.04136738833039999,0.0,5,5,0.00399837177246809,0.0,0.00013836706057190895,0.0,0.0
ham18_pattern_mining,2026-03-19T13:38:45,0,172,29,3,0.8359375,0.46334558725357056,0.0,0.03992405254393816,0.03992405254393816,0.0,5,5,0.0038614249788224697,0.0,0.00013098027557134628,0.0,0.0
ham18_pattern_mining,2026-03-19T13:38:46,0,173,29,4,0.859375,0.41825348138809204,0.0,0.041231284849345684,0.041231284849345684,0.0,5,5,0.003981141839176416,0.0,0.000141986645758152,0.0,0.0
ham18_pattern_mining,2026-03-19T13:38:46,0,174,29,5,1.0,0.23412194848060608,0.0,0.04129617940634489,0.04129617940634489,0.0,5,5,0.004024161957204342,0.0,0.00010545598343014717,0.0,0.0
ham18_pattern_mining,2026-03-19T13:38:48,1,169,29,0,0.78125,0.5709008574485779,0.0,0.13155671767890453,0.13155671767890453,0.0,5,5,0.012862804811447859,0.0,0.00029286695644259453,0.0,0.0
ham18_pattern_mining,2026-03-19T13:38:49,1,170,29,1,0.83203125,0.48956844210624695,0.0,0.043740090914070606,0.043740090914070606,0.0,5,5,0.004235896747559309,0.0,0.00013811234384775162,0.0,0.0
ham18_pattern_mining,2026-03-19T13:38:49,1,171,29,2,0.76171875,0.5619497895240784,0.0,0.04252806771546602,0.04252806771546602,0.0,5,5,0.004108287859708071,0.0,0.0001445189118385315,0.0,0.0
ham18_pattern_mining,2026-03-19T13:38:49,1,172,29,3,0.8359375,0.4668460488319397,0.0,0.03940911963582039,0.03940911963582039,0.0,5,5,0.0038146511651575565,0.0,0.00012626079842448235,0.0,0.0
ham18_pattern_mining,2026-03-19T13:38:50,1,173,29,4,0.83203125,0.4530661702156067,0.0,0.041428860276937485,0.041428860276937485,0.0,5,5,0.0039939130656421185,0.0,0.00014897296205163002,0.0,0.0
ham18_pattern_mining,2026-03-19T13:38:50,1,174,29,5,1.0,0.12392233312129974,0.0,0.04238511435687542,0.04238511435687542,0.0,5,5,0.004124434664845467,0.0,0.00011407677084207535,0.0,0.0
ham18_pattern_mining,2026-03-19T13:38:52,2,169,29,0,0.796875,0.4881995916366577,0.0,0.1411224203184247,0.1411224203184247,0.0,5,5,0.01380309509113431,0.0,0.0003091469407081604,0.0,0.0
ham18_pattern_mining,2026-03-19T13:38:52,2,170,29,1,0.81640625,0.5288444757461548,0.0,0.0473750289529562,0.0473750289529562,0.0,5,5,0.004590804688632488,0.0,0.00014669820666313171,0.0,0.0
ham18_pattern_mining,2026-03-19T13:38:52,2,171,29,2,0.83203125,0.4786211848258972,0.0,0.04044037777930498,0.04044037777930498,0.0,5,5,0.003913310822099447,0.0,0.00013072695583105087,0.0,0.0
ham18_pattern_mining,2026-03-19T13:38:53,2,172,29,3,0.80078125,0.5292145013809204,0.0,0.03349489998072386,0.03349489998072386,0.0,5,5,0.003228709101676941,0.0,0.00012078089639544487,0.0,0.0
ham18_pattern_mining,2026-03-19T13:38:54,2,173,29,4,0.84375,0.4317563772201538,0.0,0.0347671564668417,0.0347671564668417,0.0,5,5,0.0033493386581540108,0.0,0.000127376988530159,0.0,0.0
ham18_pattern_mining,2026-03-19T13:38:54,2,174,29,5,0.5,0.7594363689422607,0.0,0.038554444909095764,0.038554444909095764,0.0,5,5,0.003766378853470087,0.0,8.906563743948936e-05,0.0,0.0
ham18_pattern_mining,2026-03-19T13:38:56,3,169,29,0,0.828125,0.4443780779838562,0.0,0.17599408514797688,0.17599408514797688,0.0,5,5,0.017228542361408472,0.0,0.00037086615338921547,0.0,0.0
ham18_pattern_mining,2026-03-19T13:38:56,3,170,29,1,0.7890625,0.5527822375297546,0.0,0.05484641529619694,0.05484641529619694,0.0,5,5,0.005315569695085287,0.0,0.00016907183453440666,0.0,0.0
ham18_pattern_mining,2026-03-19T13:38:56,3,171,29,2,0.80859375,0.5360023975372314,0.0,0.041883583180606365,0.041883583180606365,0.0,5,5,0.0040538921020925045,0.0,0.00013446621596813202,0.0,0.0
ham18_pattern_mining,2026-03-19T13:38:57,3,172,29,3,0.85546875,0.41675639152526855,0.0,0.041631669737398624,0.041631669737398624,0.0,5,5,0.004009670112282038,0.0,0.0001534968614578247,0.0,0.0
ham18_pattern_mining,2026-03-19T13:38:58,3,173,29,4,0.7890625,0.5296120047569275,0.0,0.04190355073660612,0.04190355073660612,0.0,5,5,0.004039166960865259,0.0,0.00015118811279535294,0.0,0.0
ham18_pattern_mining,2026-03-19T13:38:58,3,174,29,5,0.5,1.1219863891601562,0.0,0.04223076160997152,0.04223076160997152,0.0,5,5,0.004123663064092398,0.0,9.941309690475464e-05,0.0,0.0
ham18_pattern_mining,2026-03-19T13:39:00,4,169,29,0,0.85546875,0.4101923406124115,0.0,0.14033176004886627,0.14033176004886627,0.0,5,5,0.013719653710722923,0.0,0.0003135222941637039,0.0,0.0
ham18_pattern_mining,2026-03-19T13:39:00,4,170,29,1,0.80859375,0.5291646718978882,0.0,0.04465531092137098,0.04465531092137098,0.0,5,5,0.004317044746130705,0.0,0.00014848634600639343,0.0,0.0
ham18_pattern_mining,2026-03-19T13:39:00,4,171,29,2,0.81640625,0.4769015312194824,0.0,0.043113911524415016,0.043113911524415016,0.0,5,5,0.004176428075879812,0.0,0.00013496307656168938,0.0,0.0
ham18_pattern_mining,2026-03-19T13:39:00,4,172,29,3,0.81640625,0.5278345346450806,0.0,0.03902892582118511,0.03902892582118511,0.0,5,5,0.0037781167775392532,0.0,0.00012477580457925797,0.0,0.0
ham18_pattern_mining,2026-03-19T13:39:02,4,173,29,4,0.84375,0.4510093033313751,0.0,0.041916086338460445,0.041916086338460445,0.0,5,5,0.004050638992339373,0.0,0.0001409696415066719,0.0,0.0
ham18_pattern_mining,2026-03-19T13:39:02,4,174,29,5,1.0,0.10611483454704285,0.0,0.044405716471374035,0.044405716471374035,0.0,5,5,0.004333445802330971,0.0,0.00010712584480643272,0.0,0.0
ham18_pattern_mining,2026-03-19T13:39:09,0,175,30,0,0.875,0.37722247838974,0.0,0.1963533367961645,0.1963533367961645,0.0,5,5,0.01918063685297966,0.0,0.00045469682663679123,0.0,0.0
ham18_pattern_mining,2026-03-19T13:39:09,0,176,30,1,0.8125,0.5163899064064026,0.0,0.06300495006144047,0.06300495006144047,0.0,5,5,0.006120767910033464,0.0,0.00017972709611058235,0.0,0.0
ham18_pattern_mining,2026-03-19T13:39:09,0,177,30,2,0.84375,0.39678117632865906,0.0,0.03942787181586027,0.03942787181586027,0.0,5,5,0.0038052471354603767,0.0,0.0001375400461256504,0.0,0.0
ham18_pattern_mining,2026-03-19T13:39:09,0,178,30,3,0.82421875,0.45350515842437744,0.0,0.04039940424263477,0.04039940424263477,0.0,5,5,0.003907523117959499,0.0,0.00013241730630397797,0.0,0.0
ham18_pattern_mining,2026-03-19T13:39:10,0,179,30,4,0.8515625,0.48749208450317383,0.0,0.042066122405231,0.042066122405231,0.0,5,5,0.004067780915647745,0.0,0.00013883132487535477,0.0,0.0
ham18_pattern_mining,2026-03-19T13:39:10,0,180,30,5,0.0,3.415520191192627,0.0,0.04338729660958052,0.04338729660958052,0.0,5,5,0.004239493981003761,0.0,9.923567995429039e-05,0.0,0.0
ham18_pattern_mining,2026-03-19T13:39:13,1,175,30,0,0.85546875,0.3716367185115814,0.0,0.1275427918881178,0.1275427918881178,0.0,5,5,0.012510478030890226,0.0,0.00024380115792155266,0.0,0.0
ham18_pattern_mining,2026-03-19T13:39:13,1,176,30,1,0.78515625,0.5523471832275391,0.0,0.04066789988428354,0.04066789988428354,0.0,5,5,0.003939731977880001,0.0,0.0001270580105483532,0.0,0.0
ham18_pattern_mining,2026-03-19T13:39:13,1,177,30,2,0.76953125,0.5795935392379761,0.0,0.03373363986611366,0.03373363986611366,0.0,5,5,0.003255173098295927,0.0,0.00011819088831543922,0.0,0.0
ham18_pattern_mining,2026-03-19T13:39:13,1,178,30,3,0.8203125,0.4604361057281494,0.0,0.030911359935998917,0.030911359935998917,0.0,5,5,0.0029807761311531067,0.0,0.00011035986244678497,0.0,0.0
ham18_pattern_mining,2026-03-19T13:39:15,1,179,30,4,0.8359375,0.4821682870388031,0.0,0.03409281838685274,0.03409281838685274,0.0,5,5,0.003286519553512335,0.0,0.0001227622851729393,0.0,0.0
ham18_pattern_mining,2026-03-19T13:39:15,1,180,30,5,0.5,1.7928310632705688,0.0,0.033411672338843346,0.033411672338843346,0.0,5,5,0.003240956924855709,0.0,0.00010021030902862549,0.0,0.0
ham18_pattern_mining,2026-03-19T13:39:17,2,175,30,0,0.79296875,0.49769267439842224,0.0,0.1154225179925561,0.1154225179925561,0.0,5,5,0.011329048778861761,0.0,0.00021320302039384842,0.0,0.0
ham18_pattern_mining,2026-03-19T13:39:18,2,176,30,1,0.79296875,0.5845581889152527,0.0,0.04234194289892912,0.04234194289892912,0.0,5,5,0.004086263943463564,0.0,0.000147930346429348,0.0,0.0
ham18_pattern_mining,2026-03-19T13:39:18,2,177,30,2,0.80859375,0.4674927294254303,0.0,0.03227449953556061,0.03227449953556061,0.0,5,5,0.003113013692200184,0.0,0.00011443626135587692,0.0,0.0
ham18_pattern_mining,2026-03-19T13:39:18,2,178,30,3,0.80859375,0.49590426683425903,0.0,0.02970208879560232,0.02970208879560232,0.0,5,5,0.002859469037503004,0.0,0.00011073984205722809,0.0,0.0
ham18_pattern_mining,2026-03-19T13:39:19,2,179,30,4,0.8203125,0.45874863862991333,0.0,0.03365201875567436,0.03365201875567436,0.0,5,5,0.0032393778674304485,0.0,0.00012582400813698769,0.0,0.0
ham18_pattern_mining,2026-03-19T13:39:19,2,180,30,5,1.0,0.14769825339317322,0.0,0.034765671007335186,0.034765671007335186,0.0,5,5,0.00337704224511981,0.0,9.95248556137085e-05,0.0,0.0
ham18_pattern_mining,2026-03-19T13:39:21,3,175,30,0,0.83984375,0.4316900968551636,0.0,0.14780000317841768,0.14780000317841768,0.0,5,5,0.014495286159217358,0.0,0.00028471415862441063,0.0,0.0
ham18_pattern_mining,2026-03-19T13:39:21,3,176,30,1,0.828125,0.4301184117794037,0.0,0.046537499874830246,0.046537499874830246,0.0,5,5,0.004503494128584862,0.0,0.00015025585889816284,0.0,0.0
ham18_pattern_mining,2026-03-19T13:39:22,3,177,30,2,0.8046875,0.4547540545463562,0.0,0.04152081906795502,0.04152081906795502,0.0,5,5,0.0040173218585550785,0.0,0.0001347600482404232,0.0,0.0
ham18_pattern_mining,2026-03-19T13:39:22,3,178,30,3,0.80078125,0.496719628572464,0.0,0.03939890768378973,0.03939890768378973,0.0,5,5,0.003809656947851181,0.0,0.00013023382052779198,0.0,0.0
ham18_pattern_mining,2026-03-19T13:39:23,3,179,30,4,0.83984375,0.4410654306411743,0.0,0.04251812119036913,0.04251812119036913,0.0,5,5,0.004112635273486376,0.0,0.0001391768455505371,0.0,0.0
ham18_pattern_mining,2026-03-19T13:39:23,3,180,30,5,1.0,0.2669060230255127,0.0,0.042566671036183834,0.042566671036183834,0.0,5,5,0.004157818853855133,0.0,9.884824976325035e-05,0.0,0.0
ham18_pattern_mining,2026-03-19T13:39:25,4,175,30,0,0.84375,0.42180782556533813,0.0,0.18843029625713825,0.18843029625713825,0.0,5,5,0.0184162394143641,0.0,0.0004267902113497257,0.0,0.0
ham18_pattern_mining,2026-03-19T13:39:25,4,176,30,1,0.80078125,0.5613728165626526,0.0,0.06229174789041281,0.06229174789041281,0.0,5,5,0.006068084854632616,0.0,0.0001610899344086647,0.0,0.0
ham18_pattern_mining,2026-03-19T13:39:25,4,177,30,2,0.84375,0.46265262365341187,0.0,0.03876561764627695,0.03876561764627695,0.0,5,5,0.003748748917132616,0.0,0.00012781284749507904,0.0,0.0
ham18_pattern_mining,2026-03-19T13:39:25,4,178,30,3,0.82421875,0.45520490407943726,0.0,0.037955548614263535,0.037955548614263535,0.0,5,5,0.0036767669953405857,0.0,0.00011878786608576775,0.0,0.0
ham18_pattern_mining,2026-03-19T13:39:27,4,179,30,4,0.796875,0.5957735180854797,0.0,0.04208671860396862,0.04208671860396862,0.0,5,5,0.004064248874783516,0.0,0.0001444229856133461,0.0,0.0
ham18_pattern_mining,2026-03-19T13:39:27,4,180,30,5,1.0,0.08316408842802048,0.0,0.04209693055599928,0.04209693055599928,0.0,5,5,0.004104392137378454,0.0,0.0001053009182214737,0.0,0.0
ham18_pattern_mining,2026-03-19T13:39:33,0,181,31,0,0.85546875,0.39941173791885376,0.0,0.16043073032051325,0.16043073032051325,0.0,5,5,0.01567969797179103,0.0,0.00036337506026029587,0.0,0.0
ham18_pattern_mining,2026-03-19T13:39:33,0,182,31,1,0.84765625,0.43249690532684326,0.0,0.049952040426433086,0.049952040426433086,0.0,5,5,0.0048507158644497395,0.0,0.00014448817819356918,0.0,0.0
ham18_pattern_mining,2026-03-19T13:39:33,0,183,31,2,0.79296875,0.5165270566940308,0.0,0.03987841308116913,0.03987841308116913,0.0,5,5,0.003848765976727009,0.0,0.00013907533138990402,0.0,0.0
ham18_pattern_mining,2026-03-19T13:39:33,0,184,31,3,0.82421875,0.45785537362098694,0.0,0.04048420116305351,0.04048420116305351,0.0,5,5,0.003921603783965111,0.0,0.00012681633234024048,0.0,0.0
ham18_pattern_mining,2026-03-19T13:39:35,0,185,31,4,0.82421875,0.4716547131538391,0.0,0.04619825165718794,0.04619825165718794,0.0,5,5,0.004460350144654512,0.0,0.00015947502106428146,0.0,0.0
ham18_pattern_mining,2026-03-19T13:39:35,0,186,31,5,0.5,1.4897651672363281,0.0,0.041012861765921116,0.041012861765921116,0.0,5,5,0.003996158018708229,0.0,0.00010512815788388252,0.0,0.0
ham18_pattern_mining,2026-03-19T13:39:38,1,181,31,0,0.8125,0.4928573966026306,0.0,0.2497848914936185,0.2497848914936185,0.0,5,5,0.02440562704578042,0.0,0.0005728621035814285,0.0,0.0
ham18_pattern_mining,2026-03-19T13:39:38,1,182,31,1,0.859375,0.4183427691459656,0.0,0.06210061255842447,0.06210061255842447,0.0,5,5,0.006019415333867073,0.0,0.00019064592197537422,0.0,0.0
ham18_pattern_mining,2026-03-19T13:39:38,1,183,31,2,0.796875,0.5176368951797485,0.0,0.040539554320275784,0.040539554320275784,0.0,5,5,0.00392394233494997,0.0,0.0001300130970776081,0.0,0.0
ham18_pattern_mining,2026-03-19T13:39:38,1,184,31,3,0.8046875,0.49857741594314575,0.0,0.03984853159636259,0.03984853159636259,0.0,5,5,0.003852316178381443,0.0,0.00013253698125481606,0.0,0.0
ham18_pattern_mining,2026-03-19T13:39:40,1,185,31,4,0.85546875,0.46093541383743286,0.0,0.042254128493368626,0.042254128493368626,0.0,5,5,0.0040727900341153145,0.0,0.00015262281522154808,0.0,0.0
ham18_pattern_mining,2026-03-19T13:39:40,1,186,31,5,0.5,1.6172369718551636,0.0,0.04297592677175999,0.04297592677175999,0.0,5,5,0.004187137819826603,0.0,0.00011045485734939575,0.0,0.0
ham18_pattern_mining,2026-03-19T13:39:42,2,181,31,0,0.828125,0.448062002658844,0.0,0.17184161115437746,0.17184161115437746,0.0,5,5,0.016827932093292475,0.0,0.0003562290221452713,0.0,0.0
ham18_pattern_mining,2026-03-19T13:39:42,2,182,31,1,0.8203125,0.46792611479759216,0.0,0.04705829080194235,0.04705829080194235,0.0,5,5,0.0045510041527450085,0.0,0.00015482492744922638,0.0,0.0
ham18_pattern_mining,2026-03-19T13:39:42,2,183,31,2,0.84375,0.42195624113082886,0.0,0.04209355916827917,0.04209355916827917,0.0,5,5,0.004073101095855236,0.0,0.00013625482097268105,0.0,0.0
ham18_pattern_mining,2026-03-19T13:39:42,2,184,31,3,0.828125,0.4459728002548218,0.0,0.042575858533382416,0.042575858533382416,0.0,5,5,0.0041086687706410885,0.0,0.0001489170826971531,0.0,0.0
ham18_pattern_mining,2026-03-19T13:39:44,2,185,31,4,0.828125,0.4922512471675873,0.0,0.0421388354152441,0.0421388354152441,0.0,5,5,0.004071316681802273,0.0,0.00014256685972213745,0.0,0.0
ham18_pattern_mining,2026-03-19T13:39:44,2,186,31,5,0.0,2.374389886856079,0.0,0.04178314935415983,0.04178314935415983,0.0,5,5,0.004077402874827385,0.0,0.00010091206058859825,0.0,0.0
ham18_pattern_mining,2026-03-19T13:39:46,3,181,31,0,0.875,0.3379170894622803,0.0,0.15688196290284395,0.15688196290284395,0.0,5,5,0.015346580184996128,0.0,0.00034161610528826714,0.0,0.0
ham18_pattern_mining,2026-03-19T13:39:46,3,182,31,1,0.859375,0.39766740798950195,0.0,0.04175713285803795,0.04175713285803795,0.0,5,5,0.004036173224449158,0.0,0.00013954006135463715,0.0,0.0
ham18_pattern_mining,2026-03-19T13:39:46,3,183,31,2,0.83203125,0.456527978181839,0.0,0.04071461968123913,0.04071461968123913,0.0,5,5,0.00393657898530364,0.0,0.00013488298282027245,0.0,0.0
ham18_pattern_mining,2026-03-19T13:39:47,3,184,31,3,0.76953125,0.5578237175941467,0.0,0.03281032666563988,0.03281032666563988,0.0,5,5,0.0031645246781408787,0.0,0.00011650798842310905,0.0,0.0
ham18_pattern_mining,2026-03-19T13:39:48,3,185,31,4,0.84375,0.43944087624549866,0.0,0.0342022068798542,0.0342022068798542,0.0,5,5,0.0032881959341466427,0.0,0.00013202475383877754,0.0,0.0
ham18_pattern_mining,2026-03-19T13:39:48,3,186,31,5,0.5,1.4823497533798218,0.0,0.0342211639508605,0.0342211639508605,0.0,5,5,0.0033159940503537655,0.0,0.00010612234473228455,0.0,0.0
ham18_pattern_mining,2026-03-19T13:39:50,4,181,31,0,0.84375,0.4212513864040375,0.0,0.12335481122136116,0.12335481122136116,0.0,5,5,0.012071691919118166,0.0,0.00026378920301795006,0.0,0.0
ham18_pattern_mining,2026-03-19T13:39:50,4,182,31,1,0.80078125,0.5118152499198914,0.0,0.036005377769470215,0.036005377769470215,0.0,5,5,0.0034684198908507824,0.0,0.0001321178860962391,0.0,0.0
ham18_pattern_mining,2026-03-19T13:39:50,4,183,31,2,0.79296875,0.5258488655090332,0.0,0.03192750737071037,0.03192750737071037,0.0,5,5,0.0030742688104510307,0.0,0.00011848192662000656,0.0,0.0
ham18_pattern_mining,2026-03-19T13:39:50,4,184,31,3,0.8359375,0.4668452739715576,0.0,0.03516092896461487,0.03516092896461487,0.0,5,5,0.0033987550996243954,0.0,0.00011733779683709145,0.0,0.0
ham18_pattern_mining,2026-03-19T13:39:52,4,185,31,4,0.84375,0.42490100860595703,0.0,0.03395994193851948,0.03395994193851948,0.0,5,5,0.003268392290920019,0.0,0.00012760190293192863,0.0,0.0
ham18_pattern_mining,2026-03-19T13:39:52,4,186,31,5,1.0,0.09066707640886307,0.0,0.035330760292708874,0.035330760292708874,0.0,5,5,0.003423705231398344,0.0,0.00010937079787254333,0.0,0.0
ham18_pattern_mining,2026-03-19T13:39:58,0,187,32,0,0.8359375,0.4082792103290558,0.0,0.17067010048776865,0.17067010048776865,0.0,5,5,0.01665700087323785,0.0,0.0004100091755390167,0.0,0.0
ham18_pattern_mining,2026-03-19T13:39:58,0,188,32,1,0.81640625,0.49037256836891174,0.0,0.05753380712121725,0.05753380712121725,0.0,5,5,0.00558122294023633,0.0,0.00017215777188539505,0.0,0.0
ham18_pattern_mining,2026-03-19T13:39:58,0,189,32,2,0.8359375,0.4131110906600952,0.0,0.0419177021831274,0.0419177021831274,0.0,5,5,0.004053180105984211,0.0,0.00013859011232852936,0.0,0.0
ham18_pattern_mining,2026-03-19T13:39:58,0,190,32,3,0.859375,0.3843631148338318,0.0,0.04195523913949728,0.04195523913949728,0.0,5,5,0.004042111802846193,0.0,0.0001534121111035347,0.0,0.0
ham18_pattern_mining,2026-03-19T13:40:00,0,191,32,4,0.83203125,0.4602434039115906,0.0,0.04536961670964956,0.04536961670964956,0.0,5,5,0.004390754736959934,0.0,0.00014620693400502205,0.0,0.0
ham18_pattern_mining,2026-03-19T13:40:00,0,192,32,5,0.5,1.45899498462677,0.0,0.04347088746726513,0.04347088746726513,0.0,5,5,0.004244957119226456,0.0,0.00010213162750005722,0.0,0.0
ham18_pattern_mining,2026-03-19T13:40:02,1,187,32,0,0.83203125,0.42561909556388855,0.0,0.1922575617209077,0.1922575617209077,0.0,5,5,0.018829307053238153,0.0,0.00039644911885261536,0.0,0.0
ham18_pattern_mining,2026-03-19T13:40:02,1,188,32,1,0.78515625,0.5089807510375977,0.0,0.053051807917654514,0.053051807917654514,0.0,5,5,0.005145806819200516,0.0,0.00015937397256493568,0.0,0.0
ham18_pattern_mining,2026-03-19T13:40:03,1,189,32,2,0.81640625,0.46961840987205505,0.0,0.04797374829649925,0.04797374829649925,0.0,5,5,0.004650553222745657,0.0,0.00014682160690426826,0.0,0.0
ham18_pattern_mining,2026-03-19T13:40:03,1,190,32,3,0.82421875,0.45803147554397583,0.0,0.04460358992218971,0.04460358992218971,0.0,5,5,0.004329244140535593,0.0,0.00013111485168337822,0.0,0.0
ham18_pattern_mining,2026-03-19T13:40:04,1,191,32,4,0.8515625,0.4099465608596802,0.0,0.04132927395403385,0.04132927395403385,0.0,5,5,0.003992272075265646,0.0,0.00014065532013773918,0.0,0.0
ham18_pattern_mining,2026-03-19T13:40:04,1,192,32,5,1.0,0.1354832947254181,0.0,0.041749877855181694,0.041749877855181694,0.0,5,5,0.004077367950230837,0.0,9.761983528733253e-05,0.0,0.0
ham18_pattern_mining,2026-03-19T13:40:06,2,187,32,0,0.8671875,0.3806788921356201,0.0,0.2180354343727231,0.2180354343727231,0.0,5,5,0.02118629915639758,0.0,0.0006172442808747292,0.0,0.0
ham18_pattern_mining,2026-03-19T13:40:06,2,188,32,1,0.8203125,0.4729994535446167,0.0,0.058521353639662266,0.058521353639662266,0.0,5,5,0.005679313093423843,0.0,0.0001728222705423832,0.0,0.0
ham18_pattern_mining,2026-03-19T13:40:06,2,189,32,2,0.79296875,0.5389474630355835,0.0,0.03884920850396156,0.03884920850396156,0.0,5,5,0.003762616775929928,0.0,0.00012230407446622849,0.0,0.0
ham18_pattern_mining,2026-03-19T13:40:06,2,190,32,3,0.84375,0.4524458646774292,0.0,0.039975568652153015,0.039975568652153015,0.0,5,5,0.003867505118250847,0.0,0.00013005174696445465,0.0,0.0
ham18_pattern_mining,2026-03-19T13:40:08,2,191,32,4,0.87890625,0.38169869780540466,0.0,0.04134184680879116,0.04134184680879116,0.0,5,5,0.003991528879851103,0.0,0.00014265580102801323,0.0,0.0
ham18_pattern_mining,2026-03-19T13:40:08,2,192,32,5,0.5,1.5022329092025757,0.0,0.044825468212366104,0.044825468212366104,0.0,5,5,0.004361745901405811,0.0,0.0001208009198307991,0.0,0.0
ham18_pattern_mining,2026-03-19T13:40:10,3,187,32,0,0.859375,0.360894113779068,0.0,0.1576006319373846,0.1576006319373846,0.0,5,5,0.015425310004502535,0.0,0.0003347531892359257,0.0,0.0
ham18_pattern_mining,2026-03-19T13:40:10,3,188,32,1,0.875,0.4130287766456604,0.0,0.04571677651256323,0.04571677651256323,0.0,5,5,0.004415765404701233,0.0,0.00015591224655508995,0.0,0.0
ham18_pattern_mining,2026-03-19T13:40:10,3,189,32,2,0.80859375,0.48502016067504883,0.0,0.04100664984434843,0.04100664984434843,0.0,5,5,0.0039620050229132175,0.0,0.00013865996152162552,0.0,0.0
ham18_pattern_mining,2026-03-19T13:40:10,3,190,32,3,0.83203125,0.44955822825431824,0.0,0.04136024974286556,0.04136024974286556,0.0,5,5,0.00399748282507062,0.0,0.00013854214921593666,0.0,0.0
ham18_pattern_mining,2026-03-19T13:40:11,3,191,32,4,0.8515625,0.3828602433204651,0.0,0.041929357685148716,0.041929357685148716,0.0,5,5,0.004051224794238806,0.0,0.00014171097427606583,0.0,0.0
ham18_pattern_mining,2026-03-19T13:40:12,3,192,32,5,1.0,0.10254576802253723,0.0,0.04441473167389631,0.04441473167389631,0.0,5,5,0.004342045169323683,0.0,9.942799806594849e-05,0.0,0.0
ham18_pattern_mining,2026-03-19T13:40:14,4,187,32,0,0.87109375,0.37438154220581055,0.0,0.25318105705082417,0.25318105705082417,0.0,5,5,0.024775160010904074,0.0,0.0005429456941783428,0.0,0.0
ham18_pattern_mining,2026-03-19T13:40:14,4,188,32,1,0.83984375,0.4825126528739929,0.0,0.07180474232882261,0.07180474232882261,0.0,5,5,0.006976981181651354,0.0,0.00020349305123090744,0.0,0.0
ham18_pattern_mining,2026-03-19T13:40:14,4,189,32,2,0.83984375,0.49875542521476746,0.0,0.041777435690164566,0.041777435690164566,0.0,5,5,0.004039894789457321,0.0,0.00013784877955913544,0.0,0.0
ham18_pattern_mining,2026-03-19T13:40:14,4,190,32,3,0.80078125,0.4974997937679291,0.0,0.041933092288672924,0.041933092288672924,0.0,5,5,0.004044007044285536,0.0,0.0001493021845817566,0.0,0.0
ham18_pattern_mining,2026-03-19T13:40:15,4,191,32,4,0.8515625,0.3906203508377075,0.0,0.04188857972621918,0.04188857972621918,0.0,5,5,0.004044374916702509,0.0,0.0001444830559194088,0.0,0.0
ham18_pattern_mining,2026-03-19T13:40:15,4,192,32,5,0.0,3.2896392345428467,0.0,0.04636893980205059,0.04636893980205059,0.0,5,5,0.004513443913310766,0.0,0.00012345006689429283,0.0,0.0
ham18_pattern_mining,2026-03-19T13:40:22,0,193,33,0,0.87890625,0.36053287982940674,0.0,0.19895694218575954,0.19895694218575954,0.0,5,5,0.019437323790043592,0.0,0.000458370428532362,0.0,0.0
ham18_pattern_mining,2026-03-19T13:40:22,0,194,33,1,0.80859375,0.5639663338661194,0.0,0.052261301316320896,0.052261301316320896,0.0,5,5,0.005071286112070084,0.0,0.000154844019562006,0.0,0.0
ham18_pattern_mining,2026-03-19T13:40:22,0,195,33,2,0.890625,0.39662498235702515,0.0,0.041478932835161686,0.041478932835161686,0.0,5,5,0.004011963028460741,0.0,0.00013593025505542755,0.0,0.0
ham18_pattern_mining,2026-03-19T13:40:22,0,196,33,3,0.84375,0.43346697092056274,0.0,0.03999379929155111,0.03999379929155111,0.0,5,5,0.0038653649389743805,0.0,0.00013401499018073082,0.0,0.0
ham18_pattern_mining,2026-03-19T13:40:23,0,197,33,4,0.77734375,0.5348255634307861,0.0,0.04227832891047001,0.04227832891047001,0.0,5,5,0.00407298794016242,0.0,0.0001548449508845806,0.0,0.0
ham18_pattern_mining,2026-03-19T13:40:24,0,198,33,5,0.5,1.040384292602539,0.0,0.0416038790717721,0.0416038790717721,0.0,5,5,0.004059669096022844,0.0,0.00010071881115436554,0.0,0.0
ham18_pattern_mining,2026-03-19T13:40:26,1,193,33,0,0.875,0.35702189803123474,0.0,0.24647809099406004,0.24647809099406004,0.0,5,5,0.024089736863970757,0.0,0.0005580722354352474,0.0,0.0
ham18_pattern_mining,2026-03-19T13:40:26,1,194,33,1,0.80859375,0.4422568678855896,0.0,0.07254370488226414,0.07254370488226414,0.0,5,5,0.007043854799121618,0.0,0.00021051568910479546,0.0,0.0
ham18_pattern_mining,2026-03-19T13:40:26,1,195,33,2,0.84375,0.4014960527420044,0.0,0.04296791274100542,0.04296791274100542,0.0,5,5,0.004154161084443331,0.0,0.0001426301896572113,0.0,0.0
ham18_pattern_mining,2026-03-19T13:40:26,1,196,33,3,0.79296875,0.5214372873306274,0.0,0.042109182104468346,0.042109182104468346,0.0,5,5,0.004065359011292458,0.0,0.00014555919915437698,0.0,0.0
ham18_pattern_mining,2026-03-19T13:40:28,1,197,33,4,0.80078125,0.5517851114273071,0.0,0.04224530886858702,0.04224530886858702,0.0,5,5,0.004080215003341436,0.0,0.00014431588351726532,0.0,0.0
ham18_pattern_mining,2026-03-19T13:40:28,1,198,33,5,1.0,0.22953617572784424,0.0,0.04182749893516302,0.04182749893516302,0.0,5,5,0.004080770071595907,0.0,0.0001019798219203949,0.0,0.0
ham18_pattern_mining,2026-03-19T13:40:30,2,193,33,0,0.875,0.3500675559043884,0.0,0.14330250211060047,0.14330250211060047,0.0,5,5,0.014042390044778585,0.0,0.0002878601662814617,0.0,0.0
ham18_pattern_mining,2026-03-19T13:40:30,2,194,33,1,0.83984375,0.4683067798614502,0.0,0.041000680066645145,0.041000680066645145,0.0,5,5,0.003952360711991787,0.0,0.00014770729467272758,0.0,0.0
ham18_pattern_mining,2026-03-19T13:40:30,2,195,33,2,0.8515625,0.4106983542442322,0.0,0.04153544548898935,0.04153544548898935,0.0,5,5,0.004005890805274248,0.0,0.0001476537436246872,0.0,0.0
ham18_pattern_mining,2026-03-19T13:40:30,2,196,33,3,0.82421875,0.45180660486221313,0.0,0.041786846704781055,0.041786846704781055,0.0,5,5,0.004040488973259926,0.0,0.0001381956972181797,0.0,0.0
ham18_pattern_mining,2026-03-19T13:40:31,2,197,33,4,0.80859375,0.5234901309013367,0.0,0.044892323203384876,0.044892323203384876,0.0,5,5,0.004339468665421009,0.0,0.00014976365491747856,0.0,0.0
ham18_pattern_mining,2026-03-19T13:40:32,2,198,33,5,0.5,1.0831873416900635,0.0,0.04766562022268772,0.04766562022268772,0.0,5,5,0.004638990852981806,0.0,0.00012757116928696632,0.0,0.0
ham18_pattern_mining,2026-03-19T13:40:34,3,193,33,0,0.8984375,0.3096042573451996,0.0,0.14429509174078703,0.14429509174078703,0.0,5,5,0.01415605703368783,0.0,0.00027345214039087296,0.0,0.0
ham18_pattern_mining,2026-03-19T13:40:34,3,194,33,1,0.78125,0.5194956064224243,0.0,0.06852395832538605,0.06852395832538605,0.0,5,5,0.00666800094768405,0.0,0.00018439488485455513,0.0,0.0
ham18_pattern_mining,2026-03-19T13:40:34,3,195,33,2,0.83984375,0.42456310987472534,0.0,0.046699950471520424,0.046699950471520424,0.0,5,5,0.004523145966231823,0.0,0.00014684908092021942,0.0,0.0
ham18_pattern_mining,2026-03-19T13:40:35,3,196,33,3,0.86328125,0.40021538734436035,0.0,0.04116663243621588,0.04116663243621588,0.0,5,5,0.00398255605250597,0.0,0.00013410719111561775,0.0,0.0
ham18_pattern_mining,2026-03-19T13:40:36,3,197,33,4,0.83203125,0.4572712182998657,0.0,0.041576139628887177,0.041576139628887177,0.0,5,5,0.0040160780772566795,0.0,0.00014153588563203812,0.0,0.0
ham18_pattern_mining,2026-03-19T13:40:36,3,198,33,5,0.5,0.8860058784484863,0.0,0.042050364427268505,0.042050364427268505,0.0,5,5,0.0041047693230211735,0.0,0.00010026711970567703,0.0,0.0
ham18_pattern_mining,2026-03-19T13:40:38,4,193,33,0,0.87109375,0.3795568346977234,0.0,0.16926415264606476,0.16926415264606476,0.0,5,5,0.01657097926363349,0.0,0.0003554360009729862,0.0,0.0
ham18_pattern_mining,2026-03-19T13:40:38,4,194,33,1,0.8515625,0.4449155628681183,0.0,0.04764467943459749,0.04764467943459749,0.0,5,5,0.004607528913766146,0.0,0.00015693902969360352,0.0,0.0
ham18_pattern_mining,2026-03-19T13:40:38,4,195,33,2,0.8203125,0.4687139093875885,0.0,0.04122581798583269,0.04122581798583269,0.0,5,5,0.003988395910710096,0.0,0.00013418588787317276,0.0,0.0
ham18_pattern_mining,2026-03-19T13:40:38,4,196,33,3,0.87890625,0.3925011157989502,0.0,0.04124624188989401,0.04124624188989401,0.0,5,5,0.003988394048064947,0.0,0.00013623014092445374,0.0,0.0
ham18_pattern_mining,2026-03-19T13:40:39,4,197,33,4,0.8515625,0.4039780795574188,0.0,0.0423588789999485,0.0423588789999485,0.0,5,5,0.004083129111677408,0.0,0.00015275878831744194,0.0,0.0
ham18_pattern_mining,2026-03-19T13:40:40,4,198,33,5,1.0,0.07763824611902237,0.0,0.04480048082768917,0.04480048082768917,0.0,5,5,0.004373002797365189,0.0,0.00010704528540372849,0.0,0.0
ham18_pattern_mining,2026-03-19T13:40:46,0,199,34,0,0.88671875,0.31773626804351807,0.0,0.1669018343091011,0.1669018343091011,0.0,5,5,0.01630566269159317,0.0,0.0003845207393169403,0.0,0.0
ham18_pattern_mining,2026-03-19T13:40:46,0,200,34,1,0.84375,0.4540773630142212,0.0,0.04612910095602274,0.04612910095602274,0.0,5,5,0.004469844046980143,0.0,0.00014306604862213135,0.0,0.0
ham18_pattern_mining,2026-03-19T13:40:46,0,201,34,2,0.8203125,0.49186426401138306,0.0,0.04141313023865223,0.04141313023865223,0.0,5,5,0.004003894980996847,0.0,0.00013741804286837578,0.0,0.0
ham18_pattern_mining,2026-03-19T13:40:46,0,202,34,3,0.84765625,0.41499727964401245,0.0,0.0414742948487401,0.0414742948487401,0.0,5,5,0.004011825192719698,0.0,0.00013560429215431213,0.0,0.0
ham18_pattern_mining,2026-03-19T13:40:48,0,203,34,4,0.86328125,0.40680962800979614,0.0,0.041450588032603264,0.041450588032603264,0.0,5,5,0.00400325283408165,0.0,0.0001418059691786766,0.0,0.0
ham18_pattern_mining,2026-03-19T13:40:48,0,204,34,5,1.0,0.3423316776752472,0.0,0.04264697898179293,0.04264697898179293,0.0,5,5,0.004157999996095896,0.0,0.00010669790208339691,0.0,0.0
ham18_pattern_mining,2026-03-19T13:40:50,1,199,34,0,0.890625,0.34812551736831665,0.0,0.19710030872374773,0.19710030872374773,0.0,5,5,0.019225855823606253,0.0,0.00048417504876852036,0.0,0.0
ham18_pattern_mining,2026-03-19T13:40:50,1,200,34,1,0.8359375,0.4814940094947815,0.0,0.05333566106855869,0.05333566106855869,0.0,5,5,0.005169487092643976,0.0,0.00016407901421189308,0.0,0.0
ham18_pattern_mining,2026-03-19T13:40:50,1,201,34,2,0.85546875,0.4679482579231262,0.0,0.04242517054080963,0.04242517054080963,0.0,5,5,0.004105689004063606,0.0,0.00013682805001735687,0.0,0.0
ham18_pattern_mining,2026-03-19T13:40:51,1,202,34,3,0.84765625,0.37966006994247437,0.0,0.0403909757733345,0.0403909757733345,0.0,5,5,0.003904379904270172,0.0,0.0001347176730632782,0.0,0.0
ham18_pattern_mining,2026-03-19T13:40:52,1,203,34,4,0.79296875,0.5078288912773132,0.0,0.034434497356414795,0.034434497356414795,0.0,5,5,0.00331599498167634,0.0,0.0001274547539651394,0.0,0.0
ham18_pattern_mining,2026-03-19T13:40:52,1,204,34,5,0.0,3.419193983078003,0.0,0.0341785978525877,0.0341785978525877,0.0,5,5,0.0033374479971826077,0.0,8.041178807616234e-05,0.0,0.0
ham18_pattern_mining,2026-03-19T13:40:54,2,199,34,0,0.86328125,0.3220229744911194,0.0,0.12584929820150137,0.12584929820150137,0.0,5,5,0.01232753787189722,0.0,0.00025739194825291634,0.0,0.0
ham18_pattern_mining,2026-03-19T13:40:55,2,200,34,1,0.80078125,0.5183802843093872,0.0,0.07706241216510534,0.07706241216510534,0.0,5,5,0.007502447348088026,0.0,0.00020379386842250824,0.0,0.0
ham18_pattern_mining,2026-03-19T13:40:55,2,201,34,2,0.89453125,0.35190868377685547,0.0,0.04049201030284166,0.04049201030284166,0.0,5,5,0.003922840114682913,0.0,0.0001263609156012535,0.0,0.0
ham18_pattern_mining,2026-03-19T13:40:55,2,202,34,3,0.859375,0.42195039987564087,0.0,0.03425321076065302,0.03425321076065302,0.0,5,5,0.003301579039543867,0.0,0.00012374203652143478,0.0,0.0
ham18_pattern_mining,2026-03-19T13:40:56,2,203,34,4,0.8359375,0.5073594450950623,0.0,0.03260939382016659,0.03260939382016659,0.0,5,5,0.0031396187841892242,0.0,0.00012132059782743454,0.0,0.0
ham18_pattern_mining,2026-03-19T13:40:56,2,204,34,5,0.5,0.7949633598327637,0.0,0.03451267257332802,0.03451267257332802,0.0,5,5,0.0033735940232872963,0.0,7.767323404550552e-05,0.0,0.0
ham18_pattern_mining,2026-03-19T13:40:58,3,199,34,0,0.87890625,0.36444512009620667,0.0,0.1611460605636239,0.1611460605636239,0.0,5,5,0.01576693495735526,0.0,0.00034767109900712967,0.0,0.0
ham18_pattern_mining,2026-03-19T13:40:58,3,200,34,1,0.8203125,0.4672822654247284,0.0,0.04468262195587158,0.04468262195587158,0.0,5,5,0.004309939220547676,0.0,0.00015832297503948212,0.0,0.0
ham18_pattern_mining,2026-03-19T13:40:58,3,201,34,2,0.85546875,0.3688039481639862,0.0,0.04105892963707447,0.04105892963707447,0.0,5,5,0.0039693741127848625,0.0,0.00013651885092258453,0.0,0.0
ham18_pattern_mining,2026-03-19T13:40:58,3,202,34,3,0.875,0.4218347668647766,0.0,0.0414202781394124,0.0414202781394124,0.0,5,5,0.0040050470270216465,0.0,0.0001369807869195938,0.0,0.0
ham18_pattern_mining,2026-03-19T13:41:00,3,203,34,4,0.828125,0.43910160660743713,0.0,0.041480022482573986,0.041480022482573986,0.0,5,5,0.004008060321211815,0.0,0.00013994192704558372,0.0,0.0
ham18_pattern_mining,2026-03-19T13:41:00,3,204,34,5,1.0,0.15389969944953918,0.0,0.0449546379968524,0.0449546379968524,0.0,5,5,0.004390460904687643,0.0,0.00010500289499759674,0.0,0.0
ham18_pattern_mining,2026-03-19T13:41:02,4,199,34,0,0.87109375,0.39024272561073303,0.0,0.25102646090090275,0.25102646090090275,0.0,5,5,0.02451830031350255,0.0,0.0005843457765877247,0.0,0.0
ham18_pattern_mining,2026-03-19T13:41:02,4,200,34,1,0.8828125,0.38811320066452026,0.0,0.07561854086816311,0.07561854086816311,0.0,5,5,0.007358994334936142,0.0,0.00020285975188016891,0.0,0.0
ham18_pattern_mining,2026-03-19T13:41:02,4,201,34,2,0.87109375,0.37446683645248413,0.0,0.04035309422761202,0.04035309422761202,0.0,5,5,0.003901418298482895,0.0,0.00013389112427830696,0.0,0.0
ham18_pattern_mining,2026-03-19T13:41:03,4,202,34,3,0.85546875,0.3771461844444275,0.0,0.041501778177917004,0.041501778177917004,0.0,5,5,0.004015164915472269,0.0,0.0001350129023194313,0.0,0.0
ham18_pattern_mining,2026-03-19T13:41:03,4,203,34,4,0.81640625,0.42513829469680786,0.0,0.04185129888355732,0.04185129888355732,0.0,5,5,0.004046156071126461,0.0,0.00013897381722927094,0.0,0.0
ham18_pattern_mining,2026-03-19T13:41:03,4,204,34,5,1.0,0.09181114286184311,0.0,0.04826975520700216,0.04826975520700216,0.0,5,5,0.0047218757681548595,0.0,0.00010509975254535675,0.0,0.0
ham18_pattern_mining,2026-03-19T13:41:10,0,205,35,0,0.9140625,0.2950965464115143,0.0,0.13763004913926125,0.13763004913926125,0.0,5,5,0.013496005907654762,0.0,0.0002669990062713623,0.0,0.0
ham18_pattern_mining,2026-03-19T13:41:10,0,206,35,1,0.84765625,0.38220828771591187,0.0,0.04576615057885647,0.04576615057885647,0.0,5,5,0.004427539184689522,0.0,0.00014907587319612503,0.0,0.0
ham18_pattern_mining,2026-03-19T13:41:11,0,207,35,2,0.86328125,0.3767557740211487,0.0,0.03602391108870506,0.03602391108870506,0.0,5,5,0.0034697940573096275,0.0,0.00013259705156087875,0.0,0.0
ham18_pattern_mining,2026-03-19T13:41:11,0,208,35,3,0.83984375,0.416020929813385,0.0,0.033154371194541454,0.033154371194541454,0.0,5,5,0.0032036439515650272,0.0,0.0001117931678891182,0.0,0.0
ham18_pattern_mining,2026-03-19T13:41:12,0,209,35,4,0.8359375,0.48576751351356506,0.0,0.033668563701212406,0.033668563701212406,0.0,5,5,0.0032421681098639965,0.0,0.0001246882602572441,0.0,0.0
ham18_pattern_mining,2026-03-19T13:41:12,0,210,35,5,0.5,1.0710986852645874,0.0,0.033022849820554256,0.033022849820554256,0.0,5,5,0.003223598003387451,0.0,7.868697866797447e-05,0.0,0.0
ham18_pattern_mining,2026-03-19T13:41:14,1,205,35,0,0.86328125,0.3693034052848816,0.0,0.1172106759622693,0.1172106759622693,0.0,5,5,0.011507987976074219,0.0,0.00021307962015271187,0.0,0.0
ham18_pattern_mining,2026-03-19T13:41:15,1,206,35,1,0.8203125,0.46587902307510376,0.0,0.07126182317733765,0.07126182317733765,0.0,5,5,0.006929296068847179,0.0,0.00019688624888658524,0.0,0.0
ham18_pattern_mining,2026-03-19T13:41:15,1,207,35,2,0.81640625,0.41999122500419617,0.0,0.042954180389642715,0.042954180389642715,0.0,5,5,0.00415740767493844,0.0,0.00013801036402583122,0.0,0.0
ham18_pattern_mining,2026-03-19T13:41:15,1,208,35,3,0.828125,0.4440678358078003,0.0,0.03242042846977711,0.03242042846977711,0.0,5,5,0.0031343172304332256,0.0,0.00010772561654448509,0.0,0.0
ham18_pattern_mining,2026-03-19T13:41:16,1,209,35,4,0.8359375,0.47216010093688965,0.0,0.033442750573158264,0.033442750573158264,0.0,5,5,0.003218058031052351,0.0,0.00012621702626347542,0.0,0.0
ham18_pattern_mining,2026-03-19T13:41:16,1,210,35,5,0.0,3.6625332832336426,0.0,0.03282800316810608,0.03282800316810608,0.0,5,5,0.0032020541839301586,0.0,8.07461328804493e-05,0.0,0.0
ham18_pattern_mining,2026-03-19T13:41:18,2,205,35,0,0.90234375,0.34856823086738586,0.0,0.12803727760910988,0.12803727760910988,0.0,5,5,0.012551085092127323,0.0,0.0002526426687836647,0.0,0.0
ham18_pattern_mining,2026-03-19T13:41:18,2,206,35,1,0.86328125,0.3888838291168213,0.0,0.03358226269483566,0.03358226269483566,0.0,5,5,0.0032400754280388355,0.0,0.00011815084144473076,0.0,0.0
ham18_pattern_mining,2026-03-19T13:41:19,2,207,35,2,0.875,0.3551775813102722,0.0,0.032980600371956825,0.032980600371956825,0.0,5,5,0.003179354127496481,0.0,0.00011870590969920158,0.0,0.0
ham18_pattern_mining,2026-03-19T13:41:19,2,208,35,3,0.84375,0.42218053340911865,0.0,0.029438291676342487,0.029438291676342487,0.0,5,5,0.0028390279039740562,0.0,0.00010480126366019249,0.0,0.0
ham18_pattern_mining,2026-03-19T13:41:20,2,209,35,4,0.84765625,0.42388302087783813,0.0,0.03317415714263916,0.03317415714263916,0.0,5,5,0.003194078803062439,0.0,0.00012333691120147705,0.0,0.0
ham18_pattern_mining,2026-03-19T13:41:20,2,210,35,5,0.5,0.7779561877250671,0.0,0.03516598604619503,0.03516598604619503,0.0,5,5,0.003439591731876135,0.0,7.700687274336815e-05,0.0,0.0
ham18_pattern_mining,2026-03-19T13:41:22,3,205,35,0,0.87890625,0.32661667466163635,0.0,0.1321976538747549,0.1321976538747549,0.0,5,5,0.012954438105225563,0.0,0.0002653272822499275,0.0,0.0
ham18_pattern_mining,2026-03-19T13:41:22,3,206,35,1,0.8828125,0.3563474416732788,0.0,0.03641119226813316,0.03641119226813316,0.0,5,5,0.0035201869904994965,0.0,0.00012093223631381989,0.0,0.0
ham18_pattern_mining,2026-03-19T13:41:22,3,207,35,2,0.84375,0.40500354766845703,0.0,0.03995159640908241,0.03995159640908241,0.0,5,5,0.0038625397719442844,0.0,0.00013261986896395683,0.0,0.0
ham18_pattern_mining,2026-03-19T13:41:22,3,208,35,3,0.84375,0.4127596914768219,0.0,0.031875260174274445,0.031875260174274445,0.0,5,5,0.003071039915084839,0.0,0.00011648610234260559,0.0,0.0
ham18_pattern_mining,2026-03-19T13:41:24,3,209,35,4,0.85546875,0.4054630994796753,0.0,0.03631258383393288,0.03631258383393288,0.0,5,5,0.0035029961727559566,0.0,0.000128262210637331,0.0,0.0
ham18_pattern_mining,2026-03-19T13:41:24,3,210,35,5,0.5,0.5764692425727844,0.0,0.03327591810375452,0.03327591810375452,0.0,5,5,0.0032501239329576492,0.0,7.746787741780281e-05,0.0,0.0
ham18_pattern_mining,2026-03-19T13:41:26,4,205,35,0,0.89453125,0.3157634139060974,0.0,0.16872035339474678,0.16872035339474678,0.0,5,5,0.01650575827807188,0.0,0.0003662770614027977,0.0,0.0
ham18_pattern_mining,2026-03-19T13:41:26,4,206,35,1,0.82421875,0.43682727217674255,0.0,0.044477242045104504,0.044477242045104504,0.0,5,5,0.004303244408220053,0.0,0.00014447979629039764,0.0,0.0
ham18_pattern_mining,2026-03-19T13:41:26,4,207,35,2,0.88671875,0.3402402400970459,0.0,0.03388661891222,0.03388661891222,0.0,5,5,0.003267859108746052,0.0,0.00012080278247594833,0.0,0.0
ham18_pattern_mining,2026-03-19T13:41:26,4,208,35,3,0.8671875,0.41948604583740234,0.0,0.030921408906579018,0.030921408906579018,0.0,5,5,0.0029812240973114967,0.0,0.00011091679334640503,0.0,0.0
ham18_pattern_mining,2026-03-19T13:41:28,4,209,35,4,0.8515625,0.38838276267051697,0.0,0.03396955318748951,0.03396955318748951,0.0,5,5,0.0032663061283528805,0.0,0.00013064919039607048,0.0,0.0
ham18_pattern_mining,2026-03-19T13:41:28,4,210,35,5,0.0,5.165374755859375,0.0,0.035504368133842945,0.035504368133842945,0.0,5,5,0.003466809168457985,0.0,8.362764492630959e-05,0.0,0.0
ham18_pattern_mining,2026-03-19T13:41:34,0,211,36,0,0.90234375,0.2984258532524109,0.0,0.13568758033216,0.13568758033216,0.0,5,5,0.013275875244289637,0.0,0.000292882788926363,0.0,0.0
ham18_pattern_mining,2026-03-19T13:41:34,0,212,36,1,0.859375,0.4234420657157898,0.0,0.044935098849236965,0.044935098849236965,0.0,5,5,0.004339886829257011,0.0,0.0001536230556666851,0.0,0.0
ham18_pattern_mining,2026-03-19T13:41:34,0,213,36,2,0.83203125,0.4044397175312042,0.0,0.04068470560014248,0.04068470560014248,0.0,5,5,0.003932880703359842,0.0,0.0001355898566544056,0.0,0.0
ham18_pattern_mining,2026-03-19T13:41:34,0,214,36,3,0.84375,0.4224106967449188,0.0,0.041935439221560955,0.041935439221560955,0.0,5,5,0.0040475670248270035,0.0,0.00014597689732909203,0.0,0.0
ham18_pattern_mining,2026-03-19T13:41:35,0,215,36,4,0.86328125,0.3680557608604431,0.0,0.036549996584653854,0.036549996584653854,0.0,5,5,0.0035269116051495075,0.0,0.00012808805331587791,0.0,0.0
ham18_pattern_mining,2026-03-19T13:41:36,0,216,36,5,1.0,0.28397688269615173,0.0,0.03293365705758333,0.03293365705758333,0.0,5,5,0.0032187020406126976,0.0,7.46636651456356e-05,0.0,0.0
ham18_pattern_mining,2026-03-19T13:41:38,1,211,36,0,0.8984375,0.3027321994304657,0.0,0.1341354101896286,0.1341354101896286,0.0,5,5,0.013116100803017616,0.0,0.00029744021594524384,0.0,0.0
ham18_pattern_mining,2026-03-19T13:41:38,1,212,36,1,0.83984375,0.4302840232849121,0.0,0.04245928954333067,0.04245928954333067,0.0,5,5,0.00410427013412118,0.0,0.00014165882021188736,0.0,0.0
ham18_pattern_mining,2026-03-19T13:41:38,1,213,36,2,0.83203125,0.4315924644470215,0.0,0.04106437787413597,0.04106437787413597,0.0,5,5,0.003969586919993162,0.0,0.00013685086742043495,0.0,0.0
ham18_pattern_mining,2026-03-19T13:41:38,1,214,36,3,0.85546875,0.4113257825374603,0.0,0.03246139269322157,0.03246139269322157,0.0,5,5,0.003134074155241251,0.0,0.00011206511408090591,0.0,0.0
ham18_pattern_mining,2026-03-19T13:41:39,1,215,36,4,0.87890625,0.42809751629829407,0.0,0.03401291090995073,0.03401291090995073,0.0,5,5,0.0032677799463272095,0.0,0.00013351114466786385,0.0,0.0
ham18_pattern_mining,2026-03-19T13:41:39,1,216,36,5,1.0,0.4678483307361603,0.0,0.035111778415739536,0.035111778415739536,0.0,5,5,0.003430464770644903,0.0,8.071307092905045e-05,0.0,0.0
ham18_pattern_mining,2026-03-19T13:41:42,2,211,36,0,0.9140625,0.334440141916275,0.0,0.1165373669937253,0.1165373669937253,0.0,5,5,0.011435206048190594,0.0,0.00021853065118193626,0.0,0.0
ham18_pattern_mining,2026-03-19T13:41:42,2,212,36,1,0.84375,0.42224276065826416,0.0,0.04424337763339281,0.04424337763339281,0.0,5,5,0.004272175021469593,0.0,0.00015216274186968803,0.0,0.0
ham18_pattern_mining,2026-03-19T13:41:42,2,213,36,2,0.8671875,0.34219396114349365,0.0,0.038790758699178696,0.038790758699178696,0.0,5,5,0.003750900737941265,0.0,0.00012817513197660446,0.0,0.0
ham18_pattern_mining,2026-03-19T13:41:43,2,214,36,3,0.8046875,0.4951869547367096,0.0,0.03850170411169529,0.03850170411169529,0.0,5,5,0.00372943002730608,0.0,0.0001207403838634491,0.0,0.0
ham18_pattern_mining,2026-03-19T13:41:43,2,215,36,4,0.87890625,0.4116901755332947,0.0,0.04210223909467459,0.04210223909467459,0.0,5,5,0.004065916873514652,0.0,0.00014430703595280647,0.0,0.0
ham18_pattern_mining,2026-03-19T13:41:43,2,216,36,5,1.0,0.13073357939720154,0.0,0.04291736986488104,0.04291736986488104,0.0,5,5,0.004193747881799936,0.0,9.798910468816757e-05,0.0,0.0
ham18_pattern_mining,2026-03-19T13:41:46,3,211,36,0,0.890625,0.28047120571136475,0.0,0.24661590810865164,0.24661590810865164,0.0,5,5,0.024106292985379696,0.0,0.0005552978254854679,0.0,0.0
ham18_pattern_mining,2026-03-19T13:41:46,3,212,36,1,0.8515625,0.3974543809890747,0.0,0.0685787945985794,0.0685787945985794,0.0,5,5,0.00665638130158186,0.0,0.00020149815827608109,0.0,0.0
ham18_pattern_mining,2026-03-19T13:41:46,3,213,36,2,0.7890625,0.4692404270172119,0.0,0.044130138121545315,0.044130138121545315,0.0,5,5,0.004289636854082346,0.0,0.00012337695807218552,0.0,0.0
ham18_pattern_mining,2026-03-19T13:41:46,3,214,36,3,0.859375,0.3586644232273102,0.0,0.039713080041110516,0.039713080041110516,0.0,5,5,0.0038415100425481796,0.0,0.00012979796156287193,0.0,0.0
ham18_pattern_mining,2026-03-19T13:41:47,3,215,36,4,0.8515625,0.4250873923301697,0.0,0.04213766660541296,0.04213766660541296,0.0,5,5,0.004068449605256319,0.0,0.00014531705528497696,0.0,0.0
ham18_pattern_mining,2026-03-19T13:41:47,3,216,36,5,0.0,3.706437110900879,0.0,0.04452030174434185,0.04452030174434185,0.0,5,5,0.004351089242845774,0.0,0.00010094093158841133,0.0,0.0
ham18_pattern_mining,2026-03-19T13:41:50,4,211,36,0,0.875,0.32438358664512634,0.0,0.24518427904695272,0.24518427904695272,0.0,5,5,0.023945216089487076,0.0,0.0005732118152081966,0.0,0.0
ham18_pattern_mining,2026-03-19T13:41:50,4,212,36,1,0.86328125,0.39100128412246704,0.0,0.06450014188885689,0.06450014188885689,0.0,5,5,0.006271129008382559,0.0,0.00017888518050312996,0.0,0.0
ham18_pattern_mining,2026-03-19T13:41:50,4,213,36,2,0.84375,0.48473888635635376,0.0,0.03840863239020109,0.03840863239020109,0.0,5,5,0.0037196031771600246,0.0,0.00012126006186008453,0.0,0.0
ham18_pattern_mining,2026-03-19T13:41:50,4,214,36,3,0.8828125,0.3305208086967468,0.0,0.040229358710348606,0.040229358710348606,0.0,5,5,0.003899293951690197,0.0,0.00012364191934466362,0.0,0.0
ham18_pattern_mining,2026-03-19T13:41:51,4,215,36,4,0.8671875,0.3806285262107849,0.0,0.04191093146800995,0.04191093146800995,0.0,5,5,0.0040474808774888515,0.0,0.00014361226931214333,0.0,0.0
ham18_pattern_mining,2026-03-19T13:41:51,4,216,36,5,1.0,0.11471948772668839,0.0,0.04587572533637285,0.04587572533637285,0.0,5,5,0.00447871582582593,0.0,0.00010885670781135559,0.0,0.0
ham18_pattern_mining,2026-03-19T13:41:58,0,217,37,0,0.93359375,0.25973379611968994,0.0,0.13988415710628033,0.13988415710628033,0.0,5,5,0.013712585903704166,0.0,0.00027582980692386627,0.0,0.0
ham18_pattern_mining,2026-03-19T13:41:58,0,218,37,1,0.8828125,0.36150068044662476,0.0,0.04459934774786234,0.04459934774786234,0.0,5,5,0.004310559015721083,0.0,0.00014937575906515121,0.0,0.0
ham18_pattern_mining,2026-03-19T13:41:58,0,219,37,2,0.85546875,0.41451209783554077,0.0,0.042134132236242294,0.042134132236242294,0.0,5,5,0.004085689317435026,0.0,0.00012772390618920326,0.0,0.0
ham18_pattern_mining,2026-03-19T13:41:58,0,220,37,3,0.875,0.3526185154914856,0.0,0.03465606831014156,0.03465606831014156,0.0,5,5,0.003342451062053442,0.0,0.00012315576896071434,0.0,0.0
ham18_pattern_mining,2026-03-19T13:41:59,0,221,37,4,0.8828125,0.3084183633327484,0.0,0.05028387065976858,0.05028387065976858,0.0,5,5,0.004905216861516237,0.0,0.00012317020446062088,0.0,0.0
ham18_pattern_mining,2026-03-19T13:41:59,0,222,37,5,0.0,3.2325096130371094,0.0,0.03317377995699644,0.03317377995699644,0.0,5,5,0.003239140845835209,0.0,7.82371498644352e-05,0.0,0.0
ham18_pattern_mining,2026-03-19T13:42:02,1,217,37,0,0.90234375,0.31397750973701477,0.0,0.1737204985693097,0.1737204985693097,0.0,5,5,0.017007014714181423,0.0,0.00036503514274954796,0.0,0.0
ham18_pattern_mining,2026-03-19T13:42:02,1,218,37,1,0.86328125,0.4112488627433777,0.0,0.050713978707790375,0.050713978707790375,0.0,5,5,0.004914395976811647,0.0,0.00015700189396739006,0.0,0.0
ham18_pattern_mining,2026-03-19T13:42:02,1,219,37,2,0.8984375,0.33318382501602173,0.0,0.03417495638132095,0.03417495638132095,0.0,5,5,0.0032947054132819176,0.0,0.00012279022485017776,0.0,0.0
ham18_pattern_mining,2026-03-19T13:42:02,1,220,37,3,0.84765625,0.42088741064071655,0.0,0.03181861247867346,0.03181861247867346,0.0,5,5,0.0030717882327735424,0.0,0.0001100730150938034,0.0,0.0
ham18_pattern_mining,2026-03-19T13:42:04,1,221,37,4,0.84375,0.43174171447753906,0.0,0.04268366377800703,0.04268366377800703,0.0,5,5,0.004125798121094704,0.0,0.00014256825670599937,0.0,0.0
ham18_pattern_mining,2026-03-19T13:42:04,1,222,37,5,1.0,0.4296756684780121,0.0,0.04438722040504217,0.04438722040504217,0.0,5,5,0.004334388766437769,0.0,0.00010433327406644821,0.0,0.0
ham18_pattern_mining,2026-03-19T13:42:06,2,217,37,0,0.89453125,0.33261770009994507,0.0,0.23123558145016432,0.23123558145016432,0.0,5,5,0.02257056999951601,0.0,0.0005529881455004215,0.0,0.0
ham18_pattern_mining,2026-03-19T13:42:06,2,218,37,1,0.85546875,0.43426111340522766,0.0,0.059380894526839256,0.059380894526839256,0.0,5,5,0.005755189806222916,0.0,0.00018289964646100998,0.0,0.0
ham18_pattern_mining,2026-03-19T13:42:06,2,219,37,2,0.859375,0.3765740394592285,0.0,0.04111166577786207,0.04111166577786207,0.0,5,5,0.003967033699154854,0.0,0.00014413287863135338,0.0,0.0
ham18_pattern_mining,2026-03-19T13:42:07,2,220,37,3,0.83203125,0.4406227171421051,0.0,0.04788147285580635,0.04788147285580635,0.0,5,5,0.00464697415009141,0.0,0.0001411731354892254,0.0,0.0
ham18_pattern_mining,2026-03-19T13:42:08,2,221,37,4,0.87890625,0.35720640420913696,0.0,0.041709449142217636,0.041709449142217636,0.0,5,5,0.00401809997856617,0.0,0.00015284493565559387,0.0,0.0
ham18_pattern_mining,2026-03-19T13:42:08,2,222,37,5,1.0,0.10611354559659958,0.0,0.043482561595737934,0.043482561595737934,0.0,5,5,0.0042465319857001305,0.0,0.00010172417387366295,0.0,0.0
ham18_pattern_mining,2026-03-19T13:42:10,3,217,37,0,0.8984375,0.3109251856803894,0.0,0.15526528004556894,0.15526528004556894,0.0,5,5,0.015200585126876831,0.0,0.00032594287768006325,0.0,0.0
ham18_pattern_mining,2026-03-19T13:42:10,3,218,37,1,0.83203125,0.39905595779418945,0.0,0.05206997971981764,0.05206997971981764,0.0,5,5,0.005052756983786821,0.0,0.00015424098819494247,0.0,0.0
ham18_pattern_mining,2026-03-19T13:42:10,3,219,37,2,0.87109375,0.36348825693130493,0.0,0.04238340072333813,0.04238340072333813,0.0,5,5,0.0041010938584804535,0.0,0.00013724621385335922,0.0,0.0
ham18_pattern_mining,2026-03-19T13:42:10,3,220,37,3,0.8359375,0.4368124306201935,0.0,0.041875122115015984,0.041875122115015984,0.0,5,5,0.004052483011037111,0.0,0.00013502920046448708,0.0,0.0
ham18_pattern_mining,2026-03-19T13:42:12,3,221,37,4,0.875,0.34061750769615173,0.0,0.04185077268630266,0.04185077268630266,0.0,5,5,0.004041509237140417,0.0,0.0001435680314898491,0.0,0.0
ham18_pattern_mining,2026-03-19T13:42:12,3,222,37,5,0.0,4.231297016143799,0.0,0.042515299282968044,0.042515299282968044,0.0,5,5,0.004153592977672815,0.0,9.79369506239891e-05,0.0,0.0
ham18_pattern_mining,2026-03-19T13:42:14,4,217,37,0,0.89453125,0.30150067806243896,0.0,0.21139792166650295,0.21139792166650295,0.0,5,5,0.02062708418816328,0.0,0.0005127079784870148,0.0,0.0
ham18_pattern_mining,2026-03-19T13:42:14,4,218,37,1,0.87109375,0.3490082025527954,0.0,0.062351180240511894,0.062351180240511894,0.0,5,5,0.006056948099285364,0.0,0.00017816992476582527,0.0,0.0
ham18_pattern_mining,2026-03-19T13:42:14,4,219,37,2,0.890625,0.3710562586784363,0.0,0.0405445322394371,0.0405445322394371,0.0,5,5,0.0039257388561964035,0.0,0.00012871436774730682,0.0,0.0
ham18_pattern_mining,2026-03-19T13:42:14,4,220,37,3,0.86328125,0.4155023992061615,0.0,0.03944171126931906,0.03944171126931906,0.0,5,5,0.003821900114417076,0.0,0.00012227101251482964,0.0,0.0
ham18_pattern_mining,2026-03-19T13:42:16,4,221,37,4,0.88671875,0.33917850255966187,0.0,0.041279164142906666,0.041279164142906666,0.0,5,5,0.003981939051300287,0.0,0.00014597736299037933,0.0,0.0
ham18_pattern_mining,2026-03-19T13:42:16,4,222,37,5,0.0,4.232522010803223,0.0,0.04394351039081812,0.04394351039081812,0.0,5,5,0.004291093908250332,0.0,0.00010325713083148003,0.0,0.0
ham18_pattern_mining,2026-03-19T13:42:22,0,223,38,0,0.92578125,0.2616482675075531,0.0,0.20792688243091106,0.20792688243091106,0.0,5,5,0.020332729909569025,0.0,0.0004599583335220814,0.0,0.0
ham18_pattern_mining,2026-03-19T13:42:22,0,224,38,1,0.8671875,0.37285739183425903,0.0,0.1012428617104888,0.1012428617104888,0.0,5,5,0.009821807034313679,0.0,0.0003024791367352009,0.0,0.0
ham18_pattern_mining,2026-03-19T13:42:22,0,225,38,2,0.859375,0.3594679832458496,0.0,0.04892535973340273,0.04892535973340273,0.0,5,5,0.004743823781609535,0.0,0.00014871219173073769,0.0,0.0
ham18_pattern_mining,2026-03-19T13:42:22,0,226,38,3,0.859375,0.3660009503364563,0.0,0.0383563619107008,0.0383563619107008,0.0,5,5,0.003715459257364273,0.0,0.00012017693370580673,0.0,0.0
ham18_pattern_mining,2026-03-19T13:42:24,0,227,38,4,0.84765625,0.4022189974784851,0.0,0.04109054338186979,0.04109054338186979,0.0,5,5,0.003970487043261528,0.0,0.00013856729492545128,0.0,0.0
ham18_pattern_mining,2026-03-19T13:42:24,0,228,38,5,1.0,0.12777721881866455,0.0,0.04224070813506842,0.04224070813506842,0.0,5,5,0.00412644213065505,0.0,9.762868285179138e-05,0.0,0.0
ham18_pattern_mining,2026-03-19T13:42:26,1,223,38,0,0.91015625,0.2762524485588074,0.0,0.12478692922741175,0.12478692922741175,0.0,5,5,0.012222055811434984,0.0,0.0002566371113061905,0.0,0.0
ham18_pattern_mining,2026-03-19T13:42:26,1,224,38,1,0.82421875,0.4831838011741638,0.0,0.03536369185894728,0.03536369185894728,0.0,5,5,0.0034158281050622463,0.0,0.00012054108083248138,0.0,0.0
ham18_pattern_mining,2026-03-19T13:42:27,1,225,38,2,0.90234375,0.3222855031490326,0.0,0.03674122039228678,0.03674122039228678,0.0,5,5,0.0035396949388086796,0.0,0.00013442710041999817,0.0,0.0
ham18_pattern_mining,2026-03-19T13:42:27,1,226,38,3,0.8515625,0.4099465608596802,0.0,0.031404104083776474,0.031404104083776474,0.0,5,5,0.0030300524085760117,0.0,0.00011035799980163574,0.0,0.0
ham18_pattern_mining,2026-03-19T13:42:28,1,227,38,4,0.8515625,0.40264350175857544,0.0,0.034091221168637276,0.034091221168637276,0.0,5,5,0.0032841083593666553,0.0,0.00012501375749707222,0.0,0.0
ham18_pattern_mining,2026-03-19T13:42:28,1,228,38,5,1.0,0.13216078281402588,0.0,0.033740000799298286,0.033740000799298286,0.0,5,5,0.0032891016453504562,0.0,8.48984345793724e-05,0.0,0.0
ham18_pattern_mining,2026-03-19T13:42:30,2,223,38,0,0.8828125,0.32904893159866333,0.0,0.15256736893206835,0.15256736893206835,0.0,5,5,0.01490989001467824,0.0,0.00034684687852859497,0.0,0.0
ham18_pattern_mining,2026-03-19T13:42:30,2,224,38,1,0.86328125,0.35608813166618347,0.0,0.058256806805729866,0.058256806805729866,0.0,5,5,0.005659527610987425,0.0,0.00016615306958556175,0.0,0.0
ham18_pattern_mining,2026-03-19T13:42:30,2,225,38,2,0.87890625,0.3652881979942322,0.0,0.040539917536079884,0.040539917536079884,0.0,5,5,0.003918158821761608,0.0,0.00013583293184638023,0.0,0.0
ham18_pattern_mining,2026-03-19T13:42:30,2,226,38,3,0.875,0.36489948630332947,0.0,0.040771178901195526,0.040771178901195526,0.0,5,5,0.003943671006709337,0.0,0.00013344688341021538,0.0,0.0
ham18_pattern_mining,2026-03-19T13:42:32,2,227,38,4,0.83984375,0.4209994673728943,0.0,0.0417808722704649,0.0417808722704649,0.0,5,5,0.00403703423216939,0.0,0.0001410529948771,0.0,0.0
ham18_pattern_mining,2026-03-19T13:42:32,2,228,38,5,0.0,2.8086276054382324,0.0,0.04278298933058977,0.04278298933058977,0.0,5,5,0.004178368020802736,0.0,9.993091225624084e-05,0.0,0.0
ham18_pattern_mining,2026-03-19T13:42:34,3,223,38,0,0.8828125,0.30162566900253296,0.0,0.1627692859619856,0.1627692859619856,0.0,5,5,0.015906801912933588,0.0,0.0003701266832649708,0.0,0.0
ham18_pattern_mining,2026-03-19T13:42:34,3,224,38,1,0.8046875,0.4770481586456299,0.0,0.04661260172724724,0.04661260172724724,0.0,5,5,0.004511130042374134,0.0,0.00015013013035058975,0.0,0.0
ham18_pattern_mining,2026-03-19T13:42:34,3,225,38,2,0.88671875,0.32030197978019714,0.0,0.03240535967051983,0.03240535967051983,0.0,5,5,0.003127835225313902,0.0,0.00011270074173808098,0.0,0.0
ham18_pattern_mining,2026-03-19T13:42:34,3,226,38,3,0.90625,0.30148786306381226,0.0,0.03089830745011568,0.03089830745011568,0.0,5,5,0.002979836892336607,0.0,0.00010999385267496109,0.0,0.0
ham18_pattern_mining,2026-03-19T13:42:36,3,227,38,4,0.88671875,0.33948707580566406,0.0,0.03267540596425533,0.03267540596425533,0.0,5,5,0.003151478711515665,0.0,0.00011606188490986824,0.0,0.0
ham18_pattern_mining,2026-03-19T13:42:36,3,228,38,5,1.0,0.12151435762643814,0.0,0.03223135136067867,0.03223135136067867,0.0,5,5,0.0031401370652019978,0.0,8.299807086586952e-05,0.0,0.0
ham18_pattern_mining,2026-03-19T13:42:38,4,223,38,0,0.8828125,0.31962183117866516,0.0,0.18480639904737473,0.18480639904737473,0.0,5,5,0.018046273849904537,0.0,0.00043436605483293533,0.0,0.0
ham18_pattern_mining,2026-03-19T13:42:38,4,224,38,1,0.91796875,0.2704492211341858,0.0,0.06613782607018948,0.06613782607018948,0.0,5,5,0.006422451697289944,0.0,0.0001913309097290039,0.0,0.0
ham18_pattern_mining,2026-03-19T13:42:38,4,225,38,2,0.8515625,0.43630337715148926,0.0,0.04270803648978472,0.04270803648978472,0.0,5,5,0.004134136717766523,0.0,0.0001366669312119484,0.0,0.0
ham18_pattern_mining,2026-03-19T13:42:38,4,226,38,3,0.87109375,0.3518185615539551,0.0,0.0378514314070344,0.0378514314070344,0.0,5,5,0.003663914278149605,0.0,0.00012122886255383492,0.0,0.0
ham18_pattern_mining,2026-03-19T13:42:40,4,227,38,4,0.875,0.33942580223083496,0.0,0.04273866303265095,0.04273866303265095,0.0,5,5,0.004121650941669941,0.0,0.0001522153615951538,0.0,0.0
ham18_pattern_mining,2026-03-19T13:42:40,4,228,38,5,1.0,0.07390465587377548,0.0,0.04266080912202597,0.04266080912202597,0.0,5,5,0.0041618868708610535,0.0,0.0001041940413415432,0.0,0.0
ham18_pattern_mining,2026-03-19T13:42:47,0,229,39,0,0.88671875,0.3207964599132538,0.0,0.1539328508079052,0.1539328508079052,0.0,5,5,0.015040256083011627,0.0,0.0003530289977788925,0.0,0.0
ham18_pattern_mining,2026-03-19T13:42:47,0,230,39,1,0.87109375,0.34523487091064453,0.0,0.05837620701640844,0.05837620701640844,0.0,5,5,0.0056570228189229965,0.0,0.00018059788271784782,0.0,0.0
ham18_pattern_mining,2026-03-19T13:42:47,0,231,39,2,0.82421875,0.4099321961402893,0.0,0.04808626603335142,0.04808626603335142,0.0,5,5,0.004672324750572443,0.0,0.00013630185276269913,0.0,0.0
ham18_pattern_mining,2026-03-19T13:42:47,0,232,39,3,0.87109375,0.3488733470439911,0.0,0.03944822587072849,0.03944822587072849,0.0,5,5,0.003816175740212202,0.0,0.0001286468468606472,0.0,0.0
ham18_pattern_mining,2026-03-19T13:42:48,0,233,39,4,0.86328125,0.3704482913017273,0.0,0.04189183469861746,0.04189183469861746,0.0,5,5,0.004047211725264788,0.0,0.00014197174459695816,0.0,0.0
ham18_pattern_mining,2026-03-19T13:42:48,0,234,39,5,1.0,0.0988188236951828,0.0,0.04185774829238653,0.04185774829238653,0.0,5,5,0.004087760113179684,0.0,9.80147160589695e-05,0.0,0.0
ham18_pattern_mining,2026-03-19T13:42:51,1,229,39,0,0.8828125,0.34313201904296875,0.0,0.19957748241722584,0.19957748241722584,0.0,5,5,0.019532980863004923,0.0,0.0004247673787176609,0.0,0.0
ham18_pattern_mining,2026-03-19T13:42:51,1,230,39,1,0.859375,0.35802897810935974,0.0,0.05415096879005432,0.05415096879005432,0.0,5,5,0.005246536806225777,0.0,0.00016856007277965546,0.0,0.0
ham18_pattern_mining,2026-03-19T13:42:51,1,231,39,2,0.8515625,0.36596137285232544,0.0,0.040165288373827934,0.040165288373827934,0.0,5,5,0.0038844598457217216,0.0,0.00013206899166107178,0.0,0.0
ham18_pattern_mining,2026-03-19T13:42:51,1,232,39,3,0.8984375,0.30851221084594727,0.0,0.038781510666012764,0.038781510666012764,0.0,5,5,0.0037495330907404423,0.0,0.00012861797586083412,0.0,0.0
ham18_pattern_mining,2026-03-19T13:42:52,1,233,39,4,0.87109375,0.39505791664123535,0.0,0.042167529463768005,0.042167529463768005,0.0,5,5,0.004072031006217003,0.0,0.00014472194015979767,0.0,0.0
ham18_pattern_mining,2026-03-19T13:42:52,1,234,39,5,1.0,0.2848418354988098,0.0,0.04399114288389683,0.04399114288389683,0.0,5,5,0.004299618303775787,0.0,9.949598461389542e-05,0.0,0.0
ham18_pattern_mining,2026-03-19T13:42:55,2,229,39,0,0.8984375,0.302401065826416,0.0,0.20669796038419008,0.20669796038419008,0.0,5,5,0.020220793318003416,0.0,0.0004490027204155922,0.0,0.0
ham18_pattern_mining,2026-03-19T13:42:55,2,230,39,1,0.8671875,0.36132192611694336,0.0,0.053368364460766315,0.053368364460766315,0.0,5,5,0.005161477252840996,0.0,0.00017535919323563576,0.0,0.0
ham18_pattern_mining,2026-03-19T13:42:55,2,231,39,2,0.90625,0.3019864559173584,0.0,0.039822617545723915,0.039822617545723915,0.0,5,5,0.0038499338552355766,0.0,0.00013232789933681488,0.0,0.0
ham18_pattern_mining,2026-03-19T13:42:55,2,232,39,3,0.875,0.40637004375457764,0.0,0.039818319492042065,0.039818319492042065,0.0,5,5,0.003853436093777418,0.0,0.00012839585542678833,0.0,0.0
ham18_pattern_mining,2026-03-19T13:42:56,2,233,39,4,0.8671875,0.34898674488067627,0.0,0.04231043625622988,0.04231043625622988,0.0,5,5,0.004089260008186102,0.0,0.00014178361743688583,0.0,0.0
ham18_pattern_mining,2026-03-19T13:42:56,2,234,39,5,1.0,0.20853284001350403,0.0,0.04394381307065487,0.04394381307065487,0.0,5,5,0.004295537248253822,0.0,9.884405881166458e-05,0.0,0.0
ham18_pattern_mining,2026-03-19T13:42:59,3,229,39,0,0.8984375,0.2833225131034851,0.0,0.17677840311080217,0.17677840311080217,0.0,5,5,0.017318904399871826,0.0,0.0003589359112083912,0.0,0.0
ham18_pattern_mining,2026-03-19T13:42:59,3,230,39,1,0.84765625,0.3640379309654236,0.0,0.049940566532313824,0.049940566532313824,0.0,5,5,0.004832327365875244,0.0,0.00016172928735613823,0.0,0.0
ham18_pattern_mining,2026-03-19T13:42:59,3,231,39,2,0.9140625,0.270682692527771,0.0,0.04648001864552498,0.04648001864552498,0.0,5,5,0.004503539763391018,0.0,0.00014446210116147995,0.0,0.0
ham18_pattern_mining,2026-03-19T13:42:59,3,232,39,3,0.84765625,0.413638710975647,0.0,0.03878857474774122,0.03878857474774122,0.0,5,5,0.003749632276594639,0.0,0.00012922519817948341,0.0,0.0
ham18_pattern_mining,2026-03-19T13:43:00,3,233,39,4,0.88671875,0.35466545820236206,0.0,0.04232180304825306,0.04232180304825306,0.0,5,5,0.004085169173777103,0.0,0.00014701113104820251,0.0,0.0
ham18_pattern_mining,2026-03-19T13:43:00,3,234,39,5,1.0,0.17635996639728546,0.0,0.04214921500533819,0.04214921500533819,0.0,5,5,0.0041176932863891125,0.0,9.722821414470673e-05,0.0,0.0
ham18_pattern_mining,2026-03-19T13:43:03,4,229,39,0,0.90625,0.29589536786079407,0.0,0.1862136274576187,0.1862136274576187,0.0,5,5,0.01820544572547078,0.0,0.00041591702029109,0.0,0.0
ham18_pattern_mining,2026-03-19T13:43:03,4,230,39,1,0.8203125,0.41514021158218384,0.0,0.05263872444629669,0.05263872444629669,0.0,5,5,0.0050970506854355335,0.0,0.00016682175919413567,0.0,0.0
ham18_pattern_mining,2026-03-19T13:43:03,4,231,39,2,0.9140625,0.2603350877761841,0.0,0.04053192213177681,0.04053192213177681,0.0,5,5,0.003905634395778179,0.0,0.0001475578173995018,0.0,0.0
ham18_pattern_mining,2026-03-19T13:43:03,4,232,39,3,0.87109375,0.39442551136016846,0.0,0.039606839418411255,0.039606839418411255,0.0,5,5,0.0038316790014505386,0.0,0.00012900494039058685,0.0,0.0
ham18_pattern_mining,2026-03-19T13:43:04,4,233,39,4,0.89453125,0.33143001794815063,0.0,0.04191399086266756,0.04191399086266756,0.0,5,5,0.004049129318445921,0.0,0.0001422697678208351,0.0,0.0
ham18_pattern_mining,2026-03-19T13:43:04,4,234,39,5,1.0,0.07119884341955185,0.0,0.04281688015908003,0.04281688015908003,0.0,5,5,0.004176911897957325,0.0,0.00010477611795067787,0.0,0.0
ham18_pattern_mining,2026-03-19T13:43:11,0,235,40,0,0.8984375,0.2849975824356079,0.0,0.18592892680317163,0.18592892680317163,0.0,5,5,0.018153246957808733,0.0,0.0004396457225084305,0.0,0.0
ham18_pattern_mining,2026-03-19T13:43:11,0,236,40,1,0.88671875,0.28975775837898254,0.0,0.05534034688025713,0.05534034688025713,0.0,5,5,0.005369901657104492,0.0,0.00016413303092122078,0.0,0.0
ham18_pattern_mining,2026-03-19T13:43:11,0,237,40,2,0.89453125,0.2992236912250519,0.0,0.040636034682393074,0.040636034682393074,0.0,5,5,0.003929742146283388,0.0,0.00013386132195591927,0.0,0.0
ham18_pattern_mining,2026-03-19T13:43:11,0,238,40,3,0.8671875,0.3192214369773865,0.0,0.039359237998723984,0.039359237998723984,0.0,5,5,0.003798356745392084,0.0,0.00013756705448031425,0.0,0.0
ham18_pattern_mining,2026-03-19T13:43:12,0,239,40,4,0.890625,0.32558462023735046,0.0,0.0422223936766386,0.0422223936766386,0.0,5,5,0.004077486228197813,0.0,0.0001447531394660473,0.0,0.0
ham18_pattern_mining,2026-03-19T13:43:12,0,240,40,5,1.0,0.2676055133342743,0.0,0.04407007712870836,0.04407007712870836,0.0,5,5,0.004310118965804577,0.0,9.688874706625938e-05,0.0,0.0
ham18_pattern_mining,2026-03-19T13:43:15,1,235,40,0,0.88671875,0.28221842646598816,0.0,0.1538689248263836,0.1538689248263836,0.0,5,5,0.015064874198287725,0.0,0.0003220182843506336,0.0,0.0
ham18_pattern_mining,2026-03-19T13:43:15,1,236,40,1,0.90625,0.30206945538520813,0.0,0.04157565999776125,0.04157565999776125,0.0,5,5,0.00401901314035058,0.0,0.00013855285942554474,0.0,0.0
ham18_pattern_mining,2026-03-19T13:43:15,1,237,40,2,0.87890625,0.352577269077301,0.0,0.0414991145953536,0.0414991145953536,0.0,5,5,0.004012898076325655,0.0,0.00013701338320970535,0.0,0.0
ham18_pattern_mining,2026-03-19T13:43:15,1,238,40,3,0.8984375,0.3087787628173828,0.0,0.04170205909758806,0.04170205909758806,0.0,5,5,0.004031377844512463,0.0,0.0001388280652463436,0.0,0.0
ham18_pattern_mining,2026-03-19T13:43:16,1,239,40,4,0.83984375,0.4411731958389282,0.0,0.041819652542471886,0.041819652542471886,0.0,5,5,0.004040908999741077,0.0,0.00014105625450611115,0.0,0.0
ham18_pattern_mining,2026-03-19T13:43:16,1,240,40,5,0.5,0.8405101299285889,0.0,0.042231595143675804,0.042231595143675804,0.0,5,5,0.0041249035857617855,0.0,9.82559286057949e-05,0.0,0.0
ham18_pattern_mining,2026-03-19T13:43:19,2,235,40,0,0.9140625,0.2542019188404083,0.0,0.17133972141891718,0.17133972141891718,0.0,5,5,0.016711971256881952,0.0,0.0004220008850097656,0.0,0.0
ham18_pattern_mining,2026-03-19T13:43:19,2,236,40,1,0.90625,0.3010515868663788,0.0,0.05360756069421768,0.05360756069421768,0.0,5,5,0.005197980906814337,0.0,0.0001627751626074314,0.0,0.0
ham18_pattern_mining,2026-03-19T13:43:19,2,237,40,2,0.84375,0.4329238533973694,0.0,0.04086527042090893,0.04086527042090893,0.0,5,5,0.003951721824705601,0.0,0.00013480521738529205,0.0,0.0
ham18_pattern_mining,2026-03-19T13:43:19,2,238,40,3,0.85546875,0.3860280513763428,0.0,0.03894197754561901,0.03894197754561901,0.0,5,5,0.003767504822462797,0.0,0.00012669293209910393,0.0,0.0
ham18_pattern_mining,2026-03-19T13:43:20,2,239,40,4,0.8671875,0.33631929755210876,0.0,0.04194891545921564,0.04194891545921564,0.0,5,5,0.0040512909181416035,0.0,0.00014360062777996063,0.0,0.0
ham18_pattern_mining,2026-03-19T13:43:20,2,240,40,5,0.0,3.6143136024475098,0.0,0.042039789259433746,0.042039789259433746,0.0,5,5,0.004105125088244677,0.0,9.885383769869804e-05,0.0,0.0
ham18_pattern_mining,2026-03-19T13:43:23,3,235,40,0,0.9296875,0.24391591548919678,0.0,0.18192830961197615,0.18192830961197615,0.0,5,5,0.017738610971719027,0.0,0.0004542199894785881,0.0,0.0
ham18_pattern_mining,2026-03-19T13:43:23,3,236,40,1,0.89453125,0.2774243950843811,0.0,0.05523837637156248,0.05523837637156248,0.0,5,5,0.005364491604268551,0.0,0.00015934603288769722,0.0,0.0
ham18_pattern_mining,2026-03-19T13:43:23,3,237,40,2,0.87109375,0.31327980756759644,0.0,0.03972090780735016,0.03972090780735016,0.0,5,5,0.0038433559238910675,0.0,0.00012873485684394836,0.0,0.0
ham18_pattern_mining,2026-03-19T13:43:23,3,238,40,3,0.86328125,0.35895872116088867,0.0,0.03910396248102188,0.03910396248102188,0.0,5,5,0.0037848050706088543,0.0,0.00012559117749333382,0.0,0.0
ham18_pattern_mining,2026-03-19T13:43:24,3,239,40,4,0.8828125,0.31348320841789246,0.0,0.04195245914161205,0.04195245914161205,0.0,5,5,0.0040495130233466625,0.0,0.00014573289081454277,0.0,0.0
ham18_pattern_mining,2026-03-19T13:43:24,3,240,40,5,0.5,1.1019717454910278,0.0,0.04429975524544716,0.04429975524544716,0.0,5,5,0.0043284404091537,0.0,0.000101535115391016,0.0,0.0
ham18_pattern_mining,2026-03-19T13:43:27,4,235,40,0,0.90234375,0.2889379560947418,0.0,0.18800259567797184,0.18800259567797184,0.0,5,5,0.018360435962677002,0.0,0.00043982360512018204,0.0,0.0
ham18_pattern_mining,2026-03-19T13:43:27,4,236,40,1,0.92578125,0.25117552280426025,0.0,0.05327497608959675,0.05327497608959675,0.0,5,5,0.005167998839169741,0.0,0.00015949876978993416,0.0,0.0
ham18_pattern_mining,2026-03-19T13:43:27,4,237,40,2,0.828125,0.43226152658462524,0.0,0.04086853936314583,0.04086853936314583,0.0,5,5,0.003951604012399912,0.0,0.00013524992391467094,0.0,0.0
ham18_pattern_mining,2026-03-19T13:43:27,4,238,40,3,0.8828125,0.2962839603424072,0.0,0.039417073130607605,0.039417073130607605,0.0,5,5,0.003814366180449724,0.0,0.0001273411326110363,0.0,0.0
ham18_pattern_mining,2026-03-19T13:43:28,4,239,40,4,0.8203125,0.42931076884269714,0.0,0.04198356997221708,0.04198356997221708,0.0,5,5,0.004053039010614157,0.0,0.00014531798660755157,0.0,0.0
ham18_pattern_mining,2026-03-19T13:43:28,4,240,40,5,1.0,0.0952569916844368,0.0,0.04678587894886732,0.04678587894886732,0.0,5,5,0.004565135110169649,0.0,0.00011345278471708298,0.0,0.0
ham18_pattern_mining,2026-03-19T13:43:35,0,241,41,0,0.953125,0.21553769707679749,0.0,0.15983144287019968,0.15983144287019968,0.0,5,5,0.015614861156791449,0.0,0.00036828313022851944,0.0,0.0
ham18_pattern_mining,2026-03-19T13:43:35,0,242,41,1,0.86328125,0.3642730712890625,0.0,0.0671373913064599,0.0671373913064599,0.0,5,5,0.006536630913615227,0.0,0.00017710821703076363,0.0,0.0
ham18_pattern_mining,2026-03-19T13:43:35,0,243,41,2,0.890625,0.3097163140773773,0.0,0.03914547152817249,0.03914547152817249,0.0,5,5,0.003796841949224472,0.0,0.00011770520359277725,0.0,0.0
ham18_pattern_mining,2026-03-19T13:43:35,0,244,41,3,0.8671875,0.40615108609199524,0.0,0.0309665035456419,0.0309665035456419,0.0,5,5,0.0029856800101697445,0.0,0.00011097034439444542,0.0,0.0
ham18_pattern_mining,2026-03-19T13:43:36,0,245,41,4,0.9296875,0.23758791387081146,0.0,0.034070536494255066,0.034070536494255066,0.0,5,5,0.0032859276980161667,0.0,0.0001211259514093399,0.0,0.0
ham18_pattern_mining,2026-03-19T13:43:36,0,246,41,5,1.0,0.20686973631381989,0.0,0.03294870723038912,0.03294870723038912,0.0,5,5,0.0032068807631731033,0.0,8.798995986580849e-05,0.0,0.0
ham18_pattern_mining,2026-03-19T13:43:39,1,241,41,0,0.890625,0.3007511794567108,0.0,0.18707096111029387,0.18707096111029387,0.0,5,5,0.018338215071707964,0.0,0.0003688810393214226,0.0,0.0
ham18_pattern_mining,2026-03-19T13:43:39,1,242,41,1,0.875,0.36455288529396057,0.0,0.045755309984087944,0.045755309984087944,0.0,5,5,0.004428739193826914,0.0,0.00014679180458188057,0.0,0.0
ham18_pattern_mining,2026-03-19T13:43:39,1,243,41,2,0.8828125,0.32335975766181946,0.0,0.03988291136920452,0.03988291136920452,0.0,5,5,0.0038490332663059235,0.0,0.00013925787061452866,0.0,0.0
ham18_pattern_mining,2026-03-19T13:43:39,1,244,41,3,0.90234375,0.31508758664131165,0.0,0.03895319998264313,0.03895319998264313,0.0,5,5,0.003772198688238859,0.0,0.00012312131002545357,0.0,0.0
ham18_pattern_mining,2026-03-19T13:43:40,1,245,41,4,0.87109375,0.3542553782463074,0.0,0.04230529069900513,0.04230529069900513,0.0,5,5,0.004086403176188469,0.0,0.00014412589371204376,0.0,0.0
ham18_pattern_mining,2026-03-19T13:43:40,1,246,41,5,1.0,0.1084347739815712,0.0,0.04180298186838627,0.04180298186838627,0.0,5,5,0.004081919323652983,0.0,9.837886318564415e-05,0.0,0.0
ham18_pattern_mining,2026-03-19T13:43:43,2,241,41,0,0.921875,0.23108144104480743,0.0,0.14810760039836168,0.14810760039836168,0.0,5,5,0.014505492057651281,0.0,0.00030526798218488693,0.0,0.0
ham18_pattern_mining,2026-03-19T13:43:43,2,242,41,1,0.89453125,0.32591015100479126,0.0,0.04149775952100754,0.04149775952100754,0.0,5,5,0.0040150852873921394,0.0,0.00013469066470861435,0.0,0.0
ham18_pattern_mining,2026-03-19T13:43:43,2,243,41,2,0.91796875,0.2625134289264679,0.0,0.03974976949393749,0.03974976949393749,0.0,5,5,0.0038464930839836597,0.0,0.0001284838654100895,0.0,0.0
ham18_pattern_mining,2026-03-19T13:43:43,2,244,41,3,0.91015625,0.2971590757369995,0.0,0.039185830391943455,0.039185830391943455,0.0,5,5,0.0037956349551677704,0.0,0.0001229480840265751,0.0,0.0
ham18_pattern_mining,2026-03-19T13:43:44,2,245,41,4,0.86328125,0.35366523265838623,0.0,0.042143091559410095,0.042143091559410095,0.0,5,5,0.004074065014719963,0.0,0.00014024414122104645,0.0,0.0
ham18_pattern_mining,2026-03-19T13:43:44,2,246,41,5,0.0,3.190183162689209,0.0,0.044616018421947956,0.044616018421947956,0.0,5,5,0.0043629310093820095,0.0,9.86708328127861e-05,0.0,0.0
ham18_pattern_mining,2026-03-19T13:43:47,3,241,41,0,0.93359375,0.21215736865997314,0.0,0.13356380630284548,0.13356380630284548,0.0,5,5,0.013086937833577394,0.0,0.0002694427967071533,0.0,0.0
ham18_pattern_mining,2026-03-19T13:43:47,3,242,41,1,0.875,0.3623640835285187,0.0,0.04876979161053896,0.04876979161053896,0.0,5,5,0.004726917017251253,0.0,0.00015006214380264282,0.0,0.0
ham18_pattern_mining,2026-03-19T13:43:47,3,243,41,2,0.88671875,0.3670240342617035,0.0,0.03486471250653267,0.03486471250653267,0.0,5,5,0.003363299183547497,0.0,0.0001231720671057701,0.0,0.0
ham18_pattern_mining,2026-03-19T13:43:47,3,244,41,3,0.875,0.32505136728286743,0.0,0.041624573059380054,0.041624573059380054,0.0,5,5,0.0040235803462564945,0.0,0.00013887695968151093,0.0,0.0
ham18_pattern_mining,2026-03-19T13:43:48,3,245,41,4,0.8828125,0.313248872756958,0.0,0.04152901004999876,0.04152901004999876,0.0,5,5,0.004006522241979837,0.0,0.0001463787630200386,0.0,0.0
ham18_pattern_mining,2026-03-19T13:43:48,3,246,41,5,1.0,0.08250996470451355,0.0,0.04235893487930298,0.04235893487930298,0.0,5,5,0.004138522315770388,0.0,9.73711721599102e-05,0.0,0.0
ham18_pattern_mining,2026-03-19T13:43:51,4,241,41,0,0.92578125,0.24401389062404633,0.0,0.15167880337685347,0.15167880337685347,0.0,5,5,0.014843706972897053,0.0,0.00032417336478829384,0.0,0.0
ham18_pattern_mining,2026-03-19T13:43:51,4,242,41,1,0.8515625,0.35662585496902466,0.0,0.043180459178984165,0.043180459178984165,0.0,5,5,0.004176334943622351,0.0,0.00014171097427606583,0.0,0.0
ham18_pattern_mining,2026-03-19T13:43:51,4,243,41,2,0.91015625,0.2671145796775818,0.0,0.04152583424001932,0.04152583424001932,0.0,5,5,0.004013865254819393,0.0,0.00013871816918253899,0.0,0.0
ham18_pattern_mining,2026-03-19T13:43:51,4,244,41,3,0.89453125,0.3111792206764221,0.0,0.041409628465771675,0.041409628465771675,0.0,5,5,0.0040053087286651134,0.0,0.00013565411791205406,0.0,0.0
ham18_pattern_mining,2026-03-19T13:43:52,4,245,41,4,0.8828125,0.3248928487300873,0.0,0.04184884950518608,0.04184884950518608,0.0,5,5,0.004043610766530037,0.0,0.00014127418398857117,0.0,0.0
ham18_pattern_mining,2026-03-19T13:43:52,4,246,41,5,1.0,0.06721117347478867,0.0,0.04445856437087059,0.04445856437087059,0.0,5,5,0.004338736180216074,0.0,0.00010712025687098503,0.0,0.0
ham18_pattern_mining,2026-03-19T13:43:59,0,247,42,0,0.9296875,0.205516517162323,0.0,0.19300563726574183,0.19300563726574183,0.0,5,5,0.018875095061957836,0.0,0.00042546866461634636,0.0,0.0
ham18_pattern_mining,2026-03-19T13:43:59,0,248,42,1,0.85546875,0.40341025590896606,0.0,0.06391928531229496,0.06391928531229496,0.0,5,5,0.006202602759003639,0.0,0.00018932577222585678,0.0,0.0
ham18_pattern_mining,2026-03-19T13:43:59,0,249,42,2,0.90625,0.2539309859275818,0.0,0.03964232746511698,0.03964232746511698,0.0,5,5,0.0038337428122758865,0.0,0.00013048993423581123,0.0,0.0
ham18_pattern_mining,2026-03-19T13:43:59,0,250,42,3,0.91796875,0.2515038847923279,0.0,0.03852980677038431,0.03852980677038431,0.0,5,5,0.0037288316525518894,0.0,0.00012414902448654175,0.0,0.0
ham18_pattern_mining,2026-03-19T13:44:01,0,251,42,4,0.9375,0.2505490183830261,0.0,0.04182507749646902,0.04182507749646902,0.0,5,5,0.004038218874484301,0.0,0.00014428887516260147,0.0,0.0
ham18_pattern_mining,2026-03-19T13:44:01,0,252,42,5,1.0,0.15876048803329468,0.0,0.04021177999675274,0.04021177999675274,0.0,5,5,0.003923370037227869,0.0,9.780796244740486e-05,0.0,0.0
ham18_pattern_mining,2026-03-19T13:44:04,1,247,42,0,0.91796875,0.2696073353290558,0.0,0.25621972046792507,0.25621972046792507,0.0,5,5,0.02506066905334592,0.0,0.0005613029934465885,0.0,0.0
ham18_pattern_mining,2026-03-19T13:44:04,1,248,42,1,0.90625,0.2745910882949829,0.0,0.06764840800315142,0.06764840800315142,0.0,5,5,0.006585022900253534,0.0,0.00017981790006160736,0.0,0.0
ham18_pattern_mining,2026-03-19T13:44:04,1,249,42,2,0.890625,0.29482150077819824,0.0,0.03924892283976078,0.03924892283976078,0.0,5,5,0.0038155801594257355,0.0,0.00010931212455034256,0.0,0.0
ham18_pattern_mining,2026-03-19T13:44:04,1,250,42,3,0.9140625,0.2918069064617157,0.0,0.03513835370540619,0.03513835370540619,0.0,5,5,0.003425421193242073,0.0,8.841417729854584e-05,0.0,0.0
ham18_pattern_mining,2026-03-19T13:44:05,1,251,42,4,0.8984375,0.3222883343696594,0.0,0.04214840941131115,0.04214840941131115,0.0,5,5,0.004072439856827259,0.0,0.0001424010843038559,0.0,0.0
ham18_pattern_mining,2026-03-19T13:44:05,1,252,42,5,1.0,0.3664310872554779,0.0,0.043023088946938515,0.043023088946938515,0.0,5,5,0.004203455988317728,0.0,9.885290637612343e-05,0.0,0.0
ham18_pattern_mining,2026-03-19T13:44:08,2,247,42,0,0.94140625,0.18349027633666992,0.0,0.16820587683469057,0.16820587683469057,0.0,5,5,0.01644382392987609,0.0,0.000376763753592968,0.0,0.0
ham18_pattern_mining,2026-03-19T13:44:08,2,248,42,1,0.91796875,0.2623481750488281,0.0,0.061448714695870876,0.061448714695870876,0.0,5,5,0.0059646982699632645,0.0,0.00018017319962382317,0.0,0.0
ham18_pattern_mining,2026-03-19T13:44:08,2,249,42,2,0.87109375,0.3212656080722809,0.0,0.04127974156290293,0.04127974156290293,0.0,5,5,0.003991174045950174,0.0,0.0001368001103401184,0.0,0.0
ham18_pattern_mining,2026-03-19T13:44:08,2,250,42,3,0.890625,0.30995044112205505,0.0,0.04075562581419945,0.04075562581419945,0.0,5,5,0.00394000019878149,0.0,0.00013556238263845444,0.0,0.0
ham18_pattern_mining,2026-03-19T13:44:09,2,251,42,4,0.91796875,0.2824461758136749,0.0,0.04181693773716688,0.04181693773716688,0.0,5,5,0.00403731781989336,0.0,0.00014437595382332802,0.0,0.0
ham18_pattern_mining,2026-03-19T13:44:09,2,252,42,5,1.0,0.228459894657135,0.0,0.042048217728734016,0.042048217728734016,0.0,5,5,0.004100475925952196,0.0,0.00010434584692120552,0.0,0.0
ham18_pattern_mining,2026-03-19T13:44:12,3,247,42,0,0.9375,0.19122885167598724,0.0,0.2490395586937666,0.2490395586937666,0.0,5,5,0.02436513965949416,0.0,0.0005388162098824978,0.0,0.0
ham18_pattern_mining,2026-03-19T13:44:12,3,248,42,1,0.87890625,0.34326618909835815,0.0,0.06348582450300455,0.06348582450300455,0.0,5,5,0.006165228318423033,0.0,0.00018335413187742233,0.0,0.0
ham18_pattern_mining,2026-03-19T13:44:12,3,249,42,2,0.8984375,0.29252997040748596,0.0,0.04055663477629423,0.04055663477629423,0.0,5,5,0.003920972812920809,0.0,0.00013469066470861435,0.0,0.0
ham18_pattern_mining,2026-03-19T13:44:12,3,250,42,3,0.921875,0.22797782719135284,0.0,0.0417517451569438,0.0417517451569438,0.0,5,5,0.00403600325807929,0.0,0.00013917125761508942,0.0,0.0
ham18_pattern_mining,2026-03-19T13:44:13,3,251,42,4,0.87890625,0.34828102588653564,0.0,0.04184052813798189,0.04184052813798189,0.0,5,5,0.004040610045194626,0.0,0.0001434427686035633,0.0,0.0
ham18_pattern_mining,2026-03-19T13:44:13,3,252,42,5,1.0,0.3134769797325134,0.0,0.04153602756559849,0.04153602756559849,0.0,5,5,0.00405476288869977,0.0,9.883986786007881e-05,0.0,0.0
ham18_pattern_mining,2026-03-19T13:44:16,4,247,42,0,0.93359375,0.2190304845571518,0.0,0.14096068684011698,0.14096068684011698,0.0,5,5,0.013800589833408594,0.0,0.00029547885060310364,0.0,0.0
ham18_pattern_mining,2026-03-19T13:44:16,4,248,42,1,0.8828125,0.3247153162956238,0.0,0.04401722922921181,0.04401722922921181,0.0,5,5,0.004267212934792042,0.0,0.00013450998812913895,0.0,0.0
ham18_pattern_mining,2026-03-19T13:44:16,4,249,42,2,0.89453125,0.30721673369407654,0.0,0.04167812876403332,0.04167812876403332,0.0,5,5,0.00403258204460144,0.0,0.00013523083180189133,0.0,0.0
ham18_pattern_mining,2026-03-19T13:44:16,4,250,42,3,0.90234375,0.27496737241744995,0.0,0.041599804535508156,0.041599804535508156,0.0,5,5,0.004025636240839958,0.0,0.0001343442127108574,0.0,0.0
ham18_pattern_mining,2026-03-19T13:44:17,4,251,42,4,0.91796875,0.26713991165161133,0.0,0.04215901717543602,0.04215901717543602,0.0,5,5,0.004073896910995245,0.0,0.000142004806548357,0.0,0.0
ham18_pattern_mining,2026-03-19T13:44:17,4,252,42,5,0.0,3.8024380207061768,0.0,0.046131559647619724,0.046131559647619724,0.0,5,5,0.004508418031036854,0.0,0.00010473793372511864,0.0,0.0
ham18_pattern_mining,2026-03-19T13:44:24,0,253,43,0,0.953125,0.17645888030529022,0.0,0.16656854189932346,0.16656854189932346,0.0,5,5,0.016241834964603186,0.0,0.0004150192253291607,0.0,0.0
ham18_pattern_mining,2026-03-19T13:44:24,0,254,43,1,0.8984375,0.3073877692222595,0.0,0.05234902258962393,0.05234902258962393,0.0,5,5,0.005077098961919546,0.0,0.00015780329704284668,0.0,0.0
ham18_pattern_mining,2026-03-19T13:44:24,0,255,43,2,0.91796875,0.264972984790802,0.0,0.04099746700376272,0.04099746700376272,0.0,5,5,0.003960415720939636,0.0,0.00013933097943663597,0.0,0.0
ham18_pattern_mining,2026-03-19T13:44:24,0,256,43,3,0.91015625,0.2615705728530884,0.0,0.04096509888768196,0.04096509888768196,0.0,5,5,0.003958015237003565,0.0,0.00013849465176463127,0.0,0.0
ham18_pattern_mining,2026-03-19T13:44:25,0,257,43,4,0.921875,0.23820193111896515,0.0,0.040859258733689785,0.040859258733689785,0.0,5,5,0.003945432603359222,0.0,0.0001404932700097561,0.0,0.0
ham18_pattern_mining,2026-03-19T13:44:25,0,258,43,5,1.0,0.11205912381410599,0.0,0.041148257441818714,0.041148257441818714,0.0,5,5,0.00401637377217412,0.0,9.845197200775146e-05,0.0,0.0
ham18_pattern_mining,2026-03-19T13:44:28,1,253,43,0,0.921875,0.258258581161499,0.0,0.16718944534659386,0.16718944534659386,0.0,5,5,0.016333046834915876,0.0,0.0003858976997435093,0.0,0.0
ham18_pattern_mining,2026-03-19T13:44:28,1,254,43,1,0.9375,0.22194477915763855,0.0,0.05698724649846554,0.05698724649846554,0.0,5,5,0.005542507860809565,0.0,0.0001562167890369892,0.0,0.0
ham18_pattern_mining,2026-03-19T13:44:28,1,255,43,2,0.87109375,0.35625123977661133,0.0,0.03331450279802084,0.03331450279802084,0.0,5,5,0.0032196883112192154,0.0,0.00011176196858286858,0.0,0.0
ham18_pattern_mining,2026-03-19T13:44:28,1,256,43,3,0.91015625,0.2572985887527466,0.0,0.029698358848690987,0.029698358848690987,0.0,5,5,0.0028639379888772964,0.0,0.00010589789599180222,0.0,0.0
ham18_pattern_mining,2026-03-19T13:44:29,1,257,43,4,0.89453125,0.2634929120540619,0.0,0.03252652008086443,0.03252652008086443,0.0,5,5,0.0031337393447756767,0.0,0.00011891266331076622,0.0,0.0
ham18_pattern_mining,2026-03-19T13:44:29,1,258,43,5,1.0,0.10683413594961166,0.0,0.03290437627583742,0.03290437627583742,0.0,5,5,0.003215462900698185,0.0,7.497472688555717e-05,0.0,0.0
ham18_pattern_mining,2026-03-19T13:44:32,2,253,43,0,0.93359375,0.22204981744289398,0.0,0.1490149414166808,0.1490149414166808,0.0,5,5,0.014613172970712185,0.0,0.0002883211709558964,0.0,0.0
ham18_pattern_mining,2026-03-19T13:44:32,2,254,43,1,0.8671875,0.3807884454727173,0.0,0.051163858734071255,0.051163858734071255,0.0,5,5,0.004955939017236233,0.0,0.00016044685617089272,0.0,0.0
ham18_pattern_mining,2026-03-19T13:44:32,2,255,43,2,0.95703125,0.18779811263084412,0.0,0.040992400608956814,0.040992400608956814,0.0,5,5,0.003965569194406271,0.0,0.0001336708664894104,0.0,0.0
ham18_pattern_mining,2026-03-19T13:44:32,2,256,43,3,0.90234375,0.2747262716293335,0.0,0.0344913499429822,0.0344913499429822,0.0,5,5,0.0033365669660270214,0.0,0.00011256802827119827,0.0,0.0
ham18_pattern_mining,2026-03-19T13:44:33,2,257,43,4,0.9375,0.24479447305202484,0.0,0.03291116561740637,0.03291116561740637,0.0,5,5,0.0031754649244248867,0.0,0.00011565163731575012,0.0,0.0
ham18_pattern_mining,2026-03-19T13:44:33,2,258,43,5,1.0,0.11923566460609436,0.0,0.03386570140719414,0.03386570140719414,0.0,5,5,0.003309248946607113,0.0,7.732119411230087e-05,0.0,0.0
ham18_pattern_mining,2026-03-19T13:44:36,3,253,43,0,0.9296875,0.22852233052253723,0.0,0.1344263879582286,0.1344263879582286,0.0,5,5,0.013126784935593605,0.0,0.00031585386022925377,0.0,0.0
ham18_pattern_mining,2026-03-19T13:44:36,3,254,43,1,0.921875,0.258790522813797,0.0,0.04037193022668362,0.04037193022668362,0.0,5,5,0.003906120080500841,0.0,0.00013107294216752052,0.0,0.0
ham18_pattern_mining,2026-03-19T13:44:36,3,255,43,2,0.88671875,0.3179996907711029,0.0,0.04042214713990688,0.04042214713990688,0.0,5,5,0.003899647854268551,0.0,0.00014256685972213745,0.0,0.0
ham18_pattern_mining,2026-03-19T13:44:36,3,256,43,3,0.890625,0.2908862233161926,0.0,0.04070659168064594,0.04070659168064594,0.0,5,5,0.003938776906579733,0.0,0.00013188226148486137,0.0,0.0
ham18_pattern_mining,2026-03-19T13:44:37,3,257,43,4,0.921875,0.26099905371665955,0.0,0.04144452977925539,0.04144452977925539,0.0,5,5,0.004004125948995352,0.0,0.00014032702893018723,0.0,0.0
ham18_pattern_mining,2026-03-19T13:44:37,3,258,43,5,0.5,0.9266624450683594,0.0,0.04217549227178097,0.04217549227178097,0.0,5,5,0.004119389224797487,0.0,9.816000238060951e-05,0.0,0.0
ham18_pattern_mining,2026-03-19T13:44:40,4,253,43,0,0.93359375,0.19578617811203003,0.0,0.20767970010638237,0.20767970010638237,0.0,5,5,0.020296722184866667,0.0,0.0004712478257715702,0.0,0.0
ham18_pattern_mining,2026-03-19T13:44:40,4,254,43,1,0.90234375,0.26155921816825867,0.0,0.061765131540596485,0.061765131540596485,0.0,5,5,0.006012873258441687,0.0,0.00016363989561796188,0.0,0.0
ham18_pattern_mining,2026-03-19T13:44:40,4,255,43,2,0.9140625,0.2762443423271179,0.0,0.034784539602696896,0.034784539602696896,0.0,5,5,0.00336660398170352,0.0,0.00011184997856616974,0.0,0.0
ham18_pattern_mining,2026-03-19T13:44:40,4,256,43,3,0.9453125,0.1947329342365265,0.0,0.030409893952310085,0.030409893952310085,0.0,5,5,0.002936047036200762,0.0,0.00010494235903024673,0.0,0.0
ham18_pattern_mining,2026-03-19T13:44:41,4,257,43,4,0.8828125,0.3343085050582886,0.0,0.0330723961815238,0.0330723961815238,0.0,5,5,0.0031897309236228466,0.0,0.00011750869452953339,0.0,0.0
ham18_pattern_mining,2026-03-19T13:44:41,4,258,43,5,1.0,0.06202520430088043,0.0,0.03645520191639662,0.03645520191639662,0.0,5,5,0.0035640262067317963,0.0,8.149398490786552e-05,0.0,0.0
ham18_pattern_mining,2026-03-19T13:44:48,0,259,44,0,0.92578125,0.21448734402656555,0.0,0.14338594861328602,0.14338594861328602,0.0,5,5,0.014028710778802633,0.0,0.00030988408252596855,0.0,0.0
ham18_pattern_mining,2026-03-19T13:44:48,0,260,44,1,0.890625,0.3207350969314575,0.0,0.062477895990014076,0.062477895990014076,0.0,5,5,0.006081624887883663,0.0,0.00016616471111774445,0.0,0.0
ham18_pattern_mining,2026-03-19T13:44:48,0,261,44,2,0.9375,0.22252458333969116,0.0,0.04007154144346714,0.04007154144346714,0.0,5,5,0.003870114218443632,0.0,0.0001370399259030819,0.0,0.0
ham18_pattern_mining,2026-03-19T13:44:48,0,262,44,3,0.9140625,0.2499181032180786,0.0,0.040679299272596836,0.040679299272596836,0.0,5,5,0.003935046959668398,0.0,0.0001328829675912857,0.0,0.0
ham18_pattern_mining,2026-03-19T13:44:49,0,263,44,4,0.90625,0.270784854888916,0.0,0.042593078687787056,0.042593078687787056,0.0,5,5,0.004121772013604641,0.0,0.00013753585517406464,0.0,0.0
ham18_pattern_mining,2026-03-19T13:44:49,0,264,44,5,0.5,0.8927397727966309,0.0,0.04179622046649456,0.04179622046649456,0.0,5,5,0.004083753097802401,0.0,9.586894884705544e-05,0.0,0.0
ham18_pattern_mining,2026-03-19T13:44:52,1,259,44,0,0.921875,0.22424685955047607,0.0,0.17138133756816387,0.17138133756816387,0.0,5,5,0.01679171994328499,0.0,0.0003464138135313988,0.0,0.0
ham18_pattern_mining,2026-03-19T13:44:52,1,260,44,1,0.859375,0.3952074944972992,0.0,0.04133105743676424,0.04133105743676424,0.0,5,5,0.003991746809333563,0.0,0.00014135893434286118,0.0,0.0
ham18_pattern_mining,2026-03-19T13:44:52,1,261,44,2,0.9296875,0.25260066986083984,0.0,0.039064716547727585,0.039064716547727585,0.0,5,5,0.0037784078158438206,0.0,0.0001280638389289379,0.0,0.0
ham18_pattern_mining,2026-03-19T13:44:52,1,262,44,3,0.9140625,0.2703881859779358,0.0,0.0379050150513649,0.0379050150513649,0.0,5,5,0.0036674547009170055,0.0,0.00012304680421948433,0.0,0.0
ham18_pattern_mining,2026-03-19T13:44:53,1,263,44,4,0.89453125,0.30235788226127625,0.0,0.04144148901104927,0.04144148901104927,0.0,5,5,0.004005164839327335,0.0,0.0001389840617775917,0.0,0.0
ham18_pattern_mining,2026-03-19T13:44:53,1,264,44,5,1.0,0.3756777346134186,0.0,0.04197713918983936,0.04197713918983936,0.0,5,5,0.004101275932043791,0.0,9.643798694014549e-05,0.0,0.0
ham18_pattern_mining,2026-03-19T13:44:56,2,259,44,0,0.91796875,0.224048912525177,0.0,0.1439594617113471,0.1439594617113471,0.0,5,5,0.014103219378739595,0.0,0.0002927267923951149,0.0,0.0
ham18_pattern_mining,2026-03-19T13:44:56,2,260,44,1,0.87109375,0.31286802887916565,0.0,0.04528124816715717,0.04528124816715717,0.0,5,5,0.0043851519003510475,0.0,0.0001429729163646698,0.0,0.0
ham18_pattern_mining,2026-03-19T13:44:56,2,261,44,2,0.88671875,0.3412836492061615,0.0,0.03875059075653553,0.03875059075653553,0.0,5,5,0.003750225994735956,0.0,0.00012483308091759682,0.0,0.0
ham18_pattern_mining,2026-03-19T13:44:56,2,262,44,3,0.9140625,0.25077933073043823,0.0,0.038202605210244656,0.038202605210244656,0.0,5,5,0.003694005776196718,0.0,0.00012625474482774734,0.0,0.0
ham18_pattern_mining,2026-03-19T13:44:57,2,263,44,4,0.921875,0.24691800773143768,0.0,0.04124742932617664,0.04124742932617664,0.0,5,5,0.0039849779568612576,0.0,0.00013976497575640678,0.0,0.0
ham18_pattern_mining,2026-03-19T13:44:57,2,264,44,5,0.5,1.6283502578735352,0.0,0.041693709790706635,0.041693709790706635,0.0,5,5,0.0040731290355324745,0.0,9.624194353818893e-05,0.0,0.0
ham18_pattern_mining,2026-03-19T13:45:00,3,259,44,0,0.93359375,0.2119928002357483,0.0,0.14006521552801132,0.14006521552801132,0.0,5,5,0.013700161594897509,0.0,0.0003063599579036236,0.0,0.0
ham18_pattern_mining,2026-03-19T13:45:00,3,260,44,1,0.91015625,0.303558349609375,0.0,0.05767656024545431,0.05767656024545431,0.0,5,5,0.005608491133898497,0.0,0.0001591648906469345,0.0,0.0
ham18_pattern_mining,2026-03-19T13:45:00,3,261,44,2,0.85546875,0.37218421697616577,0.0,0.041694571264088154,0.041694571264088154,0.0,5,5,0.00403449684381485,0.0,0.00013496028259396553,0.0,0.0
ham18_pattern_mining,2026-03-19T13:45:00,3,262,44,3,0.921875,0.22566445171833038,0.0,0.04030275158584118,0.04030275158584118,0.0,5,5,0.003897448070347309,0.0,0.00013282708823680878,0.0,0.0
ham18_pattern_mining,2026-03-19T13:45:01,3,263,44,4,0.88671875,0.3301256000995636,0.0,0.04364799242466688,0.04364799242466688,0.0,5,5,0.004216064233332872,0.0,0.00014873500913381577,0.0,0.0
ham18_pattern_mining,2026-03-19T13:45:01,3,264,44,5,0.5,2.1592531204223633,0.0,0.04234165884554386,0.04234165884554386,0.0,5,5,0.004137433599680662,0.0,9.673228487372398e-05,0.0,0.0
ham18_pattern_mining,2026-03-19T13:45:04,4,259,44,0,0.94921875,0.18565937876701355,0.0,0.2608295436948538,0.2608295436948538,0.0,5,5,0.025523601099848747,0.0,0.000559353269636631,0.0,0.0
ham18_pattern_mining,2026-03-19T13:45:04,4,260,44,1,0.8984375,0.2743391990661621,0.0,0.06217036861926317,0.06217036861926317,0.0,5,5,0.006036771927028894,0.0,0.0001802649348974228,0.0,0.0
ham18_pattern_mining,2026-03-19T13:45:05,4,261,44,2,0.91796875,0.23765382170677185,0.0,0.042190938256680965,0.042190938256680965,0.0,5,5,0.0040833312086761,0.0,0.00013576261699199677,0.0,0.0
ham18_pattern_mining,2026-03-19T13:45:05,4,262,44,3,0.9140625,0.26850539445877075,0.0,0.03935033921152353,0.03935033921152353,0.0,5,5,0.0038055810146033764,0.0,0.0001294529065489769,0.0,0.0
ham18_pattern_mining,2026-03-19T13:45:06,4,263,44,4,0.93359375,0.19641196727752686,0.0,0.04252444487065077,0.04252444487065077,0.0,5,5,0.004098380915820599,0.0,0.00015406357124447823,0.0,0.0
ham18_pattern_mining,2026-03-19T13:45:06,4,264,44,5,1.0,0.08503474295139313,0.0,0.045330789871513844,0.045330789871513844,0.0,5,5,0.004401972983032465,0.0,0.00013110600411891937,0.0,0.0
ham18_pattern_mining,2026-03-19T13:45:13,0,265,45,0,0.9765625,0.15434877574443817,0.0,0.14248951338231564,0.14248951338231564,0.0,5,5,0.013929198030382395,0.0,0.0003197533078491688,0.0,0.0
ham18_pattern_mining,2026-03-19T13:45:14,0,266,45,1,0.90625,0.22180315852165222,0.0,0.044053359888494015,0.044053359888494015,0.0,5,5,0.004261468071490526,0.0,0.00014386791735887527,0.0,0.0
ham18_pattern_mining,2026-03-19T13:45:14,0,267,45,2,0.92578125,0.2277182936668396,0.0,0.044691595248878,0.044691595248878,0.0,5,5,0.004312895704060793,0.0,0.0001562638208270073,0.0,0.0
ham18_pattern_mining,2026-03-19T13:45:14,0,268,45,3,0.94140625,0.18151655793190002,0.0,0.03946045879274607,0.03946045879274607,0.0,5,5,0.003814159892499447,0.0,0.00013188598677515984,0.0,0.0
ham18_pattern_mining,2026-03-19T13:45:15,0,269,45,4,0.92578125,0.21980208158493042,0.0,0.04178764298558235,0.04178764298558235,0.0,5,5,0.004034641198813915,0.0,0.00014412309974431992,0.0,0.0
ham18_pattern_mining,2026-03-19T13:45:15,0,270,45,5,0.0,2.6455163955688477,0.0,0.04083251114934683,0.04083251114934683,0.0,5,5,0.003967047203332186,0.0,0.0001162039116024971,0.0,0.0
ham18_pattern_mining,2026-03-19T13:45:17,1,265,45,0,0.94140625,0.21439769864082336,0.0,0.18688171170651913,0.18688171170651913,0.0,5,5,0.01828738208860159,0.0,0.0004007890820503235,0.0,0.0
ham18_pattern_mining,2026-03-19T13:45:17,1,266,45,1,0.9453125,0.20577970147132874,0.0,0.05117607302963734,0.05117607302963734,0.0,5,5,0.004962296225130558,0.0,0.00015531107783317566,0.0,0.0
ham18_pattern_mining,2026-03-19T13:45:18,1,267,45,2,0.953125,0.215360626578331,0.0,0.04154082853347063,0.04154082853347063,0.0,5,5,0.004016601946204901,0.0,0.00013748090714216232,0.0,0.0
ham18_pattern_mining,2026-03-19T13:45:18,1,268,45,3,0.9296875,0.22018666565418243,0.0,0.0400222884491086,0.0400222884491086,0.0,5,5,0.003868423867970705,0.0,0.00013380497694015503,0.0,0.0
ham18_pattern_mining,2026-03-19T13:45:19,1,269,45,4,0.8984375,0.2858949899673462,0.0,0.04293279256671667,0.04293279256671667,0.0,5,5,0.004146750085055828,0.0,0.000146529171615839,0.0,0.0
ham18_pattern_mining,2026-03-19T13:45:19,1,270,45,5,1.0,0.13469432294368744,0.0,0.043375520035624504,0.043375520035624504,0.0,5,5,0.00421246699988842,0.0,0.0001250850036740303,0.0,0.0
ham18_pattern_mining,2026-03-19T13:45:22,2,265,45,0,0.94921875,0.17827193439006805,0.0,0.17856487073004246,0.17856487073004246,0.0,5,5,0.017481934744864702,0.0,0.00037455232813954353,0.0,0.0
ham18_pattern_mining,2026-03-19T13:45:22,2,266,45,1,0.9140625,0.21469582617282867,0.0,0.04661405924707651,0.04661405924707651,0.0,5,5,0.004513960797339678,0.0,0.00014744512736797333,0.0,0.0
ham18_pattern_mining,2026-03-19T13:45:22,2,267,45,2,0.8984375,0.31850194931030273,0.0,0.03987101837992668,0.03987101837992668,0.0,5,5,0.0038468302227556705,0.0,0.0001402716152369976,0.0,0.0
ham18_pattern_mining,2026-03-19T13:45:22,2,268,45,3,0.8984375,0.27831703424453735,0.0,0.04067542031407356,0.04067542031407356,0.0,5,5,0.003930933773517609,0.0,0.00013660825788974762,0.0,0.0
ham18_pattern_mining,2026-03-19T13:45:23,2,269,45,4,0.91796875,0.24272045493125916,0.0,0.0429020170122385,0.0429020170122385,0.0,5,5,0.004139319993555546,0.0,0.00015088170766830444,0.0,0.0
ham18_pattern_mining,2026-03-19T13:45:23,2,270,45,5,0.5,2.5745856761932373,0.0,0.04221058450639248,0.04221058450639248,0.0,5,5,0.004101455211639404,0.0,0.0001196032389998436,0.0,0.0
ham18_pattern_mining,2026-03-19T13:45:26,3,265,45,0,0.92578125,0.22516055405139923,0.0,0.13781322166323662,0.13781322166323662,0.0,5,5,0.013533594086766243,0.0,0.0002477280795574188,0.0,0.0
ham18_pattern_mining,2026-03-19T13:45:26,3,266,45,1,0.91015625,0.2609158754348755,0.0,0.04553078208118677,0.04553078208118677,0.0,5,5,0.004410926252603531,0.0,0.00014215195551514626,0.0,0.0
ham18_pattern_mining,2026-03-19T13:45:26,3,267,45,2,0.91796875,0.25922563672065735,0.0,0.039371377788484097,0.039371377788484097,0.0,5,5,0.0038110679015517235,0.0,0.00012606987729668617,0.0,0.0
ham18_pattern_mining,2026-03-19T13:45:26,3,268,45,3,0.88671875,0.3011873960494995,0.0,0.04150394815951586,0.04150394815951586,0.0,5,5,0.004016784951090813,0.0,0.0001336098648607731,0.0,0.0
ham18_pattern_mining,2026-03-19T13:45:27,3,269,45,4,0.9453125,0.2016698122024536,0.0,0.0423033582046628,0.0423033582046628,0.0,5,5,0.004086747765541077,0.0,0.00014358805492520332,0.0,0.0
ham18_pattern_mining,2026-03-19T13:45:27,3,270,45,5,1.0,0.3881320655345917,0.0,0.043629338033497334,0.043629338033497334,0.0,5,5,0.004246214870363474,0.0,0.00011671893298625946,0.0,0.0
ham18_pattern_mining,2026-03-19T13:45:30,4,265,45,0,0.96875,0.1601317673921585,0.0,0.1552210794761777,0.1552210794761777,0.0,5,5,0.015202209819108248,0.0,0.0003198981285095215,0.0,0.0
ham18_pattern_mining,2026-03-19T13:45:30,4,266,45,1,0.921875,0.24764421582221985,0.0,0.04234317224472761,0.04234317224472761,0.0,5,5,0.004093890078365803,0.0,0.0001404271461069584,0.0,0.0
ham18_pattern_mining,2026-03-19T13:45:30,4,267,45,2,0.921875,0.2358437329530716,0.0,0.04227520897984505,0.04227520897984505,0.0,5,5,0.004083977080881596,0.0,0.0001435438171029091,0.0,0.0
ham18_pattern_mining,2026-03-19T13:45:30,4,268,45,3,0.9375,0.226032093167305,0.0,0.04098760895431042,0.04098760895431042,0.0,5,5,0.003960692789405584,0.0,0.00013806810602545738,0.0,0.0
ham18_pattern_mining,2026-03-19T13:45:31,4,269,45,4,0.8671875,0.3183993101119995,0.0,0.0424314197152853,0.0424314197152853,0.0,5,5,0.004098415840417147,0.0,0.00014472613111138344,0.0,0.0
ham18_pattern_mining,2026-03-19T13:45:31,4,270,45,5,1.0,0.06390223652124405,0.0,0.04473976790904999,0.04473976790904999,0.0,5,5,0.004368383903056383,0.0,0.00010559288784861565,0.0,0.0
ham18_pattern_mining,2026-03-19T13:45:39,0,271,46,0,0.9453125,0.1820855736732483,0.0,0.19209829159080982,0.19209829159080982,0.0,5,5,0.01878360891714692,0.0,0.00042622024193406105,0.0,0.0
ham18_pattern_mining,2026-03-19T13:45:39,0,272,46,1,0.92578125,0.20573873817920685,0.0,0.051143448799848557,0.051143448799848557,0.0,5,5,0.004941100720316172,0.0,0.000173244159668684,0.0,0.0
ham18_pattern_mining,2026-03-19T13:45:39,0,273,46,2,0.9140625,0.24258354306221008,0.0,0.032888916321098804,0.032888916321098804,0.0,5,5,0.0031738998368382454,0.0,0.00011499179527163506,0.0,0.0
ham18_pattern_mining,2026-03-19T13:45:39,0,274,46,3,0.94140625,0.16765202581882477,0.0,0.031455052085220814,0.031455052085220814,0.0,5,5,0.003031482920050621,0.0,0.00011402228847146034,0.0,0.0
ham18_pattern_mining,2026-03-19T13:45:40,0,275,46,4,0.94921875,0.19389665126800537,0.0,0.03327899146825075,0.03327899146825075,0.0,5,5,0.0032010842114686966,0.0,0.00012681493535637856,0.0,0.0
ham18_pattern_mining,2026-03-19T13:45:40,0,276,46,5,1.0,0.17400559782981873,0.0,0.030668131075799465,0.030668131075799465,0.0,5,5,0.002990148961544037,0.0,7.666414603590965e-05,0.0,0.0
ham18_pattern_mining,2026-03-19T13:45:43,1,271,46,0,0.9609375,0.15774504840373993,0.0,0.11432221159338951,0.11432221159338951,0.0,5,5,0.01121762441471219,0.0,0.00021459674462676048,0.0,0.0
ham18_pattern_mining,2026-03-19T13:45:43,1,272,46,1,0.89453125,0.28412097692489624,0.0,0.03780003171414137,0.03780003171414137,0.0,5,5,0.0036620469763875008,0.0,0.00011795619502663612,0.0,0.0
ham18_pattern_mining,2026-03-19T13:45:43,1,273,46,2,0.94140625,0.20710930228233337,0.0,0.04745210520923138,0.04745210520923138,0.0,5,5,0.0045951069332659245,0.0,0.0001501035876572132,0.0,0.0
ham18_pattern_mining,2026-03-19T13:45:43,1,274,46,3,0.9140625,0.26221340894699097,0.0,0.03986647352576256,0.03986647352576256,0.0,5,5,0.0038533532060682774,0.0,0.00013329414650797844,0.0,0.0
ham18_pattern_mining,2026-03-19T13:45:44,1,275,46,4,0.91015625,0.23129652440547943,0.0,0.04144691862165928,0.04144691862165928,0.0,5,5,0.004007814917713404,0.0,0.00013687694445252419,0.0,0.0
ham18_pattern_mining,2026-03-19T13:45:44,1,276,46,5,0.5,2.4475104808807373,0.0,0.04331453237682581,0.04331453237682581,0.0,5,5,0.004213469102978706,0.0,0.00011798413470387459,0.0,0.0
ham18_pattern_mining,2026-03-19T13:45:47,2,271,46,0,0.953125,0.1716437041759491,0.0,0.1761123863980174,0.1761123863980174,0.0,5,5,0.017193631269037724,0.0,0.0004176073707640171,0.0,0.0
ham18_pattern_mining,2026-03-19T13:45:47,2,272,46,1,0.8203125,0.4262477159500122,0.0,0.09017414879053831,0.09017414879053831,0.0,5,5,0.008774496149271727,0.0,0.0002429187297821045,0.0,0.0
ham18_pattern_mining,2026-03-19T13:45:47,2,273,46,2,0.90625,0.2617111802101135,0.0,0.05095147993415594,0.05095147993415594,0.0,5,5,0.0049381619319319725,0.0,0.0001569860614836216,0.0,0.0
ham18_pattern_mining,2026-03-19T13:45:48,2,274,46,3,0.9140625,0.22469785809516907,0.0,0.038664801977574825,0.038664801977574825,0.0,5,5,0.003734786994755268,0.0,0.00013169320300221443,0.0,0.0
ham18_pattern_mining,2026-03-19T13:45:48,2,275,46,4,0.89453125,0.27948957681655884,0.0,0.04299297463148832,0.04299297463148832,0.0,5,5,0.004146654158830643,0.0,0.00015264330431818962,0.0,0.0
ham18_pattern_mining,2026-03-19T13:45:48,2,276,46,5,1.0,0.30692753195762634,0.0,0.04089029040187597,0.04089029040187597,0.0,5,5,0.0039895521476864815,0.0,9.94768925011158e-05,0.0,0.0
ham18_pattern_mining,2026-03-19T13:45:51,3,271,46,0,0.9453125,0.199480339884758,0.0,0.14103520661592484,0.14103520661592484,0.0,5,5,0.013785327784717083,0.0,0.00031819287687540054,0.0,0.0
ham18_pattern_mining,2026-03-19T13:45:51,3,272,46,1,0.87109375,0.35983580350875854,0.0,0.04733451176434755,0.04733451176434755,0.0,5,5,0.0045873671770095825,0.0,0.0001460839994251728,0.0,0.0
ham18_pattern_mining,2026-03-19T13:45:51,3,273,46,2,0.93359375,0.1907537281513214,0.0,0.03974721301347017,0.03974721301347017,0.0,5,5,0.0038477759808301926,0.0,0.00012694532051682472,0.0,0.0
ham18_pattern_mining,2026-03-19T13:45:52,3,274,46,3,0.8984375,0.32030564546585083,0.0,0.03878770396113396,0.03878770396113396,0.0,5,5,0.0037543452344834805,0.0,0.00012442516162991524,0.0,0.0
ham18_pattern_mining,2026-03-19T13:45:52,3,275,46,4,0.90234375,0.2522276043891907,0.0,0.04236461129039526,0.04236461129039526,0.0,5,5,0.004092040937393904,0.0,0.00014442019164562225,0.0,0.0
ham18_pattern_mining,2026-03-19T13:45:52,3,276,46,5,1.0,0.2897432744503021,0.0,0.04090794827789068,0.04090794827789068,0.0,5,5,0.003992951940745115,0.0,9.784288704395294e-05,0.0,0.0
ham18_pattern_mining,2026-03-19T13:45:55,4,271,46,0,0.953125,0.14896069467067719,0.0,0.1761414110660553,0.1761414110660553,0.0,5,5,0.017236289102584124,0.0,0.0003778520040214062,0.0,0.0
ham18_pattern_mining,2026-03-19T13:45:55,4,272,46,1,0.88671875,0.3005427122116089,0.0,0.04945339169353247,0.04945339169353247,0.0,5,5,0.004781938157975674,0.0,0.000163401011377573,0.0,0.0
ham18_pattern_mining,2026-03-19T13:45:55,4,273,46,2,0.90625,0.2565153241157532,0.0,0.04245625343173742,0.04245625343173742,0.0,5,5,0.004097064025700092,0.0,0.00014856131747364998,0.0,0.0
ham18_pattern_mining,2026-03-19T13:45:55,4,274,46,3,0.90625,0.23772810399532318,0.0,0.039443024434149265,0.039443024434149265,0.0,5,5,0.0038143503479659557,0.0,0.0001299520954489708,0.0,0.0
ham18_pattern_mining,2026-03-19T13:45:57,4,275,46,4,0.9375,0.20434457063674927,0.0,0.04217395558953285,0.04217395558953285,0.0,5,5,0.004074768163263798,0.0,0.00014262739568948746,0.0,0.0
ham18_pattern_mining,2026-03-19T13:45:57,4,276,46,5,1.0,0.054911643266677856,0.0,0.04448551218956709,0.04448551218956709,0.0,5,5,0.004344701301306486,0.0,0.00010384991765022278,0.0,0.0
ham18_pattern_mining,2026-03-19T13:46:04,0,277,47,0,0.96484375,0.14851394295692444,0.0,0.1429207669571042,0.1429207669571042,0.0,5,5,0.01398184197023511,0.0,0.0003102347254753113,0.0,0.0
ham18_pattern_mining,2026-03-19T13:46:04,0,278,47,1,0.91015625,0.2168329805135727,0.0,0.06075026001781225,0.06075026001781225,0.0,5,5,0.0059208800084888935,0.0,0.0001541459932923317,0.0,0.0
ham18_pattern_mining,2026-03-19T13:46:04,0,279,47,2,0.9296875,0.2421923577785492,0.0,0.040963590145111084,0.040963590145111084,0.0,5,5,0.003954717889428139,0.0,0.00014164112508296967,0.0,0.0
ham18_pattern_mining,2026-03-19T13:46:04,0,280,47,3,0.91796875,0.17867127060890198,0.0,0.040878779254853725,0.040878779254853725,0.0,5,5,0.0039536552503705025,0.0,0.00013422267511487007,0.0,0.0
ham18_pattern_mining,2026-03-19T13:46:05,0,281,47,4,0.92578125,0.21250884234905243,0.0,0.04174062982201576,0.04174062982201576,0.0,5,5,0.004031660035252571,0.0,0.00014240294694900513,0.0,0.0
ham18_pattern_mining,2026-03-19T13:46:05,0,282,47,5,1.0,0.11365048587322235,0.0,0.04055469762533903,0.04055469762533903,0.0,5,5,0.003959681838750839,0.0,9.578792378306389e-05,0.0,0.0
ham18_pattern_mining,2026-03-19T13:46:08,1,277,47,0,0.96875,0.1479678750038147,0.0,0.16212818678468466,0.16212818678468466,0.0,5,5,0.015857149846851826,0.0,0.0003556688316166401,0.0,0.0
ham18_pattern_mining,2026-03-19T13:46:08,1,278,47,1,0.91015625,0.2559230625629425,0.0,0.055332835763692856,0.055332835763692856,0.0,5,5,0.005364834796637297,0.0,0.0001684487797319889,0.0,0.0
ham18_pattern_mining,2026-03-19T13:46:08,1,279,47,2,0.921875,0.20530755817890167,0.0,0.046048820950090885,0.046048820950090885,0.0,5,5,0.004458295181393623,0.0,0.00014658691361546516,0.0,0.0
ham18_pattern_mining,2026-03-19T13:46:09,1,280,47,3,0.953125,0.1863197386264801,0.0,0.03900849260389805,0.03900849260389805,0.0,5,5,0.003773893229663372,0.0,0.0001269560307264328,0.0,0.0
ham18_pattern_mining,2026-03-19T13:46:10,1,281,47,4,0.91015625,0.26166215538978577,0.0,0.0429384782910347,0.0429384782910347,0.0,5,5,0.004151205066591501,0.0,0.0001426427625119686,0.0,0.0
ham18_pattern_mining,2026-03-19T13:46:10,1,282,47,5,0.5,0.910427451133728,0.0,0.04240528214722872,0.04240528214722872,0.0,5,5,0.004140785895287991,0.0,9.974231943488121e-05,0.0,0.0
ham18_pattern_mining,2026-03-19T13:46:12,2,277,47,0,0.953125,0.20081350207328796,0.0,0.138224009424448,0.138224009424448,0.0,5,5,0.013542467262595892,0.0,0.0002799336798489094,0.0,0.0
ham18_pattern_mining,2026-03-19T13:46:12,2,278,47,1,0.87890625,0.313187837600708,0.0,0.0651961425319314,0.0651961425319314,0.0,5,5,0.006347202230244875,0.0,0.00017241202294826508,0.0,0.0
ham18_pattern_mining,2026-03-19T13:46:12,2,279,47,2,0.94921875,0.1703418344259262,0.0,0.06486508995294571,0.06486508995294571,0.0,5,5,0.006328301969915628,0.0,0.0001582070253789425,0.0,0.0
ham18_pattern_mining,2026-03-19T13:46:12,2,280,47,3,0.9453125,0.1905244141817093,0.0,0.03849499858915806,0.03849499858915806,0.0,5,5,0.0037268726155161858,0.0,0.00012262724339962006,0.0,0.0
ham18_pattern_mining,2026-03-19T13:46:14,2,281,47,4,0.94140625,0.22819757461547852,0.0,0.04195632878690958,0.04195632878690958,0.0,5,5,0.004055507015436888,0.0,0.00014012586325407028,0.0,0.0
ham18_pattern_mining,2026-03-19T13:46:14,2,282,47,5,1.0,0.25637656450271606,0.0,0.04120321944355965,0.04120321944355965,0.0,5,5,0.004021782893687487,0.0,9.853905066847801e-05,0.0,0.0
ham18_pattern_mining,2026-03-19T13:46:16,3,277,47,0,0.94921875,0.17214787006378174,0.0,0.1913361018523574,0.1913361018523574,0.0,5,5,0.018744673114269972,0.0,0.0003889370709657669,0.0,0.0
ham18_pattern_mining,2026-03-19T13:46:16,3,278,47,1,0.87109375,0.3064582943916321,0.0,0.0516576087102294,0.0516576087102294,0.0,5,5,0.005014088936150074,0.0,0.00015167193487286568,0.0,0.0
ham18_pattern_mining,2026-03-19T13:46:17,3,279,47,2,0.92578125,0.1920243501663208,0.0,0.04172469489276409,0.04172469489276409,0.0,5,5,0.004028829745948315,0.0,0.00014363974332809448,0.0,0.0
ham18_pattern_mining,2026-03-19T13:46:17,3,280,47,3,0.92578125,0.22991496324539185,0.0,0.040115383453667164,0.040115383453667164,0.0,5,5,0.003877574112266302,0.0,0.00013396423310041428,0.0,0.0
ham18_pattern_mining,2026-03-19T13:46:18,3,281,47,4,0.953125,0.17881691455841064,0.0,0.04250320605933666,0.04250320605933666,0.0,5,5,0.004093747586011887,0.0,0.00015657301992177963,0.0,0.0
ham18_pattern_mining,2026-03-19T13:46:18,3,282,47,5,0.5,1.8717838525772095,0.0,0.03775537479668856,0.03775537479668856,0.0,5,5,0.003662330098450184,0.0,0.0001132073812186718,0.0,0.0
ham18_pattern_mining,2026-03-19T13:46:20,4,277,47,0,0.97265625,0.13536950945854187,0.0,0.20025311969220638,0.20025311969220638,0.0,5,5,0.01957916794344783,0.0,0.00044614402577281,0.0,0.0
ham18_pattern_mining,2026-03-19T13:46:20,4,278,47,1,0.92578125,0.20009133219718933,0.0,0.05993241909891367,0.05993241909891367,0.0,5,5,0.005818591918796301,0.0,0.00017464999109506607,0.0,0.0
ham18_pattern_mining,2026-03-19T13:46:21,4,279,47,2,0.9296875,0.2103137969970703,0.0,0.042425752617418766,0.042425752617418766,0.0,5,5,0.004103394225239754,0.0,0.00013918103650212288,0.0,0.0
ham18_pattern_mining,2026-03-19T13:46:21,4,280,47,3,0.94921875,0.1583889126777649,0.0,0.040127518586814404,0.040127518586814404,0.0,5,5,0.0038789138197898865,0.0,0.00013383803889155388,0.0,0.0
ham18_pattern_mining,2026-03-19T13:46:22,4,281,47,4,0.8984375,0.2738063633441925,0.0,0.04238646011799574,0.04238646011799574,0.0,5,5,0.004086760804057121,0.0,0.00015188520774245262,0.0,0.0
ham18_pattern_mining,2026-03-19T13:46:22,4,282,47,5,1.0,0.04998002573847771,0.0,0.04423377104103565,0.04423377104103565,0.0,5,5,0.004319852218031883,0.0,0.00010352488607168198,0.0,0.0
ham18_pattern_mining,2026-03-19T13:46:28,0,283,48,0,0.96875,0.13397915661334991,0.0,0.15808513388037682,0.15808513388037682,0.0,5,5,0.015425728168338537,0.0,0.00038278521969914436,0.0,0.0
ham18_pattern_mining,2026-03-19T13:46:28,0,284,48,1,0.921875,0.24788549542427063,0.0,0.04970901180058718,0.04970901180058718,0.0,5,5,0.004801989067345858,0.0,0.0001689121127128601,0.0,0.0
ham18_pattern_mining,2026-03-19T13:46:29,0,285,48,2,0.96875,0.14267167448997498,0.0,0.04089251160621643,0.04089251160621643,0.0,5,5,0.003946883138269186,0.0,0.00014236802235245705,0.0,0.0
ham18_pattern_mining,2026-03-19T13:46:29,0,286,48,3,0.921875,0.21237003803253174,0.0,0.03896589856594801,0.03896589856594801,0.0,5,5,0.0037730922922492027,0.0,0.00012349756434559822,0.0,0.0
ham18_pattern_mining,2026-03-19T13:46:30,0,287,48,4,0.90234375,0.26438021659851074,0.0,0.04179920069873333,0.04179920069873333,0.0,5,5,0.004028117749840021,0.0,0.00015180232003331184,0.0,0.0
ham18_pattern_mining,2026-03-19T13:46:30,0,288,48,5,1.0,0.41597700119018555,0.0,0.04473524633795023,0.04473524633795023,0.0,5,5,0.004359591752290726,0.0,0.00011393288150429726,0.0,0.0
ham18_pattern_mining,2026-03-19T13:46:32,1,283,48,0,0.9453125,0.1927565038204193,0.0,0.16297665890306234,0.16297665890306234,0.0,5,5,0.015916714910417795,0.0,0.0003809509798884392,0.0,0.0
ham18_pattern_mining,2026-03-19T13:46:32,1,284,48,1,0.953125,0.19745762646198273,0.0,0.04581156186759472,0.04581156186759472,0.0,5,5,0.0044201952405273914,0.0,0.00016096094623208046,0.0,0.0
ham18_pattern_mining,2026-03-19T13:46:32,1,285,48,2,0.8828125,0.28500881791114807,0.0,0.04094267729669809,0.04094267729669809,0.0,5,5,0.0039595868438482285,0.0,0.0001346808858215809,0.0,0.0
ham18_pattern_mining,2026-03-19T13:46:33,1,286,48,3,0.90234375,0.30778032541275024,0.0,0.04089980386197567,0.04089980386197567,0.0,5,5,0.003953098319470882,0.0,0.00013688206672668457,0.0,0.0
ham18_pattern_mining,2026-03-19T13:46:34,1,287,48,4,0.875,0.321259081363678,0.0,0.04109518136829138,0.04109518136829138,0.0,5,5,0.00397075479850173,0.0,0.00013876333832740784,0.0,0.0
ham18_pattern_mining,2026-03-19T13:46:34,1,288,48,5,0.5,1.2260979413986206,0.0,0.041964612901210785,0.041964612901210785,0.0,5,5,0.004093155264854431,0.0,0.00010330602526664734,0.0,0.0
ham18_pattern_mining,2026-03-19T13:46:36,2,283,48,0,0.94140625,0.17621275782585144,0.0,0.19106557592749596,0.19106557592749596,0.0,5,5,0.018653439823538065,0.0,0.0004531177692115307,0.0,0.0
ham18_pattern_mining,2026-03-19T13:46:36,2,284,48,1,0.9140625,0.2502613067626953,0.0,0.05190823692828417,0.05190823692828417,0.0,5,5,0.0050363196060061455,0.0,0.00015450408682227135,0.0,0.0
ham18_pattern_mining,2026-03-19T13:46:36,2,285,48,2,0.8984375,0.2487412393093109,0.0,0.041226004250347614,0.041226004250347614,0.0,5,5,0.003974037244915962,0.0,0.0001485631801187992,0.0,0.0
ham18_pattern_mining,2026-03-19T13:46:37,2,286,48,3,0.92578125,0.17692185938358307,0.0,0.042396802455186844,0.042396802455186844,0.0,5,5,0.004097666125744581,0.0,0.00014201411977410316,0.0,0.0
ham18_pattern_mining,2026-03-19T13:46:38,2,287,48,4,0.9375,0.22426843643188477,0.0,0.0425599655136466,0.0425599655136466,0.0,5,5,0.004112520720809698,0.0,0.00014347583055496216,0.0,0.0
ham18_pattern_mining,2026-03-19T13:46:38,2,288,48,5,0.0,4.991591930389404,0.0,0.04396932199597359,0.04396932199597359,0.0,5,5,0.004296924918889999,0.0,0.00010000728070735931,0.0,0.0
ham18_pattern_mining,2026-03-19T13:46:40,3,283,48,0,0.97265625,0.1486838012933731,0.0,0.19942136947065592,0.19942136947065592,0.0,5,5,0.019477402791380882,0.0,0.00046473415568470955,0.0,0.0
ham18_pattern_mining,2026-03-19T13:46:40,3,284,48,1,0.95703125,0.1726803183555603,0.0,0.07312694098800421,0.07312694098800421,0.0,5,5,0.007119988091289997,0.0,0.00019270600751042366,0.0,0.0
ham18_pattern_mining,2026-03-19T13:46:40,3,285,48,2,0.9140625,0.23574183881282806,0.0,0.041667562909424305,0.041667562909424305,0.0,5,5,0.004016203340142965,0.0,0.00015055295079946518,0.0,0.0
ham18_pattern_mining,2026-03-19T13:46:41,3,286,48,3,0.95703125,0.19321322441101074,0.0,0.0408094422891736,0.0408094422891736,0.0,5,5,0.003946772776544094,0.0,0.00013417145237326622,0.0,0.0
ham18_pattern_mining,2026-03-19T13:46:42,3,287,48,4,0.953125,0.17816080152988434,0.0,0.04241306334733963,0.04241306334733963,0.0,5,5,0.004092811141163111,0.0,0.00014849519357085228,0.0,0.0
ham18_pattern_mining,2026-03-19T13:46:42,3,288,48,5,1.0,0.45791366696357727,0.0,0.04311457276344299,0.04311457276344299,0.0,5,5,0.004185941070318222,0.0,0.00012551620602607727,0.0,0.0
ham18_pattern_mining,2026-03-19T13:46:44,4,283,48,0,0.98828125,0.1052439957857132,0.0,0.12868373189121485,0.12868373189121485,0.0,5,5,0.012631743215024471,0.0,0.00023662997409701347,0.0,0.0
ham18_pattern_mining,2026-03-19T13:46:44,4,284,48,1,0.91796875,0.24495911598205566,0.0,0.0453695934265852,0.0453695934265852,0.0,5,5,0.0043947212398052216,0.0,0.0001422381028532982,0.0,0.0
ham18_pattern_mining,2026-03-19T13:46:45,4,285,48,2,0.92578125,0.2004280388355255,0.0,0.04160727374255657,0.04160727374255657,0.0,5,5,0.00402615312486887,0.0,0.00013457424938678741,0.0,0.0
ham18_pattern_mining,2026-03-19T13:46:45,4,286,48,3,0.90625,0.2313760221004486,0.0,0.039702821522951126,0.039702821522951126,0.0,5,5,0.0038423840887844563,0.0,0.00012789806351065636,0.0,0.0
ham18_pattern_mining,2026-03-19T13:46:46,4,287,48,4,0.94140625,0.1847400814294815,0.0,0.04194207955151796,0.04194207955151796,0.0,5,5,0.004055342171341181,0.0,0.00013886578381061554,0.0,0.0
ham18_pattern_mining,2026-03-19T13:46:46,4,288,48,5,0.0,6.88594913482666,0.0,0.04486516583710909,0.04486516583710909,0.0,5,5,0.0043649026192724705,0.0,0.00012161396443843842,0.0,0.0
ham18_pattern_mining,2026-03-19T13:46:53,0,289,49,0,0.98046875,0.09691121429204941,0.0,0.16647448297590017,0.16647448297590017,0.0,5,5,0.016299233306199312,0.0,0.0003482149913907051,0.0,0.0
ham18_pattern_mining,2026-03-19T13:46:53,0,290,49,1,0.9296875,0.22731460630893707,0.0,0.05349019542336464,0.05349019542336464,0.0,5,5,0.005183281842619181,0.0,0.00016573769971728325,0.0,0.0
ham18_pattern_mining,2026-03-19T13:46:53,0,291,49,2,0.92578125,0.21193653345108032,0.0,0.041079288348555565,0.041079288348555565,0.0,5,5,0.00396758085116744,0.0,0.00014034798368811607,0.0,0.0
ham18_pattern_mining,2026-03-19T13:46:53,0,292,49,3,0.9609375,0.12351451814174652,0.0,0.04032112192362547,0.04032112192362547,0.0,5,5,0.003896431066095829,0.0,0.0001356811262667179,0.0,0.0
ham18_pattern_mining,2026-03-19T13:46:54,0,293,49,4,0.93359375,0.18079015612602234,0.0,0.04194197244942188,0.04194197244942188,0.0,5,5,0.004054598975926638,0.0,0.0001395982690155506,0.0,0.0
ham18_pattern_mining,2026-03-19T13:46:54,0,294,49,5,1.0,0.22562256455421448,0.0,0.041370708495378494,0.041370708495378494,0.0,5,5,0.004031437914818525,0.0,0.00010563293471932411,0.0,0.0
ham18_pattern_mining,2026-03-19T13:46:57,1,289,49,0,0.9453125,0.1860746145248413,0.0,0.1722123520448804,0.1722123520448804,0.0,5,5,0.01685825316235423,0.0,0.00036298204213380814,0.0,0.0
ham18_pattern_mining,2026-03-19T13:46:57,1,290,49,1,0.953125,0.19905208051204681,0.0,0.06023121066391468,0.06023121066391468,0.0,5,5,0.005838619079440832,0.0,0.0001845019869506359,0.0,0.0
ham18_pattern_mining,2026-03-19T13:46:57,1,291,49,2,0.9375,0.18336208164691925,0.0,0.04710869863629341,0.04710869863629341,0.0,5,5,0.004566438030451536,0.0,0.00014443183317780495,0.0,0.0
ham18_pattern_mining,2026-03-19T13:46:58,1,292,49,3,0.8984375,0.29728472232818604,0.0,0.038912552408874035,0.038912552408874035,0.0,5,5,0.0037563592195510864,0.0,0.00013489602133631706,0.0,0.0
ham18_pattern_mining,2026-03-19T13:46:59,1,293,49,4,0.94921875,0.15816855430603027,0.0,0.04138005431741476,0.04138005431741476,0.0,5,5,0.0039985026232898235,0.0,0.00013950280845165253,0.0,0.0
ham18_pattern_mining,2026-03-19T13:46:59,1,294,49,5,1.0,0.19039233028888702,0.0,0.042439415119588375,0.042439415119588375,0.0,5,5,0.004145181272178888,0.0,9.876023977994919e-05,0.0,0.0
ham18_pattern_mining,2026-03-19T13:47:02,2,289,49,0,0.96875,0.12830860912799835,0.0,0.1259239763021469,0.1259239763021469,0.0,5,5,0.012339585926383734,0.0,0.0002528117038309574,0.0,0.0
ham18_pattern_mining,2026-03-19T13:47:02,2,290,49,1,0.91796875,0.2341001331806183,0.0,0.055665094405412674,0.055665094405412674,0.0,5,5,0.0054106502793729305,0.0,0.00015585916116833687,0.0,0.0
ham18_pattern_mining,2026-03-19T13:47:02,2,291,49,2,0.91796875,0.24876752495765686,0.0,0.04143106285482645,0.04143106285482645,0.0,5,5,0.004004195332527161,0.0,0.0001389109529554844,0.0,0.0
ham18_pattern_mining,2026-03-19T13:47:02,2,292,49,3,0.9453125,0.19047683477401733,0.0,0.03886659163981676,0.03886659163981676,0.0,5,5,0.003761196043342352,0.0,0.0001254631206393242,0.0,0.0
ham18_pattern_mining,2026-03-19T13:47:03,2,293,49,4,0.97265625,0.12320604175329208,0.0,0.042500379495322704,0.042500379495322704,0.0,5,5,0.004104278050363064,0.0,0.00014575989916920662,0.0,0.0
ham18_pattern_mining,2026-03-19T13:47:03,2,294,49,5,0.5,0.6822760701179504,0.0,0.04374097101390362,0.04374097101390362,0.0,5,5,0.00425631133839488,0.0,0.00011778576299548149,0.0,0.0
ham18_pattern_mining,2026-03-19T13:47:06,3,289,49,0,0.96484375,0.13836422562599182,0.0,0.18682598136365414,0.18682598136365414,0.0,5,5,0.018318918999284506,0.0,0.0003636791370809078,0.0,0.0
ham18_pattern_mining,2026-03-19T13:47:06,3,290,49,1,0.921875,0.19388456642627716,0.0,0.046585495583713055,0.046585495583713055,0.0,5,5,0.004507697187364101,0.0,0.00015085237100720406,0.0,0.0
ham18_pattern_mining,2026-03-19T13:47:06,3,291,49,2,0.94140625,0.20802244544029236,0.0,0.04083189647644758,0.04083189647644758,0.0,5,5,0.003938623704016209,0.0,0.00014456594362854958,0.0,0.0
ham18_pattern_mining,2026-03-19T13:47:06,3,292,49,3,0.94140625,0.17057737708091736,0.0,0.04072928801178932,0.04072928801178932,0.0,5,5,0.003945135977119207,0.0,0.0001277928240597248,0.0,0.0
ham18_pattern_mining,2026-03-19T13:47:08,3,293,49,4,0.94140625,0.17390486598014832,0.0,0.041929930448532104,0.041929930448532104,0.0,5,5,0.004039200954139233,0.0,0.00015379209071397781,0.0,0.0
ham18_pattern_mining,2026-03-19T13:47:08,3,294,49,5,0.5,2.039959192276001,0.0,0.04371589981019497,0.04371589981019497,0.0,5,5,0.004256527870893478,0.0,0.00011506211012601852,0.0,0.0
ham18_pattern_mining,2026-03-19T13:47:10,4,289,49,0,0.9375,0.1891089379787445,0.0,0.19944575149565935,0.19944575149565935,0.0,5,5,0.019509598147124052,0.0,0.0004349770024418831,0.0,0.0
ham18_pattern_mining,2026-03-19T13:47:10,4,290,49,1,0.95703125,0.15724964439868927,0.0,0.05439282860606909,0.05439282860606909,0.0,5,5,0.005277597811073065,0.0,0.000161685049533844,0.0,0.0
ham18_pattern_mining,2026-03-19T13:47:11,4,291,49,2,0.953125,0.16891397535800934,0.0,0.044832886196672916,0.044832886196672916,0.0,5,5,0.004333193879574537,0.0,0.00015009474009275436,0.0,0.0
ham18_pattern_mining,2026-03-19T13:47:11,4,292,49,3,0.97265625,0.12427600473165512,0.0,0.04131297115236521,0.04131297115236521,0.0,5,5,0.0039956527762115,0.0,0.0001356443390250206,0.0,0.0
ham18_pattern_mining,2026-03-19T13:47:12,4,293,49,4,0.9453125,0.18987314403057098,0.0,0.04199393559247255,0.04199393559247255,0.0,5,5,0.004046971909701824,0.0,0.00015242164954543114,0.0,0.0
ham18_pattern_mining,2026-03-19T13:47:12,4,294,49,5,1.0,0.04625615477561951,0.0,0.04431619308888912,0.04431619308888912,0.0,5,5,0.004323683213442564,0.0,0.00010793609544634819,0.0,0.0
ham18_pattern_mining,2026-03-19T13:47:19,0,295,50,0,0.98046875,0.09923362731933594,0.0,0.2433227701112628,0.2433227701112628,0.0,5,5,0.023783179000020027,0.0,0.0005490980111062527,0.0,0.0
ham18_pattern_mining,2026-03-19T13:47:19,0,296,50,1,0.921875,0.2253817319869995,0.0,0.06562862545251846,0.06562862545251846,0.0,5,5,0.00636734114959836,0.0,0.00019552139565348625,0.0,0.0
ham18_pattern_mining,2026-03-19T13:47:19,0,297,50,2,0.95703125,0.14699135720729828,0.0,0.04114997107535601,0.04114997107535601,0.0,5,5,0.0039825658313930035,0.0,0.0001324312761425972,0.0,0.0
ham18_pattern_mining,2026-03-19T13:47:19,0,298,50,3,0.9765625,0.09591817855834961,0.0,0.039836056530475616,0.039836056530475616,0.0,5,5,0.0038421167992055416,0.0,0.00014148885384202003,0.0,0.0
ham18_pattern_mining,2026-03-19T13:47:20,0,299,50,4,0.94921875,0.16140568256378174,0.0,0.042142076417803764,0.042142076417803764,0.0,5,5,0.0040712738409638405,0.0,0.00014293380081653595,0.0,0.0
ham18_pattern_mining,2026-03-19T13:47:21,0,300,50,5,0.5,0.7938807010650635,0.0,0.04257050808519125,0.04257050808519125,0.0,5,5,0.004157760180532932,0.0,9.92906279861927e-05,0.0,0.0
ham18_pattern_mining,2026-03-19T13:47:23,1,295,50,0,0.9609375,0.1442839801311493,0.0,0.16891916748136282,0.16891916748136282,0.0,5,5,0.01651930483058095,0.0,0.0003726119175553322,0.0,0.0
ham18_pattern_mining,2026-03-19T13:47:23,1,296,50,1,0.90234375,0.23895253241062164,0.0,0.05039984825998545,0.05039984825998545,0.0,5,5,0.0048776911571621895,0.0,0.0001622936688363552,0.0,0.0
ham18_pattern_mining,2026-03-19T13:47:23,1,297,50,2,0.92578125,0.21382540464401245,0.0,0.041430769488215446,0.041430769488215446,0.0,5,5,0.004003348760306835,0.0,0.00013972818851470947,0.0,0.0
ham18_pattern_mining,2026-03-19T13:47:23,1,298,50,3,0.95703125,0.1801120489835739,0.0,0.040426841005682945,0.040426841005682945,0.0,5,5,0.0038975770585238934,0.0,0.00014510704204440117,0.0,0.0
ham18_pattern_mining,2026-03-19T13:47:25,1,299,50,4,0.94921875,0.18604442477226257,0.0,0.04181927070021629,0.04181927070021629,0.0,5,5,0.004035755060613155,0.0,0.00014617200940847397,0.0,0.0
ham18_pattern_mining,2026-03-19T13:47:25,1,300,50,5,1.0,0.07842258363962173,0.0,0.043802536092698574,0.043802536092698574,0.0,5,5,0.004264266230165958,0.0,0.000115987379103899,0.0,0.0
ham18_pattern_mining,2026-03-19T13:47:27,2,295,50,0,0.95703125,0.15176531672477722,0.0,0.1715897023677826,0.1715897023677826,0.0,5,5,0.016786706168204546,0.0,0.0003722640685737133,0.0,0.0
ham18_pattern_mining,2026-03-19T13:47:27,2,296,50,1,0.921875,0.22101527452468872,0.0,0.04763526376336813,0.04763526376336813,0.0,5,5,0.004618231672793627,0.0,0.0001452947035431862,0.0,0.0
ham18_pattern_mining,2026-03-19T13:47:28,2,297,50,2,0.94140625,0.20343764126300812,0.0,0.0417254026979208,0.0417254026979208,0.0,5,5,0.0040336730889976025,0.0,0.00013886718079447746,0.0,0.0
ham18_pattern_mining,2026-03-19T13:47:28,2,298,50,3,0.9375,0.16119138896465302,0.0,0.038614096119999886,0.038614096119999886,0.0,5,5,0.003735173959285021,0.0,0.00012623565271496773,0.0,0.0
ham18_pattern_mining,2026-03-19T13:47:29,2,299,50,4,0.9296875,0.18899881839752197,0.0,0.04190893843770027,0.04190893843770027,0.0,5,5,0.004049318842589855,0.0,0.00014157500118017197,0.0,0.0
ham18_pattern_mining,2026-03-19T13:47:29,2,300,50,5,1.0,0.06189645081758499,0.0,0.043757837265729904,0.043757837265729904,0.0,5,5,0.004275782033801079,0.0,0.00010000169277191162,0.0,0.0
ham18_pattern_mining,2026-03-19T13:47:31,3,295,50,0,0.9609375,0.12016000598669052,0.0,0.21605347283184528,0.21605347283184528,0.0,5,5,0.02110741939395666,0.0,0.0004979278892278671,0.0,0.0
ham18_pattern_mining,2026-03-19T13:47:31,3,296,50,1,0.94140625,0.18631984293460846,0.0,0.06158192176371813,0.06158192176371813,0.0,5,5,0.0059738741256296635,0.0,0.00018431805074214935,0.0,0.0
ham18_pattern_mining,2026-03-19T13:47:32,3,297,50,2,0.921875,0.2213975191116333,0.0,0.04642465617507696,0.04642465617507696,0.0,5,5,0.004496530629694462,0.0,0.00014593498781323433,0.0,0.0
ham18_pattern_mining,2026-03-19T13:47:32,3,298,50,3,0.9375,0.20382839441299438,0.0,0.03976880572736263,0.03976880572736263,0.0,5,5,0.0038437633775174618,0.0,0.0001331171952188015,0.0,0.0
ham18_pattern_mining,2026-03-19T13:47:33,3,299,50,4,0.9296875,0.20695112645626068,0.0,0.04196183755993843,0.04196183755993843,0.0,5,5,0.004053535871207714,0.0,0.000142647884786129,0.0,0.0
ham18_pattern_mining,2026-03-19T13:47:33,3,300,50,5,0.5,0.6163554787635803,0.0,0.0435910327360034,0.0435910327360034,0.0,5,5,0.004249804187566042,0.0,0.00010929908603429794,0.0,0.0
ham18_pattern_mining,2026-03-19T13:47:35,4,295,50,0,0.96484375,0.1130896732211113,0.0,0.2472131559625268,0.2472131559625268,0.0,5,5,0.024177247658371925,0.0,0.0005440679378807545,0.0,0.0
ham18_pattern_mining,2026-03-19T13:47:35,4,296,50,1,0.9453125,0.17764441668987274,0.0,0.06293525919318199,0.06293525919318199,0.0,5,5,0.0060996548272669315,0.0,0.00019387109205126762,0.0,0.0
ham18_pattern_mining,2026-03-19T13:47:35,4,297,50,2,0.9453125,0.15309739112854004,0.0,0.04260653629899025,0.04260653629899025,0.0,5,5,0.004110859706997871,0.0,0.00014979392290115356,0.0,0.0
ham18_pattern_mining,2026-03-19T13:47:35,4,298,50,3,0.89453125,0.28708362579345703,0.0,0.04529647994786501,0.04529647994786501,0.0,5,5,0.004395775962620974,0.0,0.00013387203216552734,0.0,0.0
ham18_pattern_mining,2026-03-19T13:47:37,4,299,50,4,0.984375,0.09910813719034195,0.0,0.04230750724673271,0.04230750724673271,0.0,5,5,0.004076976794749498,0.0,0.0001537739299237728,0.0,0.0
ham18_pattern_mining,2026-03-19T13:47:37,4,300,50,5,1.0,0.04557618498802185,0.0,0.04536049906164408,0.04536049906164408,0.0,5,5,0.004432409070432186,0.0,0.0001036408357322216,0.0,0.0
ham18_pattern_mining,2026-03-19T13:47:43,0,301,51,0,0.97265625,0.10164126753807068,0.0,0.22020299918949604,0.22020299918949604,0.0,5,5,0.021475341636687517,0.0,0.0005449582822620869,0.0,0.0
ham18_pattern_mining,2026-03-19T13:47:43,0,302,51,1,0.94921875,0.16039997339248657,0.0,0.06323806941509247,0.06323806941509247,0.0,5,5,0.0061310469172894955,0.0,0.00019276002421975136,0.0,0.0
ham18_pattern_mining,2026-03-19T13:47:43,0,303,51,2,0.95703125,0.13620799779891968,0.0,0.04167569801211357,0.04167569801211357,0.0,5,5,0.004028084687888622,0.0,0.00013948511332273483,0.0,0.0
ham18_pattern_mining,2026-03-19T13:47:43,0,304,51,3,0.96875,0.14832624793052673,0.0,0.04104922991245985,0.04104922991245985,0.0,5,5,0.0039697871543467045,0.0,0.00013513583689928055,0.0,0.0
ham18_pattern_mining,2026-03-19T13:47:45,0,305,51,4,0.953125,0.14721368253231049,0.0,0.041903997771441936,0.041903997771441936,0.0,5,5,0.00404796889051795,0.0,0.0001424308866262436,0.0,0.0
ham18_pattern_mining,2026-03-19T13:47:45,0,306,51,5,0.0,4.0643720626831055,0.0,0.04329616669565439,0.04329616669565439,0.0,5,5,0.0042314170859754086,0.0,9.819958359003067e-05,0.0,0.0
ham18_pattern_mining,2026-03-19T13:47:47,1,301,51,0,0.9765625,0.10059942305088043,0.0,0.13546583708375692,0.13546583708375692,0.0,5,5,0.013250191695988178,0.0,0.0002963920123875141,0.0,0.0
ham18_pattern_mining,2026-03-19T13:47:47,1,302,51,1,0.9140625,0.22761066257953644,0.0,0.04838098306208849,0.04838098306208849,0.0,5,5,0.0046974169090390205,0.0,0.00014068139716982841,0.0,0.0
ham18_pattern_mining,2026-03-19T13:47:47,1,303,51,2,0.9375,0.16202902793884277,0.0,0.040973005816340446,0.040973005816340446,0.0,5,5,0.00396184716373682,0.0,0.00013545341789722443,0.0,0.0
ham18_pattern_mining,2026-03-19T13:47:48,1,304,51,3,0.92578125,0.19255319237709045,0.0,0.04085025284439325,0.04085025284439325,0.0,5,5,0.003951068036258221,0.0,0.00013395724818110466,0.0,0.0
ham18_pattern_mining,2026-03-19T13:47:49,1,305,51,4,0.89453125,0.28219252824783325,0.0,0.0418552290648222,0.0418552290648222,0.0,5,5,0.004040871746838093,0.0,0.0001446511596441269,0.0,0.0
ham18_pattern_mining,2026-03-19T13:47:49,1,306,51,5,1.0,0.22882655262947083,0.0,0.04441712982952595,0.04441712982952595,0.0,5,5,0.004343398846685886,0.0,9.831413626670837e-05,0.0,0.0
ham18_pattern_mining,2026-03-19T13:47:51,2,301,51,0,0.98828125,0.10818397253751755,0.0,0.14019916765391827,0.14019916765391827,0.0,5,5,0.013701644726097584,0.0,0.00031827203929424286,0.0,0.0
ham18_pattern_mining,2026-03-19T13:47:51,2,302,51,1,0.94921875,0.16960075497627258,0.0,0.04886619281023741,0.04886619281023741,0.0,5,5,0.004737301263958216,0.0,0.00014931801706552505,0.0,0.0
ham18_pattern_mining,2026-03-19T13:47:51,2,303,51,2,0.94921875,0.19652068614959717,0.0,0.04107276909053326,0.04107276909053326,0.0,5,5,0.003971586003899574,0.0,0.00013569090515375137,0.0,0.0
ham18_pattern_mining,2026-03-19T13:47:52,2,304,51,3,0.95703125,0.145502507686615,0.0,0.04102631937712431,0.04102631937712431,0.0,5,5,0.003969473764300346,0.0,0.00013315817341208458,0.0,0.0
ham18_pattern_mining,2026-03-19T13:47:53,2,305,51,4,0.95703125,0.15167993307113647,0.0,0.041855648159980774,0.041855648159980774,0.0,5,5,0.004038325045257807,0.0,0.00014723977074027061,0.0,0.0
ham18_pattern_mining,2026-03-19T13:47:53,2,306,51,5,1.0,0.06235300004482269,0.0,0.04309466574341059,0.04309466574341059,0.0,5,5,0.004206674639135599,0.0,0.0001027919352054596,0.0,0.0
ham18_pattern_mining,2026-03-19T13:47:55,3,301,51,0,0.98828125,0.07655386626720428,0.0,0.24244338274002075,0.24244338274002075,0.0,5,5,0.023667090106755495,0.0,0.0005772481672465801,0.0,0.0
ham18_pattern_mining,2026-03-19T13:47:55,3,302,51,1,0.95703125,0.15857398509979248,0.0,0.0634196912869811,0.0634196912869811,0.0,5,5,0.006158076226711273,0.0,0.0001838929019868374,0.0,0.0
ham18_pattern_mining,2026-03-19T13:47:56,3,303,51,2,0.96875,0.12932729721069336,0.0,0.04593022167682648,0.04593022167682648,0.0,5,5,0.004448358900845051,0.0,0.0001446632668375969,0.0,0.0
ham18_pattern_mining,2026-03-19T13:47:56,3,304,51,3,0.93359375,0.1789194941520691,0.0,0.038838223554193974,0.038838223554193974,0.0,5,5,0.0037596821784973145,0.0,0.0001241401769220829,0.0,0.0
ham18_pattern_mining,2026-03-19T13:47:57,3,305,51,4,0.94921875,0.14840224385261536,0.0,0.042020450346171856,0.042020450346171856,0.0,5,5,0.004060177132487297,0.0,0.00014186790212988853,0.0,0.0
ham18_pattern_mining,2026-03-19T13:47:57,3,306,51,5,0.5,0.9650115370750427,0.0,0.042707957327365875,0.042707957327365875,0.0,5,5,0.0041684857569634914,0.0,0.00010230997577309608,0.0,0.0
ham18_pattern_mining,2026-03-19T13:47:59,4,301,51,0,0.9609375,0.10653936117887497,0.0,0.13582835905253887,0.13582835905253887,0.0,5,5,0.013280949089676142,0.0,0.00030188681557774544,0.0,0.0
ham18_pattern_mining,2026-03-19T13:47:59,4,302,51,1,0.9375,0.1522335559129715,0.0,0.0410233112052083,0.0410233112052083,0.0,5,5,0.003967814147472382,0.0,0.00013451697304844856,0.0,0.0
ham18_pattern_mining,2026-03-19T13:48:00,4,303,51,2,0.90625,0.19802698493003845,0.0,0.041977367363870144,0.041977367363870144,0.0,5,5,0.004060877952724695,0.0,0.00013685878366231918,0.0,0.0
ham18_pattern_mining,2026-03-19T13:48:00,4,304,51,3,0.97265625,0.10899389535188675,0.0,0.039640460163354874,0.039640460163354874,0.0,5,5,0.0038362652994692326,0.0,0.0001277807168662548,0.0,0.0
ham18_pattern_mining,2026-03-19T13:48:01,4,305,51,4,0.94140625,0.19083629548549652,0.0,0.041963690891861916,0.041963690891861916,0.0,5,5,0.0040541221387684345,0.0,0.00014224695041775703,0.0,0.0
ham18_pattern_mining,2026-03-19T13:48:01,4,306,51,5,1.0,0.04764766991138458,0.0,0.04679324571043253,0.04679324571043253,0.0,5,5,0.004570821765810251,0.0,0.00010850280523300171,0.0,0.0
ham18_pattern_mining,2026-03-19T13:48:07,0,307,52,0,0.98046875,0.10130319744348526,0.0,0.15404589008539915,0.15404589008539915,0.0,5,5,0.015091354958713055,0.0,0.00031323404982686043,0.0,0.0
ham18_pattern_mining,2026-03-19T13:48:08,0,308,52,1,0.90234375,0.2859254479408264,0.0,0.0444731954485178,0.0444731954485178,0.0,5,5,0.00430284021422267,0.0,0.00014447933062911034,0.0,0.0
ham18_pattern_mining,2026-03-19T13:48:08,0,309,52,2,0.98828125,0.0762404352426529,0.0,0.034551662392914295,0.034551662392914295,0.0,5,5,0.003338984213769436,0.0,0.00011618202552199364,0.0,0.0
ham18_pattern_mining,2026-03-19T13:48:08,0,310,52,3,0.96484375,0.12752531468868256,0.0,0.03210210241377354,0.03210210241377354,0.0,5,5,0.00309552438557148,0.0,0.00011468585580587387,0.0,0.0
ham18_pattern_mining,2026-03-19T13:48:09,0,311,52,4,0.98046875,0.11835594475269318,0.0,0.03280822653323412,0.03280822653323412,0.0,5,5,0.003161247354000807,0.0,0.00011957529932260513,0.0,0.0
ham18_pattern_mining,2026-03-19T13:48:09,0,312,52,5,1.0,0.4030035138130188,0.0,0.0342346029356122,0.0342346029356122,0.0,5,5,0.003341888077557087,0.0,8.157221600413322e-05,0.0,0.0
ham18_pattern_mining,2026-03-19T13:48:12,1,307,52,0,0.9765625,0.08644573390483856,0.0,0.1393917901441455,0.1393917901441455,0.0,5,5,0.013689348008483648,0.0,0.0002498310059309006,0.0,0.0
ham18_pattern_mining,2026-03-19T13:48:12,1,308,52,1,0.90625,0.2971612215042114,0.0,0.04306345712393522,0.04306345712393522,0.0,5,5,0.004176023881882429,0.0,0.00013032183051109314,0.0,0.0
ham18_pattern_mining,2026-03-19T13:48:12,1,309,52,2,0.94921875,0.14176955819129944,0.0,0.031134276650846004,0.031134276650846004,0.0,5,5,0.0030137686990201473,0.0,9.965896606445312e-05,0.0,0.0
ham18_pattern_mining,2026-03-19T13:48:12,1,310,52,3,0.93359375,0.2045164406299591,0.0,0.030114073306322098,0.030114073306322098,0.0,5,5,0.0029073162004351616,0.0,0.00010409113019704819,0.0,0.0
ham18_pattern_mining,2026-03-19T13:48:14,1,311,52,4,0.953125,0.16810378432273865,0.0,0.0329354265704751,0.0329354265704751,0.0,5,5,0.003176440019160509,0.0,0.00011710263788700104,0.0,0.0
ham18_pattern_mining,2026-03-19T13:48:14,1,312,52,5,1.0,0.1772325336933136,0.0,0.03274498973041773,0.03274498973041773,0.0,5,5,0.0031975116580724716,0.0,7.698731496930122e-05,0.0,0.0
ham18_pattern_mining,2026-03-19T13:48:16,2,307,52,0,0.9609375,0.13729211688041687,0.0,0.15578622929751873,0.15578622929751873,0.0,5,5,0.015207446180284023,0.0,0.00037117674946784973,0.0,0.0
ham18_pattern_mining,2026-03-19T13:48:16,2,308,52,1,0.93359375,0.2120717167854309,0.0,0.03954380750656128,0.03954380750656128,0.0,5,5,0.0038200300186872482,0.0,0.0001343507319688797,0.0,0.0
ham18_pattern_mining,2026-03-19T13:48:17,2,309,52,2,0.9609375,0.1661224663257599,0.0,0.042577567510306835,0.042577567510306835,0.0,5,5,0.004125548992305994,0.0,0.00013220775872468948,0.0,0.0
ham18_pattern_mining,2026-03-19T13:48:17,2,310,52,3,0.94140625,0.1519123613834381,0.0,0.03149827942252159,0.03149827942252159,0.0,5,5,0.0030487687326967716,0.0,0.0001010592095553875,0.0,0.0
ham18_pattern_mining,2026-03-19T13:48:18,2,311,52,4,0.9453125,0.18303661048412323,0.0,0.03349435981363058,0.03349435981363058,0.0,5,5,0.0032128519378602505,0.0,0.00013658404350280762,0.0,0.0
ham18_pattern_mining,2026-03-19T13:48:18,2,312,52,5,1.0,0.11496315151453018,0.0,0.033601103350520134,0.033601103350520134,0.0,5,5,0.0032752901315689087,0.0,8.48202034831047e-05,0.0,0.0
ham18_pattern_mining,2026-03-19T13:48:20,3,307,52,0,0.9921875,0.06873322278261185,0.0,0.12289925944060087,0.12289925944060087,0.0,5,5,0.012020293157547712,0.0,0.0002696327865123749,0.0,0.0
ham18_pattern_mining,2026-03-19T13:48:20,3,308,52,1,0.94140625,0.1667221486568451,0.0,0.039332290180027485,0.039332290180027485,0.0,5,5,0.0038115610368549824,0.0,0.00012166798114776611,0.0,0.0
ham18_pattern_mining,2026-03-19T13:48:20,3,309,52,2,0.94921875,0.17847833037376404,0.0,0.03347781952470541,0.03347781952470541,0.0,5,5,0.003231427166610956,0.0,0.00011635478585958481,0.0,0.0
ham18_pattern_mining,2026-03-19T13:48:21,3,310,52,3,0.97265625,0.09934582561254501,0.0,0.03306211903691292,0.03306211903691292,0.0,5,5,0.0031894310377538204,0.0,0.00011678086593747139,0.0,0.0
ham18_pattern_mining,2026-03-19T13:48:22,3,311,52,4,0.953125,0.15347981452941895,0.0,0.03245927393436432,0.03245927393436432,0.0,5,5,0.0031290091574192047,0.0,0.00011691823601722717,0.0,0.0
ham18_pattern_mining,2026-03-19T13:48:22,3,312,52,5,1.0,0.3027651906013489,0.0,0.037877256982028484,0.037877256982028484,0.0,5,5,0.003689724951982498,0.0,9.800074622035027e-05,0.0,0.0
ham18_pattern_mining,2026-03-19T13:48:24,4,307,52,0,0.98828125,0.07973986119031906,0.0,0.14322650153189898,0.14322650153189898,0.0,5,5,0.014024666976183653,0.0,0.00029798317700624466,0.0,0.0
ham18_pattern_mining,2026-03-19T13:48:24,4,308,52,1,0.9453125,0.15587908029556274,0.0,0.0405935337767005,0.0405935337767005,0.0,5,5,0.00392393721267581,0.0,0.0001354161649942398,0.0,0.0
ham18_pattern_mining,2026-03-19T13:48:24,4,309,52,2,0.9609375,0.15240570902824402,0.0,0.05392222199589014,0.05392222199589014,0.0,5,5,0.005229647271335125,0.0,0.00016257492825388908,0.0,0.0
ham18_pattern_mining,2026-03-19T13:48:24,4,310,52,3,0.9609375,0.13007614016532898,0.0,0.03943085204809904,0.03943085204809904,0.0,5,5,0.003811873961240053,0.0,0.00013121124356985092,0.0,0.0
ham18_pattern_mining,2026-03-19T13:48:26,4,311,52,4,0.9375,0.17514923214912415,0.0,0.03365033771842718,0.03365033771842718,0.0,5,5,0.0032474487088620663,0.0,0.00011758506298065186,0.0,0.0
ham18_pattern_mining,2026-03-19T13:48:26,4,312,52,5,1.0,0.0490587018430233,0.0,0.036243582144379616,0.036243582144379616,0.0,5,5,0.0035378700122237206,0.0,8.648820221424103e-05,0.0,0.0
ham18_pattern_mining,2026-03-19T13:48:32,0,313,53,0,0.9921875,0.07302489876747131,0.0,0.24678031913936138,0.24678031913936138,0.0,5,5,0.024081640876829624,0.0,0.000596391037106514,0.0,0.0
ham18_pattern_mining,2026-03-19T13:48:32,0,314,53,1,0.9375,0.17028512060642242,0.0,0.06986795458942652,0.06986795458942652,0.0,5,5,0.006788037717342377,0.0,0.00019875774160027504,0.0,0.0
ham18_pattern_mining,2026-03-19T13:48:32,0,315,53,2,0.98828125,0.07858262211084366,0.0,0.039145019836723804,0.039145019836723804,0.0,5,5,0.0037851850502192974,0.0,0.00012931693345308304,0.0,0.0
ham18_pattern_mining,2026-03-19T13:48:32,0,316,53,3,0.9609375,0.14188283681869507,0.0,0.0394336087629199,0.0394336087629199,0.0,5,5,0.0038178646937012672,0.0,0.00012549618259072304,0.0,0.0
ham18_pattern_mining,2026-03-19T13:48:34,0,317,53,4,0.96875,0.10853299498558044,0.0,0.04150161985307932,0.04150161985307932,0.0,5,5,0.004007210023701191,0.0,0.00014295196160674095,0.0,0.0
ham18_pattern_mining,2026-03-19T13:48:34,0,318,53,5,0.5,1.3484690189361572,0.0,0.04302456509321928,0.04302456509321928,0.0,5,5,0.004204144235700369,0.0,9.831227362155914e-05,0.0,0.0
ham18_pattern_mining,2026-03-19T13:48:37,1,313,53,0,0.96875,0.10215545445680618,0.0,0.1770940376445651,0.1770940376445651,0.0,5,5,0.01735084503889084,0.0,0.0003585587255656719,0.0,0.0
ham18_pattern_mining,2026-03-19T13:48:37,1,314,53,1,0.9140625,0.22438454627990723,0.0,0.05095123313367367,0.05095123313367367,0.0,5,5,0.004938737954944372,0.0,0.00015638535842299461,0.0,0.0
ham18_pattern_mining,2026-03-19T13:48:37,1,315,53,2,0.94140625,0.15669411420822144,0.0,0.04017893224954605,0.04017893224954605,0.0,5,5,0.0038931849412620068,0.0,0.00012470828369259834,0.0,0.0
ham18_pattern_mining,2026-03-19T13:48:37,1,316,53,3,0.9765625,0.11849348247051239,0.0,0.03797778859734535,0.03797778859734535,0.0,5,5,0.0036755837500095367,0.0,0.00012219510972499847,0.0,0.0
ham18_pattern_mining,2026-03-19T13:48:38,1,317,53,4,0.94140625,0.16520455479621887,0.0,0.04478843882679939,0.04478843882679939,0.0,5,5,0.004335294011980295,0.0,0.0001435498706996441,0.0,0.0
ham18_pattern_mining,2026-03-19T13:48:38,1,318,53,5,1.0,0.09501823037862778,0.0,0.04484121222048998,0.04484121222048998,0.0,5,5,0.004367629066109657,0.0,0.00011649215593934059,0.0,0.0
ham18_pattern_mining,2026-03-19T13:48:41,2,313,53,0,0.96875,0.1279156506061554,0.0,0.14948226045817137,0.14948226045817137,0.0,5,5,0.014636614825576544,0.0,0.00031161122024059296,0.0,0.0
ham18_pattern_mining,2026-03-19T13:48:41,2,314,53,1,0.94140625,0.15804018080234528,0.0,0.08591631893068552,0.08591631893068552,0.0,5,5,0.00835771905258298,0.0,0.00023391284048557281,0.0,0.0
ham18_pattern_mining,2026-03-19T13:48:41,2,315,53,2,0.94921875,0.17242467403411865,0.0,0.04723166115581989,0.04723166115581989,0.0,5,5,0.004575964063405991,0.0,0.0001472020521759987,0.0,0.0
ham18_pattern_mining,2026-03-19T13:48:42,2,316,53,3,0.92578125,0.20028463006019592,0.0,0.03850191831588745,0.03850191831588745,0.0,5,5,0.0037262141704559326,0.0,0.0001239776611328125,0.0,0.0
ham18_pattern_mining,2026-03-19T13:48:42,2,317,53,4,0.9453125,0.15539401769638062,0.0,0.042042192071676254,0.042042192071676254,0.0,5,5,0.004053427372127771,0.0,0.00015079183503985405,0.0,0.0
ham18_pattern_mining,2026-03-19T13:48:42,2,318,53,5,0.0,3.7736928462982178,0.0,0.0447510089725256,0.0447510089725256,0.0,5,5,0.004374300129711628,0.0,0.0001008007675409317,0.0,0.0
ham18_pattern_mining,2026-03-19T13:48:45,3,313,53,0,0.98046875,0.07768470048904419,0.0,0.22234472911804914,0.22234472911804914,0.0,5,5,0.021788090001791716,0.0,0.00044638291001319885,0.0,0.0
ham18_pattern_mining,2026-03-19T13:48:45,3,314,53,1,0.94921875,0.15763236582279205,0.0,0.07519104517996311,0.07519104517996311,0.0,5,5,0.007314640562981367,0.0,0.00020446395501494408,0.0,0.0
ham18_pattern_mining,2026-03-19T13:48:46,3,315,53,2,0.95703125,0.13754399120807648,0.0,0.04745077807456255,0.04745077807456255,0.0,5,5,0.004593472927808762,0.0,0.00015160487964749336,0.0,0.0
ham18_pattern_mining,2026-03-19T13:48:46,3,316,53,3,0.94140625,0.17240047454833984,0.0,0.04047269932925701,0.04047269932925701,0.0,5,5,0.0039120446890592575,0.0,0.00013522524386644363,0.0,0.0
ham18_pattern_mining,2026-03-19T13:48:46,3,317,53,4,0.96875,0.1390112042427063,0.0,0.041820663027465343,0.041820663027465343,0.0,5,5,0.0040427581407129765,0.0,0.0001393081620335579,0.0,0.0
ham18_pattern_mining,2026-03-19T13:48:46,3,318,53,5,0.5,3.2078607082366943,0.0,0.04429970867931843,0.04429970867931843,0.0,5,5,0.004312665201723576,0.0,0.00011730566620826721,0.0,0.0
ham18_pattern_mining,2026-03-19T13:48:49,4,313,53,0,0.96484375,0.10041016340255737,0.0,0.17484618816524744,0.17484618816524744,0.0,5,5,0.017078223172575235,0.0,0.00040639564394950867,0.0,0.0
ham18_pattern_mining,2026-03-19T13:48:49,4,314,53,1,0.9296875,0.22353523969650269,0.0,0.07393410429358482,0.07393410429358482,0.0,5,5,0.007189566269516945,0.0,0.00020384415984153748,0.0,0.0
ham18_pattern_mining,2026-03-19T13:48:49,4,315,53,2,0.93359375,0.19832363724708557,0.0,0.04659721162170172,0.04659721162170172,0.0,5,5,0.0045084962621331215,0.0,0.00015122490003705025,0.0,0.0
ham18_pattern_mining,2026-03-19T13:48:50,4,316,53,3,0.94921875,0.13677477836608887,0.0,0.03425316885113716,0.03425316885113716,0.0,5,5,0.0033067618496716022,0.0,0.00011855503544211388,0.0,0.0
ham18_pattern_mining,2026-03-19T13:48:50,4,317,53,4,0.96875,0.15202641487121582,0.0,0.03371307160705328,0.03371307160705328,0.0,5,5,0.003245605155825615,0.0,0.00012570200487971306,0.0,0.0
ham18_pattern_mining,2026-03-19T13:48:50,4,318,53,5,0.0,3.9274933338165283,0.0,0.03741911146789789,0.03741911146789789,0.0,5,5,0.0036551947705447674,0.0,8.671637624502182e-05,0.0,0.0
ham18_pattern_mining,2026-03-19T13:48:58,0,319,54,0,0.98046875,0.08450402319431305,0.0,0.12142819818109274,0.12142819818109274,0.0,5,5,0.011850778944790363,0.0,0.0002920408733189106,0.0,0.0
ham18_pattern_mining,2026-03-19T13:48:58,0,320,54,1,0.94921875,0.12506425380706787,0.0,0.03718553576618433,0.03718553576618433,0.0,5,5,0.0035911081358790398,0.0,0.00012744544073939323,0.0,0.0
ham18_pattern_mining,2026-03-19T13:48:58,0,321,54,2,0.9609375,0.12637320160865784,0.0,0.03698484040796757,0.03698484040796757,0.0,5,5,0.0035724593326449394,0.0,0.00012602470815181732,0.0,0.0
ham18_pattern_mining,2026-03-19T13:48:58,0,322,54,3,0.96484375,0.11510525643825531,0.0,0.035012876614928246,0.035012876614928246,0.0,5,5,0.0033797905780375004,0.0,0.00012149708345532417,0.0,0.0
ham18_pattern_mining,2026-03-19T13:48:59,0,323,54,4,0.94921875,0.16582441329956055,0.0,0.032166256569325924,0.032166256569325924,0.0,5,5,0.0030929897911846638,0.0,0.00012363586574792862,0.0,0.0
ham18_pattern_mining,2026-03-19T13:48:59,0,324,54,5,0.5,0.5147667527198792,0.0,0.033561461605131626,0.033561461605131626,0.0,5,5,0.00328102707862854,0.0,7.511908188462257e-05,0.0,0.0
ham18_pattern_mining,2026-03-19T13:49:02,1,319,54,0,0.96875,0.12195493280887604,0.0,0.11907048057764769,0.11907048057764769,0.0,5,5,0.011652456130832434,0.0,0.0002545919269323349,0.0,0.0
ham18_pattern_mining,2026-03-19T13:49:02,1,320,54,1,0.921875,0.23424920439720154,0.0,0.036994884721934795,0.036994884721934795,0.0,5,5,0.0035694888792932034,0.0,0.00012999959290027618,0.0,0.0
ham18_pattern_mining,2026-03-19T13:49:02,1,321,54,2,0.9453125,0.15715456008911133,0.0,0.033926297910511494,0.033926297910511494,0.0,5,5,0.0032718926668167114,0.0,0.00012073712423443794,0.0,0.0
ham18_pattern_mining,2026-03-19T13:49:02,1,322,54,3,0.9609375,0.10556411743164062,0.0,0.03151501063257456,0.03151501063257456,0.0,5,5,0.003043044824153185,0.0,0.00010845623910427094,0.0,0.0
ham18_pattern_mining,2026-03-19T13:49:03,1,323,54,4,0.96875,0.1304430365562439,0.0,0.03376180771738291,0.03376180771738291,0.0,5,5,0.0032437527552247047,0.0,0.00013242801651358604,0.0,0.0
ham18_pattern_mining,2026-03-19T13:49:03,1,324,54,5,0.5,1.3360754251480103,0.0,0.03350784070789814,0.03350784070789814,0.0,5,5,0.003258605021983385,0.0,9.217904880642891e-05,0.0,0.0
ham18_pattern_mining,2026-03-19T13:49:06,2,319,54,0,0.96875,0.09601467847824097,0.0,0.12333736754953861,0.12333736754953861,0.0,5,5,0.012052490841597319,0.0,0.0002812459133565426,0.0,0.0
ham18_pattern_mining,2026-03-19T13:49:06,2,320,54,1,0.9609375,0.1447370946407318,0.0,0.04324722569435835,0.04324722569435835,0.0,5,5,0.004187137819826603,0.0,0.00013758474960923195,0.0,0.0
ham18_pattern_mining,2026-03-19T13:49:06,2,321,54,2,0.93359375,0.17475825548171997,0.0,0.04212597385048866,0.04212597385048866,0.0,5,5,0.004066562745720148,0.0,0.00014603463932871819,0.0,0.0
ham18_pattern_mining,2026-03-19T13:49:06,2,322,54,3,0.9375,0.17100879549980164,0.0,0.04044541623443365,0.04044541623443365,0.0,5,5,0.003914102911949158,0.0,0.00013043871149420738,0.0,0.0
ham18_pattern_mining,2026-03-19T13:49:07,2,323,54,4,0.95703125,0.1693018525838852,0.0,0.04196856636554003,0.04196856636554003,0.0,5,5,0.004053284879773855,0.0,0.00014357175678014755,0.0,0.0
ham18_pattern_mining,2026-03-19T13:49:07,2,324,54,5,1.0,0.0752069354057312,0.0,0.041748941875994205,0.041748941875994205,0.0,5,5,0.004077262245118618,0.0,9.763194248080254e-05,0.0,0.0
ham18_pattern_mining,2026-03-19T13:49:10,3,319,54,0,0.95703125,0.12510287761688232,0.0,0.19639126025140285,0.19639126025140285,0.0,5,5,0.019223984330892563,0.0,0.0004151416942477226,0.0,0.0
ham18_pattern_mining,2026-03-19T13:49:10,3,320,54,1,0.953125,0.14743539690971375,0.0,0.09026935789734125,0.09026935789734125,0.0,5,5,0.008775714784860611,0.0,0.0002512210048735142,0.0,0.0
ham18_pattern_mining,2026-03-19T13:49:10,3,321,54,2,0.9375,0.21537670493125916,0.0,0.05037345923483372,0.05037345923483372,0.0,5,5,0.004871419630944729,0.0,0.00016592629253864288,0.0,0.0
ham18_pattern_mining,2026-03-19T13:49:10,3,322,54,3,0.96484375,0.11133195459842682,0.0,0.039294976741075516,0.039294976741075516,0.0,5,5,0.0038033397868275642,0.0,0.00012615788727998734,0.0,0.0
ham18_pattern_mining,2026-03-19T13:49:11,3,323,54,4,0.9296875,0.19382330775260925,0.0,0.04211802035570145,0.04211802035570145,0.0,5,5,0.004070164170116186,0.0,0.0001416378654539585,0.0,0.0
ham18_pattern_mining,2026-03-19T13:49:11,3,324,54,5,1.0,0.09686543792486191,0.0,0.04413390066474676,0.04413390066474676,0.0,5,5,0.004295920953154564,0.0,0.00011746911332011223,0.0,0.0
ham18_pattern_mining,2026-03-19T13:49:14,4,319,54,0,0.98828125,0.06871967017650604,0.0,0.24343673139810562,0.24343673139810562,0.0,5,5,0.023812714032828808,0.0,0.0005309591069817543,0.0,0.0
ham18_pattern_mining,2026-03-19T13:49:14,4,320,54,1,0.9375,0.16601578891277313,0.0,0.06746729835867882,0.06746729835867882,0.0,5,5,0.0065553938038647175,0.0,0.0001913360320031643,0.0,0.0
ham18_pattern_mining,2026-03-19T13:49:14,4,321,54,2,0.97265625,0.09080059826374054,0.0,0.04029238596558571,0.04029238596558571,0.0,5,5,0.003901595715433359,0.0,0.00012764288112521172,0.0,0.0
ham18_pattern_mining,2026-03-19T13:49:14,4,322,54,3,0.96875,0.10750023275613785,0.0,0.03971836529672146,0.03971836529672146,0.0,5,5,0.0038419258780777454,0.0,0.0001299106515944004,0.0,0.0
ham18_pattern_mining,2026-03-19T13:49:15,4,323,54,4,0.9609375,0.12826842069625854,0.0,0.041726911440491676,0.041726911440491676,0.0,5,5,0.004030148033052683,0.0,0.00014254311099648476,0.0,0.0
ham18_pattern_mining,2026-03-19T13:49:15,4,324,54,5,1.0,0.03451921418309212,0.0,0.04499427508562803,0.04499427508562803,0.0,5,5,0.004392706323415041,0.0,0.0001067211851477623,0.0,0.0
ham18_pattern_mining,2026-03-19T13:49:23,0,325,55,0,0.99609375,0.0587373822927475,0.0,0.25646170135587454,0.25646170135587454,0.0,5,5,0.02501090196892619,0.0,0.0006352681666612625,0.0,0.0
ham18_pattern_mining,2026-03-19T13:49:23,0,326,55,1,0.9609375,0.1681009829044342,0.0,0.07184772752225399,0.07184772752225399,0.0,5,5,0.0069674416445195675,0.0,0.00021733110770583153,0.0,0.0
ham18_pattern_mining,2026-03-19T13:49:23,0,327,55,2,0.97265625,0.137396439909935,0.0,0.04117449279874563,0.04117449279874563,0.0,5,5,0.003980464302003384,0.0,0.00013698497787117958,0.0,0.0
ham18_pattern_mining,2026-03-19T13:49:23,0,328,55,3,0.9609375,0.1382247507572174,0.0,0.04122300539165735,0.04122300539165735,0.0,5,5,0.003986613359302282,0.0,0.0001356871798634529,0.0,0.0
ham18_pattern_mining,2026-03-19T13:49:24,0,329,55,4,0.97265625,0.11460840702056885,0.0,0.041485801339149475,0.041485801339149475,0.0,5,5,0.004009372089058161,0.0,0.00013920804485678673,0.0,0.0
ham18_pattern_mining,2026-03-19T13:49:24,0,330,55,5,0.5,1.3188400268554688,0.0,0.043840743601322174,0.043840743601322174,0.0,5,5,0.004266335628926754,0.0,0.00011773873120546341,0.0,0.0
ham18_pattern_mining,2026-03-19T13:49:27,1,325,55,0,0.99609375,0.05118833854794502,0.0,0.14450359158217907,0.14450359158217907,0.0,5,5,0.014147289097309113,0.0,0.0003030700609087944,0.0,0.0
ham18_pattern_mining,2026-03-19T13:49:27,1,326,55,1,0.9453125,0.13712641596794128,0.0,0.04796050023287535,0.04796050023287535,0.0,5,5,0.004649190232157707,0.0,0.0001468597911298275,0.0,0.0
ham18_pattern_mining,2026-03-19T13:49:27,1,327,55,2,0.95703125,0.13455212116241455,0.0,0.04238956607878208,0.04238956607878208,0.0,5,5,0.004088874440640211,0.0,0.00015008216723799706,0.0,0.0
ham18_pattern_mining,2026-03-19T13:49:27,1,328,55,3,0.95703125,0.158608078956604,0.0,0.040036654099822044,0.040036654099822044,0.0,5,5,0.0038661030121147633,0.0,0.00013756239786744118,0.0,0.0
ham18_pattern_mining,2026-03-19T13:49:28,1,329,55,4,0.94921875,0.17155742645263672,0.0,0.04195156041532755,0.04195156041532755,0.0,5,5,0.004051533993333578,0.0,0.0001436220481991768,0.0,0.0
ham18_pattern_mining,2026-03-19T13:49:28,1,330,55,5,0.5,2.057499408721924,0.0,0.044064209796488285,0.044064209796488285,0.0,5,5,0.004287628922611475,0.0,0.00011879205703735352,0.0,0.0
ham18_pattern_mining,2026-03-19T13:49:31,2,325,55,0,0.98046875,0.07484579086303711,0.0,0.1978675089776516,0.1978675089776516,0.0,5,5,0.01930716075003147,0.0,0.00047959014773368835,0.0,0.0
ham18_pattern_mining,2026-03-19T13:49:31,2,326,55,1,0.9375,0.1596001386642456,0.0,0.057169487699866295,0.057169487699866295,0.0,5,5,0.005542624741792679,0.0,0.00017432402819395065,0.0,0.0
ham18_pattern_mining,2026-03-19T13:49:31,2,327,55,2,0.9609375,0.1293381154537201,0.0,0.0439230864867568,0.0439230864867568,0.0,5,5,0.004244927782565355,0.0,0.00014738086611032486,0.0,0.0
ham18_pattern_mining,2026-03-19T13:49:31,2,328,55,3,0.96484375,0.13695429265499115,0.0,0.041079563088715076,0.041079563088715076,0.0,5,5,0.003972067032009363,0.0,0.00013588927686214447,0.0,0.0
ham18_pattern_mining,2026-03-19T13:49:32,2,329,55,4,0.953125,0.1338905543088913,0.0,0.04108539316803217,0.04108539316803217,0.0,5,5,0.0039678714238107204,0.0,0.0001406678929924965,0.0,0.0
ham18_pattern_mining,2026-03-19T13:49:32,2,330,55,5,1.0,0.08316978812217712,0.0,0.04219186957925558,0.04219186957925558,0.0,5,5,0.004106389358639717,0.0,0.00011279759928584099,0.0,0.0
ham18_pattern_mining,2026-03-19T13:49:35,3,325,55,0,0.99609375,0.07446448504924774,0.0,0.14611504040658474,0.14611504040658474,0.0,5,5,0.014322454109787941,0.0,0.000289049930870533,0.0,0.0
ham18_pattern_mining,2026-03-19T13:49:35,3,326,55,1,0.9296875,0.17367549240589142,0.0,0.05427862983196974,0.05427862983196974,0.0,5,5,0.0052902428433299065,0.0,0.00013762013986706734,0.0,0.0
ham18_pattern_mining,2026-03-19T13:49:35,3,327,55,2,0.95703125,0.1393459141254425,0.0,0.03307330887764692,0.03307330887764692,0.0,5,5,0.0031930888071656227,0.0,0.0001142420805990696,0.0,0.0
ham18_pattern_mining,2026-03-19T13:49:35,3,328,55,3,0.98046875,0.08720718324184418,0.0,0.03181382082402706,0.03181382082402706,0.0,5,5,0.0030727218836545944,0.0,0.00010866019874811172,0.0,0.0
ham18_pattern_mining,2026-03-19T13:49:36,3,329,55,4,0.953125,0.1705259084701538,0.0,0.035962662659585476,0.035962662659585476,0.0,5,5,0.003477639053016901,0.0,0.00011862721294164658,0.0,0.0
ham18_pattern_mining,2026-03-19T13:49:36,3,330,55,5,0.5,0.9126911759376526,0.0,0.03217439167201519,0.03217439167201519,0.0,5,5,0.003141304012387991,0.0,7.613515481352806e-05,0.0,0.0
ham18_pattern_mining,2026-03-19T13:49:39,4,325,55,0,0.984375,0.07912567257881165,0.0,0.13287544716149569,0.13287544716149569,0.0,5,5,0.013033759780228138,0.0,0.0002537849359214306,0.0,0.0
ham18_pattern_mining,2026-03-19T13:49:39,4,326,55,1,0.9609375,0.12034615874290466,0.0,0.06819183006882668,0.06819183006882668,0.0,5,5,0.006636110134422779,0.0,0.00018307287245988846,0.0,0.0
ham18_pattern_mining,2026-03-19T13:49:39,4,327,55,2,0.94140625,0.1784174144268036,0.0,0.056738206185400486,0.056738206185400486,0.0,5,5,0.005489165894687176,0.0,0.00018465472385287285,0.0,0.0
ham18_pattern_mining,2026-03-19T13:49:39,4,328,55,3,0.98828125,0.08213657140731812,0.0,0.0448311772197485,0.0448311772197485,0.0,5,5,0.004352094605565071,0.0,0.0001310231164097786,0.0,0.0
ham18_pattern_mining,2026-03-19T13:49:40,4,329,55,4,0.98046875,0.0983516201376915,0.0,0.04551643971353769,0.04551643971353769,0.0,5,5,0.00440573925152421,0.0,0.00014590471982955933,0.0,0.0
ham18_pattern_mining,2026-03-19T13:49:40,4,330,55,5,1.0,0.033848270773887634,0.0,0.04798608832061291,0.04798608832061291,0.0,5,5,0.0046696048229932785,0.0,0.00012900400906801224,0.0,0.0
ham18_pattern_mining,2026-03-19T13:49:47,0,331,56,0,0.9921875,0.07413461804389954,0.0,0.1385908992961049,0.1385908992961049,0.0,5,5,0.013600906822830439,0.0,0.0002581831067800522,0.0,0.0
ham18_pattern_mining,2026-03-19T13:49:48,0,332,56,1,0.96875,0.09374500066041946,0.0,0.10162295773625374,0.10162295773625374,0.0,5,5,0.009877461940050125,0.0,0.0002848338335752487,0.0,0.0
ham18_pattern_mining,2026-03-19T13:49:48,0,333,56,2,0.953125,0.14133724570274353,0.0,0.05583925172686577,0.05583925172686577,0.0,5,5,0.005394898820668459,0.0,0.0001890263520181179,0.0,0.0
ham18_pattern_mining,2026-03-19T13:49:48,0,334,56,3,0.96875,0.10800350457429886,0.0,0.03978816792368889,0.03978816792368889,0.0,5,5,0.0038398848846554756,0.0,0.00013893190771341324,0.0,0.0
ham18_pattern_mining,2026-03-19T13:49:49,0,335,56,4,0.96484375,0.09067046642303467,0.0,0.04272928927093744,0.04272928927093744,0.0,5,5,0.004127989057451487,0.0,0.0001449398696422577,0.0,0.0
ham18_pattern_mining,2026-03-19T13:49:49,0,336,56,5,0.5,1.1670844554901123,0.0,0.046435389667749405,0.046435389667749405,0.0,5,5,0.0045233070850372314,0.0,0.00012023188173770905,0.0,0.0
ham18_pattern_mining,2026-03-19T13:49:51,1,331,56,0,0.984375,0.07614002376794815,0.0,0.14380635228008032,0.14380635228008032,0.0,5,5,0.014105976093560457,0.0,0.0002746591344475746,0.0,0.0
ham18_pattern_mining,2026-03-19T13:49:51,1,332,56,1,0.94921875,0.17301297187805176,0.0,0.05982454866170883,0.05982454866170883,0.0,5,5,0.005810155998915434,0.0,0.0001722988672554493,0.0,0.0
ham18_pattern_mining,2026-03-19T13:49:52,1,333,56,2,0.94921875,0.143854558467865,0.0,0.041945930570364,0.041945930570364,0.0,5,5,0.004054344724863768,0.0,0.00014024833217263222,0.0,0.0
ham18_pattern_mining,2026-03-19T13:49:52,1,334,56,3,0.97265625,0.12628121674060822,0.0,0.040349867194890976,0.040349867194890976,0.0,5,5,0.003906034864485264,0.0,0.00012895185500383377,0.0,0.0
ham18_pattern_mining,2026-03-19T13:49:53,1,335,56,4,0.9765625,0.1107948049902916,0.0,0.04317556042224169,0.04317556042224169,0.0,5,5,0.004162281285971403,0.0,0.00015527475625276566,0.0,0.0
ham18_pattern_mining,2026-03-19T13:49:53,1,336,56,5,0.5,0.8534019589424133,0.0,0.0451719481498003,0.0451719481498003,0.0,5,5,0.004398033022880554,0.0,0.00011916179209947586,0.0,0.0
ham18_pattern_mining,2026-03-19T13:49:55,2,331,56,0,1.0,0.05023800581693649,0.0,0.12640434317290783,0.12640434317290783,0.0,5,5,0.012393038254231215,0.0,0.0002473960630595684,0.0,0.0
ham18_pattern_mining,2026-03-19T13:49:56,2,332,56,1,0.94140625,0.18537941575050354,0.0,0.04514975007623434,0.04514975007623434,0.0,5,5,0.004369881935417652,0.0,0.00014509307220578194,0.0,0.0
ham18_pattern_mining,2026-03-19T13:49:56,2,333,56,2,0.95703125,0.13178344070911407,0.0,0.044108396396040916,0.044108396396040916,0.0,5,5,0.004266481846570969,0.0,0.00014435779303312302,0.0,0.0
ham18_pattern_mining,2026-03-19T13:49:56,2,334,56,3,0.9609375,0.12032041698694229,0.0,0.03917953930795193,0.03917953930795193,0.0,5,5,0.0037802099250257015,0.0,0.0001377440057694912,0.0,0.0
ham18_pattern_mining,2026-03-19T13:49:57,2,335,56,4,0.96875,0.118262879550457,0.0,0.03384298179298639,0.03384298179298639,0.0,5,5,0.0032564583234488964,0.0,0.0001278398558497429,0.0,0.0
ham18_pattern_mining,2026-03-19T13:49:57,2,336,56,5,0.5,1.2548593282699585,0.0,0.03580600023269653,0.03580600023269653,0.0,5,5,0.003482379950582981,0.0,9.822007268667221e-05,0.0,0.0
ham18_pattern_mining,2026-03-19T13:50:00,3,331,56,0,0.984375,0.08000396937131882,0.0,0.22445806302130222,0.22445806302130222,0.0,5,5,0.021918767131865025,0.0,0.0005270391702651978,0.0,0.0
ham18_pattern_mining,2026-03-19T13:50:00,3,332,56,1,0.94921875,0.15390345454216003,0.0,0.05595466587692499,0.05595466587692499,0.0,5,5,0.0054285828955471516,0.0,0.0001668836921453476,0.0,0.0
ham18_pattern_mining,2026-03-19T13:50:00,3,333,56,2,0.9609375,0.1164230927824974,0.0,0.036168498918414116,0.036168498918414116,0.0,5,5,0.003498353064060211,0.0,0.00011849682778120041,0.0,0.0
ham18_pattern_mining,2026-03-19T13:50:00,3,334,56,3,0.9375,0.1712183654308319,0.0,0.03040328621864319,0.03040328621864319,0.0,5,5,0.002930915914475918,0.0,0.00010941270738840103,0.0,0.0
ham18_pattern_mining,2026-03-19T13:50:02,3,335,56,4,0.97265625,0.101883664727211,0.0,0.03387963864952326,0.03387963864952326,0.0,5,5,0.003255499992519617,0.0,0.00013246387243270874,0.0,0.0
ham18_pattern_mining,2026-03-19T13:50:02,3,336,56,5,1.0,0.04081010818481445,0.0,0.03369926009327173,0.03369926009327173,0.0,5,5,0.0032644630409777164,0.0,0.00010546296834945679,0.0,0.0
ham18_pattern_mining,2026-03-19T13:50:04,4,331,56,0,0.984375,0.08674441277980804,0.0,0.11685915756970644,0.11685915756970644,0.0,5,5,0.011469085700809956,0.0,0.0002168300561606884,0.0,0.0
ham18_pattern_mining,2026-03-19T13:50:05,4,332,56,1,0.98828125,0.06030048429965973,0.0,0.08197141345590353,0.08197141345590353,0.0,5,5,0.00797225907444954,0.0,0.00022488227114081383,0.0,0.0
ham18_pattern_mining,2026-03-19T13:50:05,4,333,56,2,0.953125,0.13517674803733826,0.0,0.052787717431783676,0.052787717431783676,0.0,5,5,0.005100966431200504,0.0,0.0001778053119778633,0.0,0.0
ham18_pattern_mining,2026-03-19T13:50:05,4,334,56,3,0.9609375,0.12182368338108063,0.0,0.03322410862892866,0.03322410862892866,0.0,5,5,0.0032100537791848183,0.0,0.00011235708370804787,0.0,0.0
ham18_pattern_mining,2026-03-19T13:50:06,4,335,56,4,0.984375,0.12505757808685303,0.0,0.04169207066297531,0.04169207066297531,0.0,5,5,0.00402681902050972,0.0,0.00014238804578781128,0.0,0.0
ham18_pattern_mining,2026-03-19T13:50:06,4,336,56,5,0.0,5.538384914398193,0.0,0.041862609796226025,0.041862609796226025,0.0,5,5,0.004084896296262741,0.0,0.00010136468335986137,0.0,0.0
ham18_pattern_mining,2026-03-19T13:50:13,0,337,57,0,0.98828125,0.06277081370353699,0.0,0.1628746511414647,0.1628746511414647,0.0,5,5,0.015906610991805792,0.0,0.00038085412234067917,0.0,0.0
ham18_pattern_mining,2026-03-19T13:50:13,0,338,57,1,0.9453125,0.17664244771003723,0.0,0.05267369095236063,0.05267369095236063,0.0,5,5,0.005104382056742907,0.0,0.00016298703849315643,0.0,0.0
ham18_pattern_mining,2026-03-19T13:50:13,0,339,57,2,0.9609375,0.11018343269824982,0.0,0.0415296945720911,0.0415296945720911,0.0,5,5,0.004017825238406658,0.0,0.0001351442188024521,0.0,0.0
ham18_pattern_mining,2026-03-19T13:50:13,0,340,57,3,0.97265625,0.10976151376962662,0.0,0.0412155082449317,0.0412155082449317,0.0,5,5,0.003976748790591955,0.0,0.0001448020339012146,0.0,0.0
ham18_pattern_mining,2026-03-19T13:50:14,0,341,57,4,0.9765625,0.1086522713303566,0.0,0.051640006713569164,0.051640006713569164,0.0,5,5,0.004989441018551588,0.0,0.00017455965280532837,0.0,0.0
ham18_pattern_mining,2026-03-19T13:50:14,0,342,57,5,1.0,0.4294278919696808,0.0,0.05106719210743904,0.05106719210743904,0.0,5,5,0.004981410223990679,0.0,0.00012530898675322533,0.0,0.0
ham18_pattern_mining,2026-03-19T13:50:17,1,337,57,0,0.98046875,0.07170571386814117,0.0,0.15765981283038855,0.15765981283038855,0.0,5,5,0.015455147251486778,0.0,0.00031083403155207634,0.0,0.0
ham18_pattern_mining,2026-03-19T13:50:17,1,338,57,1,0.96484375,0.12835535407066345,0.0,0.04604837391525507,0.04604837391525507,0.0,5,5,0.004454117733985186,0.0,0.00015071965754032135,0.0,0.0
ham18_pattern_mining,2026-03-19T13:50:17,1,339,57,2,0.9609375,0.1050311028957367,0.0,0.04186653532087803,0.04186653532087803,0.0,5,5,0.004045306239277124,0.0,0.00014134729281067848,0.0,0.0
ham18_pattern_mining,2026-03-19T13:50:17,1,340,57,3,0.9765625,0.10482307523488998,0.0,0.043380758725106716,0.043380758725106716,0.0,5,5,0.004192442167550325,0.0,0.00014563370496034622,0.0,0.0
ham18_pattern_mining,2026-03-19T13:50:19,1,341,57,4,0.953125,0.12146323919296265,0.0,0.04326506983488798,0.04326506983488798,0.0,5,5,0.004181467927992344,0.0,0.00014503905549645424,0.0,0.0
ham18_pattern_mining,2026-03-19T13:50:19,1,342,57,5,1.0,0.4264468848705292,0.0,0.043204412795603275,0.043204412795603275,0.0,5,5,0.004217077977955341,0.0,0.00010336330160498619,0.0,0.0
ham18_pattern_mining,2026-03-19T13:50:21,2,337,57,0,0.99609375,0.051769331097602844,0.0,0.14997228980064392,0.14997228980064392,0.0,5,5,0.014685233123600483,0.0,0.00031199585646390915,0.0,0.0
ham18_pattern_mining,2026-03-19T13:50:21,2,338,57,1,0.94921875,0.13626402616500854,0.0,0.06210715975612402,0.06210715975612402,0.0,5,5,0.0060167149640619755,0.0,0.00019400101155042648,0.0,0.0
ham18_pattern_mining,2026-03-19T13:50:21,2,339,57,2,0.94921875,0.14787888526916504,0.0,0.042390949092805386,0.042390949092805386,0.0,5,5,0.004100556951016188,0.0,0.0001385379582643509,0.0,0.0
ham18_pattern_mining,2026-03-19T13:50:21,2,340,57,3,0.95703125,0.16628296673297882,0.0,0.042217629961669445,0.042217629961669445,0.0,5,5,0.004086349159479141,0.0,0.00013541383668780327,0.0,0.0
ham18_pattern_mining,2026-03-19T13:50:23,2,341,57,4,0.95703125,0.11652359366416931,0.0,0.04337134771049023,0.04337134771049023,0.0,5,5,0.004186872858554125,0.0,0.00015026191249489784,0.0,0.0
ham18_pattern_mining,2026-03-19T13:50:23,2,342,57,5,0.5,1.2205592393875122,0.0,0.04321036860346794,0.04321036860346794,0.0,5,5,0.004212414845824242,0.0,0.00010862201452255249,0.0,0.0
ham18_pattern_mining,2026-03-19T13:50:25,3,337,57,0,0.98046875,0.08120916783809662,0.0,0.15390763524919748,0.15390763524919748,0.0,5,5,0.015079754870384932,0.0,0.00031100865453481674,0.0,0.0
ham18_pattern_mining,2026-03-19T13:50:25,3,338,57,1,0.96875,0.09652883559465408,0.0,0.04296452738344669,0.04296452738344669,0.0,5,5,0.004146285820752382,0.0,0.00015016691759228706,0.0,0.0
ham18_pattern_mining,2026-03-19T13:50:25,3,339,57,2,0.97265625,0.11513301730155945,0.0,0.0396609166637063,0.0396609166637063,0.0,5,5,0.0038398178294301033,0.0,0.00012627383694052696,0.0,0.0
ham18_pattern_mining,2026-03-19T13:50:25,3,340,57,3,0.9609375,0.144749253988266,0.0,0.042010145261883736,0.042010145261883736,0.0,5,5,0.004069283604621887,0.0,0.00013173092156648636,0.0,0.0
ham18_pattern_mining,2026-03-19T13:50:27,3,341,57,4,0.98828125,0.07478034496307373,0.0,0.042252480052411556,0.042252480052411556,0.0,5,5,0.004081957973539829,0.0,0.00014329003170132637,0.0,0.0
ham18_pattern_mining,2026-03-19T13:50:27,3,342,57,5,1.0,0.09324465692043304,0.0,0.044347443617880344,0.044347443617880344,0.0,5,5,0.004313111305236816,0.0,0.00012163305655121803,0.0,0.0
ham18_pattern_mining,2026-03-19T13:50:29,4,337,57,0,0.99609375,0.05268241465091705,0.0,0.1469547115266323,0.1469547115266323,0.0,5,5,0.014397521037608385,0.0,0.0002979501150548458,0.0,0.0
ham18_pattern_mining,2026-03-19T13:50:29,4,338,57,1,0.9609375,0.1212976947426796,0.0,0.05253361538052559,0.05253361538052559,0.0,5,5,0.005098731257021427,0.0,0.00015463028103113174,0.0,0.0
ham18_pattern_mining,2026-03-19T13:50:29,4,339,57,2,0.97265625,0.0835624560713768,0.0,0.04081221763044596,0.04081221763044596,0.0,5,5,0.0039335559122264385,0.0,0.0001476658508181572,0.0,0.0
ham18_pattern_mining,2026-03-19T13:50:29,4,340,57,3,0.94921875,0.14157581329345703,0.0,0.04000644199550152,0.04000644199550152,0.0,5,5,0.003865667153149843,0.0,0.0001349770464003086,0.0,0.0
ham18_pattern_mining,2026-03-19T13:50:31,4,341,57,4,0.9609375,0.11957716941833496,0.0,0.04337968770414591,0.04337968770414591,0.0,5,5,0.004188899882137775,0.0,0.00014906888827681541,0.0,0.0
ham18_pattern_mining,2026-03-19T13:50:31,4,342,57,5,1.0,0.03368726745247841,0.0,0.04558576736599207,0.04558576736599207,0.0,5,5,0.004444580990821123,0.0,0.0001139957457780838,0.0,0.0
ham18_pattern_mining,2026-03-19T13:50:38,0,343,58,0,0.99609375,0.03845958784222603,0.0,0.17775178886950016,0.17775178886950016,0.0,5,5,0.01739923795685172,0.0,0.0003759409300982952,0.0,0.0
ham18_pattern_mining,2026-03-19T13:50:38,0,344,58,1,0.9609375,0.11552254110574722,0.0,0.050796098075807095,0.050796098075807095,0.0,5,5,0.004931253846734762,0.0,0.00014835596084594727,0.0,0.0
ham18_pattern_mining,2026-03-19T13:50:38,0,345,58,2,0.96875,0.0974082425236702,0.0,0.046959430910646915,0.046959430910646915,0.0,5,5,0.004547513090074062,0.0,0.0001484300009906292,0.0,0.0
ham18_pattern_mining,2026-03-19T13:50:38,0,346,58,3,0.97265625,0.08604840189218521,0.0,0.039780596271157265,0.039780596271157265,0.0,5,5,0.003848074935376644,0.0,0.00012998469173908234,0.0,0.0
ham18_pattern_mining,2026-03-19T13:50:39,0,347,58,4,0.98828125,0.06673433631658554,0.0,0.041924407705664635,0.041924407705664635,0.0,5,5,0.004045106004923582,0.0,0.0001473347656428814,0.0,0.0
ham18_pattern_mining,2026-03-19T13:50:39,0,348,58,5,1.0,0.10844328254461288,0.0,0.04363384563475847,0.04363384563475847,0.0,5,5,0.004225979559123516,0.0,0.00013740500435233116,0.0,0.0
ham18_pattern_mining,2026-03-19T13:50:42,1,343,58,0,0.99609375,0.044993288815021515,0.0,0.16834759153425694,0.16834759153425694,0.0,5,5,0.016496147960424423,0.0,0.0003386111930012703,0.0,0.0
ham18_pattern_mining,2026-03-19T13:50:42,1,344,58,1,0.95703125,0.13281212747097015,0.0,0.08236117195338011,0.08236117195338011,0.0,5,5,0.008016163017600775,0.0,0.00021995417773723602,0.0,0.0
ham18_pattern_mining,2026-03-19T13:50:42,1,345,58,2,0.98046875,0.08772626519203186,0.0,0.0446557579562068,0.0446557579562068,0.0,5,5,0.004316131118685007,0.0,0.00014944467693567276,0.0,0.0
ham18_pattern_mining,2026-03-19T13:50:42,1,346,58,3,0.98828125,0.07386656105518341,0.0,0.04025394096970558,0.04025394096970558,0.0,5,5,0.003885955084115267,0.0,0.00013943901285529137,0.0,0.0
ham18_pattern_mining,2026-03-19T13:50:43,1,347,58,4,0.9375,0.15053613483905792,0.0,0.043257749639451504,0.043257749639451504,0.0,5,5,0.004178828094154596,0.0,0.00014694686979055405,0.0,0.0
ham18_pattern_mining,2026-03-19T13:50:43,1,348,58,5,1.0,0.12502695620059967,0.0,0.0428265705704689,0.0428265705704689,0.0,5,5,0.004162583965808153,0.0,0.0001200730912387371,0.0,0.0
ham18_pattern_mining,2026-03-19T13:50:46,2,343,58,0,0.98828125,0.06480144709348679,0.0,0.25494635570794344,0.25494635570794344,0.0,5,5,0.024939032271504402,0.0,0.0005556032992899418,0.0,0.0
ham18_pattern_mining,2026-03-19T13:50:46,2,344,58,1,0.9453125,0.16566810011863708,0.0,0.06350411102175713,0.06350411102175713,0.0,5,5,0.006160196848213673,0.0,0.00019021425396203995,0.0,0.0
ham18_pattern_mining,2026-03-19T13:50:46,2,345,58,2,0.96875,0.08848100155591965,0.0,0.04202790558338165,0.04202790558338165,0.0,5,5,0.0040663122199475765,0.0,0.00013647833839058876,0.0,0.0
ham18_pattern_mining,2026-03-19T13:50:46,2,346,58,3,0.97265625,0.0890563577413559,0.0,0.03966680262237787,0.03966680262237787,0.0,5,5,0.003834622912108898,0.0,0.00013205735012888908,0.0,0.0
ham18_pattern_mining,2026-03-19T13:50:47,2,347,58,4,0.953125,0.12863153219223022,0.0,0.04269569180905819,0.04269569180905819,0.0,5,5,0.004123352002352476,0.0,0.00014621717855334282,0.0,0.0
ham18_pattern_mining,2026-03-19T13:50:47,2,348,58,5,0.5,2.0041451454162598,0.0,0.04436099901795387,0.04436099901795387,0.0,5,5,0.004334095865488052,0.0,0.0001020040363073349,0.0,0.0
ham18_pattern_mining,2026-03-19T13:50:50,3,343,58,0,0.99609375,0.04199559986591339,0.0,0.2084888005629182,0.2084888005629182,0.0,5,5,0.02042101789265871,0.0,0.00042786216363310814,0.0,0.0
ham18_pattern_mining,2026-03-19T13:50:50,3,344,58,1,0.9765625,0.09673631936311722,0.0,0.059541878290474415,0.059541878290474415,0.0,5,5,0.005779875908046961,0.0,0.00017431192100048065,0.0,0.0
ham18_pattern_mining,2026-03-19T13:50:50,3,345,58,2,0.984375,0.07676177471876144,0.0,0.0409687589854002,0.0409687589854002,0.0,5,5,0.003960026893764734,0.0,0.00013684900477528572,0.0,0.0
ham18_pattern_mining,2026-03-19T13:50:50,3,346,58,3,0.97265625,0.093229740858078,0.0,0.039950679056346416,0.039950679056346416,0.0,5,5,0.0038670068606734276,0.0,0.00012806104496121407,0.0,0.0
ham18_pattern_mining,2026-03-19T13:50:51,3,347,58,4,0.9609375,0.1011650562286377,0.0,0.0424120994284749,0.0424120994284749,0.0,5,5,0.004091246984899044,0.0,0.00014996295794844627,0.0,0.0
ham18_pattern_mining,2026-03-19T13:50:51,3,348,58,5,0.5,1.697473406791687,0.0,0.044409665279090405,0.044409665279090405,0.0,5,5,0.00434121023863554,0.0,9.975628927350044e-05,0.0,0.0
ham18_pattern_mining,2026-03-19T13:50:54,4,343,58,0,0.98828125,0.07128526270389557,0.0,0.19876592326909304,0.19876592326909304,0.0,5,5,0.019392890390008688,0.0,0.0004837019369006157,0.0,0.0
ham18_pattern_mining,2026-03-19T13:50:54,4,344,58,1,0.9765625,0.08746704459190369,0.0,0.09633752051740885,0.09633752051740885,0.0,5,5,0.009370679967105389,0.0,0.00026307208463549614,0.0,0.0
ham18_pattern_mining,2026-03-19T13:50:54,4,345,58,2,0.96875,0.10849912464618683,0.0,0.055804839357733727,0.055804839357733727,0.0,5,5,0.005414122715592384,0.0,0.0001663612201809883,0.0,0.0
ham18_pattern_mining,2026-03-19T13:50:54,4,346,58,3,0.99609375,0.06366205215454102,0.0,0.039120917208492756,0.039120917208492756,0.0,5,5,0.0037805037572979927,0.0,0.00013158796355128288,0.0,0.0
ham18_pattern_mining,2026-03-19T13:50:55,4,347,58,4,0.9375,0.16307684779167175,0.0,0.04226292949169874,0.04226292949169874,0.0,5,5,0.004083538893610239,0.0,0.00014275405555963516,0.0,0.0
ham18_pattern_mining,2026-03-19T13:50:55,4,348,58,5,1.0,0.035585761070251465,0.0,0.04709033761173487,0.04709033761173487,0.0,5,5,0.004576690960675478,0.0,0.00013234280049800873,0.0,0.0
ham18_pattern_mining,2026-03-19T13:51:02,0,349,59,0,1.0,0.03478429466485977,0.0,0.16436429228633642,0.16436429228633642,0.0,5,5,0.016005197074264288,0.0,0.00043123215436935425,0.0,0.0
ham18_pattern_mining,2026-03-19T13:51:02,0,350,59,1,0.97265625,0.09089214354753494,0.0,0.04769192077219486,0.04769192077219486,0.0,5,5,0.004618363920599222,0.0,0.00015082815662026405,0.0,0.0
ham18_pattern_mining,2026-03-19T13:51:02,0,351,59,2,0.984375,0.07277651131153107,0.0,0.04163358360528946,0.04163358360528946,0.0,5,5,0.004025692120194435,0.0,0.0001376662403345108,0.0,0.0
ham18_pattern_mining,2026-03-19T13:51:03,0,352,59,3,0.96484375,0.13572867214679718,0.0,0.041406601667404175,0.041406601667404175,0.0,5,5,0.004004640970379114,0.0,0.00013601919636130333,0.0,0.0
ham18_pattern_mining,2026-03-19T13:51:04,0,353,59,4,0.98046875,0.09684506058692932,0.0,0.04183975048363209,0.04183975048363209,0.0,5,5,0.004041125997900963,0.0,0.00014284905046224594,0.0,0.0
ham18_pattern_mining,2026-03-19T13:51:04,0,354,59,5,0.5,1.4533534049987793,0.0,0.04444733262062073,0.04444733262062073,0.0,5,5,0.004343908280134201,0.0,0.0001008249819278717,0.0,0.0
ham18_pattern_mining,2026-03-19T13:51:06,1,349,59,0,0.98828125,0.07939938455820084,0.0,0.1790816243737936,0.1790816243737936,0.0,5,5,0.01742063043639064,0.0,0.00048753200098872185,0.0,0.0
ham18_pattern_mining,2026-03-19T13:51:06,1,350,59,1,0.94921875,0.1641327142715454,0.0,0.04963025450706482,0.04963025450706482,0.0,5,5,0.00479333009570837,0.0,0.00016969535499811172,0.0,0.0
ham18_pattern_mining,2026-03-19T13:51:06,1,351,59,2,0.94921875,0.1283959448337555,0.0,0.04094635136425495,0.04094635136425495,0.0,5,5,0.003956523258239031,0.0,0.0001381118781864643,0.0,0.0
ham18_pattern_mining,2026-03-19T13:51:06,1,352,59,3,0.95703125,0.13953542709350586,0.0,0.039531500078737736,0.039531500078737736,0.0,5,5,0.003813152201473713,0.0,0.00013999780640006065,0.0,0.0
ham18_pattern_mining,2026-03-19T13:51:08,1,353,59,4,0.9609375,0.11641819030046463,0.0,0.042086089961230755,0.042086089961230755,0.0,5,5,0.004065841902047396,0.0,0.00014276709407567978,0.0,0.0
ham18_pattern_mining,2026-03-19T13:51:08,1,354,59,5,1.0,0.13308139145374298,0.0,0.04419325850903988,0.04419325850903988,0.0,5,5,0.004317112732678652,0.0,0.00010221311822533607,0.0,0.0
ham18_pattern_mining,2026-03-19T13:51:10,2,349,59,0,0.984375,0.0692480131983757,0.0,0.13991758227348328,0.13991758227348328,0.0,5,5,0.013689802028238773,0.0,0.0003019561991095543,0.0,0.0
ham18_pattern_mining,2026-03-19T13:51:10,2,350,59,1,0.9609375,0.14328131079673767,0.0,0.042291060090065,0.042291060090065,0.0,5,5,0.0040842159651219845,0.0,0.00014489004388451576,0.0,0.0
ham18_pattern_mining,2026-03-19T13:51:10,2,351,59,2,0.99609375,0.06192126125097275,0.0,0.041456068865954876,0.041456068865954876,0.0,5,5,0.004008547868579626,0.0,0.0001370590180158615,0.0,0.0
ham18_pattern_mining,2026-03-19T13:51:10,2,352,59,3,0.97265625,0.07994523644447327,0.0,0.04082837142050266,0.04082837142050266,0.0,5,5,0.003952142782509327,0.0,0.00013069435954093933,0.0,0.0
ham18_pattern_mining,2026-03-19T13:51:12,2,353,59,4,0.98828125,0.06154564768075943,0.0,0.04221232142299414,0.04221232142299414,0.0,5,5,0.004075502045452595,0.0,0.00014573009684681892,0.0,0.0
ham18_pattern_mining,2026-03-19T13:51:12,2,354,59,5,0.5,0.8834387063980103,0.0,0.04432702902704477,0.04432702902704477,0.0,5,5,0.004312100820243359,0.0,0.0001206020824611187,0.0,0.0
ham18_pattern_mining,2026-03-19T13:51:14,3,349,59,0,0.98828125,0.046298734843730927,0.0,0.18466467037796974,0.18466467037796974,0.0,5,5,0.018092170357704163,0.0,0.0003742966800928116,0.0,0.0
ham18_pattern_mining,2026-03-19T13:51:14,3,350,59,1,0.98046875,0.0896771103143692,0.0,0.05028015002608299,0.05028015002608299,0.0,5,5,0.004875297658145428,0.0,0.00015271734446287155,0.0,0.0
ham18_pattern_mining,2026-03-19T13:51:14,3,351,59,2,0.96875,0.10936577618122101,0.0,0.04185750149190426,0.04185750149190426,0.0,5,5,0.004049794282764196,0.0,0.00013595586642622948,0.0,0.0
ham18_pattern_mining,2026-03-19T13:51:14,3,352,59,3,0.9609375,0.1081993356347084,0.0,0.039864000864326954,0.039864000864326954,0.0,5,5,0.0038543050177395344,0.0,0.000132095068693161,0.0,0.0
ham18_pattern_mining,2026-03-19T13:51:16,3,353,59,4,0.9609375,0.14297804236412048,0.0,0.04193861968815327,0.04193861968815327,0.0,5,5,0.00405026413500309,0.0,0.00014359783381223679,0.0,0.0
ham18_pattern_mining,2026-03-19T13:51:16,3,354,59,5,1.0,0.08800274133682251,0.0,0.04311507102102041,0.04311507102102041,0.0,5,5,0.0041940161027014256,0.0,0.00011749099940061569,0.0,0.0
ham18_pattern_mining,2026-03-19T13:51:18,4,349,59,0,0.9921875,0.05188368633389473,0.0,0.17595204059034586,0.17595204059034586,0.0,5,5,0.017177782952785492,0.0,0.000417421106249094,0.0,0.0
ham18_pattern_mining,2026-03-19T13:51:18,4,350,59,1,0.95703125,0.1199958547949791,0.0,0.05573377013206482,0.05573377013206482,0.0,5,5,0.005406954791396856,0.0,0.00016642222180962563,0.0,0.0
ham18_pattern_mining,2026-03-19T13:51:18,4,351,59,2,0.98046875,0.07555411756038666,0.0,0.040139430202543736,0.040139430202543736,0.0,5,5,0.0038853762671351433,0.0,0.00012856675311923027,0.0,0.0
ham18_pattern_mining,2026-03-19T13:51:18,4,352,59,3,0.9609375,0.09426489472389221,0.0,0.04176817834377289,0.04176817834377289,0.0,5,5,0.004040084779262543,0.0,0.0001367330551147461,0.0,0.0
ham18_pattern_mining,2026-03-19T13:51:20,4,353,59,4,0.98828125,0.08650124073028564,0.0,0.04298781976103783,0.04298781976103783,0.0,5,5,0.004143213853240013,0.0,0.00015556812286376953,0.0,0.0
ham18_pattern_mining,2026-03-19T13:51:20,4,354,59,5,1.0,0.031013110652565956,0.0,0.04540628753602505,0.04540628753602505,0.0,5,5,0.004433360416442156,0.0,0.00010726833716034889,0.0,0.0
ham18_pattern_mining,2026-03-19T13:51:26,0,355,60,0,0.984375,0.0641675814986229,0.0,0.14544534496963024,0.14544534496963024,0.0,5,5,0.014226611703634262,0.0,0.00031792279332876205,0.0,0.0
ham18_pattern_mining,2026-03-19T13:51:26,0,356,60,1,0.98046875,0.07866047322750092,0.0,0.05225223954766989,0.05225223954766989,0.0,5,5,0.005072964821010828,0.0,0.00015225913375616074,0.0,0.0
ham18_pattern_mining,2026-03-19T13:51:26,0,357,60,2,0.96875,0.15636618435382843,0.0,0.04129752516746521,0.04129752516746521,0.0,5,5,0.003991617355495691,0.0,0.0001381351612508297,0.0,0.0
ham18_pattern_mining,2026-03-19T13:51:26,0,358,60,3,0.984375,0.06823493540287018,0.0,0.039798482321202755,0.039798482321202755,0.0,5,5,0.003837929107248783,0.0,0.00014191912487149239,0.0,0.0
ham18_pattern_mining,2026-03-19T13:51:28,0,359,60,4,0.99609375,0.06262899935245514,0.0,0.04367528948932886,0.04367528948932886,0.0,5,5,0.00422048382461071,0.0,0.00014704512432217598,0.0,0.0
ham18_pattern_mining,2026-03-19T13:51:28,0,360,60,5,0.5,2.8961355686187744,0.0,0.04174498841166496,0.04174498841166496,0.0,5,5,0.004070366732776165,0.0,0.00010413210839033127,0.0,0.0
ham18_pattern_mining,2026-03-19T13:51:30,1,355,60,0,0.98046875,0.06225379556417465,0.0,0.2269712369889021,0.2269712369889021,0.0,5,5,0.022246531676501036,0.0,0.0004505920223891735,0.0,0.0
ham18_pattern_mining,2026-03-19T13:51:30,1,356,60,1,0.953125,0.12127280235290527,0.0,0.05688053090125322,0.05688053090125322,0.0,5,5,0.005542343016713858,0.0,0.0001457100734114647,0.0,0.0
ham18_pattern_mining,2026-03-19T13:51:31,1,357,60,2,0.97265625,0.0810365229845047,0.0,0.03667903132736683,0.03667903132736683,0.0,5,5,0.0035719871520996094,0.0,9.591598063707352e-05,0.0,0.0
ham18_pattern_mining,2026-03-19T13:51:31,1,358,60,3,0.97265625,0.10659059882164001,0.0,0.03564284183084965,0.03564284183084965,0.0,5,5,0.0034730341285467148,0.0,9.125005453824997e-05,0.0,0.0
ham18_pattern_mining,2026-03-19T13:51:32,1,359,60,4,0.9609375,0.11206524819135666,0.0,0.04358317703008652,0.04358317703008652,0.0,5,5,0.00420248880982399,0.0,0.00015582889318466187,0.0,0.0
ham18_pattern_mining,2026-03-19T13:51:32,1,360,60,5,1.0,0.04777172952890396,0.0,0.04335974343121052,0.04335974343121052,0.0,5,5,0.004221522249281406,0.0,0.00011445209383964539,0.0,0.0
ham18_pattern_mining,2026-03-19T13:51:34,2,355,60,0,0.984375,0.04526783525943756,0.0,0.17688619904220104,0.17688619904220104,0.0,5,5,0.017265420872718096,0.0,0.00042319903150200844,0.0,0.0
ham18_pattern_mining,2026-03-19T13:51:35,2,356,60,1,0.94140625,0.16739729046821594,0.0,0.09858223143965006,0.09858223143965006,0.0,5,5,0.009598469361662865,0.0,0.0002597537823021412,0.0,0.0
ham18_pattern_mining,2026-03-19T13:51:35,2,357,60,2,0.9765625,0.1260976493358612,0.0,0.04980471916496754,0.04980471916496754,0.0,5,5,0.0048256488516926765,0.0,0.00015482306480407715,0.0,0.0
ham18_pattern_mining,2026-03-19T13:51:35,2,358,60,3,0.94921875,0.17530925571918488,0.0,0.04056048113852739,0.04056048113852739,0.0,5,5,0.003920135088264942,0.0,0.00013591302558779716,0.0,0.0
ham18_pattern_mining,2026-03-19T13:51:36,2,359,60,4,0.9921875,0.0746283084154129,0.0,0.041261035948991776,0.041261035948991776,0.0,5,5,0.003980518318712711,0.0,0.00014558527618646622,0.0,0.0
ham18_pattern_mining,2026-03-19T13:51:36,2,360,60,5,0.0,5.168801307678223,0.0,0.04409378860145807,0.04409378860145807,0.0,5,5,0.004296929109841585,0.0,0.00011244975030422211,0.0,0.0
ham18_pattern_mining,2026-03-19T13:51:38,3,355,60,0,0.984375,0.04727981984615326,0.0,0.1825991552323103,0.1825991552323103,0.0,5,5,0.017866227310150862,0.0,0.00039368821308016777,0.0,0.0
ham18_pattern_mining,2026-03-19T13:51:39,3,356,60,1,0.9765625,0.07895925641059875,0.0,0.07483650464564562,0.07483650464564562,0.0,5,5,0.007281643804162741,0.0,0.00020200666040182114,0.0,0.0
ham18_pattern_mining,2026-03-19T13:51:39,3,357,60,2,0.984375,0.0734361857175827,0.0,0.05207349080592394,0.05207349080592394,0.0,5,5,0.0050464230589568615,0.0,0.00016092602163553238,0.0,0.0
ham18_pattern_mining,2026-03-19T13:51:39,3,358,60,3,0.9609375,0.14364153146743774,0.0,0.040243444964289665,0.040243444964289665,0.0,5,5,0.003886786289513111,0.0,0.0001375582069158554,0.0,0.0
ham18_pattern_mining,2026-03-19T13:51:40,3,359,60,4,0.9765625,0.07600709795951843,0.0,0.041967532597482204,0.041967532597482204,0.0,5,5,0.004049334209412336,0.0,0.0001474190503358841,0.0,0.0
ham18_pattern_mining,2026-03-19T13:51:40,3,360,60,5,1.0,0.09600730985403061,0.0,0.04563900176435709,0.04563900176435709,0.0,5,5,0.004458530806005001,0.0,0.00010536937043070793,0.0,0.0
ham18_pattern_mining,2026-03-19T13:51:43,4,355,60,0,0.99609375,0.0352134071290493,0.0,0.2507036319002509,0.2507036319002509,0.0,5,5,0.024538026191294193,0.0,0.0005323369987308979,0.0,0.0
ham18_pattern_mining,2026-03-19T13:51:43,4,356,60,1,0.9765625,0.08141851425170898,0.0,0.07188703864812851,0.07188703864812851,0.0,5,5,0.006980841979384422,0.0,0.00020786188542842865,0.0,0.0
ham18_pattern_mining,2026-03-19T13:51:43,4,357,60,2,0.9765625,0.09068553149700165,0.0,0.044655511155724525,0.044655511155724525,0.0,5,5,0.004305890761315823,0.0,0.00015966035425662994,0.0,0.0
ham18_pattern_mining,2026-03-19T13:51:43,4,358,60,3,0.9609375,0.09913964569568634,0.0,0.03922642208635807,0.03922642208635807,0.0,5,5,0.0037974449805915356,0.0,0.00012519722804427147,0.0,0.0
ham18_pattern_mining,2026-03-19T13:51:45,4,359,60,4,0.98828125,0.08193367719650269,0.0,0.042160311713814735,0.042160311713814735,0.0,5,5,0.004068091977387667,0.0,0.00014793919399380684,0.0,0.0
ham18_pattern_mining,2026-03-19T13:51:45,4,360,60,5,0.0,7.535975933074951,0.0,0.04512605257332325,0.04512605257332325,0.0,5,5,0.004383243154734373,0.0,0.0001293621025979519,0.0,0.0
ham18_pattern_mining,2026-03-19T13:51:51,0,361,61,0,1.0,0.029056591913104057,0.0,0.13993021566420794,0.13993021566420794,0.0,5,5,0.013685866724699736,0.0,0.0003071548417210579,0.0,0.0
ham18_pattern_mining,2026-03-19T13:51:51,0,362,61,1,0.96484375,0.10267306864261627,0.0,0.06632499862462282,0.06632499862462282,0.0,5,5,0.0064508309587836266,0.0,0.00018166890367865562,0.0,0.0
ham18_pattern_mining,2026-03-19T13:51:51,0,363,61,2,0.9921875,0.048965439200401306,0.0,0.04287571180611849,0.04287571180611849,0.0,5,5,0.00412769615650177,0.0,0.0001598750241100788,0.0,0.0
ham18_pattern_mining,2026-03-19T13:51:51,0,364,61,3,0.9609375,0.11551479995250702,0.0,0.04031124524772167,0.04031124524772167,0.0,5,5,0.0038945493288338184,0.0,0.00013657519593834877,0.0,0.0
ham18_pattern_mining,2026-03-19T13:51:53,0,365,61,4,0.96875,0.08907090127468109,0.0,0.0417683320119977,0.0417683320119977,0.0,5,5,0.00403429614380002,0.0,0.00014253705739974976,0.0,0.0
ham18_pattern_mining,2026-03-19T13:51:53,0,366,61,5,1.0,0.2796417474746704,0.0,0.04294564016163349,0.04294564016163349,0.0,5,5,0.004192050080746412,0.0,0.00010251393541693687,0.0,0.0
ham18_pattern_mining,2026-03-19T13:51:55,1,361,61,0,0.99609375,0.05277488753199577,0.0,0.24856061208993196,0.24856061208993196,0.0,5,5,0.02426580898463726,0.0,0.000590252224355936,0.0,0.0
ham18_pattern_mining,2026-03-19T13:51:55,1,362,61,1,0.93359375,0.17656229436397552,0.0,0.058328877203166485,0.058328877203166485,0.0,5,5,0.0056651895865798,0.0,0.00016769813373684883,0.0,0.0
ham18_pattern_mining,2026-03-19T13:51:56,1,363,61,2,0.98828125,0.06696806848049164,0.0,0.03946155775338411,0.03946155775338411,0.0,5,5,0.003823548089712858,0.0,0.00012260768562555313,0.0,0.0
ham18_pattern_mining,2026-03-19T13:51:56,1,364,61,3,0.96484375,0.09781190752983093,0.0,0.04030540119856596,0.04030540119856596,0.0,5,5,0.003900269977748394,0.0,0.00013027014210820198,0.0,0.0
ham18_pattern_mining,2026-03-19T13:51:57,1,365,61,4,0.95703125,0.11421696096658707,0.0,0.042375046759843826,0.042375046759843826,0.0,5,5,0.004078270867466927,0.0,0.00015923380851745605,0.0,0.0
ham18_pattern_mining,2026-03-19T13:51:57,1,366,61,5,0.0,3.539292097091675,0.0,0.04431604873389006,0.04431604873389006,0.0,5,5,0.004315834958106279,0.0,0.00011576991528272629,0.0,0.0
ham18_pattern_mining,2026-03-19T13:51:59,2,361,61,0,0.99609375,0.04814457148313522,0.0,0.12812905944883823,0.12812905944883823,0.0,5,5,0.012548360042273998,0.0,0.00026454590260982513,0.0,0.0
ham18_pattern_mining,2026-03-19T13:51:59,2,362,61,1,0.93359375,0.1591103971004486,0.0,0.04313596524298191,0.04313596524298191,0.0,5,5,0.0041712187230587006,0.0,0.0001423778012394905,0.0,0.0
ham18_pattern_mining,2026-03-19T13:52:00,2,363,61,2,0.953125,0.13500820100307465,0.0,0.0506531773135066,0.0506531773135066,0.0,5,5,0.0049150739796459675,0.0,0.00015024375170469284,0.0,0.0
ham18_pattern_mining,2026-03-19T13:52:00,2,364,61,3,0.96875,0.12296162545681,0.0,0.04632685799151659,0.04632685799151659,0.0,5,5,0.004480873700231314,0.0,0.0001518120989203453,0.0,0.0
ham18_pattern_mining,2026-03-19T13:52:01,2,365,61,4,0.953125,0.1688993275165558,0.0,0.043269828893244267,0.043269828893244267,0.0,5,5,0.0041777510195970535,0.0,0.00014923186972737312,0.0,0.0
ham18_pattern_mining,2026-03-19T13:52:01,2,366,61,5,1.0,0.0892716571688652,0.0,0.042406441643834114,0.042406441643834114,0.0,5,5,0.004125733859837055,0.0,0.0001149103045463562,0.0,0.0
ham18_pattern_mining,2026-03-19T13:52:03,3,361,61,0,0.98828125,0.0462833009660244,0.0,0.1556547824293375,0.1556547824293375,0.0,5,5,0.015224457252770662,0.0,0.00034102099016308784,0.0,0.0
ham18_pattern_mining,2026-03-19T13:52:03,3,362,61,1,0.9609375,0.1017337441444397,0.0,0.047107450664043427,0.047107450664043427,0.0,5,5,0.004543120041489601,0.0,0.00016762502491474152,0.0,0.0
ham18_pattern_mining,2026-03-19T13:52:03,3,363,61,2,0.97265625,0.10355903208255768,0.0,0.040743849240243435,0.040743849240243435,0.0,5,5,0.00394110893830657,0.0,0.00013327598571777344,0.0,0.0
ham18_pattern_mining,2026-03-19T13:52:03,3,364,61,3,0.9609375,0.10889062285423279,0.0,0.03957247827202082,0.03957247827202082,0.0,5,5,0.0038265478797256947,0.0,0.00013069994747638702,0.0,0.0
ham18_pattern_mining,2026-03-19T13:52:05,3,365,61,4,0.98046875,0.08578281104564667,0.0,0.07240710780024529,0.07240710780024529,0.0,5,5,0.007041838951408863,0.0,0.00019887182861566544,0.0,0.0
ham18_pattern_mining,2026-03-19T13:52:05,3,366,61,5,1.0,0.3710463047027588,0.0,0.07041743956506252,0.07041743956506252,0.0,5,5,0.0068945931270718575,0.0,0.00014715082943439484,0.0,0.0
ham18_pattern_mining,2026-03-19T13:52:07,4,361,61,0,1.0,0.037857525050640106,0.0,0.16661182045936584,0.16661182045936584,0.0,5,5,0.01627944502979517,0.0,0.00038173701614141464,0.0,0.0
ham18_pattern_mining,2026-03-19T13:52:07,4,362,61,1,0.96484375,0.09955441206693649,0.0,0.056175184436142445,0.056175184436142445,0.0,5,5,0.005447446834295988,0.0,0.00017007160931825638,0.0,0.0
ham18_pattern_mining,2026-03-19T13:52:07,4,363,61,2,0.984375,0.0714356005191803,0.0,0.042732032015919685,0.042732032015919685,0.0,5,5,0.0041364338248968124,0.0,0.0001367693766951561,0.0,0.0
ham18_pattern_mining,2026-03-19T13:52:08,4,364,61,3,0.96484375,0.10521456599235535,0.0,0.04200480878353119,0.04200480878353119,0.0,5,5,0.004061679821461439,0.0,0.00013880105689167976,0.0,0.0
ham18_pattern_mining,2026-03-19T13:52:09,4,365,61,4,0.98046875,0.08473876863718033,0.0,0.0412666006013751,0.0412666006013751,0.0,5,5,0.003968346863985062,0.0,0.00015831319615244865,0.0,0.0
ham18_pattern_mining,2026-03-19T13:52:09,4,366,61,5,1.0,0.02597109042108059,0.0,0.04500220995396376,0.04500220995396376,0.0,5,5,0.00439960602670908,0.0,0.00010061496868729591,0.0,0.0
ham18_pattern_mining,2026-03-19T13:52:16,0,367,62,0,0.9921875,0.04029829800128937,0.0,0.21029936149716377,0.21029936149716377,0.0,5,5,0.02054473478347063,0.0,0.0004852013662457466,0.0,0.0
ham18_pattern_mining,2026-03-19T13:52:16,0,368,62,1,0.98046875,0.10634341835975647,0.0,0.06118076853454113,0.06118076853454113,0.0,5,5,0.005930191837251186,0.0,0.00018788501620292664,0.0,0.0
ham18_pattern_mining,2026-03-19T13:52:16,0,369,62,2,0.9921875,0.04232802614569664,0.0,0.04131925292313099,0.04131925292313099,0.0,5,5,0.0039887502789497375,0.0,0.00014317501336336136,0.0,0.0
ham18_pattern_mining,2026-03-19T13:52:16,0,370,62,3,0.96484375,0.10851772874593735,0.0,0.040994128212332726,0.040994128212332726,0.0,5,5,0.00396012794226408,0.0,0.0001392848789691925,0.0,0.0
ham18_pattern_mining,2026-03-19T13:52:18,0,371,62,4,0.9609375,0.10644960403442383,0.0,0.051531270146369934,0.051531270146369934,0.0,5,5,0.004977235104888678,0.0,0.0001758919097483158,0.0,0.0
ham18_pattern_mining,2026-03-19T13:52:18,0,372,62,5,0.5,0.7117324471473694,0.0,0.05310032516717911,0.05310032516717911,0.0,5,5,0.005186180118471384,0.0,0.00012385239824652672,0.0,0.0
ham18_pattern_mining,2026-03-19T13:52:20,1,367,62,0,0.9921875,0.029731281101703644,0.0,0.11948895175009966,0.11948895175009966,0.0,5,5,0.011735569220036268,0.0,0.00021332595497369766,0.0,0.0
ham18_pattern_mining,2026-03-19T13:52:21,1,368,62,1,0.98828125,0.0806523784995079,0.0,0.08133288938552141,0.08133288938552141,0.0,5,5,0.007912009954452515,0.0,0.00022127898409962654,0.0,0.0
ham18_pattern_mining,2026-03-19T13:52:21,1,369,62,2,0.97265625,0.09680300951004028,0.0,0.05662161856889725,0.05662161856889725,0.0,5,5,0.005481000058352947,0.0,0.0001811617985367775,0.0,0.0
ham18_pattern_mining,2026-03-19T13:52:21,1,370,62,3,0.96875,0.10238951444625854,0.0,0.038905940018594265,0.038905940018594265,0.0,5,5,0.0037541831843554974,0.0,0.00013641081750392914,0.0,0.0
ham18_pattern_mining,2026-03-19T13:52:22,1,371,62,4,0.92578125,0.17418408393859863,0.0,0.042338534258306026,0.042338534258306026,0.0,5,5,0.004091729409992695,0.0,0.0001421240158379078,0.0,0.0
ham18_pattern_mining,2026-03-19T13:52:22,1,372,62,5,0.5,0.8379414081573486,0.0,0.04395002964884043,0.04395002964884043,0.0,5,5,0.004274759907275438,0.0,0.00012024305760860443,0.0,0.0
ham18_pattern_mining,2026-03-19T13:52:24,2,367,62,0,0.9921875,0.03101220726966858,0.0,0.13432822190225124,0.13432822190225124,0.0,5,5,0.013183082919567823,0.0,0.00024973927065730095,0.0,0.0
ham18_pattern_mining,2026-03-19T13:52:24,2,368,62,1,0.98828125,0.06249108165502548,0.0,0.046318392269313335,0.046318392269313335,0.0,5,5,0.004481300245970488,0.0,0.00015053898096084595,0.0,0.0
ham18_pattern_mining,2026-03-19T13:52:24,2,369,62,2,0.9765625,0.09709286689758301,0.0,0.05289705004543066,0.05289705004543066,0.0,5,5,0.005105257034301758,0.0,0.0001844479702413082,0.0,0.0
ham18_pattern_mining,2026-03-19T13:52:24,2,370,62,3,0.97265625,0.10872156918048859,0.0,0.03940050024539232,0.03940050024539232,0.0,5,5,0.0038147042505443096,0.0,0.00012534577399492264,0.0,0.0
ham18_pattern_mining,2026-03-19T13:52:26,2,371,62,4,0.96484375,0.08450537919998169,0.0,0.04186793230473995,0.04186793230473995,0.0,5,5,0.004044339992105961,0.0,0.00014245323836803436,0.0,0.0
ham18_pattern_mining,2026-03-19T13:52:26,2,372,62,5,1.0,0.05007888376712799,0.0,0.04182513803243637,0.04182513803243637,0.0,5,5,0.004060183651745319,0.0,0.00012233015149831772,0.0,0.0
ham18_pattern_mining,2026-03-19T13:52:28,3,367,62,0,0.99609375,0.0376150906085968,0.0,0.2558120386675,0.2558120386675,0.0,5,5,0.024959195870906115,0.0,0.0006220079958438873,0.0,0.0
ham18_pattern_mining,2026-03-19T13:52:28,3,368,62,1,0.98828125,0.0689297616481781,0.0,0.06214338820427656,0.06214338820427656,0.0,5,5,0.006021750159561634,0.0,0.0001925886608660221,0.0,0.0
ham18_pattern_mining,2026-03-19T13:52:28,3,369,62,2,0.9765625,0.09005233645439148,0.0,0.04046683665364981,0.04046683665364981,0.0,5,5,0.003913419786840677,0.0,0.00013326387852430344,0.0,0.0
ham18_pattern_mining,2026-03-19T13:52:28,3,370,62,3,0.99609375,0.04539460316300392,0.0,0.03882576245814562,0.03882576245814562,0.0,5,5,0.003756036050617695,0.0,0.000126540195196867,0.0,0.0
ham18_pattern_mining,2026-03-19T13:52:30,3,371,62,4,0.98046875,0.07955275475978851,0.0,0.04248247016221285,0.04248247016221285,0.0,5,5,0.004104996100068092,0.0,0.00014325091615319252,0.0,0.0
ham18_pattern_mining,2026-03-19T13:52:30,3,372,62,5,0.5,1.2679210901260376,0.0,0.04333013202995062,0.04333013202995062,0.0,5,5,0.004214467015117407,0.0,0.00011854618787765503,0.0,0.0
ham18_pattern_mining,2026-03-19T13:52:32,4,367,62,0,0.99609375,0.032667793333530426,0.0,0.1466382620856166,0.1466382620856166,0.0,5,5,0.01436547888442874,0.0,0.0002983473241329193,0.0,0.0
ham18_pattern_mining,2026-03-19T13:52:32,4,368,62,1,0.98046875,0.08074425160884857,0.0,0.04146441351622343,0.04146441351622343,0.0,5,5,0.004010376054793596,0.0,0.0001360652968287468,0.0,0.0
ham18_pattern_mining,2026-03-19T13:52:32,4,369,62,2,0.98046875,0.0525386705994606,0.0,0.04168105311691761,0.04168105311691761,0.0,5,5,0.0040306709706783295,0.0,0.00013743434101343155,0.0,0.0
ham18_pattern_mining,2026-03-19T13:52:32,4,370,62,3,0.9765625,0.08731313049793243,0.0,0.040916851721704006,0.040916851721704006,0.0,5,5,0.003956323955208063,0.0,0.0001353612169623375,0.0,0.0
ham18_pattern_mining,2026-03-19T13:52:34,4,371,62,4,0.97265625,0.0917409360408783,0.0,0.04147689323872328,0.04147689323872328,0.0,5,5,0.003995655104517937,0.0,0.0001520342193543911,0.0,0.0
ham18_pattern_mining,2026-03-19T13:52:34,4,372,62,5,1.0,0.025059569627046585,0.0,0.042600943706929684,0.042600943706929684,0.0,5,5,0.004156057722866535,0.0,0.00010403664782643318,0.0,0.0
ham18_pattern_mining,2026-03-19T13:52:40,0,373,63,0,1.0,0.031540218740701675,0.0,0.13910918030887842,0.13910918030887842,0.0,5,5,0.013595398981124163,0.0,0.0003155190497636795,0.0,0.0
ham18_pattern_mining,2026-03-19T13:52:41,0,374,63,1,0.96875,0.09292179346084595,0.0,0.04921087063848972,0.04921087063848972,0.0,5,5,0.0047643450088799,0.0,0.00015674205496907234,0.0,0.0
ham18_pattern_mining,2026-03-19T13:52:41,0,375,63,2,0.98828125,0.07324521243572235,0.0,0.04088948480784893,0.04088948480784893,0.0,5,5,0.003957790322601795,0.0,0.00013115815818309784,0.0,0.0
ham18_pattern_mining,2026-03-19T13:52:41,0,376,63,3,0.96875,0.11638695001602173,0.0,0.04124407656490803,0.04124407656490803,0.0,5,5,0.003993190824985504,0.0,0.00013121683150529861,0.0,0.0
ham18_pattern_mining,2026-03-19T13:52:42,0,377,63,4,0.9765625,0.06315205246210098,0.0,0.04436650313436985,0.04436650313436985,0.0,5,5,0.0042958613485097885,0.0,0.0001407889649271965,0.0,0.0
ham18_pattern_mining,2026-03-19T13:52:42,0,378,63,5,0.5,4.1788716316223145,0.0,0.04192508291453123,0.04192508291453123,0.0,5,5,0.00409420020878315,0.0,9.830808266997337e-05,0.0,0.0
ham18_pattern_mining,2026-03-19T13:52:45,1,373,63,0,0.9921875,0.045185886323451996,0.0,0.24208521470427513,0.24208521470427513,0.0,5,5,0.023652793373912573,0.0,0.0005557280965149403,0.0,0.0
ham18_pattern_mining,2026-03-19T13:52:45,1,374,63,1,0.9765625,0.08517330139875412,0.0,0.08075650781393051,0.08075650781393051,0.0,5,5,0.007871747016906738,0.0,0.00020390376448631287,0.0,0.0
ham18_pattern_mining,2026-03-19T13:52:45,1,375,63,2,0.984375,0.06913605332374573,0.0,0.03869797568768263,0.03869797568768263,0.0,5,5,0.0037335259839892387,0.0,0.00013627158477902412,0.0,0.0
ham18_pattern_mining,2026-03-19T13:52:45,1,376,63,3,0.94921875,0.11026568710803986,0.0,0.03817973658442497,0.03817973658442497,0.0,5,5,0.00369397085160017,0.0,0.00012400280684232712,0.0,0.0
ham18_pattern_mining,2026-03-19T13:52:46,1,377,63,4,0.96875,0.10356132686138153,0.0,0.04188458900898695,0.04188458900898695,0.0,5,5,0.004046374931931496,0.0,0.00014208396896719933,0.0,0.0
ham18_pattern_mining,2026-03-19T13:52:46,1,378,63,5,1.0,0.2703525125980377,0.0,0.04179546143859625,0.04179546143859625,0.0,5,5,0.004078228957951069,0.0,0.00010131718590855598,0.0,0.0
ham18_pattern_mining,2026-03-19T13:52:49,2,373,63,0,1.0,0.021200180053710938,0.0,0.1673043379560113,0.1673043379560113,0.0,5,5,0.016406274866312742,0.0,0.0003241589292883873,0.0,0.0
ham18_pattern_mining,2026-03-19T13:52:49,2,374,63,1,0.93359375,0.1763344407081604,0.0,0.07802953943610191,0.07802953943610191,0.0,5,5,0.007589804008603096,0.0,0.00021314993500709534,0.0,0.0
ham18_pattern_mining,2026-03-19T13:52:49,2,375,63,2,0.99609375,0.04540088400244713,0.0,0.05400787107646465,0.05400787107646465,0.0,5,5,0.005229434929788113,0.0,0.00017135217785835266,0.0,0.0
ham18_pattern_mining,2026-03-19T13:52:49,2,376,63,3,0.90234375,0.22189703583717346,0.0,0.03974136896431446,0.03974136896431446,0.0,5,5,0.0038524847477674484,0.0,0.00012165214866399765,0.0,0.0
ham18_pattern_mining,2026-03-19T13:52:50,2,377,63,4,0.96484375,0.11779911816120148,0.0,0.0421180808916688,0.0421180808916688,0.0,5,5,0.004071809817105532,0.0,0.00013999827206134796,0.0,0.0
ham18_pattern_mining,2026-03-19T13:52:50,2,378,63,5,1.0,0.11007127910852432,0.0,0.04142633639276028,0.04142633639276028,0.0,5,5,0.004044346045702696,0.0,9.828759357333183e-05,0.0,0.0
ham18_pattern_mining,2026-03-19T13:52:53,3,373,63,0,0.98828125,0.04493715241551399,0.0,0.25327411014586687,0.25327411014586687,0.0,5,5,0.024716692976653576,0.0,0.0006107180379331112,0.0,0.0
ham18_pattern_mining,2026-03-19T13:52:53,3,374,63,1,0.98046875,0.06734433770179749,0.0,0.08558560162782669,0.08558560162782669,0.0,5,5,0.008344644214957952,0.0,0.00021391594782471657,0.0,0.0
ham18_pattern_mining,2026-03-19T13:52:53,3,375,63,2,0.9609375,0.10684677213430405,0.0,0.05080025643110275,0.05080025643110275,0.0,5,5,0.004946386907249689,0.0,0.00013363873586058617,0.0,0.0
ham18_pattern_mining,2026-03-19T13:52:53,3,376,63,3,0.98046875,0.0685095340013504,0.0,0.03878651652485132,0.03878651652485132,0.0,5,5,0.0037515866570174694,0.0,0.0001270649954676628,0.0,0.0
ham18_pattern_mining,2026-03-19T13:52:54,3,377,63,4,0.97265625,0.08557561039924622,0.0,0.04900204949080944,0.04900204949080944,0.0,5,5,0.004765533842146397,0.0,0.00013467110693454742,0.0,0.0
ham18_pattern_mining,2026-03-19T13:52:54,3,378,63,5,0.5,0.5234887599945068,0.0,0.049268356524407864,0.049268356524407864,0.0,5,5,0.004805287811905146,0.0,0.00012154784053564072,0.0,0.0
ham18_pattern_mining,2026-03-19T13:52:57,4,373,63,0,0.984375,0.06045367941260338,0.0,0.13390814419835806,0.13390814419835806,0.0,5,5,0.013087399769574404,0.0,0.00030341465026140213,0.0,0.0
ham18_pattern_mining,2026-03-19T13:52:57,4,374,63,1,0.9609375,0.1046021580696106,0.0,0.04352692048996687,0.04352692048996687,0.0,5,5,0.004217387177050114,0.0,0.00013530487194657326,0.0,0.0
ham18_pattern_mining,2026-03-19T13:52:57,4,375,63,2,0.95703125,0.10761880874633789,0.0,0.03990085795521736,0.03990085795521736,0.0,5,5,0.0038662957958877087,0.0,0.00012378999963402748,0.0,0.0
ham18_pattern_mining,2026-03-19T13:52:57,4,376,63,3,0.98828125,0.058446891605854034,0.0,0.03899420611560345,0.03899420611560345,0.0,5,5,0.0037733158096671104,0.0,0.00012610480189323425,0.0,0.0
ham18_pattern_mining,2026-03-19T13:52:58,4,377,63,4,0.98828125,0.07227128744125366,0.0,0.041327462531626225,0.041327462531626225,0.0,5,5,0.003993561025708914,0.0,0.00013918522745370865,0.0,0.0
ham18_pattern_mining,2026-03-19T13:52:58,4,378,63,5,0.0,5.649043560028076,0.0,0.04450641106814146,0.04450641106814146,0.0,5,5,0.004339694045484066,0.0,0.00011094706133008003,0.0,0.0
ham18_pattern_mining,2026-03-19T13:53:05,0,379,64,0,1.0,0.024261534214019775,0.0,0.23591247387230396,0.23591247387230396,0.0,5,5,0.02305730478838086,0.0,0.000533942598849535,0.0,0.0
ham18_pattern_mining,2026-03-19T13:53:05,0,380,64,1,0.98046875,0.06874854862689972,0.0,0.0671915290877223,0.0671915290877223,0.0,5,5,0.006508701015263796,0.0,0.0002104518935084343,0.0,0.0
ham18_pattern_mining,2026-03-19T13:53:05,0,381,64,2,0.9921875,0.03157178312540054,0.0,0.03949600737541914,0.03949600737541914,0.0,5,5,0.0038201119750738144,0.0,0.0001294887624680996,0.0,0.0
ham18_pattern_mining,2026-03-19T13:53:05,0,382,64,3,0.97265625,0.07709099352359772,0.0,0.039427918381989,0.039427918381989,0.0,5,5,0.0038129067979753017,0.0,0.00012988504022359848,0.0,0.0
ham18_pattern_mining,2026-03-19T13:53:07,0,383,64,4,0.95703125,0.11624535173177719,0.0,0.04162385128438473,0.04162385128438473,0.0,5,5,0.004021921195089817,0.0,0.0001404639333486557,0.0,0.0
ham18_pattern_mining,2026-03-19T13:53:07,0,384,64,5,1.0,0.0652647465467453,0.0,0.043364111334085464,0.043364111334085464,0.0,5,5,0.004220052156597376,0.0,0.00011635897681117058,0.0,0.0
ham18_pattern_mining,2026-03-19T13:53:09,1,379,64,0,0.99609375,0.048348039388656616,0.0,0.20120656117796898,0.20120656117796898,0.0,5,5,0.019697017036378384,0.0,0.00042363908141851425,0.0,0.0
ham18_pattern_mining,2026-03-19T13:53:09,1,380,64,1,0.984375,0.0636044591665268,0.0,0.050125508569180965,0.050125508569180965,0.0,5,5,0.004860993009060621,0.0,0.00015155784785747528,0.0,0.0
ham18_pattern_mining,2026-03-19T13:53:09,1,381,64,2,0.9921875,0.0537838339805603,0.0,0.039460817351937294,0.039460817351937294,0.0,5,5,0.003817429766058922,0.0,0.0001286519691348076,0.0,0.0
ham18_pattern_mining,2026-03-19T13:53:10,1,382,64,3,0.95703125,0.1239248514175415,0.0,0.03999146167188883,0.03999146167188883,0.0,5,5,0.003870053216814995,0.0,0.00012909295037388802,0.0,0.0
ham18_pattern_mining,2026-03-19T13:53:11,1,383,64,4,0.953125,0.11610646545886993,0.0,0.04152473993599415,0.04152473993599415,0.0,5,5,0.004010092932730913,0.0,0.00014238106086850166,0.0,0.0
ham18_pattern_mining,2026-03-19T13:53:11,1,384,64,5,1.0,0.08264994621276855,0.0,0.04392250906676054,0.04392250906676054,0.0,5,5,0.00429272698238492,0.0,9.952392429113388e-05,0.0,0.0
ham18_pattern_mining,2026-03-19T13:53:14,2,379,64,0,1.0,0.03371966630220413,0.0,0.19859083462506533,0.19859083462506533,0.0,5,5,0.019422346260398626,0.0,0.00043673720210790634,0.0,0.0
ham18_pattern_mining,2026-03-19T13:53:14,2,380,64,1,0.98046875,0.0758088156580925,0.0,0.058557530865073204,0.058557530865073204,0.0,5,5,0.005675190128386021,0.0,0.00018056295812129974,0.0,0.0
ham18_pattern_mining,2026-03-19T13:53:14,2,381,64,2,0.9765625,0.0732026919722557,0.0,0.04527707118541002,0.04527707118541002,0.0,5,5,0.004386287182569504,0.0,0.0001414199359714985,0.0,0.0
ham18_pattern_mining,2026-03-19T13:53:14,2,382,64,3,0.984375,0.05641724169254303,0.0,0.03908794838935137,0.03908794838935137,0.0,5,5,0.003777272067964077,0.0,0.0001315227709710598,0.0,0.0
ham18_pattern_mining,2026-03-19T13:53:15,2,383,64,4,0.97265625,0.08366832137107849,0.0,0.05155634135007858,0.05155634135007858,0.0,5,5,0.005012377165257931,0.0,0.00014325696974992752,0.0,0.0
ham18_pattern_mining,2026-03-19T13:53:15,2,384,64,5,1.0,0.03490240499377251,0.0,0.04309904295951128,0.04309904295951128,0.0,5,5,0.004210833925753832,0.0,9.907037019729614e-05,0.0,0.0
ham18_pattern_mining,2026-03-19T13:53:18,3,379,64,0,1.0,0.028754202648997307,0.0,0.2564135519787669,0.2564135519787669,0.0,5,5,0.025077802129089832,0.0,0.0005635530687868595,0.0,0.0
ham18_pattern_mining,2026-03-19T13:53:18,3,380,64,1,0.98046875,0.07572807371616364,0.0,0.06271339952945709,0.06271339952945709,0.0,5,5,0.006087043788284063,0.0,0.0001842961646616459,0.0,0.0
ham18_pattern_mining,2026-03-19T13:53:18,3,381,64,2,0.9921875,0.04616698622703552,0.0,0.04053021781146526,0.04053021781146526,0.0,5,5,0.003916233777999878,0.0,0.0001367880031466484,0.0,0.0
ham18_pattern_mining,2026-03-19T13:53:18,3,382,64,3,0.98828125,0.052883636206388474,0.0,0.041433325968682766,0.041433325968682766,0.0,5,5,0.004006900824606419,0.0,0.000136431772261858,0.0,0.0
ham18_pattern_mining,2026-03-19T13:53:19,3,383,64,4,0.96875,0.09132453799247742,0.0,0.04282992333173752,0.04282992333173752,0.0,5,5,0.004139318130910397,0.0,0.00014367420226335526,0.0,0.0
ham18_pattern_mining,2026-03-19T13:53:19,3,384,64,5,1.0,0.19472330808639526,0.0,0.04395259078592062,0.04395259078592062,0.0,5,5,0.004276955965906382,0.0,0.00011830311268568039,0.0,0.0
ham18_pattern_mining,2026-03-19T13:53:22,4,379,64,0,0.99609375,0.04384700953960419,0.0,0.1700799260288477,0.1700799260288477,0.0,5,5,0.016659613233059645,0.0,0.00034837936982512474,0.0,0.0
ham18_pattern_mining,2026-03-19T13:53:22,4,380,64,1,0.984375,0.07355810701847076,0.0,0.04272288642823696,0.04272288642823696,0.0,5,5,0.004129354376345873,0.0,0.00014293426647782326,0.0,0.0
ham18_pattern_mining,2026-03-19T13:53:22,4,381,64,2,0.98046875,0.07096421718597412,0.0,0.04213521722704172,0.04213521722704172,0.0,5,5,0.004072215873748064,0.0,0.0001413058489561081,0.0,0.0
ham18_pattern_mining,2026-03-19T13:53:22,4,382,64,3,0.96484375,0.10051348805427551,0.0,0.04161722492426634,0.04161722492426634,0.0,5,5,0.004027073737233877,0.0,0.00013464875519275665,0.0,0.0
ham18_pattern_mining,2026-03-19T13:53:23,4,383,64,4,0.9765625,0.06963614374399185,0.0,0.04168675281107426,0.04168675281107426,0.0,5,5,0.004026924259960651,0.0,0.0001417510211467743,0.0,0.0
ham18_pattern_mining,2026-03-19T13:53:23,4,384,64,5,1.0,0.02223793789744377,0.0,0.04494934808462858,0.04494934808462858,0.0,5,5,0.004388889763504267,0.0,0.00010604504495859146,0.0,0.0
ham18_pattern_mining,2026-03-19T13:53:30,0,385,65,0,0.99609375,0.035838037729263306,0.0,0.20836981013417244,0.20836981013417244,0.0,5,5,0.020349087193608284,0.0,0.00048789381980895996,0.0,0.0
ham18_pattern_mining,2026-03-19T13:53:30,0,386,65,1,0.9765625,0.07797768712043762,0.0,0.054028271697461605,0.054028271697461605,0.0,5,5,0.005233938805758953,0.0,0.0001688883639872074,0.0,0.0
ham18_pattern_mining,2026-03-19T13:53:30,0,387,65,2,0.9765625,0.05977275222539902,0.0,0.04251387435942888,0.04251387435942888,0.0,5,5,0.0041121067479252815,0.0,0.00013928068801760674,0.0,0.0
ham18_pattern_mining,2026-03-19T13:53:30,0,388,65,3,0.98828125,0.054793667048215866,0.0,0.04249451216310263,0.04249451216310263,0.0,5,5,0.00411162618547678,0.0,0.00013782503083348274,0.0,0.0
ham18_pattern_mining,2026-03-19T13:53:32,0,389,65,4,0.984375,0.05414314568042755,0.0,0.03418886102735996,0.03418886102735996,0.0,5,5,0.0032920720987021923,0.0,0.00012681400403380394,0.0,0.0
ham18_pattern_mining,2026-03-19T13:53:32,0,390,65,5,0.5,0.6728904247283936,0.0,0.035601030103862286,0.035601030103862286,0.0,5,5,0.0034723770804703236,0.0,8.7725929915905e-05,0.0,0.0
ham18_pattern_mining,2026-03-19T13:53:34,1,385,65,0,1.0,0.03277713060379028,0.0,0.16491279006004333,0.16491279006004333,0.0,5,5,0.016137006226927042,0.0,0.0003542727790772915,0.0,0.0
ham18_pattern_mining,2026-03-19T13:53:34,1,386,65,1,0.94921875,0.11333970725536346,0.0,0.049149845726788044,0.049149845726788044,0.0,5,5,0.004751481581479311,0.0,0.0001635029911994934,0.0,0.0
ham18_pattern_mining,2026-03-19T13:53:34,1,387,65,2,0.97265625,0.106674924492836,0.0,0.03157450817525387,0.03157450817525387,0.0,5,5,0.003047370817512274,0.0,0.00011008000001311302,0.0,0.0
ham18_pattern_mining,2026-03-19T13:53:34,1,388,65,3,0.98828125,0.05533645674586296,0.0,0.030254111625254154,0.030254111625254154,0.0,5,5,0.002917787991464138,0.0,0.00010762317106127739,0.0,0.0
ham18_pattern_mining,2026-03-19T13:53:36,1,389,65,4,0.984375,0.06199141964316368,0.0,0.033301180228590965,0.033301180228590965,0.0,5,5,0.0032051438465714455,0.0,0.00012497417628765106,0.0,0.0
ham18_pattern_mining,2026-03-19T13:53:36,1,390,65,5,0.5,3.496502161026001,0.0,0.03482549451291561,0.03482549451291561,0.0,5,5,0.0034047733061015606,0.0,7.777614519000053e-05,0.0,0.0
ham18_pattern_mining,2026-03-19T13:53:38,2,385,65,0,0.98828125,0.0513477548956871,0.0,0.15271981246769428,0.15271981246769428,0.0,5,5,0.014920973218977451,0.0,0.00035100802779197693,0.0,0.0
ham18_pattern_mining,2026-03-19T13:53:38,2,386,65,1,0.96875,0.09114532172679901,0.0,0.04132708068937063,0.04132708068937063,0.0,5,5,0.003995003178715706,0.0,0.00013770489022135735,0.0,0.0
ham18_pattern_mining,2026-03-19T13:53:38,2,387,65,2,0.96875,0.10670661926269531,0.0,0.03853353671729565,0.03853353671729565,0.0,5,5,0.0037297667004168034,0.0,0.0001235869713127613,0.0,0.0
ham18_pattern_mining,2026-03-19T13:53:38,2,388,65,3,0.9765625,0.07156527042388916,0.0,0.0359110813587904,0.0359110813587904,0.0,5,5,0.003488489892333746,0.0,0.00010261824354529381,0.0,0.0
ham18_pattern_mining,2026-03-19T13:53:40,2,389,65,4,0.94921875,0.11820608377456665,0.0,0.04144241567701101,0.04144241567701101,0.0,5,5,0.004004658665508032,0.0,0.00013958290219306946,0.0,0.0
ham18_pattern_mining,2026-03-19T13:53:40,2,390,65,5,1.0,0.11316801607608795,0.0,0.04378473851829767,0.04378473851829767,0.0,5,5,0.004283533897250891,0.0,9.49399545788765e-05,0.0,0.0
ham18_pattern_mining,2026-03-19T13:53:42,3,385,65,0,0.99609375,0.03521454706788063,0.0,0.254984418861568,0.254984418861568,0.0,5,5,0.024963093921542168,0.0,0.0005353479646146297,0.0,0.0
ham18_pattern_mining,2026-03-19T13:53:43,3,386,65,1,0.98828125,0.05822540074586868,0.0,0.0742288026958704,0.0742288026958704,0.0,5,5,0.007213841192424297,0.0,0.00020903907716274261,0.0,0.0
ham18_pattern_mining,2026-03-19T13:53:43,3,387,65,2,0.98046875,0.06125438213348389,0.0,0.045316508039832115,0.045316508039832115,0.0,5,5,0.004387117922306061,0.0,0.00014453288167715073,0.0,0.0
ham18_pattern_mining,2026-03-19T13:53:43,3,388,65,3,0.96484375,0.08079195022583008,0.0,0.04017987288534641,0.04017987288534641,0.0,5,5,0.003887574188411236,0.0,0.00013041310012340546,0.0,0.0
ham18_pattern_mining,2026-03-19T13:53:44,3,389,65,4,0.9921875,0.0453006774187088,0.0,0.042278487235307693,0.042278487235307693,0.0,5,5,0.004088422749191523,0.0,0.00013942597433924675,0.0,0.0
ham18_pattern_mining,2026-03-19T13:53:44,3,390,65,5,0.5,0.6535666584968567,0.0,0.04269164055585861,0.04269164055585861,0.0,5,5,0.004172098357230425,0.0,9.706569835543633e-05,0.0,0.0
ham18_pattern_mining,2026-03-19T13:53:47,4,385,65,0,0.99609375,0.031218325719237328,0.0,0.22064302116632462,0.22064302116632462,0.0,5,5,0.021617503836750984,0.0,0.00044679827988147736,0.0,0.0
ham18_pattern_mining,2026-03-19T13:53:47,4,386,65,1,0.95703125,0.09973955154418945,0.0,0.07397316861897707,0.07397316861897707,0.0,5,5,0.007192451972514391,0.0,0.00020486488938331604,0.0,0.0
ham18_pattern_mining,2026-03-19T13:53:47,4,387,65,2,1.0,0.04016834497451782,0.0,0.03930941689759493,0.03930941689759493,0.0,5,5,0.003803547937422991,0.0,0.00012739375233650208,0.0,0.0
ham18_pattern_mining,2026-03-19T13:53:47,4,388,65,3,0.98828125,0.045685455203056335,0.0,0.03888456150889397,0.03888456150889397,0.0,5,5,0.0037669488228857517,0.0,0.00012150732800364494,0.0,0.0
ham18_pattern_mining,2026-03-19T13:53:48,4,389,65,4,0.9765625,0.0747377872467041,0.0,0.04185127094388008,0.04185127094388008,0.0,5,5,0.004044097848236561,0.0,0.0001410292461514473,0.0,0.0
ham18_pattern_mining,2026-03-19T13:53:48,4,390,65,5,0.0,4.507075309753418,0.0,0.045539611019194126,0.045539611019194126,0.0,5,5,0.004446492996066809,0.0,0.00010746810585260391,0.0,0.0
ham18_pattern_mining,2026-03-19T13:53:55,0,391,66,0,0.99609375,0.025033822283148766,0.0,0.21577317733317614,0.21577317733317614,0.0,5,5,0.021032772958278656,0.0,0.0005445447750389576,0.0,0.0
ham18_pattern_mining,2026-03-19T13:53:55,0,392,66,1,0.98828125,0.04869139939546585,0.0,0.05912526976317167,0.05912526976317167,0.0,5,5,0.005739026702940464,0.0,0.00017350027337670326,0.0,0.0
ham18_pattern_mining,2026-03-19T13:53:55,0,393,66,2,0.984375,0.06060733273625374,0.0,0.04102323204278946,0.04102323204278946,0.0,5,5,0.0039674811996519566,0.0,0.00013484200462698936,0.0,0.0
ham18_pattern_mining,2026-03-19T13:53:55,0,394,66,3,0.99609375,0.04363623633980751,0.0,0.04403495229780674,0.04403495229780674,0.0,5,5,0.004269259981811047,0.0,0.00013423524796962738,0.0,0.0
ham18_pattern_mining,2026-03-19T13:53:56,0,395,66,4,0.97265625,0.11958880722522736,0.0,0.041652629151940346,0.041652629151940346,0.0,5,5,0.004024841822683811,0.0,0.0001404210925102234,0.0,0.0
ham18_pattern_mining,2026-03-19T13:53:56,0,396,66,5,1.0,0.28028160333633423,0.0,0.04326609894633293,0.04326609894633293,0.0,5,5,0.004230029881000519,0.0,9.658001363277435e-05,0.0,0.0
ham18_pattern_mining,2026-03-19T13:53:59,1,391,66,0,0.98828125,0.045527905225753784,0.0,0.13415392022579908,0.13415392022579908,0.0,5,5,0.013096695765852928,0.0,0.0003186962567269802,0.0,0.0
ham18_pattern_mining,2026-03-19T13:53:59,1,392,66,1,0.98828125,0.0687609389424324,0.0,0.04669404122978449,0.04669404122978449,0.0,5,5,0.004521685186773539,0.0,0.00014771893620491028,0.0,0.0
ham18_pattern_mining,2026-03-19T13:53:59,1,393,66,2,0.984375,0.06066833436489105,0.0,0.0436615664511919,0.0436615664511919,0.0,5,5,0.004228341858834028,0.0,0.00013781478628516197,0.0,0.0
ham18_pattern_mining,2026-03-19T13:53:59,1,394,66,3,0.99609375,0.040266990661621094,0.0,0.03912750165909529,0.03912750165909529,0.0,5,5,0.003788465168327093,0.0,0.0001242849975824356,0.0,0.0
ham18_pattern_mining,2026-03-19T13:54:00,1,395,66,4,0.98046875,0.08618341386318207,0.0,0.041537946090102196,0.041537946090102196,0.0,5,5,0.004013795871287584,0.0,0.00013999873772263527,0.0,0.0
ham18_pattern_mining,2026-03-19T13:54:00,1,396,66,5,0.5,0.9799466729164124,0.0,0.042304061353206635,0.042304061353206635,0.0,5,5,0.004131044261157513,0.0,9.936187416315079e-05,0.0,0.0
ham18_pattern_mining,2026-03-19T13:54:03,2,391,66,0,0.99609375,0.02786226011812687,0.0,0.13854512479156256,0.13854512479156256,0.0,5,5,0.013603783678263426,0.0,0.0002507288008928299,0.0,0.0
ham18_pattern_mining,2026-03-19T13:54:03,2,392,66,1,0.97265625,0.07036613672971725,0.0,0.04646063316613436,0.04646063316613436,0.0,5,5,0.004465226083993912,0.0,0.000180837232619524,0.0,0.0
ham18_pattern_mining,2026-03-19T13:54:03,2,393,66,2,0.9921875,0.04113615304231644,0.0,0.03274141810834408,0.03274141810834408,0.0,5,5,0.0031613907776772976,0.0,0.00011275103315711021,0.0,0.0
ham18_pattern_mining,2026-03-19T13:54:03,2,394,66,3,0.94140625,0.16076649725437164,0.0,0.03108804114162922,0.03108804114162922,0.0,5,5,0.0029967958107590675,0.0,0.00011200830340385437,0.0,0.0
ham18_pattern_mining,2026-03-19T13:54:04,2,395,66,4,0.96875,0.08369264006614685,0.0,0.032689282670617104,0.032689282670617104,0.0,5,5,0.003145675640553236,0.0,0.00012325262650847435,0.0,0.0
ham18_pattern_mining,2026-03-19T13:54:04,2,396,66,5,0.5,0.6343405246734619,0.0,0.033327690325677395,0.033327690325677395,0.0,5,5,0.0032535293139517307,0.0,7.923971861600876e-05,0.0,0.0
ham18_pattern_mining,2026-03-19T13:54:07,3,391,66,0,1.0,0.021242603659629822,0.0,0.14597925823181868,0.14597925823181868,0.0,5,5,0.01429629698395729,0.0,0.00030162883922457695,0.0,0.0
ham18_pattern_mining,2026-03-19T13:54:07,3,392,66,1,0.98046875,0.055662281811237335,0.0,0.038965134881436825,0.038965134881436825,0.0,5,5,0.00376798864454031,0.0,0.00012852484360337257,0.0,0.0
ham18_pattern_mining,2026-03-19T13:54:07,3,393,66,2,0.98046875,0.05965689942240715,0.0,0.03327389247715473,0.03327389247715473,0.0,5,5,0.0032019871287047863,0.0,0.00012540211901068687,0.0,0.0
ham18_pattern_mining,2026-03-19T13:54:07,3,394,66,3,0.9765625,0.06736499816179276,0.0,0.034192437306046486,0.034192437306046486,0.0,5,5,0.0032884199172258377,0.0,0.00013082381337881088,0.0,0.0
ham18_pattern_mining,2026-03-19T13:54:08,3,395,66,4,0.97265625,0.09963637590408325,0.0,0.03238200210034847,0.03238200210034847,0.0,5,5,0.0031188251450657845,0.0,0.0001193750649690628,0.0,0.0
ham18_pattern_mining,2026-03-19T13:54:08,3,396,66,5,0.0,5.354592323303223,0.0,0.036275447346270084,0.036275447346270084,0.0,5,5,0.00354850385338068,0.0,7.904088124632835e-05,0.0,0.0
ham18_pattern_mining,2026-03-19T13:54:11,4,391,66,0,0.9921875,0.030235731974244118,0.0,0.1355250971391797,0.1355250971391797,0.0,5,5,0.013230019714683294,0.0,0.00032248999923467636,0.0,0.0
ham18_pattern_mining,2026-03-19T13:54:11,4,392,66,1,0.9765625,0.08527639508247375,0.0,0.039413939230144024,0.039413939230144024,0.0,5,5,0.003807350993156433,0.0,0.00013404292985796928,0.0,0.0
ham18_pattern_mining,2026-03-19T13:54:11,4,393,66,2,0.98828125,0.053336359560489655,0.0,0.03173748031258583,0.03173748031258583,0.0,5,5,0.0030626989901065826,0.0,0.00011104904115200043,0.0,0.0
ham18_pattern_mining,2026-03-19T13:54:11,4,394,66,3,0.97265625,0.09645320475101471,0.0,0.03276535775512457,0.03276535775512457,0.0,5,5,0.0031619826331734657,0.0,0.00011455314233899117,0.0,0.0
ham18_pattern_mining,2026-03-19T13:54:12,4,395,66,4,1.0,0.030114993453025818,0.0,0.0329706771299243,0.0329706771299243,0.0,5,5,0.0031791958026587963,0.0,0.00011787191033363342,0.0,0.0
ham18_pattern_mining,2026-03-19T13:54:12,4,396,66,5,1.0,0.02188006602227688,0.0,0.03528627101331949,0.03528627101331949,0.0,5,5,0.00344586418941617,0.0,8.276291191577911e-05,0.0,0.0
ham18_pattern_mining,2026-03-19T13:54:19,0,397,67,0,0.99609375,0.027295731008052826,0.0,0.13297393918037415,0.13297393918037415,0.0,5,5,0.01301696989685297,0.0,0.00028042402118444443,0.0,0.0
ham18_pattern_mining,2026-03-19T13:54:19,0,398,67,1,0.9765625,0.07992585003376007,0.0,0.04109883215278387,0.04109883215278387,0.0,5,5,0.003979066852480173,0.0,0.00013081636279821396,0.0,0.0
ham18_pattern_mining,2026-03-19T13:54:19,0,399,67,2,0.98046875,0.07255543768405914,0.0,0.03198171965777874,0.03198171965777874,0.0,5,5,0.0030847140587866306,0.0,0.00011345790699124336,0.0,0.0
ham18_pattern_mining,2026-03-19T13:54:19,0,400,67,3,0.98828125,0.051550693809986115,0.0,0.03178558778017759,0.03178558778017759,0.0,5,5,0.0030635599978268147,0.0,0.00011499878019094467,0.0,0.0
ham18_pattern_mining,2026-03-19T13:54:20,0,401,67,4,0.99609375,0.049275971949100494,0.0,0.04117325879633427,0.04117325879633427,0.0,5,5,0.003979327157139778,0.0,0.00013799872249364853,0.0,0.0
ham18_pattern_mining,2026-03-19T13:54:20,0,402,67,5,1.0,0.12370698153972626,0.0,0.044490471482276917,0.044490471482276917,0.0,5,5,0.004329096991568804,0.0,0.00011995015665888786,0.0,0.0
ham18_pattern_mining,2026-03-19T13:54:23,1,397,67,0,1.0,0.01982017047703266,0.0,0.14959031715989113,0.14959031715989113,0.0,5,5,0.014661152847111225,0.0,0.0002978788688778877,0.0,0.0
ham18_pattern_mining,2026-03-19T13:54:23,1,398,67,1,0.9765625,0.08260607719421387,0.0,0.045833392068743706,0.045833392068743706,0.0,5,5,0.00443699024617672,0.0,0.0001463489606976509,0.0,0.0
ham18_pattern_mining,2026-03-19T13:54:23,1,399,67,2,0.95703125,0.10843033343553543,0.0,0.03950168378651142,0.03950168378651142,0.0,5,5,0.003825050313025713,0.0,0.00012511806562542915,0.0,0.0
ham18_pattern_mining,2026-03-19T13:54:23,1,400,67,3,0.984375,0.05782310292124748,0.0,0.03868204075843096,0.03868204075843096,0.0,5,5,0.0037440829910337925,0.0,0.00012412108480930328,0.0,0.0
ham18_pattern_mining,2026-03-19T13:54:25,1,401,67,4,0.95703125,0.10696803778409958,0.0,0.04169245716184378,0.04169245716184378,0.0,5,5,0.004027072805911303,0.0,0.0001421729102730751,0.0,0.0
ham18_pattern_mining,2026-03-19T13:54:25,1,402,67,5,1.0,0.18382298946380615,0.0,0.044070049189031124,0.044070049189031124,0.0,5,5,0.004290048032999039,0.0,0.00011695688590407372,0.0,0.0
ham18_pattern_mining,2026-03-19T13:54:27,2,397,67,0,0.98828125,0.030619971454143524,0.0,0.25205717887729406,0.25205717887729406,0.0,5,5,0.024667739868164062,0.0,0.0005379780195653439,0.0,0.0
ham18_pattern_mining,2026-03-19T13:54:27,2,398,67,1,0.984375,0.06447260081768036,0.0,0.0666562095284462,0.0666562095284462,0.0,5,5,0.006468499079346657,0.0,0.00019712187349796295,0.0,0.0
ham18_pattern_mining,2026-03-19T13:54:27,2,399,67,2,0.98828125,0.04739133268594742,0.0,0.0417978223413229,0.0417978223413229,0.0,5,5,0.00404470507055521,0.0,0.00013507716357707977,0.0,0.0
ham18_pattern_mining,2026-03-19T13:54:27,2,400,67,3,0.9765625,0.0885099545121193,0.0,0.041438513435423374,0.041438513435423374,0.0,5,5,0.004007670097053051,0.0,0.00013618124648928642,0.0,0.0
ham18_pattern_mining,2026-03-19T13:54:29,2,401,67,4,0.98828125,0.05862398445606232,0.0,0.04162411671131849,0.04162411671131849,0.0,5,5,0.004021016880869865,0.0,0.00014139479026198387,0.0,0.0
ham18_pattern_mining,2026-03-19T13:54:29,2,402,67,5,0.5,1.0219700336456299,0.0,0.04433301277458668,0.04433301277458668,0.0,5,5,0.004318553954362869,0.0,0.00011474732309579849,0.0,0.0
ham18_pattern_mining,2026-03-19T13:54:31,3,397,67,0,1.0,0.021000418812036514,0.0,0.2496728766709566,0.2496728766709566,0.0,5,5,0.02441092999652028,0.0,0.0005563576705753803,0.0,0.0
ham18_pattern_mining,2026-03-19T13:54:31,3,398,67,1,0.97265625,0.07192061096429825,0.0,0.07004999089986086,0.07004999089986086,0.0,5,5,0.0067933090031147,0.0,0.00021169008687138557,0.0,0.0
ham18_pattern_mining,2026-03-19T13:54:31,3,399,67,2,0.99609375,0.03931932896375656,0.0,0.039581707678735256,0.039581707678735256,0.0,5,5,0.003823645878583193,0.0,0.0001345248892903328,0.0,0.0
ham18_pattern_mining,2026-03-19T13:54:31,3,400,67,3,0.98046875,0.07265755534172058,0.0,0.03758214879781008,0.03758214879781008,0.0,5,5,0.003639813046902418,0.0,0.00011840183287858963,0.0,0.0
ham18_pattern_mining,2026-03-19T13:54:33,3,401,67,4,0.98046875,0.06736716628074646,0.0,0.041829394176602364,0.041829394176602364,0.0,5,5,0.004034252371639013,0.0,0.00014868704602122307,0.0,0.0
ham18_pattern_mining,2026-03-19T13:54:33,3,402,67,5,1.0,0.02299724891781807,0.0,0.04354594275355339,0.04354594275355339,0.0,5,5,0.0042559378780424595,0.0,9.865639731287956e-05,0.0,0.0
ham18_pattern_mining,2026-03-19T13:54:35,4,397,67,0,1.0,0.01772969961166382,0.0,0.16133230179548264,0.16133230179548264,0.0,5,5,0.015793063212186098,0.0,0.00034016696736216545,0.0,0.0
ham18_pattern_mining,2026-03-19T13:54:35,4,398,67,1,0.96875,0.09375369548797607,0.0,0.04092647694051266,0.04092647694051266,0.0,5,5,0.003957761917263269,0.0,0.0001348857767879963,0.0,0.0
ham18_pattern_mining,2026-03-19T13:54:35,4,399,67,2,0.97265625,0.08909419178962708,0.0,0.040749674662947655,0.040749674662947655,0.0,5,5,0.0039412397891283035,0.0,0.00013372767716646194,0.0,0.0
ham18_pattern_mining,2026-03-19T13:54:35,4,400,67,3,0.98828125,0.05838782712817192,0.0,0.03986116964370012,0.03986116964370012,0.0,5,5,0.003859991207718849,0.0,0.0001261257566511631,0.0,0.0
ham18_pattern_mining,2026-03-19T13:54:37,4,401,67,4,0.984375,0.05652792751789093,0.0,0.042044203728437424,0.042044203728437424,0.0,5,5,0.004050189163535833,0.0,0.000154231209307909,0.0,0.0
ham18_pattern_mining,2026-03-19T13:54:37,4,402,67,5,1.0,0.029337575659155846,0.0,0.04397725686430931,0.04397725686430931,0.0,5,5,0.0042875949293375015,0.0,0.00011013075709342957,0.0,0.0
ham18_pattern_mining,2026-03-19T13:54:43,0,403,68,0,1.0,0.01770956441760063,0.0,0.13222275767475367,0.13222275767475367,0.0,5,5,0.01291726203635335,0.0,0.0003050137311220169,0.0,0.0
ham18_pattern_mining,2026-03-19T13:54:43,0,404,68,1,0.98828125,0.03649314492940903,0.0,0.04161203745752573,0.04161203745752573,0.0,5,5,0.004026516806334257,0.0,0.0001346869394183159,0.0,0.0
ham18_pattern_mining,2026-03-19T13:54:44,0,405,68,2,0.99609375,0.027402646839618683,0.0,0.030621858313679695,0.030621858313679695,0.0,5,5,0.002954712137579918,0.0,0.0001074736937880516,0.0,0.0
ham18_pattern_mining,2026-03-19T13:54:44,0,406,68,3,0.98828125,0.05011846125125885,0.0,0.030903173610568047,0.030903173610568047,0.0,5,5,0.0029839202761650085,0.0,0.00010639708489179611,0.0,0.0
ham18_pattern_mining,2026-03-19T13:54:45,0,407,68,4,0.98046875,0.08448392897844315,0.0,0.0332689518108964,0.0332689518108964,0.0,5,5,0.003203111235052347,0.0,0.00012378394603729248,0.0,0.0
ham18_pattern_mining,2026-03-19T13:54:45,0,408,68,5,0.0,5.149782180786133,0.0,0.03680550027638674,0.03680550027638674,0.0,5,5,0.0035538719967007637,0.0,0.00012667803093791008,0.0,0.0
ham18_pattern_mining,2026-03-19T13:54:47,1,403,68,0,1.0,0.02362561598420143,0.0,0.14613359235227108,0.14613359235227108,0.0,5,5,0.014306309167295694,0.0,0.00030705006793141365,0.0,0.0
ham18_pattern_mining,2026-03-19T13:54:48,1,404,68,1,0.98046875,0.07560491561889648,0.0,0.04532860592007637,0.04532860592007637,0.0,5,5,0.0043869917280972,0.0,0.00014586886391043663,0.0,0.0
ham18_pattern_mining,2026-03-19T13:54:48,1,405,68,2,1.0,0.02996026910841465,0.0,0.0422264588996768,0.0422264588996768,0.0,5,5,0.004080960061401129,0.0,0.0001416858285665512,0.0,0.0
ham18_pattern_mining,2026-03-19T13:54:48,1,406,68,3,0.98046875,0.07573375105857849,0.0,0.040318029932677746,0.040318029932677746,0.0,5,5,0.003899801056832075,0.0,0.00013200193643569946,0.0,0.0
ham18_pattern_mining,2026-03-19T13:54:49,1,407,68,4,0.98828125,0.055445779114961624,0.0,0.041837845928967,0.041837845928967,0.0,5,5,0.004038783255964518,0.0,0.0001450013369321823,0.0,0.0
ham18_pattern_mining,2026-03-19T13:54:49,1,408,68,5,0.0,3.089264392852783,0.0,0.04145045764744282,0.04145045764744282,0.0,5,5,0.0040381611324846745,0.0,0.00010688463225960732,0.0,0.0
ham18_pattern_mining,2026-03-19T13:54:51,2,403,68,0,1.0,0.020084913820028305,0.0,0.21018033847212791,0.21018033847212791,0.0,5,5,0.020519529934972525,0.0,0.0004985039122402668,0.0,0.0
ham18_pattern_mining,2026-03-19T13:54:51,2,404,68,1,0.9921875,0.0582730695605278,0.0,0.06565750576555729,0.06565750576555729,0.0,5,5,0.00638483464717865,0.0,0.000180915929377079,0.0,0.0
ham18_pattern_mining,2026-03-19T13:54:52,2,405,68,2,0.98046875,0.054555267095565796,0.0,0.042095473036170006,0.042095473036170006,0.0,5,5,0.004064447246491909,0.0,0.00014510005712509155,0.0,0.0
ham18_pattern_mining,2026-03-19T13:54:52,2,406,68,3,0.98828125,0.05226884037256241,0.0,0.04088061396032572,0.04088061396032572,0.0,5,5,0.003954421728849411,0.0,0.00013363966718316078,0.0,0.0
ham18_pattern_mining,2026-03-19T13:54:53,2,407,68,4,0.96484375,0.10496646165847778,0.0,0.04207572899758816,0.04207572899758816,0.0,5,5,0.004063381813466549,0.0,0.00014419108629226685,0.0,0.0
ham18_pattern_mining,2026-03-19T13:54:53,2,408,68,5,1.0,0.21770527958869934,0.0,0.0441488903015852,0.0441488903015852,0.0,5,5,0.004310995806008577,0.0,0.0001038932241499424,0.0,0.0
ham18_pattern_mining,2026-03-19T13:54:56,3,403,68,0,0.99609375,0.026170382276177406,0.0,0.22770337294787169,0.22770337294787169,0.0,5,5,0.02227208437398076,0.0,0.0004982529208064079,0.0,0.0
ham18_pattern_mining,2026-03-19T13:54:56,3,404,68,1,0.9765625,0.09733317792415619,0.0,0.05173905286937952,0.05173905286937952,0.0,5,5,0.00501239113509655,0.0,0.00016151415184140205,0.0,0.0
ham18_pattern_mining,2026-03-19T13:54:56,3,405,68,2,0.9921875,0.04694807529449463,0.0,0.03903301898390055,0.03903301898390055,0.0,5,5,0.00377797894179821,0.0,0.00012532295659184456,0.0,0.0
ham18_pattern_mining,2026-03-19T13:54:56,3,406,68,3,0.98828125,0.05412314087152481,0.0,0.039109839126467705,0.039109839126467705,0.0,5,5,0.0037825307808816433,0.0,0.00012845313176512718,0.0,0.0
ham18_pattern_mining,2026-03-19T13:54:57,3,407,68,4,0.96484375,0.08731408417224884,0.0,0.04225138109177351,0.04225138109177351,0.0,5,5,0.004071461968123913,0.0,0.0001536761410534382,0.0,0.0
ham18_pattern_mining,2026-03-19T13:54:57,3,408,68,5,0.5,0.8580353856086731,0.0,0.04433983936905861,0.04433983936905861,0.0,5,5,0.004331288859248161,0.0,0.00010269507765769958,0.0,0.0
ham18_pattern_mining,2026-03-19T13:54:59,4,403,68,0,1.0,0.019133975729346275,0.0,0.20815514959394932,0.20815514959394932,0.0,5,5,0.020317519083619118,0.0,0.0004979958757758141,0.0,0.0
ham18_pattern_mining,2026-03-19T13:55:00,4,404,68,1,0.9921875,0.03134233504533768,0.0,0.06011270917952061,0.06011270917952061,0.0,5,5,0.0058344099670648575,0.0,0.00017686095088720322,0.0,0.0
ham18_pattern_mining,2026-03-19T13:55:00,4,405,68,2,0.984375,0.06880921870470047,0.0,0.041625406593084335,0.041625406593084335,0.0,5,5,0.00402113888412714,0.0,0.0001414017751812935,0.0,0.0
ham18_pattern_mining,2026-03-19T13:55:00,4,406,68,3,0.98828125,0.0580156035721302,0.0,0.041576167568564415,0.041576167568564415,0.0,5,5,0.004022508859634399,0.0,0.00013510789722204208,0.0,0.0
ham18_pattern_mining,2026-03-19T13:55:01,4,407,68,4,0.99609375,0.03755173087120056,0.0,0.04186613950878382,0.04186613950878382,0.0,5,5,0.00404660589993,0.0,0.00014000805094838142,0.0,0.0
ham18_pattern_mining,2026-03-19T13:55:01,4,408,68,5,1.0,0.0204582791775465,0.0,0.04592380952090025,0.04592380952090025,0.0,5,5,0.004485013894736767,0.0,0.00010736705735325813,0.0,0.0
ham18_pattern_mining,2026-03-19T13:55:08,0,409,69,0,0.99609375,0.02204357087612152,0.0,0.26051096618175507,0.26051096618175507,0.0,5,5,0.025396859738975763,0.0,0.0006542368791997433,0.0,0.0
ham18_pattern_mining,2026-03-19T13:55:08,0,410,69,1,0.984375,0.06177080050110817,0.0,0.05692750681191683,0.05692750681191683,0.0,5,5,0.005520371720194817,0.0,0.00017237896099686623,0.0,0.0
ham18_pattern_mining,2026-03-19T13:55:08,0,411,69,2,0.984375,0.05428712069988251,0.0,0.046676634810864925,0.046676634810864925,0.0,5,5,0.004528871271759272,0.0,0.00013879220932722092,0.0,0.0
ham18_pattern_mining,2026-03-19T13:55:08,0,412,69,3,0.98828125,0.03616296872496605,0.0,0.04088449291884899,0.04088449291884899,0.0,5,5,0.00395254697650671,0.0,0.0001359023153781891,0.0,0.0
ham18_pattern_mining,2026-03-19T13:55:09,0,413,69,4,0.98828125,0.0609685555100441,0.0,0.042031011544167995,0.042031011544167995,0.0,5,5,0.004058693069964647,0.0,0.00014440808445215225,0.0,0.0
ham18_pattern_mining,2026-03-19T13:55:09,0,414,69,5,1.0,0.13214066624641418,0.0,0.04672455135732889,0.04672455135732889,0.0,5,5,0.0045427242293953896,0.0,0.00012973090633749962,0.0,0.0
ham18_pattern_mining,2026-03-19T13:55:12,1,409,69,0,0.99609375,0.02525206282734871,0.0,0.14381375163793564,0.14381375163793564,0.0,5,5,0.014074938371777534,0.0,0.00030643679201602936,0.0,0.0
ham18_pattern_mining,2026-03-19T13:55:12,1,410,69,1,0.9765625,0.07488620281219482,0.0,0.04444856662303209,0.04444856662303209,0.0,5,5,0.00430782837793231,0.0,0.0001370282843708992,0.0,0.0
ham18_pattern_mining,2026-03-19T13:55:12,1,411,69,2,1.0,0.039389267563819885,0.0,0.04153170622885227,0.04153170622885227,0.0,5,5,0.004007107578217983,0.0,0.00014606304466724396,0.0,0.0
ham18_pattern_mining,2026-03-19T13:55:12,1,412,69,3,0.9921875,0.03733726590871811,0.0,0.04133514128625393,0.04133514128625393,0.0,5,5,0.004000580869615078,0.0,0.00013293325901031494,0.0,0.0
ham18_pattern_mining,2026-03-19T13:55:13,1,413,69,4,0.9765625,0.08216238021850586,0.0,0.04169107414782047,0.04169107414782047,0.0,5,5,0.004029682371765375,0.0,0.00013942504301667213,0.0,0.0
ham18_pattern_mining,2026-03-19T13:55:13,1,414,69,5,0.5,1.2623180150985718,0.0,0.044381595216691494,0.044381595216691494,0.0,5,5,0.004337915685027838,0.0,0.00010024383664131165,0.0,0.0
ham18_pattern_mining,2026-03-19T13:55:16,2,409,69,0,0.99609375,0.026767615228891373,0.0,0.14487063512206078,0.14487063512206078,0.0,5,5,0.014186736196279526,0.0,0.0003003273159265518,0.0,0.0
ham18_pattern_mining,2026-03-19T13:55:16,2,410,69,1,0.9921875,0.03505685180425644,0.0,0.041726999916136265,0.041726999916136265,0.0,5,5,0.004034452140331268,0.0,0.00013824785128235817,0.0,0.0
ham18_pattern_mining,2026-03-19T13:55:16,2,411,69,2,0.99609375,0.042575135827064514,0.0,0.04143579863011837,0.04143579863011837,0.0,5,5,0.004008685238659382,0.0,0.00013489462435245514,0.0,0.0
ham18_pattern_mining,2026-03-19T13:55:16,2,412,69,3,0.9765625,0.06931798160076141,0.0,0.03874578047543764,0.03874578047543764,0.0,5,5,0.0037502292543649673,0.0,0.00012434879317879677,0.0,0.0
ham18_pattern_mining,2026-03-19T13:55:17,2,413,69,4,0.98828125,0.03864360973238945,0.0,0.04168124869465828,0.04168124869465828,0.0,5,5,0.004028370603919029,0.0,0.0001397542655467987,0.0,0.0
ham18_pattern_mining,2026-03-19T13:55:17,2,414,69,5,1.0,0.07944861054420471,0.0,0.04279909189790487,0.04279909189790487,0.0,5,5,0.004181818105280399,0.0,9.809108451008797e-05,0.0,0.0
ham18_pattern_mining,2026-03-19T13:55:20,3,409,69,0,0.9921875,0.02617127075791359,0.0,0.16409229021519423,0.16409229021519423,0.0,5,5,0.016038629226386547,0.0,0.00037059979513287544,0.0,0.0
ham18_pattern_mining,2026-03-19T13:55:20,3,410,69,1,0.9609375,0.09118099510669708,0.0,0.0603256793692708,0.0603256793692708,0.0,5,5,0.005867247004061937,0.0,0.00016532093286514282,0.0,0.0
ham18_pattern_mining,2026-03-19T13:55:20,3,411,69,2,0.98046875,0.04076913744211197,0.0,0.041411733254790306,0.041411733254790306,0.0,5,5,0.0040046111680567265,0.0,0.00013656215742230415,0.0,0.0
ham18_pattern_mining,2026-03-19T13:55:20,3,412,69,3,0.98828125,0.09409040212631226,0.0,0.03841481637209654,0.03841481637209654,0.0,5,5,0.0037161633372306824,0.0,0.00012531829997897148,0.0,0.0
ham18_pattern_mining,2026-03-19T13:55:21,3,413,69,4,0.9765625,0.07786934822797775,0.0,0.04164966754615307,0.04164966754615307,0.0,5,5,0.00402543181553483,0.0,0.00013953493908047676,0.0,0.0
ham18_pattern_mining,2026-03-19T13:55:21,3,414,69,5,1.0,0.12287353724241257,0.0,0.04354583099484444,0.04354583099484444,0.0,5,5,0.004256586078554392,0.0,9.79970209300518e-05,0.0,0.0
ham18_pattern_mining,2026-03-19T13:55:24,4,409,69,0,1.0,0.014323323033750057,0.0,0.17098297830671072,0.17098297830671072,0.0,5,5,0.016725388821214437,0.0,0.0003729090094566345,0.0,0.0
ham18_pattern_mining,2026-03-19T13:55:24,4,410,69,1,0.9921875,0.033510878682136536,0.0,0.05006430670619011,0.05006430670619011,0.0,5,5,0.004853653721511364,0.0,0.00015277694910764694,0.0,0.0
ham18_pattern_mining,2026-03-19T13:55:24,4,411,69,2,0.99609375,0.03651151806116104,0.0,0.04145125858485699,0.04145125858485699,0.0,5,5,0.004011000972241163,0.0,0.00013412488624453545,0.0,0.0
ham18_pattern_mining,2026-03-19T13:55:24,4,412,69,3,0.984375,0.06410662829875946,0.0,0.041351839900016785,0.041351839900016785,0.0,5,5,0.003999622073024511,0.0,0.00013556191697716713,0.0,0.0
ham18_pattern_mining,2026-03-19T13:55:25,4,413,69,4,0.9921875,0.037467099726200104,0.0,0.04197763279080391,0.04197763279080391,0.0,5,5,0.004045139066874981,0.0,0.00015262421220541,0.0,0.0
ham18_pattern_mining,2026-03-19T13:55:25,4,414,69,5,1.0,0.020605195313692093,0.0,0.044926959089934826,0.044926959089934826,0.0,5,5,0.004381199833005667,0.0,0.00011149607598781586,0.0,0.0
ham18_pattern_mining,2026-03-19T13:55:33,0,415,70,0,1.0,0.013281416147947311,0.0,0.14578698202967644,0.14578698202967644,0.0,5,5,0.014287683181464672,0.0,0.00029101502150297165,0.0,0.0
ham18_pattern_mining,2026-03-19T13:55:33,0,416,70,1,0.953125,0.12706898152828217,0.0,0.04144218284636736,0.04144218284636736,0.0,5,5,0.004008613992482424,0.0,0.00013560429215431213,0.0,0.0
ham18_pattern_mining,2026-03-19T13:55:33,0,417,70,2,0.984375,0.05307450145483017,0.0,0.04175865091383457,0.04175865091383457,0.0,5,5,0.004027126356959343,0.0,0.00014873873442411423,0.0,0.0
ham18_pattern_mining,2026-03-19T13:55:33,0,418,70,3,0.9921875,0.05519796162843704,0.0,0.03953020088374615,0.03953020088374615,0.0,5,5,0.003823288716375828,0.0,0.00012973137199878693,0.0,0.0
ham18_pattern_mining,2026-03-19T13:55:34,0,419,70,4,0.9609375,0.13712158799171448,0.0,0.04233099985867739,0.04233099985867739,0.0,5,5,0.004082367289811373,0.0,0.00015073269605636597,0.0,0.0
ham18_pattern_mining,2026-03-19T13:55:34,0,420,70,5,0.5,0.8596575856208801,0.0,0.04307914990931749,0.04307914990931749,0.0,5,5,0.004196269903331995,0.0,0.00011164508759975433,0.0,0.0
ham18_pattern_mining,2026-03-19T13:55:37,1,415,70,0,1.0,0.015110431239008904,0.0,0.14870455488562584,0.14870455488562584,0.0,5,5,0.014568952843546867,0.0,0.00030150264501571655,0.0,0.0
ham18_pattern_mining,2026-03-19T13:55:37,1,416,70,1,0.98828125,0.05724795162677765,0.0,0.041292221285402775,0.041292221285402775,0.0,5,5,0.003989680204540491,0.0,0.00013954192399978638,0.0,0.0
ham18_pattern_mining,2026-03-19T13:55:37,1,417,70,2,0.99609375,0.02838408760726452,0.0,0.04337834194302559,0.04337834194302559,0.0,5,5,0.004195595160126686,0.0,0.0001422390341758728,0.0,0.0
ham18_pattern_mining,2026-03-19T13:55:37,1,418,70,3,0.9765625,0.08174695819616318,0.0,0.04082729108631611,0.04082729108631611,0.0,5,5,0.00394987128674984,0.0,0.0001328578218817711,0.0,0.0
ham18_pattern_mining,2026-03-19T13:55:38,1,419,70,4,0.96875,0.08606509864330292,0.0,0.0415352638810873,0.0415352638810873,0.0,5,5,0.0040123374201357365,0.0,0.00014118896797299385,0.0,0.0
ham18_pattern_mining,2026-03-19T13:55:38,1,420,70,5,0.0,4.945075035095215,0.0,0.04292218014597893,0.04292218014597893,0.0,5,5,0.004188979975879192,0.0,0.00010323803871870041,0.0,0.0
ham18_pattern_mining,2026-03-19T13:55:41,2,415,70,0,1.0,0.015702247619628906,0.0,0.13452208135277033,0.13452208135277033,0.0,5,5,0.013210144825279713,0.0,0.00024206330999732018,0.0,0.0
ham18_pattern_mining,2026-03-19T13:55:41,2,416,70,1,0.9765625,0.09076468646526337,0.0,0.04055583383888006,0.04055583383888006,0.0,5,5,0.003921119030565023,0.0,0.0001344643533229828,0.0,0.0
ham18_pattern_mining,2026-03-19T13:55:41,2,417,70,2,0.98828125,0.05466156825423241,0.0,0.04133694805204868,0.04133694805204868,0.0,5,5,0.004000451881438494,0.0,0.0001332429237663746,0.0,0.0
ham18_pattern_mining,2026-03-19T13:55:41,2,418,70,3,0.97265625,0.05377735570073128,0.0,0.04113761708140373,0.04113761708140373,0.0,5,5,0.003979079890996218,0.0,0.0001346818171441555,0.0,0.0
ham18_pattern_mining,2026-03-19T13:55:42,2,419,70,4,0.9921875,0.050003115087747574,0.0,0.04197488073259592,0.04197488073259592,0.0,5,5,0.004047928843647242,0.0,0.00014955922961235046,0.0,0.0
ham18_pattern_mining,2026-03-19T13:55:42,2,420,70,5,0.0,5.231449127197266,0.0,0.046792072243988514,0.046792072243988514,0.0,5,5,0.004572825971990824,0.0,0.00010638125240802765,0.0,0.0
ham18_pattern_mining,2026-03-19T13:55:45,3,415,70,0,1.0,0.015371722169220448,0.0,0.21121217869222164,0.21121217869222164,0.0,5,5,0.020646256860345602,0.0,0.0004749610088765621,0.0,0.0
ham18_pattern_mining,2026-03-19T13:55:45,3,416,70,1,0.98828125,0.03850296139717102,0.0,0.0661627296358347,0.0661627296358347,0.0,5,5,0.006396028213202953,0.0,0.00022024475038051605,0.0,0.0
ham18_pattern_mining,2026-03-19T13:55:45,3,417,70,2,0.96484375,0.0760565772652626,0.0,0.04414199385792017,0.04414199385792017,0.0,5,5,0.004274661187082529,0.0,0.00013953819870948792,0.0,0.0
ham18_pattern_mining,2026-03-19T13:55:45,3,418,70,3,0.984375,0.0573541633784771,0.0,0.03808440640568733,0.03808440640568733,0.0,5,5,0.003676407039165497,0.0,0.0001320336014032364,0.0,0.0
ham18_pattern_mining,2026-03-19T13:55:46,3,419,70,4,0.98828125,0.06371229887008667,0.0,0.04295647144317627,0.04295647144317627,0.0,5,5,0.004155839327722788,0.0,0.0001398078165948391,0.0,0.0
ham18_pattern_mining,2026-03-19T13:55:46,3,420,70,5,0.5,2.3179409503936768,0.0,0.040866099298000336,0.040866099298000336,0.0,5,5,0.0039888289757072926,0.0,9.778095409274101e-05,0.0,0.0
ham18_pattern_mining,2026-03-19T13:55:49,4,415,70,0,1.0,0.016026414930820465,0.0,0.15871219336986542,0.15871219336986542,0.0,5,5,0.015572723001241684,0.0,0.0002984963357448578,0.0,0.0
ham18_pattern_mining,2026-03-19T13:55:49,4,416,70,1,0.99609375,0.0273868590593338,0.0,0.04159530159085989,0.04159530159085989,0.0,5,5,0.004024390131235123,0.0,0.00013514002785086632,0.0,0.0
ham18_pattern_mining,2026-03-19T13:55:49,4,417,70,2,0.984375,0.030667465180158615,0.0,0.04198396112769842,0.04198396112769842,0.0,5,5,0.004052564036101103,0.0,0.00014583207666873932,0.0,0.0
ham18_pattern_mining,2026-03-19T13:55:49,4,418,70,3,0.99609375,0.04291967302560806,0.0,0.04044202622026205,0.04044202622026205,0.0,5,5,0.003912172745913267,0.0,0.00013202987611293793,0.0,0.0
ham18_pattern_mining,2026-03-19T13:55:50,4,419,70,4,0.99609375,0.030401814728975296,0.0,0.04176534712314606,0.04176534712314606,0.0,5,5,0.004025065805763006,0.0,0.0001514689065515995,0.0,0.0
ham18_pattern_mining,2026-03-19T13:55:50,4,420,70,5,1.0,0.015975572168827057,0.0,0.04211642313748598,0.04211642313748598,0.0,5,5,0.0041078729555010796,0.0,0.00010376935824751854,0.0,0.0
ham18_pattern_mining,2026-03-19T13:55:57,0,421,71,0,1.0,0.015126879326999187,0.0,0.14038835652172565,0.14038835652172565,0.0,5,5,0.013732218649238348,0.0,0.00030661700293421745,0.0,0.0
ham18_pattern_mining,2026-03-19T13:55:58,0,422,71,1,0.9921875,0.03543142229318619,0.0,0.046742158010602,0.046742158010602,0.0,5,5,0.004525448195636272,0.0,0.0001487676054239273,0.0,0.0
ham18_pattern_mining,2026-03-19T13:55:58,0,423,71,2,0.98828125,0.0390734001994133,0.0,0.04000177141278982,0.04000177141278982,0.0,5,5,0.0038683898746967316,0.0,0.0001317872665822506,0.0,0.0
ham18_pattern_mining,2026-03-19T13:55:58,0,424,71,3,1.0,0.01614265888929367,0.0,0.04074653144925833,0.04074653144925833,0.0,5,5,0.003944550175219774,0.0,0.0001301029697060585,0.0,0.0
ham18_pattern_mining,2026-03-19T13:55:59,0,425,71,4,0.9921875,0.029395464807748795,0.0,0.04222714342176914,0.04222714342176914,0.0,5,5,0.004079796373844147,0.0,0.0001429179683327675,0.0,0.0
ham18_pattern_mining,2026-03-19T13:55:59,0,426,71,5,1.0,0.08904683589935303,0.0,0.04418166819959879,0.04418166819959879,0.0,5,5,0.004320797044783831,0.0,9.736977517604828e-05,0.0,0.0
ham18_pattern_mining,2026-03-19T13:56:01,1,421,71,0,0.99609375,0.019488481804728508,0.0,0.1863188948482275,0.1863188948482275,0.0,5,5,0.018229620065540075,0.0,0.0004022694192826748,0.0,0.0
ham18_pattern_mining,2026-03-19T13:56:02,1,422,71,1,0.9765625,0.07945000380277634,0.0,0.07286164909601212,0.07286164909601212,0.0,5,5,0.007066565100103617,0.0,0.00021959980949759483,0.0,0.0
ham18_pattern_mining,2026-03-19T13:56:02,1,423,71,2,0.98828125,0.027750175446271896,0.0,0.052544474601745605,0.052544474601745605,0.0,5,5,0.0050942376255989075,0.0,0.00016020983457565308,0.0,0.0
ham18_pattern_mining,2026-03-19T13:56:02,1,424,71,3,0.984375,0.05933200567960739,0.0,0.041474136523902416,0.041474136523902416,0.0,5,5,0.004015677608549595,0.0,0.00013173604384064674,0.0,0.0
ham18_pattern_mining,2026-03-19T13:56:03,1,425,71,4,0.97265625,0.09776104241609573,0.0,0.033218665048480034,0.033218665048480034,0.0,5,5,0.0032005468383431435,0.0,0.00012131966650485992,0.0,0.0
ham18_pattern_mining,2026-03-19T13:56:03,1,426,71,5,0.0,2.1749086380004883,0.0,0.033970349468290806,0.033970349468290806,0.0,5,5,0.0033170096576213837,0.0,8.002528920769691e-05,0.0,0.0
ham18_pattern_mining,2026-03-19T13:56:05,2,421,71,0,1.0,0.010420960374176502,0.0,0.14503303449600935,0.14503303449600935,0.0,5,5,0.014192910864949226,0.0,0.0003103925846517086,0.0,0.0
ham18_pattern_mining,2026-03-19T13:56:06,2,422,71,1,1.0,0.026381004601716995,0.0,0.041692634113132954,0.041692634113132954,0.0,5,5,0.004035556223243475,0.0,0.0001337071880698204,0.0,0.0
ham18_pattern_mining,2026-03-19T13:56:06,2,423,71,2,1.0,0.02930140309035778,0.0,0.04148457199335098,0.04148457199335098,0.0,5,5,0.004014591220766306,0.0,0.00013386597856879234,0.0,0.0
ham18_pattern_mining,2026-03-19T13:56:06,2,424,71,3,0.98828125,0.04818771407008171,0.0,0.03862685989588499,0.03862685989588499,0.0,5,5,0.0037371888756752014,0.0,0.00012549711391329765,0.0,0.0
ham18_pattern_mining,2026-03-19T13:56:07,2,425,71,4,0.98828125,0.04637455940246582,0.0,0.041384221985936165,0.041384221985936165,0.0,5,5,0.003991898149251938,0.0,0.00014652404934167862,0.0,0.0
ham18_pattern_mining,2026-03-19T13:56:07,2,426,71,5,0.5,2.903916120529175,0.0,0.0481888884678483,0.0481888884678483,0.0,5,5,0.00466709490865469,0.0,0.0001517939381301403,0.0,0.0
ham18_pattern_mining,2026-03-19T13:56:09,3,421,71,0,1.0,0.010872102342545986,0.0,0.16831513494253159,0.16831513494253159,0.0,5,5,0.01646349485963583,0.0,0.00036801863461732864,0.0,0.0
ham18_pattern_mining,2026-03-19T13:56:10,3,422,71,1,0.984375,0.06581692397594452,0.0,0.07540165912359953,0.07540165912359953,0.0,5,5,0.007325733080506325,0.0,0.00021443283185362816,0.0,0.0
ham18_pattern_mining,2026-03-19T13:56:10,3,423,71,2,0.9921875,0.030621659010648727,0.0,0.041115167550742626,0.041115167550742626,0.0,5,5,0.003967382945120335,0.0,0.000144133809953928,0.0,0.0
ham18_pattern_mining,2026-03-19T13:56:10,3,424,71,3,1.0,0.0323767215013504,0.0,0.04024420864880085,0.04024420864880085,0.0,5,5,0.003891394939273596,0.0,0.00013302592560648918,0.0,0.0
ham18_pattern_mining,2026-03-19T13:56:11,3,425,71,4,0.98828125,0.10047932714223862,0.0,0.04226788878440857,0.04226788878440857,0.0,5,5,0.004082593135535717,0.0,0.00014419574290513992,0.0,0.0
ham18_pattern_mining,2026-03-19T13:56:11,3,426,71,5,1.0,0.04080268368124962,0.0,0.04412139765918255,0.04412139765918255,0.0,5,5,0.004295041784644127,0.0,0.00011709798127412796,0.0,0.0
ham18_pattern_mining,2026-03-19T13:56:14,4,421,71,0,0.99609375,0.015093011781573296,0.0,0.14888498466461897,0.14888498466461897,0.0,5,5,0.014594260137528181,0.0,0.0002942383289337158,0.0,0.0
ham18_pattern_mining,2026-03-19T13:56:14,4,422,71,1,0.99609375,0.026500854641199112,0.0,0.04881869535893202,0.04881869535893202,0.0,5,5,0.004713635891675949,0.0,0.00016823364421725273,0.0,0.0
ham18_pattern_mining,2026-03-19T13:56:14,4,423,71,2,1.0,0.030217386782169342,0.0,0.04110863897949457,0.04110863897949457,0.0,5,5,0.0039748200215399265,0.0,0.00013604387640953064,0.0,0.0
ham18_pattern_mining,2026-03-19T13:56:14,4,424,71,3,0.99609375,0.024206366389989853,0.0,0.0413674907758832,0.0413674907758832,0.0,5,5,0.00399318290874362,0.0,0.00014356616884469986,0.0,0.0
ham18_pattern_mining,2026-03-19T13:56:15,4,425,71,4,0.98828125,0.06859491020441055,0.0,0.0419678445905447,0.0419678445905447,0.0,5,5,0.0040462021715939045,0.0,0.00015058228746056557,0.0,0.0
ham18_pattern_mining,2026-03-19T13:56:15,4,426,71,5,0.0,4.605836868286133,0.0,0.04517328925430775,0.04517328925430775,0.0,5,5,0.004387109074741602,0.0,0.00013021985068917274,0.0,0.0
ham18_pattern_mining,2026-03-19T13:56:23,0,427,72,0,1.0,0.014747893437743187,0.0,0.17338202334940434,0.17338202334940434,0.0,5,5,0.01697744010016322,0.0,0.00036076223477721214,0.0,0.0
ham18_pattern_mining,2026-03-19T13:56:23,0,428,72,1,0.98828125,0.06390123069286346,0.0,0.052373530343174934,0.052373530343174934,0.0,5,5,0.005055611953139305,0.0,0.00018174108117818832,0.0,0.0
ham18_pattern_mining,2026-03-19T13:56:23,0,429,72,2,0.9921875,0.03551384061574936,0.0,0.03987042233347893,0.03987042233347893,0.0,5,5,0.0038510309532284737,0.0,0.0001360112801194191,0.0,0.0
ham18_pattern_mining,2026-03-19T13:56:23,0,430,72,3,0.98828125,0.03487497195601463,0.0,0.04047804046422243,0.04047804046422243,0.0,5,5,0.003916766028851271,0.0,0.00013103801757097244,0.0,0.0
ham18_pattern_mining,2026-03-19T13:56:24,0,431,72,4,0.97265625,0.091423898935318,0.0,0.033167279325425625,0.033167279325425625,0.0,5,5,0.003192795906215906,0.0,0.00012393202632665634,0.0,0.0
ham18_pattern_mining,2026-03-19T13:56:24,0,432,72,5,0.5,2.925677537918091,0.0,0.0341872638091445,0.0341872638091445,0.0,5,5,0.0033269906416535378,0.0,9.173573926091194e-05,0.0,0.0
ham18_pattern_mining,2026-03-19T13:56:27,1,427,72,0,0.99609375,0.015372449532151222,0.0,0.14284375123679638,0.14284375123679638,0.0,5,5,0.013975881971418858,0.0,0.00030849315226078033,0.0,0.0
ham18_pattern_mining,2026-03-19T13:56:27,1,428,72,1,0.97265625,0.06965941935777664,0.0,0.04193101078271866,0.04193101078271866,0.0,5,5,0.004057586193084717,0.0,0.00013551488518714905,0.0,0.0
ham18_pattern_mining,2026-03-19T13:56:27,1,429,72,2,0.99609375,0.04128170758485794,0.0,0.04072145093232393,0.04072145093232393,0.0,5,5,0.003939160145819187,0.0,0.0001329849474132061,0.0,0.0
ham18_pattern_mining,2026-03-19T13:56:27,1,430,72,3,0.98046875,0.041749801486730576,0.0,0.04145233426243067,0.04145233426243067,0.0,5,5,0.004012687597423792,0.0,0.0001325458288192749,0.0,0.0
ham18_pattern_mining,2026-03-19T13:56:28,1,431,72,4,0.98046875,0.054271399974823,0.0,0.04846664145588875,0.04846664145588875,0.0,5,5,0.004696217831224203,0.0,0.0001504463143646717,0.0,0.0
ham18_pattern_mining,2026-03-19T13:56:28,1,432,72,5,0.5,1.2420209646224976,0.0,0.041766189970076084,0.041766189970076084,0.0,5,5,0.0040808990597724915,0.0,9.571993723511696e-05,0.0,0.0
ham18_pattern_mining,2026-03-19T13:56:31,2,427,72,0,1.0,0.016481565311551094,0.0,0.22805902175605297,0.22805902175605297,0.0,5,5,0.022293512243777514,0.0,0.0005123899318277836,0.0,0.0
ham18_pattern_mining,2026-03-19T13:56:31,2,428,72,1,0.98828125,0.052056923508644104,0.0,0.07246448192745447,0.07246448192745447,0.0,5,5,0.007039797957986593,0.0,0.0002066502347588539,0.0,0.0
ham18_pattern_mining,2026-03-19T13:56:31,2,429,72,2,0.9765625,0.0684187039732933,0.0,0.05359976086765528,0.05359976086765528,0.0,5,5,0.005218933802098036,0.0,0.0001410422846674919,0.0,0.0
ham18_pattern_mining,2026-03-19T13:56:31,2,430,72,3,0.9921875,0.0400104820728302,0.0,0.041384208016097546,0.041384208016097546,0.0,5,5,0.004003787878900766,0.0,0.0001346329227089882,0.0,0.0
ham18_pattern_mining,2026-03-19T13:56:33,2,431,72,4,0.98046875,0.07139287143945694,0.0,0.04232306033372879,0.04232306033372879,0.0,5,5,0.004089785739779472,0.0,0.00014252029359340668,0.0,0.0
ham18_pattern_mining,2026-03-19T13:56:33,2,432,72,5,0.5,2.4864296913146973,0.0,0.04379207268357277,0.04379207268357277,0.0,5,5,0.004258472006767988,0.0,0.00012073526158928871,0.0,0.0
ham18_pattern_mining,2026-03-19T13:56:35,3,427,72,0,0.99609375,0.016156984493136406,0.0,0.24445009883493185,0.24445009883493185,0.0,5,5,0.023880328983068466,0.0,0.0005646809004247189,0.0,0.0
ham18_pattern_mining,2026-03-19T13:56:35,3,428,72,1,1.0,0.017237259075045586,0.0,0.07703406736254692,0.07703406736254692,0.0,5,5,0.0074890367686748505,0.0,0.00021436996757984161,0.0,0.0
ham18_pattern_mining,2026-03-19T13:56:35,3,429,72,2,0.98828125,0.05990694463253021,0.0,0.04605872556567192,0.04605872556567192,0.0,5,5,0.004461283795535564,0.0,0.00014458876103162766,0.0,0.0
ham18_pattern_mining,2026-03-19T13:56:35,3,430,72,3,0.9765625,0.0648835077881813,0.0,0.040659140795469284,0.040659140795469284,0.0,5,5,0.0039474619552493095,0.0,0.00011845212429761887,0.0,0.0
ham18_pattern_mining,2026-03-19T13:56:37,3,431,72,4,0.9921875,0.03587587922811508,0.0,0.04448018968105316,0.04448018968105316,0.0,5,5,0.0043068197555840015,0.0,0.00014119921252131462,0.0,0.0
ham18_pattern_mining,2026-03-19T13:56:37,3,432,72,5,0.5,3.985666513442993,0.0,0.0433055404573679,0.0433055404573679,0.0,5,5,0.004210500046610832,0.0,0.00012005399912595749,0.0,0.0
ham18_pattern_mining,2026-03-19T13:56:39,4,427,72,0,1.0,0.0071136183105409145,0.0,0.1807286124676466,0.1807286124676466,0.0,5,5,0.017669876106083393,0.0,0.0004029851406812668,0.0,0.0
ham18_pattern_mining,2026-03-19T13:56:39,4,428,72,1,0.98046875,0.07464121282100677,0.0,0.04207502119243145,0.04207502119243145,0.0,5,5,0.004069918300956488,0.0,0.00013758381828665733,0.0,0.0
ham18_pattern_mining,2026-03-19T13:56:39,4,429,72,2,1.0,0.0177697092294693,0.0,0.041560009121894836,0.041560009121894836,0.0,5,5,0.00402431795373559,0.0,0.00013168295845389366,0.0,0.0
ham18_pattern_mining,2026-03-19T13:56:39,4,430,72,3,0.9765625,0.07423842698335648,0.0,0.04000747110694647,0.04000747110694647,0.0,5,5,0.003869486041367054,0.0,0.00013126106932759285,0.0,0.0
ham18_pattern_mining,2026-03-19T13:56:41,4,431,72,4,0.99609375,0.030237354338169098,0.0,0.041314978152513504,0.041314978152513504,0.0,5,5,0.003993152640759945,0.0,0.0001383451744914055,0.0,0.0
ham18_pattern_mining,2026-03-19T13:56:41,4,432,72,5,0.0,5.039994716644287,0.0,0.04647981375455856,0.04647981375455856,0.0,5,5,0.004528345074504614,0.0,0.00011963630095124245,0.0,0.0
ham18_pattern_mining,2026-03-19T13:56:47,0,433,73,0,1.0,0.022380217909812927,0.0,0.17815873492509127,0.17815873492509127,0.0,5,5,0.017389654647558928,0.0,0.00042621884495019913,0.0,0.0
ham18_pattern_mining,2026-03-19T13:56:47,0,434,73,1,0.98046875,0.04417507350444794,0.0,0.05504766013473272,0.05504766013473272,0.0,5,5,0.005329993087798357,0.0,0.00017477292567491531,0.0,0.0
ham18_pattern_mining,2026-03-19T13:56:47,0,435,73,2,0.96875,0.06517355144023895,0.0,0.03992788027971983,0.03992788027971983,0.0,5,5,0.0038479389622807503,0.0,0.00014484906569123268,0.0,0.0
ham18_pattern_mining,2026-03-19T13:56:47,0,436,73,3,1.0,0.015544278547167778,0.0,0.03985259681940079,0.03985259681940079,0.0,5,5,0.0038499017246067524,0.0,0.00013535795733332634,0.0,0.0
ham18_pattern_mining,2026-03-19T13:56:49,0,437,73,4,0.96484375,0.0743602067232132,0.0,0.05462156143039465,0.05462156143039465,0.0,5,5,0.005312996916472912,0.0,0.00014915922656655312,0.0,0.0
ham18_pattern_mining,2026-03-19T13:56:49,0,438,73,5,1.0,0.1043606847524643,0.0,0.04677550867199898,0.04677550867199898,0.0,5,5,0.004555022809654474,0.0,0.0001225280575454235,0.0,0.0
ham18_pattern_mining,2026-03-19T13:56:52,1,433,73,0,0.99609375,0.021576624363660812,0.0,0.20479258615523577,0.20479258615523577,0.0,5,5,0.02007177285850048,0.0,0.0004074857570230961,0.0,0.0
ham18_pattern_mining,2026-03-19T13:56:52,1,434,73,1,0.98828125,0.04136356711387634,0.0,0.04630505107343197,0.04630505107343197,0.0,5,5,0.004480327013880014,0.0,0.00015017809346318245,0.0,0.0
ham18_pattern_mining,2026-03-19T13:56:52,1,435,73,2,0.99609375,0.036490507423877716,0.0,0.04026148933917284,0.04026148933917284,0.0,5,5,0.003890404012054205,0.0,0.00013574492186307907,0.0,0.0
ham18_pattern_mining,2026-03-19T13:56:52,1,436,73,3,0.9921875,0.036566175520420074,0.0,0.04116032272577286,0.04116032272577286,0.0,5,5,0.0039719282649457455,0.0,0.0001441040076315403,0.0,0.0
ham18_pattern_mining,2026-03-19T13:56:53,1,437,73,4,0.99609375,0.04529961943626404,0.0,0.04157975781708956,0.04157975781708956,0.0,5,5,0.004016085993498564,0.0,0.000141889788210392,0.0,0.0
ham18_pattern_mining,2026-03-19T13:56:53,1,438,73,5,1.0,0.10746335238218307,0.0,0.043087443336844444,0.043087443336844444,0.0,5,5,0.0041931429877877235,0.0,0.00011560134589672089,0.0,0.0
ham18_pattern_mining,2026-03-19T13:56:56,2,433,73,0,0.9921875,0.021560542285442352,0.0,0.20608294755220413,0.20608294755220413,0.0,5,5,0.020135859958827496,0.0,0.00047243479639291763,0.0,0.0
ham18_pattern_mining,2026-03-19T13:56:56,2,434,73,1,0.9921875,0.03706463426351547,0.0,0.06165567319840193,0.06165567319840193,0.0,5,5,0.005997989326715469,0.0,0.00016757799312472343,0.0,0.0
ham18_pattern_mining,2026-03-19T13:56:56,2,435,73,2,0.9921875,0.044720105826854706,0.0,0.041167871095240116,0.041167871095240116,0.0,5,5,0.003983340226113796,0.0,0.00013344688341021538,0.0,0.0
ham18_pattern_mining,2026-03-19T13:56:56,2,436,73,3,1.0,0.025700567290186882,0.0,0.03975252155214548,0.03975252155214548,0.0,5,5,0.0038441787473857403,0.0,0.00013107340782880783,0.0,0.0
ham18_pattern_mining,2026-03-19T13:56:57,2,437,73,4,0.984375,0.03276519477367401,0.0,0.041823419742286205,0.041823419742286205,0.0,5,5,0.0040388950146734715,0.0,0.00014344695955514908,0.0,0.0
ham18_pattern_mining,2026-03-19T13:56:57,2,438,73,5,1.0,0.023531535640358925,0.0,0.04894424229860306,0.04894424229860306,0.0,5,5,0.004791999235749245,0.0,0.0001024249941110611,0.0,0.0
ham18_pattern_mining,2026-03-19T13:57:00,3,433,73,0,1.0,0.009208433330059052,0.0,0.27120227459818125,0.27120227459818125,0.0,5,5,0.026424133218824863,0.0,0.0006960942409932613,0.0,0.0
ham18_pattern_mining,2026-03-19T13:57:00,3,434,73,1,0.99609375,0.022691989317536354,0.0,0.06805173587054014,0.06805173587054014,0.0,5,5,0.006612538825720549,0.0,0.00019263476133346558,0.0,0.0
ham18_pattern_mining,2026-03-19T13:57:00,3,435,73,2,0.9921875,0.06289809942245483,0.0,0.04141051787883043,0.04141051787883043,0.0,5,5,0.004005874041467905,0.0,0.00013517774641513824,0.0,0.0
ham18_pattern_mining,2026-03-19T13:57:00,3,436,73,3,1.0,0.014810025691986084,0.0,0.042974003590643406,0.042974003590643406,0.0,5,5,0.004163830541074276,0.0,0.00013356981799006462,0.0,0.0
ham18_pattern_mining,2026-03-19T13:57:01,3,437,73,4,0.99609375,0.03362840786576271,0.0,0.042330087162554264,0.042330087162554264,0.0,5,5,0.004090155009180307,0.0,0.00014285370707511902,0.0,0.0
ham18_pattern_mining,2026-03-19T13:57:01,3,438,73,5,1.0,0.1663954108953476,0.0,0.044047171249985695,0.044047171249985695,0.0,5,5,0.0042884461581707,0.0,0.00011627096682786942,0.0,0.0
ham18_pattern_mining,2026-03-19T13:57:04,4,433,73,0,1.0,0.01728711649775505,0.0,0.18618174828588963,0.18618174828588963,0.0,5,5,0.01821976387873292,0.0,0.00039841094985604286,0.0,0.0
ham18_pattern_mining,2026-03-19T13:57:04,4,434,73,1,0.98828125,0.05793646350502968,0.0,0.05800018087029457,0.05800018087029457,0.0,5,5,0.0056208278983831406,0.0,0.00017919018864631653,0.0,0.0
ham18_pattern_mining,2026-03-19T13:57:04,4,435,73,2,0.99609375,0.025479234755039215,0.0,0.04012011457234621,0.04012011457234621,0.0,5,5,0.0038827122189104557,0.0,0.00012929923832416534,0.0,0.0
ham18_pattern_mining,2026-03-19T13:57:04,4,436,73,3,0.98828125,0.04596222937107086,0.0,0.039875819347798824,0.039875819347798824,0.0,5,5,0.0038541899994015694,0.0,0.00013339193537831306,0.0,0.0
ham18_pattern_mining,2026-03-19T13:57:05,4,437,73,4,0.98828125,0.0547209307551384,0.0,0.04340501967817545,0.04340501967817545,0.0,5,5,0.004194936249405146,0.0,0.0001455657184123993,0.0,0.0
ham18_pattern_mining,2026-03-19T13:57:05,4,438,73,5,1.0,0.01985671930015087,0.0,0.04615274257957935,0.04615274257957935,0.0,5,5,0.004479592200368643,0.0,0.00013568205758929253,0.0,0.0
ham18_pattern_mining,2026-03-19T13:57:12,0,439,74,0,1.0,0.010893449187278748,0.0,0.21941345185041428,0.21941345185041428,0.0,5,5,0.021397185046225786,0.0,0.0005441601388156414,0.0,0.0
ham18_pattern_mining,2026-03-19T13:57:12,0,440,74,1,0.98828125,0.029875662177801132,0.0,0.059013841673731804,0.059013841673731804,0.0,5,5,0.005734405014663935,0.0,0.00016697915270924568,0.0,0.0
ham18_pattern_mining,2026-03-19T13:57:12,0,441,74,2,0.9921875,0.024592436850070953,0.0,0.04199584014713764,0.04199584014713764,0.0,5,5,0.00404560100287199,0.0,0.000153983011841774,0.0,0.0
ham18_pattern_mining,2026-03-19T13:57:12,0,442,74,3,0.98046875,0.06986251473426819,0.0,0.039563137106597424,0.039563137106597424,0.0,5,5,0.003815190866589546,0.0,0.00014112284407019615,0.0,0.0
ham18_pattern_mining,2026-03-19T13:57:13,0,443,74,4,0.98046875,0.0641922578215599,0.0,0.04254076164215803,0.04254076164215803,0.0,5,5,0.004107531160116196,0.0,0.00014654500409960747,0.0,0.0
ham18_pattern_mining,2026-03-19T13:57:13,0,444,74,5,0.5,1.280827283859253,0.0,0.04217666108161211,0.04217666108161211,0.0,5,5,0.0041193887591362,0.0,9.827734902501106e-05,0.0,0.0
ham18_pattern_mining,2026-03-19T13:57:16,1,439,74,0,0.99609375,0.03530747443437576,0.0,0.12840416748076677,0.12840416748076677,0.0,5,5,0.012596075888723135,0.0,0.00024434085935354233,0.0,0.0
ham18_pattern_mining,2026-03-19T13:57:16,1,440,74,1,0.9921875,0.02841583639383316,0.0,0.05635038949549198,0.05635038949549198,0.0,5,5,0.005461501888930798,0.0,0.00017353706061840057,0.0,0.0
ham18_pattern_mining,2026-03-19T13:57:16,1,441,74,2,0.99609375,0.03682837635278702,0.0,0.05253506824374199,0.05253506824374199,0.0,5,5,0.005093380808830261,0.0,0.00016012601554393768,0.0,0.0
ham18_pattern_mining,2026-03-19T13:57:17,1,442,74,3,0.99609375,0.03933016210794449,0.0,0.038376073352992535,0.038376073352992535,0.0,5,5,0.003713398240506649,0.0,0.00012420909479260445,0.0,0.0
ham18_pattern_mining,2026-03-19T13:57:17,1,443,74,4,0.9921875,0.03708742558956146,0.0,0.042187669314444065,0.042187669314444065,0.0,5,5,0.004079266916960478,0.0,0.00013950001448392868,0.0,0.0
ham18_pattern_mining,2026-03-19T13:57:17,1,444,74,5,1.0,0.01950143277645111,0.0,0.044450429268181324,0.044450429268181324,0.0,5,5,0.004327300935983658,0.0,0.00011774199083447456,0.0,0.0
ham18_pattern_mining,2026-03-19T13:57:20,2,439,74,0,1.0,0.014064021408557892,0.0,0.21727639250457287,0.21727639250457287,0.0,5,5,0.021240768022835255,0.0,0.00048687122762203217,0.0,0.0
ham18_pattern_mining,2026-03-19T13:57:20,2,440,74,1,0.9765625,0.057228609919548035,0.0,0.05113957915455103,0.05113957915455103,0.0,5,5,0.004960501100867987,0.0,0.00015345681458711624,0.0,0.0
ham18_pattern_mining,2026-03-19T13:57:20,2,441,74,2,1.0,0.017614178359508514,0.0,0.048245289362967014,0.048245289362967014,0.0,5,5,0.004681620746850967,0.0,0.00014290818944573402,0.0,0.0
ham18_pattern_mining,2026-03-19T13:57:20,2,442,74,3,0.984375,0.06577098369598389,0.0,0.04119774792343378,0.04119774792343378,0.0,5,5,0.00398637168109417,0.0,0.00013340311124920845,0.0,0.0
ham18_pattern_mining,2026-03-19T13:57:21,2,443,74,4,0.98828125,0.049823567271232605,0.0,0.041668093763291836,0.041668093763291836,0.0,5,5,0.004027506802231073,0.0,0.0001393025740981102,0.0,0.0
ham18_pattern_mining,2026-03-19T13:57:21,2,444,74,5,1.0,0.23988524079322815,0.0,0.0450690696015954,0.0450690696015954,0.0,5,5,0.0044057900086045265,0.0,0.00010111695155501366,0.0,0.0
ham18_pattern_mining,2026-03-19T13:57:24,3,439,74,0,1.0,0.009313952177762985,0.0,0.24704642593860626,0.24704642593860626,0.0,5,5,0.02417088858783245,0.0,0.0005337540060281754,0.0,0.0
ham18_pattern_mining,2026-03-19T13:57:24,3,440,74,1,0.9921875,0.028080150485038757,0.0,0.10537730529904366,0.10537730529904366,0.0,5,5,0.01028998987749219,0.0,0.00024774065241217613,0.0,0.0
ham18_pattern_mining,2026-03-19T13:57:25,3,441,74,2,0.98828125,0.028455568477511406,0.0,0.06764775142073631,0.06764775142073631,0.0,5,5,0.00660631014034152,0.0,0.00015846500173211098,0.0,0.0
ham18_pattern_mining,2026-03-19T13:57:25,3,442,74,3,0.99609375,0.02055705524981022,0.0,0.06533642299473286,0.06533642299473286,0.0,5,5,0.006371234077960253,0.0,0.0001624082215130329,0.0,0.0
ham18_pattern_mining,2026-03-19T13:57:26,3,443,74,4,0.96875,0.09023997187614441,0.0,0.05817395634949207,0.05817395634949207,0.0,5,5,0.005678080953657627,0.0,0.0001393146812915802,0.0,0.0
ham18_pattern_mining,2026-03-19T13:57:26,3,444,74,5,0.5,1.5310959815979004,0.0,0.04903269000351429,0.04903269000351429,0.0,5,5,0.004781889729201794,0.0,0.00012137927114963531,0.0,0.0
ham18_pattern_mining,2026-03-19T13:57:29,4,439,74,0,1.0,0.008112924173474312,0.0,0.14751726761460304,0.14751726761460304,0.0,5,5,0.014447823166847229,0.0,0.00030390359461307526,0.0,0.0
ham18_pattern_mining,2026-03-19T13:57:29,4,440,74,1,1.0,0.01975869946181774,0.0,0.056163626722991467,0.056163626722991467,0.0,5,5,0.00546593964099884,0.0,0.00015042303130030632,0.0,0.0
ham18_pattern_mining,2026-03-19T13:57:29,4,441,74,2,0.9921875,0.026670217514038086,0.0,0.04167472943663597,0.04167472943663597,0.0,5,5,0.004020879045128822,0.0,0.00014659389853477478,0.0,0.0
ham18_pattern_mining,2026-03-19T13:57:29,4,442,74,3,0.97265625,0.05965496599674225,0.0,0.0420862203463912,0.0420862203463912,0.0,5,5,0.004073218908160925,0.0,0.0001354031264781952,0.0,0.0
ham18_pattern_mining,2026-03-19T13:57:30,4,443,74,4,1.0,0.015169120393693447,0.0,0.04501946736127138,0.04501946736127138,0.0,5,5,0.00435446435585618,0.0,0.00014748238027095795,0.0,0.0
ham18_pattern_mining,2026-03-19T13:57:30,4,444,74,5,0.0,5.2555084228515625,0.0,0.04761052783578634,0.04761052783578634,0.0,5,5,0.004628676921129227,0.0,0.00013237586244940758,0.0,0.0
ham18_pattern_mining,2026-03-19T13:57:37,0,445,75,0,1.0,0.01010865718126297,0.0,0.14209412969648838,0.14209412969648838,0.0,5,5,0.013906755950301886,0.0,0.00030265701934695244,0.0,0.0
ham18_pattern_mining,2026-03-19T13:57:37,0,446,75,1,0.9921875,0.03236909955739975,0.0,0.04212757106870413,0.04212757106870413,0.0,5,5,0.0040752822533249855,0.0,0.00013747485354542732,0.0,0.0
ham18_pattern_mining,2026-03-19T13:57:37,0,447,75,2,0.9921875,0.025377176702022552,0.0,0.04048049449920654,0.04048049449920654,0.0,5,5,0.003909035120159388,0.0,0.0001390143297612667,0.0,0.0
ham18_pattern_mining,2026-03-19T13:57:37,0,448,75,3,1.0,0.02829451858997345,0.0,0.040412298403680325,0.040412298403680325,0.0,5,5,0.003910164814442396,0.0,0.0001310650259256363,0.0,0.0
ham18_pattern_mining,2026-03-19T13:57:39,0,449,75,4,0.97265625,0.0671454444527626,0.0,0.04172694869339466,0.04172694869339466,0.0,5,5,0.004031049087643623,0.0,0.00014164578169584274,0.0,0.0
ham18_pattern_mining,2026-03-19T13:57:39,0,450,75,5,1.0,0.08141335099935532,0.0,0.04350218456238508,0.04350218456238508,0.0,5,5,0.004217618145048618,0.0,0.0001326003111898899,0.0,0.0
ham18_pattern_mining,2026-03-19T13:57:41,1,445,75,0,1.0,0.012969434261322021,0.0,0.23795230314135551,0.23795230314135551,0.0,5,5,0.02326227119192481,0.0,0.000532959122210741,0.0,0.0
ham18_pattern_mining,2026-03-19T13:57:41,1,446,75,1,0.98046875,0.058226607739925385,0.0,0.06322367116808891,0.06322367116808891,0.0,5,5,0.006139195989817381,0.0,0.0001831711269915104,0.0,0.0
ham18_pattern_mining,2026-03-19T13:57:41,1,447,75,2,0.9921875,0.036081649363040924,0.0,0.043143280781805515,0.043143280781805515,0.0,5,5,0.004177893977612257,0.0,0.00013643410056829453,0.0,0.0
ham18_pattern_mining,2026-03-19T13:57:42,1,448,75,3,0.96484375,0.09591257572174072,0.0,0.0412535946816206,0.0412535946816206,0.0,5,5,0.0039894431829452515,0.0,0.00013591628521680832,0.0,0.0
ham18_pattern_mining,2026-03-19T13:57:43,1,449,75,4,1.0,0.025311492383480072,0.0,0.042548561468720436,0.042548561468720436,0.0,5,5,0.004110889974981546,0.0,0.0001439661718904972,0.0,0.0
ham18_pattern_mining,2026-03-19T13:57:43,1,450,75,5,0.5,2.122767925262451,0.0,0.04575625993311405,0.04575625993311405,0.0,5,5,0.004466587677598,0.0,0.00010903831571340561,0.0,0.0
ham18_pattern_mining,2026-03-19T13:57:45,2,445,75,0,1.0,0.00942546408623457,0.0,0.12831554282456636,0.12831554282456636,0.0,5,5,0.012580523267388344,0.0,0.0002510310150682926,0.0,0.0
ham18_pattern_mining,2026-03-19T13:57:46,2,446,75,1,0.98828125,0.051055289804935455,0.0,0.055014751851558685,0.055014751851558685,0.0,5,5,0.00532030314207077,0.0,0.00018117204308509827,0.0,0.0
ham18_pattern_mining,2026-03-19T13:57:46,2,447,75,2,0.9921875,0.027342945337295532,0.0,0.048688920214772224,0.048688920214772224,0.0,5,5,0.004707247018814087,0.0,0.00016164500266313553,0.0,0.0
ham18_pattern_mining,2026-03-19T13:57:46,2,448,75,3,0.98828125,0.04511284455657005,0.0,0.03927502781152725,0.03927502781152725,0.0,5,5,0.003799178171902895,0.0,0.00012832460924983025,0.0,0.0
ham18_pattern_mining,2026-03-19T13:57:47,2,449,75,4,0.984375,0.05065535008907318,0.0,0.042732381261885166,0.042732381261885166,0.0,5,5,0.004129783250391483,0.0,0.0001434548757970333,0.0,0.0
ham18_pattern_mining,2026-03-19T13:57:47,2,450,75,5,0.5,1.607032299041748,0.0,0.046414975076913834,0.046414975076913834,0.0,5,5,0.0045014056377112865,0.0,0.00014009186998009682,0.0,0.0
ham18_pattern_mining,2026-03-19T13:57:50,3,445,75,0,1.0,0.010544206947088242,0.0,0.2481429185718298,0.2481429185718298,0.0,5,5,0.024264554027467966,0.0,0.0005497378297150135,0.0,0.0
ham18_pattern_mining,2026-03-19T13:57:50,3,446,75,1,0.98828125,0.03355744481086731,0.0,0.0715615414083004,0.0715615414083004,0.0,5,5,0.006956798955798149,0.0,0.00019935518503189087,0.0,0.0
ham18_pattern_mining,2026-03-19T13:57:50,3,447,75,2,0.9921875,0.021490223705768585,0.0,0.03705515060573816,0.03705515060573816,0.0,5,5,0.0035829050466418266,0.0,0.00012261001393198967,0.0,0.0
ham18_pattern_mining,2026-03-19T13:57:50,3,448,75,3,0.98828125,0.028651976957917213,0.0,0.03377874381840229,0.03377874381840229,0.0,5,5,0.0032532294280827045,0.0,0.0001246449537575245,0.0,0.0
ham18_pattern_mining,2026-03-19T13:57:52,3,449,75,4,0.9921875,0.03362300619482994,0.0,0.03372054547071457,0.03372054547071457,0.0,5,5,0.0032484596595168114,0.0,0.00012359488755464554,0.0,0.0
ham18_pattern_mining,2026-03-19T13:57:52,3,450,75,5,1.0,0.032912030816078186,0.0,0.034642317332327366,0.034642317332327366,0.0,5,5,0.003364271018654108,0.0,9.996071457862854e-05,0.0,0.0
ham18_pattern_mining,2026-03-19T13:57:54,4,445,75,0,0.99609375,0.011740666814148426,0.0,0.14007534831762314,0.14007534831762314,0.0,5,5,0.013701784890145063,0.0,0.00030574994161725044,0.0,0.0
ham18_pattern_mining,2026-03-19T13:57:54,4,446,75,1,0.99609375,0.0521836057305336,0.0,0.05243481136858463,0.05243481136858463,0.0,5,5,0.005080936010926962,0.0,0.0001625451259315014,0.0,0.0
ham18_pattern_mining,2026-03-19T13:57:55,4,447,75,2,0.9921875,0.05396758019924164,0.0,0.04217089153826237,0.04217089153826237,0.0,5,5,0.0040724920108914375,0.0,0.0001445971429347992,0.0,0.0
ham18_pattern_mining,2026-03-19T13:57:55,4,448,75,3,1.0,0.018313545733690262,0.0,0.0403993995860219,0.0403993995860219,0.0,5,5,0.003905022982507944,0.0,0.0001349169760942459,0.0,0.0
ham18_pattern_mining,2026-03-19T13:57:56,4,449,75,4,1.0,0.021853603422641754,0.0,0.04302153829485178,0.04302153829485178,0.0,5,5,0.004156834911555052,0.0,0.0001453189179301262,0.0,0.0
ham18_pattern_mining,2026-03-19T13:57:56,4,450,75,5,1.0,0.014067890122532845,0.0,0.046491832472383976,0.046491832472383976,0.0,5,5,0.004527245182543993,0.0,0.0001219380646944046,0.0,0.0
ham18_pattern_mining,2026-03-19T13:58:02,0,451,76,0,1.0,0.014355305582284927,0.0,0.18612399231642485,0.18612399231642485,0.0,5,5,0.01817610627040267,0.0,0.00043629296123981476,0.0,0.0
ham18_pattern_mining,2026-03-19T13:58:02,0,452,76,1,0.9921875,0.0348050594329834,0.0,0.05076297093182802,0.05076297093182802,0.0,5,5,0.004909717943519354,0.0,0.00016657914966344833,0.0,0.0
ham18_pattern_mining,2026-03-19T13:58:03,0,453,76,2,1.0,0.017824487760663033,0.0,0.03760052379220724,0.03760052379220724,0.0,5,5,0.0036269649863243103,0.0,0.0001330873928964138,0.0,0.0
ham18_pattern_mining,2026-03-19T13:58:03,0,454,76,3,0.9921875,0.04373486712574959,0.0,0.032913219183683395,0.032913219183683395,0.0,5,5,0.0031801280565559864,0.0,0.00011119386181235313,0.0,0.0
ham18_pattern_mining,2026-03-19T13:58:04,0,455,76,4,0.9921875,0.053393833339214325,0.0,0.0365418940782547,0.0365418940782547,0.0,5,5,0.0035289074294269085,0.0,0.00012528197839856148,0.0,0.0
ham18_pattern_mining,2026-03-19T13:58:04,0,456,76,5,0.5,1.0526832342147827,0.0,0.036314669996500015,0.036314669996500015,0.0,5,5,0.00351601280272007,0.0,0.00011545419692993164,0.0,0.0
ham18_pattern_mining,2026-03-19T13:58:07,1,451,76,0,1.0,0.013369189575314522,0.0,0.15046833083033562,0.15046833083033562,0.0,5,5,0.01474791718646884,0.0,0.00029891589656472206,0.0,0.0
ham18_pattern_mining,2026-03-19T13:58:07,1,452,76,1,0.984375,0.03824767842888832,0.0,0.04277290776371956,0.04277290776371956,0.0,5,5,0.004136432893574238,0.0,0.00014085788279771805,0.0,0.0
ham18_pattern_mining,2026-03-19T13:58:07,1,453,76,2,0.9921875,0.03122107684612274,0.0,0.0417234655469656,0.0417234655469656,0.0,5,5,0.0040209428407251835,0.0,0.00015140371397137642,0.0,0.0
ham18_pattern_mining,2026-03-19T13:58:07,1,454,76,3,0.99609375,0.030465010553598404,0.0,0.04356515593826771,0.04356515593826771,0.0,5,5,0.0042076557874679565,0.0,0.00014885980635881424,0.0,0.0
ham18_pattern_mining,2026-03-19T13:58:09,1,455,76,4,0.99609375,0.03052014857530594,0.0,0.04290316253900528,0.04290316253900528,0.0,5,5,0.004138972144573927,0.0,0.00015134410932660103,0.0,0.0
ham18_pattern_mining,2026-03-19T13:58:09,1,456,76,5,0.5,0.9239979386329651,0.0,0.04533016122877598,0.04533016122877598,0.0,5,5,0.0044049848802387714,0.0,0.00012803124263882637,0.0,0.0
ham18_pattern_mining,2026-03-19T13:58:11,2,451,76,0,1.0,0.010095235891640186,0.0,0.15534371137619019,0.15534371137619019,0.0,5,5,0.015187612269073725,0.0,0.0003467588685452938,0.0,0.0
ham18_pattern_mining,2026-03-19T13:58:11,2,452,76,1,0.99609375,0.02287968061864376,0.0,0.058556683361530304,0.058556683361530304,0.0,5,5,0.00566490925848484,0.0,0.00019075907766819,0.0,0.0
ham18_pattern_mining,2026-03-19T13:58:11,2,453,76,2,0.9921875,0.029473505914211273,0.0,0.041202506981790066,0.041202506981790066,0.0,5,5,0.003983222879469395,0.0,0.0001370278187096119,0.0,0.0
ham18_pattern_mining,2026-03-19T13:58:12,2,454,76,3,0.98828125,0.037196606397628784,0.0,0.04195521119982004,0.04195521119982004,0.0,5,5,0.004057644866406918,0.0,0.0001378762535750866,0.0,0.0
ham18_pattern_mining,2026-03-19T13:58:13,2,455,76,4,0.97265625,0.0699232816696167,0.0,0.04250658210366964,0.04250658210366964,0.0,5,5,0.004094459116458893,0.0,0.00015619909390807152,0.0,0.0
ham18_pattern_mining,2026-03-19T13:58:13,2,456,76,5,0.5,2.3752622604370117,0.0,0.045849261805415154,0.045849261805415154,0.0,5,5,0.00445755198597908,0.0,0.00012737419456243515,0.0,0.0
ham18_pattern_mining,2026-03-19T13:58:15,3,451,76,0,1.0,0.006578591652214527,0.0,0.1477222889661789,0.1477222889661789,0.0,5,5,0.014466896653175354,0.0,0.0003053322434425354,0.0,0.0
ham18_pattern_mining,2026-03-19T13:58:16,3,452,76,1,0.984375,0.03444547578692436,0.0,0.0458267517387867,0.0458267517387867,0.0,5,5,0.004424561280757189,0.0,0.00015811389312148094,0.0,0.0
ham18_pattern_mining,2026-03-19T13:58:16,3,453,76,2,0.99609375,0.019570980221033096,0.0,0.041674068197607994,0.041674068197607994,0.0,5,5,0.004028297960758209,0.0,0.00013910885900259018,0.0,0.0
ham18_pattern_mining,2026-03-19T13:58:16,3,454,76,3,0.99609375,0.022247567772865295,0.0,0.04123859107494354,0.04123859107494354,0.0,5,5,0.003988843876868486,0.0,0.00013501523062586784,0.0,0.0
ham18_pattern_mining,2026-03-19T13:58:17,3,455,76,4,0.984375,0.0485912524163723,0.0,0.043139029294252396,0.043139029294252396,0.0,5,5,0.004145790822803974,0.0,0.0001681121066212654,0.0,0.0
ham18_pattern_mining,2026-03-19T13:58:17,3,456,76,5,0.5,1.542807698249817,0.0,0.044968388974666595,0.044968388974666595,0.0,5,5,0.004372304771095514,0.0,0.00012453412637114525,0.0,0.0
ham18_pattern_mining,2026-03-19T13:58:19,4,451,76,0,1.0,0.013555645942687988,0.0,0.1726015331223607,0.1726015331223607,0.0,5,5,0.01687706122174859,0.0,0.00038309209048748016,0.0,0.0
ham18_pattern_mining,2026-03-19T13:58:19,4,452,76,1,0.9921875,0.029071295633912086,0.0,0.05022834520787001,0.05022834520787001,0.0,5,5,0.004883651155978441,0.0,0.00013918336480855942,0.0,0.0
ham18_pattern_mining,2026-03-19T13:58:20,4,453,76,2,1.0,0.02118019014596939,0.0,0.04809694830328226,0.04809694830328226,0.0,5,5,0.0046523879282176495,0.0,0.00015730690211057663,0.0,0.0
ham18_pattern_mining,2026-03-19T13:58:20,4,454,76,3,0.9921875,0.04105139523744583,0.0,0.04216946195811033,0.04216946195811033,0.0,5,5,0.004077299032360315,0.0,0.00013964716345071793,0.0,0.0
ham18_pattern_mining,2026-03-19T13:58:21,4,455,76,4,0.9921875,0.03492610156536102,0.0,0.04311122000217438,0.04311122000217438,0.0,5,5,0.00415215315297246,0.0,0.00015896884724497795,0.0,0.0
ham18_pattern_mining,2026-03-19T13:58:21,4,456,76,5,1.0,0.010228240862488747,0.0,0.045096492394804955,0.045096492394804955,0.0,5,5,0.004398962017148733,0.0,0.00011068722233176231,0.0,0.0
ham18_pattern_mining,2026-03-19T13:58:27,0,457,77,0,1.0,0.007828258909285069,0.0,0.227668983861804,0.227668983861804,0.0,5,5,0.022258365992456675,0.0,0.0005085323937237263,0.0,0.0
ham18_pattern_mining,2026-03-19T13:58:27,0,458,77,1,0.984375,0.043764568865299225,0.0,0.0666532339528203,0.0666532339528203,0.0,5,5,0.006483856122940779,0.0,0.00018146727234125137,0.0,0.0
ham18_pattern_mining,2026-03-19T13:58:28,0,459,77,2,0.99609375,0.02432437241077423,0.0,0.04515159875154495,0.04515159875154495,0.0,5,5,0.004371143877506256,0.0,0.00014401599764823914,0.0,0.0
ham18_pattern_mining,2026-03-19T13:58:28,0,460,77,3,0.98828125,0.034620460122823715,0.0,0.04202704876661301,0.04202704876661301,0.0,5,5,0.0040664770640432835,0.0,0.0001362278126180172,0.0,0.0
ham18_pattern_mining,2026-03-19T13:58:29,0,461,77,4,0.98046875,0.05645901709794998,0.0,0.043172710575163364,0.043172710575163364,0.0,5,5,0.004158396273851395,0.0,0.0001588747836649418,0.0,0.0
ham18_pattern_mining,2026-03-19T13:58:29,0,462,77,5,0.5,2.6177921295166016,0.0,0.04321322310715914,0.04321322310715914,0.0,5,5,0.0042198761366307735,0.0,0.00010144617408514023,0.0,0.0
ham18_pattern_mining,2026-03-19T13:58:31,1,457,77,0,0.9921875,0.028164826333522797,0.0,0.2428575186058879,0.2428575186058879,0.0,5,5,0.023736834060400724,0.0,0.0005489178001880646,0.0,0.0
ham18_pattern_mining,2026-03-19T13:58:32,1,458,77,1,0.9765625,0.07208705693483353,0.0,0.06993487942963839,0.06993487942963839,0.0,5,5,0.006801069714128971,0.0,0.00019241822883486748,0.0,0.0
ham18_pattern_mining,2026-03-19T13:58:32,1,459,77,2,0.9921875,0.0288272462785244,0.0,0.0392390601336956,0.0392390601336956,0.0,5,5,0.003797889221459627,0.0,0.0001260167919099331,0.0,0.0
ham18_pattern_mining,2026-03-19T13:58:32,1,460,77,3,0.97265625,0.09284800291061401,0.0,0.040426235646009445,0.040426235646009445,0.0,5,5,0.0039009996689856052,0.0,0.00014162389561533928,0.0,0.0
ham18_pattern_mining,2026-03-19T13:58:33,1,461,77,4,0.98828125,0.03640151023864746,0.0,0.04198518581688404,0.04198518581688404,0.0,5,5,0.004053299780935049,0.0,0.00014521880075335503,0.0,0.0
ham18_pattern_mining,2026-03-19T13:58:33,1,462,77,5,0.5,1.6520353555679321,0.0,0.04150125663727522,0.04150125663727522,0.0,5,5,0.004052624572068453,0.0,9.750109165906906e-05,0.0,0.0
ham18_pattern_mining,2026-03-19T13:58:35,2,457,77,0,0.99609375,0.013197815045714378,0.0,0.14345417264848948,0.14345417264848948,0.0,5,5,0.014042777009308338,0.0,0.00030264025554060936,0.0,0.0
ham18_pattern_mining,2026-03-19T13:58:35,2,458,77,1,0.99609375,0.02575792744755745,0.0,0.04131067078560591,0.04131067078560591,0.0,5,5,0.003992062993347645,0.0,0.00013900408521294594,0.0,0.0
ham18_pattern_mining,2026-03-19T13:58:36,2,459,77,2,0.98046875,0.0924433097243309,0.0,0.04136622417718172,0.04136622417718172,0.0,5,5,0.003996838815510273,0.0,0.0001397836022078991,0.0,0.0
ham18_pattern_mining,2026-03-19T13:58:36,2,460,77,3,0.9921875,0.05929412320256233,0.0,0.041556842625141144,0.041556842625141144,0.0,5,5,0.0040177879855036736,0.0,0.00013789627701044083,0.0,0.0
ham18_pattern_mining,2026-03-19T13:58:37,2,461,77,4,0.98046875,0.0597991980612278,0.0,0.042715808376669884,0.042715808376669884,0.0,5,5,0.004119487013667822,0.0,0.0001520938239991665,0.0,0.0
ham18_pattern_mining,2026-03-19T13:58:37,2,462,77,5,1.0,0.04584101215004921,0.0,0.04161585122346878,0.04161585122346878,0.0,5,5,0.004054292105138302,0.0,0.0001072930172085762,0.0,0.0
ham18_pattern_mining,2026-03-19T13:58:39,3,457,77,0,1.0,0.010934587568044662,0.0,0.15115564223378897,0.15115564223378897,0.0,5,5,0.014833725988864899,0.0,0.00028183823451399803,0.0,0.0
ham18_pattern_mining,2026-03-19T13:58:39,3,458,77,1,0.984375,0.039158739149570465,0.0,0.04147802013903856,0.04147802013903856,0.0,5,5,0.004007942043244839,0.0,0.00013985997065901756,0.0,0.0
ham18_pattern_mining,2026-03-19T13:58:40,3,459,77,2,0.9921875,0.03157457709312439,0.0,0.04227129742503166,0.04227129742503166,0.0,5,5,0.004084998741745949,0.0,0.0001421310007572174,0.0,0.0
ham18_pattern_mining,2026-03-19T13:58:40,3,460,77,3,0.98046875,0.0666913241147995,0.0,0.040432680398225784,0.040432680398225784,0.0,5,5,0.0039029698818922043,0.0,0.00014029815793037415,0.0,0.0
ham18_pattern_mining,2026-03-19T13:58:41,3,461,77,4,0.96875,0.07084532827138901,0.0,0.04185900557786226,0.04185900557786226,0.0,5,5,0.004044681787490845,0.0,0.00014121877029538155,0.0,0.0
ham18_pattern_mining,2026-03-19T13:58:41,3,462,77,5,1.0,0.03509734570980072,0.0,0.04392640199512243,0.04392640199512243,0.0,5,5,0.0042844973504543304,0.0,0.00010814284905791283,0.0,0.0
ham18_pattern_mining,2026-03-19T13:58:43,4,457,77,0,1.0,0.005714642349630594,0.0,0.1423012837767601,0.1423012837767601,0.0,5,5,0.013947123195976019,0.0,0.0002830051816999912,0.0,0.0
ham18_pattern_mining,2026-03-19T13:58:44,4,458,77,1,0.98828125,0.04925592243671417,0.0,0.048763053491711617,0.048763053491711617,0.0,5,5,0.004719388205558062,0.0,0.00015691714361310005,0.0,0.0
ham18_pattern_mining,2026-03-19T13:58:44,4,459,77,2,0.984375,0.04834599047899246,0.0,0.045949448831379414,0.045949448831379414,0.0,5,5,0.004448421765118837,0.0,0.000146523118019104,0.0,0.0
ham18_pattern_mining,2026-03-19T13:58:44,4,460,77,3,1.0,0.01273356843739748,0.0,0.03980652429163456,0.03980652429163456,0.0,5,5,0.0038475962355732918,0.0,0.00013305619359016418,0.0,0.0
ham18_pattern_mining,2026-03-19T13:58:45,4,461,77,4,0.97265625,0.07256783545017242,0.0,0.042270803824067116,0.042270803824067116,0.0,5,5,0.0040818932466208935,0.0,0.0001451871357858181,0.0,0.0
ham18_pattern_mining,2026-03-19T13:58:45,4,462,77,5,0.0,4.984701633453369,0.0,0.04575059283524752,0.04575059283524752,0.0,5,5,0.004451568238437176,0.0,0.0001234910450875759,0.0,0.0
ham18_pattern_mining,2026-03-19T13:58:52,0,463,78,0,1.0,0.009169748052954674,0.0,0.18291674088686705,0.18291674088686705,0.0,5,5,0.017882979940623045,0.0,0.00040869414806365967,0.0,0.0
ham18_pattern_mining,2026-03-19T13:58:52,0,464,78,1,1.0,0.013510238379240036,0.0,0.07990975864231586,0.07990975864231586,0.0,5,5,0.007771176751703024,0.0,0.00021979911252856255,0.0,0.0
ham18_pattern_mining,2026-03-19T13:58:52,0,465,78,2,0.9765625,0.05228786915540695,0.0,0.060017271898686886,0.060017271898686886,0.0,5,5,0.005821677856147289,0.0,0.0001800493337213993,0.0,0.0
ham18_pattern_mining,2026-03-19T13:58:52,0,466,78,3,0.99609375,0.022542977705597878,0.0,0.04041517153382301,0.04041517153382301,0.0,5,5,0.003910155035555363,0.0,0.00013136211782693863,0.0,0.0
ham18_pattern_mining,2026-03-19T13:58:53,0,467,78,4,0.99609375,0.026160508394241333,0.0,0.04254760220646858,0.04254760220646858,0.0,5,5,0.0041119493544101715,0.0,0.0001428108662366867,0.0,0.0
ham18_pattern_mining,2026-03-19T13:58:53,0,468,78,5,1.0,0.021712560206651688,0.0,0.04226801451295614,0.04226801451295614,0.0,5,5,0.004120371304452419,0.0,0.00010643014684319496,0.0,0.0
ham18_pattern_mining,2026-03-19T13:58:56,1,463,78,0,1.0,0.007128197234123945,0.0,0.24271894712001085,0.24271894712001085,0.0,5,5,0.023706774692982435,0.0,0.0005651200190186501,0.0,0.0
ham18_pattern_mining,2026-03-19T13:58:56,1,464,78,1,0.98828125,0.03576213866472244,0.0,0.06099665071815252,0.06099665071815252,0.0,5,5,0.005926820915192366,0.0,0.00017284415662288666,0.0,0.0
ham18_pattern_mining,2026-03-19T13:58:56,1,465,78,2,0.99609375,0.03855767101049423,0.0,0.03944832365959883,0.03944832365959883,0.0,5,5,0.003816841635853052,0.0,0.0001279907301068306,0.0,0.0
ham18_pattern_mining,2026-03-19T13:58:56,1,466,78,3,0.984375,0.044514819979667664,0.0,0.040580108761787415,0.040580108761787415,0.0,5,5,0.003915758803486824,0.0,0.00014225207269191742,0.0,0.0
ham18_pattern_mining,2026-03-19T13:58:57,1,467,78,4,0.99609375,0.0349896177649498,0.0,0.04163599573075771,0.04163599573075771,0.0,5,5,0.004020791966468096,0.0,0.00014280760660767555,0.0,0.0
ham18_pattern_mining,2026-03-19T13:58:57,1,468,78,5,0.5,1.6517802476882935,0.0,0.04541834816336632,0.04541834816336632,0.0,5,5,0.004434042610228062,0.0,0.0001077922061085701,0.0,0.0
ham18_pattern_mining,2026-03-19T13:59:00,2,463,78,0,1.0,0.007859980687499046,0.0,0.22171903867274523,0.22171903867274523,0.0,5,5,0.02164572197943926,0.0,0.0005261818878352642,0.0,0.0
ham18_pattern_mining,2026-03-19T13:59:00,2,464,78,1,0.984375,0.07214383035898209,0.0,0.0635714503005147,0.0635714503005147,0.0,5,5,0.00615982199087739,0.0,0.0001973230391740799,0.0,0.0
ham18_pattern_mining,2026-03-19T13:59:00,2,465,78,2,0.99609375,0.017853565514087677,0.0,0.04304767586290836,0.04304767586290836,0.0,5,5,0.004172235727310181,0.0,0.00013253185898065567,0.0,0.0
ham18_pattern_mining,2026-03-19T13:59:00,2,466,78,3,1.0,0.028278503566980362,0.0,0.03897013142704964,0.03897013142704964,0.0,5,5,0.0037700561806559563,0.0,0.00012695696204900742,0.0,0.0
ham18_pattern_mining,2026-03-19T13:59:01,2,467,78,4,0.98828125,0.05363041162490845,0.0,0.04179113078862429,0.04179113078862429,0.0,5,5,0.0040344432927668095,0.0,0.0001446697860956192,0.0,0.0
ham18_pattern_mining,2026-03-19T13:59:01,2,468,78,5,1.0,0.03480519726872444,0.0,0.04216666333377361,0.04216666333377361,0.0,5,5,0.004118198063224554,0.0,9.846827015280724e-05,0.0,0.0
ham18_pattern_mining,2026-03-19T13:59:04,3,463,78,0,1.0,0.007525056600570679,0.0,0.2049632091075182,0.2049632091075182,0.0,5,5,0.020010221283882856,0.0,0.00048609962686896324,0.0,0.0
ham18_pattern_mining,2026-03-19T13:59:04,3,464,78,1,0.99609375,0.032131362706422806,0.0,0.07856858428567648,0.07856858428567648,0.0,5,5,0.007653200067579746,0.0,0.0002036583609879017,0.0,0.0
ham18_pattern_mining,2026-03-19T13:59:04,3,465,78,2,0.984375,0.029470857232809067,0.0,0.03931645303964615,0.03931645303964615,0.0,5,5,0.0038008540868759155,0.0,0.00013079121708869934,0.0,0.0
ham18_pattern_mining,2026-03-19T13:59:04,3,466,78,3,0.98828125,0.04291703924536705,0.0,0.039515793323516846,0.039515793323516846,0.0,5,5,0.0038221091963350773,0.0,0.00012947013601660728,0.0,0.0
ham18_pattern_mining,2026-03-19T13:59:05,3,467,78,4,1.0,0.015129165723919868,0.0,0.04294050857424736,0.04294050857424736,0.0,5,5,0.004147817846387625,0.0,0.00014623301103711128,0.0,0.0
ham18_pattern_mining,2026-03-19T13:59:06,3,468,78,5,0.5,0.48333171010017395,0.0,0.04478082060813904,0.04478082060813904,0.0,5,5,0.0043580313213169575,0.0,0.00012005073949694633,0.0,0.0
ham18_pattern_mining,2026-03-19T13:59:08,4,463,78,0,1.0,0.010420494712889194,0.0,0.14474553056061268,0.14474553056061268,0.0,5,5,0.014173286966979504,0.0,0.0003012660890817642,0.0,0.0
ham18_pattern_mining,2026-03-19T13:59:08,4,464,78,1,0.98828125,0.04367779940366745,0.0,0.04502628929913044,0.04502628929913044,0.0,5,5,0.004358306061476469,0.0,0.00014432286843657494,0.0,0.0
ham18_pattern_mining,2026-03-19T13:59:08,4,465,78,2,1.0,0.017403390258550644,0.0,0.044878735207021236,0.044878735207021236,0.0,5,5,0.004342411179095507,0.0,0.00014546234160661697,0.0,0.0
ham18_pattern_mining,2026-03-19T13:59:08,4,466,78,3,0.9765625,0.06156688183546066,0.0,0.03925056662410498,0.03925056662410498,0.0,5,5,0.003795277327299118,0.0,0.00012977933511137962,0.0,0.0
ham18_pattern_mining,2026-03-19T13:59:10,4,467,78,4,0.9921875,0.03924814611673355,0.0,0.043115708976984024,0.043115708976984024,0.0,5,5,0.004165539983659983,0.0,0.00014603091403841972,0.0,0.0
ham18_pattern_mining,2026-03-19T13:59:10,4,468,78,5,0.0,5.350942611694336,0.0,0.04452561028301716,0.04452561028301716,0.0,5,5,0.004347437992691994,0.0,0.00010512303560972214,0.0,0.0
ham18_pattern_mining,2026-03-19T13:59:17,0,469,79,0,1.0,0.010474479757249355,0.0,0.14580186922103167,0.14580186922103167,0.0,5,5,0.014256821945309639,0.0,0.0003233649767935276,0.0,0.0
ham18_pattern_mining,2026-03-19T13:59:17,0,470,79,1,0.984375,0.05431658774614334,0.0,0.04169013351202011,0.04169013351202011,0.0,5,5,0.004030057229101658,0.0,0.00013895612210035324,0.0,0.0
ham18_pattern_mining,2026-03-19T13:59:17,0,471,79,2,0.9921875,0.023897837847471237,0.0,0.04225740674883127,0.04225740674883127,0.0,5,5,0.004085894674062729,0.0,0.00013984600082039833,0.0,0.0
ham18_pattern_mining,2026-03-19T13:59:17,0,472,79,3,0.97265625,0.054222673177719116,0.0,0.04018159117549658,0.04018159117549658,0.0,5,5,0.003884986974298954,0.0,0.0001331721432507038,0.0,0.0
ham18_pattern_mining,2026-03-19T13:59:18,0,473,79,4,0.97265625,0.07033327221870422,0.0,0.04420055076479912,0.04420055076479912,0.0,5,5,0.004271221347153187,0.0,0.000148833729326725,0.0,0.0
ham18_pattern_mining,2026-03-19T13:59:18,0,474,79,5,1.0,0.31974801421165466,0.0,0.04609661176800728,0.04609661176800728,0.0,5,5,0.004504085052758455,0.0,0.00010557612404227257,0.0,0.0
ham18_pattern_mining,2026-03-19T13:59:21,1,469,79,0,1.0,0.014767458662390709,0.0,0.13722341042011976,0.13722341042011976,0.0,5,5,0.013433448038995266,0.0,0.0002888930030167103,0.0,0.0
ham18_pattern_mining,2026-03-19T13:59:21,1,470,79,1,1.0,0.020537806674838066,0.0,0.04994194954633713,0.04994194954633713,0.0,5,5,0.0048421709798276424,0.0,0.00015202397480607033,0.0,0.0
ham18_pattern_mining,2026-03-19T13:59:21,1,471,79,2,0.99609375,0.042427413165569305,0.0,0.033153342083096504,0.033153342083096504,0.0,5,5,0.0032001021318137646,0.0,0.00011523207649588585,0.0,0.0
ham18_pattern_mining,2026-03-19T13:59:21,1,472,79,3,0.99609375,0.038764119148254395,0.0,0.03319188021123409,0.03319188021123409,0.0,5,5,0.0032005198299884796,0.0,0.00011866819113492966,0.0,0.0
ham18_pattern_mining,2026-03-19T13:59:22,1,473,79,4,0.9921875,0.03120705485343933,0.0,0.03390775993466377,0.03390775993466377,0.0,5,5,0.00326119689270854,0.0,0.0001295791007578373,0.0,0.0
ham18_pattern_mining,2026-03-19T13:59:22,1,474,79,5,0.5,4.576493740081787,0.0,0.03416007850319147,0.03416007850319147,0.0,5,5,0.0033149556256830692,0.0,0.00010105222463607788,0.0,0.0
ham18_pattern_mining,2026-03-19T13:59:25,2,469,79,0,1.0,0.006866456940770149,0.0,0.1315217325463891,0.1315217325463891,0.0,5,5,0.012895985972136259,0.0,0.0002561872825026512,0.0,0.0
ham18_pattern_mining,2026-03-19T13:59:25,2,470,79,1,0.98828125,0.05147930979728699,0.0,0.03439516294747591,0.03439516294747591,0.0,5,5,0.003315430134534836,0.0,0.0001240861602127552,0.0,0.0
ham18_pattern_mining,2026-03-19T13:59:25,2,471,79,2,1.0,0.016736911609768867,0.0,0.03358063753694296,0.03358063753694296,0.0,5,5,0.003237685654312372,0.0,0.00012037809938192368,0.0,0.0
ham18_pattern_mining,2026-03-19T13:59:26,2,472,79,3,0.99609375,0.014217907562851906,0.0,0.030990038067102432,0.030990038067102432,0.0,5,5,0.0029913289472460747,0.0,0.00010767485946416855,0.0,0.0
ham18_pattern_mining,2026-03-19T13:59:26,2,473,79,4,0.984375,0.06753501296043396,0.0,0.03422511275857687,0.03422511275857687,0.0,5,5,0.003291776403784752,0.0,0.0001307348720729351,0.0,0.0
ham18_pattern_mining,2026-03-19T13:59:26,2,474,79,5,0.5,3.0306313037872314,0.0,0.030629374086856842,0.030629374086856842,0.0,5,5,0.0029830923303961754,0.0,7.984507828950882e-05,0.0,0.0
ham18_pattern_mining,2026-03-19T13:59:29,3,469,79,0,1.0,0.008721204474568367,0.0,0.14873683918267488,0.14873683918267488,0.0,5,5,0.014564516954123974,0.0,0.00030916696414351463,0.0,0.0
ham18_pattern_mining,2026-03-19T13:59:29,3,470,79,1,0.9921875,0.03316821530461311,0.0,0.04050993826240301,0.04050993826240301,0.0,5,5,0.003916725050657988,0.0,0.00013426877558231354,0.0,0.0
ham18_pattern_mining,2026-03-19T13:59:29,3,471,79,2,0.9921875,0.044133879244327545,0.0,0.036550150252878666,0.036550150252878666,0.0,5,5,0.003520566038787365,0.0,0.00013444898650050163,0.0,0.0
ham18_pattern_mining,2026-03-19T13:59:29,3,472,79,3,0.9921875,0.036418650299310684,0.0,0.03391497768461704,0.03391497768461704,0.0,5,5,0.0032738931477069855,0.0,0.00011760462075471878,0.0,0.0
ham18_pattern_mining,2026-03-19T13:59:30,3,473,79,4,0.99609375,0.026019034907221794,0.0,0.034404625184834,0.034404625184834,0.0,5,5,0.003312275279313326,0.0,0.00012818723917007446,0.0,0.0
ham18_pattern_mining,2026-03-19T13:59:30,3,474,79,5,0.5,1.3254956007003784,0.0,0.035037859342992306,0.035037859342992306,0.0,5,5,0.003398790955543518,0.0,0.00010499497875571251,0.0,0.0
ham18_pattern_mining,2026-03-19T13:59:33,4,469,79,0,1.0,0.007754534482955933,0.0,0.17983560916036367,0.17983560916036367,0.0,5,5,0.017617202829569578,0.0,0.00036635808646678925,0.0,0.0
ham18_pattern_mining,2026-03-19T13:59:33,4,470,79,1,0.99609375,0.013241657055914402,0.0,0.053322501480579376,0.053322501480579376,0.0,5,5,0.0051764631643891335,0.0,0.00015578698366880417,0.0,0.0
ham18_pattern_mining,2026-03-19T13:59:33,4,471,79,2,1.0,0.011438919231295586,0.0,0.04183849319815636,0.04183849319815636,0.0,5,5,0.0040459539741277695,0.0,0.0001378953456878662,0.0,0.0
ham18_pattern_mining,2026-03-19T13:59:33,4,472,79,3,0.99609375,0.02032482996582985,0.0,0.040364651940763,0.040364651940763,0.0,5,5,0.0039007901214063168,0.0,0.0001356750726699829,0.0,0.0
ham18_pattern_mining,2026-03-19T13:59:34,4,473,79,4,1.0,0.016720112413167953,0.0,0.04359738901257515,0.04359738901257515,0.0,5,5,0.004214783199131489,0.0,0.00014495570212602615,0.0,0.0
ham18_pattern_mining,2026-03-19T13:59:34,4,474,79,5,1.0,0.009233392775058746,0.0,0.044597433879971504,0.044597433879971504,0.0,5,5,0.004352928139269352,0.0,0.00010681524872779846,0.0,0.0
ham18_pattern_mining,2026-03-19T13:59:41,0,475,80,0,1.0,0.004390126094222069,0.0,0.12408801820129156,0.12408801820129156,0.0,5,5,0.012159022968262434,0.0,0.0002497788518667221,0.0,0.0
ham18_pattern_mining,2026-03-19T13:59:41,0,476,80,1,0.99609375,0.01985481008887291,0.0,0.04165261052548885,0.04165261052548885,0.0,5,5,0.004023814108222723,0.0,0.00014144694432616234,0.0,0.0
ham18_pattern_mining,2026-03-19T13:59:41,0,477,80,2,0.9921875,0.04719550907611847,0.0,0.04123189952224493,0.04123189952224493,0.0,5,5,0.003980779089033604,0.0,0.00014241086319088936,0.0,0.0
ham18_pattern_mining,2026-03-19T13:59:41,0,478,80,3,0.9921875,0.03080705553293228,0.0,0.04117303993552923,0.04117303993552923,0.0,5,5,0.003981681074947119,0.0,0.00013562291860580444,0.0,0.0
ham18_pattern_mining,2026-03-19T13:59:43,0,479,80,4,1.0,0.013291331008076668,0.0,0.042216479778289795,0.042216479778289795,0.0,5,5,0.004075582139194012,0.0,0.0001460658386349678,0.0,0.0
ham18_pattern_mining,2026-03-19T13:59:43,0,480,80,5,0.5,2.4407434463500977,0.0,0.0457631703466177,0.0457631703466177,0.0,5,5,0.004476442001760006,0.0,9.987503290176392e-05,0.0,0.0
ham18_pattern_mining,2026-03-19T13:59:45,1,475,80,0,1.0,0.012733904644846916,0.0,0.1320697320625186,0.1320697320625186,0.0,5,5,0.012902745045721531,0.0,0.00030422816053032875,0.0,0.0
ham18_pattern_mining,2026-03-19T13:59:45,1,476,80,1,0.9765625,0.09598103165626526,0.0,0.042770011350512505,0.042770011350512505,0.0,5,5,0.00413028197363019,0.0,0.00014671916142106056,0.0,0.0
ham18_pattern_mining,2026-03-19T13:59:45,1,477,80,2,0.98046875,0.06597121059894562,0.0,0.04095626063644886,0.04095626063644886,0.0,5,5,0.003960418980568647,0.0,0.00013520708307623863,0.0,0.0
ham18_pattern_mining,2026-03-19T13:59:45,1,478,80,3,0.9921875,0.025298181921243668,0.0,0.038997819647192955,0.038997819647192955,0.0,5,5,0.003772175870835781,0.0,0.0001276060938835144,0.0,0.0
ham18_pattern_mining,2026-03-19T13:59:47,1,479,80,4,0.984375,0.03664390742778778,0.0,0.04208463244140148,0.04208463244140148,0.0,5,5,0.004056236241012812,0.0,0.0001522270031273365,0.0,0.0
ham18_pattern_mining,2026-03-19T13:59:47,1,480,80,5,0.5,0.49151915311813354,0.0,0.043025845661759377,0.043025845661759377,0.0,5,5,0.004179517738521099,0.0,0.00012306682765483856,0.0,0.0
ham18_pattern_mining,2026-03-19T13:59:49,2,475,80,0,1.0,0.005909592378884554,0.0,0.12691094540059566,0.12691094540059566,0.0,5,5,0.012454592622816563,0.0,0.00023650191724300385,0.0,0.0
ham18_pattern_mining,2026-03-19T13:59:50,2,476,80,1,0.98046875,0.04874161630868912,0.0,0.04704620689153671,0.04704620689153671,0.0,5,5,0.004558883607387543,0.0,0.00014573708176612854,0.0,0.0
ham18_pattern_mining,2026-03-19T13:59:50,2,477,80,2,0.99609375,0.015039825811982155,0.0,0.04273178055882454,0.04273178055882454,0.0,5,5,0.004127752035856247,0.0,0.00014542602002620697,0.0,0.0
ham18_pattern_mining,2026-03-19T13:59:50,2,478,80,3,0.9921875,0.02701820805668831,0.0,0.04236732143908739,0.04236732143908739,0.0,5,5,0.004102250095456839,0.0,0.00013448204845190048,0.0,0.0
ham18_pattern_mining,2026-03-19T13:59:51,2,479,80,4,0.98828125,0.04082661122083664,0.0,0.04285807255655527,0.04285807255655527,0.0,5,5,0.004139583092182875,0.0,0.00014622416347265244,0.0,0.0
ham18_pattern_mining,2026-03-19T13:59:51,2,480,80,5,1.0,0.13297109305858612,0.0,0.04659279249608517,0.04659279249608517,0.0,5,5,0.004505047108978033,0.0,0.00015423214063048363,0.0,0.0
ham18_pattern_mining,2026-03-19T13:59:53,3,475,80,0,1.0,0.004856036975979805,0.0,0.15277914702892303,0.15277914702892303,0.0,5,5,0.014964359812438488,0.0,0.00031355489045381546,0.0,0.0
ham18_pattern_mining,2026-03-19T13:59:53,3,476,80,1,0.984375,0.04131728783249855,0.0,0.06881956476718187,0.06881956476718187,0.0,5,5,0.006701817270368338,0.0,0.0001801392063498497,0.0,0.0
ham18_pattern_mining,2026-03-19T13:59:54,3,477,80,2,0.9921875,0.019716370850801468,0.0,0.03673888277262449,0.03673888277262449,0.0,5,5,0.003545755986124277,0.0,0.00012813229113817215,0.0,0.0
ham18_pattern_mining,2026-03-19T13:59:54,3,478,80,3,0.98828125,0.028151340782642365,0.0,0.03463386092334986,0.03463386092334986,0.0,5,5,0.0033363858237862587,0.0,0.00012700026854872704,0.0,0.0
ham18_pattern_mining,2026-03-19T13:59:55,3,479,80,4,0.9921875,0.05134313553571701,0.0,0.033453977666795254,0.033453977666795254,0.0,5,5,0.003220920916646719,0.0,0.0001244768500328064,0.0,0.0
ham18_pattern_mining,2026-03-19T13:59:55,3,480,80,5,0.5,0.40616437792778015,0.0,0.03249152097851038,0.03249152097851038,0.0,5,5,0.0031515262089669704,0.0,9.762588888406754e-05,0.0,0.0
ham18_pattern_mining,2026-03-19T13:59:57,4,475,80,0,1.0,0.0038278410211205482,0.0,0.13694227673113346,0.13694227673113346,0.0,5,5,0.01337491488084197,0.0,0.00031931279227137566,0.0,0.0
ham18_pattern_mining,2026-03-19T13:59:57,4,476,80,1,1.0,0.013166388496756554,0.0,0.04928384907543659,0.04928384907543659,0.0,5,5,0.004776967689394951,0.0,0.00015141721814870834,0.0,0.0
ham18_pattern_mining,2026-03-19T13:59:58,4,477,80,2,1.0,0.0069696130231022835,0.0,0.04135938361287117,0.04135938361287117,0.0,5,5,0.003996914252638817,0.0,0.00013902410864830017,0.0,0.0
ham18_pattern_mining,2026-03-19T13:59:58,4,478,80,3,0.99609375,0.014397937804460526,0.0,0.04307734780013561,0.04307734780013561,0.0,5,5,0.004170916974544525,0.0,0.0001368178054690361,0.0,0.0
ham18_pattern_mining,2026-03-19T13:59:59,4,479,80,4,0.99609375,0.027819544076919556,0.0,0.041960268281400204,0.041960268281400204,0.0,5,5,0.004052763804793358,0.0,0.00014326302334666252,0.0,0.0
ham18_pattern_mining,2026-03-19T13:59:59,4,480,80,5,1.0,0.008465240709483624,0.0,0.04622654989361763,0.04622654989361763,0.0,5,5,0.004496295005083084,0.0,0.0001263599842786789,0.0,0.0
ham18_pattern_mining,2026-03-19T14:00:06,0,481,81,0,1.0,0.0049834162928164005,0.0,0.23702207952737808,0.23702207952737808,0.0,5,5,0.023129950743168592,0.0,0.0005722572095692158,0.0,0.0
ham18_pattern_mining,2026-03-19T14:00:06,0,482,81,1,0.99609375,0.020434081554412842,0.0,0.06016762927174568,0.06016762927174568,0.0,5,5,0.005833729635924101,0.0,0.0001830332912504673,0.0,0.0
ham18_pattern_mining,2026-03-19T14:00:06,0,483,81,2,0.99609375,0.01776971109211445,0.0,0.042086727917194366,0.042086727917194366,0.0,5,5,0.00406881608068943,0.0,0.0001398567110300064,0.0,0.0
ham18_pattern_mining,2026-03-19T14:00:06,0,484,81,3,0.9921875,0.02976522594690323,0.0,0.040518613532185555,0.040518613532185555,0.0,5,5,0.003915658686310053,0.0,0.00013620266690850258,0.0,0.0
ham18_pattern_mining,2026-03-19T14:00:07,0,485,81,4,1.0,0.020404301583766937,0.0,0.04302879795432091,0.04302879795432091,0.0,5,5,0.004159620031714439,0.0,0.00014325976371765137,0.0,0.0
ham18_pattern_mining,2026-03-19T14:00:07,0,486,81,5,1.0,0.2673320472240448,0.0,0.04472300410270691,0.04472300410270691,0.0,5,5,0.00437318766489625,0.0,9.911274537444115e-05,0.0,0.0
ham18_pattern_mining,2026-03-19T14:00:10,1,481,81,0,1.0,0.016672879457473755,0.0,0.16907311510294676,0.16907311510294676,0.0,5,5,0.016568855848163366,0.0,0.0003384556621313095,0.0,0.0
ham18_pattern_mining,2026-03-19T14:00:10,1,482,81,1,0.9921875,0.018943969160318375,0.0,0.04705071449279785,0.04705071449279785,0.0,5,5,0.004549701232463121,0.0,0.00015537021681666374,0.0,0.0
ham18_pattern_mining,2026-03-19T14:00:10,1,483,81,2,0.96875,0.08953569084405899,0.0,0.04288232885301113,0.04288232885301113,0.0,5,5,0.0041379318572580814,0.0,0.0001503010280430317,0.0,0.0
ham18_pattern_mining,2026-03-19T14:00:10,1,484,81,3,0.9765625,0.09689764678478241,0.0,0.040915473364293575,0.040915473364293575,0.0,5,5,0.003958790097385645,0.0,0.00013275723904371262,0.0,0.0
ham18_pattern_mining,2026-03-19T14:00:11,1,485,81,4,0.98828125,0.04626663774251938,0.0,0.0423746882006526,0.0423746882006526,0.0,5,5,0.004092718940228224,0.0,0.00014474987983703613,0.0,0.0
ham18_pattern_mining,2026-03-19T14:00:11,1,486,81,5,0.5,1.3561499118804932,0.0,0.04203963093459606,0.04203963093459606,0.0,5,5,0.004107810091227293,0.0,9.615300223231316e-05,0.0,0.0
ham18_pattern_mining,2026-03-19T14:00:14,2,481,81,0,1.0,0.00656856456771493,0.0,0.13549268245697021,0.13549268245697021,0.0,5,5,0.013247643131762743,0.0,0.0003016251139342785,0.0,0.0
ham18_pattern_mining,2026-03-19T14:00:14,2,482,81,1,0.984375,0.037969671189785004,0.0,0.04823165945708752,0.04823165945708752,0.0,5,5,0.004670587833970785,0.0,0.00015257811173796654,0.0,0.0
ham18_pattern_mining,2026-03-19T14:00:14,2,483,81,2,0.99609375,0.02260233461856842,0.0,0.03380168695002794,0.03380168695002794,0.0,5,5,0.0032633929513394833,0.0,0.000116775743663311,0.0,0.0
ham18_pattern_mining,2026-03-19T14:00:14,2,484,81,3,0.99609375,0.024131417274475098,0.0,0.032935552299022675,0.032935552299022675,0.0,5,5,0.0031735962256789207,0.0,0.00011995900422334671,0.0,0.0
ham18_pattern_mining,2026-03-19T14:00:15,2,485,81,4,0.98046875,0.05056501179933548,0.0,0.03392443060874939,0.03392443060874939,0.0,5,5,0.0032685790210962296,0.0,0.0001238640397787094,0.0,0.0
ham18_pattern_mining,2026-03-19T14:00:15,2,486,81,5,1.0,0.03764268010854721,0.0,0.0342368520796299,0.0342368520796299,0.0,5,5,0.0033437558449804783,0.0,7.992936298251152e-05,0.0,0.0
ham18_pattern_mining,2026-03-19T14:00:18,3,481,81,0,0.99609375,0.01225673221051693,0.0,0.1498524146154523,0.1498524146154523,0.0,5,5,0.01466126274317503,0.0,0.0003239787183701992,0.0,0.0
ham18_pattern_mining,2026-03-19T14:00:18,3,482,81,1,0.99609375,0.0169901791960001,0.0,0.05413996987044811,0.05413996987044811,0.0,5,5,0.005268564913421869,0.0,0.00014543207362294197,0.0,0.0
ham18_pattern_mining,2026-03-19T14:00:18,3,483,81,2,0.984375,0.037786006927490234,0.0,0.041271853260695934,0.041271853260695934,0.0,5,5,0.003987908363342285,0.0,0.00013927696272730827,0.0,0.0
ham18_pattern_mining,2026-03-19T14:00:18,3,484,81,3,0.99609375,0.05588598549365997,0.0,0.04068493377417326,0.04068493377417326,0.0,5,5,0.003933797124773264,0.0,0.00013469625264406204,0.0,0.0
ham18_pattern_mining,2026-03-19T14:00:19,3,485,81,4,0.9765625,0.06196743994951248,0.0,0.042436616495251656,0.042436616495251656,0.0,5,5,0.004098639823496342,0.0,0.00014502182602882385,0.0,0.0
ham18_pattern_mining,2026-03-19T14:00:19,3,486,81,5,0.0,3.9109530448913574,0.0,0.04388212226331234,0.04388212226331234,0.0,5,5,0.004271139390766621,0.0,0.00011707283556461334,0.0,0.0
ham18_pattern_mining,2026-03-19T14:00:22,4,481,81,0,1.0,0.009088728576898575,0.0,0.2353209350258112,0.2353209350258112,0.0,5,5,0.02301117731258273,0.0,0.0005209161899983883,0.0,0.0
ham18_pattern_mining,2026-03-19T14:00:22,4,482,81,1,0.99609375,0.012618997134268284,0.0,0.07655089255422354,0.07655089255422354,0.0,5,5,0.007442445028573275,0.0,0.00021264422684907913,0.0,0.0
ham18_pattern_mining,2026-03-19T14:00:22,4,483,81,2,0.99609375,0.020065799355506897,0.0,0.04209024365991354,0.04209024365991354,0.0,5,5,0.0040612430311739445,0.0,0.00014778133481740952,0.0,0.0
ham18_pattern_mining,2026-03-19T14:00:22,4,484,81,3,0.99609375,0.022070646286010742,0.0,0.047865952365100384,0.047865952365100384,0.0,5,5,0.004587946925312281,0.0,0.00019864831119775772,0.0,0.0
ham18_pattern_mining,2026-03-19T14:00:23,4,485,81,4,0.99609375,0.01652771234512329,0.0,0.043118540197610855,0.043118540197610855,0.0,5,5,0.004167396109551191,0.0,0.00014445791020989418,0.0,0.0
ham18_pattern_mining,2026-03-19T14:00:23,4,486,81,5,0.0,6.551103115081787,0.0,0.044784839265048504,0.044784839265048504,0.0,5,5,0.0043562366627156734,0.0,0.00012224726378917694,0.0,0.0
ham18_pattern_mining,2026-03-19T14:00:30,0,487,82,0,1.0,0.006244382355362177,0.0,0.12687613256275654,0.12687613256275654,0.0,5,5,0.012435562908649445,0.0,0.00025205034762620926,0.0,0.0
ham18_pattern_mining,2026-03-19T14:00:30,0,488,82,1,0.99609375,0.020505186170339584,0.0,0.042646247893571854,0.042646247893571854,0.0,5,5,0.004117920994758606,0.0,0.0001467037945985794,0.0,0.0
ham18_pattern_mining,2026-03-19T14:00:30,0,489,82,2,0.99609375,0.016875997185707092,0.0,0.04163650330156088,0.04163650330156088,0.0,5,5,0.004029340110719204,0.0,0.00013431021943688393,0.0,0.0
ham18_pattern_mining,2026-03-19T14:00:31,0,490,82,3,0.984375,0.04197850078344345,0.0,0.04030657932162285,0.04030657932162285,0.0,5,5,0.0038956599310040474,0.0,0.00013499800115823746,0.0,0.0
ham18_pattern_mining,2026-03-19T14:00:32,0,491,82,4,0.99609375,0.02057364583015442,0.0,0.04302752669900656,0.04302752669900656,0.0,5,5,0.004138866905122995,0.0,0.00016388576477766037,0.0,0.0
ham18_pattern_mining,2026-03-19T14:00:32,0,492,82,5,1.0,0.09129097312688828,0.0,0.04550458397716284,0.04550458397716284,0.0,5,5,0.004414105787873268,0.0,0.00013635260984301567,0.0,0.0
ham18_pattern_mining,2026-03-19T14:00:34,1,487,82,0,1.0,0.006904806010425091,0.0,0.17248991411179304,0.17248991411179304,0.0,5,5,0.01685941219329834,0.0,0.0003895792178809643,0.0,0.0
ham18_pattern_mining,2026-03-19T14:00:34,1,488,82,1,0.98828125,0.03584839776158333,0.0,0.05040804389864206,0.05040804389864206,0.0,5,5,0.004886341281235218,0.0,0.00015446310862898827,0.0,0.0
ham18_pattern_mining,2026-03-19T14:00:34,1,489,82,2,0.9765625,0.054659925401210785,0.0,0.0405589584261179,0.0405589584261179,0.0,5,5,0.003918991889804602,0.0,0.00013690395280718803,0.0,0.0
ham18_pattern_mining,2026-03-19T14:00:34,1,490,82,3,0.99609375,0.022036802023649216,0.0,0.0393169978633523,0.0393169978633523,0.0,5,5,0.0038009891286492348,0.0,0.0001307106576859951,0.0,0.0
ham18_pattern_mining,2026-03-19T14:00:36,1,491,82,4,0.984375,0.04039715230464935,0.0,0.042066192254424095,0.042066192254424095,0.0,5,5,0.004062984138727188,0.0,0.0001436350867152214,0.0,0.0
ham18_pattern_mining,2026-03-19T14:00:36,1,492,82,5,0.5,0.7221872210502625,0.0,0.04380014259368181,0.04380014259368181,0.0,5,5,0.0042695109732449055,0.0,0.00011050328612327576,0.0,0.0
ham18_pattern_mining,2026-03-19T14:00:38,2,487,82,0,1.0,0.006523908115923405,0.0,0.1324062468484044,0.1324062468484044,0.0,5,5,0.012992129661142826,0.0,0.00024849502369761467,0.0,0.0
ham18_pattern_mining,2026-03-19T14:00:38,2,488,82,1,1.0,0.013174096122384071,0.0,0.04109032917767763,0.04109032917767763,0.0,5,5,0.003959466237574816,0.0,0.0001495666801929474,0.0,0.0
ham18_pattern_mining,2026-03-19T14:00:39,2,489,82,2,0.99609375,0.016670050099492073,0.0,0.04192228429019451,0.04192228429019451,0.0,5,5,0.004049626179039478,0.0,0.00014260224997997284,0.0,0.0
ham18_pattern_mining,2026-03-19T14:00:39,2,490,82,3,1.0,0.01255717407912016,0.0,0.040324931032955647,0.040324931032955647,0.0,5,5,0.0038965451531112194,0.0,0.00013594795018434525,0.0,0.0
ham18_pattern_mining,2026-03-19T14:00:40,2,491,82,4,0.9921875,0.030840642750263214,0.0,0.034581045620143414,0.034581045620143414,0.0,5,5,0.003329348284751177,0.0,0.00012875627726316452,0.0,0.0
ham18_pattern_mining,2026-03-19T14:00:40,2,492,82,5,1.0,0.23011654615402222,0.0,0.03504489082843065,0.03504489082843065,0.0,5,5,0.003405722789466381,0.0,9.876629337668419e-05,0.0,0.0
ham18_pattern_mining,2026-03-19T14:00:42,3,487,82,0,1.0,0.005875622387975454,0.0,0.1333125913515687,0.1333125913515687,0.0,5,5,0.01308934623375535,0.0,0.00024191290140151978,0.0,0.0
ham18_pattern_mining,2026-03-19T14:00:42,3,488,82,1,0.99609375,0.022094763815402985,0.0,0.04208925645798445,0.04208925645798445,0.0,5,5,0.004065435845404863,0.0,0.0001434898003935814,0.0,0.0
ham18_pattern_mining,2026-03-19T14:00:43,3,489,82,2,0.99609375,0.013490495271980762,0.0,0.041653625667095184,0.041653625667095184,0.0,5,5,0.004025461617857218,0.0,0.00013990094885230064,0.0,0.0
ham18_pattern_mining,2026-03-19T14:00:43,3,490,82,3,0.99609375,0.01969940960407257,0.0,0.04008788149803877,0.04008788149803877,0.0,5,5,0.0038787298835814,0.0,0.00013005826622247696,0.0,0.0
ham18_pattern_mining,2026-03-19T14:00:44,3,491,82,4,0.9921875,0.034566253423690796,0.0,0.04266472067683935,0.04266472067683935,0.0,5,5,0.004119707737118006,0.0,0.0001467643305659294,0.0,0.0
ham18_pattern_mining,2026-03-19T14:00:44,3,492,82,5,0.5,2.084380865097046,0.0,0.04488650243729353,0.04488650243729353,0.0,5,5,0.004370352253317833,0.0,0.00011829799041152,0.0,0.0
ham18_pattern_mining,2026-03-19T14:00:46,4,487,82,0,1.0,0.005796642974019051,0.0,0.21821360103785992,0.21821360103785992,0.0,5,5,0.021320071071386337,0.0,0.0005012890323996544,0.0,0.0
ham18_pattern_mining,2026-03-19T14:00:46,4,488,82,1,0.99609375,0.02121008187532425,0.0,0.06367499940097332,0.06367499940097332,0.0,5,5,0.006185656879097223,0.0,0.00018184306100010872,0.0,0.0
ham18_pattern_mining,2026-03-19T14:00:47,4,489,82,2,1.0,0.01639871671795845,0.0,0.041984543204307556,0.041984543204307556,0.0,5,5,0.00405748700723052,0.0,0.00014096731320023537,0.0,0.0
ham18_pattern_mining,2026-03-19T14:00:47,4,490,82,3,0.99609375,0.02239549160003662,0.0,0.041151661425828934,0.041151661425828934,0.0,5,5,0.0039734989404678345,0.0,0.0001416672021150589,0.0,0.0
ham18_pattern_mining,2026-03-19T14:00:48,4,491,82,4,0.98828125,0.03586583584547043,0.0,0.04295523278415203,0.04295523278415203,0.0,5,5,0.00414790865033865,0.0,0.00014761462807655334,0.0,0.0
ham18_pattern_mining,2026-03-19T14:00:48,4,492,82,5,1.0,0.009225714951753616,0.0,0.046811820939183235,0.046811820939183235,0.0,5,5,0.004556172993034124,0.0,0.00012500910088419914,0.0,0.0
ham18_pattern_mining,2026-03-19T14:00:54,0,493,83,0,1.0,0.004652440082281828,0.0,0.14325275551527739,0.14325275551527739,0.0,5,5,0.014000408817082644,0.0,0.00032486673444509506,0.0,0.0
ham18_pattern_mining,2026-03-19T14:00:55,0,494,83,1,1.0,0.016713514924049377,0.0,0.05221946630626917,0.05221946630626917,0.0,5,5,0.005073463078588247,0.0,0.00014848355203866959,0.0,0.0
ham18_pattern_mining,2026-03-19T14:00:55,0,495,83,2,1.0,0.007563548628240824,0.0,0.0476758973672986,0.0476758973672986,0.0,5,5,0.004601154942065477,0.0,0.00016643479466438293,0.0,0.0
ham18_pattern_mining,2026-03-19T14:00:55,0,496,83,3,0.9921875,0.038779258728027344,0.0,0.040843021124601364,0.040843021124601364,0.0,5,5,0.003947169054299593,0.0,0.00013713305816054344,0.0,0.0
ham18_pattern_mining,2026-03-19T14:00:56,0,497,83,4,0.9921875,0.04175426810979843,0.0,0.04235925152897835,0.04235925152897835,0.0,5,5,0.00409336993470788,0.0,0.00014255521818995476,0.0,0.0
ham18_pattern_mining,2026-03-19T14:00:56,0,498,83,5,1.0,0.01575300097465515,0.0,0.04650161135941744,0.04650161135941744,0.0,5,5,0.004526734352111816,0.0,0.00012342678382992744,0.0,0.0
ham18_pattern_mining,2026-03-19T14:00:58,1,493,83,0,1.0,0.005182779394090176,0.0,0.1279124617576599,0.1279124617576599,0.0,5,5,0.01253009494394064,0.0,0.0002611512318253517,0.0,0.0
ham18_pattern_mining,2026-03-19T14:00:59,1,494,83,1,0.9921875,0.033016353845596313,0.0,0.044371504336595535,0.044371504336595535,0.0,5,5,0.0042831567116081715,0.0,0.00015399372205138206,0.0,0.0
ham18_pattern_mining,2026-03-19T14:00:59,1,495,83,2,1.0,0.014416426420211792,0.0,0.043868948705494404,0.043868948705494404,0.0,5,5,0.004237540997564793,0.0,0.00014935387298464775,0.0,0.0
ham18_pattern_mining,2026-03-19T14:00:59,1,496,83,3,0.9921875,0.03296922892332077,0.0,0.04078739322721958,0.04078739322721958,0.0,5,5,0.003943255171179771,0.0,0.00013548415154218674,0.0,0.0
ham18_pattern_mining,2026-03-19T14:01:00,1,497,83,4,0.984375,0.04508434236049652,0.0,0.0424504280090332,0.0424504280090332,0.0,5,5,0.004103031009435654,0.0,0.00014201179146766663,0.0,0.0
ham18_pattern_mining,2026-03-19T14:01:00,1,498,83,5,1.0,0.025795266032218933,0.0,0.044761933386325836,0.044761933386325836,0.0,5,5,0.004354596138000488,0.0,0.00012159720063209534,0.0,0.0
ham18_pattern_mining,2026-03-19T14:01:03,2,493,83,0,1.0,0.0054907239973545074,0.0,0.14398025814443827,0.14398025814443827,0.0,5,5,0.014064181596040726,0.0,0.00033384421840310097,0.0,0.0
ham18_pattern_mining,2026-03-19T14:01:03,2,494,83,1,0.9921875,0.017449140548706055,0.0,0.04796172957867384,0.04796172957867384,0.0,5,5,0.004647433757781982,0.0,0.00014873920008540154,0.0,0.0
ham18_pattern_mining,2026-03-19T14:01:03,2,495,83,2,0.9921875,0.026769161224365234,0.0,0.04649647977203131,0.04649647977203131,0.0,5,5,0.00450047617778182,0.0,0.00014917179942131042,0.0,0.0
ham18_pattern_mining,2026-03-19T14:01:03,2,496,83,3,1.0,0.0209578238427639,0.0,0.04132519010454416,0.04132519010454416,0.0,5,5,0.0039999159052968025,0.0,0.00013260310515761375,0.0,0.0
ham18_pattern_mining,2026-03-19T14:01:04,2,497,83,4,0.98828125,0.0307251438498497,0.0,0.04240608308464289,0.04240608308464289,0.0,5,5,0.004093540366739035,0.0,0.00014706794172525406,0.0,0.0
ham18_pattern_mining,2026-03-19T14:01:04,2,498,83,5,0.5,2.1659798622131348,0.0,0.045537129044532776,0.045537129044532776,0.0,5,5,0.0044303759932518005,0.0,0.00012333691120147705,0.0,0.0
ham18_pattern_mining,2026-03-19T14:01:07,3,493,83,0,1.0,0.0034880335442721844,0.0,0.207348158583045,0.207348158583045,0.0,5,5,0.020293253008276224,0.0,0.00044156285002827644,0.0,0.0
ham18_pattern_mining,2026-03-19T14:01:07,3,494,83,1,0.98046875,0.05022171884775162,0.0,0.05688886158168316,0.05688886158168316,0.0,5,5,0.00552144693210721,0.0,0.00016743922606110573,0.0,0.0
ham18_pattern_mining,2026-03-19T14:01:07,3,495,83,2,0.9921875,0.02570066973567009,0.0,0.04171828739345074,0.04171828739345074,0.0,5,5,0.004035437013953924,0.0,0.00013639172539114952,0.0,0.0
ham18_pattern_mining,2026-03-19T14:01:07,3,496,83,3,1.0,0.02181241661310196,0.0,0.04116863012313843,0.04116863012313843,0.0,5,5,0.003978719003498554,0.0,0.00013814400881528854,0.0,0.0
ham18_pattern_mining,2026-03-19T14:01:08,3,497,83,4,0.98828125,0.04545033723115921,0.0,0.04231785889714956,0.04231785889714956,0.0,5,5,0.004086943808943033,0.0,0.00014484208077192307,0.0,0.0
ham18_pattern_mining,2026-03-19T14:01:08,3,498,83,5,1.0,0.05184987187385559,0.0,0.04475580062717199,0.04475580062717199,0.0,5,5,0.004367154091596603,0.0,0.00010842597112059593,0.0,0.0
ham18_pattern_mining,2026-03-19T14:01:11,4,493,83,0,1.0,0.0031268217135220766,0.0,0.15140661969780922,0.15140661969780922,0.0,5,5,0.014827148988842964,0.0,0.00031351298093795776,0.0,0.0
ham18_pattern_mining,2026-03-19T14:01:11,4,494,83,1,0.9921875,0.02801334857940674,0.0,0.05030012223869562,0.05030012223869562,0.0,5,5,0.004889036063104868,0.0,0.00014097616076469421,0.0,0.0
ham18_pattern_mining,2026-03-19T14:01:11,4,495,83,2,1.0,0.006972640752792358,0.0,0.04153614863753319,0.04153614863753319,0.0,5,5,0.004016913939267397,0.0,0.00013670092448592186,0.0,0.0
ham18_pattern_mining,2026-03-19T14:01:11,4,496,83,3,0.98828125,0.04823868349194527,0.0,0.041967579163610935,0.041967579163610935,0.0,5,5,0.004055860918015242,0.0,0.0001408969983458519,0.0,0.0
ham18_pattern_mining,2026-03-19T14:01:12,4,497,83,4,0.984375,0.037786953151226044,0.0,0.06769571453332901,0.06769571453332901,0.0,5,5,0.006579098291695118,0.0,0.00019047316163778305,0.0,0.0
ham18_pattern_mining,2026-03-19T14:01:12,4,498,83,5,1.0,0.006846895441412926,0.0,0.045239850878715515,0.045239850878715515,0.0,5,5,0.004415350034832954,0.0,0.00010863505303859711,0.0,0.0
ham18_pattern_mining,2026-03-19T14:01:19,0,499,84,0,1.0,0.004394350573420525,0.0,0.14241730328649282,0.14241730328649282,0.0,5,5,0.013926205225288868,0.0,0.0003155251033604145,0.0,0.0
ham18_pattern_mining,2026-03-19T14:01:19,0,500,84,1,1.0,0.005935774650424719,0.0,0.045007672160863876,0.045007672160863876,0.0,5,5,0.004334098193794489,0.0,0.00016666902229189873,0.0,0.0
ham18_pattern_mining,2026-03-19T14:01:19,0,501,84,2,0.99609375,0.01390807144343853,0.0,0.041827294044196606,0.041827294044196606,0.0,5,5,0.004034281242638826,0.0,0.0001484481617808342,0.0,0.0
ham18_pattern_mining,2026-03-19T14:01:19,0,502,84,3,0.984375,0.035594407469034195,0.0,0.04205621313303709,0.04205621313303709,0.0,5,5,0.004069691989570856,0.0,0.00013592932373285294,0.0,0.0
ham18_pattern_mining,2026-03-19T14:01:21,0,503,84,4,0.984375,0.03713662922382355,0.0,0.04269674886018038,0.04269674886018038,0.0,5,5,0.004120701923966408,0.0,0.00014897296205163002,0.0,0.0
ham18_pattern_mining,2026-03-19T14:01:21,0,504,84,5,1.0,0.014361745677888393,0.0,0.04704542923718691,0.04704542923718691,0.0,5,5,0.004577182698994875,0.0,0.00012736022472381592,0.0,0.0
ham18_pattern_mining,2026-03-19T14:01:23,1,499,84,0,1.0,0.007540013641119003,0.0,0.24719208478927612,0.24719208478927612,0.0,5,5,0.0241709821857512,0.0,0.0005482262931764126,0.0,0.0
ham18_pattern_mining,2026-03-19T14:01:23,1,500,84,1,0.99609375,0.015413373708724976,0.0,0.05839348305016756,0.05839348305016756,0.0,5,5,0.005660270340740681,0.0,0.00017907796427607536,0.0,0.0
ham18_pattern_mining,2026-03-19T14:01:23,1,501,84,2,0.99609375,0.015431990846991539,0.0,0.04057998303323984,0.04057998303323984,0.0,5,5,0.003920263145118952,0.0,0.00013773515820503235,0.0,0.0
ham18_pattern_mining,2026-03-19T14:01:23,1,502,84,3,1.0,0.011417081579566002,0.0,0.04099690355360508,0.04099690355360508,0.0,5,5,0.003950539045035839,0.0,0.00014915131032466888,0.0,0.0
ham18_pattern_mining,2026-03-19T14:01:25,1,503,84,4,0.984375,0.03660482540726662,0.0,0.042874752543866634,0.042874752543866634,0.0,5,5,0.004142290912568569,0.0,0.00014518434181809425,0.0,0.0
ham18_pattern_mining,2026-03-19T14:01:25,1,504,84,5,0.5,0.6942707300186157,0.0,0.044868020340800285,0.044868020340800285,0.0,5,5,0.004364046733826399,0.0,0.00012275530025362968,0.0,0.0
ham18_pattern_mining,2026-03-19T14:01:27,2,499,84,0,1.0,0.009239748120307922,0.0,0.24196857120841742,0.24196857120841742,0.0,5,5,0.023616853170096874,0.0,0.0005800039507448673,0.0,0.0
ham18_pattern_mining,2026-03-19T14:01:27,2,500,84,1,0.98828125,0.037800565361976624,0.0,0.05710178054869175,0.05710178054869175,0.0,5,5,0.005517507903277874,0.0,0.00019267015159130096,0.0,0.0
ham18_pattern_mining,2026-03-19T14:01:27,2,501,84,2,0.99609375,0.015519652515649796,0.0,0.041757822036743164,0.041757822036743164,0.0,5,5,0.0040271650068461895,0.0,0.0001486171968281269,0.0,0.0
ham18_pattern_mining,2026-03-19T14:01:27,2,502,84,3,0.99609375,0.01210884191095829,0.0,0.040743048302829266,0.040743048302829266,0.0,5,5,0.0039255376905202866,0.0,0.00014876713976264,0.0,0.0
ham18_pattern_mining,2026-03-19T14:01:29,2,503,84,4,0.984375,0.05334530770778656,0.0,0.04305414389818907,0.04305414389818907,0.0,5,5,0.00415751663967967,0.0,0.00014789775013923645,0.0,0.0
ham18_pattern_mining,2026-03-19T14:01:29,2,504,84,5,0.5,1.9715642929077148,0.0,0.04762394819408655,0.04762394819408655,0.0,5,5,0.004634050186723471,0.0,0.00012834463268518448,0.0,0.0
ham18_pattern_mining,2026-03-19T14:01:31,3,499,84,0,0.99609375,0.014243109151721,0.0,0.16993276309221983,0.16993276309221983,0.0,5,5,0.016577540896832943,0.0,0.00041573541238904,0.0,0.0
ham18_pattern_mining,2026-03-19T14:01:31,3,500,84,1,0.9921875,0.029726533219218254,0.0,0.047316886484622955,0.047316886484622955,0.0,5,5,0.004581457003951073,0.0,0.00015023164451122284,0.0,0.0
ham18_pattern_mining,2026-03-19T14:01:32,3,501,84,2,1.0,0.006787491030991077,0.0,0.04182450007647276,0.04182450007647276,0.0,5,5,0.004034529905766249,0.0,0.00014792010188102722,0.0,0.0
ham18_pattern_mining,2026-03-19T14:01:32,3,502,84,3,1.0,0.00416532950475812,0.0,0.04070497117936611,0.04070497117936611,0.0,5,5,0.003933455795049667,0.0,0.00013704132288694382,0.0,0.0
ham18_pattern_mining,2026-03-19T14:01:33,3,503,84,4,0.99609375,0.015423550270497799,0.0,0.04458511248230934,0.04458511248230934,0.0,5,5,0.004170739091932774,0.0,0.00028777215629816055,0.0,0.0
ham18_pattern_mining,2026-03-19T14:01:33,3,504,84,5,1.0,0.1468253880739212,0.0,0.04579126834869385,0.04579126834869385,0.0,5,5,0.004438033793121576,0.0,0.00014109304174780846,0.0,0.0
ham18_pattern_mining,2026-03-19T14:01:35,4,499,84,0,1.0,0.004447077866643667,0.0,0.148371122777462,0.148371122777462,0.0,5,5,0.014530756045132875,0.0,0.0003063562326133251,0.0,0.0
ham18_pattern_mining,2026-03-19T14:01:35,4,500,84,1,0.98046875,0.04464130848646164,0.0,0.05069100297987461,0.05069100297987461,0.0,5,5,0.004900345113128424,0.0,0.0001687551848590374,0.0,0.0
ham18_pattern_mining,2026-03-19T14:01:35,4,501,84,2,1.0,0.01596969924867153,0.0,0.0418517692014575,0.0418517692014575,0.0,5,5,0.0040509458631277084,0.0,0.0001342310570180416,0.0,0.0
ham18_pattern_mining,2026-03-19T14:01:36,4,502,84,3,0.98828125,0.04444776847958565,0.0,0.041675991378724575,0.041675991378724575,0.0,5,5,0.004030901938676834,0.0,0.0001366971991956234,0.0,0.0
ham18_pattern_mining,2026-03-19T14:01:37,4,503,84,4,0.9921875,0.034836698323488235,0.0,0.04299060441553593,0.04299060441553593,0.0,5,5,0.004149062093347311,0.0,0.00014999834820628166,0.0,0.0
ham18_pattern_mining,2026-03-19T14:01:37,4,504,84,5,1.0,0.007183674722909927,0.0,0.04684397950768471,0.04684397950768471,0.0,5,5,0.004550327081233263,0.0,0.00013407086953520775,0.0,0.0
ham18_pattern_mining,2026-03-19T14:01:43,0,505,85,0,1.0,0.004131916910409927,0.0,0.22527609020471573,0.22527609020471573,0.0,5,5,0.02201214898377657,0.0,0.0005154600366950035,0.0,0.0
ham18_pattern_mining,2026-03-19T14:01:43,0,506,85,1,0.98046875,0.028730854392051697,0.0,0.06314932834357023,0.06314932834357023,0.0,5,5,0.006129764951765537,0.0,0.00018516788259148598,0.0,0.0
ham18_pattern_mining,2026-03-19T14:01:43,0,507,85,2,1.0,0.013925628736615181,0.0,0.045706345699727535,0.045706345699727535,0.0,5,5,0.004418917931616306,0.0,0.00015171663835644722,0.0,0.0
ham18_pattern_mining,2026-03-19T14:01:44,0,508,85,3,0.9921875,0.038575977087020874,0.0,0.0415833480656147,0.0415833480656147,0.0,5,5,0.004020424094051123,0.0,0.00013791071251034737,0.0,0.0
ham18_pattern_mining,2026-03-19T14:01:45,0,509,85,4,0.99609375,0.02448870986700058,0.0,0.04276060964912176,0.04276060964912176,0.0,5,5,0.00411840807646513,0.0,0.00015765288844704628,0.0,0.0
ham18_pattern_mining,2026-03-19T14:01:45,0,510,85,5,0.5,0.5936622023582458,0.0,0.04496673122048378,0.04496673122048378,0.0,5,5,0.004361856263130903,0.0,0.00013481685891747475,0.0,0.0
ham18_pattern_mining,2026-03-19T14:01:47,1,505,85,0,1.0,0.005628907587379217,0.0,0.1516861654818058,0.1516861654818058,0.0,5,5,0.014818354975432158,0.0,0.0003502615727484226,0.0,0.0
ham18_pattern_mining,2026-03-19T14:01:47,1,506,85,1,0.99609375,0.019900020211935043,0.0,0.05162721034139395,0.05162721034139395,0.0,5,5,0.005004374776035547,0.0,0.0001583462581038475,0.0,0.0
ham18_pattern_mining,2026-03-19T14:01:47,1,507,85,2,1.0,0.009905528277158737,0.0,0.042898221872746944,0.042898221872746944,0.0,5,5,0.004143073223531246,0.0,0.00014674896374344826,0.0,0.0
ham18_pattern_mining,2026-03-19T14:01:48,1,508,85,3,1.0,0.014550089836120605,0.0,0.04146974999457598,0.04146974999457598,0.0,5,5,0.0040003168396651745,0.0,0.00014665815979242325,0.0,0.0
ham18_pattern_mining,2026-03-19T14:01:49,1,509,85,4,0.984375,0.041379302740097046,0.0,0.04363213665783405,0.04363213665783405,0.0,5,5,0.004214197862893343,0.0,0.00014901580289006233,0.0,0.0
ham18_pattern_mining,2026-03-19T14:01:49,1,510,85,5,1.0,0.023453326895833015,0.0,0.04500656854361296,0.04500656854361296,0.0,5,5,0.004373624920845032,0.0,0.00012703193351626396,0.0,0.0
ham18_pattern_mining,2026-03-19T14:01:51,2,505,85,0,1.0,0.009100792929530144,0.0,0.13543305918574333,0.13543305918574333,0.0,5,5,0.01323906984180212,0.0,0.000304236076772213,0.0,0.0
ham18_pattern_mining,2026-03-19T14:01:51,2,506,85,1,1.0,0.008033432066440582,0.0,0.04439139738678932,0.04439139738678932,0.0,5,5,0.00428796699270606,0.0,0.00015117274597287178,0.0,0.0
ham18_pattern_mining,2026-03-19T14:01:51,2,507,85,2,0.984375,0.04632391408085823,0.0,0.040030479431152344,0.040030479431152344,0.0,5,5,0.0038668280467391014,0.0,0.00013621989637613297,0.0,0.0
ham18_pattern_mining,2026-03-19T14:01:52,2,508,85,3,0.9921875,0.020214255899190903,0.0,0.040572560392320156,0.040572560392320156,0.0,5,5,0.0039207711815834045,0.0,0.00013648485764861107,0.0,0.0
ham18_pattern_mining,2026-03-19T14:01:53,2,509,85,4,0.98046875,0.05458112061023712,0.0,0.04216688685119152,0.04216688685119152,0.0,5,5,0.004071008879691362,0.0,0.0001456798054277897,0.0,0.0
ham18_pattern_mining,2026-03-19T14:01:53,2,510,85,5,0.5,1.2814058065414429,0.0,0.04599826876074076,0.04599826876074076,0.0,5,5,0.0044636488892138,0.0,0.00013617798686027527,0.0,0.0
ham18_pattern_mining,2026-03-19T14:01:55,3,505,85,0,0.99609375,0.008140080608427525,0.0,0.21599670872092247,0.21599670872092247,0.0,5,5,0.021089578978717327,0.0,0.0005100918933749199,0.0,0.0
ham18_pattern_mining,2026-03-19T14:01:55,3,506,85,1,1.0,0.013322239741683006,0.0,0.05599468480795622,0.05599468480795622,0.0,5,5,0.0054462202824652195,0.0,0.00015324819833040237,0.0,0.0
ham18_pattern_mining,2026-03-19T14:01:56,3,507,85,2,0.9921875,0.028377529233694077,0.0,0.040981960482895374,0.040981960482895374,0.0,5,5,0.003963130060583353,0.0,0.0001350659877061844,0.0,0.0
ham18_pattern_mining,2026-03-19T14:01:56,3,508,85,3,0.984375,0.045690350234508514,0.0,0.0410199211910367,0.0410199211910367,0.0,5,5,0.003967172000557184,0.0,0.0001348201185464859,0.0,0.0
ham18_pattern_mining,2026-03-19T14:01:57,3,509,85,4,0.99609375,0.04509062319993973,0.0,0.04244023468345404,0.04244023468345404,0.0,5,5,0.004100589081645012,0.0,0.00014343438670039177,0.0,0.0
ham18_pattern_mining,2026-03-19T14:01:57,3,510,85,5,0.0,6.752732753753662,0.0,0.04580551292747259,0.04580551292747259,0.0,5,5,0.004453378263860941,0.0,0.0001271730288863182,0.0,0.0
ham18_pattern_mining,2026-03-19T14:01:59,4,505,85,0,1.0,0.002682134974747896,0.0,0.18483756575733423,0.18483756575733423,0.0,5,5,0.018087228294461966,0.0,0.00039652828127145767,0.0,0.0
ham18_pattern_mining,2026-03-19T14:01:59,4,506,85,1,0.99609375,0.02024809643626213,0.0,0.052872239612042904,0.052872239612042904,0.0,5,5,0.005122399888932705,0.0,0.00016482407227158546,0.0,0.0
ham18_pattern_mining,2026-03-19T14:01:59,4,507,85,2,1.0,0.019198134541511536,0.0,0.04202953074127436,0.04202953074127436,0.0,5,5,0.00406043604016304,0.0,0.00014251703396439552,0.0,0.0
ham18_pattern_mining,2026-03-19T14:02:00,4,508,85,3,0.98828125,0.029962211847305298,0.0,0.04193828906863928,0.04193828906863928,0.0,5,5,0.004053403157740831,0.0,0.00014042574912309647,0.0,0.0
ham18_pattern_mining,2026-03-19T14:02:01,4,509,85,4,1.0,0.013644728809595108,0.0,0.04265155643224716,0.04265155643224716,0.0,5,5,0.0041182078421115875,0.0,0.00014694780111312866,0.0,0.0
ham18_pattern_mining,2026-03-19T14:02:01,4,510,85,5,1.0,0.008445263840258121,0.0,0.046037156134843826,0.046037156134843826,0.0,5,5,0.004475601017475128,0.0,0.00012811459600925446,0.0,0.0
ham18_pattern_mining,2026-03-19T14:02:08,0,511,86,0,1.0,0.0048085832968354225,0.0,0.1423544343560934,0.1423544343560934,0.0,5,5,0.013916367664933205,0.0,0.000319075770676136,0.0,0.0
ham18_pattern_mining,2026-03-19T14:02:08,0,512,86,1,0.984375,0.08511005342006683,0.0,0.049265618436038494,0.049265618436038494,0.0,5,5,0.00476897694170475,0.0,0.00015758490189909935,0.0,0.0
ham18_pattern_mining,2026-03-19T14:02:08,0,513,86,2,0.99609375,0.016281733289361,0.0,0.041165370494127274,0.041165370494127274,0.0,5,5,0.003979464992880821,0.0,0.00013707205653190613,0.0,0.0
ham18_pattern_mining,2026-03-19T14:02:08,0,514,86,3,1.0,0.02512771263718605,0.0,0.04160829819738865,0.04160829819738865,0.0,5,5,0.004020398948341608,0.0,0.00014043087139725685,0.0,0.0
ham18_pattern_mining,2026-03-19T14:02:10,0,515,86,4,0.99609375,0.018829021602869034,0.0,0.04233120009303093,0.04233120009303093,0.0,5,5,0.004082441795617342,0.0,0.00015067821368575096,0.0,0.0
ham18_pattern_mining,2026-03-19T14:02:10,0,516,86,5,1.0,0.04453446716070175,0.0,0.044394233264029026,0.044394233264029026,0.0,5,5,0.0042977100238204,0.0,0.00014171330258250237,0.0,0.0
ham18_pattern_mining,2026-03-19T14:02:12,1,511,86,0,1.0,0.0047833602875471115,0.0,0.16966365277767181,0.16966365277767181,0.0,5,5,0.016582106240093708,0.0,0.00038425903767347336,0.0,0.0
ham18_pattern_mining,2026-03-19T14:02:12,1,512,86,1,0.984375,0.06410083919763565,0.0,0.0519245769828558,0.0519245769828558,0.0,5,5,0.00503272982314229,0.0,0.00015972787514328957,0.0,0.0
ham18_pattern_mining,2026-03-19T14:02:12,1,513,86,2,1.0,0.0099693788215518,0.0,0.040540448389947414,0.040540448389947414,0.0,5,5,0.003907972946763039,0.0,0.0001460718922317028,0.0,0.0
ham18_pattern_mining,2026-03-19T14:02:12,1,514,86,3,0.984375,0.08096921443939209,0.0,0.03943189512938261,0.03943189512938261,0.0,5,5,0.0038131121546030045,0.0,0.00013007735833525658,0.0,0.0
ham18_pattern_mining,2026-03-19T14:02:14,1,515,86,4,0.9921875,0.03421182930469513,0.0,0.04228760488331318,0.04228760488331318,0.0,5,5,0.0040763677097857,0.0,0.00015239277854561806,0.0,0.0
ham18_pattern_mining,2026-03-19T14:02:14,1,516,86,5,0.5,2.1509315967559814,0.0,0.04696528892964125,0.04696528892964125,0.0,5,5,0.004560553003102541,0.0,0.0001359758898615837,0.0,0.0
ham18_pattern_mining,2026-03-19T14:02:16,2,511,86,0,1.0,0.005900630261749029,0.0,0.18658589106053114,0.18658589106053114,0.0,5,5,0.018282095901668072,0.0,0.0003764932043850422,0.0,0.0
ham18_pattern_mining,2026-03-19T14:02:17,2,512,86,1,0.99609375,0.013861177489161491,0.0,0.07819677237421274,0.07819677237421274,0.0,5,5,0.0075914328917860985,0.0,0.0002282443456351757,0.0,0.0
ham18_pattern_mining,2026-03-19T14:02:17,2,513,86,2,0.99609375,0.021744105964899063,0.0,0.053061400540173054,0.053061400540173054,0.0,5,5,0.005146244075149298,0.0,0.00015989597886800766,0.0,0.0
ham18_pattern_mining,2026-03-19T14:02:17,2,514,86,3,0.99609375,0.030564632266759872,0.0,0.0403109285980463,0.0403109285980463,0.0,5,5,0.0038974876515567303,0.0,0.0001336052082479,0.0,0.0
ham18_pattern_mining,2026-03-19T14:02:18,2,515,86,4,0.9921875,0.025313585996627808,0.0,0.04239726811647415,0.04239726811647415,0.0,5,5,0.004092773888260126,0.0,0.00014695292338728905,0.0,0.0
ham18_pattern_mining,2026-03-19T14:02:18,2,516,86,5,1.0,0.06614788621664047,0.0,0.04701008554548025,0.04701008554548025,0.0,5,5,0.004584620241075754,0.0,0.00011638831347227097,0.0,0.0
ham18_pattern_mining,2026-03-19T14:02:20,3,511,86,0,1.0,0.005533475894480944,0.0,0.2582396985962987,0.2582396985962987,0.0,5,5,0.025298493914306164,0.0,0.0005254759453237057,0.0,0.0
ham18_pattern_mining,2026-03-19T14:02:20,3,512,86,1,0.99609375,0.025871150195598602,0.0,0.056119728833436966,0.056119728833436966,0.0,5,5,0.0054372260347008705,0.0,0.00017474684864282608,0.0,0.0
ham18_pattern_mining,2026-03-19T14:02:21,3,513,86,2,0.99609375,0.016368210315704346,0.0,0.040955618023872375,0.040955618023872375,0.0,5,5,0.0039597610011696815,0.0,0.000135800801217556,0.0,0.0
ham18_pattern_mining,2026-03-19T14:02:21,3,514,86,3,1.0,0.01727771759033203,0.0,0.041353595443069935,0.041353595443069935,0.0,5,5,0.004004317801445723,0.0,0.0001310417428612709,0.0,0.0
ham18_pattern_mining,2026-03-19T14:02:22,3,515,86,4,0.99609375,0.027924899011850357,0.0,0.043042819015681744,0.043042819015681744,0.0,5,5,0.004154692869633436,0.0,0.00014958903193473816,0.0,0.0
ham18_pattern_mining,2026-03-19T14:02:22,3,516,86,5,1.0,0.02650231122970581,0.0,0.04611684009432793,0.04611684009432793,0.0,5,5,0.004494506865739822,0.0,0.00011717714369297028,0.0,0.0
ham18_pattern_mining,2026-03-19T14:02:24,4,511,86,0,1.0,0.004138791933655739,0.0,0.23855183739215136,0.23855183739215136,0.0,5,5,0.023333475925028324,0.0,0.0005217078141868114,0.0,0.0
ham18_pattern_mining,2026-03-19T14:02:25,4,512,86,1,1.0,0.008371912874281406,0.0,0.07197738625109196,0.07197738625109196,0.0,5,5,0.0069806878454983234,0.0,0.00021705077961087227,0.0,0.0
ham18_pattern_mining,2026-03-19T14:02:25,4,513,86,2,1.0,0.010774258524179459,0.0,0.03927531652152538,0.03927531652152538,0.0,5,5,0.0037923860363662243,0.0,0.000135145615786314,0.0,0.0
ham18_pattern_mining,2026-03-19T14:02:25,4,514,86,3,0.9765625,0.05695667117834091,0.0,0.03958952613174915,0.03958952613174915,0.0,5,5,0.0038295467384159565,0.0,0.00012940587475895882,0.0,0.0
ham18_pattern_mining,2026-03-19T14:02:26,4,515,86,4,0.99609375,0.019771039485931396,0.0,0.04138594958931208,0.04138594958931208,0.0,5,5,0.003997939173132181,0.0,0.0001406557857990265,0.0,0.0
ham18_pattern_mining,2026-03-19T14:02:26,4,516,86,5,1.0,0.008496091701090336,0.0,0.04549753852188587,0.04549753852188587,0.0,5,5,0.0044304789043962955,0.0,0.00011927494779229164,0.0,0.0
ham18_pattern_mining,2026-03-19T14:02:33,0,517,87,0,0.99609375,0.010048704221844673,0.0,0.16921543516218662,0.16921543516218662,0.0,5,5,0.01654320675879717,0.0,0.00037833675742149353,0.0,0.0
ham18_pattern_mining,2026-03-19T14:02:33,0,518,87,1,1.0,0.010934635996818542,0.0,0.05672377999871969,0.05672377999871969,0.0,5,5,0.005494276061654091,0.0,0.00017810193821787834,0.0,0.0
ham18_pattern_mining,2026-03-19T14:02:33,0,519,87,2,0.99609375,0.01754515990614891,0.0,0.04214019514620304,0.04214019514620304,0.0,5,5,0.004077664110809565,0.0,0.00013635540381073952,0.0,0.0
ham18_pattern_mining,2026-03-19T14:02:33,0,520,87,3,0.984375,0.05010253190994263,0.0,0.04035961348563433,0.04035961348563433,0.0,5,5,0.003903485368937254,0.0,0.00013247597962617874,0.0,0.0
ham18_pattern_mining,2026-03-19T14:02:35,0,521,87,4,0.9921875,0.020236698910593987,0.0,0.04164203070104122,0.04164203070104122,0.0,5,5,0.004007899202406406,0.0,0.00015630386769771576,0.0,0.0
ham18_pattern_mining,2026-03-19T14:02:35,0,522,87,5,1.0,0.04601683467626572,0.0,0.044889580458402634,0.044889580458402634,0.0,5,5,0.004371894057840109,0.0,0.0001170639880001545,0.0,0.0
ham18_pattern_mining,2026-03-19T14:02:37,1,517,87,0,1.0,0.003849929664283991,0.0,0.21508738864213228,0.21508738864213228,0.0,5,5,0.021046935115009546,0.0,0.00046180374920368195,0.0,0.0
ham18_pattern_mining,2026-03-19T14:02:37,1,518,87,1,0.99609375,0.019912393763661385,0.0,0.05342697724699974,0.05342697724699974,0.0,5,5,0.005185994785279036,0.0,0.0001567029394209385,0.0,0.0
ham18_pattern_mining,2026-03-19T14:02:37,1,519,87,2,0.99609375,0.015490364283323288,0.0,0.04245076794177294,0.04245076794177294,0.0,5,5,0.004107160028070211,0.0,0.00013791676610708237,0.0,0.0
ham18_pattern_mining,2026-03-19T14:02:37,1,520,87,3,0.99609375,0.01447240263223648,0.0,0.04054086282849312,0.04054086282849312,0.0,5,5,0.003918669186532497,0.0,0.00013541709631681442,0.0,0.0
ham18_pattern_mining,2026-03-19T14:02:39,1,521,87,4,0.97265625,0.061476726084947586,0.0,0.04192439839243889,0.04192439839243889,0.0,5,5,0.004043872002512217,0.0,0.0001485678367316723,0.0,0.0
ham18_pattern_mining,2026-03-19T14:02:39,1,522,87,5,0.5,0.8278163075447083,0.0,0.04474389832466841,0.04474389832466841,0.0,5,5,0.00435542082414031,0.0,0.00011896900832653046,0.0,0.0
ham18_pattern_mining,2026-03-19T14:02:42,2,517,87,0,1.0,0.004580740816891193,0.0,0.18575396854430437,0.18575396854430437,0.0,5,5,0.018204074818640947,0.0,0.00037132203578948975,0.0,0.0
ham18_pattern_mining,2026-03-19T14:02:42,2,518,87,1,1.0,0.015345311723649502,0.0,0.0656578317284584,0.0656578317284584,0.0,5,5,0.0063935378566384315,0.0,0.0001722453162074089,0.0,0.0
ham18_pattern_mining,2026-03-19T14:02:42,2,519,87,2,1.0,0.009774789214134216,0.0,0.038204630836844444,0.038204630836844444,0.0,5,5,0.003700345754623413,0.0,0.00012011732906103134,0.0,0.0
ham18_pattern_mining,2026-03-19T14:02:42,2,520,87,3,0.99609375,0.017568722367286682,0.0,0.03767977934330702,0.03767977934330702,0.0,5,5,0.0036522159352898598,0.0,0.00011576199904084206,0.0,0.0
ham18_pattern_mining,2026-03-19T14:02:44,2,521,87,4,0.99609375,0.026397906243801117,0.0,0.041612633503973484,0.041612633503973484,0.0,5,5,0.004018621053546667,0.0,0.0001426422968506813,0.0,0.0
ham18_pattern_mining,2026-03-19T14:02:44,2,522,87,5,0.5,1.4120404720306396,0.0,0.045898472890257835,0.045898472890257835,0.0,5,5,0.0044750249944627285,0.0,0.00011482229456305504,0.0,0.0
ham18_pattern_mining,2026-03-19T14:02:46,3,517,87,0,1.0,0.0020379466004669666,0.0,0.20251394715160131,0.20251394715160131,0.0,5,5,0.01981903100386262,0.0,0.00043236371129751205,0.0,0.0
ham18_pattern_mining,2026-03-19T14:02:46,3,518,87,1,0.99609375,0.024196799844503403,0.0,0.060618738643825054,0.060618738643825054,0.0,5,5,0.005885038059204817,0.0,0.0001768358051776886,0.0,0.0
ham18_pattern_mining,2026-03-19T14:02:46,3,519,87,2,1.0,0.003640164854004979,0.0,0.04029559902846813,0.04029559902846813,0.0,5,5,0.003887163009494543,0.0,0.00014239689335227013,0.0,0.0
ham18_pattern_mining,2026-03-19T14:02:46,3,520,87,3,0.98828125,0.030041925609111786,0.0,0.03931392915546894,0.03931392915546894,0.0,5,5,0.0038030152209103107,0.0,0.00012837769463658333,0.0,0.0
ham18_pattern_mining,2026-03-19T14:02:48,3,521,87,4,0.98046875,0.15079903602600098,0.0,0.041697071865200996,0.041697071865200996,0.0,5,5,0.004029321018606424,0.0,0.0001403861679136753,0.0,0.0
ham18_pattern_mining,2026-03-19T14:02:48,3,522,87,5,0.5,0.7247469425201416,0.0,0.045456201769411564,0.045456201769411564,0.0,5,5,0.004426192957907915,0.0,0.00011942721903324127,0.0,0.0
ham18_pattern_mining,2026-03-19T14:02:50,4,517,87,0,1.0,0.0060387905687093735,0.0,0.1705577690154314,0.1705577690154314,0.0,5,5,0.016669397708028555,0.0,0.0003863791935145855,0.0,0.0
ham18_pattern_mining,2026-03-19T14:02:51,4,518,87,1,0.99609375,0.016233202069997787,0.0,0.07937505841255188,0.07937505841255188,0.0,5,5,0.00770688196644187,0.0,0.00023062387481331825,0.0,0.0
ham18_pattern_mining,2026-03-19T14:02:51,4,519,87,2,1.0,0.011384718120098114,0.0,0.04511193837970495,0.04511193837970495,0.0,5,5,0.0043701427057385445,0.0,0.00014105113223195076,0.0,0.0
ham18_pattern_mining,2026-03-19T14:02:51,4,520,87,3,1.0,0.007828116416931152,0.0,0.03811194561421871,0.03811194561421871,0.0,5,5,0.0036936779506504536,0.0,0.00011751661077141762,0.0,0.0
ham18_pattern_mining,2026-03-19T14:02:52,4,521,87,4,0.98828125,0.03663066774606705,0.0,0.04219605587422848,0.04219605587422848,0.0,5,5,0.004066426306962967,0.0,0.00015317928045988083,0.0,0.0
ham18_pattern_mining,2026-03-19T14:02:52,4,522,87,5,1.0,0.009540440514683723,0.0,0.04632500931620598,0.04632500931620598,0.0,5,5,0.004515429027378559,0.0,0.00011707190424203873,0.0,0.0
ham18_pattern_mining,2026-03-19T14:02:58,0,523,88,0,1.0,0.00239655957557261,0.0,0.19630772527307272,0.19630772527307272,0.0,5,5,0.019174855668097734,0.0,0.0004559168592095375,0.0,0.0
ham18_pattern_mining,2026-03-19T14:02:58,0,524,88,1,0.99609375,0.013390835374593735,0.0,0.050996746867895126,0.050996746867895126,0.0,5,5,0.004923360887914896,0.0,0.00017631379887461662,0.0,0.0
ham18_pattern_mining,2026-03-19T14:02:58,0,525,88,2,1.0,0.008596221916377544,0.0,0.039421687833964825,0.039421687833964825,0.0,5,5,0.0038133556954562664,0.0,0.00012881308794021606,0.0,0.0
ham18_pattern_mining,2026-03-19T14:02:58,0,526,88,3,0.98046875,0.06297410279512405,0.0,0.039636148139834404,0.039636148139834404,0.0,5,5,0.0038361321203410625,0.0,0.00012748269364237785,0.0,0.0
ham18_pattern_mining,2026-03-19T14:03:00,0,527,88,4,0.98828125,0.026068687438964844,0.0,0.04202665761113167,0.04202665761113167,0.0,5,5,0.004047011025249958,0.0,0.00015565473586320877,0.0,0.0
ham18_pattern_mining,2026-03-19T14:03:00,0,528,88,5,0.5,2.9191832542419434,0.0,0.04158470779657364,0.04158470779657364,0.0,5,5,0.004042000975459814,0.0,0.00011646980419754982,0.0,0.0
ham18_pattern_mining,2026-03-19T14:03:02,1,523,88,0,0.99609375,0.008874139748513699,0.0,0.19270514138042927,0.19270514138042927,0.0,5,5,0.01881203008815646,0.0,0.00045848404988646507,0.0,0.0
ham18_pattern_mining,2026-03-19T14:03:02,1,524,88,1,0.97265625,0.0893489196896553,0.0,0.06954433862119913,0.06954433862119913,0.0,5,5,0.006759010720998049,0.0,0.00019542314112186432,0.0,0.0
ham18_pattern_mining,2026-03-19T14:03:02,1,525,88,2,0.99609375,0.013176612555980682,0.0,0.04077954217791557,0.04077954217791557,0.0,5,5,0.00393547210842371,0.0,0.00014248210936784744,0.0,0.0
ham18_pattern_mining,2026-03-19T14:03:02,1,526,88,3,0.98828125,0.057729534804821014,0.0,0.040147299878299236,0.040147299878299236,0.0,5,5,0.003880050964653492,0.0,0.00013467902317643166,0.0,0.0
ham18_pattern_mining,2026-03-19T14:03:04,1,527,88,4,0.98828125,0.08182506263256073,0.0,0.04163864068686962,0.04163864068686962,0.0,5,5,0.004022106993943453,0.0,0.0001417570747435093,0.0,0.0
ham18_pattern_mining,2026-03-19T14:03:04,1,528,88,5,1.0,0.016580069437623024,0.0,0.04251931793987751,0.04251931793987751,0.0,5,5,0.004142576828598976,0.0,0.00010935496538877487,0.0,0.0
ham18_pattern_mining,2026-03-19T14:03:06,2,523,88,0,1.0,0.0032161776907742023,0.0,0.14180557802319527,0.14180557802319527,0.0,5,5,0.013853170908987522,0.0,0.00032738689333200455,0.0,0.0
ham18_pattern_mining,2026-03-19T14:03:06,2,524,88,1,1.0,0.010465240105986595,0.0,0.04219435155391693,0.04219435155391693,0.0,5,5,0.004071853123605251,0.0,0.0001475820317864418,0.0,0.0
ham18_pattern_mining,2026-03-19T14:03:06,2,525,88,2,1.0,0.019211912527680397,0.0,0.04210179205983877,0.04210179205983877,0.0,5,5,0.004068361129611731,0.0,0.0001418180763721466,0.0,0.0
ham18_pattern_mining,2026-03-19T14:03:07,2,526,88,3,0.99609375,0.017524080350995064,0.0,0.041873068548738956,0.041873068548738956,0.0,5,5,0.004048001021146774,0.0,0.00013930583372712135,0.0,0.0
ham18_pattern_mining,2026-03-19T14:03:08,2,527,88,4,0.99609375,0.014414727687835693,0.0,0.042624049820005894,0.042624049820005894,0.0,5,5,0.00411307392641902,0.0,0.00014933105558156967,0.0,0.0
ham18_pattern_mining,2026-03-19T14:03:08,2,528,88,5,1.0,0.2623993754386902,0.0,0.04348254296928644,0.04348254296928644,0.0,5,5,0.0042184083722531796,0.0,0.00012984592467546463,0.0,0.0
ham18_pattern_mining,2026-03-19T14:03:10,3,523,88,0,1.0,0.00298248790204525,0.0,0.15559081453830004,0.15559081453830004,0.0,5,5,0.015227586030960083,0.0,0.00033149542286992073,0.0,0.0
ham18_pattern_mining,2026-03-19T14:03:10,3,524,88,1,0.99609375,0.02600499615073204,0.0,0.04151019733399153,0.04151019733399153,0.0,5,5,0.00400994997471571,0.0,0.00014106975868344307,0.0,0.0
ham18_pattern_mining,2026-03-19T14:03:10,3,525,88,2,0.99609375,0.017093628644943237,0.0,0.04091413225978613,0.04091413225978613,0.0,5,5,0.003953299950808287,0.0,0.00013811327517032623,0.0,0.0
ham18_pattern_mining,2026-03-19T14:03:10,3,526,88,3,0.99609375,0.012318497523665428,0.0,0.039897370152175426,0.039897370152175426,0.0,5,5,0.003852914087474346,0.0,0.0001368229277431965,0.0,0.0
ham18_pattern_mining,2026-03-19T14:03:12,3,527,88,4,0.99609375,0.020121106877923012,0.0,0.04385242238640785,0.04385242238640785,0.0,5,5,0.004228801932185888,0.0,0.00015644030645489693,0.0,0.0
ham18_pattern_mining,2026-03-19T14:03:12,3,528,88,5,1.0,0.12849706411361694,0.0,0.04330839030444622,0.04330839030444622,0.0,5,5,0.004222922958433628,0.0,0.00010791607201099396,0.0,0.0
ham18_pattern_mining,2026-03-19T14:03:14,4,523,88,0,1.0,0.004085864406079054,0.0,0.18570775166153908,0.18570775166153908,0.0,5,5,0.018139604944735765,0.0,0.0004311702214181423,0.0,0.0
ham18_pattern_mining,2026-03-19T14:03:14,4,524,88,1,0.99609375,0.01439361460506916,0.0,0.055573759600520134,0.055573759600520134,0.0,5,5,0.005397588945925236,0.0,0.00015978701412677765,0.0,0.0
ham18_pattern_mining,2026-03-19T14:03:14,4,525,88,2,0.99609375,0.014229792170226574,0.0,0.04130563233047724,0.04130563233047724,0.0,5,5,0.003997405990958214,0.0,0.00013315724208950996,0.0,0.0
ham18_pattern_mining,2026-03-19T14:03:14,4,526,88,3,1.0,0.008650481700897217,0.0,0.04039667081087828,0.04039667081087828,0.0,5,5,0.0039060148410499096,0.0,0.0001336522400379181,0.0,0.0
ham18_pattern_mining,2026-03-19T14:03:16,4,527,88,4,0.9921875,0.033728115260601044,0.0,0.04597843158990145,0.04597843158990145,0.0,5,5,0.00444341404363513,0.0,0.0001544291153550148,0.0,0.0
ham18_pattern_mining,2026-03-19T14:03:16,4,528,88,5,1.0,0.007980839349329472,0.0,0.045868782326579094,0.045868782326579094,0.0,5,5,0.0044544111005961895,0.0,0.0001324671320617199,0.0,0.0
ham18_pattern_mining,2026-03-19T14:03:23,0,529,89,0,0.99609375,0.008196497336030006,0.0,0.13615590054541826,0.13615590054541826,0.0,5,5,0.013298701029270887,0.0,0.0003168890252709389,0.0,0.0
ham18_pattern_mining,2026-03-19T14:03:23,0,530,89,1,0.9921875,0.03396650403738022,0.0,0.04597321152687073,0.04597321152687073,0.0,5,5,0.004452284891158342,0.0,0.0001450362615287304,0.0,0.0
ham18_pattern_mining,2026-03-19T14:03:23,0,531,89,2,1.0,0.007333502173423767,0.0,0.04113270901143551,0.04113270901143551,0.0,5,5,0.003981518093496561,0.0,0.00013175280764698982,0.0,0.0
ham18_pattern_mining,2026-03-19T14:03:23,0,532,89,3,0.99609375,0.023376034572720528,0.0,0.039797606877982616,0.039797606877982616,0.0,5,5,0.003835448995232582,0.0,0.00014431169256567955,0.0,0.0
ham18_pattern_mining,2026-03-19T14:03:24,0,533,89,4,0.99609375,0.01754772663116455,0.0,0.04045267589390278,0.04045267589390278,0.0,5,5,0.00390969542786479,0.0,0.0001355721615254879,0.0,0.0
ham18_pattern_mining,2026-03-19T14:03:24,0,534,89,5,1.0,0.06591828912496567,0.0,0.04311525262892246,0.04311525262892246,0.0,5,5,0.004194604232907295,0.0,0.00011692102998495102,0.0,0.0
ham18_pattern_mining,2026-03-19T14:03:27,1,529,89,0,1.0,0.003996625542640686,0.0,0.1347035402432084,0.1347035402432084,0.0,5,5,0.013143362011760473,0.0,0.0003269920125603676,0.0,0.0
ham18_pattern_mining,2026-03-19T14:03:27,1,530,89,1,1.0,0.004545913077890873,0.0,0.04094819072633982,0.04094819072633982,0.0,5,5,0.00394476531073451,0.0,0.00015005376189947128,0.0,0.0
ham18_pattern_mining,2026-03-19T14:03:27,1,531,89,2,0.99609375,0.015603550709784031,0.0,0.04042557440698147,0.04042557440698147,0.0,5,5,0.003912967164069414,0.0,0.00012959027662873268,0.0,0.0
ham18_pattern_mining,2026-03-19T14:03:27,1,532,89,3,0.99609375,0.03231043741106987,0.0,0.03941318951547146,0.03941318951547146,0.0,5,5,0.003803547006100416,0.0,0.00013777194544672966,0.0,0.0
ham18_pattern_mining,2026-03-19T14:03:29,1,533,89,4,0.99609375,0.016692033037543297,0.0,0.04186007659882307,0.04186007659882307,0.0,5,5,0.004044821951538324,0.0,0.0001411857083439827,0.0,0.0
ham18_pattern_mining,2026-03-19T14:03:29,1,534,89,5,0.5,0.39452674984931946,0.0,0.04326495807617903,0.04326495807617903,0.0,5,5,0.004214254207909107,0.0,0.00011224159970879555,0.0,0.0
ham18_pattern_mining,2026-03-19T14:03:31,2,529,89,0,0.99609375,0.010930165648460388,0.0,0.1495812414214015,0.1495812414214015,0.0,5,5,0.014635281171649694,0.0,0.00032284297049045563,0.0,0.0
ham18_pattern_mining,2026-03-19T14:03:31,2,530,89,1,1.0,0.01327865943312645,0.0,0.04209923092275858,0.04209923092275858,0.0,5,5,0.004072828218340874,0.0,0.0001370948739349842,0.0,0.0
ham18_pattern_mining,2026-03-19T14:03:31,2,531,89,2,0.98828125,0.055823832750320435,0.0,0.03977807238698006,0.03977807238698006,0.0,5,5,0.0038414071314036846,0.0,0.00013640010729432106,0.0,0.0
ham18_pattern_mining,2026-03-19T14:03:32,2,532,89,3,0.99609375,0.026947487145662308,0.0,0.04032504744827747,0.04032504744827747,0.0,5,5,0.003901237156242132,0.0,0.00013126758858561516,0.0,0.0
ham18_pattern_mining,2026-03-19T14:03:33,2,533,89,4,0.9921875,0.03570995479822159,0.0,0.04177582450211048,0.04177582450211048,0.0,5,5,0.004036350175738335,0.0,0.00014123227447271347,0.0,0.0
ham18_pattern_mining,2026-03-19T14:03:33,2,534,89,5,1.0,0.12011746317148209,0.0,0.04342241212725639,0.04342241212725639,0.0,5,5,0.004231471102684736,0.0,0.00011077011004090309,0.0,0.0
ham18_pattern_mining,2026-03-19T14:03:36,3,529,89,0,1.0,0.0030892856884747744,0.0,0.25601036846637726,0.25601036846637726,0.0,5,5,0.024968828074634075,0.0,0.0006322087720036507,0.0,0.0
ham18_pattern_mining,2026-03-19T14:03:36,3,530,89,1,1.0,0.005027460865676403,0.0,0.06588568445295095,0.06588568445295095,0.0,5,5,0.006402175407856703,0.0,0.00018639303743839264,0.0,0.0
ham18_pattern_mining,2026-03-19T14:03:36,3,531,89,2,0.99609375,0.02471407875418663,0.0,0.040834578685462475,0.040834578685462475,0.0,5,5,0.003937467001378536,0.0,0.00014599086716771126,0.0,0.0
ham18_pattern_mining,2026-03-19T14:03:36,3,532,89,3,0.99609375,0.01993807964026928,0.0,0.04127449356019497,0.04127449356019497,0.0,5,5,0.003990055061876774,0.0,0.00013739429414272308,0.0,0.0
ham18_pattern_mining,2026-03-19T14:03:37,3,533,89,4,1.0,0.009626569226384163,0.0,0.037267948500812054,0.037267948500812054,0.0,5,5,0.0035981577821075916,0.0,0.00012863706797361374,0.0,0.0
ham18_pattern_mining,2026-03-19T14:03:37,3,534,89,5,0.5,2.7762417793273926,0.0,0.03729476127773523,0.03729476127773523,0.0,5,5,0.003597673960030079,0.0,0.00013180216774344444,0.0,0.0
ham18_pattern_mining,2026-03-19T14:03:41,4,529,89,0,1.0,0.0038542209658771753,0.0,0.15333653893321753,0.15333653893321753,0.0,5,5,0.01500407187268138,0.0,0.00032958202064037323,0.0,0.0
ham18_pattern_mining,2026-03-19T14:03:41,4,530,89,1,0.99609375,0.015786215662956238,0.0,0.049540409818291664,0.049540409818291664,0.0,5,5,0.004798354115337133,0.0,0.000155686866492033,0.0,0.0
ham18_pattern_mining,2026-03-19T14:03:41,4,531,89,2,0.9921875,0.021082036197185516,0.0,0.037889061495661736,0.037889061495661736,0.0,5,5,0.0036708982661366463,0.0,0.00011800788342952728,0.0,0.0
ham18_pattern_mining,2026-03-19T14:03:41,4,532,89,3,1.0,0.008291324600577354,0.0,0.036325398832559586,0.036325398832559586,0.0,5,5,0.003494543954730034,0.0,0.00013799592852592468,0.0,0.0
ham18_pattern_mining,2026-03-19T14:03:43,4,533,89,4,1.0,0.008392317220568657,0.0,0.051465253345668316,0.051465253345668316,0.0,5,5,0.004944875370711088,0.0,0.0002016499638557434,0.0,0.0
ham18_pattern_mining,2026-03-19T14:03:43,4,534,89,5,1.0,0.007724888622760773,0.0,0.054697939194738865,0.054697939194738865,0.0,5,5,0.005302338860929012,0.0,0.0001674550585448742,0.0,0.0
ham18_pattern_mining,2026-03-19T14:03:50,0,535,90,0,1.0,0.004189649596810341,0.0,0.15045005828142166,0.15045005828142166,0.0,5,5,0.014685871079564095,0.0,0.0003591347485780716,0.0,0.0
ham18_pattern_mining,2026-03-19T14:03:50,0,536,90,1,0.9921875,0.022964706644415855,0.0,0.03419657237827778,0.03419657237827778,0.0,5,5,0.0032929042354226112,0.0,0.00012675300240516663,0.0,0.0
ham18_pattern_mining,2026-03-19T14:03:50,0,537,90,2,1.0,0.007296790834516287,0.0,0.051024388521909714,0.051024388521909714,0.0,5,5,0.0049438378773629665,0.0,0.00015860097482800484,0.0,0.0
ham18_pattern_mining,2026-03-19T14:03:50,0,538,90,3,1.0,0.013887887820601463,0.0,0.03748228773474693,0.03748228773474693,0.0,5,5,0.0036063767038285732,0.0,0.00014185206964612007,0.0,0.0
ham18_pattern_mining,2026-03-19T14:03:52,0,539,90,4,0.98828125,0.04738921299576759,0.0,0.051055336371064186,0.051055336371064186,0.0,5,5,0.004914549645036459,0.0,0.00019098399206995964,0.0,0.0
ham18_pattern_mining,2026-03-19T14:03:52,0,540,90,5,1.0,0.24884361028671265,0.0,0.03655501175671816,0.03655501175671816,0.0,5,5,0.003527090884745121,0.0,0.00012841029092669487,0.0,0.0
ham18_pattern_mining,2026-03-19T14:03:54,1,535,90,0,1.0,0.004548531956970692,0.0,0.16776804812252522,0.16776804812252522,0.0,5,5,0.01646476611495018,0.0,0.00031203869730234146,0.0,0.0
ham18_pattern_mining,2026-03-19T14:03:54,1,536,90,1,0.9921875,0.03248274698853493,0.0,0.0576080521568656,0.0576080521568656,0.0,5,5,0.005422506015747786,0.0,0.0003382991999387741,0.0,0.0
ham18_pattern_mining,2026-03-19T14:03:54,1,537,90,2,1.0,0.01281861960887909,0.0,0.03317282535135746,0.03317282535135746,0.0,5,5,0.003201644401997328,0.0,0.0001156381331384182,0.0,0.0
ham18_pattern_mining,2026-03-19T14:03:54,1,538,90,3,1.0,0.016006670892238617,0.0,0.03764607943594456,0.03764607943594456,0.0,5,5,0.0036289039999246597,0.0,0.000135703943669796,0.0,0.0
ham18_pattern_mining,2026-03-19T14:03:56,1,539,90,4,0.9765625,0.07635896652936935,0.0,0.03263414837419987,0.03263414837419987,0.0,5,5,0.003143792971968651,0.0,0.00011962186545133591,0.0,0.0
ham18_pattern_mining,2026-03-19T14:03:56,1,540,90,5,1.0,0.09166967123746872,0.0,0.04311863332986832,0.04311863332986832,0.0,5,5,0.004158568102866411,0.0,0.00015329523012042046,0.0,0.0
ham18_pattern_mining,2026-03-19T14:03:59,2,535,90,0,1.0,0.0026792336720973253,0.0,0.19122739788144827,0.19122739788144827,0.0,5,5,0.018754837103188038,0.0,0.000367902684956789,0.0,0.0
ham18_pattern_mining,2026-03-19T14:03:59,2,536,90,1,1.0,0.013801518827676773,0.0,0.04532373044639826,0.04532373044639826,0.0,5,5,0.004370454233139753,0.0,0.00016191881150007248,0.0,0.0
ham18_pattern_mining,2026-03-19T14:03:59,2,537,90,2,1.0,0.00900314375758171,0.0,0.03290928900241852,0.03290928900241852,0.0,5,5,0.003168528899550438,0.0,0.00012240000069141388,0.0,0.0
ham18_pattern_mining,2026-03-19T14:03:59,2,538,90,3,0.99609375,0.01896761730313301,0.0,0.03879904747009277,0.03879904747009277,0.0,5,5,0.0037442813627421856,0.0,0.00013562338426709175,0.0,0.0
ham18_pattern_mining,2026-03-19T14:04:01,2,539,90,4,0.9921875,0.022543616592884064,0.0,0.039282189682126045,0.039282189682126045,0.0,5,5,0.0037886369973421097,0.0,0.00013958197087049484,0.0,0.0
ham18_pattern_mining,2026-03-19T14:04:01,2,540,90,5,0.5,0.6333447098731995,0.0,0.0361088290810585,0.0361088290810585,0.0,5,5,0.003479244653135538,0.0,0.00013163825497031212,0.0,0.0
ham18_pattern_mining,2026-03-19T14:04:04,3,535,90,0,1.0,0.003204131731763482,0.0,0.20713412668555975,0.20713412668555975,0.0,5,5,0.020219913683831692,0.0,0.0004934989847242832,0.0,0.0
ham18_pattern_mining,2026-03-19T14:04:04,3,536,90,1,1.0,0.0075528584420681,0.0,0.08820632006973028,0.08820632006973028,0.0,5,5,0.00853307731449604,0.0,0.00028755469247698784,0.0,0.0
ham18_pattern_mining,2026-03-19T14:04:04,3,537,90,2,1.0,0.01334953960031271,0.0,0.03924356773495674,0.03924356773495674,0.0,5,5,0.003792333882302046,0.0,0.0001320228911936283,0.0,0.0
ham18_pattern_mining,2026-03-19T14:04:04,3,538,90,3,0.99609375,0.01658039167523384,0.0,0.033531421795487404,0.033531421795487404,0.0,5,5,0.00322903785854578,0.0,0.0001241043210029602,0.0,0.0
ham18_pattern_mining,2026-03-19T14:04:05,3,539,90,4,0.9921875,0.024370675906538963,0.0,0.033651599660515785,0.033651599660515785,0.0,5,5,0.003246474079787731,0.0,0.00011868588626384735,0.0,0.0
ham18_pattern_mining,2026-03-19T14:04:05,3,540,90,5,0.5,0.5483898520469666,0.0,0.0549823883920908,0.0549823883920908,0.0,5,5,0.005300465039908886,0.0,0.0001977737993001938,0.0,0.0
ham18_pattern_mining,2026-03-19T14:04:08,4,535,90,0,1.0,0.0024556948337703943,0.0,0.13219882268458605,0.13219882268458605,0.0,5,5,0.012968052178621292,0.0,0.0002518300898373127,0.0,0.0
ham18_pattern_mining,2026-03-19T14:04:08,4,536,90,1,1.0,0.005034719593822956,0.0,0.041043274104595184,0.041043274104595184,0.0,5,5,0.003973210230469704,0.0,0.00013111717998981476,0.0,0.0
ham18_pattern_mining,2026-03-19T14:04:08,4,537,90,2,1.0,0.00877575483173132,0.0,0.031863972544670105,0.031863972544670105,0.0,5,5,0.003069003112614155,0.0,0.00011739414185285568,0.0,0.0
ham18_pattern_mining,2026-03-19T14:04:08,4,538,90,3,0.98828125,0.04187978804111481,0.0,0.03671539947390556,0.03671539947390556,0.0,5,5,0.003538239747285843,0.0,0.00013330020010471344,0.0,0.0
ham18_pattern_mining,2026-03-19T14:04:10,4,539,90,4,0.9921875,0.019191492348909378,0.0,0.05539432633668184,0.05539432633668184,0.0,5,5,0.0053579192608594894,0.0,0.00018151337280869484,0.0,0.0
ham18_pattern_mining,2026-03-19T14:04:10,4,540,90,5,0.0,5.6862640380859375,0.0,0.03787594847381115,0.03787594847381115,0.0,5,5,0.003650474827736616,0.0,0.00013712001964449883,0.0,0.0
ham18_pattern_mining,2026-03-19T14:04:17,0,541,91,0,1.0,0.0020335870794951916,0.0,0.1401048805564642,0.1401048805564642,0.0,5,5,0.01374557102099061,0.0,0.0002649170346558094,0.0,0.0
ham18_pattern_mining,2026-03-19T14:04:18,0,542,91,1,0.9921875,0.026656610891222954,0.0,0.04842182621359825,0.04842182621359825,0.0,5,5,0.0046858107671141624,0.0,0.0001563718542456627,0.0,0.0
ham18_pattern_mining,2026-03-19T14:04:18,0,543,91,2,1.0,0.004217746201902628,0.0,0.04300008527934551,0.04300008527934551,0.0,5,5,0.0041719223372638226,0.0,0.00012808619067072868,0.0,0.0
ham18_pattern_mining,2026-03-19T14:04:18,0,544,91,3,0.984375,0.03625369817018509,0.0,0.03073429223150015,0.03073429223150015,0.0,5,5,0.002963555045425892,0.0,0.000109874177724123,0.0,0.0
ham18_pattern_mining,2026-03-19T14:04:19,0,545,91,4,0.9921875,0.023958628997206688,0.0,0.034367870539426804,0.034367870539426804,0.0,5,5,0.0033035227097570896,0.0,0.00013326434418559074,0.0,0.0
ham18_pattern_mining,2026-03-19T14:04:19,0,546,91,5,0.5,1.6681827306747437,0.0,0.05722647998481989,0.05722647998481989,0.0,5,5,0.0055236308835446835,0.0,0.00019901711493730545,0.0,0.0
ham18_pattern_mining,2026-03-19T14:04:22,1,541,91,0,1.0,0.003321821801364422,0.0,0.16170503105968237,0.16170503105968237,0.0,5,5,0.015872284304350615,0.0,0.0002982188016176224,0.0,0.0
ham18_pattern_mining,2026-03-19T14:04:22,1,542,91,1,0.9921875,0.03958785533905029,0.0,0.05146595649421215,0.05146595649421215,0.0,5,5,0.004971895832568407,0.0,0.000174699816852808,0.0,0.0
ham18_pattern_mining,2026-03-19T14:04:23,1,543,91,2,1.0,0.006662182044237852,0.0,0.03321714233607054,0.03321714233607054,0.0,5,5,0.003205853048712015,0.0,0.0001158611848950386,0.0,0.0
ham18_pattern_mining,2026-03-19T14:04:23,1,544,91,3,1.0,0.010234340094029903,0.0,0.05111418664455414,0.05111418664455414,0.0,5,5,0.004925314802676439,0.0,0.00018610386177897453,0.0,0.0
ham18_pattern_mining,2026-03-19T14:04:24,1,545,91,4,0.99609375,0.012354394420981407,0.0,0.03278727177530527,0.03278727177530527,0.0,5,5,0.003155230078846216,0.0,0.0001234970986843109,0.0,0.0
ham18_pattern_mining,2026-03-19T14:04:24,1,546,91,5,1.0,0.31571727991104126,0.0,0.042595649138092995,0.042595649138092995,0.0,5,5,0.0041108219884335995,0.0,0.0001487429253757,0.0,0.0
ham18_pattern_mining,2026-03-19T14:04:27,2,541,91,0,1.0,0.0022879820317029953,0.0,0.12070463970303535,0.12070463970303535,0.0,5,5,0.011867756955325603,0.0,0.00020270701497793198,0.0,0.0
ham18_pattern_mining,2026-03-19T14:04:27,2,542,91,1,0.99609375,0.017660193145275116,0.0,0.043889330700039864,0.043889330700039864,0.0,5,5,0.004248220007866621,0.0,0.00014071306213736534,0.0,0.0
ham18_pattern_mining,2026-03-19T14:04:27,2,543,91,2,1.0,0.006037069484591484,0.0,0.036987634375691414,0.036987634375691414,0.0,5,5,0.003539955709129572,0.0,0.00015880772843956947,0.0,0.0
ham18_pattern_mining,2026-03-19T14:04:27,2,544,91,3,0.9921875,0.037327978760004044,0.0,0.035831998102366924,0.035831998102366924,0.0,5,5,0.0034537878818809986,0.0,0.00012941192835569382,0.0,0.0
ham18_pattern_mining,2026-03-19T14:04:29,2,545,91,4,0.984375,0.04619728773832321,0.0,0.05585422273725271,0.05585422273725271,0.0,5,5,0.005424723960459232,0.0,0.0001606983132660389,0.0,0.0
ham18_pattern_mining,2026-03-19T14:04:29,2,546,91,5,0.5,0.5095586776733398,0.0,0.03675499465316534,0.03675499465316534,0.0,5,5,0.0035427482798695564,0.0,0.00013275118544697762,0.0,0.0
ham18_pattern_mining,2026-03-19T14:04:32,3,541,91,0,1.0,0.0033227980602532625,0.0,0.13840459752827883,0.13840459752827883,0.0,5,5,0.013535245787352324,0.0,0.00030521396547555923,0.0,0.0
ham18_pattern_mining,2026-03-19T14:04:32,3,542,91,1,1.0,0.003710384014993906,0.0,0.04917582497000694,0.04917582497000694,0.0,5,5,0.004761234857141972,0.0,0.0001563476398587227,0.0,0.0
ham18_pattern_mining,2026-03-19T14:04:32,3,543,91,2,0.9921875,0.01926485262811184,0.0,0.03292684908956289,0.03292684908956289,0.0,5,5,0.0031574410386383533,0.0,0.00013524387031793594,0.0,0.0
ham18_pattern_mining,2026-03-19T14:04:32,3,544,91,3,1.0,0.009997419081628323,0.0,0.052650077268481255,0.052650077268481255,0.0,5,5,0.005058472976088524,0.0,0.0002065347507596016,0.0,0.0
ham18_pattern_mining,2026-03-19T14:04:34,3,545,91,4,1.0,0.01016988418996334,0.0,0.035447338595986366,0.035447338595986366,0.0,5,5,0.0034073777496814728,0.0,0.00013735610991716385,0.0,0.0
ham18_pattern_mining,2026-03-19T14:04:34,3,546,91,5,1.0,0.009792717173695564,0.0,0.040743760764598846,0.040743760764598846,0.0,5,5,0.003931412938982248,0.0,0.00014296313747763634,0.0,0.0
ham18_pattern_mining,2026-03-19T14:04:36,4,541,91,0,1.0,0.0017893044278025627,0.0,0.13993389438837767,0.13993389438837767,0.0,5,5,0.0135856494307518,0.0,0.0004077400080859661,0.0,0.0
ham18_pattern_mining,2026-03-19T14:04:37,4,542,91,1,0.99609375,0.030110375955700874,0.0,0.052021206356585026,0.052021206356585026,0.0,5,5,0.005043569952249527,0.0,0.0001585506834089756,0.0,0.0
ham18_pattern_mining,2026-03-19T14:04:37,4,543,91,2,1.0,0.0030800930690020323,0.0,0.03996663261204958,0.03996663261204958,0.0,5,5,0.003864600323140621,0.0,0.00013206293806433678,0.0,0.0
ham18_pattern_mining,2026-03-19T14:04:37,4,544,91,3,0.9765625,0.06979202479124069,0.0,0.04115730989724398,0.04115730989724398,0.0,5,5,0.003923723008483648,0.0,0.00019200798124074936,0.0,0.0
ham18_pattern_mining,2026-03-19T14:04:38,4,545,91,4,1.0,0.010841342620551586,0.0,0.052512772381305695,0.052512772381305695,0.0,5,5,0.005084625910967588,0.0,0.00016665132716298103,0.0,0.0
ham18_pattern_mining,2026-03-19T14:04:38,4,546,91,5,1.0,0.0049583567306399345,0.0,0.0405326159670949,0.0405326159670949,0.0,5,5,0.003916536923497915,0.0,0.00013672467321157455,0.0,0.0
ham18_pattern_mining,2026-03-19T14:04:47,0,547,92,0,1.0,0.002565672155469656,0.0,0.13742140028625727,0.13742140028625727,0.0,5,5,0.013401320204138756,0.0,0.0003408198244869709,0.0,0.0
ham18_pattern_mining,2026-03-19T14:04:47,0,548,92,1,0.99609375,0.01460547000169754,0.0,0.0538427010178566,0.0538427010178566,0.0,5,5,0.005195409059524536,0.0,0.00018886104226112366,0.0,0.0
ham18_pattern_mining,2026-03-19T14:04:47,0,549,92,2,0.99609375,0.010540077462792397,0.0,0.03750576637685299,0.03750576637685299,0.0,5,5,0.0036224708892405033,0.0,0.0001281057484447956,0.0,0.0
ham18_pattern_mining,2026-03-19T14:04:47,0,550,92,3,0.99609375,0.008885769173502922,0.0,0.05592996720224619,0.05592996720224619,0.0,5,5,0.0054163578897714615,0.0,0.00017663883045315742,0.0,0.0
ham18_pattern_mining,2026-03-19T14:04:49,0,551,92,4,0.99609375,0.015853459015488625,0.0,0.05315178073942661,0.05315178073942661,0.0,5,5,0.0051323720254004,0.0,0.00018280604854226112,0.0,0.0
ham18_pattern_mining,2026-03-19T14:04:49,0,552,92,5,1.0,0.09873650223016739,0.0,0.04208466038107872,0.04208466038107872,0.0,5,5,0.004069073125720024,0.0,0.0001393929123878479,0.0,0.0
ham18_pattern_mining,2026-03-19T14:04:51,1,547,92,0,0.99609375,0.0062002092599868774,0.0,0.14622807037085295,0.14622807037085295,0.0,5,5,0.014318230096250772,0.0,0.00030457694083452225,0.0,0.0
ham18_pattern_mining,2026-03-19T14:04:52,1,548,92,1,1.0,0.015150693245232105,0.0,0.05224838852882385,0.05224838852882385,0.0,5,5,0.005046573933213949,0.0,0.00017826491966843605,0.0,0.0
ham18_pattern_mining,2026-03-19T14:04:52,1,549,92,2,0.984375,0.05713514983654022,0.0,0.04291393794119358,0.04291393794119358,0.0,5,5,0.004148934967815876,0.0,0.00014245882630348206,0.0,0.0
ham18_pattern_mining,2026-03-19T14:04:52,1,550,92,3,0.99609375,0.01812455803155899,0.0,0.0327672204002738,0.0327672204002738,0.0,5,5,0.003159936983138323,0.0,0.00011678505688905716,0.0,0.0
ham18_pattern_mining,2026-03-19T14:04:54,1,551,92,4,0.98046875,0.09218573570251465,0.0,0.03299042582511902,0.03299042582511902,0.0,5,5,0.0031800451688468456,0.0,0.00011899741366505623,0.0,0.0
ham18_pattern_mining,2026-03-19T14:04:54,1,552,92,5,1.0,0.017687641084194183,0.0,0.06133942864835262,0.06133942864835262,0.0,5,5,0.005950045771896839,0.0,0.00018389709293842316,0.0,0.0
ham18_pattern_mining,2026-03-19T14:04:57,2,547,92,0,1.0,0.003526257583871484,0.0,0.12319555506110191,0.12319555506110191,0.0,5,5,0.012040342669934034,0.0,0.000279212836176157,0.0,0.0
ham18_pattern_mining,2026-03-19T14:04:57,2,548,92,1,1.0,0.0188002809882164,0.0,0.05354240071028471,0.05354240071028471,0.0,5,5,0.005158375017344952,0.0,0.00019586505368351936,0.0,0.0
ham18_pattern_mining,2026-03-19T14:04:57,2,549,92,2,0.99609375,0.012523043900728226,0.0,0.0402274401858449,0.0402274401858449,0.0,5,5,0.003868117928504944,0.0,0.00015462609007954597,0.0,0.0
ham18_pattern_mining,2026-03-19T14:04:57,2,550,92,3,1.0,0.004979944322258234,0.0,0.03200855106115341,0.03200855106115341,0.0,5,5,0.003080404829233885,0.0,0.00012045027688145638,0.0,0.0
ham18_pattern_mining,2026-03-19T14:04:59,2,551,92,4,0.97265625,0.05994207039475441,0.0,0.03600229974836111,0.03600229974836111,0.0,5,5,0.0034554139710962772,0.0,0.00014481600373983383,0.0,0.0
ham18_pattern_mining,2026-03-19T14:04:59,2,552,92,5,0.5,2.119318962097168,0.0,0.03097512759268284,0.03097512759268284,0.0,5,5,0.003021668642759323,0.0,7.584411650896072e-05,0.0,0.0
ham18_pattern_mining,2026-03-19T14:05:01,3,547,92,0,1.0,0.0015618226025253534,0.0,0.13966587837785482,0.13966587837785482,0.0,5,5,0.013676007743924856,0.0,0.0002905800938606262,0.0,0.0
ham18_pattern_mining,2026-03-19T14:05:02,3,548,92,1,0.99609375,0.017770813778042793,0.0,0.039847963489592075,0.039847963489592075,0.0,5,5,0.003845693077892065,0.0,0.0001391032710671425,0.0,0.0
ham18_pattern_mining,2026-03-19T14:05:02,3,549,92,2,1.0,0.00891529954969883,0.0,0.0392603874206543,0.0392603874206543,0.0,5,5,0.0037651187740266323,0.0,0.00016091996803879738,0.0,0.0
ham18_pattern_mining,2026-03-19T14:05:02,3,550,92,3,0.9921875,0.02462081052362919,0.0,0.03298998810350895,0.03298998810350895,0.0,5,5,0.003177058883011341,0.0,0.00012193992733955383,0.0,0.0
ham18_pattern_mining,2026-03-19T14:05:03,3,551,92,4,0.984375,0.03546790033578873,0.0,0.034006028436124325,0.034006028436124325,0.0,5,5,0.0032717296853661537,0.0,0.00012887315824627876,0.0,0.0
ham18_pattern_mining,2026-03-19T14:05:03,3,552,92,5,1.0,0.0986621305346489,0.0,0.042065070010721684,0.042065070010721684,0.0,5,5,0.0040628788992762566,0.0,0.0001436281017959118,0.0,0.0
ham18_pattern_mining,2026-03-19T14:05:06,4,547,92,0,1.0,0.003053213469684124,0.0,0.19259172026067972,0.19259172026067972,0.0,5,5,0.018897234927862883,0.0,0.00036193709820508957,0.0,0.0
ham18_pattern_mining,2026-03-19T14:05:06,4,548,92,1,0.99609375,0.023007113486528397,0.0,0.04398155491799116,0.04398155491799116,0.0,5,5,0.004249986726790667,0.0,0.00014816876500844955,0.0,0.0
ham18_pattern_mining,2026-03-19T14:05:06,4,549,92,2,0.9921875,0.01222886610776186,0.0,0.038983277045190334,0.038983277045190334,0.0,5,5,0.003766944631934166,0.0,0.00013138307258486748,0.0,0.0
ham18_pattern_mining,2026-03-19T14:05:06,4,550,92,3,0.984375,0.06885024905204773,0.0,0.03267623018473387,0.03267623018473387,0.0,5,5,0.003148810938000679,0.0,0.00011881208047270775,0.0,0.0
ham18_pattern_mining,2026-03-19T14:05:08,4,551,92,4,0.99609375,0.015690932050347328,0.0,0.035052173770964146,0.035052173770964146,0.0,5,5,0.003379457164555788,0.0,0.00012576021254062653,0.0,0.0
ham18_pattern_mining,2026-03-19T14:05:08,4,552,92,5,1.0,0.006623694207519293,0.0,0.04564543720334768,0.04564543720334768,0.0,5,5,0.004413423594087362,0.0,0.000151120126247406,0.0,0.0
ham18_pattern_mining,2026-03-19T14:05:16,0,553,93,0,1.0,0.002269584219902754,0.0,0.16407704912126064,0.16407704912126064,0.0,5,5,0.016045776195824146,0.0,0.00036192871630191803,0.0,0.0
ham18_pattern_mining,2026-03-19T14:05:16,0,554,93,1,0.99609375,0.018538303673267365,0.0,0.05336189176887274,0.05336189176887274,0.0,5,5,0.005110831931233406,0.0,0.00022535724565386772,0.0,0.0
ham18_pattern_mining,2026-03-19T14:05:16,0,555,93,2,1.0,0.006771010346710682,0.0,0.03641905263066292,0.03641905263066292,0.0,5,5,0.0035148640163242817,0.0,0.00012704124674201012,0.0,0.0
ham18_pattern_mining,2026-03-19T14:05:16,0,556,93,3,1.0,0.005760857369750738,0.0,0.05858645774424076,0.05858645774424076,0.0,5,5,0.005710161756724119,0.0,0.0001484840176999569,0.0,0.0
ham18_pattern_mining,2026-03-19T14:05:19,0,557,93,4,0.99609375,0.01977744698524475,0.0,0.05245621781796217,0.05245621781796217,0.0,5,5,0.005076364614069462,0.0,0.00016925716772675514,0.0,0.0
ham18_pattern_mining,2026-03-19T14:05:19,0,558,93,5,1.0,0.020564142614603043,0.0,0.049612740986049175,0.049612740986049175,0.0,5,5,0.004783966112881899,0.0,0.00017730798572301865,0.0,0.0
ham18_pattern_mining,2026-03-19T14:05:22,1,553,93,0,1.0,0.002946623833850026,0.0,0.16191101167351007,0.16191101167351007,0.0,5,5,0.015858533326536417,0.0,0.00033256784081459045,0.0,0.0
ham18_pattern_mining,2026-03-19T14:05:22,1,554,93,1,0.99609375,0.019262466579675674,0.0,0.037547037936747074,0.037547037936747074,0.0,5,5,0.003616668749600649,0.0,0.00013803504407405853,0.0,0.0
ham18_pattern_mining,2026-03-19T14:05:22,1,555,93,2,1.0,0.005460038781166077,0.0,0.056200227700173855,0.056200227700173855,0.0,5,5,0.005433956626802683,0.0,0.0001860661432147026,0.0,0.0
ham18_pattern_mining,2026-03-19T14:05:22,1,556,93,3,0.98828125,0.021923363208770752,0.0,0.055962707847356796,0.055962707847356796,0.0,5,5,0.005431803874671459,0.0,0.00016446691006422043,0.0,0.0
ham18_pattern_mining,2026-03-19T14:05:23,1,557,93,4,0.98828125,0.04737893491983414,0.0,0.054629165679216385,0.054629165679216385,0.0,5,5,0.0053284987807273865,0.0,0.00013441778719425201,0.0,0.0
ham18_pattern_mining,2026-03-19T14:05:23,1,558,93,5,0.5,4.493861198425293,0.0,0.0444441894069314,0.0444441894069314,0.0,5,5,0.004277388099581003,0.0,0.00016703084111213684,0.0,0.0
ham18_pattern_mining,2026-03-19T14:05:26,2,553,93,0,1.0,0.00549347884953022,0.0,0.1750602014362812,0.1750602014362812,0.0,5,5,0.017124394420534372,0.0,0.0003816257230937481,0.0,0.0
ham18_pattern_mining,2026-03-19T14:05:26,2,554,93,1,0.98046875,0.03419821336865425,0.0,0.05652241874486208,0.05652241874486208,0.0,5,5,0.0054566808976233006,0.0,0.0001955609768629074,0.0,0.0
ham18_pattern_mining,2026-03-19T14:05:26,2,555,93,2,0.99609375,0.03228765353560448,0.0,0.03396586049348116,0.03396586049348116,0.0,5,5,0.0032676709815859795,0.0,0.00012891506776213646,0.0,0.0
ham18_pattern_mining,2026-03-19T14:05:26,2,556,93,3,0.99609375,0.013849085196852684,0.0,0.04038901999592781,0.04038901999592781,0.0,5,5,0.0039051100611686707,0.0,0.0001337919384241104,0.0,0.0
ham18_pattern_mining,2026-03-19T14:05:28,2,557,93,4,0.98828125,0.036726947873830795,0.0,0.038742837496101856,0.038742837496101856,0.0,5,5,0.0037368908524513245,0.0,0.00013739289715886116,0.0,0.0
ham18_pattern_mining,2026-03-19T14:05:28,2,558,93,5,0.5,2.8919432163238525,0.0,0.0447316886857152,0.0447316886857152,0.0,5,5,0.004320375621318817,0.0,0.0001527932472527027,0.0,0.0
ham18_pattern_mining,2026-03-19T14:05:31,3,553,93,0,1.0,0.0029631038196384907,0.0,0.15983839984983206,0.15983839984983206,0.0,5,5,0.015589151997119188,0.0,0.0003946879878640175,0.0,0.0
ham18_pattern_mining,2026-03-19T14:05:31,3,554,93,1,0.984375,0.045237649232149124,0.0,0.0559054734185338,0.0559054734185338,0.0,5,5,0.005434055346995592,0.0,0.00015649199485778809,0.0,0.0
ham18_pattern_mining,2026-03-19T14:05:31,3,555,93,2,0.99609375,0.008913128636777401,0.0,0.05017632618546486,0.05017632618546486,0.0,5,5,0.004864795599132776,0.0,0.00015283701941370964,0.0,0.0
ham18_pattern_mining,2026-03-19T14:05:31,3,556,93,3,1.0,0.008220382034778595,0.0,0.03221563529223204,0.03221563529223204,0.0,5,5,0.0031068064272403717,0.0,0.00011475710198283195,0.0,0.0
ham18_pattern_mining,2026-03-19T14:05:32,3,557,93,4,0.99609375,0.019850870594382286,0.0,0.05423697177320719,0.05423697177320719,0.0,5,5,0.005263659171760082,0.0,0.00016003800556063652,0.0,0.0
ham18_pattern_mining,2026-03-19T14:05:32,3,558,93,5,0.5,0.5750728845596313,0.0,0.037178872153162956,0.037178872153162956,0.0,5,5,0.003588730003684759,0.0,0.00012915721163153648,0.0,0.0
ham18_pattern_mining,2026-03-19T14:05:35,4,553,93,0,1.0,0.0015948880463838577,0.0,0.156412860378623,0.156412860378623,0.0,5,5,0.015346042346209288,0.0,0.00029524369165301323,0.0,0.0
ham18_pattern_mining,2026-03-19T14:05:35,4,554,93,1,1.0,0.006677646189928055,0.0,0.04543079063296318,0.04543079063296318,0.0,5,5,0.004397419281303883,0.0,0.00014565978199243546,0.0,0.0
ham18_pattern_mining,2026-03-19T14:05:36,4,555,93,2,1.0,0.005168313160538673,0.0,0.032132817432284355,0.032132817432284355,0.0,5,5,0.003096877597272396,0.0,0.00011640414595603943,0.0,0.0
ham18_pattern_mining,2026-03-19T14:05:36,4,556,93,3,1.0,0.010515086352825165,0.0,0.04891969729214907,0.04891969729214907,0.0,5,5,0.004695428069680929,0.0,0.0001965416595339775,0.0,0.0
ham18_pattern_mining,2026-03-19T14:05:37,4,557,93,4,0.99609375,0.014423465356230736,0.0,0.03840769175440073,0.03840769175440073,0.0,5,5,0.0036998381838202477,0.0,0.00014093099161982536,0.0,0.0
ham18_pattern_mining,2026-03-19T14:05:37,4,558,93,5,1.0,0.004391193855553865,0.0,0.038514756597578526,0.038514756597578526,0.0,5,5,0.003714237827807665,0.0,0.00013723783195018768,0.0,0.0
ham18_pattern_mining,2026-03-19T14:05:44,0,559,94,0,1.0,0.002644899534061551,0.0,0.11588769499212503,0.11588769499212503,0.0,5,5,0.011369752697646618,0.0,0.00021901680156588554,0.0,0.0
ham18_pattern_mining,2026-03-19T14:05:44,0,560,94,1,1.0,0.009158411994576454,0.0,0.05923050455749035,0.05923050455749035,0.0,5,5,0.005745976231992245,0.0,0.00017707422375679016,0.0,0.0
ham18_pattern_mining,2026-03-19T14:05:44,0,561,94,2,0.9921875,0.019998475909233093,0.0,0.03390770871192217,0.03390770871192217,0.0,5,5,0.0032701659947633743,0.0,0.00012060487642884254,0.0,0.0
ham18_pattern_mining,2026-03-19T14:05:45,0,562,94,3,0.984375,0.04446014016866684,0.0,0.0495742354542017,0.0495742354542017,0.0,5,5,0.004770123865455389,0.0,0.0001872996799647808,0.0,0.0
ham18_pattern_mining,2026-03-19T14:05:46,0,563,94,4,1.0,0.011218220926821232,0.0,0.03867092076689005,0.03867092076689005,0.0,5,5,0.003727584145963192,0.0,0.0001395079307258129,0.0,0.0
ham18_pattern_mining,2026-03-19T14:05:46,0,564,94,5,1.0,0.41838720440864563,0.0,0.03702949266880751,0.03702949266880751,0.0,5,5,0.003572142217308283,0.0,0.0001308070495724678,0.0,0.0
ham18_pattern_mining,2026-03-19T14:05:49,1,559,94,0,1.0,0.0033845894504338503,0.0,0.15603932086378336,0.15603932086378336,0.0,5,5,0.015245949849486351,0.0,0.00035798223689198494,0.0,0.0
ham18_pattern_mining,2026-03-19T14:05:49,1,560,94,1,1.0,0.006765262223780155,0.0,0.04585152957588434,0.04585152957588434,0.0,5,5,0.004430264234542847,0.0,0.00015488872304558754,0.0,0.0
ham18_pattern_mining,2026-03-19T14:05:49,1,561,94,2,0.9921875,0.016402628272771835,0.0,0.03784061875194311,0.03784061875194311,0.0,5,5,0.0036429748870432377,0.0,0.00014108698815107346,0.0,0.0
ham18_pattern_mining,2026-03-19T14:05:49,1,562,94,3,0.99609375,0.020892541855573654,0.0,0.03807581029832363,0.03807581029832363,0.0,5,5,0.0036746999248862267,0.0,0.00013288110494613647,0.0,0.0
ham18_pattern_mining,2026-03-19T14:05:51,1,563,94,4,0.99609375,0.017028339207172394,0.0,0.03879399970173836,0.03879399970173836,0.0,5,5,0.0037496238946914673,0.0,0.00012977607548236847,0.0,0.0
ham18_pattern_mining,2026-03-19T14:05:51,1,564,94,5,1.0,0.009337321855127811,0.0,0.044297981075942516,0.044297981075942516,0.0,5,5,0.004285125061869621,0.0,0.00014467304572463036,0.0,0.0
ham18_pattern_mining,2026-03-19T14:05:53,2,559,94,0,1.0,0.0038551650941371918,0.0,0.19774294923990965,0.19774294923990965,0.0,5,5,0.019358973018825054,0.0,0.0004153219051659107,0.0,0.0
ham18_pattern_mining,2026-03-19T14:05:54,2,560,94,1,0.9921875,0.026634085923433304,0.0,0.04641365259885788,0.04641365259885788,0.0,5,5,0.004452114924788475,0.0,0.00018925033509731293,0.0,0.0
ham18_pattern_mining,2026-03-19T14:05:54,2,561,94,2,1.0,0.00635986402630806,0.0,0.033423625864088535,0.033423625864088535,0.0,5,5,0.003223082982003689,0.0,0.00011927960440516472,0.0,0.0
ham18_pattern_mining,2026-03-19T14:05:54,2,562,94,3,0.99609375,0.02188541553914547,0.0,0.03871145658195019,0.03871145658195019,0.0,5,5,0.0037133777514100075,0.0,0.0001577679067850113,0.0,0.0
ham18_pattern_mining,2026-03-19T14:05:55,2,563,94,4,0.9765625,0.09274433553218842,0.0,0.03644895274192095,0.03644895274192095,0.0,5,5,0.00351536413654685,0.0,0.0001295311376452446,0.0,0.0
ham18_pattern_mining,2026-03-19T14:05:55,2,564,94,5,1.0,0.01491650752723217,0.0,0.04191549029201269,0.04191549029201269,0.0,5,5,0.004030941985547543,0.0,0.00016060704365372658,0.0,0.0
ham18_pattern_mining,2026-03-19T14:05:58,3,559,94,0,1.0,0.0027652764692902565,0.0,0.14728502836078405,0.14728502836078405,0.0,5,5,0.014478072989732027,0.0,0.0002504298463463783,0.0,0.0
ham18_pattern_mining,2026-03-19T14:05:58,3,560,94,1,1.0,0.007260491140186787,0.0,0.04503071308135986,0.04503071308135986,0.0,5,5,0.004360570106655359,0.0,0.00014250120148062706,0.0,0.0
ham18_pattern_mining,2026-03-19T14:05:58,3,561,94,2,1.0,0.008913746103644371,0.0,0.03421755041927099,0.03421755041927099,0.0,5,5,0.0032769376412034035,0.0,0.00014481740072369576,0.0,0.0
ham18_pattern_mining,2026-03-19T14:05:58,3,562,94,3,0.98828125,0.024686187505722046,0.0,0.036147511564195156,0.036147511564195156,0.0,5,5,0.0034534642472863197,0.0,0.00016128690913319588,0.0,0.0
ham18_pattern_mining,2026-03-19T14:06:00,3,563,94,4,1.0,0.008973652496933937,0.0,0.03392835147678852,0.03392835147678852,0.0,5,5,0.003264176193624735,0.0,0.0001286589540541172,0.0,0.0
ham18_pattern_mining,2026-03-19T14:06:00,3,564,94,5,0.5,1.5433597564697266,0.0,0.04103051032871008,0.04103051032871008,0.0,5,5,0.003951379097998142,0.0,0.00015167193487286568,0.0,0.0
ham18_pattern_mining,2026-03-19T14:06:02,4,559,94,0,1.0,0.0022591017186641693,0.0,0.18101808615028858,0.18101808615028858,0.0,5,5,0.01770623866468668,0.0,0.00039556995034217834,0.0,0.0
ham18_pattern_mining,2026-03-19T14:06:03,4,560,94,1,0.99609375,0.014771007001399994,0.0,0.04485565237700939,0.04485565237700939,0.0,5,5,0.004343132022768259,0.0,0.00014243321493268013,0.0,0.0
ham18_pattern_mining,2026-03-19T14:06:03,4,561,94,2,1.0,0.006650686264038086,0.0,0.03357625566422939,0.03357625566422939,0.0,5,5,0.0032386211678385735,0.0,0.00011900439858436584,0.0,0.0
ham18_pattern_mining,2026-03-19T14:06:03,4,562,94,3,0.99609375,0.010230856016278267,0.0,0.05296464078128338,0.05296464078128338,0.0,5,5,0.005070839077234268,0.0,0.00022562500089406967,0.0,0.0
ham18_pattern_mining,2026-03-19T14:06:04,4,563,94,4,1.0,0.007168332114815712,0.0,0.05436621140688658,0.05436621140688658,0.0,5,5,0.005265324376523495,0.0,0.00017129676416516304,0.0,0.0
ham18_pattern_mining,2026-03-19T14:06:04,4,564,94,5,1.0,0.004988367203623056,0.0,0.04428519867360592,0.04428519867360592,0.0,5,5,0.004281000699847937,0.0,0.00014751916751265526,0.0,0.0
ham18_pattern_mining,2026-03-19T14:06:12,0,565,95,0,1.0,0.001825206447392702,0.0,0.1890599774196744,0.1890599774196744,0.0,5,5,0.018439400009810925,0.0,0.0004665977321565151,0.0,0.0
ham18_pattern_mining,2026-03-19T14:06:12,0,566,95,1,1.0,0.003974796738475561,0.0,0.04862769041210413,0.04862769041210413,0.0,5,5,0.004692410118877888,0.0,0.00017035892233252525,0.0,0.0
ham18_pattern_mining,2026-03-19T14:06:12,0,567,95,2,0.99609375,0.010806894861161709,0.0,0.036927927285432816,0.036927927285432816,0.0,5,5,0.003559486009180546,0.0,0.00013330671936273575,0.0,0.0
ham18_pattern_mining,2026-03-19T14:06:12,0,568,95,3,0.99609375,0.016944821923971176,0.0,0.03522779792547226,0.03522779792547226,0.0,5,5,0.0034006768837571144,0.0,0.00012210290879011154,0.0,0.0
ham18_pattern_mining,2026-03-19T14:06:14,0,569,95,4,0.9921875,0.02642497420310974,0.0,0.03635213244706392,0.03635213244706392,0.0,5,5,0.0035034948959946632,0.0,0.00013171834871172905,0.0,0.0
ham18_pattern_mining,2026-03-19T14:06:14,0,570,95,5,0.0,6.168375015258789,0.0,0.04169659689068794,0.04169659689068794,0.0,5,5,0.004010652657598257,0.0,0.00015900703147053719,0.0,0.0
ham18_pattern_mining,2026-03-19T14:06:16,1,565,95,0,1.0,0.00596858374774456,0.0,0.11574080679565668,0.11574080679565668,0.0,5,5,0.011364885605871677,0.0,0.0002091950736939907,0.0,0.0
ham18_pattern_mining,2026-03-19T14:06:17,1,566,95,1,1.0,0.004532000049948692,0.0,0.05935337860137224,0.05935337860137224,0.0,5,5,0.005769720766693354,0.0,0.00016561709344387054,0.0,0.0
ham18_pattern_mining,2026-03-19T14:06:17,1,567,95,2,0.99609375,0.01920606754720211,0.0,0.05164326634258032,0.05164326634258032,0.0,5,5,0.004918926861137152,0.0,0.0002453997731208801,0.0,0.0
ham18_pattern_mining,2026-03-19T14:06:17,1,568,95,3,0.98046875,0.06471480429172516,0.0,0.048334840685129166,0.048334840685129166,0.0,5,5,0.00469191512092948,0.0,0.00014156894758343697,0.0,0.0
ham18_pattern_mining,2026-03-19T14:06:18,1,569,95,4,0.99609375,0.044033974409103394,0.0,0.037687867879867554,0.037687867879867554,0.0,5,5,0.0036459718830883503,0.0,0.00012281490489840508,0.0,0.0
ham18_pattern_mining,2026-03-19T14:06:18,1,570,95,5,1.0,0.23173275589942932,0.0,0.05860788282006979,0.05860788282006979,0.0,5,5,0.005696909036487341,0.0,0.00016387924551963806,0.0,0.0
ham18_pattern_mining,2026-03-19T14:06:21,2,565,95,0,1.0,0.003685241797938943,0.0,0.2122911438345909,0.2122911438345909,0.0,5,5,0.02076369198039174,0.0,0.0004654224030673504,0.0,0.0
ham18_pattern_mining,2026-03-19T14:06:21,2,566,95,1,1.0,0.009177862666547298,0.0,0.053036659955978394,0.053036659955978394,0.0,5,5,0.005145564209669828,0.0,0.00015810178592801094,0.0,0.0
ham18_pattern_mining,2026-03-19T14:06:21,2,567,95,2,0.9921875,0.0190054289996624,0.0,0.038185701705515385,0.038185701705515385,0.0,5,5,0.003686218988150358,0.0,0.00013235118240118027,0.0,0.0
ham18_pattern_mining,2026-03-19T14:06:21,2,568,95,3,0.9921875,0.031069761142134666,0.0,0.031952131539583206,0.031952131539583206,0.0,5,5,0.0030782362446188927,0.0,0.00011697690933942795,0.0,0.0
ham18_pattern_mining,2026-03-19T14:06:23,2,569,95,4,0.99609375,0.016570622101426125,0.0,0.03414192236959934,0.03414192236959934,0.0,5,5,0.0032902262173593044,0.0,0.0001239660196006298,0.0,0.0
ham18_pattern_mining,2026-03-19T14:06:23,2,570,95,5,1.0,0.2707879841327667,0.0,0.041360496543347836,0.041360496543347836,0.0,5,5,0.004000050947070122,0.0,0.0001359987072646618,0.0,0.0
ham18_pattern_mining,2026-03-19T14:06:26,3,565,95,0,1.0,0.004850743804126978,0.0,0.17346602398902178,0.17346602398902178,0.0,5,5,0.016961769200861454,0.0,0.0003848331980407238,0.0,0.0
ham18_pattern_mining,2026-03-19T14:06:26,3,566,95,1,0.98828125,0.1359502226114273,0.0,0.050063603557646275,0.050063603557646275,0.0,5,5,0.004865479189902544,0.0,0.00014088116586208344,0.0,0.0
ham18_pattern_mining,2026-03-19T14:06:26,3,567,95,2,0.99609375,0.01210380531847477,0.0,0.05323702469468117,0.05323702469468117,0.0,5,5,0.0051114256493747234,0.0,0.00021227682009339333,0.0,0.0
ham18_pattern_mining,2026-03-19T14:06:26,3,568,95,3,1.0,0.00889712292701006,0.0,0.040698396041989326,0.040698396041989326,0.0,5,5,0.003936034627258778,0.0,0.00013380497694015503,0.0,0.0
ham18_pattern_mining,2026-03-19T14:06:27,3,569,95,4,0.99609375,0.03214668110013008,0.0,0.03555040340870619,0.03555040340870619,0.0,5,5,0.003431186079978943,0.0,0.00012385426089167595,0.0,0.0
ham18_pattern_mining,2026-03-19T14:06:27,3,570,95,5,0.5,3.786695718765259,0.0,0.05956945475190878,0.05956945475190878,0.0,5,5,0.0057865348644554615,0.0,0.0001704106107354164,0.0,0.0
ham18_pattern_mining,2026-03-19T14:06:30,4,565,95,0,1.0,0.0026827100664377213,0.0,0.15722397249192,0.15722397249192,0.0,5,5,0.01541908085346222,0.0,0.0003033163957297802,0.0,0.0
ham18_pattern_mining,2026-03-19T14:06:30,4,566,95,1,0.984375,0.0583726242184639,0.0,0.034375195391476154,0.034375195391476154,0.0,5,5,0.003319387324154377,0.0,0.00011813221499323845,0.0,0.0
ham18_pattern_mining,2026-03-19T14:06:30,4,567,95,2,1.0,0.002760637318715453,0.0,0.04882660694420338,0.04882660694420338,0.0,5,5,0.004686244763433933,0.0,0.00019641593098640442,0.0,0.0
ham18_pattern_mining,2026-03-19T14:06:30,4,568,95,3,1.0,0.015597249381244183,0.0,0.032240706495940685,0.032240706495940685,0.0,5,5,0.0031126406975090504,0.0,0.00011142995208501816,0.0,0.0
ham18_pattern_mining,2026-03-19T14:06:32,4,569,95,4,0.9921875,0.03741893544793129,0.0,0.03400535322725773,0.03400535322725773,0.0,5,5,0.0032731820829212666,0.0,0.0001273532398045063,0.0,0.0
ham18_pattern_mining,2026-03-19T14:06:32,4,570,95,5,0.0,5.788356781005859,0.0,0.06052576471120119,0.06052576471120119,0.0,5,5,0.005834120791405439,0.0,0.00021845567971467972,0.0,0.0
ham18_pattern_mining,2026-03-19T14:06:39,0,571,96,0,1.0,0.001735582947731018,0.0,0.15249075833708048,0.15249075833708048,0.0,5,5,0.014900446403771639,0.0,0.000348629429936409,0.0,0.0
ham18_pattern_mining,2026-03-19T14:06:39,0,572,96,1,0.99609375,0.008944639936089516,0.0,0.05104150157421827,0.05104150157421827,0.0,5,5,0.004922961350530386,0.0,0.00018118880689144135,0.0,0.0
ham18_pattern_mining,2026-03-19T14:06:40,0,573,96,2,0.99609375,0.00995739083737135,0.0,0.03267379943281412,0.03267379943281412,0.0,5,5,0.0031523872166872025,0.0,0.00011499272659420967,0.0,0.0
ham18_pattern_mining,2026-03-19T14:06:40,0,574,96,3,0.9921875,0.026521796360611916,0.0,0.036440896801650524,0.036440896801650524,0.0,5,5,0.0035217376425862312,0.0,0.00012235203757882118,0.0,0.0
ham18_pattern_mining,2026-03-19T14:06:41,0,575,96,4,0.99609375,0.013593070209026337,0.0,0.05396510474383831,0.05396510474383831,0.0,5,5,0.005188148934394121,0.0,0.00020836153998970985,0.0,0.0
ham18_pattern_mining,2026-03-19T14:06:41,0,576,96,5,1.0,0.345485657453537,0.0,0.05488124210387468,0.05488124210387468,0.0,5,5,0.0052970233373343945,0.0,0.00019110087305307388,0.0,0.0
ham18_pattern_mining,2026-03-19T14:06:45,1,571,96,0,1.0,0.004287609364837408,0.0,0.13602633960545063,0.13602633960545063,0.0,5,5,0.01329922815784812,0.0,0.0003034058026969433,0.0,0.0
ham18_pattern_mining,2026-03-19T14:06:45,1,572,96,1,0.99609375,0.0451575368642807,0.0,0.03339849878102541,0.03339849878102541,0.0,5,5,0.0032219779677689075,0.0,0.00011787191033363342,0.0,0.0
ham18_pattern_mining,2026-03-19T14:06:45,1,573,96,2,0.99609375,0.013048793189227581,0.0,0.0511940848082304,0.0511940848082304,0.0,5,5,0.004898431245237589,0.0,0.00022097723558545113,0.0,0.0
ham18_pattern_mining,2026-03-19T14:06:45,1,574,96,3,0.98828125,0.030145157128572464,0.0,0.032575358636677265,0.032575358636677265,0.0,5,5,0.0031374702230095863,0.0,0.00012006564065814018,0.0,0.0
ham18_pattern_mining,2026-03-19T14:06:46,1,575,96,4,0.99609375,0.015275579877197742,0.0,0.03679174929857254,0.03679174929857254,0.0,5,5,0.003554738126695156,0.0,0.00012443680316209793,0.0,0.0
ham18_pattern_mining,2026-03-19T14:06:46,1,576,96,5,0.5,2.6534621715545654,0.0,0.058249542489647865,0.058249542489647865,0.0,5,5,0.005620711017400026,0.0,0.0002042432315647602,0.0,0.0
ham18_pattern_mining,2026-03-19T14:06:50,2,571,96,0,1.0,0.0033575347624719143,0.0,0.16621557995676994,0.16621557995676994,0.0,5,5,0.01624839100986719,0.0,0.000373166985809803,0.0,0.0
ham18_pattern_mining,2026-03-19T14:06:50,2,572,96,1,1.0,0.00459629949182272,0.0,0.03580795135349035,0.03580795135349035,0.0,5,5,0.003452856093645096,0.0,0.00012793904170393944,0.0,0.0
ham18_pattern_mining,2026-03-19T14:06:50,2,573,96,2,1.0,0.010930716060101986,0.0,0.053204731084406376,0.053204731084406376,0.0,5,5,0.0051435441710054874,0.0,0.00017692893743515015,0.0,0.0
ham18_pattern_mining,2026-03-19T14:06:50,2,574,96,3,0.99609375,0.015023503452539444,0.0,0.051780110225081444,0.051780110225081444,0.0,5,5,0.005024475045502186,0.0,0.00015353597700595856,0.0,0.0
ham18_pattern_mining,2026-03-19T14:06:52,2,575,96,4,0.9921875,0.02861856110394001,0.0,0.05132077727466822,0.05132077727466822,0.0,5,5,0.004968351684510708,0.0,0.00016372604295611382,0.0,0.0
ham18_pattern_mining,2026-03-19T14:06:52,2,576,96,5,0.5,1.0732576847076416,0.0,0.044612158089876175,0.044612158089876175,0.0,5,5,0.004301000852137804,0.0,0.00016021495684981346,0.0,0.0
ham18_pattern_mining,2026-03-19T14:06:54,3,571,96,0,1.0,0.002015901729464531,0.0,0.1673484267666936,0.1673484267666936,0.0,5,5,0.016416750848293304,0.0,0.00031809182837605476,0.0,0.0
ham18_pattern_mining,2026-03-19T14:06:54,3,572,96,1,1.0,0.004913379903882742,0.0,0.03519902937114239,0.03519902937114239,0.0,5,5,0.0033758007921278477,0.0,0.00014410214498639107,0.0,0.0
ham18_pattern_mining,2026-03-19T14:06:54,3,573,96,2,0.9921875,0.048932839184999466,0.0,0.04047255031764507,0.04047255031764507,0.0,5,5,0.0039050928317010403,0.0,0.00014216220006346703,0.0,0.0
ham18_pattern_mining,2026-03-19T14:06:54,3,574,96,3,1.0,0.003727252595126629,0.0,0.03723314497619867,0.03723314497619867,0.0,5,5,0.0035948832519352436,0.0,0.00012843124568462372,0.0,0.0
ham18_pattern_mining,2026-03-19T14:06:56,3,575,96,4,0.99609375,0.019740905612707138,0.0,0.04715345799922943,0.04715345799922943,0.0,5,5,0.0045768809504806995,0.0,0.00013846484944224358,0.0,0.0
ham18_pattern_mining,2026-03-19T14:06:56,3,576,96,5,1.0,0.00915424432605505,0.0,0.05607301834970713,0.05607301834970713,0.0,5,5,0.005406934767961502,0.0,0.0002003670670092106,0.0,0.0
ham18_pattern_mining,2026-03-19T14:06:59,4,571,96,0,1.0,0.002226425800472498,0.0,0.17824178095906973,0.17824178095906973,0.0,5,5,0.01747161289677024,0.0,0.000352565199136734,0.0,0.0
ham18_pattern_mining,2026-03-19T14:06:59,4,572,96,1,0.99609375,0.009206349030137062,0.0,0.03697363659739494,0.03697363659739494,0.0,5,5,0.0035773497074842453,0.0,0.00012001395225524902,0.0,0.0
ham18_pattern_mining,2026-03-19T14:06:59,4,573,96,2,1.0,0.004098883830010891,0.0,0.04538240376859903,0.04538240376859903,0.0,5,5,0.004387048073112965,0.0,0.0001511923037469387,0.0,0.0
ham18_pattern_mining,2026-03-19T14:06:59,4,574,96,3,1.0,0.010476801544427872,0.0,0.03859424963593483,0.03859424963593483,0.0,5,5,0.003692294005304575,0.0,0.000167130958288908,0.0,0.0
ham18_pattern_mining,2026-03-19T14:07:01,4,575,96,4,1.0,0.0052660731598734856,0.0,0.05517673213034868,0.05517673213034868,0.0,5,5,0.005287984851747751,0.0,0.000229688361287117,0.0,0.0
ham18_pattern_mining,2026-03-19T14:07:01,4,576,96,5,0.0,6.378685474395752,0.0,0.059825349599123,0.059825349599123,0.0,5,5,0.00580639997497201,0.0,0.00017613498494029045,0.0,0.0
ham18_pattern_mining,2026-03-19T14:07:09,0,577,97,0,1.0,0.001438772538676858,0.0,0.1544650923460722,0.1544650923460722,0.0,5,5,0.01510869525372982,0.0,0.00033781398087739944,0.0,0.0
ham18_pattern_mining,2026-03-19T14:07:09,0,578,97,1,0.99609375,0.0170554481446743,0.0,0.0381671404466033,0.0381671404466033,0.0,5,5,0.003666325006633997,0.0,0.00015038903802633286,0.0,0.0
ham18_pattern_mining,2026-03-19T14:07:09,0,579,97,2,0.99609375,0.0214686319231987,0.0,0.052805705927312374,0.052805705927312374,0.0,5,5,0.005095428321510553,0.0,0.00018514227122068405,0.0,0.0
ham18_pattern_mining,2026-03-19T14:07:09,0,580,97,3,1.0,0.007420394569635391,0.0,0.032544513233006,0.032544513233006,0.0,5,5,0.0031363661400973797,0.0,0.00011808518320322037,0.0,0.0
ham18_pattern_mining,2026-03-19T14:07:11,0,581,97,4,0.9921875,0.026081718504428864,0.0,0.0332274055108428,0.0332274055108428,0.0,5,5,0.003200661391019821,0.0,0.00012207916006445885,0.0,0.0
ham18_pattern_mining,2026-03-19T14:07:11,0,582,97,5,0.5,1.0686345100402832,0.0,0.055729919113218784,0.055729919113218784,0.0,5,5,0.00535958306863904,0.0,0.00021340884268283844,0.0,0.0
ham18_pattern_mining,2026-03-19T14:07:13,1,577,97,0,1.0,0.002373608760535717,0.0,0.16394393984228373,0.16394393984228373,0.0,5,5,0.016071210149675608,0.0,0.0003231838345527649,0.0,0.0
ham18_pattern_mining,2026-03-19T14:07:14,1,578,97,1,0.99609375,0.01424393616616726,0.0,0.04238959401845932,0.04238959401845932,0.0,5,5,0.004101159051060677,0.0,0.00013780035078525543,0.0,0.0
ham18_pattern_mining,2026-03-19T14:07:14,1,579,97,2,1.0,0.012894507497549057,0.0,0.03828809130936861,0.03828809130936861,0.0,5,5,0.0036969822831451893,0.0,0.00013182684779167175,0.0,0.0
ham18_pattern_mining,2026-03-19T14:07:14,1,580,97,3,0.9921875,0.05519765242934227,0.0,0.036625778302550316,0.036625778302550316,0.0,5,5,0.0035250280052423477,0.0,0.00013754982501268387,0.0,0.0
ham18_pattern_mining,2026-03-19T14:07:15,1,581,97,4,0.9921875,0.028293857350945473,0.0,0.035161119885742664,0.035161119885742664,0.0,5,5,0.003386860713362694,0.0,0.00012925127521157265,0.0,0.0
ham18_pattern_mining,2026-03-19T14:07:15,1,582,97,5,1.0,0.03022771328687668,0.0,0.042044962756335735,0.042044962756335735,0.0,5,5,0.0040647792629897594,0.0,0.0001397170126438141,0.0,0.0
ham18_pattern_mining,2026-03-19T14:07:18,2,577,97,0,1.0,0.002038192003965378,0.0,0.15351418405771255,0.15351418405771255,0.0,5,5,0.015055298805236816,0.0,0.0002961196005344391,0.0,0.0
ham18_pattern_mining,2026-03-19T14:07:18,2,578,97,1,0.99609375,0.015685057267546654,0.0,0.05292247049510479,0.05292247049510479,0.0,5,5,0.005108672194182873,0.0,0.0001835748553276062,0.0,0.0
ham18_pattern_mining,2026-03-19T14:07:18,2,579,97,2,0.99609375,0.011562902480363846,0.0,0.032483721151947975,0.032483721151947975,0.0,5,5,0.0031329761259257793,0.0,0.00011539598926901817,0.0,0.0
ham18_pattern_mining,2026-03-19T14:07:19,2,580,97,3,0.99609375,0.01341966725885868,0.0,0.03886339254677296,0.03886339254677296,0.0,5,5,0.0037302211858332157,0.0,0.00015611806884407997,0.0,0.0
ham18_pattern_mining,2026-03-19T14:07:20,2,581,97,4,1.0,0.0059958649799227715,0.0,0.04643051419407129,0.04643051419407129,0.0,5,5,0.004485694225877523,0.0,0.00015735719352960587,0.0,0.0
ham18_pattern_mining,2026-03-19T14:07:20,2,582,97,5,0.0,6.842128753662109,0.0,0.038293031975626945,0.038293031975626945,0.0,5,5,0.003699749242514372,0.0,0.00012955395504832268,0.0,0.0
ham18_pattern_mining,2026-03-19T14:07:23,3,577,97,0,1.0,0.0014877722132951021,0.0,0.12875325046479702,0.12875325046479702,0.0,5,5,0.012590043246746063,0.0,0.00028528179973363876,0.0,0.0
ham18_pattern_mining,2026-03-19T14:07:23,3,578,97,1,1.0,0.006420401856303215,0.0,0.060444967821240425,0.060444967821240425,0.0,5,5,0.0058733937330543995,0.0,0.00017110304906964302,0.0,0.0
ham18_pattern_mining,2026-03-19T14:07:23,3,579,97,2,1.0,0.004137679003179073,0.0,0.033822846598923206,0.033822846598923206,0.0,5,5,0.0032614003866910934,0.0,0.00012088427320122719,0.0,0.0
ham18_pattern_mining,2026-03-19T14:07:23,3,580,97,3,0.984375,0.027445340529084206,0.0,0.037097460590302944,0.037097460590302944,0.0,5,5,0.0035831909626722336,0.0,0.00012655509635806084,0.0,0.0
ham18_pattern_mining,2026-03-19T14:07:25,3,581,97,4,1.0,0.006038582883775234,0.0,0.05576553754508495,0.05576553754508495,0.0,5,5,0.0053529576398432255,0.0,0.00022359611466526985,0.0,0.0
ham18_pattern_mining,2026-03-19T14:07:25,3,582,97,5,0.5,0.8896657228469849,0.0,0.04772851709276438,0.04772851709276438,0.0,5,5,0.004612657707184553,0.0,0.0001601940020918846,0.0,0.0
ham18_pattern_mining,2026-03-19T14:07:28,4,577,97,0,1.0,0.0024789548479020596,0.0,0.15084661543369293,0.15084661543369293,0.0,5,5,0.014830774627625942,0.0,0.000253886915743351,0.0,0.0
ham18_pattern_mining,2026-03-19T14:07:28,4,578,97,1,1.0,0.0032931261230260134,0.0,0.05358818918466568,0.05358818918466568,0.0,5,5,0.005187676753848791,0.0,0.00017114216461777687,0.0,0.0
ham18_pattern_mining,2026-03-19T14:07:28,4,579,97,2,0.984375,0.06122405827045441,0.0,0.038296449929475784,0.038296449929475784,0.0,5,5,0.003698681015521288,0.0,0.0001309639774262905,0.0,0.0
ham18_pattern_mining,2026-03-19T14:07:28,4,580,97,3,0.99609375,0.019997721537947655,0.0,0.047097792848944664,0.047097792848944664,0.0,5,5,0.004555467050522566,0.0,0.00015431223437190056,0.0,0.0
ham18_pattern_mining,2026-03-19T14:07:30,4,581,97,4,0.9921875,0.029981601983308792,0.0,0.054654316045343876,0.054654316045343876,0.0,5,5,0.005291360896080732,0.0,0.00017407070845365524,0.0,0.0
ham18_pattern_mining,2026-03-19T14:07:30,4,582,97,5,1.0,0.005536223296076059,0.0,0.05968034267425537,0.05968034267425537,0.0,5,5,0.005786661058664322,0.0,0.0001813732087612152,0.0,0.0
ham18_pattern_mining,2026-03-19T14:07:37,0,583,98,0,1.0,0.002453668974339962,0.0,0.15310907736420631,0.15310907736420631,0.0,5,5,0.014944249764084816,0.0,0.00036665797233581543,0.0,0.0
ham18_pattern_mining,2026-03-19T14:07:37,0,584,98,1,0.99609375,0.014696942642331123,0.0,0.05394119303673506,0.05394119303673506,0.0,5,5,0.00524174002930522,0.0,0.00015237927436828613,0.0,0.0
ham18_pattern_mining,2026-03-19T14:07:37,0,585,98,2,1.0,0.002254159888252616,0.0,0.054363938979804516,0.054363938979804516,0.0,5,5,0.005275136791169643,0.0,0.00016125710681080818,0.0,0.0
ham18_pattern_mining,2026-03-19T14:07:38,0,586,98,3,0.98828125,0.028413932770490646,0.0,0.033211708068847656,0.033211708068847656,0.0,5,5,0.0032001598738133907,0.0,0.00012101093307137489,0.0,0.0
ham18_pattern_mining,2026-03-19T14:07:39,0,587,98,4,1.0,0.010337653569877148,0.0,0.052870018407702446,0.052870018407702446,0.0,5,5,0.005039590876549482,0.0,0.00024741096422076225,0.0,0.0
ham18_pattern_mining,2026-03-19T14:07:39,0,588,98,5,0.5,2.5555789470672607,0.0,0.03828931134194136,0.03828931134194136,0.0,5,5,0.003696163184940815,0.0,0.0001327679492533207,0.0,0.0
ham18_pattern_mining,2026-03-19T14:07:42,1,583,98,0,1.0,0.001585970283485949,0.0,0.14052686281502247,0.14052686281502247,0.0,5,5,0.013754120096564293,0.0,0.00029856618493795395,0.0,0.0
ham18_pattern_mining,2026-03-19T14:07:42,1,584,98,1,1.0,0.008607110939919949,0.0,0.052947583608329296,0.052947583608329296,0.0,5,5,0.0051420750096440315,0.0,0.0001526833511888981,0.0,0.0
ham18_pattern_mining,2026-03-19T14:07:42,1,585,98,2,1.0,0.008696045726537704,0.0,0.03425672650337219,0.03425672650337219,0.0,5,5,0.0032959473319351673,0.0,0.00012972531840205193,0.0,0.0
ham18_pattern_mining,2026-03-19T14:07:42,1,586,98,3,1.0,0.0064882258884608746,0.0,0.038890112191438675,0.038890112191438675,0.0,5,5,0.003714744932949543,0.0,0.0001742662861943245,0.0,0.0
ham18_pattern_mining,2026-03-19T14:07:44,1,587,98,4,0.99609375,0.015975378453731537,0.0,0.03360128961503506,0.03360128961503506,0.0,5,5,0.0032358006574213505,0.0,0.00012432830408215523,0.0,0.0
ham18_pattern_mining,2026-03-19T14:07:44,1,588,98,5,0.0,6.137831687927246,0.0,0.04109487868845463,0.04109487868845463,0.0,5,5,0.003933039028197527,0.0,0.00017644884064793587,0.0,0.0
ham18_pattern_mining,2026-03-19T14:07:47,2,583,98,0,1.0,0.00224774656817317,0.0,0.14264407567679882,0.14264407567679882,0.0,5,5,0.01397806778550148,0.0,0.00028633978217840195,0.0,0.0
ham18_pattern_mining,2026-03-19T14:07:47,2,584,98,1,0.98046875,0.04519931226968765,0.0,0.035346043296158314,0.035346043296158314,0.0,5,5,0.003395345062017441,0.0,0.00013925926759839058,0.0,0.0
ham18_pattern_mining,2026-03-19T14:07:47,2,585,98,2,1.0,0.0047429511323571205,0.0,0.032424130477011204,0.032424130477011204,0.0,5,5,0.0031241499818861485,0.0,0.00011826306581497192,0.0,0.0
ham18_pattern_mining,2026-03-19T14:07:47,2,586,98,3,0.9921875,0.026570193469524384,0.0,0.03207414876669645,0.03207414876669645,0.0,5,5,0.0030914251692593098,0.0,0.00011598970741033554,0.0,0.0
ham18_pattern_mining,2026-03-19T14:07:49,2,587,98,4,0.9921875,0.017344322055578232,0.0,0.05200725980103016,0.05200725980103016,0.0,5,5,0.005028689745813608,0.0,0.00017203623428940773,0.0,0.0
ham18_pattern_mining,2026-03-19T14:07:49,2,588,98,5,0.5,1.07804536819458,0.0,0.04116183612495661,0.04116183612495661,0.0,5,5,0.0039619263261556625,0.0,0.00015425728633999825,0.0,0.0
ham18_pattern_mining,2026-03-19T14:07:51,3,583,98,0,1.0,0.0017168698832392693,0.0,0.15880780294537544,0.15880780294537544,0.0,5,5,0.015528288204222918,0.0,0.0003524920903146267,0.0,0.0
ham18_pattern_mining,2026-03-19T14:07:52,3,584,98,1,0.98828125,0.02776825800538063,0.0,0.05418978165835142,0.05418978165835142,0.0,5,5,0.005265841260552406,0.0,0.00015313690528273582,0.0,0.0
ham18_pattern_mining,2026-03-19T14:07:52,3,585,98,2,1.0,0.003363202325999737,0.0,0.05715487990528345,0.05715487990528345,0.0,5,5,0.005482540000230074,0.0,0.00023294799029827118,0.0,0.0
ham18_pattern_mining,2026-03-19T14:07:52,3,586,98,3,0.99609375,0.015604652464389801,0.0,0.04424811340868473,0.04424811340868473,0.0,5,5,0.004281074274331331,0.0,0.0001437370665371418,0.0,0.0
ham18_pattern_mining,2026-03-19T14:07:53,3,587,98,4,0.9921875,0.025482289493083954,0.0,0.042691887356340885,0.042691887356340885,0.0,5,5,0.004123348742723465,0.0,0.00014583999291062355,0.0,0.0
ham18_pattern_mining,2026-03-19T14:07:53,3,588,98,5,0.5,3.9650840759277344,0.0,0.05499010439962149,0.05499010439962149,0.0,5,5,0.005295337177813053,0.0,0.00020367326214909554,0.0,0.0
ham18_pattern_mining,2026-03-19T14:07:56,4,583,98,0,1.0,0.0014427141286432743,0.0,0.19198206719011068,0.19198206719011068,0.0,5,5,0.018705446738749743,0.0,0.0004927599802613258,0.0,0.0
ham18_pattern_mining,2026-03-19T14:07:56,4,584,98,1,0.99609375,0.009093713946640491,0.0,0.04192918073385954,0.04192918073385954,0.0,5,5,0.004031835123896599,0.0,0.0001610829494893551,0.0,0.0
ham18_pattern_mining,2026-03-19T14:07:56,4,585,98,2,0.99609375,0.011084350757300854,0.0,0.0326563511043787,0.0326563511043787,0.0,5,5,0.0031463871710002422,0.0,0.00011924793943762779,0.0,0.0
ham18_pattern_mining,2026-03-19T14:07:56,4,586,98,3,1.0,0.008392440155148506,0.0,0.05137280095368624,0.05137280095368624,0.0,5,5,0.004942921921610832,0.0,0.00019435817375779152,0.0,0.0
ham18_pattern_mining,2026-03-19T14:07:58,4,587,98,4,0.99609375,0.008321324363350868,0.0,0.03839218523353338,0.03839218523353338,0.0,5,5,0.003700350411236286,0.0,0.00013886811211705208,0.0,0.0
ham18_pattern_mining,2026-03-19T14:07:58,4,588,98,5,1.0,0.004566953983157873,0.0,0.043080225586891174,0.043080225586891174,0.0,5,5,0.00416384544223547,0.0,0.0001441771164536476,0.0,0.0
ham18_pattern_mining,2026-03-19T14:08:06,0,589,99,0,1.0,0.0010053948499262333,0.0,0.1451181387528777,0.1451181387528777,0.0,5,5,0.014186957851052284,0.0,0.000324856024235487,0.0,0.0
ham18_pattern_mining,2026-03-19T14:08:06,0,590,99,1,1.0,0.0032126212026923895,0.0,0.0395469693467021,0.0395469693467021,0.0,5,5,0.003819673787802458,0.0,0.00013502314686775208,0.0,0.0
ham18_pattern_mining,2026-03-19T14:08:06,0,591,99,2,0.99609375,0.020524222403764725,0.0,0.03403342328965664,0.03403342328965664,0.0,5,5,0.0032786033116281033,0.0,0.00012473901733756065,0.0,0.0
ham18_pattern_mining,2026-03-19T14:08:06,0,592,99,3,1.0,0.009784096851944923,0.0,0.05234032869338989,0.05234032869338989,0.0,5,5,0.005076746456325054,0.0,0.0001572864130139351,0.0,0.0
ham18_pattern_mining,2026-03-19T14:08:08,0,593,99,4,1.0,0.013993395492434502,0.0,0.04963852930814028,0.04963852930814028,0.0,5,5,0.004800388123840094,0.0,0.00016346480697393417,0.0,0.0
ham18_pattern_mining,2026-03-19T14:08:08,0,594,99,5,1.0,0.1445770561695099,0.0,0.05826955661177635,0.05826955661177635,0.0,5,5,0.0056337048299610615,0.0,0.00019325083121657372,0.0,0.0
ham18_pattern_mining,2026-03-19T14:08:10,1,589,99,0,1.0,0.005880994256585836,0.0,0.13107121922075748,0.13107121922075748,0.0,5,5,0.01274351729080081,0.0,0.0003636046312749386,0.0,0.0
ham18_pattern_mining,2026-03-19T14:08:10,1,590,99,1,0.99609375,0.014053521677851677,0.0,0.056093563325703144,0.056093563325703144,0.0,5,5,0.005427299067378044,0.0,0.00018205726519227028,0.0,0.0
ham18_pattern_mining,2026-03-19T14:08:10,1,591,99,2,0.99609375,0.011614835821092129,0.0,0.036334129981696606,0.036334129981696606,0.0,5,5,0.0035204607993364334,0.0,0.00011295219883322716,0.0,0.0
ham18_pattern_mining,2026-03-19T14:08:11,1,592,99,3,1.0,0.007004492450505495,0.0,0.0459201168268919,0.0459201168268919,0.0,5,5,0.004450976382941008,0.0,0.0001410352997481823,0.0,0.0
ham18_pattern_mining,2026-03-19T14:08:12,1,593,99,4,0.97265625,0.06497951596975327,0.0,0.034355297684669495,0.034355297684669495,0.0,5,5,0.0033152210526168346,0.0,0.00012030871585011482,0.0,0.0
ham18_pattern_mining,2026-03-19T14:08:12,1,594,99,5,1.0,0.06404425203800201,0.0,0.05782349035143852,0.05782349035143852,0.0,5,5,0.005540207959711552,0.0,0.00024214107543230057,0.0,0.0
ham18_pattern_mining,2026-03-19T14:08:15,2,589,99,0,1.0,0.005070701707154512,0.0,0.14874926302582026,0.14874926302582026,0.0,5,5,0.01458094920963049,0.0,0.0002939770929515362,0.0,0.0
ham18_pattern_mining,2026-03-19T14:08:15,2,590,99,1,1.0,0.010382373817265034,0.0,0.04104606341570616,0.04104606341570616,0.0,5,5,0.003949356265366077,0.0,0.00015525007620453835,0.0,0.0
ham18_pattern_mining,2026-03-19T14:08:15,2,591,99,2,0.99609375,0.021373677998781204,0.0,0.03332728985697031,0.03332728985697031,0.0,5,5,0.0032149148173630238,0.0,0.00011781416833400726,0.0,0.0
ham18_pattern_mining,2026-03-19T14:08:15,2,592,99,3,0.99609375,0.015006602741777897,0.0,0.03684238065034151,0.03684238065034151,0.0,5,5,0.0035372786223888397,0.0,0.00014695944264531136,0.0,0.0
ham18_pattern_mining,2026-03-19T14:08:17,2,593,99,4,0.98828125,0.03915205970406532,0.0,0.033966642804443836,0.033966642804443836,0.0,5,5,0.0032633161172270775,0.0,0.00013334816321730614,0.0,0.0
ham18_pattern_mining,2026-03-19T14:08:17,2,594,99,5,0.5,0.9598066210746765,0.0,0.05807289853692055,0.05807289853692055,0.0,5,5,0.005617731716483831,0.0,0.00018955813720822334,0.0,0.0
ham18_pattern_mining,2026-03-19T14:08:19,3,589,99,0,1.0,0.0013618400553241372,0.0,0.1340929325670004,0.1340929325670004,0.0,5,5,0.013155166059732437,0.0,0.0002541271969676018,0.0,0.0
ham18_pattern_mining,2026-03-19T14:08:20,3,590,99,1,0.99609375,0.0117757897824049,0.0,0.04529851023107767,0.04529851023107767,0.0,5,5,0.004375610034912825,0.0,0.00015424098819494247,0.0,0.0
ham18_pattern_mining,2026-03-19T14:08:20,3,591,99,2,0.99609375,0.015072818845510483,0.0,0.037211496382951736,0.037211496382951736,0.0,5,5,0.0035965456627309322,0.0,0.0001246039755642414,0.0,0.0
ham18_pattern_mining,2026-03-19T14:08:20,3,592,99,3,0.98828125,0.018256962299346924,0.0,0.03521864302456379,0.03521864302456379,0.0,5,5,0.003386237658560276,0.0,0.0001356266438961029,0.0,0.0
ham18_pattern_mining,2026-03-19T14:08:21,3,593,99,4,0.99609375,0.018734976649284363,0.0,0.03422710578888655,0.03422710578888655,0.0,5,5,0.003286752849817276,0.0,0.0001359577290713787,0.0,0.0
ham18_pattern_mining,2026-03-19T14:08:21,3,594,99,5,0.5,0.5913172364234924,0.0,0.05386540200561285,0.05386540200561285,0.0,5,5,0.005177915096282959,0.0,0.00020862510427832603,0.0,0.0
ham18_pattern_mining,2026-03-19T14:08:24,4,589,99,0,1.0,0.0025019925087690353,0.0,0.1751069026067853,0.1751069026067853,0.0,5,5,0.01708270190283656,0.0,0.00042798835784196854,0.0,0.0
ham18_pattern_mining,2026-03-19T14:08:24,4,590,99,1,0.99609375,0.014551346190273762,0.0,0.06152937654405832,0.06152937654405832,0.0,5,5,0.005925179924815893,0.0,0.00022775772958993912,0.0,0.0
ham18_pattern_mining,2026-03-19T14:08:24,4,591,99,2,0.99609375,0.014310983940958977,0.0,0.04177136346697807,0.04177136346697807,0.0,5,5,0.004039098042994738,0.0,0.0001380383037030697,0.0,0.0
ham18_pattern_mining,2026-03-19T14:08:24,4,592,99,3,0.99609375,0.010298555716872215,0.0,0.03936854191124439,0.03936854191124439,0.0,5,5,0.003809837158769369,0.0,0.00012701703235507011,0.0,0.0
ham18_pattern_mining,2026-03-19T14:08:26,4,593,99,4,1.0,0.009234081953763962,0.0,0.03521230071783066,0.03521230071783066,0.0,5,5,0.0033941040746867657,0.0,0.00012712599709630013,0.0,0.0
ham18_pattern_mining,2026-03-19T14:08:26,4,594,99,5,0.0,5.893656253814697,0.0,0.04333736840635538,0.04333736840635538,0.0,5,5,0.004181475844234228,0.0,0.00015226099640130997,0.0,0.0
ham18_pattern_mining,2026-03-19T14:08:33,0,595,100,0,1.0,0.0018817535601556301,0.0,0.17338786274194717,0.17338786274194717,0.0,5,5,0.016919723246246576,0.0,0.0004190630279481411,0.0,0.0
ham18_pattern_mining,2026-03-19T14:08:33,0,596,100,1,0.984375,0.03118637017905712,0.0,0.04867690149694681,0.04867690149694681,0.0,5,5,0.004689536988735199,0.0,0.0001781531609594822,0.0,0.0
ham18_pattern_mining,2026-03-19T14:08:33,0,597,100,2,1.0,0.007256093434989452,0.0,0.03640003968030214,0.03640003968030214,0.0,5,5,0.0035116770304739475,0.0,0.00012832693755626678,0.0,0.0
ham18_pattern_mining,2026-03-19T14:08:33,0,598,100,3,0.9921875,0.023846564814448357,0.0,0.03599043935537338,0.03599043935537338,0.0,5,5,0.003476899117231369,0.0,0.00012214481830596924,0.0,0.0
ham18_pattern_mining,2026-03-19T14:08:35,0,599,100,4,0.99609375,0.019797440618276596,0.0,0.03297103103250265,0.03297103103250265,0.0,5,5,0.003173657227307558,0.0,0.00012344587594270706,0.0,0.0
ham18_pattern_mining,2026-03-19T14:08:35,0,600,100,5,0.5,0.7178186178207397,0.0,0.0422457093372941,0.0422457093372941,0.0,5,5,0.004034298937767744,0.0,0.0001902719959616661,0.0,0.0
ham18_pattern_mining,2026-03-19T14:08:37,1,595,100,0,1.0,0.0018945267656818032,0.0,0.18196777440607548,0.18196777440607548,0.0,5,5,0.017787291202694178,0.0,0.00040948623791337013,0.0,0.0
ham18_pattern_mining,2026-03-19T14:08:37,1,596,100,1,1.0,0.002718654926866293,0.0,0.03821695223450661,0.03821695223450661,0.0,5,5,0.003683554008603096,0.0,0.0001381412148475647,0.0,0.0
ham18_pattern_mining,2026-03-19T14:08:37,1,597,100,2,0.984375,0.06312191486358643,0.0,0.04975478630512953,0.04975478630512953,0.0,5,5,0.0047908867709338665,0.0,0.0001845918595790863,0.0,0.0
ham18_pattern_mining,2026-03-19T14:08:38,1,598,100,3,0.99609375,0.008219250477850437,0.0,0.03730849828571081,0.03730849828571081,0.0,5,5,0.0036027408204972744,0.0,0.00012810900807380676,0.0,0.0
ham18_pattern_mining,2026-03-19T14:08:39,1,599,100,4,0.99609375,0.01937473937869072,0.0,0.03752489108592272,0.03752489108592272,0.0,5,5,0.0036238529719412327,0.0,0.00012863613665103912,0.0,0.0
ham18_pattern_mining,2026-03-19T14:08:39,1,600,100,5,1.0,0.02022029273211956,0.0,0.035923123359680176,0.035923123359680176,0.0,5,5,0.0034645702689886093,0.0,0.00012774206697940826,0.0,0.0
ham18_pattern_mining,2026-03-19T14:08:42,2,595,100,0,1.0,0.0011380346259102225,0.0,0.13569066766649485,0.13569066766649485,0.0,5,5,0.013298762030899525,0.0,0.00027030473574995995,0.0,0.0
ham18_pattern_mining,2026-03-19T14:08:42,2,596,100,1,1.0,0.006907129194587469,0.0,0.05735448095947504,0.05735448095947504,0.0,5,5,0.005550431087613106,0.0,0.00018501700833439827,0.0,0.0
ham18_pattern_mining,2026-03-19T14:08:42,2,597,100,2,0.99609375,0.008519099093973637,0.0,0.03298559691756964,0.03298559691756964,0.0,5,5,0.003181835636496544,0.0,0.00011672405526041985,0.0,0.0
ham18_pattern_mining,2026-03-19T14:08:42,2,598,100,3,0.98046875,0.04769686609506607,0.0,0.05631705280393362,0.05631705280393362,0.0,5,5,0.005441662855446339,0.0,0.0001900424249470234,0.0,0.0
ham18_pattern_mining,2026-03-19T14:08:44,2,599,100,4,1.0,0.007230394519865513,0.0,0.033488618209958076,0.033488618209958076,0.0,5,5,0.0032270681113004684,0.0,0.0001217937096953392,0.0,0.0
ham18_pattern_mining,2026-03-19T14:08:44,2,600,100,5,0.0,4.072632789611816,0.0,0.06121575366705656,0.06121575366705656,0.0,5,5,0.005926559213548899,0.0,0.00019501615315675735,0.0,0.0
ham18_pattern_mining,2026-03-19T14:08:46,3,595,100,0,1.0,0.0008043393027037382,0.0,0.15660981182008982,0.15660981182008982,0.0,5,5,0.015380968805402517,0.0,0.0002800123766064644,0.0,0.0
ham18_pattern_mining,2026-03-19T14:08:47,3,596,100,1,0.99609375,0.012898916378617287,0.0,0.03948917146772146,0.03948917146772146,0.0,5,5,0.003822403959929943,0.0,0.00012651318684220314,0.0,0.0
ham18_pattern_mining,2026-03-19T14:08:47,3,597,100,2,0.99609375,0.00844260212033987,0.0,0.049521769396960735,0.049521769396960735,0.0,5,5,0.004769885912537575,0.0,0.00018229102715849876,0.0,0.0
ham18_pattern_mining,2026-03-19T14:08:47,3,598,100,3,1.0,0.0058171916753053665,0.0,0.051952372305095196,0.051952372305095196,0.0,5,5,0.005034964065998793,0.0,0.00016027316451072693,0.0,0.0
ham18_pattern_mining,2026-03-19T14:08:48,3,599,100,4,0.98828125,0.027754930779337883,0.0,0.0544438511133194,0.0544438511133194,0.0,5,5,0.005280931014567614,0.0,0.0001634540967643261,0.0,0.0
ham18_pattern_mining,2026-03-19T14:08:48,3,600,100,5,1.0,0.022300196811556816,0.0,0.03613070119172335,0.03613070119172335,0.0,5,5,0.003480954095721245,0.0,0.00013211602345108986,0.0,0.0
ham18_pattern_mining,2026-03-19T14:08:51,4,595,100,0,1.0,0.0012378691462799907,0.0,0.13256262056529522,0.13256262056529522,0.0,5,5,0.013005838729441166,0.0,0.000250423327088356,0.0,0.0
ham18_pattern_mining,2026-03-19T14:08:51,4,596,100,1,0.99609375,0.008967016823589802,0.0,0.054726763628423214,0.054726763628423214,0.0,5,5,0.005286610219627619,0.0,0.0001860661432147026,0.0,0.0
ham18_pattern_mining,2026-03-19T14:08:51,4,597,100,2,1.0,0.00284510082565248,0.0,0.05404117051512003,0.05404117051512003,0.0,5,5,0.005249592009931803,0.0,0.0001545250415802002,0.0,0.0
ham18_pattern_mining,2026-03-19T14:08:51,4,598,100,3,1.0,0.006345190107822418,0.0,0.03344321623444557,0.03344321623444557,0.0,5,5,0.0032268287613987923,0.0,0.00011749286204576492,0.0,0.0
ham18_pattern_mining,2026-03-19T14:08:53,4,599,100,4,0.99609375,0.006745561491698027,0.0,0.03360798116773367,0.03360798116773367,0.0,5,5,0.0032349438406527042,0.0,0.0001258542761206627,0.0,0.0
ham18_pattern_mining,2026-03-19T14:08:53,4,600,100,5,1.0,0.006685508880764246,0.0,0.059131188318133354,0.059131188318133354,0.0,5,5,0.005726967938244343,0.0,0.00018615089356899261,0.0,0.0
