exp_name,timestamp,client_idx,global_round,epoch,batch_idx,acc,loss,comm_time,comp_time,comp_time_client,comp_time_server,cut1,cut2,t_front,t_middle,t_back,smashed1_numel,smashed2_numel
ham_mbv2_pattern_mining,2026-02-07T03:29:16,0,1,1,0,0.04296875,2.14278507232666,20.5620896,0.33260338328545913,0.32723379030358046,0.005369592981878668,1,2,0.011887587024830282,0.005369592981878668,0.020835792005527765,19267584.0,6422528.0
ham_mbv2_pattern_mining,2026-02-07T03:29:16,0,2,1,1,0.04296875,2.069922924041748,20.5620896,0.11364962602965534,0.1114731200505048,0.0021765059791505337,1,2,0.0027226789970882237,0.0021765059791505337,0.008424633007962257,19267584.0,6422528.0
ham_mbv2_pattern_mining,2026-02-07T03:29:17,0,3,1,2,0.078125,1.977999210357666,20.5620896,0.06419059523614123,0.06289138022111729,0.0012992150150239468,1,2,0.0015956420102156699,0.0012992150150239468,0.004693496011896059,19267584.0,6422528.0
ham_mbv2_pattern_mining,2026-02-07T03:29:17,0,4,1,3,0.17578125,1.947218418121338,20.5620896,0.06252758004120551,0.06129182002041489,0.0012357600207906216,1,2,0.001589118008268997,0.0012357600207906216,0.004540063993772492,19267584.0,6422528.0
ham_mbv2_pattern_mining,2026-02-07T03:29:18,0,5,1,4,0.29296875,1.923130750656128,20.5620896,0.06162995082559064,0.06042203982360661,0.00120791100198403,1,2,0.001545246981550008,0.00120791100198403,0.004496957000810653,19267584.0,6422528.0
ham_mbv2_pattern_mining,2026-02-07T03:29:18,0,6,1,5,0.5,1.8998008966445923,0.1705632,0.08102062391117215,0.07985089992871508,0.0011697239824570715,1,2,0.001475925004342571,0.0011697239824570715,0.006509164988528937,150528.0,50176.0
ham_mbv2_pattern_mining,2026-02-07T03:29:21,1,1,1,0,0.0625,2.104959726333618,20.5620896,0.40119784089620225,0.3956216698861681,0.005576171010034159,1,2,0.011311789974570274,0.005576171010034159,0.028250377014046535,19267584.0,6422528.0
ham_mbv2_pattern_mining,2026-02-07T03:29:21,1,2,1,1,0.03515625,2.057363986968994,20.5620896,0.07679973402991891,0.07533180003520101,0.001467933994717896,1,2,0.0018932689854409546,0.001467933994717896,0.005639911018079147,19267584.0,6422528.0
ham_mbv2_pattern_mining,2026-02-07T03:29:21,1,3,1,2,0.06640625,1.996902346611023,20.5620896,0.07658613024977967,0.07512174022849649,0.0014643900212831795,1,2,0.001881305011920631,0.0014643900212831795,0.005630869010929018,19267584.0,6422528.0
ham_mbv2_pattern_mining,2026-02-07T03:29:22,1,4,1,3,0.09375,1.9593918323516846,20.5620896,0.07576639499166049,0.07431220001308247,0.0014541949785780162,1,2,0.001816442993003875,0.0014541949785780162,0.005614777008304372,19267584.0,6422528.0
ham_mbv2_pattern_mining,2026-02-07T03:29:23,1,5,1,4,0.21484375,1.889587640762329,20.5620896,0.07585833888151683,0.07440983987180516,0.001448499009711668,1,2,0.0018684219976421446,0.001448499009711668,0.0055725619895383716,19267584.0,6422528.0
ham_mbv2_pattern_mining,2026-02-07T03:29:23,1,6,1,5,0.5,1.9024271965026855,0.1705632,0.09925461673992686,0.0976256697322242,0.0016289470077026635,1,2,0.0020244709739927202,0.0016289470077026635,0.007738095999229699,150528.0,50176.0
ham_mbv2_pattern_mining,2026-02-07T03:29:26,2,1,1,0,0.0390625,2.139950752258301,20.5620896,0.46056119599961676,0.45205444999737665,0.008506746002240106,1,2,0.014063762006117031,0.008506746002240106,0.031141682993620634,19267584.0,6422528.0
ham_mbv2_pattern_mining,2026-02-07T03:29:27,2,2,1,1,0.0625,2.058926582336426,20.5620896,0.07639132108306512,0.074916270095855,0.0014750509872101247,1,2,0.0018011119973380119,0.0014750509872101247,0.005690515012247488,19267584.0,6422528.0
ham_mbv2_pattern_mining,2026-02-07T03:29:27,2,3,1,2,0.05078125,2.0109269618988037,20.5620896,0.05873360327677801,0.057584880269132555,0.001148723007645458,1,2,0.001372542028548196,0.001148723007645458,0.0043859459983650595,19267584.0,6422528.0
ham_mbv2_pattern_mining,2026-02-07T03:29:27,2,4,1,3,0.09765625,1.9347577095031738,20.5620896,0.05876000103307888,0.05761081003583968,0.0011491909972392023,1,2,0.0013791729870717973,0.0011491909972392023,0.0043819080165121704,19267584.0,6422528.0
ham_mbv2_pattern_mining,2026-02-07T03:29:28,2,5,1,4,0.22265625,1.8923861980438232,20.5620896,0.07839729110128246,0.07688876008614898,0.0015085310151334852,1,2,0.0019407480140216649,0.0015085310151334852,0.005748127994593233,19267584.0,6422528.0
ham_mbv2_pattern_mining,2026-02-07T03:29:28,2,6,1,5,0.5,1.9916139841079712,0.1705632,0.10390521783847362,0.10224851983366534,0.001656698004808277,1,2,0.0020544409926515073,0.001656698004808277,0.008170410990715027,150528.0,50176.0
ham_mbv2_pattern_mining,2026-02-07T03:29:31,3,1,1,0,0.06640625,2.1136932373046875,20.5620896,0.3341194379609078,0.32847263995790854,0.005646798002999276,1,2,0.011423996009398252,0.005646798002999276,0.021423267986392602,19267584.0,6422528.0
ham_mbv2_pattern_mining,2026-02-07T03:29:32,3,2,1,1,0.07421875,2.0714409351348877,20.5620896,0.15140664868522435,0.14848510967567563,0.0029215390095487237,1,2,0.0036150139931123704,0.0029215390095487237,0.011233496974455193,19267584.0,6422528.0
ham_mbv2_pattern_mining,2026-02-07T03:29:32,3,3,1,2,0.0703125,2.0001049041748047,20.5620896,0.07489366817753762,0.07345637015532702,0.001437298022210598,1,2,0.0017712440167088062,0.001437298022210598,0.005574392998823896,19267584.0,6422528.0
ham_mbv2_pattern_mining,2026-02-07T03:29:32,3,4,1,3,0.17578125,1.939384937286377,20.5620896,0.07416272209957242,0.0727226200979203,0.0014401020016521215,1,2,0.0017216230044141412,0.0014401020016521215,0.005550639005377889,19267584.0,6422528.0
ham_mbv2_pattern_mining,2026-02-07T03:29:33,3,5,1,4,0.27734375,1.893075704574585,20.5620896,0.07813348804484122,0.07661587005713955,0.0015176179877016693,1,2,0.0018746980058494955,0.0015176179877016693,0.005786888999864459,19267584.0,6422528.0
ham_mbv2_pattern_mining,2026-02-07T03:29:33,3,6,1,5,0.0,1.9152159690856934,0.1705632,0.09279121638974175,0.0912140603759326,0.0015771560138091445,1,2,0.0018681440269574523,0.0015771560138091445,0.007253262010635808,150528.0,50176.0
ham_mbv2_pattern_mining,2026-02-07T03:29:37,4,1,1,0,0.04296875,2.1345791816711426,20.5620896,0.3394450460909866,0.3337620000820607,0.005683046008925885,1,2,0.011083946999860927,0.005683046008925885,0.022292253008345142,19267584.0,6422528.0
ham_mbv2_pattern_mining,2026-02-07T03:29:37,4,2,1,1,0.05078125,2.0549590587615967,20.5620896,0.09302877989830449,0.09120431990595534,0.0018244599923491478,1,2,0.002196191984694451,0.0018244599923491478,0.006924240005901083,19267584.0,6422528.0
ham_mbv2_pattern_mining,2026-02-07T03:29:37,4,3,1,2,0.0859375,1.991686224937439,20.5620896,0.0755312361579854,0.07409992016619071,0.0014313159917946905,1,2,0.0017911260074470192,0.0014313159917946905,0.005618866009172052,19267584.0,6422528.0
ham_mbv2_pattern_mining,2026-02-07T03:29:37,4,4,1,3,0.12109375,1.9462099075317383,20.5620896,0.07371335825882852,0.07226241024909541,0.0014509480097331107,1,2,0.0017059940146282315,0.0014509480097331107,0.0055202470102813095,19267584.0,6422528.0
ham_mbv2_pattern_mining,2026-02-07T03:29:38,4,5,1,4,0.19921875,1.883071780204773,20.5620896,0.07600068324245512,0.07451213023159653,0.0014885530108585954,1,2,0.0018218500190414488,0.0014885530108585954,0.005629363004118204,19267584.0,6422528.0
ham_mbv2_pattern_mining,2026-02-07T03:29:39,4,6,1,5,0.0,1.930078148841858,0.09028159999999999,0.08230442315107211,0.08076432015514001,0.0015401029959321022,1,2,0.0019408829975873232,0.0015401029959321022,0.006135549017926678,75264.0,25088.0
ham_mbv2_pattern_mining,2026-02-07T03:29:47,0,7,2,0,0.54296875,1.7820911407470703,20.5620896,0.4153933443885762,0.4084371603676118,0.006956184020964429,1,2,0.010549609025474638,0.006956184020964429,0.030294107011286542,19267584.0,6422528.0
ham_mbv2_pattern_mining,2026-02-07T03:29:47,0,8,2,1,0.6015625,1.7300877571105957,20.5620896,0.06659873915486969,0.06532332015922293,0.0012754189956467599,1,2,0.0017122230201493949,0.0012754189956467599,0.004820108995772898,19267584.0,6422528.0
ham_mbv2_pattern_mining,2026-02-07T03:29:47,0,9,2,2,0.6328125,1.6748275756835938,20.5620896,0.06067974978941493,0.05958512978395447,0.001094620005460456,1,2,0.0014351499848999083,0.001094620005460456,0.004523362993495539,19267584.0,6422528.0
ham_mbv2_pattern_mining,2026-02-07T03:29:47,0,10,2,3,0.6328125,1.6533048152923584,20.5620896,0.060031262022675946,0.058860470016952604,0.0011707920057233423,1,2,0.001431657001376152,0.0011707920057233423,0.004454390000319108,19267584.0,6422528.0
ham_mbv2_pattern_mining,2026-02-07T03:29:49,0,11,2,4,0.6640625,1.5987513065338135,20.5620896,0.06070765989716165,0.05957952991593629,0.0011281299812253565,1,2,0.0014622629969380796,0.0011281299812253565,0.0044956899946555495,19267584.0,6422528.0
ham_mbv2_pattern_mining,2026-02-07T03:29:49,0,12,2,5,0.0,2.191729784011841,0.1705632,0.0746661510784179,0.07351428008405492,0.0011518709943629801,1,2,0.0014061880065128207,0.0011518709943629801,0.005945240001892671,150528.0,50176.0
ham_mbv2_pattern_mining,2026-02-07T03:29:52,1,7,2,0,0.51171875,1.793787956237793,20.5620896,0.3136443559487816,0.30823848996078596,0.0054058659879956394,1,2,0.01106821300345473,0.0054058659879956394,0.019755635992623866,19267584.0,6422528.0
ham_mbv2_pattern_mining,2026-02-07T03:29:52,1,8,2,1,0.58203125,1.7416912317276,20.5620896,0.07503113106940873,0.07355784007813781,0.0014732909912709147,1,2,0.001860465999925509,0.0014732909912709147,0.005495318007888272,19267584.0,6422528.0
ham_mbv2_pattern_mining,2026-02-07T03:29:52,1,9,2,2,0.5703125,1.7082244157791138,20.5620896,0.07305767619982362,0.07165589020587504,0.0014017859939485788,1,2,0.001690826000412926,0.0014017859939485788,0.005474763020174578,19267584.0,6422528.0
ham_mbv2_pattern_mining,2026-02-07T03:29:52,1,10,2,3,0.59375,1.667757511138916,20.5620896,0.07260853794286959,0.07119104993762448,0.0014174880052451044,1,2,0.0016417869774159044,0.0014174880052451044,0.005477318016346544,19267584.0,6422528.0
ham_mbv2_pattern_mining,2026-02-07T03:29:54,1,11,2,4,0.66015625,1.5913407802581787,20.5620896,0.07443535895436071,0.07300041994312778,0.0014349390112329274,1,2,0.0017299150058533996,0.0014349390112329274,0.0055701269884593785,19267584.0,6422528.0
ham_mbv2_pattern_mining,2026-02-07T03:29:54,1,12,2,5,1.0,1.276113510131836,0.1705632,0.07764627662254497,0.07638935960130766,0.0012569170212373137,1,2,0.001531000976683572,0.0012569170212373137,0.006107934983447194,150528.0,50176.0
ham_mbv2_pattern_mining,2026-02-07T03:29:57,2,7,2,0,0.5,1.7705564498901367,20.5620896,0.4405699281487614,0.43329889012966305,0.0072710380190983415,1,2,0.012749440997140482,0.0072710380190983415,0.030580448015825823,19267584.0,6422528.0
ham_mbv2_pattern_mining,2026-02-07T03:29:57,2,8,2,1,0.58203125,1.746721625328064,20.5620896,0.07867947593331337,0.07711287995334715,0.0015665959799662232,1,2,0.0017922859988175333,0.0015665959799662232,0.005919001996517181,19267584.0,6422528.0
ham_mbv2_pattern_mining,2026-02-07T03:29:57,2,9,2,2,0.6171875,1.6934328079223633,20.5620896,0.07468389099813066,0.07324967999011278,0.0014342110080178827,1,2,0.0017236729909200221,0.0014342110080178827,0.005601295008091256,19267584.0,6422528.0
ham_mbv2_pattern_mining,2026-02-07T03:29:57,2,10,2,3,0.62109375,1.6461176872253418,20.5620896,0.07351149633177556,0.0721006203093566,0.001410876022418961,1,2,0.0016980220098048449,0.001410876022418961,0.005512040021130815,19267584.0,6422528.0
ham_mbv2_pattern_mining,2026-02-07T03:29:59,2,11,2,4,0.6484375,1.5805853605270386,20.5620896,0.07525324789457954,0.07380931987427175,0.0014439280203077942,1,2,0.0017641650047153234,0.0014439280203077942,0.005616766982711852,19267584.0,6422528.0
ham_mbv2_pattern_mining,2026-02-07T03:29:59,2,12,2,5,1.0,1.417787790298462,0.1705632,0.0910145009693224,0.08950646995799616,0.0015080310113262385,1,2,0.001841060002334416,0.0015080310113262385,0.0071095869934652,150528.0,50176.0
ham_mbv2_pattern_mining,2026-02-07T03:30:02,3,7,2,0,0.5546875,1.7739973068237305,20.5620896,0.40318341928650625,0.3971491302945651,0.006034288991941139,1,2,0.012266839010408148,0.006034288991941139,0.027448074019048363,19267584.0,6422528.0
ham_mbv2_pattern_mining,2026-02-07T03:30:02,3,8,2,1,0.55859375,1.7336450815200806,20.5620896,0.058921472140355036,0.05781345011200756,0.0011080220283474773,1,2,0.0014708300004713237,0.0011080220283474773,0.004310515010729432,19267584.0,6422528.0
ham_mbv2_pattern_mining,2026-02-07T03:30:02,3,9,2,2,0.6015625,1.6804945468902588,20.5620896,0.05939304403727874,0.05823910003527999,0.0011539440019987524,1,2,0.0015005320019554347,0.0011539440019987524,0.004323378001572564,19267584.0,6422528.0
ham_mbv2_pattern_mining,2026-02-07T03:30:02,3,10,2,3,0.6015625,1.6495927572250366,20.5620896,0.06031195612740703,0.05917074013268575,0.0011412159947212785,1,2,0.0014364520029630512,0.0011412159947212785,0.004480622010305524,19267584.0,6422528.0
ham_mbv2_pattern_mining,2026-02-07T03:30:04,3,11,2,4,0.65234375,1.565440058708191,20.5620896,0.06421085208421573,0.0629795400891453,0.0012313119950704277,1,2,0.0015473119856324047,0.0012313119950704277,0.004750642023282126,19267584.0,6422528.0
ham_mbv2_pattern_mining,2026-02-07T03:30:04,3,12,2,5,0.5,1.7053154706954956,0.1705632,0.09103461485938169,0.08969972986960784,0.0013348849897738546,1,2,0.0030139209993649274,0.0013348849897738546,0.005956051987595856,150528.0,50176.0
ham_mbv2_pattern_mining,2026-02-07T03:30:07,4,7,2,0,0.5,1.7846508026123047,20.5620896,0.5130046090052929,0.5047878000186756,0.008216808986617252,1,2,0.014507493993733078,0.008216808986617252,0.035971286008134484,19267584.0,6422528.0
ham_mbv2_pattern_mining,2026-02-07T03:30:07,4,8,2,1,0.578125,1.7265900373458862,20.5620896,0.07542246207594872,0.07394843007205054,0.0014740320038981736,1,2,0.001766147994203493,0.0014740320038981736,0.005628695013001561,19267584.0,6422528.0
ham_mbv2_pattern_mining,2026-02-07T03:30:07,4,9,2,2,0.62890625,1.6852083206176758,20.5620896,0.07321339618647471,0.07178151019616053,0.0014318859903141856,1,2,0.0017020910163410008,0.0014318859903141856,0.005476060003275052,19267584.0,6422528.0
ham_mbv2_pattern_mining,2026-02-07T03:30:08,4,10,2,3,0.59375,1.6452001333236694,20.5620896,0.07389423725544475,0.07246211025631055,0.0014321269991341978,1,2,0.0016907360113691539,0.0014321269991341978,0.005555475014261901,19267584.0,6422528.0
ham_mbv2_pattern_mining,2026-02-07T03:30:09,4,11,2,4,0.609375,1.610910177230835,20.5620896,0.07658110896591097,0.07512434996897355,0.001456758996937424,1,2,0.0018950839876197278,0.001456758996937424,0.005617351009277627,19267584.0,6422528.0
ham_mbv2_pattern_mining,2026-02-07T03:30:09,4,12,2,5,1.0,1.3251311779022217,0.09028159999999999,0.08327681801165454,0.08171989000402391,0.0015569280076306313,1,2,0.001974432001588866,0.0015569280076306313,0.006197556998813525,75264.0,25088.0
ham_mbv2_pattern_mining,2026-02-07T03:30:17,0,13,3,0,0.65625,1.5312944650650024,20.5620896,0.2841602769913152,0.27919398999074474,0.004966287000570446,1,2,0.00803219701629132,0.004966287000570446,0.019887201982783154,19267584.0,6422528.0
ham_mbv2_pattern_mining,2026-02-07T03:30:17,0,14,3,1,0.67578125,1.453243613243103,20.5620896,0.09336054738378152,0.09155236039077863,0.0018081869930028915,1,2,0.00234988602460362,0.0018081869930028915,0.006805350014474243,19267584.0,6422528.0
ham_mbv2_pattern_mining,2026-02-07T03:30:17,0,15,3,2,0.69921875,1.403213620185852,20.5620896,0.07550026912940666,0.07406501012155786,0.0014352590078487992,1,2,0.0018264660029672086,0.0014352590078487992,0.0055800350091885775,19267584.0,6422528.0
ham_mbv2_pattern_mining,2026-02-07T03:30:18,0,16,3,3,0.66015625,1.393819808959961,20.5620896,0.07578706889762543,0.07435868988977745,0.0014283790078479797,1,2,0.0018047839985229075,0.0014283790078479797,0.005631084990454838,19267584.0,6422528.0
ham_mbv2_pattern_mining,2026-02-07T03:30:19,0,17,3,4,0.67578125,1.339373230934143,20.5620896,0.07626979000633582,0.07484394998755306,0.0014258400187827647,1,2,0.0018406629969831556,0.0014258400187827647,0.00564373200177215,19267584.0,6422528.0
ham_mbv2_pattern_mining,2026-02-07T03:30:19,0,18,3,5,0.5,1.6688495874404907,0.1705632,0.0982845610124059,0.09676888003014028,0.0015156809822656214,1,2,0.0018661759968381375,0.0015156809822656214,0.0078107120061758906,150528.0,50176.0
ham_mbv2_pattern_mining,2026-02-07T03:30:23,1,13,3,0,0.6484375,1.522231101989746,20.5620896,0.44715039918082766,0.439587400178425,0.007562999002402648,1,2,0.01356787100667134,0.007562999002402648,0.030390869011171162,19267584.0,6422528.0
ham_mbv2_pattern_mining,2026-02-07T03:30:23,1,14,3,1,0.62890625,1.5010735988616943,20.5620896,0.06333412975072861,0.06210476974956691,0.0012293600011616945,1,2,0.0014791309949941933,0.0012293600011616945,0.004731345979962498,19267584.0,6422528.0
ham_mbv2_pattern_mining,2026-02-07T03:30:23,1,15,3,2,0.6328125,1.4702564477920532,20.5620896,0.0579966896912083,0.05686707969289273,0.0011296099983155727,1,2,0.0013487009855452925,0.0011296099983155727,0.0043380069837439805,19267584.0,6422528.0
ham_mbv2_pattern_mining,2026-02-07T03:30:23,1,16,3,3,0.6484375,1.403869867324829,20.5620896,0.06431147799594328,0.06308304000413045,0.0012284379918128252,1,2,0.0015970800013747066,0.0012284379918128252,0.004711223999038339,19267584.0,6422528.0
ham_mbv2_pattern_mining,2026-02-07T03:30:25,1,17,3,4,0.671875,1.3546335697174072,20.5620896,0.06337324477499351,0.06214448978425935,0.00122875499073416,1,2,0.0016347249911632389,0.00122875499073416,0.004579723987262696,19267584.0,6422528.0
ham_mbv2_pattern_mining,2026-02-07T03:30:25,1,18,3,5,0.5,1.372910737991333,0.1705632,0.07694788291701116,0.07576556992717087,0.001182312989840284,1,2,0.0015037569974083453,0.001182312989840284,0.006072799995308742,150528.0,50176.0
ham_mbv2_pattern_mining,2026-02-07T03:30:27,2,13,3,0,0.64453125,1.5027003288269043,20.5620896,0.3093326238449663,0.3042380098486319,0.005094613996334374,1,2,0.010752208007033914,0.005094613996334374,0.019671592977829278,19267584.0,6422528.0
ham_mbv2_pattern_mining,2026-02-07T03:30:28,2,14,3,1,0.671875,1.4821420907974243,20.5620896,0.13385174379800446,0.1312365898047574,0.002615153993247077,1,2,0.0033881480048876256,0.002615153993247077,0.009735510975588113,19267584.0,6422528.0
ham_mbv2_pattern_mining,2026-02-07T03:30:28,2,15,3,2,0.64453125,1.4673848152160645,20.5620896,0.0642826926195994,0.06306386960204691,0.001218823017552495,1,2,0.0015163429779931903,0.001218823017552495,0.0047900439822115,19267584.0,6422528.0
ham_mbv2_pattern_mining,2026-02-07T03:30:28,2,16,3,3,0.75390625,1.310215711593628,20.5620896,0.06194639593013562,0.060773619916290045,0.0011727760138455778,1,2,0.0013927659892942756,0.0011727760138455778,0.004684596002334729,19267584.0,6422528.0
ham_mbv2_pattern_mining,2026-02-07T03:30:29,2,17,3,4,0.65625,1.3773694038391113,20.5620896,0.05879695588373579,0.05767853988800198,0.0011184159957338125,1,2,0.0014587129990104586,0.0011184159957338125,0.004309140989789739,19267584.0,6422528.0
ham_mbv2_pattern_mining,2026-02-07T03:30:29,2,18,3,5,1.0,0.8819637298583984,0.1705632,0.08083250388153829,0.07941505988128483,0.0014174440002534539,1,2,0.0016784759936854243,0.0014174440002534539,0.006263029994443059,150528.0,50176.0
ham_mbv2_pattern_mining,2026-02-07T03:30:32,3,13,3,0,0.625,1.530516266822815,20.5620896,0.3082369711191859,0.30300306010758504,0.005233911011600867,1,2,0.010598380991723388,0.005233911011600867,0.019701925019035116,19267584.0,6422528.0
ham_mbv2_pattern_mining,2026-02-07T03:30:32,3,14,3,1,0.73046875,1.400794267654419,20.5620896,0.08969181176507846,0.0878843097598292,0.0018075020052492619,1,2,0.0021033879893366247,0.0018075020052492619,0.006685042986646295,19267584.0,6422528.0
ham_mbv2_pattern_mining,2026-02-07T03:30:32,3,15,3,2,0.671875,1.414501428604126,20.5620896,0.059904757188633084,0.05874890019185841,0.0011558569967746735,1,2,0.0015188310062512755,0.0011558569967746735,0.0043560590129345655,19267584.0,6422528.0
ham_mbv2_pattern_mining,2026-02-07T03:30:33,3,16,3,3,0.65625,1.3855952024459839,20.5620896,0.05821052999817766,0.05710780998924747,0.0011027200089301914,1,2,0.0014251059910748154,0.0011027200089301914,0.004285675007849932,19267584.0,6422528.0
ham_mbv2_pattern_mining,2026-02-07T03:30:33,3,17,3,4,0.6796875,1.3433504104614258,20.5620896,0.059822567680384964,0.05868731968803331,0.0011352479923516512,1,2,0.0014916769869159907,0.0011352479923516512,0.0043770549818873405,19267584.0,6422528.0
ham_mbv2_pattern_mining,2026-02-07T03:30:33,3,18,3,5,1.0,0.9041038155555725,0.1705632,0.0735414621012751,0.07238960009999573,0.001151862001279369,1,2,0.0014579840062651783,0.001151862001279369,0.005780976003734395,150528.0,50176.0
ham_mbv2_pattern_mining,2026-02-07T03:30:36,4,13,3,0,0.66796875,1.4848741292953491,20.5620896,0.3117599217221141,0.30649896973045543,0.005260951991658658,1,2,0.011090437998063862,0.005260951991658658,0.01955945897498168,19267584.0,6422528.0
ham_mbv2_pattern_mining,2026-02-07T03:30:36,4,14,3,1,0.63671875,1.4802556037902832,20.5620896,0.0834142150124535,0.08189421001588926,0.0015200049965642393,1,2,0.0022800230071879923,0.0015200049965642393,0.005909397994400933,19267584.0,6422528.0
ham_mbv2_pattern_mining,2026-02-07T03:30:37,4,15,3,2,0.703125,1.404297947883606,20.5620896,0.07405040180310607,0.07261745980940759,0.0014329419936984777,1,2,0.001695072976872325,0.0014329419936984777,0.005566673004068434,19267584.0,6422528.0
ham_mbv2_pattern_mining,2026-02-07T03:30:37,4,16,3,3,0.640625,1.4171947240829468,20.5620896,0.07432107013300993,0.0728572701336816,0.0014637999993283302,1,2,0.0016732120129745454,0.0014637999993283302,0.005612515000393614,19267584.0,6422528.0
ham_mbv2_pattern_mining,2026-02-07T03:30:38,4,17,3,4,0.65234375,1.3764526844024658,20.5620896,0.07598081300966442,0.07453261001501232,0.0014482029946520925,1,2,0.0018240109784528613,0.0014482029946520925,0.005629250023048371,19267584.0,6422528.0
ham_mbv2_pattern_mining,2026-02-07T03:30:38,4,18,3,5,0.0,2.705066680908203,0.09028159999999999,0.08300822685123421,0.08150243986165151,0.0015057869895827025,1,2,0.0018897969857789576,0.0015057869895827025,0.006260447000386193,75264.0,25088.0
ham_mbv2_pattern_mining,2026-02-07T03:30:46,0,19,4,0,0.734375,1.2003953456878662,20.5620896,0.3958465401083231,0.3880584301077761,0.007788110000547022,1,2,0.011707678000675514,0.007788110000547022,0.027098165010102093,19267584.0,6422528.0
ham_mbv2_pattern_mining,2026-02-07T03:30:47,0,20,4,1,0.625,1.330621600151062,20.5620896,0.07780117582296953,0.07628517982084304,0.0015159960021264851,1,2,0.0019930669805034995,0.0015159960021264851,0.005635451001580805,19267584.0,6422528.0
ham_mbv2_pattern_mining,2026-02-07T03:30:47,0,21,4,2,0.64453125,1.2399461269378662,20.5620896,0.07569444869295694,0.07427030970575288,0.00142413898720406,1,2,0.0018279579817317426,0.00142413898720406,0.005599072988843545,19267584.0,6422528.0
ham_mbv2_pattern_mining,2026-02-07T03:30:47,0,22,4,3,0.6796875,1.2130345106124878,20.5620896,0.07538829109398648,0.07395396009087563,0.0014343310031108558,1,2,0.0018226570100523531,0.0014343310031108558,0.005572738999035209,19267584.0,6422528.0
ham_mbv2_pattern_mining,2026-02-07T03:30:48,0,23,4,4,0.703125,1.1416099071502686,20.5620896,0.07546954188728705,0.07404712989227846,0.0014224119950085878,1,2,0.001775369979441166,0.0014224119950085878,0.00562934300978668,19267584.0,6422528.0
ham_mbv2_pattern_mining,2026-02-07T03:30:48,0,24,4,5,1.0,0.7633013725280762,0.1705632,0.09764309017919004,0.09615720016881824,0.0014858900103718042,1,2,0.0018649710109457374,0.0014858900103718042,0.007750749005936086,150528.0,50176.0
ham_mbv2_pattern_mining,2026-02-07T03:30:51,1,19,4,0,0.6015625,1.388154149055481,20.5620896,0.4455753968504723,0.4387931598466821,0.006782237003790215,1,2,0.013372496992815286,0.006782237003790215,0.030506818991852924,19267584.0,6422528.0
ham_mbv2_pattern_mining,2026-02-07T03:30:52,1,20,4,1,0.6953125,1.243154764175415,20.5620896,0.07309289672411978,0.07164222974097356,0.0014506669831462204,1,2,0.0016960079956334084,0.0014506669831462204,0.005468214978463948,19267584.0,6422528.0
ham_mbv2_pattern_mining,2026-02-07T03:30:52,1,21,4,2,0.6640625,1.250260353088379,20.5620896,0.1277251519204583,0.12525878992164508,0.002466361998813227,1,2,0.0028278180107008666,0.002466361998813227,0.009698060981463641,19267584.0,6422528.0
ham_mbv2_pattern_mining,2026-02-07T03:30:52,1,22,4,3,0.71875,1.0908782482147217,20.5620896,0.07568634688504972,0.07424960989737883,0.0014367369876708835,1,2,0.0018623729993123561,0.0014367369876708835,0.005562587990425527,19267584.0,6422528.0
ham_mbv2_pattern_mining,2026-02-07T03:30:53,1,23,4,4,0.59375,1.274916172027588,20.5620896,0.07607016203110106,0.07459724001819268,0.0014729220129083842,1,2,0.0018367349985055625,0.0014729220129083842,0.005622989003313705,19267584.0,6422528.0
ham_mbv2_pattern_mining,2026-02-07T03:30:53,1,24,4,5,1.0,0.6873213052749634,0.1705632,0.0920386980578769,0.09051625005668029,0.001522448001196608,1,2,0.0018122390029020607,0.001522448001196608,0.0072393860027659684,150528.0,50176.0
ham_mbv2_pattern_mining,2026-02-07T03:30:57,2,19,4,0,0.66015625,1.3126486539840698,20.5620896,0.3779698571015615,0.3714270400814712,0.006542817020090297,1,2,0.012236934009706602,0.006542817020090297,0.02490576999844052,19267584.0,6422528.0
ham_mbv2_pattern_mining,2026-02-07T03:30:57,2,20,4,1,0.69921875,1.1969571113586426,20.5620896,0.08752672310220078,0.08586089010350406,0.0016658329986967146,1,2,0.00222778701572679,0.0016658329986967146,0.006358301994623616,19267584.0,6422528.0
ham_mbv2_pattern_mining,2026-02-07T03:30:57,2,21,4,2,0.70703125,1.191871166229248,20.5620896,0.07439874106785282,0.07297767006093636,0.0014210710069164634,1,2,0.0017622529994696379,0.0014210710069164634,0.005535514006623998,19267584.0,6422528.0
ham_mbv2_pattern_mining,2026-02-07T03:30:57,2,22,4,3,0.671875,1.213637351989746,20.5620896,0.0734144899470266,0.07197658997029066,0.0014378999767359346,1,2,0.0017036120116245002,0.0014378999767359346,0.005494046985404566,19267584.0,6422528.0
ham_mbv2_pattern_mining,2026-02-07T03:30:59,2,23,4,4,0.6796875,1.1641188859939575,20.5620896,0.07604057193384506,0.07455874991137534,0.0014818220224697143,1,2,0.001758827012963593,0.0014818220224697143,0.005697047978173941,19267584.0,6422528.0
ham_mbv2_pattern_mining,2026-02-07T03:30:59,2,24,4,5,0.5,1.2769758701324463,0.1705632,0.09169244670192711,0.09017725969897583,0.0015151870029512793,1,2,0.001808403991162777,0.0015151870029512793,0.007209321978734806,150528.0,50176.0
ham_mbv2_pattern_mining,2026-02-07T03:31:01,3,19,4,0,0.6875,1.269505262374878,20.5620896,0.3361498679732904,0.3304130199830979,0.005736847990192473,1,2,0.012256223999429494,0.005736847990192473,0.020785077998880297,19267584.0,6422528.0
ham_mbv2_pattern_mining,2026-02-07T03:31:02,3,20,4,1,0.671875,1.2676467895507812,20.5620896,0.07678605581168085,0.07532389980042353,0.0014621560112573206,1,2,0.0019148749997839332,0.0014621560112573206,0.00561751498025842,19267584.0,6422528.0
ham_mbv2_pattern_mining,2026-02-07T03:31:02,3,21,4,2,0.7109375,1.1450271606445312,20.5620896,0.07488350494531915,0.07344654994085431,0.001436955004464835,1,2,0.001743834000080824,0.001436955004464835,0.005600820994004607,19267584.0,6422528.0
ham_mbv2_pattern_mining,2026-02-07T03:31:02,3,22,4,3,0.65625,1.222373604774475,20.5620896,0.07542521102004685,0.0739673399948515,0.0014578710251953453,1,2,0.0017458370130043477,0.0014578710251953453,0.005650896986480802,19267584.0,6422528.0
ham_mbv2_pattern_mining,2026-02-07T03:31:04,3,23,4,4,0.671875,1.1556651592254639,20.5620896,0.08020705592934974,0.07874275994254276,0.0014642959868069738,1,2,0.0018756010103970766,0.0014642959868069738,0.0059986749838571995,19267584.0,6422528.0
ham_mbv2_pattern_mining,2026-02-07T03:31:04,3,24,4,5,0.5,1.1915290355682373,0.1705632,0.08067619890789501,0.07942839991301298,0.0012477989948820323,1,2,0.0015587859961669892,0.0012477989948820323,0.006384053995134309,150528.0,50176.0
ham_mbv2_pattern_mining,2026-02-07T03:31:07,4,19,4,0,0.71875,1.2401225566864014,20.5620896,0.3301381560158916,0.32496767002157867,0.005170485994312912,1,2,0.010991857998305932,0.005170485994312912,0.021504909003851935,19267584.0,6422528.0
ham_mbv2_pattern_mining,2026-02-07T03:31:07,4,20,4,1,0.66015625,1.2928202152252197,20.5620896,0.06661527513642795,0.06535593012813479,0.0012593450082931668,1,2,0.001628565019927919,0.0012593450082931668,0.00490702799288556,19267584.0,6422528.0
ham_mbv2_pattern_mining,2026-02-07T03:31:07,4,21,4,2,0.65625,1.2491508722305298,20.5620896,0.05893821991048753,0.057793369924183935,0.0011448499863035977,1,2,0.0013972989981994033,0.0011448499863035977,0.00438203799421899,19267584.0,6422528.0
ham_mbv2_pattern_mining,2026-02-07T03:31:07,4,22,4,3,0.66796875,1.1893727779388428,20.5620896,0.06429748691152781,0.06312988989520818,0.0011675970163196325,1,2,0.0013634019996970892,0.0011675970163196325,0.004949586989823729,19267584.0,6422528.0
ham_mbv2_pattern_mining,2026-02-07T03:31:09,4,23,4,4,0.64453125,1.2329955101013184,20.5620896,0.06318390290834941,0.06199636991368607,0.0011875329946633428,1,2,0.0015179009933490306,0.0011875329946633428,0.004681735998019576,19267584.0,6422528.0
ham_mbv2_pattern_mining,2026-02-07T03:31:09,4,24,4,5,1.0,0.6549031734466553,0.09028159999999999,0.06798723881365731,0.0667118898127228,0.0012753490009345114,1,2,0.0015463249874301255,0.0012753490009345114,0.005124863993842155,75264.0,25088.0
ham_mbv2_pattern_mining,2026-02-07T03:31:16,0,25,5,0,0.65625,1.1563208103179932,20.5620896,0.2939778598083649,0.28887987980851904,0.0050979799998458475,1,2,0.009066892991540954,0.0050979799998458475,0.01982109498931095,19267584.0,6422528.0
ham_mbv2_pattern_mining,2026-02-07T03:31:17,0,26,5,1,0.6875,1.0975477695465088,20.5620896,0.08128036171547137,0.07978108973475173,0.0014992719807196409,1,2,0.0021512559906113893,0.0014992719807196409,0.005826852982863784,19267584.0,6422528.0
ham_mbv2_pattern_mining,2026-02-07T03:31:17,0,27,5,2,0.67578125,1.0687894821166992,20.5620896,0.07863333300338127,0.07720964000327513,0.001423693000106141,1,2,0.0018104519986081868,0.001423693000106141,0.005910512001719326,19267584.0,6422528.0
ham_mbv2_pattern_mining,2026-02-07T03:31:17,0,28,5,3,0.69921875,1.0266296863555908,20.5620896,0.07447764088283293,0.07306307990802452,0.0014145609748084098,1,2,0.0017582539876457304,0.0014145609748084098,0.005548054003156722,19267584.0,6422528.0
ham_mbv2_pattern_mining,2026-02-07T03:31:19,0,29,5,4,0.67578125,1.068373441696167,20.5620896,0.07503410405479372,0.07362225005635992,0.0014118539984337986,1,2,0.00180747002013959,0.0014118539984337986,0.005554754985496402,19267584.0,6422528.0
ham_mbv2_pattern_mining,2026-02-07T03:31:19,0,30,5,5,0.5,0.8801212906837463,0.1705632,0.09197005303576589,0.09049913001945242,0.0014709230163134634,1,2,0.0017923249979503453,0.0014709230163134634,0.007257588003994897,150528.0,50176.0
ham_mbv2_pattern_mining,2026-02-07T03:31:22,1,25,5,0,0.65625,1.1358550786972046,20.5620896,0.31892082406557165,0.31372783007100224,0.005192993994569406,1,2,0.011134809989016503,0.005192993994569406,0.02023797301808372,19267584.0,6422528.0
ham_mbv2_pattern_mining,2026-02-07T03:31:22,1,26,5,1,0.6875,1.0674946308135986,20.5620896,0.08411196523229592,0.08246819023042917,0.001643775001866743,1,2,0.0020997720130253583,0.001643775001866743,0.006147047010017559,19267584.0,6422528.0
ham_mbv2_pattern_mining,2026-02-07T03:31:22,1,27,5,2,0.65625,1.104236125946045,20.5620896,0.07523272279649973,0.07379614980891347,0.0014365729875862598,1,2,0.0017888169968500733,0.0014365729875862598,0.005590797984041274,19267584.0,6422528.0
ham_mbv2_pattern_mining,2026-02-07T03:31:22,1,28,5,3,0.64453125,1.1183949708938599,20.5620896,0.07443303763284348,0.07301253965124488,0.0014204979815986007,1,2,0.0017577769758645445,0.0014204979815986007,0.005543476989259943,19267584.0,6422528.0
ham_mbv2_pattern_mining,2026-02-07T03:31:23,1,29,5,4,0.640625,1.1330411434173584,20.5620896,0.07645636110100895,0.07501195010263473,0.0014444109983742237,1,2,0.0018557829898782074,0.0014444109983742237,0.005645412020385265,19267584.0,6422528.0
ham_mbv2_pattern_mining,2026-02-07T03:31:24,1,30,5,5,0.5,1.1050256490707397,0.1705632,0.11498904394102283,0.11348853993695229,0.0015005040040705353,1,2,0.0017620289872866124,0.0015005040040705353,0.009586825006408617,150528.0,50176.0
ham_mbv2_pattern_mining,2026-02-07T03:31:27,2,25,5,0,0.6796875,1.1036428213119507,20.5620896,0.40905822889180854,0.4030262999003753,0.006031928991433233,1,2,0.01335944898892194,0.006031928991433233,0.02694318100111559,19267584.0,6422528.0
ham_mbv2_pattern_mining,2026-02-07T03:31:27,2,26,5,1,0.71875,1.0525016784667969,20.5620896,0.09245182576705702,0.09077301976503804,0.0016788060020189732,1,2,0.0022188549919519573,0.0016788060020189732,0.006858446984551847,19267584.0,6422528.0
ham_mbv2_pattern_mining,2026-02-07T03:31:27,2,27,5,2,0.67578125,1.1010494232177734,20.5620896,0.0885249889397528,0.08689726993907243,0.0016277190006803721,1,2,0.0019847090006805956,0.0016277190006803721,0.006705017993226647,19267584.0,6422528.0
ham_mbv2_pattern_mining,2026-02-07T03:31:27,2,28,5,3,0.67578125,1.101172924041748,20.5620896,0.07425748798414133,0.07280710997292772,0.0014503780112136155,1,2,0.0017445989942643791,0.0014503780112136155,0.005536112003028393,19267584.0,6422528.0
ham_mbv2_pattern_mining,2026-02-07T03:31:29,2,29,5,4,0.6796875,1.0185284614562988,20.5620896,0.10044787000515498,0.09860680002020672,0.0018410699849482626,1,2,0.002381104015512392,0.0018410699849482626,0.00747957598650828,19267584.0,6422528.0
ham_mbv2_pattern_mining,2026-02-07T03:31:29,2,30,5,5,1.0,0.48481184244155884,0.1705632,0.09024525916902348,0.08871643018210307,0.0015288289869204164,1,2,0.00184589100535959,0.0015288289869204164,0.007025752012850717,150528.0,50176.0
ham_mbv2_pattern_mining,2026-02-07T03:31:32,3,25,5,0,0.671875,1.1251111030578613,20.5620896,0.38293520201114006,0.37737184000434354,0.005563362006796524,1,2,0.011585849017137662,0.005563362006796524,0.026151334983296692,19267584.0,6422528.0
ham_mbv2_pattern_mining,2026-02-07T03:31:32,3,26,5,1,0.66015625,1.10061776638031,20.5620896,0.06423116408404894,0.06299989006947726,0.0012312740145716816,1,2,0.001555327995447442,0.0012312740145716816,0.004744661011500284,19267584.0,6422528.0
ham_mbv2_pattern_mining,2026-02-07T03:31:32,3,27,5,2,0.703125,1.0388364791870117,20.5620896,0.062223489076131955,0.061058840074110776,0.0011646490020211786,1,2,0.0014316430024337023,0.0011646490020211786,0.004674241004977375,19267584.0,6422528.0
ham_mbv2_pattern_mining,2026-02-07T03:31:33,3,28,5,3,0.671875,1.040794849395752,20.5620896,0.06027504790108651,0.05911407992243767,0.0011609679786488414,1,2,0.0014302489871624857,0.0011609679786488414,0.004481159005081281,19267584.0,6422528.0
ham_mbv2_pattern_mining,2026-02-07T03:31:34,3,29,5,4,0.6953125,0.9950800538063049,20.5620896,0.06094559302437119,0.05978942004730925,0.0011561729770619422,1,2,0.0015067450003698468,0.0011561729770619422,0.004472197004361078,19267584.0,6422528.0
ham_mbv2_pattern_mining,2026-02-07T03:31:34,3,30,5,5,0.5,1.0310546159744263,0.1705632,0.07296890916768461,0.07177395018516108,0.0011949589825235307,1,2,0.0014801320212427527,0.0011949589825235307,0.005697262997273356,150528.0,50176.0
ham_mbv2_pattern_mining,2026-02-07T03:31:37,4,25,5,0,0.73828125,1.0271620750427246,20.5620896,0.38138323128805496,0.3748598202946596,0.006523410993395373,1,2,0.012020620022667572,0.006523410993395373,0.025465362006798387,19267584.0,6422528.0
ham_mbv2_pattern_mining,2026-02-07T03:31:38,4,26,5,1,0.63671875,1.167842984199524,20.5620896,0.09918433713028207,0.09727157012093812,0.001912767009343952,1,2,0.0024890000058803707,0.001912767009343952,0.0072381570062134415,19267584.0,6422528.0
ham_mbv2_pattern_mining,2026-02-07T03:31:38,4,27,5,2,0.609375,1.2043404579162598,20.5620896,0.07412456610472873,0.07272804010426626,0.0013965260004624724,1,2,0.0018464480235707015,0.0013965260004624724,0.005426355986855924,19267584.0,6422528.0
ham_mbv2_pattern_mining,2026-02-07T03:31:38,4,28,5,3,0.66015625,1.09293794631958,20.5620896,0.06208641661214642,0.06090718961786479,0.0011792269942816347,1,2,0.0015665509854443371,0.0011792269942816347,0.004524167976342142,19267584.0,6422528.0
ham_mbv2_pattern_mining,2026-02-07T03:31:39,4,29,5,4,0.69921875,1.0409575700759888,20.5620896,0.0771506023593247,0.07566251035314053,0.0014880920061841607,1,2,0.00184876102139242,0.0014880920061841607,0.005717490013921633,19267584.0,6422528.0
ham_mbv2_pattern_mining,2026-02-07T03:31:39,4,30,5,5,1.0,0.41095754504203796,0.09028159999999999,0.08521856600418687,0.08369843999389559,0.0015201260102912784,1,2,0.001988058997085318,0.0015201260102912784,0.006381785002304241,75264.0,25088.0
ham_mbv2_pattern_mining,2026-02-07T03:31:47,0,31,6,0,0.66796875,1.0074875354766846,20.5620896,0.3098017638840247,0.3035371098667383,0.006264654017286375,1,2,0.009457078005652875,0.006264654017286375,0.020896632981020957,19267584.0,6422528.0
ham_mbv2_pattern_mining,2026-02-07T03:31:47,0,32,6,1,0.7109375,0.9400943517684937,20.5620896,0.06620889011537656,0.06494833010947332,0.001260560005903244,1,2,0.0016146679990924895,0.001260560005903244,0.004880165011854842,19267584.0,6422528.0
ham_mbv2_pattern_mining,2026-02-07T03:31:47,0,33,6,2,0.6171875,1.1426684856414795,20.5620896,0.05908183380961418,0.05797025980427861,0.0011115740053355694,1,2,0.0014088089810684323,0.0011115740053355694,0.004388216999359429,19267584.0,6422528.0
ham_mbv2_pattern_mining,2026-02-07T03:31:47,0,34,6,3,0.6796875,0.9968827962875366,20.5620896,0.06336110521806404,0.062194040219765157,0.0011670649982988834,1,2,0.001502608007285744,0.0011670649982988834,0.004716796014690772,19267584.0,6422528.0
ham_mbv2_pattern_mining,2026-02-07T03:31:49,0,35,6,4,0.71875,0.9522972106933594,20.5620896,0.06124801412806846,0.060156650142744184,0.0010913639853242785,1,2,0.0017169399943668395,0.0010913639853242785,0.004298725019907579,19267584.0,6422528.0
ham_mbv2_pattern_mining,2026-02-07T03:31:49,0,36,6,5,0.5,0.9079333543777466,0.1705632,0.07958577838144265,0.07834718038793653,0.0012385979935061187,1,2,0.0015646880201529711,0.0012385979935061187,0.006270030018640682,150528.0,50176.0
ham_mbv2_pattern_mining,2026-02-07T03:31:52,1,31,6,0,0.61328125,1.112865924835205,20.5620896,0.3608358477940783,0.35446548979962245,0.006370357994455844,1,2,0.012003908981569111,0.006370357994455844,0.023442639998393133,19267584.0,6422528.0
ham_mbv2_pattern_mining,2026-02-07T03:31:52,1,32,6,1,0.69140625,1.0292178392410278,20.5620896,0.06165535491891205,0.060447549913078547,0.0012078050058335066,1,2,0.0014541200071107596,0.0012078050058335066,0.004590634984197095,19267584.0,6422528.0
ham_mbv2_pattern_mining,2026-02-07T03:31:52,1,33,6,2,0.66796875,1.0212785005569458,20.5620896,0.06318835995625705,0.06201245996635407,0.0011758999899029732,1,2,0.0015372360066976398,0.0011758999899029732,0.004664009989937767,19267584.0,6422528.0
ham_mbv2_pattern_mining,2026-02-07T03:31:53,1,34,6,3,0.67578125,0.963195264339447,20.5620896,0.06022372515872121,0.059075500175822526,0.0011482249828986824,1,2,0.001429069001460448,0.0011482249828986824,0.004478481016121805,19267584.0,6422528.0
ham_mbv2_pattern_mining,2026-02-07T03:31:54,1,35,6,4,0.64453125,1.0347938537597656,20.5620896,0.060942986980080605,0.059847689990419894,0.00109529698966071,1,2,0.001646838994929567,0.00109529698966071,0.0043379300041124225,19267584.0,6422528.0
ham_mbv2_pattern_mining,2026-02-07T03:31:54,1,36,6,5,0.5,1.3817070722579956,0.1705632,0.07367879207595252,0.07252431008964777,0.001154481986304745,1,2,0.0014238260046113282,0.001154481986304745,0.005828605004353449,150528.0,50176.0
ham_mbv2_pattern_mining,2026-02-07T03:31:57,2,31,6,0,0.69140625,0.9900028705596924,20.5620896,0.2795176398358308,0.2750408198335208,0.004476820002309978,1,2,0.010496350994799286,0.004476820002309978,0.017007730988552794,19267584.0,6422528.0
ham_mbv2_pattern_mining,2026-02-07T03:31:57,2,32,6,1,0.65234375,1.0631290674209595,20.5620896,0.0892081749625504,0.08741872996324673,0.0017894449993036687,1,2,0.0020658919820562005,0.0017894449993036687,0.006675981014268473,19267584.0,6422528.0
ham_mbv2_pattern_mining,2026-02-07T03:31:58,2,33,6,2,0.69140625,0.9731501340866089,20.5620896,0.059005331713706255,0.057878089719451964,0.001127241994254291,1,2,0.0013849529786966741,0.001127241994254291,0.004402855993248522,19267584.0,6422528.0
ham_mbv2_pattern_mining,2026-02-07T03:31:58,2,34,6,3,0.73046875,0.9475517272949219,20.5620896,0.062470248085446656,0.06128050008555874,0.0011897479998879135,1,2,0.001506166998296976,0.0011897479998879135,0.004621883010258898,19267584.0,6422528.0
ham_mbv2_pattern_mining,2026-02-07T03:31:59,2,35,6,4,0.65625,1.0109822750091553,20.5620896,0.10452581229037605,0.10245018027490005,0.0020756320154760033,1,2,0.0024181390181183815,0.0020756320154760033,0.007826879009371623,19267584.0,6422528.0
ham_mbv2_pattern_mining,2026-02-07T03:31:59,2,36,6,5,1.0,0.3952969014644623,0.1705632,0.07939126415294595,0.07809905015164986,0.001292214001296088,1,2,0.0015439130074810237,0.001292214001296088,0.006265992007683963,150528.0,50176.0
ham_mbv2_pattern_mining,2026-02-07T03:32:02,3,31,6,0,0.703125,0.9917320013046265,20.5620896,0.3210019681719132,0.3158674601581879,0.005134508013725281,1,2,0.01118284001131542,0.005134508013725281,0.02040390600450337,19267584.0,6422528.0
ham_mbv2_pattern_mining,2026-02-07T03:32:02,3,32,6,1,0.66796875,1.0076498985290527,20.5620896,0.07601814591907896,0.07448499993188307,0.0015331459871958941,1,2,0.0018070900114253163,0.0015331459871958941,0.00564140998176299,19267584.0,6422528.0
ham_mbv2_pattern_mining,2026-02-07T03:32:02,3,33,6,2,0.69921875,0.9661521315574646,20.5620896,0.08654912610654719,0.08511707012075931,0.0014320559857878834,1,2,0.001734273013425991,0.0014320559857878834,0.00677743399864994,19267584.0,6422528.0
ham_mbv2_pattern_mining,2026-02-07T03:32:02,3,34,6,3,0.6875,0.9501219987869263,20.5620896,0.0745019139139913,0.07305740989977494,0.0014445040142163634,1,2,0.0017356229946017265,0.0014445040142163634,0.005570117995375767,19267584.0,6422528.0
ham_mbv2_pattern_mining,2026-02-07T03:32:03,3,35,6,4,0.64453125,0.9872825741767883,20.5620896,0.07502118544653058,0.07356256945058703,0.0014586159959435463,1,2,0.0017523289716336876,0.0014586159959435463,0.005603927973425016,19267584.0,6422528.0
ham_mbv2_pattern_mining,2026-02-07T03:32:03,3,36,6,5,0.5,1.3197474479675293,0.1705632,0.09084344891016372,0.0892925399239175,0.0015509089862462133,1,2,0.0018861400021705776,0.0015509089862462133,0.007043113990221173,150528.0,50176.0
ham_mbv2_pattern_mining,2026-02-07T03:32:07,4,31,6,0,0.66015625,1.0524163246154785,20.5620896,0.36722722079139203,0.3615268997964449,0.005700320994947106,1,2,0.011887647007824853,0.005700320994947106,0.02426504297181964,19267584.0,6422528.0
ham_mbv2_pattern_mining,2026-02-07T03:32:07,4,32,6,1,0.6875,0.9658399820327759,20.5620896,0.07488914593704976,0.07341185992117971,0.0014772860158700496,1,2,0.0017346289823763072,0.0014772860158700496,0.005606557009741664,19267584.0,6422528.0
ham_mbv2_pattern_mining,2026-02-07T03:32:07,4,33,6,2,0.64453125,1.0639253854751587,20.5620896,0.07534037352888845,0.07387478952296078,0.001465584005927667,1,2,0.0017566679744049907,0.001465584005927667,0.0056308109778910875,19267584.0,6422528.0
ham_mbv2_pattern_mining,2026-02-07T03:32:07,4,34,6,3,0.6484375,1.0737274885177612,20.5620896,0.07857546090963297,0.0770838899188675,0.0014915709907654673,1,2,0.0019264250004198402,0.0014915709907654673,0.00578196399146691,19267584.0,6422528.0
ham_mbv2_pattern_mining,2026-02-07T03:32:09,4,35,6,4,0.6953125,0.9927063584327698,20.5620896,0.06072948477230966,0.059562949754763395,0.0011665350175462663,1,2,0.001452233991585672,0.0011665350175462663,0.0045040609838906676,19267584.0,6422528.0
ham_mbv2_pattern_mining,2026-02-07T03:32:09,4,36,6,5,1.0,0.3522883355617523,0.09028159999999999,0.07083937292918563,0.0695602799532935,0.0012790929758921266,1,2,0.0016298010013997555,0.0012790929758921266,0.005326226993929595,75264.0,25088.0
ham_mbv2_pattern_mining,2026-02-07T03:32:17,0,37,7,0,0.69921875,0.9485375285148621,20.5620896,0.34064708309597336,0.335354850103613,0.005292232992360368,1,2,0.009246089000953361,0.005292232992360368,0.024289396009407938,19267584.0,6422528.0
ham_mbv2_pattern_mining,2026-02-07T03:32:17,0,38,7,1,0.67578125,0.9745593070983887,20.5620896,0.05742503693909384,0.05631053994875401,0.0011144969903398305,1,2,0.001414619997376576,0.0011144969903398305,0.004216433997498825,19267584.0,6422528.0
ham_mbv2_pattern_mining,2026-02-07T03:32:17,0,39,7,2,0.640625,0.9820308685302734,20.5620896,0.06001422376721166,0.0588957397849299,0.0011184839822817594,1,2,0.0014617559791076928,0.0011184839822817594,0.004427817999385297,19267584.0,6422528.0
ham_mbv2_pattern_mining,2026-02-07T03:32:18,0,40,7,3,0.671875,0.9396883249282837,20.5620896,0.05859635196975432,0.057496649969834834,0.001099701999919489,1,2,0.0014258399896789342,0.001099701999919489,0.004323825007304549,19267584.0,6422528.0
ham_mbv2_pattern_mining,2026-02-07T03:32:19,0,41,7,4,0.68359375,0.932995080947876,20.5620896,0.06020662491209805,0.05906398990191519,0.0011426350101828575,1,2,0.0014369389973580837,0.0011426350101828575,0.0044694599928334355,19267584.0,6422528.0
ham_mbv2_pattern_mining,2026-02-07T03:32:19,0,42,7,5,0.5,1.23447847366333,0.1705632,0.07354026508983225,0.07235794008010998,0.0011823250097222626,1,2,0.0014691260003019124,0.0011823250097222626,0.005766668007709086,150528.0,50176.0
ham_mbv2_pattern_mining,2026-02-07T03:32:21,1,37,7,0,0.6328125,1.0895084142684937,20.5620896,0.3269726718426682,0.3213799398508854,0.0055927319917827845,1,2,0.011470438999822363,0.0055927319917827845,0.02066755498526618,19267584.0,6422528.0
ham_mbv2_pattern_mining,2026-02-07T03:32:22,1,38,7,1,0.6640625,0.9730877876281738,20.5620896,0.07646775100147352,0.0750089599750936,0.001458791026379913,1,2,0.0018520540033932775,0.001458791026379913,0.005648841994116083,19267584.0,6422528.0
ham_mbv2_pattern_mining,2026-02-07T03:32:22,1,39,7,2,0.6875,0.9105255007743835,20.5620896,0.0772953168489039,0.07581869984278455,0.0014766170061193407,1,2,0.001822231977712363,0.0014766170061193407,0.005759638006566092,19267584.0,6422528.0
ham_mbv2_pattern_mining,2026-02-07T03:32:22,1,40,7,3,0.671875,0.9643567800521851,20.5620896,0.07491437529097311,0.0734587202896364,0.0014556550013367087,1,2,0.0017309750255662948,0.0014556550013367087,0.0056148970033973455,19267584.0,6422528.0
ham_mbv2_pattern_mining,2026-02-07T03:32:23,1,41,7,4,0.65234375,0.9857487082481384,20.5620896,0.07656227817642502,0.07512722018873319,0.0014350579876918346,1,2,0.001861024007666856,0.0014350579876918346,0.005651698011206463,19267584.0,6422528.0
ham_mbv2_pattern_mining,2026-02-07T03:32:23,1,42,7,5,0.5,1.2335641384124756,0.1705632,0.09058076882502064,0.08907741983421147,0.0015033489908091724,1,2,0.001747845992213115,0.0015033489908091724,0.007159895991208032,150528.0,50176.0
ham_mbv2_pattern_mining,2026-02-07T03:32:27,2,37,7,0,0.6796875,0.9649074673652649,20.5620896,0.39274931384716183,0.3862103898427449,0.006538924004416913,1,2,0.013717046997044235,0.006538924004416913,0.024903991987230256,19267584.0,6422528.0
ham_mbv2_pattern_mining,2026-02-07T03:32:27,2,38,7,1,0.69921875,0.9700638055801392,20.5620896,0.05736760079162195,0.05625573976431042,0.0011118610273115337,1,2,0.0014007239951752126,0.0011118610273115337,0.004224849981255829,19267584.0,6422528.0
ham_mbv2_pattern_mining,2026-02-07T03:32:27,2,39,7,2,0.71875,0.9037607908248901,20.5620896,0.05936777300667018,0.058268319990020245,0.0010994530166499317,1,2,0.001506873988546431,0.0010994530166499317,0.0043199580104555935,19267584.0,6422528.0
ham_mbv2_pattern_mining,2026-02-07T03:32:27,2,40,7,3,0.6484375,1.0141098499298096,20.5620896,0.05976862116949633,0.05861750018084422,0.00115112098865211,1,2,0.0014346940151881427,0.00115112098865211,0.004427056002896279,19267584.0,6422528.0
ham_mbv2_pattern_mining,2026-02-07T03:32:28,2,41,7,4,0.6875,0.9064505100250244,20.5620896,0.06337270821677521,0.062165490235202014,0.0012072179815731943,1,2,0.0015239760105032474,0.0012072179815731943,0.004692573013016954,19267584.0,6422528.0
ham_mbv2_pattern_mining,2026-02-07T03:32:28,2,42,7,5,1.0,0.4434988796710968,0.1705632,0.06927082475158386,0.06809339975006878,0.0011774250015150756,1,2,0.0014675629790872335,0.0011774250015150756,0.005341776995919645,150528.0,50176.0
ham_mbv2_pattern_mining,2026-02-07T03:32:32,3,37,7,0,0.6484375,0.999962568283081,20.5620896,0.3270241523568984,0.3217806003522128,0.0052435520046856254,1,2,0.011798317020293325,0.0052435520046856254,0.020379743014927953,19267584.0,6422528.0
ham_mbv2_pattern_mining,2026-02-07T03:32:32,3,38,7,1,0.73828125,0.8655006885528564,20.5620896,0.07545802387176082,0.07398972986266017,0.0014682940091006458,1,2,0.0018154179851990193,0.0014682940091006458,0.005583555001066998,19267584.0,6422528.0
ham_mbv2_pattern_mining,2026-02-07T03:32:32,3,39,7,2,0.6796875,0.9826778173446655,20.5620896,0.0882384370197542,0.08677862002514303,0.0014598169946111739,1,2,0.001794592011719942,0.0014598169946111739,0.006883269990794361,19267584.0,6422528.0
ham_mbv2_pattern_mining,2026-02-07T03:32:32,3,40,7,3,0.6875,0.898985743522644,20.5620896,0.07627734687412158,0.07482819986762479,0.001449147006496787,1,2,0.001863480982137844,0.001449147006496787,0.005619339004624635,19267584.0,6422528.0
ham_mbv2_pattern_mining,2026-02-07T03:32:33,3,41,7,4,0.68359375,0.901858389377594,20.5620896,0.07520825299434364,0.07377002999419346,0.001438223000150174,1,2,0.001813529001083225,0.001438223000150174,0.0055634739983361214,19267584.0,6422528.0
ham_mbv2_pattern_mining,2026-02-07T03:32:33,3,42,7,5,0.5,0.7570461630821228,0.1705632,0.09129475196823478,0.08979556994745508,0.001499182020779699,1,2,0.0017702849872875959,0.001499182020779699,0.007209272007457912,150528.0,50176.0
ham_mbv2_pattern_mining,2026-02-07T03:32:37,4,37,7,0,0.66015625,0.9465906620025635,20.5620896,0.3827284612634685,0.37714615027653053,0.005582310986937955,1,2,0.012138639023760334,0.005582310986937955,0.02557597600389272,19267584.0,6422528.0
ham_mbv2_pattern_mining,2026-02-07T03:32:37,4,38,7,1,0.69921875,0.9471392631530762,20.5620896,0.0755128918972332,0.07403019990306348,0.001482691994169727,1,2,0.001749775983626023,0.001482691994169727,0.005653244006680325,19267584.0,6422528.0
ham_mbv2_pattern_mining,2026-02-07T03:32:37,4,39,7,2,0.62109375,1.0956145524978638,20.5620896,0.07666014510323294,0.0748814400867559,0.0017787050164770335,1,2,0.0017776110034901649,0.0017787050164770335,0.005710533005185425,19267584.0,6422528.0
ham_mbv2_pattern_mining,2026-02-07T03:32:37,4,40,7,3,0.7265625,0.9128401875495911,20.5620896,0.08990457828622311,0.08824227028526366,0.001662308000959456,1,2,0.0019979660282842815,0.001662308000959456,0.006826261000242084,19267584.0,6422528.0
ham_mbv2_pattern_mining,2026-02-07T03:32:38,4,41,7,4,0.671875,1.032869577407837,20.5620896,0.07845407910645008,0.07694363011978567,0.0015104489866644144,1,2,0.0018855340022128075,0.0015104489866644144,0.005808829009765759,19267584.0,6422528.0
ham_mbv2_pattern_mining,2026-02-07T03:32:38,4,42,7,5,0.0,2.9086716175079346,0.09028159999999999,0.09203307988354936,0.09046255989233032,0.0015705199912190437,1,2,0.0019929019908886403,0.0015705199912190437,0.007053353998344392,75264.0,25088.0
ham_mbv2_pattern_mining,2026-02-07T03:32:47,0,43,8,0,0.71875,0.8579506874084473,20.5620896,0.4413185071607586,0.4338388901669532,0.007479616993805394,1,2,0.011328569002216682,0.007479616993805394,0.03205532001447864,19267584.0,6422528.0
ham_mbv2_pattern_mining,2026-02-07T03:32:47,0,44,8,1,0.66796875,0.8794607520103455,20.5620896,0.07608202900155447,0.07460216002073139,0.0014798689808230847,1,2,0.001828323001973331,0.0014798689808230847,0.005631893000099808,19267584.0,6422528.0
ham_mbv2_pattern_mining,2026-02-07T03:32:47,0,45,8,2,0.64453125,1.0223641395568848,20.5620896,0.07616419260739349,0.0747458596015349,0.0014183330058585852,1,2,0.0018741449748631567,0.0014183330058585852,0.005600440985290334,19267584.0,6422528.0
ham_mbv2_pattern_mining,2026-02-07T03:32:48,0,46,8,3,0.68359375,0.9374130368232727,20.5620896,0.07445802897564135,0.07304369995836169,0.0014143290172796696,1,2,0.0017790689889807254,0.0014143290172796696,0.005525301006855443,19267584.0,6422528.0
ham_mbv2_pattern_mining,2026-02-07T03:32:49,0,47,8,4,0.67578125,0.9091787934303284,20.5620896,0.0759987601195462,0.07457997009623796,0.0014187900233082473,1,2,0.0018064150062855333,0.0014187900233082473,0.0056515820033382624,19267584.0,6422528.0
ham_mbv2_pattern_mining,2026-02-07T03:32:49,0,48,8,5,1.0,0.262502521276474,0.1705632,0.091832737904042,0.09040117991389707,0.0014315579901449382,1,2,0.0017595989920664579,0.0014315579901449382,0.007280518999323249,150528.0,50176.0
ham_mbv2_pattern_mining,2026-02-07T03:32:52,1,43,8,0,0.640625,0.9902793169021606,20.5620896,0.41773910183110274,0.4101215998525731,0.007617501978529617,1,2,0.013870430993847549,0.007617501978529617,0.027141728991409764,19267584.0,6422528.0
ham_mbv2_pattern_mining,2026-02-07T03:32:52,1,44,8,1,0.62109375,1.1001832485198975,20.5620896,0.07598153699655086,0.07451459998264909,0.0014669370139017701,1,2,0.0018688660056795925,0.0014669370139017701,0.005582593992585316,19267584.0,6422528.0
ham_mbv2_pattern_mining,2026-02-07T03:32:53,1,45,8,2,0.66796875,0.9633034467697144,20.5620896,0.07493489782791585,0.07351118983933702,0.0014237079885788262,1,2,0.0017279259918723255,0.0014237079885788262,0.005623192992061377,19267584.0,6422528.0
ham_mbv2_pattern_mining,2026-02-07T03:32:53,1,46,8,3,0.64453125,0.9588450193405151,20.5620896,0.07354984106495976,0.07210462004877627,0.0014452210161834955,1,2,0.0017096720112022012,0.0014452210161834955,0.005500789993675426,19267584.0,6422528.0
ham_mbv2_pattern_mining,2026-02-07T03:32:54,1,47,8,4,0.70703125,0.8585226535797119,20.5620896,0.0779767366766464,0.07651282969163731,0.0014639069850090891,1,2,0.0019423289922997355,0.0014639069850090891,0.005708953976863995,19267584.0,6422528.0
ham_mbv2_pattern_mining,2026-02-07T03:32:54,1,48,8,5,1.0,0.2830509841442108,0.1705632,0.09049687106744386,0.08897763007553294,0.0015192409919109195,1,2,0.0019232229969929904,0.0015192409919109195,0.006974540010560304,150528.0,50176.0
ham_mbv2_pattern_mining,2026-02-07T03:32:57,2,43,8,0,0.67578125,0.9635360240936279,20.5620896,0.3356993142806459,0.33021871029632166,0.0054806039843242615,1,2,0.011537100013811141,0.0054806039843242615,0.021484771015821025,19267584.0,6422528.0
ham_mbv2_pattern_mining,2026-02-07T03:32:58,2,44,8,1,0.6953125,0.9424742460250854,20.5620896,0.0757754408987239,0.07429127988871187,0.0014841610100120306,1,2,0.0018016349931713194,0.0014841610100120306,0.005627492995699868,19267584.0,6422528.0
ham_mbv2_pattern_mining,2026-02-07T03:32:58,2,45,8,2,0.6640625,0.9575425386428833,20.5620896,0.07658323599025607,0.07511875999625772,0.0014644759939983487,1,2,0.0018274239846505225,0.0014644759939983487,0.00568445201497525,19267584.0,6422528.0
ham_mbv2_pattern_mining,2026-02-07T03:32:58,2,46,8,3,0.703125,0.9127752780914307,20.5620896,0.07795137996436097,0.07639910996658728,0.001552269997773692,1,2,0.0018340029928367585,0.001552269997773692,0.005805908003821969,19267584.0,6422528.0
ham_mbv2_pattern_mining,2026-02-07T03:33:00,2,47,8,4,0.7109375,0.9040640592575073,20.5620896,0.08129426004597917,0.07980038004461676,0.0014938800013624132,1,2,0.0017960609984584153,0.0014938800013624132,0.006183977006003261,19267584.0,6422528.0
ham_mbv2_pattern_mining,2026-02-07T03:33:00,2,48,8,5,0.5,1.5769617557525635,0.1705632,0.09218488726764917,0.09065636026207358,0.0015285270055755973,1,2,0.0018019360140897334,0.0015285270055755973,0.007263700012117624,150528.0,50176.0
ham_mbv2_pattern_mining,2026-02-07T03:33:02,3,43,8,0,0.6953125,0.9161258935928345,20.5620896,0.41242089396109805,0.4055477399379015,0.006873154023196548,1,2,0.01313682200270705,0.006873154023196548,0.0274179519910831,19267584.0,6422528.0
ham_mbv2_pattern_mining,2026-02-07T03:33:03,3,44,8,1,0.74609375,0.8103950619697571,20.5620896,0.1054931671533268,0.10336480016121641,0.0021283669921103865,1,2,0.0024931080115493387,0.0021283669921103865,0.007843372004572302,19267584.0,6422528.0
ham_mbv2_pattern_mining,2026-02-07T03:33:03,3,45,8,2,0.6328125,0.9392410516738892,20.5620896,0.07756535700173117,0.07604974001878873,0.001515616982942447,1,2,0.0017903069965541363,0.001515616982942447,0.005814667005324736,19267584.0,6422528.0
ham_mbv2_pattern_mining,2026-02-07T03:33:03,3,46,8,3,0.68359375,0.9479610919952393,20.5620896,0.07776731709600426,0.07628924009623006,0.0014780769997742027,1,2,0.0017553030047565699,0.0014780769997742027,0.005873621004866436,19267584.0,6422528.0
ham_mbv2_pattern_mining,2026-02-07T03:33:05,3,47,8,4,0.6953125,0.9115996360778809,20.5620896,0.08422830307972617,0.08276545006083325,0.001462853018892929,1,2,0.0026617840048857033,0.001462853018892929,0.005614761001197621,19267584.0,6422528.0
ham_mbv2_pattern_mining,2026-02-07T03:33:05,3,48,8,5,1.0,0.2254965752363205,0.1705632,0.09280150782433338,0.0912363498355262,0.0015651579888071865,1,2,0.0019061839848291129,0.0015651579888071865,0.007217450998723507,150528.0,50176.0
ham_mbv2_pattern_mining,2026-02-07T03:33:08,4,43,8,0,0.703125,0.9141919612884521,20.5620896,0.5148913388838992,0.5073830598848872,0.007508278999011964,1,2,0.014293254993390292,0.007508278999011964,0.03644505099509843,19267584.0,6422528.0
ham_mbv2_pattern_mining,2026-02-07T03:33:08,4,44,8,1,0.67578125,0.954987645149231,20.5620896,0.07498106305138208,0.07352785003604367,0.001453213015338406,1,2,0.0017052770126610994,0.001453213015338406,0.005647507990943268,19267584.0,6422528.0
ham_mbv2_pattern_mining,2026-02-07T03:33:08,4,45,8,2,0.671875,0.994661808013916,20.5620896,0.07634799685911275,0.07487959985155612,0.0014683970075566322,1,2,0.0018427369941491634,0.0014683970075566322,0.005645222991006449,19267584.0,6422528.0
ham_mbv2_pattern_mining,2026-02-07T03:33:08,4,46,8,3,0.67578125,0.9431877732276917,20.5620896,0.07517906290013343,0.07372141990344971,0.0014576429966837168,1,2,0.0017888319853227586,0.0014576429966837168,0.005583310005022213,19267584.0,6422528.0
ham_mbv2_pattern_mining,2026-02-07T03:33:10,4,47,8,4,0.62109375,1.0505526065826416,20.5620896,0.13007110785110854,0.12750681984471157,0.002564288006396964,1,2,0.0028877590084448457,0.002564288006396964,0.009862922976026312,19267584.0,6422528.0
ham_mbv2_pattern_mining,2026-02-07T03:33:10,4,48,8,5,1.0,0.2513025403022766,0.09028159999999999,0.0675584759155754,0.06636409991187975,0.0011943760036956519,1,2,0.001517175987828523,0.0011943760036956519,0.005119234003359452,75264.0,25088.0
ham_mbv2_pattern_mining,2026-02-07T03:33:19,0,49,9,0,0.68359375,0.9398374557495117,20.5620896,0.4086623861803673,0.4010015801759437,0.007660806004423648,1,2,0.01079927702085115,0.007660806004423648,0.029300880996743217,19267584.0,6422528.0
ham_mbv2_pattern_mining,2026-02-07T03:33:19,0,50,9,1,0.71875,0.7756080031394958,20.5620896,0.07613640307681635,0.07467821007594466,0.0014581930008716881,1,2,0.001838044001488015,0.0014581930008716881,0.005629777006106451,19267584.0,6422528.0
ham_mbv2_pattern_mining,2026-02-07T03:33:19,0,51,9,2,0.67578125,0.956610918045044,20.5620896,0.07446555490605533,0.07306179992156103,0.0014037549844942987,1,2,0.0017859209910966456,0.0014037549844942987,0.005520259001059458,19267584.0,6422528.0
ham_mbv2_pattern_mining,2026-02-07T03:33:19,0,52,9,3,0.66015625,0.9403189420700073,20.5620896,0.0736857561278157,0.0722860501264222,0.001399706001393497,1,2,0.0017384350067004561,0.001399706001393497,0.0054901700059417635,19267584.0,6422528.0
ham_mbv2_pattern_mining,2026-02-07T03:33:21,0,53,9,4,0.66796875,0.9081473350524902,20.5620896,0.07514497623196803,0.07373954023933038,0.0014054359926376492,1,2,0.0017741860065143555,0.0014054359926376492,0.005599768017418683,19267584.0,6422528.0
ham_mbv2_pattern_mining,2026-02-07T03:33:21,0,54,9,5,1.0,0.3861282765865326,0.1705632,0.09600981409312226,0.09453967009903863,0.001470143994083628,1,2,0.0017795760068111122,0.001470143994083628,0.007674391003092751,150528.0,50176.0
ham_mbv2_pattern_mining,2026-02-07T03:33:24,1,49,9,0,0.609375,1.0059455633163452,20.5620896,0.5187507559894584,0.5083343500155024,0.010416405973955989,1,2,0.01803278099396266,0.010416405973955989,0.03280065400758758,19267584.0,6422528.0
ham_mbv2_pattern_mining,2026-02-07T03:33:25,1,50,9,1,0.6953125,0.8863041400909424,20.5620896,0.07832174078794196,0.07680466980673373,0.001517070981208235,1,2,0.001859927986515686,0.001517070981208235,0.005820538994157687,19267584.0,6422528.0
ham_mbv2_pattern_mining,2026-02-07T03:33:25,1,51,9,2,0.64453125,0.9762398600578308,20.5620896,0.07496149689541198,0.07356021989835426,0.001401276997057721,1,2,0.0017711069958750159,0.001401276997057721,0.00558491499396041,19267584.0,6422528.0
ham_mbv2_pattern_mining,2026-02-07T03:33:25,1,52,9,3,0.69921875,0.8671004772186279,20.5620896,0.07343690897687338,0.07203151995781809,0.001405389019055292,1,2,0.001711519988020882,0.001405389019055292,0.005491632007760927,19267584.0,6422528.0
ham_mbv2_pattern_mining,2026-02-07T03:33:27,1,53,9,4,0.6484375,1.0322864055633545,20.5620896,0.07740900295902975,0.07595119997859001,0.0014578029804397374,1,2,0.0018968270160257816,0.0014578029804397374,0.0056982929818332195,19267584.0,6422528.0
ham_mbv2_pattern_mining,2026-02-07T03:33:27,1,54,9,5,1.0,0.6610347628593445,0.1705632,0.09291092591593042,0.09138847992289811,0.0015224459930323064,1,2,0.0019012299890164286,0.0015224459930323064,0.007237618003273383,150528.0,50176.0
ham_mbv2_pattern_mining,2026-02-07T03:33:30,2,49,9,0,0.67578125,0.9024255275726318,20.5620896,0.32369731593644246,0.3180024499306455,0.005694866005796939,1,2,0.01135729398811236,0.005694866005796939,0.020442951004952192,19267584.0,6422528.0
ham_mbv2_pattern_mining,2026-02-07T03:33:30,2,50,9,1,0.6796875,0.8811622858047485,20.5620896,0.08151095887296833,0.07978404988534749,0.0017269089876208454,1,2,0.0020084679999854416,0.0017269089876208454,0.005969936988549307,19267584.0,6422528.0
ham_mbv2_pattern_mining,2026-02-07T03:33:30,2,51,9,2,0.703125,0.9200354218482971,20.5620896,0.05943884322186932,0.05833054019603878,0.001108303025830537,1,2,0.0014891170139890164,0.001108303025830537,0.004343937005614862,19267584.0,6422528.0
ham_mbv2_pattern_mining,2026-02-07T03:33:30,2,52,9,3,0.69140625,0.9336100816726685,20.5620896,0.057847376010613516,0.05675441003404558,0.001092965976567939,1,2,0.0013910460111219436,0.001092965976567939,0.004284394992282614,19267584.0,6422528.0
ham_mbv2_pattern_mining,2026-02-07T03:33:32,2,53,9,4,0.69140625,0.9094541072845459,20.5620896,0.062188633979531005,0.06101389997638762,0.001174734003143385,1,2,0.001489206013502553,0.001174734003143385,0.004612183984136209,19267584.0,6422528.0
ham_mbv2_pattern_mining,2026-02-07T03:33:32,2,54,9,5,0.0,3.6600213050842285,0.1705632,0.08850944298319519,0.08701084996573627,0.0014985930174589157,1,2,0.0018075009866151959,0.0014985930174589157,0.006893584009958431,150528.0,50176.0
ham_mbv2_pattern_mining,2026-02-07T03:33:35,3,49,9,0,0.7109375,0.8529423475265503,20.5620896,0.37893452728167176,0.3735460602911189,0.005388466990552843,1,2,0.013445585005683824,0.005388466990552843,0.023909021023428068,19267584.0,6422528.0
ham_mbv2_pattern_mining,2026-02-07T03:33:35,3,50,9,1,0.69140625,0.93012535572052,20.5620896,0.07660844098427333,0.07510096998885274,0.00150747099542059,1,2,0.0018177659949287772,0.00150747099542059,0.005692331003956497,19267584.0,6422528.0
ham_mbv2_pattern_mining,2026-02-07T03:33:35,3,51,9,2,0.6328125,0.9836351871490479,20.5620896,0.07509346783626825,0.07367452984908596,0.0014189379871822894,1,2,0.001772868010448292,0.0014189379871822894,0.005594584974460304,19267584.0,6422528.0
ham_mbv2_pattern_mining,2026-02-07T03:33:35,3,52,9,3,0.71875,0.8565911054611206,20.5620896,0.0754467711376492,0.07399821013677865,0.0014485610008705407,1,2,0.0017256189894396812,0.0014485610008705407,0.005674202024238184,19267584.0,6422528.0
ham_mbv2_pattern_mining,2026-02-07T03:33:37,3,53,9,4,0.70703125,0.8579243421554565,20.5620896,0.07985799410380423,0.07834682008251548,0.0015111740212887526,1,2,0.0019708320032805204,0.0015111740212887526,0.005863850004971027,19267584.0,6422528.0
ham_mbv2_pattern_mining,2026-02-07T03:33:37,3,54,9,5,1.0,0.503628134727478,0.1705632,0.09381764419958927,0.09230501018464565,0.0015126340149436146,1,2,0.0019002830085810274,0.0015126340149436146,0.007330218009883538,150528.0,50176.0
ham_mbv2_pattern_mining,2026-02-07T03:33:41,4,49,9,0,0.671875,0.9351588487625122,20.5620896,0.324206371238688,0.3187636402435601,0.005442730995127931,1,2,0.013043173006735742,0.005442730995127931,0.018833191017620265,19267584.0,6422528.0
ham_mbv2_pattern_mining,2026-02-07T03:33:41,4,50,9,1,0.6796875,0.9752904176712036,20.5620896,0.07410103021538816,0.07264683023095131,0.0014541999844368547,1,2,0.0017434180190321058,0.0014541999844368547,0.005521265004063025,19267584.0,6422528.0
ham_mbv2_pattern_mining,2026-02-07T03:33:41,4,51,9,2,0.67578125,0.96197509765625,20.5620896,0.07731751294340938,0.07578930992167443,0.001528203021734953,1,2,0.0018164000066462904,0.001528203021734953,0.005762530985521153,19267584.0,6422528.0
ham_mbv2_pattern_mining,2026-02-07T03:33:41,4,52,9,3,0.6484375,0.9990367889404297,20.5620896,0.07324102878919803,0.07181334978668019,0.0014276790025178343,1,2,0.0017052849871106446,0.0014276790025178343,0.005476049991557375,19267584.0,6422528.0
ham_mbv2_pattern_mining,2026-02-07T03:33:42,4,53,9,4,0.69921875,0.9010653495788574,20.5620896,0.07628291184664704,0.07480662985472009,0.0014762819919269532,1,2,0.0018235579773318022,0.0014762819919269532,0.005657105008140206,19267584.0,6422528.0
ham_mbv2_pattern_mining,2026-02-07T03:33:43,4,54,9,5,1.0,0.21309597790241241,0.09028159999999999,0.08111314280540682,0.07958693982800469,0.0015262029774021357,1,2,0.0018469429924152792,0.0015262029774021357,0.00611175099038519,75264.0,25088.0
ham_mbv2_pattern_mining,2026-02-07T03:33:51,0,55,10,0,0.66796875,0.8850106596946716,20.5620896,0.4287024790828582,0.4204982300871052,0.008204248995753005,1,2,0.012027335003949702,0.008204248995753005,0.030022488004760817,19267584.0,6422528.0
ham_mbv2_pattern_mining,2026-02-07T03:33:51,0,56,10,1,0.66015625,0.9505639672279358,20.5620896,0.08305550273507833,0.08140262973029166,0.0016528730047866702,1,2,0.0019163059769198298,0.0016528730047866702,0.006223956996109337,19267584.0,6422528.0
ham_mbv2_pattern_mining,2026-02-07T03:33:52,0,57,10,2,0.73828125,0.8678744435310364,20.5620896,0.07452653584186919,0.07311242981813848,0.0014141060237307101,1,2,0.0017473729967605323,0.0014141060237307101,0.005563869985053316,19267584.0,6422528.0
ham_mbv2_pattern_mining,2026-02-07T03:33:52,0,58,10,3,0.66796875,0.9396229982376099,20.5620896,0.07636352442204952,0.07489225041354075,0.0014712740085087717,1,2,0.0018299720250070095,0.0014712740085087717,0.005659253016347066,19267584.0,6422528.0
ham_mbv2_pattern_mining,2026-02-07T03:33:53,0,59,10,4,0.6796875,0.9005693793296814,20.5620896,0.08693879196653143,0.08565583993913606,0.0012829520273953676,1,2,0.0021396359952632338,0.0012829520273953676,0.006425947998650372,19267584.0,6422528.0
ham_mbv2_pattern_mining,2026-02-07T03:33:53,0,60,10,5,1.0,0.5241436958312988,0.1705632,0.07233060774160549,0.07118875975720584,0.0011418479843996465,1,2,0.0014410069852601737,0.0011418479843996465,0.005677868990460411,150528.0,50176.0
ham_mbv2_pattern_mining,2026-02-07T03:33:56,1,55,10,0,0.65234375,0.9899710416793823,20.5620896,0.358689109882107,0.35273199988296255,0.00595710999914445,1,2,0.012301059992751107,0.00595710999914445,0.02297213999554515,19267584.0,6422528.0
ham_mbv2_pattern_mining,2026-02-07T03:33:56,1,56,10,1,0.69140625,0.8541077375411987,20.5620896,0.07661235192790627,0.07512529991799966,0.0014870520099066198,1,2,0.0018619009933900088,0.0014870520099066198,0.005650628998409957,19267584.0,6422528.0
ham_mbv2_pattern_mining,2026-02-07T03:33:57,1,57,10,2,0.65234375,0.9458966851234436,20.5620896,0.07620845906785689,0.07476861006580293,0.0014398490020539612,1,2,0.001834558992413804,0.0014398490020539612,0.005642302014166489,19267584.0,6422528.0
ham_mbv2_pattern_mining,2026-02-07T03:33:57,1,58,10,3,0.62890625,0.9817650318145752,20.5620896,0.07482528590480797,0.07338989991694689,0.001435385987861082,1,2,0.001772385003278032,0.001435385987861082,0.005566604988416657,19267584.0,6422528.0
ham_mbv2_pattern_mining,2026-02-07T03:33:58,1,59,10,4,0.6796875,0.9207015037536621,20.5620896,0.06063635312602855,0.05950493010459468,0.001131423021433875,1,2,0.001462929998524487,0.001131423021433875,0.004487563011934981,19267584.0,6422528.0
ham_mbv2_pattern_mining,2026-02-07T03:33:58,1,60,10,5,1.0,0.3708510100841522,0.1705632,0.07105158816557378,0.06991666014073417,0.0011349280248396099,1,2,0.0014790790155529976,0.0011349280248396099,0.005512586998520419,150528.0,50176.0
ham_mbv2_pattern_mining,2026-02-07T03:34:01,2,55,10,0,0.6640625,1.0088061094284058,20.5620896,0.30570177489425987,0.300602029892616,0.005099745001643896,1,2,0.010936061997199431,0.005099745001643896,0.019124140992062166,19267584.0,6422528.0
ham_mbv2_pattern_mining,2026-02-07T03:34:01,2,56,10,1,0.68359375,0.880677342414856,20.5620896,0.1112661080842372,0.1091438700677827,0.002122238016454503,1,2,0.0028904550126753747,0.002122238016454503,0.008023931994102895,19267584.0,6422528.0
ham_mbv2_pattern_mining,2026-02-07T03:34:02,2,57,10,2,0.69921875,0.8678393363952637,20.5620896,0.08004297892330214,0.07850219990359619,0.0015407790197059512,1,2,0.0018681069777812809,0.0015407790197059512,0.005982113012578338,19267584.0,6422528.0
ham_mbv2_pattern_mining,2026-02-07T03:34:02,2,58,10,3,0.71875,0.8178607225418091,20.5620896,0.07492819376057014,0.0735061097657308,0.0014220839948393404,1,2,0.0017674299888312817,0.0014220839948393404,0.005583180987741798,19267584.0,6422528.0
ham_mbv2_pattern_mining,2026-02-07T03:34:03,2,59,10,4,0.64453125,0.9732901453971863,20.5620896,0.07509698689682409,0.07365125988144428,0.0014457270153798163,1,2,0.0017588659829925746,0.0014457270153798163,0.005606260005151853,19267584.0,6422528.0
ham_mbv2_pattern_mining,2026-02-07T03:34:03,2,60,10,5,1.0,0.28148359060287476,0.1705632,0.08803271557553671,0.08648302959045395,0.0015496859850827605,1,2,0.0017414369795005769,0.0015496859850827605,0.006906865979544818,150528.0,50176.0
ham_mbv2_pattern_mining,2026-02-07T03:34:06,3,55,10,0,0.671875,0.8774816989898682,20.5620896,0.5898519402253442,0.5799017602112144,0.009950180014129728,1,2,0.016359925008146092,0.009950180014129728,0.04163025101297535,19267584.0,6422528.0
ham_mbv2_pattern_mining,2026-02-07T03:34:06,3,56,10,1,0.6875,0.8595149517059326,20.5620896,0.07280431862454861,0.07144503964809701,0.0013592789764516056,1,2,0.0016904129879549146,0.0013592789764516056,0.005454090976854786,19267584.0,6422528.0
ham_mbv2_pattern_mining,2026-02-07T03:34:06,3,57,10,2,0.6953125,0.8497278094291687,20.5620896,0.06360348904854618,0.06236974004423246,0.0012337490043137223,1,2,0.0014706370129715651,0.0012337490043137223,0.004766336991451681,19267584.0,6422528.0
ham_mbv2_pattern_mining,2026-02-07T03:34:06,3,58,10,3,0.71484375,0.8213666677474976,20.5620896,0.06554313513333909,0.06430097011616454,0.0012421650171745569,1,2,0.0015348430024459958,0.0012421650171745569,0.004895254009170458,19267584.0,6422528.0
ham_mbv2_pattern_mining,2026-02-07T03:34:08,3,59,10,4,0.63671875,0.9856321811676025,20.5620896,0.06117774883750826,0.0600049298373051,0.0011728190002031624,1,2,0.0014434480108320713,0.0011728190002031624,0.004557044972898439,19267584.0,6422528.0
ham_mbv2_pattern_mining,2026-02-07T03:34:08,3,60,10,5,0.5,0.8683181405067444,0.1705632,0.07802448901929893,0.07679870002903044,0.0012257889902684838,1,2,0.0015757929941173643,0.0012257889902684838,0.00610407700878568,150528.0,50176.0
ham_mbv2_pattern_mining,2026-02-07T03:34:11,4,55,10,0,0.71875,0.8764427900314331,20.5620896,0.32421759597491473,0.318903709994629,0.005313885980285704,1,2,0.011105105018941686,0.005313885980285704,0.020785265980521217,19267584.0,6422528.0
ham_mbv2_pattern_mining,2026-02-07T03:34:11,4,56,10,1,0.66796875,0.9779913425445557,20.5620896,0.07556575501803309,0.07409129000734538,0.0014744650106877089,1,2,0.001806357002351433,0.0014744650106877089,0.005602771998383105,19267584.0,6422528.0
ham_mbv2_pattern_mining,2026-02-07T03:34:11,4,57,10,2,0.67578125,0.9287449717521667,20.5620896,0.07538100570673123,0.07384068972896785,0.0015403159777633846,1,2,0.0017071609909180552,0.0015403159777633846,0.005676907981978729,19267584.0,6422528.0
ham_mbv2_pattern_mining,2026-02-07T03:34:11,4,58,10,3,0.6875,0.9615095257759094,20.5620896,0.08438246097648516,0.08291945996461436,0.0014630010118708014,1,2,0.0017906739958561957,0.0014630010118708014,0.0065012720006052405,19267584.0,6422528.0
ham_mbv2_pattern_mining,2026-02-07T03:34:13,4,59,10,4,0.65234375,0.9881415367126465,20.5620896,0.12978492473484948,0.12727771973004565,0.0025072050048038363,1,2,0.002827969001373276,0.0025072050048038363,0.009899802971631289,19267584.0,6422528.0
ham_mbv2_pattern_mining,2026-02-07T03:34:13,4,60,10,5,1.0,0.23136505484580994,0.09028159999999999,0.0800009542144835,0.07844902022043243,0.001551933994051069,1,2,0.0019048700050916523,0.001551933994051069,0.005940032016951591,75264.0,25088.0
ham_mbv2_pattern_mining,2026-02-07T03:34:21,0,61,11,0,0.70703125,0.8578492403030396,20.5620896,0.3998639549536165,0.392517379950732,0.007346575002884492,1,2,0.010905794973950833,0.007346575002884492,0.028345943021122366,19267584.0,6422528.0
ham_mbv2_pattern_mining,2026-02-07T03:34:22,0,62,11,1,0.671875,0.8920243978500366,20.5620896,0.07877923006890342,0.07722306007053703,0.0015561699983663857,1,2,0.0019088220142293721,0.0015561699983663857,0.005813483992824331,19267584.0,6422528.0
ham_mbv2_pattern_mining,2026-02-07T03:34:22,0,63,11,2,0.6953125,0.8244784474372864,20.5620896,0.08086739011923783,0.07942574011394754,0.0014416500052902848,1,2,0.002232430997537449,0.0014416500052902848,0.005710143013857305,19267584.0,6422528.0
ham_mbv2_pattern_mining,2026-02-07T03:34:22,0,64,11,3,0.64453125,1.0043007135391235,20.5620896,0.07682765109348111,0.07534172007581219,0.0014859310176689178,1,2,0.0018304229888599366,0.0014859310176689178,0.0057037490187212825,19267584.0,6422528.0
ham_mbv2_pattern_mining,2026-02-07T03:34:24,0,65,11,4,0.6875,0.8714960217475891,20.5620896,0.07512054525432177,0.07367627025814727,0.0014442749961744994,1,2,0.0017711610125843436,0.0014442749961744994,0.005596466013230383,19267584.0,6422528.0
ham_mbv2_pattern_mining,2026-02-07T03:34:24,0,66,11,5,1.0,0.27489611506462097,0.1705632,0.08844208181835711,0.0869386998238042,0.0015033819945529103,1,2,0.0018496770062483847,0.0015033819945529103,0.006844192976132035,150528.0,50176.0
ham_mbv2_pattern_mining,2026-02-07T03:34:27,1,61,11,0,0.6875,0.839225709438324,20.5620896,0.4232246082974598,0.4172867102897726,0.005937898007687181,1,2,0.013032222021138296,0.005937898007687181,0.028696449007838964,19267584.0,6422528.0
ham_mbv2_pattern_mining,2026-02-07T03:34:27,1,62,11,1,0.6484375,0.9376503229141235,20.5620896,0.07572242090827785,0.07427406992064789,0.001448350987629965,1,2,0.001789508998626843,0.001448350987629965,0.005637897993437946,19267584.0,6422528.0
ham_mbv2_pattern_mining,2026-02-07T03:34:27,1,63,11,2,0.62109375,1.0205960273742676,20.5620896,0.07479788476484828,0.07336447975831106,0.001433405006537214,1,2,0.001710179989458993,0.001433405006537214,0.005626267986372113,19267584.0,6422528.0
ham_mbv2_pattern_mining,2026-02-07T03:34:27,1,64,11,3,0.6796875,0.8725274205207825,20.5620896,0.07402201273362152,0.07257056975504383,0.0014514429785776883,1,2,0.0017146059835795313,0.0014514429785776883,0.005542450991924852,19267584.0,6422528.0
ham_mbv2_pattern_mining,2026-02-07T03:34:29,1,65,11,4,0.6328125,0.9850196838378906,20.5620896,0.07474534190259874,0.07329563988605514,0.001449702016543597,1,2,0.0017489109886810184,0.001449702016543597,0.005580652999924496,19267584.0,6422528.0
ham_mbv2_pattern_mining,2026-02-07T03:34:29,1,66,11,5,0.5,2.518723487854004,0.1705632,0.09232379216700792,0.0907744001597166,0.001549392007291317,1,2,0.0018332460022065789,0.001549392007291317,0.007244194013765082,150528.0,50176.0
ham_mbv2_pattern_mining,2026-02-07T03:34:32,2,61,11,0,0.6796875,0.8226958513259888,20.5620896,0.37885564504540525,0.3731468500336632,0.0057087950117420405,1,2,0.01209067300078459,0.0057087950117420405,0.02522401200258173,19267584.0,6422528.0
ham_mbv2_pattern_mining,2026-02-07T03:34:32,2,62,11,1,0.65625,0.9545736312866211,20.5620896,0.07848829319118522,0.07701220019953325,0.0014760929916519672,1,2,0.002006557013373822,0.0014760929916519672,0.005694663006579503,19267584.0,6422528.0
ham_mbv2_pattern_mining,2026-02-07T03:34:32,2,63,11,2,0.6484375,1.0064361095428467,20.5620896,0.07657107576960698,0.07512208976550028,0.0014489860041067004,1,2,0.0018107809883076698,0.0014489860041067004,0.005701427988242358,19267584.0,6422528.0
ham_mbv2_pattern_mining,2026-02-07T03:34:33,2,64,11,3,0.71875,0.8830381631851196,20.5620896,0.07599899897468276,0.074524579977151,0.0014744189975317568,1,2,0.0017730109975673258,0.0014744189975317568,0.005679447000147775,19267584.0,6422528.0
ham_mbv2_pattern_mining,2026-02-07T03:34:34,2,65,11,4,0.70703125,0.8816298842430115,20.5620896,0.07540832296945155,0.0739422399783507,0.0014660829911008477,1,2,0.0017791480058804154,0.0014660829911008477,0.0056150759919546545,19267584.0,6422528.0
ham_mbv2_pattern_mining,2026-02-07T03:34:34,2,66,11,5,0.5,1.329874038696289,0.1705632,0.10177188122179359,0.10021067020716146,0.0015612110146321356,1,2,0.0019488540128804743,0.0015612110146321356,0.008072213007835671,150528.0,50176.0
ham_mbv2_pattern_mining,2026-02-07T03:34:37,3,61,11,0,0.73046875,0.8080413341522217,20.5620896,0.3341648828354664,0.3285113998572342,0.005653482978232205,1,2,0.011456012987764552,0.005653482978232205,0.02139512699795887,19267584.0,6422528.0
ham_mbv2_pattern_mining,2026-02-07T03:34:38,3,62,11,1,0.6640625,0.9211594462394714,20.5620896,0.07561426470056176,0.07412639970425516,0.0014878649963065982,1,2,0.0017762219940777868,0.0014878649963065982,0.0056364179763477296,19267584.0,6422528.0
ham_mbv2_pattern_mining,2026-02-07T03:34:38,3,63,11,2,0.69140625,0.8959879279136658,20.5620896,0.0739870181423612,0.07255605014506727,0.0014309679972939193,1,2,0.0017002910026349127,0.0014309679972939193,0.005555314011871815,19267584.0,6422528.0
ham_mbv2_pattern_mining,2026-02-07T03:34:38,3,64,11,3,0.7109375,0.8559792041778564,20.5620896,0.0744301998638548,0.072971879853867,0.0014583200099878013,1,2,0.0017361470090691,0.0014583200099878013,0.005561040976317599,19267584.0,6422528.0
ham_mbv2_pattern_mining,2026-02-07T03:34:40,3,65,11,4,0.6640625,0.885671854019165,20.5620896,0.13177257403731346,0.1292047300375998,0.0025678439997136593,1,2,0.0030034930096007884,0.0025678439997136593,0.009916979994159192,19267584.0,6422528.0
ham_mbv2_pattern_mining,2026-02-07T03:34:40,3,66,11,5,0.5,1.3727481365203857,0.1705632,0.09231585715315305,0.09078010014491156,0.0015357570082414895,1,2,0.0018165240180678666,0.0015357570082414895,0.007261485996423289,150528.0,50176.0
ham_mbv2_pattern_mining,2026-02-07T03:34:43,4,61,11,0,0.69921875,0.9402464032173157,20.5620896,0.4707306639174931,0.46326515992404893,0.007465503993444145,1,2,0.01646820397581905,0.007465503993444145,0.029858312016585842,19267584.0,6422528.0
ham_mbv2_pattern_mining,2026-02-07T03:34:43,4,62,11,1,0.6875,0.9173967838287354,20.5620896,0.07519345177570358,0.07373421976808459,0.0014592320076189935,1,2,0.0017933119961526245,0.0014592320076189935,0.005580109980655834,19267584.0,6422528.0
ham_mbv2_pattern_mining,2026-02-07T03:34:43,4,63,11,2,0.69140625,0.9558206796646118,20.5620896,0.07752025098307058,0.07605560997035354,0.0014646410127170384,1,2,0.0018353269842918962,0.0014646410127170384,0.005770234012743458,19267584.0,6422528.0
ham_mbv2_pattern_mining,2026-02-07T03:34:43,4,64,11,3,0.64453125,0.9759714603424072,20.5620896,0.07652660005260259,0.07504373003030196,0.0014828700223006308,1,2,0.0018548390071373433,0.0014828700223006308,0.0056495339958928525,19267584.0,6422528.0
ham_mbv2_pattern_mining,2026-02-07T03:34:45,4,65,11,4,0.703125,0.8821531534194946,20.5620896,0.07546300895046443,0.07398582994937897,0.0014771790010854602,1,2,0.0017730910039972514,0.0014771790010854602,0.005625491990940645,19267584.0,6422528.0
ham_mbv2_pattern_mining,2026-02-07T03:34:45,4,66,11,5,1.0,0.26139265298843384,0.09028159999999999,0.08328201502445154,0.08177779003744945,0.0015042249870020896,1,2,0.0017962690035346895,0.0015042249870020896,0.006381510000210255,75264.0,25088.0
ham_mbv2_pattern_mining,2026-02-07T03:34:54,0,67,12,0,0.71484375,0.8445528745651245,20.5620896,0.4010292060265783,0.3936472500208765,0.007381956005701795,1,2,0.01084225598606281,0.007381956005701795,0.028522469016024843,19267584.0,6422528.0
ham_mbv2_pattern_mining,2026-02-07T03:34:54,0,68,12,1,0.71484375,0.7808587551116943,20.5620896,0.0789588482293766,0.07746055023744702,0.0014982979919295758,1,2,0.0019757390255108476,0.0014982979919295758,0.005770315998233855,19267584.0,6422528.0
ham_mbv2_pattern_mining,2026-02-07T03:34:54,0,69,12,2,0.69140625,0.8534145355224609,20.5620896,0.0756709290726576,0.07425529009196907,0.0014156389806885272,1,2,0.0017818220076151192,0.0014156389806885272,0.005643707001581788,19267584.0,6422528.0
ham_mbv2_pattern_mining,2026-02-07T03:34:54,0,70,12,3,0.69140625,0.8695893883705139,20.5620896,0.07606483693234622,0.07461492990842089,0.0014499070239253342,1,2,0.0018536179850343615,0.0014499070239253342,0.005607875005807728,19267584.0,6422528.0
ham_mbv2_pattern_mining,2026-02-07T03:34:55,0,71,12,4,0.61328125,1.0885350704193115,20.5620896,0.077827586006606,0.0764088099822402,0.0014187760243657976,1,2,0.002092606999212876,0.0014187760243657976,0.005548273999011144,19267584.0,6422528.0
ham_mbv2_pattern_mining,2026-02-07T03:34:56,0,72,12,5,1.0,0.19787847995758057,0.1705632,0.09199418904609047,0.09048837004229426,0.001505819003796205,1,2,0.0018436039972584695,0.001505819003796205,0.007205233006970957,150528.0,50176.0
ham_mbv2_pattern_mining,2026-02-07T03:34:59,1,67,12,0,0.640625,0.9278260469436646,20.5620896,0.32155298511497676,0.31611773010808975,0.005435255006887019,1,2,0.01183814401156269,0.005435255006887019,0.019773628999246284,19267584.0,6422528.0
ham_mbv2_pattern_mining,2026-02-07T03:34:59,1,68,12,1,0.65625,0.9105329513549805,20.5620896,0.07435800184612162,0.07289401983143762,0.0014639820146840066,1,2,0.0017418749921489507,0.0014639820146840066,0.005547526990994811,19267584.0,6422528.0
ham_mbv2_pattern_mining,2026-02-07T03:34:59,1,69,12,2,0.66796875,0.9105397462844849,20.5620896,0.07364564508316107,0.07222968008136377,0.0014159650017973036,1,2,0.0016845630016177893,0.0014159650017973036,0.0055384050065185875,19267584.0,6422528.0
ham_mbv2_pattern_mining,2026-02-07T03:34:59,1,70,12,3,0.65625,0.9346638917922974,20.5620896,0.07329183488036506,0.07188666990259662,0.001405164977768436,1,2,0.0016593479958828539,0.001405164977768436,0.005529318994376808,19267584.0,6422528.0
ham_mbv2_pattern_mining,2026-02-07T03:35:01,1,71,12,4,0.69140625,0.902301549911499,20.5620896,0.07482962906942703,0.07338527007959783,0.0014443589898291975,1,2,0.0017741640040185302,0.0014443589898291975,0.005564363003941253,19267584.0,6422528.0
ham_mbv2_pattern_mining,2026-02-07T03:35:01,1,72,12,5,0.5,1.64095139503479,0.1705632,0.0893498131481465,0.08784580015344545,0.0015040129947010428,1,2,0.0018557500152383,0.0015040129947010428,0.006928830000106245,150528.0,50176.0
ham_mbv2_pattern_mining,2026-02-07T03:35:04,2,67,12,0,0.68359375,0.8811676502227783,20.5620896,0.4289203609514516,0.4213573699234985,0.007562991027953103,1,2,0.014044204988749698,0.007562991027953103,0.02809153200360015,19267584.0,6422528.0
ham_mbv2_pattern_mining,2026-02-07T03:35:04,2,68,12,1,0.671875,0.9925638437271118,20.5620896,0.0599179599666968,0.05877849995158613,0.0011394600151106715,1,2,0.0014959349937271327,0.0011394600151106715,0.00438191500143148,19267584.0,6422528.0
ham_mbv2_pattern_mining,2026-02-07T03:35:04,2,69,12,2,0.734375,0.7919403910636902,20.5620896,0.059116079268278554,0.05799201026093215,0.0011240690073464066,1,2,0.001381666021188721,0.0011240690073464066,0.004417535004904494,19267584.0,6422528.0
ham_mbv2_pattern_mining,2026-02-07T03:35:04,2,70,12,3,0.68359375,0.909752607345581,20.5620896,0.061039118765620515,0.05994327977532521,0.0010958389902953058,1,2,0.0013184129784349352,0.0010958389902953058,0.004675914999097586,19267584.0,6422528.0
ham_mbv2_pattern_mining,2026-02-07T03:35:06,2,71,12,4,0.65625,0.9317362308502197,20.5620896,0.06499342454480939,0.06375081953592598,0.0012426050088834018,1,2,0.0015295969787985086,0.0012426050088834018,0.00484548497479409,19267584.0,6422528.0
ham_mbv2_pattern_mining,2026-02-07T03:35:06,2,72,12,5,1.0,0.2621600925922394,0.1705632,0.07471330102998763,0.07345124002313241,0.0012620610068552196,1,2,0.0015262470114976168,0.0012620610068552196,0.005818876990815625,150528.0,50176.0
ham_mbv2_pattern_mining,2026-02-07T03:35:08,3,67,12,0,0.69921875,0.8459679484367371,20.5620896,0.3085467579367105,0.303579049941618,0.004967707995092496,1,2,0.011067268991610035,0.004967707995092496,0.019290636002551764,19267584.0,6422528.0
ham_mbv2_pattern_mining,2026-02-07T03:35:09,3,68,12,1,0.70703125,0.8329249620437622,20.5620896,0.1458848269248847,0.1430243399227038,0.0028604870021808892,1,2,0.0033338619978167117,0.0028604870021808892,0.010968571994453669,19267584.0,6422528.0
ham_mbv2_pattern_mining,2026-02-07T03:35:09,3,69,12,2,0.63671875,1.0113427639007568,20.5620896,0.0767788790690247,0.07534389005741104,0.0014349890116136521,1,2,0.0018290479783900082,0.0014349890116136521,0.005705341027351096,19267584.0,6422528.0
ham_mbv2_pattern_mining,2026-02-07T03:35:09,3,70,12,3,0.69921875,0.7768163084983826,20.5620896,0.07443619414698333,0.07300988014321774,0.001426314003765583,1,2,0.0017608290072530508,0.001426314003765583,0.0055401590070687234,19267584.0,6422528.0
ham_mbv2_pattern_mining,2026-02-07T03:35:10,3,71,12,4,0.69921875,0.8427113890647888,20.5620896,0.074513558705803,0.07307874970138073,0.0014348090044222772,1,2,0.0017397329793311656,0.0014348090044222772,0.005568141990806907,19267584.0,6422528.0
ham_mbv2_pattern_mining,2026-02-07T03:35:10,3,72,12,5,0.5,0.8901896476745605,0.1705632,0.08928190995357,0.08778043993515894,0.0015014700184110552,1,2,0.0017706580110825598,0.0015014700184110552,0.007007385982433334,150528.0,50176.0
ham_mbv2_pattern_mining,2026-02-07T03:35:13,4,67,12,0,0.6640625,1.0482020378112793,20.5620896,0.4436542907496914,0.4358521997346543,0.007802091015037149,1,2,0.014323577983304858,0.007802091015037149,0.02926164199016057,19267584.0,6422528.0
ham_mbv2_pattern_mining,2026-02-07T03:35:13,4,68,12,1,0.65625,0.9646763801574707,20.5620896,0.07321644981857389,0.07177531981142238,0.0014411300071515143,1,2,0.0016874849970918149,0.0014411300071515143,0.005490046984050423,19267584.0,6422528.0
ham_mbv2_pattern_mining,2026-02-07T03:35:14,4,69,12,2,0.66796875,0.9373542070388794,20.5620896,0.07717403085553087,0.07567478984128684,0.0014992410142440349,1,2,0.0018186199886258692,0.0014992410142440349,0.005748858995502815,19267584.0,6422528.0
ham_mbv2_pattern_mining,2026-02-07T03:35:14,4,70,12,3,0.69140625,0.8772032856941223,20.5620896,0.07580354294623248,0.07433563994709402,0.0014679029991384596,1,2,0.0018137680017389357,0.0014679029991384596,0.005619795992970467,19267584.0,6422528.0
ham_mbv2_pattern_mining,2026-02-07T03:35:15,4,71,12,4,0.71484375,0.8304431438446045,20.5620896,0.07811455399496481,0.07663121999939904,0.001483333995565772,1,2,0.0018506000051274896,0.001483333995565772,0.005812521994812414,19267584.0,6422528.0
ham_mbv2_pattern_mining,2026-02-07T03:35:15,4,72,12,5,1.0,0.20845529437065125,0.09028159999999999,0.07898108402150683,0.0774552600341849,0.0015258239873219281,1,2,0.001868377992650494,0.0015258239873219281,0.005877148010767996,75264.0,25088.0
ham_mbv2_pattern_mining,2026-02-07T03:35:24,0,73,13,0,0.6953125,0.8644857406616211,20.5620896,0.6001998431165703,0.5819828101084568,0.018217033008113503,1,2,0.019635074015241116,0.018217033008113503,0.03856320699560456,19267584.0,6422528.0
ham_mbv2_pattern_mining,2026-02-07T03:35:24,0,74,13,1,0.6484375,0.9246194958686829,20.5620896,0.0762034117942676,0.07472882978618145,0.001474582008086145,1,2,0.001843161997385323,0.001474582008086145,0.005629720981232822,19267584.0,6422528.0
ham_mbv2_pattern_mining,2026-02-07T03:35:24,0,75,13,2,0.67578125,0.9262040853500366,20.5620896,0.07680923174484633,0.07534730975748971,0.001461921987356618,1,2,0.0018499339930713177,0.001461921987356618,0.005684796982677653,19267584.0,6422528.0
ham_mbv2_pattern_mining,2026-02-07T03:35:24,0,76,13,3,0.71484375,0.8588195443153381,20.5620896,0.07560055408976041,0.07418135006446391,0.0014192040252964944,1,2,0.0018221740028820932,0.0014192040252964944,0.005595961003564298,19267584.0,6422528.0
ham_mbv2_pattern_mining,2026-02-07T03:35:26,0,77,13,4,0.72265625,0.7453893423080444,20.5620896,0.07733934110729024,0.07589590008137748,0.0014434410259127617,1,2,0.001859632000559941,0.0014434410259127617,0.005729958007577807,19267584.0,6422528.0
ham_mbv2_pattern_mining,2026-02-07T03:35:26,0,78,13,5,0.0,3.6288321018218994,0.1705632,0.10475608875276521,0.1030829397495836,0.0016731490031816065,1,2,0.002107637992594391,0.0016731490031816065,0.008200655982363969,150528.0,50176.0
ham_mbv2_pattern_mining,2026-02-07T03:35:29,1,73,13,0,0.671875,0.8812623023986816,20.5620896,0.4554416938335635,0.44873207982163876,0.006709614011924714,1,2,0.013320947997272015,0.006709614011924714,0.03155225998489186,19267584.0,6422528.0
ham_mbv2_pattern_mining,2026-02-07T03:35:29,1,74,13,1,0.67578125,0.8947393298149109,20.5620896,0.07639112303149886,0.07492887001717463,0.001462253014324233,1,2,0.0019730750063899904,0.001462253014324233,0.005519811995327473,19267584.0,6422528.0
ham_mbv2_pattern_mining,2026-02-07T03:35:29,1,75,13,2,0.65234375,0.9563659429550171,20.5620896,0.07403277570847422,0.07262252969667315,0.001410246011801064,1,2,0.0017035999917425215,0.001410246011801064,0.005558652977924794,19267584.0,6422528.0
ham_mbv2_pattern_mining,2026-02-07T03:35:30,1,76,13,3,0.65234375,0.9547529816627502,20.5620896,0.0740342347708065,0.07259591977344826,0.0014383149973582476,1,2,0.0016901429917197675,0.0014383149973582476,0.005569448985625058,19267584.0,6422528.0
ham_mbv2_pattern_mining,2026-02-07T03:35:31,1,77,13,4,0.6953125,0.8622654676437378,20.5620896,0.07647287659347057,0.07499959960114211,0.001473276992328465,1,2,0.0017971389752347022,0.001473276992328465,0.005702820984879509,19267584.0,6422528.0
ham_mbv2_pattern_mining,2026-02-07T03:35:31,1,78,13,5,0.5,1.831267237663269,0.1705632,0.09222739515826106,0.09066632017493248,0.0015610749833285809,1,2,0.0018259980133734643,0.0015610749833285809,0.007240634004119784,150528.0,50176.0
ham_mbv2_pattern_mining,2026-02-07T03:35:34,2,73,13,0,0.66796875,0.8811968564987183,20.5620896,0.5266993167751934,0.5182256997795776,0.008473616995615885,1,2,0.01524627098115161,0.008473616995615885,0.036576298996806145,19267584.0,6422528.0
ham_mbv2_pattern_mining,2026-02-07T03:35:34,2,74,13,1,0.70703125,0.8832053542137146,20.5620896,0.07478050090139732,0.0733384198974818,0.0014420810039155185,1,2,0.0017875549965538085,0.0014420810039155185,0.0055462869931943715,19267584.0,6422528.0
ham_mbv2_pattern_mining,2026-02-07T03:35:35,2,75,13,2,0.70703125,0.7729464769363403,20.5620896,0.07601460989098996,0.07454626989783719,0.0014683399931527674,1,2,0.001781653001671657,0.0014683399931527674,0.005672973988112062,19267584.0,6422528.0
ham_mbv2_pattern_mining,2026-02-07T03:35:35,2,76,13,3,0.66796875,0.8971765041351318,20.5620896,0.0763266698922962,0.07486285991035402,0.0014638099819421768,1,2,0.0018048750062007457,0.0014638099819421768,0.005681410984834656,19267584.0,6422528.0
ham_mbv2_pattern_mining,2026-02-07T03:35:37,2,77,13,4,0.6875,0.9460101127624512,20.5620896,0.07674555221456103,0.07525951019488275,0.0014860420196782798,1,2,0.0017910850001499057,0.0014860420196782798,0.005734866019338369,19267584.0,6422528.0
ham_mbv2_pattern_mining,2026-02-07T03:35:37,2,78,13,5,0.5,1.909509539604187,0.1705632,0.0919932518445421,0.09048382984474301,0.0015094219997990876,1,2,0.0018151509866584092,0.0015094219997990876,0.007233231997815892,150528.0,50176.0
ham_mbv2_pattern_mining,2026-02-07T03:35:40,3,73,13,0,0.6875,0.8941680192947388,20.5620896,0.34210881488979794,0.3361531998962164,0.005955614993581548,1,2,0.011923498997930437,0.005955614993581548,0.021691820991691202,19267584.0,6422528.0
ham_mbv2_pattern_mining,2026-02-07T03:35:40,3,74,13,1,0.67578125,0.8200720548629761,20.5620896,0.060938243026612327,0.05975373002002016,0.0011845130065921694,1,2,0.001499806996434927,0.0011845130065921694,0.004475566005567089,19267584.0,6422528.0
ham_mbv2_pattern_mining,2026-02-07T03:35:40,3,75,13,2,0.67578125,0.9324696063995361,20.5620896,0.11128777306294069,0.10909225005889311,0.0021955230040475726,1,2,0.002510660997359082,0.0021955230040475726,0.00839856400853023,19267584.0,6422528.0
ham_mbv2_pattern_mining,2026-02-07T03:35:40,3,76,13,3,0.72265625,0.781991720199585,20.5620896,0.07559819496236742,0.07411152997519821,0.0014866649871692061,1,2,0.0017416269984096289,0.0014866649871692061,0.005669525999110192,19267584.0,6422528.0
ham_mbv2_pattern_mining,2026-02-07T03:35:42,3,77,13,4,0.68359375,0.8415057063102722,20.5620896,0.07631967001361772,0.07481990003725514,0.001499769976362586,1,2,0.001815213996451348,0.001499769976362586,0.005666776007274166,19267584.0,6422528.0
ham_mbv2_pattern_mining,2026-02-07T03:35:42,3,78,13,5,1.0,0.37594443559646606,0.1705632,0.09557451409636997,0.0939947200822644,0.0015797940141055733,1,2,0.0019103850063402206,0.0015797940141055733,0.007489087001886219,150528.0,50176.0
ham_mbv2_pattern_mining,2026-02-07T03:35:44,4,73,13,0,0.69921875,0.8813086748123169,20.5620896,0.31665716707357205,0.31144381006015465,0.005213357013417408,1,2,0.010955798992654309,0.005213357013417408,0.020188582013361156,19267584.0,6422528.0
ham_mbv2_pattern_mining,2026-02-07T03:35:44,4,74,13,1,0.671875,0.9546900987625122,20.5620896,0.07906724029453471,0.07750808028504252,0.0015591600094921887,1,2,0.0018937920103780925,0.0015591600094921887,0.00585701601812616,19267584.0,6422528.0
ham_mbv2_pattern_mining,2026-02-07T03:35:45,4,75,13,2,0.70703125,0.9013339281082153,20.5620896,0.08511105494108051,0.0834687499445863,0.0016423049964942038,1,2,0.001966348005225882,0.0016423049964942038,0.006380526989232749,19267584.0,6422528.0
ham_mbv2_pattern_mining,2026-02-07T03:35:45,4,76,13,3,0.6875,0.889405369758606,20.5620896,0.07685358892194927,0.07536655990406871,0.001487029017880559,1,2,0.001760348997777328,0.001487029017880559,0.005776306992629543,19267584.0,6422528.0
ham_mbv2_pattern_mining,2026-02-07T03:35:46,4,77,13,4,0.6640625,0.9463220834732056,20.5620896,0.12844451711862348,0.12629455013666302,0.0021499669819604605,1,2,0.0027373770135454834,0.0021499669819604605,0.009892078000120819,19267584.0,6422528.0
ham_mbv2_pattern_mining,2026-02-07T03:35:46,4,78,13,5,1.0,0.19250625371932983,0.09028159999999999,0.08500171225750819,0.08344487025169656,0.0015568420058116317,1,2,0.0018916020053438842,0.0015568420058116317,0.0064528850198257715,75264.0,25088.0
ham_mbv2_pattern_mining,2026-02-07T03:35:54,0,79,14,0,0.703125,0.8858286142349243,20.5620896,0.2841523911047261,0.27913905010791495,0.005013340996811166,1,2,0.008672422991367057,0.005013340996811166,0.01924148201942444,19267584.0,6422528.0
ham_mbv2_pattern_mining,2026-02-07T03:35:54,0,80,14,1,0.75390625,0.7266460657119751,20.5620896,0.13174353798967786,0.12699849001364782,0.004745047976030037,1,2,0.0021466590114869177,0.004745047976030037,0.010553189989877865,19267584.0,6422528.0
ham_mbv2_pattern_mining,2026-02-07T03:35:54,0,81,14,2,0.6484375,0.9226654767990112,20.5620896,0.06247389398049563,0.06131456000730395,0.0011593339731916785,1,2,0.0015712789900135249,0.0011593339731916785,0.00456017701071687,19267584.0,6422528.0
ham_mbv2_pattern_mining,2026-02-07T03:35:54,0,82,14,3,0.65234375,0.9023847579956055,20.5620896,0.05805337565834634,0.05695900967111811,0.0010943659872282296,1,2,0.001436027989257127,0.0010943659872282296,0.004259872977854684,19267584.0,6422528.0
ham_mbv2_pattern_mining,2026-02-07T03:35:55,0,83,14,4,0.671875,0.8481967449188232,20.5620896,0.058973835955839604,0.057869589945767075,0.0011042460100725293,1,2,0.0014037209912203252,0.0011042460100725293,0.004383238003356382,19267584.0,6422528.0
ham_mbv2_pattern_mining,2026-02-07T03:35:55,0,84,14,5,1.0,0.19109347462654114,0.1705632,0.0776854423165787,0.07644739031093195,0.0012380520056467503,1,2,0.001539978024084121,0.0012380520056467503,0.006104761007009074,150528.0,50176.0
ham_mbv2_pattern_mining,2026-02-07T03:35:59,1,79,14,0,0.71484375,0.8169863224029541,20.5620896,0.4715911310631782,0.46146231004968286,0.010128821013495326,1,2,0.01694409700576216,0.010128821013495326,0.029202133999206126,19267584.0,6422528.0
ham_mbv2_pattern_mining,2026-02-07T03:35:59,1,80,14,1,0.66796875,0.8670827150344849,20.5620896,0.0754410068038851,0.07394550979370251,0.0014954970101825893,1,2,0.0018338099762331694,0.0014954970101825893,0.005560741003137082,19267584.0,6422528.0
ham_mbv2_pattern_mining,2026-02-07T03:35:59,1,81,14,2,0.671875,0.9758692383766174,20.5620896,0.07488903510966338,0.07346791011514142,0.0014211249945219606,1,2,0.0017610920185688883,0.0014211249945219606,0.005585698992945254,19267584.0,6422528.0
ham_mbv2_pattern_mining,2026-02-07T03:35:59,1,82,14,3,0.66015625,0.9015661478042603,20.5620896,0.07435099210124463,0.07289091008715332,0.0014600820140913129,1,2,0.001733683020574972,0.0014600820140913129,0.0055554079881403595,19267584.0,6422528.0
ham_mbv2_pattern_mining,2026-02-07T03:36:01,1,83,14,4,0.65234375,0.9616562724113464,20.5620896,0.07461472973227501,0.07318587973713875,0.001428849995136261,1,2,0.0017622879822738469,0.001428849995136261,0.005556299991440028,19267584.0,6422528.0
ham_mbv2_pattern_mining,2026-02-07T03:36:01,1,84,14,5,0.5,0.9162604808807373,0.1705632,0.0944636320346035,0.09291897004004568,0.0015446619945578277,1,2,0.0019207290024496615,0.0015446619945578277,0.007371168001554906,150528.0,50176.0
ham_mbv2_pattern_mining,2026-02-07T03:36:03,2,79,14,0,0.7265625,0.8078694343566895,20.5620896,0.2727842690947,0.2684152001165785,0.004369068978121504,1,2,0.00988859700737521,0.004369068978121504,0.01695292300428264,19267584.0,6422528.0
ham_mbv2_pattern_mining,2026-02-07T03:36:04,2,80,14,1,0.65625,0.9294067025184631,20.5620896,0.10533339309040457,0.1032713201129809,0.002062072977423668,1,2,0.002467059006448835,0.002062072977423668,0.007860073004849255,19267584.0,6422528.0
ham_mbv2_pattern_mining,2026-02-07T03:36:04,2,81,14,2,0.66796875,0.901132345199585,20.5620896,0.06548063913942315,0.06425096013117582,0.0012296790082473308,1,2,0.0015517840220127255,0.0012296790082473308,0.004873311991104856,19267584.0,6422528.0
ham_mbv2_pattern_mining,2026-02-07T03:36:04,2,82,14,3,0.71875,0.8495069146156311,20.5620896,0.05723879992729053,0.05614394991425797,0.0010948500130325556,1,2,0.001389548007864505,0.0010948500130325556,0.004224846983561292,19267584.0,6422528.0
ham_mbv2_pattern_mining,2026-02-07T03:36:05,2,83,14,4,0.70703125,0.8748293519020081,20.5620896,0.09855527995387092,0.09650627995142713,0.0020490000024437904,1,2,0.0022939739865250885,0.0020490000024437904,0.007356654008617625,19267584.0,6422528.0
ham_mbv2_pattern_mining,2026-02-07T03:36:05,2,84,14,5,1.0,0.2171880155801773,0.1705632,0.07327371821156703,0.07209863018942997,0.0011750880221370608,1,2,0.0015169889957178384,0.0011750880221370608,0.0056928740232251585,150528.0,50176.0
ham_mbv2_pattern_mining,2026-02-07T03:36:08,3,79,14,0,0.6953125,0.8259133696556091,20.5620896,0.3295257659337949,0.3235065599437803,0.006019205990014598,1,2,0.012127207999583334,0.006019205990014598,0.020223447994794697,19267584.0,6422528.0
ham_mbv2_pattern_mining,2026-02-07T03:36:08,3,80,14,1,0.74609375,0.7434192895889282,20.5620896,0.18021306727314368,0.1767274402664043,0.003485627006739378,1,2,0.004300743021303788,0.003485627006739378,0.013372001005336642,19267584.0,6422528.0
ham_mbv2_pattern_mining,2026-02-07T03:36:08,3,81,14,2,0.69921875,0.8876757621765137,20.5620896,0.07626756001263857,0.0748148700222373,0.001452689990401268,1,2,0.0018426490132696927,0.001452689990401268,0.005638837988954037,19267584.0,6422528.0
ham_mbv2_pattern_mining,2026-02-07T03:36:09,3,82,14,3,0.66015625,0.9046610593795776,20.5620896,0.07879677088931203,0.07732489990303293,0.0014718709862791002,1,2,0.0018739640072453767,0.0014718709862791002,0.005858525983057916,19267584.0,6422528.0
ham_mbv2_pattern_mining,2026-02-07T03:36:10,3,83,14,4,0.69921875,0.8329681158065796,20.5620896,0.08224266790784895,0.08056997990934178,0.0016726879985071719,1,2,0.0020701900066342205,0.0016726879985071719,0.005986807984299958,19267584.0,6422528.0
ham_mbv2_pattern_mining,2026-02-07T03:36:10,3,84,14,5,0.0,3.2026619911193848,0.1705632,0.08899071073392406,0.08747584972297773,0.0015148610109463334,1,2,0.0018491439986974,0.0015148610109463334,0.006898440973600373,150528.0,50176.0
ham_mbv2_pattern_mining,2026-02-07T03:36:13,4,79,14,0,0.6875,0.8469475507736206,20.5620896,0.4022551470261533,0.3965734600205906,0.005681687005562708,1,2,0.01334536200738512,0.005681687005562708,0.026311983994673938,19267584.0,6422528.0
ham_mbv2_pattern_mining,2026-02-07T03:36:13,4,80,14,1,0.6796875,0.9233101606369019,20.5620896,0.19916938175447285,0.1960643197526224,0.003105062001850456,1,2,0.0035535389906726778,0.003105062001850456,0.016052892984589562,19267584.0,6422528.0
ham_mbv2_pattern_mining,2026-02-07T03:36:13,4,81,14,2,0.7109375,0.8586282730102539,20.5620896,0.0745042132330127,0.07307250023586676,0.0014317129971459508,1,2,0.0017269710078835487,0.0014317129971459508,0.005580279015703127,19267584.0,6422528.0
ham_mbv2_pattern_mining,2026-02-07T03:36:14,4,82,14,3,0.7109375,0.940131664276123,20.5620896,0.0753142898902297,0.07383569987723604,0.0014785900129936635,1,2,0.0017520139808766544,0.0014785900129936635,0.0056315560068469495,19267584.0,6422528.0
ham_mbv2_pattern_mining,2026-02-07T03:36:15,4,83,14,4,0.66015625,0.9906590580940247,20.5620896,0.10290315983002074,0.10097325983224437,0.0019298999977763742,1,2,0.0023381429782602936,0.0019298999977763742,0.007759183004964143,19267584.0,6422528.0
ham_mbv2_pattern_mining,2026-02-07T03:36:15,4,84,14,5,1.0,0.23901811242103577,0.09028159999999999,0.08642379692173563,0.08486659993650392,0.0015571969852317125,1,2,0.0020060820097569376,0.0015571969852317125,0.006480577983893454,75264.0,25088.0
ham_mbv2_pattern_mining,2026-02-07T03:36:22,0,85,15,0,0.734375,0.780841588973999,20.5620896,0.28810048807645217,0.28308720007771626,0.005013287998735905,1,2,0.008640168001875281,0.005013287998735905,0.019668552005896345,19267584.0,6422528.0
ham_mbv2_pattern_mining,2026-02-07T03:36:22,0,86,15,1,0.6875,0.8969073295593262,20.5620896,0.07623027288354933,0.07475722988601774,0.0014730429975315928,1,2,0.0018167810048907995,0.0014730429975315928,0.0056589419837109745,19267584.0,6422528.0
ham_mbv2_pattern_mining,2026-02-07T03:36:23,0,87,15,2,0.7109375,0.8304473161697388,20.5620896,0.07635440494050272,0.0749056099448353,0.0014487949956674129,1,2,0.0017993079964071512,0.0014487949956674129,0.005691252998076379,19267584.0,6422528.0
ham_mbv2_pattern_mining,2026-02-07T03:36:23,0,88,15,3,0.6796875,0.8803510665893555,20.5620896,0.07588638388551772,0.0744253199081868,0.001461063977330923,1,2,0.0017993960063904524,0.001461063977330923,0.005643135984428227,19267584.0,6422528.0
ham_mbv2_pattern_mining,2026-02-07T03:36:24,0,89,15,4,0.69921875,0.8682041168212891,20.5620896,0.0759430080652237,0.07449491007719189,0.0014480979880318046,1,2,0.0017984950100071728,0.0014480979880318046,0.005650995997712016,19267584.0,6422528.0
ham_mbv2_pattern_mining,2026-02-07T03:36:24,0,90,15,5,0.5,0.8024231791496277,0.1705632,0.09544055734295398,0.09391814033733681,0.0015224170056171715,1,2,0.0018339620146434754,0.0015224170056171715,0.007557852019090205,150528.0,50176.0
ham_mbv2_pattern_mining,2026-02-07T03:36:27,1,85,15,0,0.68359375,0.826250433921814,20.5620896,0.3766577207134105,0.36963971971999854,0.007018000993411988,1,2,0.013510647986549884,0.007018000993411988,0.02345332398544997,19267584.0,6422528.0
ham_mbv2_pattern_mining,2026-02-07T03:36:27,1,86,15,1,0.64453125,0.9500778913497925,20.5620896,0.07449780302704312,0.0730256800306961,0.001472122996347025,1,2,0.0017774310254026204,0.001472122996347025,0.005525136977666989,19267584.0,6422528.0
ham_mbv2_pattern_mining,2026-02-07T03:36:28,1,87,15,2,0.68359375,0.8470838069915771,20.5620896,0.07498400690383278,0.0735645298846066,0.0014194770192261785,1,2,0.0017869679722934961,0.0014194770192261785,0.005569485016167164,19267584.0,6422528.0
ham_mbv2_pattern_mining,2026-02-07T03:36:28,1,88,15,3,0.6796875,0.8818618059158325,20.5620896,0.07511260503088124,0.07368227001279593,0.0014303350180853158,1,2,0.0017703240155242383,0.0014303350180853158,0.005597902985755354,19267584.0,6422528.0
ham_mbv2_pattern_mining,2026-02-07T03:36:29,1,89,15,4,0.6640625,0.9527963399887085,20.5620896,0.06400530261453241,0.06278168963035569,0.0012236129841767251,1,2,0.0015583119820803404,0.0012236129841767251,0.004719856980955228,19267584.0,6422528.0
ham_mbv2_pattern_mining,2026-02-07T03:36:29,1,90,15,5,0.5,0.8977251052856445,0.1705632,0.07347036100691184,0.07229932001791894,0.0011710409889928997,1,2,0.0015183569921646267,0.0011710409889928997,0.005711575009627268,150528.0,50176.0
ham_mbv2_pattern_mining,2026-02-07T03:36:32,2,85,15,0,0.72265625,0.8658584356307983,20.5620896,0.4265958722680807,0.4178187102661468,0.008777162001933903,1,2,0.01456473401049152,0.008777162001933903,0.02721713701612316,19267584.0,6422528.0
ham_mbv2_pattern_mining,2026-02-07T03:36:32,2,86,15,1,0.6953125,0.853465735912323,20.5620896,0.06626701660570689,0.06505211960757151,0.001214896998135373,1,2,0.0018934029794763774,0.001214896998135373,0.004611808981280774,19267584.0,6422528.0
ham_mbv2_pattern_mining,2026-02-07T03:36:32,2,87,15,2,0.6484375,0.8578413128852844,20.5620896,0.05978483267244883,0.058680039655882865,0.0011047930165659636,1,2,0.0014335519808810204,0.0011047930165659636,0.004434451984707266,19267584.0,6422528.0
ham_mbv2_pattern_mining,2026-02-07T03:36:32,2,88,15,3,0.71875,0.8404537439346313,20.5620896,0.06069763490813784,0.05955339991487563,0.0011442349932622164,1,2,0.0015235249884426594,0.0011442349932622164,0.004431815003044903,19267584.0,6422528.0
ham_mbv2_pattern_mining,2026-02-07T03:36:34,2,89,15,4,0.6875,0.9109731912612915,20.5620896,0.1034513742197305,0.10145521024242043,0.0019961639773100615,1,2,0.0023146610183175653,0.0019961639773100615,0.007830860005924478,19267584.0,6422528.0
ham_mbv2_pattern_mining,2026-02-07T03:36:34,2,90,15,5,1.0,0.18342243134975433,0.1705632,0.07012698610196821,0.06892600009450689,0.0012009860074613243,1,2,0.0014758030010852963,0.0012009860074613243,0.005416797008365393,150528.0,50176.0
ham_mbv2_pattern_mining,2026-02-07T03:36:36,3,85,15,0,0.69921875,0.8273344039916992,20.5620896,0.33124165202025324,0.3259595300187357,0.005282122001517564,1,2,0.011423936986830086,0.005282122001517564,0.021172016015043482,19267584.0,6422528.0
ham_mbv2_pattern_mining,2026-02-07T03:36:37,3,86,15,1,0.72265625,0.7857578992843628,20.5620896,0.14612283985479735,0.143415629863739,0.0027072099910583347,1,2,0.003793326992308721,0.0027072099910583347,0.01054823599406518,19267584.0,6422528.0
ham_mbv2_pattern_mining,2026-02-07T03:36:37,3,87,15,2,0.73046875,0.7341395616531372,20.5620896,0.0757295950606931,0.07426566007779911,0.0014639349828939885,1,2,0.0017967130115721375,0.0014639349828939885,0.005629852996207774,19267584.0,6422528.0
ham_mbv2_pattern_mining,2026-02-07T03:36:37,3,88,15,3,0.73046875,0.8263210654258728,20.5620896,0.07509948004735634,0.07364157005213201,0.0014579099952243268,1,2,0.0017358979966957122,0.0014579099952243268,0.005628259008517489,19267584.0,6422528.0
ham_mbv2_pattern_mining,2026-02-07T03:36:38,3,89,15,4,0.62890625,1.0605413913726807,20.5620896,0.07645751000382006,0.07497810001950711,0.0014794099843129516,1,2,0.0018276560003869236,0.0014794099843129516,0.0056701540015637875,19267584.0,6422528.0
ham_mbv2_pattern_mining,2026-02-07T03:36:38,3,90,15,5,1.0,0.21459148824214935,0.1705632,0.09323362418217584,0.09166766016278416,0.0015659640193916857,1,2,0.001858035015175119,0.0015659640193916857,0.007308731001103297,150528.0,50176.0
ham_mbv2_pattern_mining,2026-02-07T03:36:41,4,85,15,0,0.69921875,0.8597736358642578,20.5620896,0.4471600733231753,0.4395213403040543,0.007638733019120991,1,2,0.014179745019646361,0.007638733019120991,0.02977238901075907,19267584.0,6422528.0
ham_mbv2_pattern_mining,2026-02-07T03:36:41,4,86,15,1,0.7109375,0.8807724714279175,20.5620896,0.13425836400710978,0.1316260200110264,0.002632343996083364,1,2,0.003046502999495715,0.002632343996083364,0.010116099001606926,19267584.0,6422528.0
ham_mbv2_pattern_mining,2026-02-07T03:36:42,4,87,15,2,0.6796875,0.8541442155838013,20.5620896,0.0747571388783399,0.07333780988119543,0.0014193289971444756,1,2,0.0017707529768813401,0.0014193289971444756,0.0055630280112382025,19267584.0,6422528.0
ham_mbv2_pattern_mining,2026-02-07T03:36:42,4,88,15,3,0.67578125,0.9410590529441833,20.5620896,0.07563559600384906,0.07417626999085769,0.0014593260129913688,1,2,0.0018147480150219053,0.0014593260129913688,0.005602878984063864,19267584.0,6422528.0
ham_mbv2_pattern_mining,2026-02-07T03:36:43,4,89,15,4,0.671875,0.9103248119354248,20.5620896,0.07478813381749205,0.07334192981943488,0.0014462039980571717,1,2,0.0017337850003968924,0.0014462039980571717,0.005600407981546596,19267584.0,6422528.0
ham_mbv2_pattern_mining,2026-02-07T03:36:43,4,90,15,5,0.0,3.9224908351898193,0.09028159999999999,0.08518169989110902,0.08360109990462661,0.0015805999864824116,1,2,0.001945273979799822,0.0015805999864824116,0.006414836010662839,75264.0,25088.0
ham_mbv2_pattern_mining,2026-02-07T03:36:51,0,91,16,0,0.65625,0.9022901654243469,20.5620896,0.28363572782836854,0.27858219982590526,0.005053528002463281,1,2,0.008731660986086354,0.005053528002463281,0.019126558996504173,19267584.0,6422528.0
ham_mbv2_pattern_mining,2026-02-07T03:36:51,0,92,16,1,0.70703125,0.8126043677330017,20.5620896,0.24615263508167118,0.242242350068409,0.0039102850132621825,1,2,0.005750909011112526,0.0039102850132621825,0.018473325995728374,19267584.0,6422528.0
ham_mbv2_pattern_mining,2026-02-07T03:36:51,0,93,16,2,0.70703125,0.8073288202285767,20.5620896,0.10085203321068548,0.0993546302197501,0.0014974029909353703,1,2,0.0018485340115148574,0.0014974029909353703,0.008086929010460153,19267584.0,6422528.0
ham_mbv2_pattern_mining,2026-02-07T03:36:52,0,94,16,3,0.7109375,0.8403382301330566,20.5620896,0.07569061891990714,0.07422986993333325,0.0014607489865738899,1,2,0.0018095489940606058,0.0014607489865738899,0.005613437999272719,19267584.0,6422528.0
ham_mbv2_pattern_mining,2026-02-07T03:36:52,0,95,16,4,0.68359375,0.9022117853164673,20.5620896,0.07758996580378152,0.0761122498079203,0.0014777159958612174,1,2,0.001875066984212026,0.0014777159958612174,0.005736157996580005,19267584.0,6422528.0
ham_mbv2_pattern_mining,2026-02-07T03:36:52,0,96,16,5,1.0,0.417454332113266,0.1705632,0.10420829398208298,0.10273902997141704,0.0014692640106659383,1,2,0.0017494700150564313,0.0014692640106659383,0.008524432982085273,150528.0,50176.0
ham_mbv2_pattern_mining,2026-02-07T03:36:55,1,91,16,0,0.6796875,0.8700962066650391,20.5620896,0.34554499783553183,0.33816035982454196,0.007384638010989875,1,2,0.013816853985190392,0.007384638010989875,0.019999181997263804,19267584.0,6422528.0
ham_mbv2_pattern_mining,2026-02-07T03:36:56,1,92,16,1,0.68359375,0.8104768991470337,20.5620896,0.0900784671830479,0.08833190018776804,0.0017465669952798635,1,2,0.002314492012374103,0.0017465669952798635,0.006518698006402701,19267584.0,6422528.0
ham_mbv2_pattern_mining,2026-02-07T03:36:56,1,93,16,2,0.63671875,0.9589736461639404,20.5620896,0.07356440782314166,0.07217232981929556,0.001392078003846109,1,2,0.0016922449867706746,0.001392078003846109,0.005524987995158881,19267584.0,6422528.0
ham_mbv2_pattern_mining,2026-02-07T03:36:56,1,94,16,3,0.6640625,0.8505129814147949,20.5620896,0.07485591576551087,0.07342632976360619,0.0014295860019046813,1,2,0.0016839040035847574,0.0014295860019046813,0.005658728972775862,19267584.0,6422528.0
ham_mbv2_pattern_mining,2026-02-07T03:36:57,1,95,16,4,0.66796875,0.8564133644104004,20.5620896,0.08229091600514948,0.08085820998530835,0.0014327060198411345,1,2,0.0025270899932365865,0.0014327060198411345,0.0055587310052942485,19267584.0,6422528.0
ham_mbv2_pattern_mining,2026-02-07T03:36:57,1,96,16,5,1.0,0.17593783140182495,0.1705632,0.09035720993415453,0.08884982991730794,0.0015073800168465823,1,2,0.0017600179999135435,0.0015073800168465823,0.007124964991817251,150528.0,50176.0
ham_mbv2_pattern_mining,2026-02-07T03:37:00,2,91,16,0,0.65625,0.9002857804298401,20.5620896,0.3180564579961356,0.31256084999768063,0.005495607998454943,1,2,0.01117766200331971,0.005495607998454943,0.020078422996448353,19267584.0,6422528.0
ham_mbv2_pattern_mining,2026-02-07T03:37:00,2,92,16,1,0.703125,0.8312474489212036,20.5620896,0.07524206998641603,0.07377027999609709,0.001471789990318939,1,2,0.0017916189972311258,0.001471789990318939,0.005585409002378583,19267584.0,6422528.0
ham_mbv2_pattern_mining,2026-02-07T03:37:00,2,93,16,2,0.67578125,0.9252805113792419,20.5620896,0.07537260025856085,0.07392865023575723,0.0014439500228036195,1,2,0.001760314014973119,0.0014439500228036195,0.005632551008602604,19267584.0,6422528.0
ham_mbv2_pattern_mining,2026-02-07T03:37:01,2,94,16,3,0.71875,0.8144664764404297,20.5620896,0.07637135780532844,0.07487370981834829,0.0014976479869801551,1,2,0.0017715279827825725,0.0014976479869801551,0.005715842999052256,19267584.0,6422528.0
ham_mbv2_pattern_mining,2026-02-07T03:37:02,2,95,16,4,0.6953125,0.8286856412887573,20.5620896,0.07488032011315227,0.07343850011238828,0.0014418200007639825,1,2,0.0017549520125612617,0.0014418200007639825,0.005588897998677567,19267584.0,6422528.0
ham_mbv2_pattern_mining,2026-02-07T03:37:02,2,96,16,5,1.0,0.3670887351036072,0.1705632,0.11170234010205604,0.10970191011438146,0.002000429987674579,1,2,0.00241637701401487,0.002000429987674579,0.008553813997423276,150528.0,50176.0
ham_mbv2_pattern_mining,2026-02-07T03:37:05,3,91,16,0,0.71484375,0.8401072025299072,20.5620896,0.42968420608667657,0.4233973100781441,0.006286896008532494,1,2,0.015062958002090454,0.006286896008532494,0.027276773005723953,19267584.0,6422528.0
ham_mbv2_pattern_mining,2026-02-07T03:37:06,3,92,16,1,0.7109375,0.8366512060165405,20.5620896,0.08676467984332703,0.08529377984814346,0.0014708999951835722,1,2,0.0019441939948592335,0.0014708999951835722,0.006585183989955112,19267584.0,6422528.0
ham_mbv2_pattern_mining,2026-02-07T03:37:06,3,93,16,2,0.6875,0.8654756546020508,20.5620896,0.0761950250598602,0.07475535006960854,0.0014396749902516603,1,2,0.0018189040129072964,0.0014396749902516603,0.0056566309940535575,19267584.0,6422528.0
ham_mbv2_pattern_mining,2026-02-07T03:37:06,3,94,16,3,0.7109375,0.813510537147522,20.5620896,0.0750576539139729,0.0735810399055481,0.0014766140084248036,1,2,0.0017888179863803089,0.0014766140084248036,0.005569286004174501,19267584.0,6422528.0
ham_mbv2_pattern_mining,2026-02-07T03:37:07,3,95,16,4,0.7265625,0.7831467986106873,20.5620896,0.07702824706211686,0.0755695000407286,0.0014587470213882625,1,2,0.0018833159992936999,0.0014587470213882625,0.00567363400477916,19267584.0,6422528.0
ham_mbv2_pattern_mining,2026-02-07T03:37:07,3,96,16,5,0.0,3.0447824001312256,0.1705632,0.09204795391997322,0.09053813992068172,0.0015098139992915094,1,2,0.0017827010015025735,0.0015098139992915094,0.007271112990565598,150528.0,50176.0
ham_mbv2_pattern_mining,2026-02-07T03:37:10,4,91,16,0,0.69921875,0.875802755355835,20.5620896,0.3574084432038944,0.3514899002038874,0.005918543000007048,1,2,0.013462374015944079,0.005918543000007048,0.02168661600444466,19267584.0,6422528.0
ham_mbv2_pattern_mining,2026-02-07T03:37:10,4,92,16,1,0.703125,0.8403949737548828,20.5620896,0.1617791962053161,0.15853592019993812,0.003243276005377993,1,2,0.0038325070054270327,0.003243276005377993,0.01202108501456678,19267584.0,6422528.0
ham_mbv2_pattern_mining,2026-02-07T03:37:11,4,93,16,2,0.6796875,0.9530912041664124,20.5620896,0.09059663320658728,0.08883315022103488,0.0017634829855524004,1,2,0.0020677020074799657,0.0017634829855524004,0.006815613014623523,19267584.0,6422528.0
ham_mbv2_pattern_mining,2026-02-07T03:37:11,4,94,16,3,0.70703125,0.8563063144683838,20.5620896,0.07727774896193296,0.0757837199489586,0.0014940290129743516,1,2,0.0018486969929654151,0.0014940290129743516,0.005729675001930445,19267584.0,6422528.0
ham_mbv2_pattern_mining,2026-02-07T03:37:12,4,95,16,4,0.671875,0.9360860586166382,20.5620896,0.13323460493120365,0.13061962992651388,0.002614975004689768,1,2,0.0029825789970345795,0.002614975004689768,0.010079383995616809,19267584.0,6422528.0
ham_mbv2_pattern_mining,2026-02-07T03:37:12,4,96,16,5,0.0,2.974259853363037,0.09028159999999999,0.08128653190215118,0.07975902990438044,0.0015275019977707416,1,2,0.0018795040086843073,0.0015275019977707416,0.006096398981753737,75264.0,25088.0
ham_mbv2_pattern_mining,2026-02-07T03:37:21,0,97,17,0,0.7265625,0.8069744110107422,20.5620896,0.3589181140414439,0.35360273002879694,0.005315384012646973,1,2,0.009114738990319893,0.005315384012646973,0.0262455340125598,19267584.0,6422528.0
ham_mbv2_pattern_mining,2026-02-07T03:37:21,0,98,17,1,0.6796875,0.8396375775337219,20.5620896,0.0762088936753571,0.07472555967979133,0.001483333995565772,1,2,0.0017868329887278378,0.001483333995565772,0.005685722979251295,19267584.0,6422528.0
ham_mbv2_pattern_mining,2026-02-07T03:37:21,0,99,17,2,0.69921875,0.8488308787345886,20.5620896,0.07823511626338586,0.07676062028622255,0.0014744959771633148,1,2,0.001878397015389055,0.0014744959771633148,0.0057976650132332,19267584.0,6422528.0
ham_mbv2_pattern_mining,2026-02-07T03:37:21,0,100,17,3,0.73046875,0.831144392490387,20.5620896,0.07709917685133405,0.07563372986624017,0.0014654469850938767,1,2,0.0018650179845280945,0.0014654469850938767,0.005698355002095923,19267584.0,6422528.0
ham_mbv2_pattern_mining,2026-02-07T03:37:23,0,101,17,4,0.69140625,0.874367356300354,20.5620896,0.07672162097878754,0.07528843998443335,0.0014331809943541884,1,2,0.0018494229880161583,0.0014331809943541884,0.005679421010427177,19267584.0,6422528.0
ham_mbv2_pattern_mining,2026-02-07T03:37:23,0,102,17,5,1.0,0.17656210064888,0.1705632,0.09799922109232284,0.0964887801092118,0.0015104409831110388,1,2,0.001792608993127942,0.0015104409831110388,0.007856269017793238,150528.0,50176.0
ham_mbv2_pattern_mining,2026-02-07T03:37:26,1,97,17,0,0.70703125,0.8125671148300171,20.5620896,0.3210577699355781,0.31568737991619855,0.005370390019379556,1,2,0.010754347982583568,0.005370390019379556,0.020814390009036288,19267584.0,6422528.0
ham_mbv2_pattern_mining,2026-02-07T03:37:26,1,98,17,1,0.6953125,0.7872549295425415,20.5620896,0.1148940519487951,0.11270860995864496,0.0021854419901501387,1,2,0.002729275991441682,0.0021854419901501387,0.008541585004422814,19267584.0,6422528.0
ham_mbv2_pattern_mining,2026-02-07T03:37:26,1,99,17,2,0.703125,0.8308770656585693,20.5620896,0.08558757495484315,0.08417617995291948,0.0014113950019236654,1,2,0.0028488929965533316,0.0014113950019236654,0.005568724998738617,19267584.0,6422528.0
ham_mbv2_pattern_mining,2026-02-07T03:37:27,1,100,17,3,0.64453125,0.9961491823196411,20.5620896,0.07536226711818017,0.0739204601268284,0.0014418069913517684,1,2,0.0017931890033651143,0.0014418069913517684,0.005598857009317726,19267584.0,6422528.0
ham_mbv2_pattern_mining,2026-02-07T03:37:28,1,101,17,4,0.64453125,0.9394922852516174,20.5620896,0.1314065910410136,0.12885520001873374,0.0025513910222798586,1,2,0.0029158309916965663,0.0025513910222798586,0.009969689010176808,19267584.0,6422528.0
ham_mbv2_pattern_mining,2026-02-07T03:37:28,1,102,17,5,1.0,0.25746020674705505,0.1705632,0.09461071182158776,0.09306606982136145,0.001544642000226304,1,2,0.0018311429885216057,0.001544642000226304,0.0074754639936145395,150528.0,50176.0
ham_mbv2_pattern_mining,2026-02-07T03:37:31,2,97,17,0,0.67578125,0.8853839039802551,20.5620896,0.3611295319569763,0.3555133199552074,0.005616212001768872,1,2,0.012279779009986669,0.005616212001768872,0.023271552985534072,19267584.0,6422528.0
ham_mbv2_pattern_mining,2026-02-07T03:37:32,2,98,17,1,0.69140625,0.8139140605926514,20.5620896,0.07551718017202802,0.0740549701731652,0.0014622099988628179,1,2,0.001790175010683015,0.0014622099988628179,0.005615322006633505,19267584.0,6422528.0
ham_mbv2_pattern_mining,2026-02-07T03:37:32,2,99,17,2,0.72265625,0.8138482570648193,20.5620896,0.07415805477648973,0.07274916977621615,0.0014088850002735853,1,2,0.0017555269878357649,0.0014088850002735853,0.00551938998978585,19267584.0,6422528.0
ham_mbv2_pattern_mining,2026-02-07T03:37:32,2,100,17,3,0.6953125,0.8533639311790466,20.5620896,0.07483555219369009,0.07340191019466147,0.001433641999028623,1,2,0.001734273013425991,0.001433641999028623,0.005605918006040156,19267584.0,6422528.0
ham_mbv2_pattern_mining,2026-02-07T03:37:34,2,101,17,4,0.6640625,0.8966083526611328,20.5620896,0.08203656881232746,0.08038137981202453,0.0016551890003029257,1,2,0.002200077986344695,0.0016551890003029257,0.005838059994857758,19267584.0,6422528.0
ham_mbv2_pattern_mining,2026-02-07T03:37:34,2,102,17,5,1.0,0.4878193438053131,0.1705632,0.09073473195894621,0.089231799938716,0.0015029320202302188,1,2,0.0018446090107318014,0.0015029320202302188,0.007078570983139798,150528.0,50176.0
ham_mbv2_pattern_mining,2026-02-07T03:37:37,3,97,17,0,0.6640625,0.8358125686645508,20.5620896,0.42781029583420604,0.41965527983848006,0.00815501599572599,1,2,0.015032280993182212,0.00815501599572599,0.026933246990665793,19267584.0,6422528.0
ham_mbv2_pattern_mining,2026-02-07T03:37:37,3,98,17,1,0.68359375,0.8028010129928589,20.5620896,0.07504716014955193,0.07359942013863474,0.0014477400109171867,1,2,0.0017860039952211082,0.0014477400109171867,0.005573938018642366,19267584.0,6422528.0
ham_mbv2_pattern_mining,2026-02-07T03:37:37,3,99,17,2,0.75390625,0.7909532189369202,20.5620896,0.07618245610501617,0.07472296012565494,0.001459495979361236,1,2,0.0018058629939332604,0.001459495979361236,0.005666433018632233,19267584.0,6422528.0
ham_mbv2_pattern_mining,2026-02-07T03:37:38,3,100,17,3,0.67578125,0.8197033405303955,20.5620896,0.07698688816162758,0.07549677015049383,0.0014901180111337453,1,2,0.0018358620000071824,0.0014901180111337453,0.005713815015042201,19267584.0,6422528.0
ham_mbv2_pattern_mining,2026-02-07T03:37:40,3,101,17,4,0.73046875,0.8213708996772766,20.5620896,0.07555753589258529,0.07408437988488004,0.0014731560077052563,1,2,0.0017660470039118081,0.0014731560077052563,0.0056423909845761955,19267584.0,6422528.0
ham_mbv2_pattern_mining,2026-02-07T03:37:40,3,102,17,5,1.0,0.2267640382051468,0.1705632,0.09235377504955977,0.09081055002752692,0.001543225022032857,1,2,0.001792124006897211,0.001543225022032857,0.00728893099585548,150528.0,50176.0
ham_mbv2_pattern_mining,2026-02-07T03:37:43,4,97,17,0,0.6796875,0.8176093101501465,20.5620896,0.4483820962777827,0.4419710402726196,0.006411056005163118,1,2,0.01327911001862958,0.006411056005163118,0.030917994008632377,19267584.0,6422528.0
ham_mbv2_pattern_mining,2026-02-07T03:37:43,4,98,17,1,0.6875,0.8254741430282593,20.5620896,0.08000658699893393,0.0784519300214015,0.0015546569775324315,1,2,0.0019114179885946214,0.0015546569775324315,0.005933775013545528,19267584.0,6422528.0
ham_mbv2_pattern_mining,2026-02-07T03:37:43,4,99,17,2,0.66796875,0.9828090667724609,20.5620896,0.0803299349208828,0.0787993599078618,0.0015305750130210072,1,2,0.0018823769933078438,0.0015305750130210072,0.005997558997478336,19267584.0,6422528.0
ham_mbv2_pattern_mining,2026-02-07T03:37:43,4,100,17,3,0.7265625,0.8301264643669128,20.5620896,0.08195248083211482,0.08039852982619777,0.0015539510059170425,1,2,0.0018867119797505438,0.0015539510059170425,0.0061531410028692335,19267584.0,6422528.0
ham_mbv2_pattern_mining,2026-02-07T03:37:45,4,101,17,4,0.6640625,0.9407030344009399,20.5620896,0.06389014309388585,0.06265005009481683,0.0012400929990690202,1,2,0.001547263003885746,0.0012400929990690202,0.004717742005595937,19267584.0,6422528.0
ham_mbv2_pattern_mining,2026-02-07T03:37:45,4,102,17,5,0.0,3.2162866592407227,0.09028159999999999,0.07268916012253612,0.0713618501322344,0.0013273099903017282,1,2,0.0017056070209946483,0.0013273099903017282,0.005430577992228791,75264.0,25088.0
ham_mbv2_pattern_mining,2026-02-07T03:37:53,0,103,18,0,0.69921875,0.8731143474578857,20.5620896,0.32909554897923954,0.3232862299773842,0.005809319001855329,1,2,0.009906423976644874,0.005809319001855329,0.022422199021093547,19267584.0,6422528.0
ham_mbv2_pattern_mining,2026-02-07T03:37:53,0,104,18,1,0.69140625,0.841171145439148,20.5620896,0.0984127051779069,0.09654134017182514,0.00187136500608176,1,2,0.0023863879905547947,0.00187136500608176,0.007267746026627719,19267584.0,6422528.0
ham_mbv2_pattern_mining,2026-02-07T03:37:54,0,105,18,2,0.71875,0.8138959407806396,20.5620896,0.07680697322939523,0.07537687022704631,0.0014301030023489147,1,2,0.0018017000111285597,0.0014301030023489147,0.005735987011576071,19267584.0,6422528.0
ham_mbv2_pattern_mining,2026-02-07T03:37:54,0,106,18,3,0.76171875,0.7172859311103821,20.5620896,0.076632990851067,0.07517008983995765,0.0014629010111093521,1,2,0.0017639260040596128,0.0014629010111093521,0.005753082979936153,19267584.0,6422528.0
ham_mbv2_pattern_mining,2026-02-07T03:37:55,0,107,18,4,0.6640625,0.9142864942550659,20.5620896,0.0794069260591641,0.07792938005877659,0.0014775460003875196,1,2,0.0019385449995752424,0.0014775460003875196,0.005854393006302416,19267584.0,6422528.0
ham_mbv2_pattern_mining,2026-02-07T03:37:55,0,108,18,5,0.5,1.2444151639938354,0.1705632,0.152781584096374,0.15016668010503054,0.0026149039913434535,1,2,0.003102132002823055,0.0026149039913434535,0.011914536007679999,150528.0,50176.0
ham_mbv2_pattern_mining,2026-02-07T03:37:58,1,103,18,0,0.71875,0.7602653503417969,20.5620896,0.3947738808928989,0.3879887599032372,0.006785120989661664,1,2,0.013089671992929652,0.006785120989661664,0.02570920399739407,19267584.0,6422528.0
ham_mbv2_pattern_mining,2026-02-07T03:37:58,1,104,18,1,0.67578125,0.9002397060394287,20.5620896,0.06429995424696244,0.06304888025624678,0.0012510739907156676,1,2,0.001545770006487146,0.0012510739907156676,0.0047591180191375315,19267584.0,6422528.0
ham_mbv2_pattern_mining,2026-02-07T03:37:59,1,105,18,2,0.71484375,0.840994119644165,20.5620896,0.05857591133099049,0.05744191032135859,0.001134001009631902,1,2,0.0013951870205346495,0.001134001009631902,0.00434900401160121,19267584.0,6422528.0
ham_mbv2_pattern_mining,2026-02-07T03:37:59,1,106,18,3,0.6484375,0.9395620822906494,20.5620896,0.062339342664927244,0.06113851966802031,0.0012008229969069362,1,2,0.0015611329872626811,0.0012008229969069362,0.00455271897953935,19267584.0,6422528.0
ham_mbv2_pattern_mining,2026-02-07T03:38:01,1,107,18,4,0.67578125,0.8680088520050049,20.5620896,0.06389997975202277,0.06263787974603474,0.0012621000059880316,1,2,0.0015508599753957242,0.0012621000059880316,0.00471292799920775,19267584.0,6422528.0
ham_mbv2_pattern_mining,2026-02-07T03:38:01,1,108,18,5,0.5,1.6456730365753174,0.1705632,0.07661873786128126,0.07511084986617789,0.0015078879951033741,1,2,0.0015808400057721883,0.0015078879951033741,0.0059302449808456,150528.0,50176.0
ham_mbv2_pattern_mining,2026-02-07T03:38:04,2,103,18,0,0.69140625,0.884429931640625,20.5620896,0.4040558620763477,0.3978337600710802,0.006222102005267516,1,2,0.012676840007770807,0.006222102005267516,0.02710653599933721,19267584.0,6422528.0
ham_mbv2_pattern_mining,2026-02-07T03:38:04,2,104,18,1,0.7578125,0.7231426239013672,20.5620896,0.07824664009967819,0.07673159008845687,0.0015150500112213194,1,2,0.0018740459927357733,0.0015150500112213194,0.005799113016109914,19267584.0,6422528.0
ham_mbv2_pattern_mining,2026-02-07T03:38:04,2,105,18,2,0.64453125,0.9349812269210815,20.5620896,0.07837325212312862,0.07687947014346719,0.0014937819796614349,1,2,0.0018522790051065385,0.0014937819796614349,0.00583566800924018,19267584.0,6422528.0
ham_mbv2_pattern_mining,2026-02-07T03:38:04,2,106,18,3,0.69921875,0.8220008015632629,20.5620896,0.07585498393746093,0.07437502994434908,0.0014799539931118488,1,2,0.0017596239922568202,0.0014799539931118488,0.005677879002178088,19267584.0,6422528.0
ham_mbv2_pattern_mining,2026-02-07T03:38:06,2,107,18,4,0.73046875,0.8336999416351318,20.5620896,0.07015640393365175,0.06882824993226677,0.0013281540013849735,1,2,0.0016012790147215128,0.0013281540013849735,0.005281545978505164,19267584.0,6422528.0
ham_mbv2_pattern_mining,2026-02-07T03:38:06,2,108,18,5,1.0,0.1611470878124237,0.1705632,0.09526756600826047,0.09370309999212623,0.0015644660161342472,1,2,0.0019410660024732351,0.0015644660161342472,0.0074292439967393875,150528.0,50176.0
ham_mbv2_pattern_mining,2026-02-07T03:38:09,3,103,18,0,0.69140625,0.7924390435218811,20.5620896,0.371549377014162,0.3652173400041647,0.006332037009997293,1,2,0.012468772009015083,0.006332037009997293,0.02405296199140139,19267584.0,6422528.0
ham_mbv2_pattern_mining,2026-02-07T03:38:09,3,104,18,1,0.7109375,0.8073501586914062,20.5620896,0.07715446103247814,0.0756528100464493,0.0015016509860288352,1,2,0.001842605008278042,0.0015016509860288352,0.005722675996366888,19267584.0,6422528.0
ham_mbv2_pattern_mining,2026-02-07T03:38:09,3,105,18,2,0.69140625,0.8222385048866272,20.5620896,0.07695570675423369,0.07549146976089105,0.001464236993342638,1,2,0.0018042969750240445,0.001464236993342638,0.0057448500010650605,19267584.0,6422528.0
ham_mbv2_pattern_mining,2026-02-07T03:38:09,3,106,18,3,0.72265625,0.7617613077163696,20.5620896,0.07621432578889653,0.07473246980225667,0.0014818559866398573,1,2,0.0017965149891097099,0.0014818559866398573,0.0056767319911159575,19267584.0,6422528.0
ham_mbv2_pattern_mining,2026-02-07T03:38:11,3,107,18,4,0.703125,0.8638317584991455,20.5620896,0.07706875423900783,0.07559108023997396,0.0014776739990338683,1,2,0.0018715730111580342,0.0014776739990338683,0.005687535012839362,19267584.0,6422528.0
ham_mbv2_pattern_mining,2026-02-07T03:38:11,3,108,18,5,1.0,0.4185977578163147,0.1705632,0.08853129035560414,0.08699947036802769,0.0015318199875764549,1,2,0.0018694180180318654,0.0015318199875764549,0.006830529018770903,150528.0,50176.0
ham_mbv2_pattern_mining,2026-02-07T03:38:14,4,103,18,0,0.70703125,0.8369618654251099,20.5620896,0.33817619108594954,0.33305832010228187,0.005117870983667672,1,2,0.01139929800410755,0.005117870983667672,0.021906534006120637,19267584.0,6422528.0
ham_mbv2_pattern_mining,2026-02-07T03:38:14,4,104,18,1,0.671875,0.9333615303039551,20.5620896,0.0582722820690833,0.057142940058838576,0.0011293420102447271,1,2,0.0014596070104744285,0.0011293420102447271,0.004254686995409429,19267584.0,6422528.0
ham_mbv2_pattern_mining,2026-02-07T03:38:14,4,105,18,2,0.7109375,0.7974106073379517,20.5620896,0.05859921791125089,0.05748083989601582,0.0011183780152350664,1,2,0.001403553003910929,0.0011183780152350664,0.004344530985690653,19267584.0,6422528.0
ham_mbv2_pattern_mining,2026-02-07T03:38:15,4,106,18,3,0.7109375,0.8017670512199402,20.5620896,0.0781019011628814,0.07664833014132455,0.0014535710215568542,1,2,0.0020507610170170665,0.0014535710215568542,0.0056140719971153885,19267584.0,6422528.0
ham_mbv2_pattern_mining,2026-02-07T03:38:16,4,107,18,4,0.68359375,0.9964414834976196,20.5620896,0.07290027604904026,0.07145701005356386,0.001443265995476395,1,2,0.0018252530135214329,0.001443265995476395,0.005320447991834953,19267584.0,6422528.0
ham_mbv2_pattern_mining,2026-02-07T03:38:16,4,108,18,5,1.0,0.16024857759475708,0.09028159999999999,0.07922197092557326,0.07769888994516805,0.0015230809804052114,1,2,0.001900511997519061,0.0015230809804052114,0.005869376996997744,75264.0,25088.0
ham_mbv2_pattern_mining,2026-02-07T03:38:24,0,109,19,0,0.75390625,0.7146296501159668,20.5620896,0.4121873179101385,0.406385239912197,0.005802077997941524,1,2,0.009437406988581643,0.005802077997941524,0.031201117002638057,19267584.0,6422528.0
ham_mbv2_pattern_mining,2026-02-07T03:38:25,0,110,19,1,0.6796875,0.8638697862625122,20.5620896,0.08208626275882125,0.0806354297674261,0.0014508329913951457,1,2,0.002496378991054371,0.0014508329913951457,0.005567163985688239,19267584.0,6422528.0
ham_mbv2_pattern_mining,2026-02-07T03:38:25,0,111,19,2,0.68359375,0.9083251953125,20.5620896,0.11413368934881873,0.11222700035432354,0.0019066889944951981,1,2,0.0017628760251682252,0.0019066889944951981,0.009459824010264128,19267584.0,6422528.0
ham_mbv2_pattern_mining,2026-02-07T03:38:25,0,112,19,3,0.703125,0.807790219783783,20.5620896,0.07518374209757894,0.07374706008704379,0.0014366820105351508,1,2,0.0017603900050744414,0.0014366820105351508,0.005614316003629938,19267584.0,6422528.0
ham_mbv2_pattern_mining,2026-02-07T03:38:26,0,113,19,4,0.70703125,0.8375669717788696,20.5620896,0.07692411192692816,0.07550398993771523,0.0014201219892129302,1,2,0.0019177270005457103,0.0014201219892129302,0.005632671993225813,19267584.0,6422528.0
ham_mbv2_pattern_mining,2026-02-07T03:38:26,0,114,19,5,0.5,1.3591172695159912,0.1705632,0.08993680591811426,0.08844005991704762,0.00149674600106664,1,2,0.0018146430084016174,0.00149674600106664,0.007029362983303145,150528.0,50176.0
ham_mbv2_pattern_mining,2026-02-07T03:38:30,1,109,19,0,0.67578125,0.8120845556259155,20.5620896,0.32959673609002493,0.3239584300899878,0.005638306000037119,1,2,0.011752949008950964,0.005638306000037119,0.020642894000047818,19267584.0,6422528.0
ham_mbv2_pattern_mining,2026-02-07T03:38:30,1,110,19,1,0.65625,0.9889829158782959,20.5620896,0.08151647192426026,0.07979774993145838,0.0017187219928018749,1,2,0.0019918679900001734,0.0017187219928018749,0.005987907003145665,19267584.0,6422528.0
ham_mbv2_pattern_mining,2026-02-07T03:38:30,1,111,19,2,0.67578125,0.8399850130081177,20.5620896,0.07575868989806622,0.07432065991451964,0.0014380299835465848,1,2,0.0017690599779598415,0.0014380299835465848,0.005663006013492122,19267584.0,6422528.0
ham_mbv2_pattern_mining,2026-02-07T03:38:30,1,112,19,3,0.6484375,0.8938026428222656,20.5620896,0.07830340426880866,0.07683501025894657,0.0014683940098620951,1,2,0.001858290022937581,0.0014683940098620951,0.005825211002957076,19267584.0,6422528.0
ham_mbv2_pattern_mining,2026-02-07T03:38:31,1,113,19,4,0.7265625,0.7604132294654846,20.5620896,0.1311379851831589,0.12860970018664375,0.00252828499651514,1,2,0.0029264890181366354,0.00252828499651514,0.00993448100052774,19267584.0,6422528.0
ham_mbv2_pattern_mining,2026-02-07T03:38:31,1,114,19,5,1.0,0.16788344085216522,0.1705632,0.0900116601260379,0.08848749013850465,0.0015241699875332415,1,2,0.001814874995034188,0.0015241699875332415,0.007033874018816277,150528.0,50176.0
ham_mbv2_pattern_mining,2026-02-07T03:38:35,2,109,19,0,0.69921875,0.9048999547958374,20.5620896,0.40293251298135146,0.395975389983505,0.006957122997846454,1,2,0.012876171997049823,0.006957122997846454,0.026721367001300678,19267584.0,6422528.0
ham_mbv2_pattern_mining,2026-02-07T03:38:35,2,110,19,1,0.6875,0.857853353023529,20.5620896,0.07625353228650056,0.07479372026864439,0.0014598120178561658,1,2,0.001839088014094159,0.0014598120178561658,0.00564028401277028,19267584.0,6422528.0
ham_mbv2_pattern_mining,2026-02-07T03:38:35,2,111,19,2,0.6875,0.822140097618103,20.5620896,0.07680803322000429,0.07533562020398676,0.0014724130160175264,1,2,0.0018071939994115382,0.0014724130160175264,0.005726368020987138,19267584.0,6422528.0
ham_mbv2_pattern_mining,2026-02-07T03:38:35,2,112,19,3,0.69140625,0.8538178205490112,20.5620896,0.07748182167415507,0.07598519965540618,0.0014966220187488943,1,2,0.0018396029772702605,0.0014966220187488943,0.005758916988270357,19267584.0,6422528.0
ham_mbv2_pattern_mining,2026-02-07T03:38:37,2,113,19,4,0.72265625,0.7508586645126343,20.5620896,0.07675911078695208,0.07529712980613112,0.0014619809808209538,1,2,0.0018616349843796343,0.0014619809808209538,0.005668077996233478,19267584.0,6422528.0
ham_mbv2_pattern_mining,2026-02-07T03:38:37,2,114,19,5,0.5,1.4557305574417114,0.1705632,0.09819104039343074,0.09664267039624974,0.0015483699971809983,1,2,0.0018232530273962766,0.0015483699971809983,0.007841014012228698,150528.0,50176.0
ham_mbv2_pattern_mining,2026-02-07T03:38:40,3,109,19,0,0.73046875,0.7360821962356567,20.5620896,0.5064935770933516,0.4962976500974037,0.010195926995947957,1,2,0.01657522001187317,0.010195926995947957,0.0330545449978672,19267584.0,6422528.0
ham_mbv2_pattern_mining,2026-02-07T03:38:40,3,110,19,1,0.69921875,0.8220211863517761,20.5620896,0.07635521495831199,0.07487352995667607,0.001481685001635924,1,2,0.0018498729914426804,0.001481685001635924,0.005637480004224926,19267584.0,6422528.0
ham_mbv2_pattern_mining,2026-02-07T03:38:40,3,111,19,2,0.703125,0.7551265358924866,20.5620896,0.0748651790781878,0.07343172008404508,0.0014334589941427112,1,2,0.0017656470008660108,0.0014334589941427112,0.0055775250075384974,19267584.0,6422528.0
ham_mbv2_pattern_mining,2026-02-07T03:38:40,3,112,19,3,0.7109375,0.8072258830070496,20.5620896,0.07607300687232055,0.07462582987500355,0.0014471769973170012,1,2,0.0018124089983757585,0.0014471769973170012,0.005650173989124596,19267584.0,6422528.0
ham_mbv2_pattern_mining,2026-02-07T03:38:42,3,113,19,4,0.68359375,0.8639464378356934,20.5620896,0.12320782520691864,0.12096870021196082,0.0022391249949578196,1,2,0.002953467017505318,0.0022391249949578196,0.009143403003690764,19267584.0,6422528.0
ham_mbv2_pattern_mining,2026-02-07T03:38:42,3,114,19,5,0.5,0.8440865278244019,0.1705632,0.07273106381762773,0.07154089980758727,0.001190164010040462,1,2,0.0015040659927763045,0.001190164010040462,0.005650023987982422,150528.0,50176.0
ham_mbv2_pattern_mining,2026-02-07T03:38:44,4,109,19,0,0.69921875,0.9105560779571533,20.5620896,0.4139869180507958,0.4041302000405267,0.009856718010269105,1,2,0.016301227995427325,0.009856718010269105,0.024111792008625343,19267584.0,6422528.0
ham_mbv2_pattern_mining,2026-02-07T03:38:45,4,110,19,1,0.69921875,0.9141632914543152,20.5620896,0.07650404071318917,0.07508150971261784,0.0014225310005713254,1,2,0.001806274987757206,0.0014225310005713254,0.0057018759835045785,19267584.0,6422528.0
ham_mbv2_pattern_mining,2026-02-07T03:38:45,4,111,19,2,0.6796875,0.8738969564437866,20.5620896,0.07822143100202084,0.07674546999623999,0.0014759610057808459,1,2,0.0019235929939895868,0.0014759610057808459,0.005750954005634412,19267584.0,6422528.0
ham_mbv2_pattern_mining,2026-02-07T03:38:45,4,112,19,3,0.73046875,0.8218615055084229,20.5620896,0.055982139107072726,0.05489002011017874,0.001092118996893987,1,2,0.0013201750116422772,0.001092118996893987,0.004168826999375597,19267584.0,6422528.0
ham_mbv2_pattern_mining,2026-02-07T03:38:46,4,113,19,4,0.70703125,0.8735368251800537,20.5620896,0.06238518582540564,0.061209639825392514,0.001175546000013128,1,2,0.0015784729912411422,0.001175546000013128,0.004542490991298109,19267584.0,6422528.0
ham_mbv2_pattern_mining,2026-02-07T03:38:46,4,114,19,5,1.0,0.14103716611862183,0.09028159999999999,0.07375721921562217,0.07241672021336854,0.0013404990022536367,1,2,0.0016650980105623603,0.0013404990022536367,0.005576574010774493,75264.0,25088.0
ham_mbv2_pattern_mining,2026-02-07T03:38:54,0,115,20,0,0.73828125,0.8173664808273315,20.5620896,0.3685187541414052,0.3616216601221822,0.006897094019223005,1,2,0.010369416995672509,0.006897094019223005,0.025792749016545713,19267584.0,6422528.0
ham_mbv2_pattern_mining,2026-02-07T03:38:55,0,116,20,1,0.71875,0.7913129329681396,20.5620896,0.07842694202554412,0.0769501700415276,0.0014767719840165228,1,2,0.0019376359996385872,0.0014767719840165228,0.005757381004514173,19267584.0,6422528.0
ham_mbv2_pattern_mining,2026-02-07T03:38:55,0,117,20,2,0.6875,0.8783844113349915,20.5620896,0.07433172990567982,0.07290123990969732,0.001430489995982498,1,2,0.0017305559886153787,0.001430489995982498,0.005559568002354354,19267584.0,6422528.0
ham_mbv2_pattern_mining,2026-02-07T03:38:55,0,118,20,3,0.71875,0.7927423715591431,20.5620896,0.07551866094581783,0.07407839992083609,0.0014402610249817371,1,2,0.0017550000047776848,0.0014402610249817371,0.005652839987305924,19267584.0,6422528.0
ham_mbv2_pattern_mining,2026-02-07T03:38:56,0,119,20,4,0.703125,0.8434093594551086,20.5620896,0.07833197797299363,0.07685037999181077,0.0014815979811828583,1,2,0.0019239330140408128,0.0014815979811828583,0.005761104985140264,19267584.0,6422528.0
ham_mbv2_pattern_mining,2026-02-07T03:38:56,0,120,20,5,1.0,0.20499560236930847,0.1705632,0.09654786816099659,0.09506182017503306,0.0014860479859635234,1,2,0.0018871510110329837,0.0014860479859635234,0.007619031006470323,150528.0,50176.0
ham_mbv2_pattern_mining,2026-02-07T03:38:59,1,115,20,0,0.6953125,0.7660357356071472,20.5620896,0.37465578981209546,0.36631520983064547,0.008340579981449991,1,2,0.013741340982960537,0.008340579981449991,0.02289018000010401,19267584.0,6422528.0
ham_mbv2_pattern_mining,2026-02-07T03:38:59,1,116,20,1,0.65234375,0.9245157241821289,20.5620896,0.15942488980363123,0.15648076980141923,0.002944120002212003,1,2,0.0045167210046201944,0.002944120002212003,0.011131355975521728,19267584.0,6422528.0
ham_mbv2_pattern_mining,2026-02-07T03:38:59,1,117,20,2,0.65625,0.9285640716552734,20.5620896,0.0658197330776602,0.06457367009716108,0.0012460629804991186,1,2,0.0015616370073985308,0.0012460629804991186,0.004895730002317578,19267584.0,6422528.0
ham_mbv2_pattern_mining,2026-02-07T03:38:59,1,118,20,3,0.64453125,0.9144032597541809,20.5620896,0.06254214007640257,0.06133696006145328,0.001205180014949292,1,2,0.0015199240006040782,0.001205180014949292,0.00461377200554125,19267584.0,6422528.0
ham_mbv2_pattern_mining,2026-02-07T03:39:00,1,119,20,4,0.70703125,0.7472944259643555,20.5620896,0.0603155831922777,0.0591907202033326,0.0011248629889450967,1,2,0.0015308959991671145,0.0011248629889450967,0.004388176021166146,19267584.0,6422528.0
ham_mbv2_pattern_mining,2026-02-07T03:39:00,1,120,20,5,0.5,0.6619744300842285,0.1705632,0.07318974894587882,0.07202837994555011,0.0011613690003287047,1,2,0.0014973219949752092,0.0011613690003287047,0.005705515999579802,150528.0,50176.0
ham_mbv2_pattern_mining,2026-02-07T03:39:04,2,115,20,0,0.70703125,0.7922574281692505,20.5620896,0.484027901024092,0.47375594003824517,0.010271960985846817,1,2,0.015819969994481653,0.010271960985846817,0.031555624009342864,19267584.0,6422528.0
ham_mbv2_pattern_mining,2026-02-07T03:39:04,2,116,20,1,0.65625,0.8667705059051514,20.5620896,0.07446181890554726,0.07301787991309538,0.0014439389924518764,1,2,0.0017401669756509364,0.0014439389924518764,0.005561621015658602,19267584.0,6422528.0
ham_mbv2_pattern_mining,2026-02-07T03:39:04,2,117,20,2,0.78125,0.7139006853103638,20.5620896,0.07604846960748546,0.0745969996205531,0.0014514699869323522,1,2,0.0017904559790622443,0.0014514699869323522,0.005669243982993066,19267584.0,6422528.0
ham_mbv2_pattern_mining,2026-02-07T03:39:04,2,118,20,3,0.69921875,0.8515563011169434,20.5620896,0.07646118212142028,0.07499007013393566,0.001471111987484619,1,2,0.0018116270075552166,0.001471111987484619,0.0056873800058383495,19267584.0,6422528.0
ham_mbv2_pattern_mining,2026-02-07T03:39:06,2,119,20,4,0.65234375,0.914901614189148,20.5620896,0.07621204483439215,0.07477257982827723,0.001439465006114915,1,2,0.001831305999075994,0.001439465006114915,0.005645951983751729,19267584.0,6422528.0
ham_mbv2_pattern_mining,2026-02-07T03:39:06,2,120,20,5,0.5,0.8818360567092896,0.1705632,0.09418013697722927,0.0927042099647224,0.0014759270125068724,1,2,0.001892472995677963,0.0014759270125068724,0.007377948000794277,150528.0,50176.0
ham_mbv2_pattern_mining,2026-02-07T03:39:08,3,115,20,0,0.6796875,0.800024151802063,20.5620896,0.31344718715990894,0.308221320156008,0.00522586700390093,1,2,0.011239671002840623,0.00522586700390093,0.019582461012760177,19267584.0,6422528.0
ham_mbv2_pattern_mining,2026-02-07T03:39:09,3,116,20,1,0.7265625,0.8075160384178162,20.5620896,0.07776471128454432,0.07624986028531566,0.0015148509992286563,1,2,0.001858857023762539,0.0015148509992286563,0.005766129004769027,19267584.0,6422528.0
ham_mbv2_pattern_mining,2026-02-07T03:39:09,3,117,20,2,0.75,0.742612361907959,20.5620896,0.07349070181953721,0.07206719979876652,0.0014235020207706839,1,2,0.001689289987552911,0.0014235020207706839,0.005517429992323741,19267584.0,6422528.0
ham_mbv2_pattern_mining,2026-02-07T03:39:09,3,118,20,3,0.6640625,0.9083841443061829,20.5620896,0.07539626426296309,0.07397446024697274,0.0014218040159903467,1,2,0.0017707550141494721,0.0014218040159903467,0.005626691010547802,19267584.0,6422528.0
ham_mbv2_pattern_mining,2026-02-07T03:39:10,3,119,20,4,0.73828125,0.7635238170623779,20.5620896,0.0753857061790768,0.07392471015919,0.0014609960198868066,1,2,0.001763007021509111,0.0014609960198868066,0.005629463994409889,19267584.0,6422528.0
ham_mbv2_pattern_mining,2026-02-07T03:39:10,3,120,20,5,0.5,1.2924574613571167,0.1705632,0.09349417325574905,0.0919627002440393,0.0015314730117097497,1,2,0.0017624150204937905,0.0015314730117097497,0.007433855003910139,150528.0,50176.0
ham_mbv2_pattern_mining,2026-02-07T03:39:13,4,115,20,0,0.66796875,0.9018371105194092,20.5620896,0.493331395147834,0.48554511013207957,0.007786285015754402,1,2,0.013889360008761287,0.007786285015754402,0.03466515100444667,19267584.0,6422528.0
ham_mbv2_pattern_mining,2026-02-07T03:39:14,4,116,20,1,0.71484375,0.8275620341300964,20.5620896,0.1981735797598958,0.19655839976621792,0.0016151799936778843,1,2,0.006013514997903258,0.0016151799936778843,0.013642324978718534,19267584.0,6422528.0
ham_mbv2_pattern_mining,2026-02-07T03:39:14,4,117,20,2,0.71484375,0.8158383369445801,20.5620896,0.07627565084840171,0.07480459986254573,0.0014710509858559817,1,2,0.0018390559998806566,0.0014710509858559817,0.005641403986373916,19267584.0,6422528.0
ham_mbv2_pattern_mining,2026-02-07T03:39:14,4,118,20,3,0.6953125,0.8792245984077454,20.5620896,0.07654040717170574,0.07506879017455503,0.0014716169971507043,1,2,0.001822905003791675,0.0014716169971507043,0.005683974013663828,19267584.0,6422528.0
ham_mbv2_pattern_mining,2026-02-07T03:39:16,4,119,20,4,0.70703125,0.8706635236740112,20.5620896,0.0826081580016762,0.08101195999188349,0.0015961980097927153,1,2,0.0024577139993198216,0.0015961980097927153,0.005643481999868527,19267584.0,6422528.0
ham_mbv2_pattern_mining,2026-02-07T03:39:16,4,120,20,5,1.0,0.171925351023674,0.09028159999999999,0.10347009589895606,0.10165118990698829,0.0018189059919677675,1,2,0.0021412719797808677,0.0018189059919677675,0.008023847010917962,75264.0,25088.0
ham_mbv2_pattern_mining,2026-02-07T03:39:24,0,121,21,0,0.6875,0.8164893984794617,20.5620896,0.3973478467669338,0.38967688975390047,0.0076709570130333304,1,2,0.011123381002107635,0.0076709570130333304,0.02784430797328241,19267584.0,6422528.0
ham_mbv2_pattern_mining,2026-02-07T03:39:24,0,122,21,1,0.703125,0.8040466904640198,20.5620896,0.06305748486192897,0.06186794984387234,0.001189535018056631,1,2,0.001532805006718263,0.001189535018056631,0.004653989977668971,19267584.0,6422528.0
ham_mbv2_pattern_mining,2026-02-07T03:39:24,0,123,21,2,0.71484375,0.7842580676078796,20.5620896,0.06512259275768884,0.06391652976162732,0.0012060629960615188,1,2,0.0015499599976465106,0.0012060629960615188,0.004841692978516221,19267584.0,6422528.0
ham_mbv2_pattern_mining,2026-02-07T03:39:24,0,124,21,3,0.69921875,0.8242635726928711,20.5620896,0.058789882372366264,0.05768094037193805,0.0011089420004282147,1,2,0.001455717021599412,0.0011089420004282147,0.004312377015594393,19267584.0,6422528.0
ham_mbv2_pattern_mining,2026-02-07T03:39:26,0,125,21,4,0.73828125,0.8250367641448975,20.5620896,0.059452729823533446,0.058330379833932966,0.0011223499896004796,1,2,0.001445559988496825,0.0011223499896004796,0.0043874779948964715,19267584.0,6422528.0
ham_mbv2_pattern_mining,2026-02-07T03:39:26,0,126,21,5,1.0,0.22271093726158142,0.1705632,0.08914731195545755,0.08768358995439485,0.0014637220010627061,1,2,0.001732367993099615,0.0014637220010627061,0.00703599100233987,150528.0,50176.0
ham_mbv2_pattern_mining,2026-02-07T03:39:29,1,121,21,0,0.68359375,0.8775627017021179,20.5620896,0.32211187499342486,0.31666110997321084,0.005450765020214021,1,2,0.011617290001595393,0.005450765020214021,0.02004882099572569,19267584.0,6422528.0
ham_mbv2_pattern_mining,2026-02-07T03:39:29,1,122,21,1,0.71484375,0.7928363084793091,20.5620896,0.07769459212431684,0.07622672012075782,0.0014678720035590231,1,2,0.002083500992739573,0.0014678720035590231,0.005539171019336209,19267584.0,6422528.0
ham_mbv2_pattern_mining,2026-02-07T03:39:29,1,123,21,2,0.73828125,0.7612096071243286,20.5620896,0.07514672001707368,0.0737505400320515,0.0013961799850221723,1,2,0.0017943340062629431,0.0013961799850221723,0.005580719996942207,19267584.0,6422528.0
ham_mbv2_pattern_mining,2026-02-07T03:39:29,1,124,21,3,0.6640625,0.8784439563751221,20.5620896,0.07478045002790168,0.07334177003940567,0.0014386799884960055,1,2,0.0017533290083520114,0.0014386799884960055,0.005580847995588556,19267584.0,6422528.0
ham_mbv2_pattern_mining,2026-02-07T03:39:30,1,125,21,4,0.6484375,0.8970874547958374,20.5620896,0.07512859621783718,0.07365412020590156,0.0014744760119356215,1,2,0.0017829690186772496,0.0014744760119356215,0.005582443001912907,19267584.0,6422528.0
ham_mbv2_pattern_mining,2026-02-07T03:39:30,1,126,21,5,0.5,2.0838851928710938,0.1705632,0.09223614513757639,0.09071133012184873,0.001524815015727654,1,2,0.0017914799973368645,0.001524815015727654,0.007279653014848009,150528.0,50176.0
ham_mbv2_pattern_mining,2026-02-07T03:39:34,2,121,21,0,0.734375,0.7382619976997375,20.5620896,0.5268732237746008,0.5144483997719362,0.012424824002664536,1,2,0.01992955498280935,0.012424824002664536,0.031515284994384274,19267584.0,6422528.0
ham_mbv2_pattern_mining,2026-02-07T03:39:34,2,122,21,1,0.69140625,0.8899478912353516,20.5620896,0.07854121387936175,0.07704419986112043,0.001497014018241316,1,2,0.0019058399775531143,0.001497014018241316,0.005798580008558929,19267584.0,6422528.0
ham_mbv2_pattern_mining,2026-02-07T03:39:34,2,123,21,2,0.68359375,0.9442487955093384,20.5620896,0.07427406110218726,0.07284293009433895,0.0014311310078483075,1,2,0.0017157160036731511,0.0014311310078483075,0.005568577005760744,19267584.0,6422528.0
ham_mbv2_pattern_mining,2026-02-07T03:39:34,2,124,21,3,0.75390625,0.6982585191726685,20.5620896,0.08533036799053662,0.08297811000375077,0.002352257986785844,1,2,0.0027180380129721016,0.002352257986785844,0.0055797729874029756,19267584.0,6422528.0
ham_mbv2_pattern_mining,2026-02-07T03:39:36,2,125,21,4,0.671875,0.8403837084770203,20.5620896,0.06546196914860047,0.0642105401493609,0.0012514289992395788,1,2,0.0015671470027882606,0.0012514289992395788,0.004853907012147829,19267584.0,6422528.0
ham_mbv2_pattern_mining,2026-02-07T03:39:36,2,126,21,5,0.5,1.2694348096847534,0.1705632,0.08290839174878784,0.08159309974871576,0.001315292000072077,1,2,0.001576966984430328,0.001315292000072077,0.006582342990441248,150528.0,50176.0
ham_mbv2_pattern_mining,2026-02-07T03:39:39,3,121,21,0,0.69140625,0.7632132768630981,20.5620896,0.32435682209325023,0.3192686301190406,0.0050881919742096215,1,2,0.011343379999743775,0.0050881919742096215,0.020583483012160286,19267584.0,6422528.0
ham_mbv2_pattern_mining,2026-02-07T03:39:39,3,122,21,1,0.67578125,0.9023867845535278,20.5620896,0.09890634805196896,0.09699849004391581,0.0019078580080531538,1,2,0.002528960001654923,0.0019078580080531538,0.007170889002736658,19267584.0,6422528.0
ham_mbv2_pattern_mining,2026-02-07T03:39:39,3,123,21,2,0.734375,0.77250736951828,20.5620896,0.07797990579274483,0.0765011998009868,0.0014787059917580336,1,2,0.0018492559902369976,0.0014787059917580336,0.005800863989861682,19267584.0,6422528.0
ham_mbv2_pattern_mining,2026-02-07T03:39:40,3,124,21,3,0.75,0.738108217716217,20.5620896,0.07681909517850727,0.07532114017521963,0.0014979550032876432,1,2,0.0017889050068333745,0.0014979550032876432,0.005743209010688588,19267584.0,6422528.0
ham_mbv2_pattern_mining,2026-02-07T03:39:41,3,125,21,4,0.73046875,0.7878395318984985,20.5620896,0.13010926891001873,0.12759951991029084,0.00250974899972789,1,2,0.002921409992268309,0.00250974899972789,0.009838541998760775,19267584.0,6422528.0
ham_mbv2_pattern_mining,2026-02-07T03:39:41,3,126,21,5,1.0,0.41982805728912354,0.1705632,0.09375900781014934,0.09216877981089056,0.0015902279992587864,1,2,0.001828249980462715,0.0015902279992587864,0.0073886280006263405,150528.0,50176.0
ham_mbv2_pattern_mining,2026-02-07T03:39:44,4,121,21,0,0.71875,0.8268203735351562,20.5620896,0.34641678823390976,0.3407897602301091,0.00562702800380066,1,2,0.012407632020767778,0.00562702800380066,0.02167134400224313,19267584.0,6422528.0
ham_mbv2_pattern_mining,2026-02-07T03:39:45,4,122,21,1,0.69921875,0.8006564378738403,20.5620896,0.0780621359590441,0.07658165995962918,0.0014804759994149208,1,2,0.0019192199979443103,0.0014804759994149208,0.0057389459980186075,19267584.0,6422528.0
ham_mbv2_pattern_mining,2026-02-07T03:39:45,4,123,21,2,0.69140625,0.9004381895065308,20.5620896,0.07533521691220812,0.07389534992398694,0.0014398669882211834,1,2,0.0017446689889766276,0.0014398669882211834,0.005644866003422067,19267584.0,6422528.0
ham_mbv2_pattern_mining,2026-02-07T03:39:45,4,124,21,3,0.65234375,0.9403508901596069,20.5620896,0.07599627797026187,0.0745247199665755,0.0014715580036863685,1,2,0.001750486990204081,0.0014715580036863685,0.005701985006453469,19267584.0,6422528.0
ham_mbv2_pattern_mining,2026-02-07T03:39:47,4,125,21,4,0.7109375,0.8218032121658325,20.5620896,0.08160397238680162,0.08007085038116202,0.0015331220056395978,1,2,0.002194107015384361,0.0015331220056395978,0.005812978022731841,19267584.0,6422528.0
ham_mbv2_pattern_mining,2026-02-07T03:39:47,4,126,21,5,0.0,3.2282016277313232,0.09028159999999999,0.08428768705925904,0.08274802006781101,0.0015396669914480299,1,2,0.0019714249938260764,0.0015396669914480299,0.006303377012955025,75264.0,25088.0
ham_mbv2_pattern_mining,2026-02-07T03:39:55,0,127,22,0,0.68359375,0.8092671632766724,20.5620896,0.27297853500931524,0.2682906200061552,0.004687915003160015,1,2,0.008775356982368976,0.004687915003160015,0.018053705018246546,19267584.0,6422528.0
ham_mbv2_pattern_mining,2026-02-07T03:39:55,0,128,22,1,0.68359375,0.8542947769165039,20.5620896,0.061488222039770335,0.060349440027493984,0.0011387820122763515,1,2,0.001704900001641363,0.0011387820122763515,0.0043300440011080354,19267584.0,6422528.0
ham_mbv2_pattern_mining,2026-02-07T03:39:56,0,129,22,2,0.7265625,0.800956130027771,20.5620896,0.0660218607808929,0.06481445976532996,0.0012074010155629367,1,2,0.001637009991100058,0.0012074010155629367,0.004844435985432938,19267584.0,6422528.0
ham_mbv2_pattern_mining,2026-02-07T03:39:56,0,130,22,3,0.75390625,0.7204158306121826,20.5620896,0.058078486821614206,0.05698845983715728,0.0010900269844569266,1,2,0.0014526649902109057,0.0010900269844569266,0.004246180993504822,19267584.0,6422528.0
ham_mbv2_pattern_mining,2026-02-07T03:39:57,0,131,22,4,0.6640625,0.883137047290802,20.5620896,0.06071456376230344,0.05960686976322904,0.0011076939990743995,1,2,0.0016249789914581925,0.0011076939990743995,0.004335707984864712,19267584.0,6422528.0
ham_mbv2_pattern_mining,2026-02-07T03:39:58,0,132,22,5,0.0,2.7575955390930176,0.1705632,0.07294951658695936,0.07182698958786204,0.0011225269990973175,1,2,0.001519603974884376,0.0011225269990973175,0.0056630949839018285,150528.0,50176.0
ham_mbv2_pattern_mining,2026-02-07T03:40:00,1,127,22,0,0.72265625,0.7572267055511475,20.5620896,0.41741725406609476,0.4100744900642894,0.007342764001805335,1,2,0.013775095983874053,0.007342764001805335,0.02723235302255489,19267584.0,6422528.0
ham_mbv2_pattern_mining,2026-02-07T03:40:01,1,128,22,1,0.69921875,0.7962462902069092,20.5620896,0.07440517185023054,0.07294435985386372,0.0014608119963668287,1,2,0.0017797689943108708,0.0014608119963668287,0.005514666991075501,19267584.0,6422528.0
ham_mbv2_pattern_mining,2026-02-07T03:40:01,1,129,22,2,0.66796875,0.8946576118469238,20.5620896,0.07553934000316076,0.07412992999888957,0.0014094100042711943,1,2,0.0016820140008348972,0.0014094100042711943,0.005730978999054059,19267584.0,6422528.0
ham_mbv2_pattern_mining,2026-02-07T03:40:01,1,130,22,3,0.6953125,0.8471357226371765,20.5620896,0.07433775713434443,0.07292218011571094,0.0014155770186334848,1,2,0.0017503570124972612,0.0014155770186334848,0.005541860999073833,19267584.0,6422528.0
ham_mbv2_pattern_mining,2026-02-07T03:40:03,1,131,22,4,0.67578125,0.8655608892440796,20.5620896,0.07657825984642841,0.0751488798414357,0.0014293800049927086,1,2,0.0018626099918037653,0.0014293800049927086,0.005652277992339805,19267584.0,6422528.0
ham_mbv2_pattern_mining,2026-02-07T03:40:03,1,132,22,5,1.0,0.5095431804656982,0.1705632,0.09184609007206745,0.09032572008436546,0.0015203699877019972,1,2,0.0018657190084923059,0.0015203699877019972,0.00716685299994424,150528.0,50176.0
ham_mbv2_pattern_mining,2026-02-07T03:40:06,2,127,22,0,0.69140625,0.7764346599578857,20.5620896,0.32717010626220144,0.3217085002688691,0.005461605993332341,1,2,0.011859864025609568,0.005461605993332341,0.020310986001277342,19267584.0,6422528.0
ham_mbv2_pattern_mining,2026-02-07T03:40:06,2,128,22,1,0.68359375,0.8850228786468506,20.5620896,0.07611602506949566,0.07464994007023051,0.0014660849992651492,1,2,0.0018794609932228923,0.0014660849992651492,0.005585533013800159,19267584.0,6422528.0
ham_mbv2_pattern_mining,2026-02-07T03:40:06,2,129,22,2,0.75,0.769385814666748,20.5620896,0.0758700989827048,0.07440479996148497,0.0014652990212198347,1,2,0.00177851298940368,0.0014652990212198347,0.005661967006744817,19267584.0,6422528.0
ham_mbv2_pattern_mining,2026-02-07T03:40:07,2,130,22,3,0.66796875,0.8455281257629395,20.5620896,0.07539011698099785,0.07395121996523812,0.0014388970157597214,1,2,0.001759425998898223,0.0014388970157597214,0.005635695997625589,19267584.0,6422528.0
ham_mbv2_pattern_mining,2026-02-07T03:40:08,2,131,22,4,0.6875,0.7933214902877808,20.5620896,0.130836539901793,0.1282710098894313,0.0025655300123617053,1,2,0.002925568987848237,0.0025655300123617053,0.009901532001094893,19267584.0,6422528.0
ham_mbv2_pattern_mining,2026-02-07T03:40:08,2,132,22,5,0.5,0.9876697063446045,0.1705632,0.08823010313790292,0.08672129013575613,0.0015088130021467805,1,2,0.0017867120041046292,0.0015088130021467805,0.006885417009470984,150528.0,50176.0
ham_mbv2_pattern_mining,2026-02-07T03:40:11,3,127,22,0,0.70703125,0.7873642444610596,20.5620896,0.4474393751297612,0.4404770801193081,0.00696229501045309,1,2,0.014279026014264673,0.00696229501045309,0.029768681997666135,19267584.0,6422528.0
ham_mbv2_pattern_mining,2026-02-07T03:40:12,3,128,22,1,0.73046875,0.7430243492126465,20.5620896,0.09679177874932066,0.09493145975284278,0.0018603189964778721,1,2,0.0023970379843376577,0.0018603189964778721,0.007096107990946621,19267584.0,6422528.0
ham_mbv2_pattern_mining,2026-02-07T03:40:12,3,129,22,2,0.7109375,0.7690491676330566,20.5620896,0.07622077036648989,0.07477806037059054,0.0014427099958993495,1,2,0.0017713330162223428,0.0014427099958993495,0.005706473020836711,19267584.0,6422528.0
ham_mbv2_pattern_mining,2026-02-07T03:40:12,3,130,22,3,0.734375,0.7765862941741943,20.5620896,0.07796871213940904,0.07648866012459621,0.0014800520148128271,1,2,0.0018102570029441267,0.0014800520148128271,0.005838609009515494,19267584.0,6422528.0
ham_mbv2_pattern_mining,2026-02-07T03:40:13,3,131,22,4,0.69140625,0.8247588276863098,20.5620896,0.07539319165516645,0.07394101965473965,0.001452172000426799,1,2,0.0017709859821479768,0.001452172000426799,0.005623115983325988,19267584.0,6422528.0
ham_mbv2_pattern_mining,2026-02-07T03:40:13,3,132,22,5,1.0,0.31009918451309204,0.1705632,0.09749716790975071,0.09590970992576331,0.001587457983987406,1,2,0.0020086169824935496,0.001587457983987406,0.007582354010082781,150528.0,50176.0
ham_mbv2_pattern_mining,2026-02-07T03:40:17,4,127,22,0,0.70703125,0.8403578996658325,20.5620896,0.44363071690895595,0.43364318989915773,0.009987527009798214,1,2,0.016503805003594607,0.009987527009798214,0.026860513986321166,19267584.0,6422528.0
ham_mbv2_pattern_mining,2026-02-07T03:40:17,4,128,22,1,0.6953125,0.913051426410675,20.5620896,0.060150880861328915,0.05897945986362174,0.0011714209977071732,1,2,0.0014302619965746999,0.0011714209977071732,0.004467683989787474,19267584.0,6422528.0
ham_mbv2_pattern_mining,2026-02-07T03:40:17,4,129,22,2,0.72265625,0.7526196241378784,20.5620896,0.06457411788869649,0.06328049988951534,0.0012936179991811514,1,2,0.0016118419880513102,0.0012936179991811514,0.004716208000900224,19267584.0,6422528.0
ham_mbv2_pattern_mining,2026-02-07T03:40:17,4,130,22,3,0.671875,0.892492949962616,20.5620896,0.059595168015221134,0.05840425001224503,0.0011909180029761046,1,2,0.0014461420068982989,0.0011909180029761046,0.004394282994326204,19267584.0,6422528.0
ham_mbv2_pattern_mining,2026-02-07T03:40:19,4,131,22,4,0.72265625,0.8137926459312439,20.5620896,0.07759266789071262,0.07610014989040792,0.001492518000304699,1,2,0.001863030978711322,0.001492518000304699,0.00574698401032947,19267584.0,6422528.0
ham_mbv2_pattern_mining,2026-02-07T03:40:19,4,132,22,5,1.0,0.1296761929988861,0.09028159999999999,0.11293335547088645,0.11103462049504742,0.0018987349758390337,1,2,0.002959443023428321,0.0018987349758390337,0.008144019026076421,75264.0,25088.0
ham_mbv2_pattern_mining,2026-02-07T03:40:26,0,133,23,0,0.74609375,0.718217670917511,20.5620896,0.30351173016242683,0.29790738015435636,0.005604350008070469,1,2,0.009106192010222003,0.005604350008070469,0.020684546005213633,19267584.0,6422528.0
ham_mbv2_pattern_mining,2026-02-07T03:40:26,0,134,23,1,0.7265625,0.774559497833252,20.5620896,0.07041022295015864,0.06904128997121006,0.0013689329789485782,1,2,0.001698332984233275,0.0013689329789485782,0.005205796012887731,19267584.0,6422528.0
ham_mbv2_pattern_mining,2026-02-07T03:40:26,0,135,23,2,0.6796875,0.8290938138961792,20.5620896,0.06406576122390106,0.062865000218153,0.0012007610057480633,1,2,0.0014924060087651014,0.0012007610057480633,0.0047940940130501986,19267584.0,6422528.0
ham_mbv2_pattern_mining,2026-02-07T03:40:26,0,136,23,3,0.6875,0.8354858160018921,20.5620896,0.056634878943441436,0.055554379941895604,0.0010804990015458316,1,2,0.0013407439982984215,0.0010804990015458316,0.004214693995891139,19267584.0,6422528.0
ham_mbv2_pattern_mining,2026-02-07T03:40:28,0,137,23,4,0.7265625,0.8498597145080566,20.5620896,0.05961864482378587,0.05850144982105121,0.001117195002734661,1,2,0.001518971985206008,0.001117195002734661,0.004331172996899113,19267584.0,6422528.0
ham_mbv2_pattern_mining,2026-02-07T03:40:28,0,138,23,5,1.0,0.31122925877571106,0.1705632,0.07319200999336317,0.07207401999039575,0.0011179900029674172,1,2,0.0014890310121700168,0.0011179900029674172,0.005718370986869559,150528.0,50176.0
ham_mbv2_pattern_mining,2026-02-07T03:40:31,1,133,23,0,0.72265625,0.7643576264381409,20.5620896,0.3801362402155064,0.374080510227941,0.006055729987565428,1,2,0.012363453017314896,0.006055729987565428,0.0250445980054792,19267584.0,6422528.0
ham_mbv2_pattern_mining,2026-02-07T03:40:31,1,134,23,1,0.625,0.9788984060287476,20.5620896,0.0657934971677605,0.06447840016335249,0.0013150970044080168,1,2,0.001502728002378717,0.0013150970044080168,0.004945112013956532,19267584.0,6422528.0
ham_mbv2_pattern_mining,2026-02-07T03:40:31,1,135,23,2,0.703125,0.809362530708313,20.5620896,0.06208462314680219,0.06092368013923988,0.0011609430075623095,1,2,0.001475971017498523,0.0011609430075623095,0.004616396996425465,19267584.0,6422528.0
ham_mbv2_pattern_mining,2026-02-07T03:40:31,1,136,23,3,0.6875,0.8378250598907471,20.5620896,0.06979602086357772,0.06855213985545561,0.0012438810081221163,1,2,0.0013756779953837395,0.0012438810081221163,0.005479535990161821,19267584.0,6422528.0
ham_mbv2_pattern_mining,2026-02-07T03:40:33,1,137,23,4,0.69921875,0.7825521230697632,20.5620896,0.06636679579969496,0.0651706598000601,0.001196135999634862,1,2,0.0018120269814971834,0.001196135999634862,0.004705038998508826,19267584.0,6422528.0
ham_mbv2_pattern_mining,2026-02-07T03:40:33,1,138,23,5,0.5,1.1158705949783325,0.1705632,0.07570917322300375,0.07446482020895928,0.0012443530140444636,1,2,0.0014738239988218993,0.0012443530140444636,0.005972658022074029,150528.0,50176.0
ham_mbv2_pattern_mining,2026-02-07T03:40:36,2,133,23,0,0.71484375,0.7932986617088318,20.5620896,0.37150388705777004,0.3650304500479251,0.006473437009844929,1,2,0.011972342006629333,0.006473437009844929,0.02453070299816318,19267584.0,6422528.0
ham_mbv2_pattern_mining,2026-02-07T03:40:36,2,134,23,1,0.69140625,0.8237084150314331,20.5620896,0.06265156812150963,0.06141743011539802,0.001234138006111607,1,2,0.001566615013871342,0.001234138006111607,0.00457512799766846,19267584.0,6422528.0
ham_mbv2_pattern_mining,2026-02-07T03:40:36,2,135,23,2,0.6875,0.9129146933555603,20.5620896,0.0581462410336826,0.057074060023296624,0.0010721810103859752,1,2,0.0014218500000424683,0.0010721810103859752,0.004285556002287194,19267584.0,6422528.0
ham_mbv2_pattern_mining,2026-02-07T03:40:36,2,136,23,3,0.69921875,0.7776318788528442,20.5620896,0.06097145710373297,0.05978997010970488,0.0011814869940280914,1,2,0.0014940050023142248,0.0011814869940280914,0.004484992008656263,19267584.0,6422528.0
ham_mbv2_pattern_mining,2026-02-07T03:40:37,2,137,23,4,0.73046875,0.7825128436088562,20.5620896,0.062246091780252755,0.06112071976531297,0.001125372014939785,1,2,0.0014800689823459834,0.001125372014939785,0.004632002994185314,19267584.0,6422528.0
ham_mbv2_pattern_mining,2026-02-07T03:40:37,2,138,23,5,0.5,1.2067903280258179,0.1705632,0.0726597388566006,0.07150750985601917,0.0011522290005814284,1,2,0.0014167549961712211,0.0011522290005814284,0.005733995989430696,150528.0,50176.0
ham_mbv2_pattern_mining,2026-02-07T03:40:40,3,133,23,0,0.72265625,0.7585539221763611,20.5620896,0.28395138011546806,0.2793306901003234,0.004620690015144646,1,2,0.010608579003019258,0.004620690015144646,0.017324490007013083,19267584.0,6422528.0
ham_mbv2_pattern_mining,2026-02-07T03:40:40,3,134,23,1,0.71484375,0.8217960596084595,20.5620896,0.06015161919640377,0.05898421019082889,0.001167409005574882,1,2,0.0014663400070276111,0.001167409005574882,0.004432081012055278,19267584.0,6422528.0
ham_mbv2_pattern_mining,2026-02-07T03:40:40,3,135,23,2,0.75,0.7091689705848694,20.5620896,0.0728868750447873,0.07096774003002793,0.0019191350147593766,1,2,0.0016894589934963733,0.0019191350147593766,0.005407315009506419,19267584.0,6422528.0
ham_mbv2_pattern_mining,2026-02-07T03:40:41,3,136,23,3,0.69140625,0.7762437462806702,20.5620896,0.05995854118373245,0.05880027019884437,0.0011582709848880768,1,2,0.0014123260043561459,0.0011582709848880768,0.0044677010155282915,19267584.0,6422528.0
ham_mbv2_pattern_mining,2026-02-07T03:40:42,3,137,23,4,0.703125,0.8526276350021362,20.5620896,0.059724745369749144,0.058573700371198356,0.0011510449985507876,1,2,0.0014542110147885978,0.0011510449985507876,0.004403159022331238,19267584.0,6422528.0
ham_mbv2_pattern_mining,2026-02-07T03:40:42,3,138,23,5,0.5,0.8159704208374023,0.1705632,0.07288713406887837,0.07171553006628528,0.0011716040025930852,1,2,0.001471228984883055,0.0011716040025930852,0.005700324021745473,150528.0,50176.0
ham_mbv2_pattern_mining,2026-02-07T03:40:45,4,133,23,0,0.71875,0.7632208466529846,20.5620896,0.29145649218116887,0.28673195018200204,0.004724541999166831,1,2,0.011015223019057885,0.004724541999166831,0.01765797199914232,19267584.0,6422528.0
ham_mbv2_pattern_mining,2026-02-07T03:40:45,4,134,23,1,0.65234375,0.8969060778617859,20.5620896,0.05913949018577114,0.05800650018500164,0.001132990000769496,1,2,0.001411745004588738,0.001132990000769496,0.004388905013911426,19267584.0,6422528.0
ham_mbv2_pattern_mining,2026-02-07T03:40:45,4,135,23,2,0.7265625,0.8152390122413635,20.5620896,0.05605601618299261,0.054980830173008144,0.0010751860099844635,1,2,0.0013069090200588107,0.0010751860099844635,0.004191173997242004,19267584.0,6422528.0
ham_mbv2_pattern_mining,2026-02-07T03:40:45,4,136,23,3,0.72265625,0.8539570569992065,20.5620896,0.06017800507834181,0.05901872005779296,0.0011592850205488503,1,2,0.001442642998881638,0.0011592850205488503,0.004459229006897658,19267584.0,6422528.0
ham_mbv2_pattern_mining,2026-02-07T03:40:47,4,137,23,4,0.68359375,0.9102320671081543,20.5620896,0.07465162585140206,0.07319948985241354,0.001452135998988524,1,2,0.0017411489970982075,0.001452135998988524,0.005578799988143146,19267584.0,6422528.0
ham_mbv2_pattern_mining,2026-02-07T03:40:47,4,138,23,5,1.0,0.12850001454353333,0.09028159999999999,0.08317999495193362,0.08166882995283231,0.001511164999101311,1,2,0.001861547993030399,0.001511164999101311,0.006305335002252832,75264.0,25088.0
ham_mbv2_pattern_mining,2026-02-07T03:40:56,0,139,24,0,0.6953125,0.8995298147201538,20.5620896,0.3067796569666825,0.3013389199622907,0.005440737004391849,1,2,0.009855248004896566,0.005440737004391849,0.0202786439913325,19267584.0,6422528.0
ham_mbv2_pattern_mining,2026-02-07T03:40:56,0,140,24,1,0.76953125,0.7589249014854431,20.5620896,0.07915297031286173,0.07762822031509131,0.0015247499977704138,1,2,0.001995421014726162,0.0015247499977704138,0.005767401016782969,19267584.0,6422528.0
ham_mbv2_pattern_mining,2026-02-07T03:40:56,0,141,24,2,0.72265625,0.7886848449707031,20.5620896,0.07442238135263324,0.07303257036255673,0.001389810990076512,1,2,0.0017087620217353106,0.001389810990076512,0.005594495014520362,19267584.0,6422528.0
ham_mbv2_pattern_mining,2026-02-07T03:40:56,0,142,24,3,0.73046875,0.7477742433547974,20.5620896,0.07388628597254865,0.07246916997246444,0.0014171160000842065,1,2,0.001702359993942082,0.0014171160000842065,0.005544557003304362,19267584.0,6422528.0
ham_mbv2_pattern_mining,2026-02-07T03:40:58,0,143,24,4,0.6875,0.8069992065429688,20.5620896,0.0743669159419369,0.07295507995877415,0.0014118359831627458,1,2,0.0017472690087743104,0.0014118359831627458,0.005548238987103105,19267584.0,6422528.0
ham_mbv2_pattern_mining,2026-02-07T03:40:58,0,144,24,5,0.0,2.894749641418457,0.1705632,0.09308895395952277,0.09159053995972499,0.0014984139997977763,1,2,0.0017891500028781593,0.0014984139997977763,0.00736990399309434,150528.0,50176.0
ham_mbv2_pattern_mining,2026-02-07T03:41:01,1,139,24,0,0.69921875,0.7846770286560059,20.5620896,0.31032794594648294,0.3052605199627578,0.005067425983725116,1,2,0.011087021994171664,0.005067425983725116,0.01943903000210412,19267584.0,6422528.0
ham_mbv2_pattern_mining,2026-02-07T03:41:01,1,140,24,1,0.69140625,0.8041324019432068,20.5620896,0.07652035617502406,0.07504052016884089,0.0014798360061831772,1,2,0.0018310410086996853,0.0014798360061831772,0.005673011008184403,19267584.0,6422528.0
ham_mbv2_pattern_mining,2026-02-07T03:41:01,1,141,24,2,0.69140625,0.8242553472518921,20.5620896,0.07659324994892813,0.07515653996961191,0.0014367099793162197,1,2,0.0018283459939993918,0.0014367099793162197,0.0056873080029617995,19267584.0,6422528.0
ham_mbv2_pattern_mining,2026-02-07T03:41:01,1,142,24,3,0.65625,0.8843645453453064,20.5620896,0.07507056611939333,0.07364237011643127,0.0014281960029620677,1,2,0.0017600120045244694,0.0014281960029620677,0.005604225007118657,19267584.0,6422528.0
ham_mbv2_pattern_mining,2026-02-07T03:41:02,1,143,24,4,0.6875,0.8273305892944336,20.5620896,0.07627333624986932,0.07482986024115235,0.0014434760087169707,1,2,0.0018266790139023215,0.0014434760087169707,0.005656307010212913,19267584.0,6422528.0
ham_mbv2_pattern_mining,2026-02-07T03:41:02,1,144,24,5,1.0,0.19181716442108154,0.1705632,0.08778703908319585,0.08630210009869188,0.0014849389845039696,1,2,0.0017960540135391057,0.0014849389845039696,0.006834155996330082,150528.0,50176.0
ham_mbv2_pattern_mining,2026-02-07T03:41:06,2,139,24,0,0.7109375,0.8463349938392639,20.5620896,0.3533773160306737,0.3465660600340925,0.006811255996581167,1,2,0.013549138995585963,0.006811255996581167,0.02110746700782329,19267584.0,6422528.0
ham_mbv2_pattern_mining,2026-02-07T03:41:06,2,140,24,1,0.70703125,0.8051449060440063,20.5620896,0.07536137691931799,0.07388956990325823,0.0014718070160597563,1,2,0.0017520340043120086,0.0014718070160597563,0.005636922986013815,19267584.0,6422528.0
ham_mbv2_pattern_mining,2026-02-07T03:41:06,2,141,24,2,0.7421875,0.7037996053695679,20.5620896,0.07483433122979477,0.07337158021982759,0.001462751009967178,1,2,0.001722618006169796,0.001462751009967178,0.005614540015812963,19267584.0,6422528.0
ham_mbv2_pattern_mining,2026-02-07T03:41:06,2,142,24,3,0.69921875,0.8252201080322266,20.5620896,0.07541714212857187,0.07396691013127565,0.001450231997296214,1,2,0.001742491003824398,0.001450231997296214,0.0056542000093031675,19267584.0,6422528.0
ham_mbv2_pattern_mining,2026-02-07T03:41:07,2,143,24,4,0.6953125,0.8767265677452087,20.5620896,0.13121287975809537,0.1286284497473389,0.0025844300107564777,1,2,0.0029264839831739664,0.0025844300107564777,0.009936360991559923,19267584.0,6422528.0
ham_mbv2_pattern_mining,2026-02-07T03:41:07,2,144,24,5,0.5,0.7852361798286438,0.1705632,0.08834087310242467,0.08682837011292577,0.0015125029894988984,1,2,0.0017691990069579333,0.0015125029894988984,0.0069136380043346435,150528.0,50176.0
ham_mbv2_pattern_mining,2026-02-07T03:41:11,3,139,24,0,0.70703125,0.7806776762008667,20.5620896,0.356845927919494,0.3513855198980309,0.005460408021463081,1,2,0.011745397001504898,0.005460408021463081,0.023393154988298193,19267584.0,6422528.0
ham_mbv2_pattern_mining,2026-02-07T03:41:11,3,140,24,1,0.71875,0.7510794401168823,20.5620896,0.07565547409467399,0.07419733010465279,0.001458143990021199,1,2,0.001832669018767774,0.001458143990021199,0.005587063991697505,19267584.0,6422528.0
ham_mbv2_pattern_mining,2026-02-07T03:41:11,3,141,24,2,0.76953125,0.6441757678985596,20.5620896,0.07942671771161258,0.0779850097023882,0.001441708009224385,1,2,0.0017241929890587926,0.001441708009224385,0.006074307981180027,19267584.0,6422528.0
ham_mbv2_pattern_mining,2026-02-07T03:41:11,3,142,24,3,0.6953125,0.8553612232208252,20.5620896,0.07328114879783243,0.07185273978393525,0.0014284090138971806,1,2,0.0017008929862640798,0.0014284090138971806,0.005484380992129445,19267584.0,6422528.0
ham_mbv2_pattern_mining,2026-02-07T03:41:13,3,143,24,4,0.6953125,0.8661907911300659,20.5620896,0.05946630606194958,0.05833133007399738,0.0011349759879522026,1,2,0.0015024410095065832,0.0011349759879522026,0.004330691997893155,19267584.0,6422528.0
ham_mbv2_pattern_mining,2026-02-07T03:41:13,3,144,24,5,0.5,1.8974734544754028,0.1705632,0.07159526518080384,0.07041880016913638,0.0011764650116674602,1,2,0.0015421940188389271,0.0011764650116674602,0.00549968599807471,150528.0,50176.0
ham_mbv2_pattern_mining,2026-02-07T03:41:16,4,139,24,0,0.703125,0.847124457359314,20.5620896,0.29802602806012146,0.29336670006159693,0.004659327998524532,1,2,0.010882931004744023,0.004659327998524532,0.01845373900141567,19267584.0,6422528.0
ham_mbv2_pattern_mining,2026-02-07T03:41:16,4,140,24,1,0.70703125,0.8741045594215393,20.5620896,0.06786772707710043,0.06652470008702949,0.001343026990070939,1,2,0.00180541499867104,0.001343026990070939,0.004847055010031909,19267584.0,6422528.0
ham_mbv2_pattern_mining,2026-02-07T03:41:16,4,141,24,2,0.69921875,0.8485095500946045,20.5620896,0.06360417514224537,0.062414680141955614,0.001189495000289753,1,2,0.001488270005211234,0.001189495000289753,0.004753198008984327,19267584.0,6422528.0
ham_mbv2_pattern_mining,2026-02-07T03:41:16,4,142,24,3,0.671875,0.8667310476303101,20.5620896,0.0570600550272502,0.055941180035006255,0.0011188749922439456,1,2,0.001348735997453332,0.0011188749922439456,0.0042453820060472935,19267584.0,6422528.0
ham_mbv2_pattern_mining,2026-02-07T03:41:18,4,143,24,4,0.73046875,0.7902969121932983,20.5620896,0.060675143176922575,0.05952338018687442,0.0011517629900481552,1,2,0.0014195300173014402,0.0011517629900481552,0.004532808001386002,19267584.0,6422528.0
ham_mbv2_pattern_mining,2026-02-07T03:41:18,4,144,24,5,1.0,0.16964976489543915,0.09028159999999999,0.07263807303388603,0.07134988001780584,0.0012881930160801858,1,2,0.0015957900031935424,0.0012881930160801858,0.005539197998587042,75264.0,25088.0
ham_mbv2_pattern_mining,2026-02-07T03:41:26,0,145,25,0,0.73046875,0.784673810005188,20.5620896,0.4595619556203019,0.4514733696123585,0.008088586007943377,1,2,0.011722818977432325,0.008088586007943377,0.033424517983803526,19267584.0,6422528.0
ham_mbv2_pattern_mining,2026-02-07T03:41:26,0,146,25,1,0.6875,0.8329373598098755,20.5620896,0.05754391697701067,0.056411499972455204,0.0011324170045554638,1,2,0.0013812379911541939,0.0011324170045554638,0.0042599120060913265,19267584.0,6422528.0
ham_mbv2_pattern_mining,2026-02-07T03:41:26,0,147,25,2,0.7421875,0.7670094966888428,20.5620896,0.06104943811078556,0.059894350124523044,0.0011550879862625152,1,2,0.0015519270091317594,0.0011550879862625152,0.004437508003320545,19267584.0,6422528.0
ham_mbv2_pattern_mining,2026-02-07T03:41:26,0,148,25,3,0.71484375,0.7923533916473389,20.5620896,0.10002511422499083,0.09835999022470787,0.0016651240002829581,1,2,0.0028639640077017248,0.0016651240002829581,0.006972035014769062,19267584.0,6422528.0
ham_mbv2_pattern_mining,2026-02-07T03:41:28,0,149,25,4,0.671875,0.8853689432144165,20.5620896,0.0626182712148875,0.061422730213962495,0.0011955410009250045,1,2,0.001547569001559168,0.0011955410009250045,0.004594704019837081,19267584.0,6422528.0
ham_mbv2_pattern_mining,2026-02-07T03:41:28,0,150,25,5,1.0,0.48915228247642517,0.1705632,0.07759241107851267,0.07646448008017614,0.0011279309983365238,1,2,0.0013731310027651489,0.0011279309983365238,0.006273317005252466,150528.0,50176.0
ham_mbv2_pattern_mining,2026-02-07T03:41:31,1,145,25,0,0.75390625,0.7291085720062256,20.5620896,0.2755972412414849,0.27124897023895755,0.004348271002527326,1,2,0.010263646021485329,0.004348271002527326,0.016861251002410427,19267584.0,6422528.0
ham_mbv2_pattern_mining,2026-02-07T03:41:31,1,146,25,1,0.65234375,0.8328390121459961,20.5620896,0.06495708716101944,0.06368538015522063,0.0012717070057988167,1,2,0.00154056801693514,0.0012717070057988167,0.004827969998586923,19267584.0,6422528.0
ham_mbv2_pattern_mining,2026-02-07T03:41:31,1,147,25,2,0.65625,0.8385655879974365,20.5620896,0.0635810440289788,0.06243921001441777,0.0011418340145610273,1,2,0.0015324190026149154,0.0011418340145610273,0.004711501998826861,19267584.0,6422528.0
ham_mbv2_pattern_mining,2026-02-07T03:41:31,1,148,25,3,0.72265625,0.7367030382156372,20.5620896,0.05693576988414861,0.05584114987868816,0.001094620005460456,1,2,0.0013822150067426264,0.001094620005460456,0.004201899981126189,19267584.0,6422528.0
ham_mbv2_pattern_mining,2026-02-07T03:41:33,1,149,25,4,0.66796875,0.9262935519218445,20.5620896,0.085790631826967,0.08383660984691232,0.0019540219800546765,1,2,0.0028059729957021773,0.0019540219800546765,0.005577687988989055,19267584.0,6422528.0
ham_mbv2_pattern_mining,2026-02-07T03:41:33,1,150,25,5,0.5,0.9211565256118774,0.1705632,0.08916384185431525,0.0876724798581563,0.0014913619961589575,1,2,0.0017785679956432432,0.0014913619961589575,0.006988679990172386,150528.0,50176.0
ham_mbv2_pattern_mining,2026-02-07T03:41:36,2,145,25,0,0.71484375,0.7724827527999878,20.5620896,0.38395120689528994,0.3784268398885615,0.005524367006728426,1,2,0.01162867300445214,0.005524367006728426,0.026214010984404013,19267584.0,6422528.0
ham_mbv2_pattern_mining,2026-02-07T03:41:36,2,146,25,1,0.734375,0.7405396699905396,20.5620896,0.06446106205112301,0.06319089006865397,0.0012701719824690372,1,2,0.0015678520139772445,0.0012701719824690372,0.004751236992888153,19267584.0,6422528.0
ham_mbv2_pattern_mining,2026-02-07T03:41:36,2,147,25,2,0.71484375,0.7832828760147095,20.5620896,0.058854631992289796,0.05776714999228716,0.0010874820000026375,1,2,0.0014797220064792782,0.0010874820000026375,0.004296992992749438,19267584.0,6422528.0
ham_mbv2_pattern_mining,2026-02-07T03:41:36,2,148,25,3,0.70703125,0.8015657663345337,20.5620896,0.05839156365254894,0.05727487965486944,0.0011166839976795018,1,2,0.001429970987373963,0.0011166839976795018,0.004297516978112981,19267584.0,6422528.0
ham_mbv2_pattern_mining,2026-02-07T03:41:37,2,149,25,4,0.6640625,0.8933643102645874,20.5620896,0.05927197093842551,0.05813900992507115,0.001132961013354361,1,2,0.001484966982388869,0.001132961013354361,0.004328934010118246,19267584.0,6422528.0
ham_mbv2_pattern_mining,2026-02-07T03:41:37,2,150,25,5,0.5,1.4886271953582764,0.1705632,0.07347267397562973,0.07220041996333748,0.001272254012292251,1,2,0.0015910459915176034,0.001272254012292251,0.005628996004816145,150528.0,50176.0
ham_mbv2_pattern_mining,2026-02-07T03:41:40,3,145,25,0,0.7578125,0.6989634037017822,20.5620896,0.34432677875156514,0.33977517974562943,0.004551599005935714,1,2,0.011158169974805787,0.004551599005935714,0.022819347999757156,19267584.0,6422528.0
ham_mbv2_pattern_mining,2026-02-07T03:41:40,3,146,25,1,0.671875,0.89519864320755,20.5620896,0.06454326788662001,0.06330890988465399,0.0012343580019660294,1,2,0.0017539339896757156,0.0012343580019660294,0.004576956998789683,19267584.0,6422528.0
ham_mbv2_pattern_mining,2026-02-07T03:41:40,3,147,25,2,0.72265625,0.7841891050338745,20.5620896,0.05864214416942559,0.05754842015448958,0.001093724014936015,1,2,0.0014359790075104684,0.001093724014936015,0.004318863007938489,19267584.0,6422528.0
ham_mbv2_pattern_mining,2026-02-07T03:41:41,3,148,25,3,0.72265625,0.7562098503112793,20.5620896,0.06528314633760601,0.064030890353024,0.001252255984582007,1,2,0.0015380520198959857,0.001252255984582007,0.004865037015406415,19267584.0,6422528.0
ham_mbv2_pattern_mining,2026-02-07T03:41:42,3,149,25,4,0.73046875,0.7347708940505981,20.5620896,0.06538151612039655,0.06405368010746315,0.0013278360129334033,1,2,0.001681810012087226,0.0013278360129334033,0.004723557998659089,19267584.0,6422528.0
ham_mbv2_pattern_mining,2026-02-07T03:41:42,3,150,25,5,0.5,0.8633208870887756,0.1705632,0.07508113476797007,0.07379328977549449,0.0012878449924755841,1,2,0.001507916982518509,0.0012878449924755841,0.00587141199503094,150528.0,50176.0
ham_mbv2_pattern_mining,2026-02-07T03:41:44,4,145,25,0,0.6796875,0.87648606300354,20.5620896,0.3919617980136536,0.38484554999740794,0.007116248016245663,1,2,0.013319816993316635,0.007116248016245663,0.02516473800642416,19267584.0,6422528.0
ham_mbv2_pattern_mining,2026-02-07T03:41:45,4,146,25,1,0.6796875,0.794830322265625,20.5620896,0.1285608189064078,0.12602303992025554,0.0025377789861522615,1,2,0.0028656079957727343,0.0025377789861522615,0.00973669599625282,19267584.0,6422528.0
ham_mbv2_pattern_mining,2026-02-07T03:41:45,4,147,25,2,0.68359375,0.8995718955993652,20.5620896,0.060752903315005824,0.059569790319073945,0.0011831129959318787,1,2,0.0014411700249183923,0.0011831129959318787,0.004515809006989002,19267584.0,6422528.0
ham_mbv2_pattern_mining,2026-02-07T03:41:45,4,148,25,3,0.7109375,0.7817513346672058,20.5620896,0.057113689108518884,0.05599082011030987,0.0011228689982090145,1,2,0.0013173410261515528,0.0011228689982090145,0.004281740984879434,19267584.0,6422528.0
ham_mbv2_pattern_mining,2026-02-07T03:41:46,4,149,25,4,0.7421875,0.7860163450241089,20.5620896,0.059469997737323865,0.0583239397383295,0.0011460579989943653,1,2,0.0014326910022646189,0.0011460579989943653,0.004399702971568331,19267584.0,6422528.0
ham_mbv2_pattern_mining,2026-02-07T03:41:46,4,150,25,5,0.0,2.7986183166503906,0.09028159999999999,0.06265505190822296,0.06146856991108507,0.0011864819971378893,1,2,0.0014744189975317568,0.0011864819971378893,0.00467243799357675,75264.0,25088.0
ham_mbv2_pattern_mining,2026-02-07T03:41:55,0,151,26,0,0.74609375,0.7617650628089905,20.5620896,0.3068846419919282,0.30159818998072296,0.005286452011205256,1,2,0.009232838987372816,0.005286452011205256,0.02092698001069948,19267584.0,6422528.0
ham_mbv2_pattern_mining,2026-02-07T03:41:55,0,152,26,1,0.71875,0.8315318822860718,20.5620896,0.07462634198600426,0.07318415999179706,0.0014421819942072034,1,2,0.0017385919927619398,0.0014421819942072034,0.005579824006417766,19267584.0,6422528.0
ham_mbv2_pattern_mining,2026-02-07T03:41:55,0,153,26,2,0.734375,0.767555296421051,20.5620896,0.07422124312142842,0.07281007012352347,0.0014111729979049414,1,2,0.0017359339981339872,0.0014111729979049414,0.00554507301421836,19267584.0,6422528.0
ham_mbv2_pattern_mining,2026-02-07T03:41:55,0,154,26,3,0.7265625,0.7404747009277344,20.5620896,0.07410638182773255,0.07270468981005251,0.001401692017680034,1,2,0.0017320489860139787,0.001401692017680034,0.005538419994991273,19267584.0,6422528.0
ham_mbv2_pattern_mining,2026-02-07T03:41:56,0,155,26,4,0.67578125,0.8970134258270264,20.5620896,0.0809002551541198,0.07944083015900105,0.0014594249951187521,1,2,0.0021980360033921897,0.0014594249951187521,0.0057460470125079155,19267584.0,6422528.0
ham_mbv2_pattern_mining,2026-02-07T03:41:57,0,156,26,5,0.5,1.1675986051559448,0.1705632,0.09064416497130878,0.08915017999242991,0.0014939849788788706,1,2,0.0018685139948502183,0.0014939849788788706,0.007046504004392773,150528.0,50176.0
ham_mbv2_pattern_mining,2026-02-07T03:42:00,1,151,26,0,0.671875,0.8444774150848389,20.5620896,0.37091945207794197,0.36483194009633735,0.006087511981604621,1,2,0.013356825016671792,0.006087511981604621,0.023126368992961943,19267584.0,6422528.0
ham_mbv2_pattern_mining,2026-02-07T03:42:00,1,152,26,1,0.67578125,0.85359126329422,20.5620896,0.06053984310710803,0.05937514011748135,0.0011647029896266758,1,2,0.0014337020111270249,0.0011647029896266758,0.00450381200062111,19267584.0,6422528.0
ham_mbv2_pattern_mining,2026-02-07T03:42:00,1,153,26,2,0.75390625,0.7081596255302429,20.5620896,0.05996439783484675,0.058834079827647656,0.0011303180071990937,1,2,0.0013992440071888268,0.0011303180071990937,0.004484163975575939,19267584.0,6422528.0
ham_mbv2_pattern_mining,2026-02-07T03:42:00,1,154,26,3,0.66796875,0.8866280317306519,20.5620896,0.05770131479948759,0.056597009825054556,0.0011043049744330347,1,2,0.0013835699937772006,0.0011043049744330347,0.004276130988728255,19267584.0,6422528.0
ham_mbv2_pattern_mining,2026-02-07T03:42:02,1,155,26,4,0.7265625,0.7697024345397949,20.5620896,0.05735962188919075,0.05627226986689493,0.0010873520222958177,1,2,0.001377170003252104,0.0010873520222958177,0.004250056983437389,19267584.0,6422528.0
ham_mbv2_pattern_mining,2026-02-07T03:42:02,1,156,26,5,0.5,0.8333362340927124,0.1705632,0.07452491231379099,0.0733709303312935,0.0011539819824974984,1,2,0.0014558960101567209,0.0011539819824974984,0.0058811970229726285,150528.0,50176.0
ham_mbv2_pattern_mining,2026-02-07T03:42:05,2,151,26,0,0.703125,0.8035699129104614,20.5620896,0.39954432792728767,0.39391122991219163,0.005633098015096039,1,2,0.011472760990727693,0.005633098015096039,0.02791836200049147,19267584.0,6422528.0
ham_mbv2_pattern_mining,2026-02-07T03:42:05,2,152,26,1,0.6875,0.8709951639175415,20.5620896,0.07052233879221603,0.06918743980349973,0.0013348989887163043,1,2,0.0018156009900849313,0.0013348989887163043,0.005103142990265042,19267584.0,6422528.0
ham_mbv2_pattern_mining,2026-02-07T03:42:05,2,153,26,2,0.71875,0.798417866230011,20.5620896,0.06199644709704444,0.06076279008993879,0.0012336570071056485,1,2,0.0015394749934785068,0.0012336570071056485,0.004536804015515372,19267584.0,6422528.0
ham_mbv2_pattern_mining,2026-02-07T03:42:06,2,154,26,3,0.734375,0.7436096668243408,20.5620896,0.058991358877392486,0.05786108988104388,0.0011302689963486046,1,2,0.0013883759966120124,0.0011302689963486046,0.004397732991492376,19267584.0,6422528.0
ham_mbv2_pattern_mining,2026-02-07T03:42:07,2,155,26,4,0.6875,0.7364106178283691,20.5620896,0.0659973501751665,0.06476166017819196,0.0012356899969745427,1,2,0.001646364020416513,0.0012356899969745427,0.004829801997402683,19267584.0,6422528.0
ham_mbv2_pattern_mining,2026-02-07T03:42:07,2,156,26,5,1.0,0.1369626820087433,0.1705632,0.07677072184742428,0.07558452984085307,0.0011861920065712184,1,2,0.0015390820044558495,0.0011861920065712184,0.006019370979629457,150528.0,50176.0
ham_mbv2_pattern_mining,2026-02-07T03:42:10,3,151,26,0,0.70703125,0.7195028066635132,20.5620896,0.5097365507099312,0.5010040797060356,0.008732471003895625,1,2,0.016183282976271585,0.008732471003895625,0.03391712499433197,19267584.0,6422528.0
ham_mbv2_pattern_mining,2026-02-07T03:42:11,3,152,26,1,0.71875,0.8196110725402832,20.5620896,0.061312991922022775,0.06012361991452053,0.001189372007502243,1,2,0.0014510960027109832,0.001189372007502243,0.00456126598874107,19267584.0,6422528.0
ham_mbv2_pattern_mining,2026-02-07T03:42:11,3,153,26,2,0.6875,0.7857599258422852,20.5620896,0.05739717002143152,0.05628660001093522,0.0011105700104963034,1,2,0.0013530410069506615,0.0011105700104963034,0.00427561899414286,19267584.0,6422528.0
ham_mbv2_pattern_mining,2026-02-07T03:42:11,3,154,26,3,0.66796875,0.8385242223739624,20.5620896,0.06571555280243047,0.06412792979972437,0.0015876230027060956,1,2,0.0018329389858990908,0.0015876230027060956,0.004579853994073346,19267584.0,6422528.0
ham_mbv2_pattern_mining,2026-02-07T03:42:12,3,155,26,4,0.78515625,0.6518913507461548,20.5620896,0.10329385002842173,0.1012501900549978,0.002043659973423928,1,2,0.0023431630106642842,0.002043659973423928,0.007781855994835496,19267584.0,6422528.0
ham_mbv2_pattern_mining,2026-02-07T03:42:12,3,156,26,5,0.0,3.426846981048584,0.1705632,0.09391781582962722,0.09238776983693242,0.0015300459926947951,1,2,0.0017762689967639744,0.0015300459926947951,0.007462507986929268,150528.0,50176.0
ham_mbv2_pattern_mining,2026-02-07T03:42:16,4,151,26,0,0.6875,0.8622498512268066,20.5620896,0.3997378961357754,0.3920707601355389,0.007667136000236496,1,2,0.015413331013405696,0.007667136000236496,0.023793745000148192,19267584.0,6422528.0
ham_mbv2_pattern_mining,2026-02-07T03:42:16,4,152,26,1,0.703125,0.8462228775024414,20.5620896,0.0760097770835273,0.07454008009517565,0.001469696988351643,1,2,0.0017947670130524784,0.001469696988351643,0.005659240996465087,19267584.0,6422528.0
ham_mbv2_pattern_mining,2026-02-07T03:42:16,4,153,26,2,0.6640625,0.8872702121734619,20.5620896,0.07538085101987235,0.07395683001959696,0.0014240210002753884,1,2,0.001753554999595508,0.0014240210002753884,0.005642128002364188,19267584.0,6422528.0
ham_mbv2_pattern_mining,2026-02-07T03:42:16,4,154,26,3,0.71875,0.7785102128982544,20.5620896,0.07473772394587286,0.07328887993935496,0.001448844006517902,1,2,0.0017192740051541477,0.001448844006517902,0.005609613988781348,19267584.0,6422528.0
ham_mbv2_pattern_mining,2026-02-07T03:42:18,4,155,26,4,0.70703125,0.8172684907913208,20.5620896,0.1290432279347442,0.1265077799325809,0.0025354480021633208,1,2,0.0028413410182110965,0.0025354480021633208,0.009809436975046992,19267584.0,6422528.0
ham_mbv2_pattern_mining,2026-02-07T03:42:18,4,156,26,5,1.0,0.12536601722240448,0.09028159999999999,0.06281564681557938,0.06164998980239034,0.0011656570131890476,1,2,0.0014613109815400094,0.0011656570131890476,0.004703687998699024,75264.0,25088.0
ham_mbv2_pattern_mining,2026-02-07T03:42:26,0,157,27,0,0.73046875,0.7467304468154907,20.5620896,0.24834997110883705,0.24405472009675577,0.00429525101208128,1,2,0.007930504012620077,0.00429525101208128,0.0164749679970555,19267584.0,6422528.0
ham_mbv2_pattern_mining,2026-02-07T03:42:26,0,158,27,1,0.7265625,0.7484315633773804,20.5620896,0.06169132070499472,0.060467499715741724,0.0012238209892529994,1,2,0.0015031029761303216,0.0012238209892529994,0.004543646995443851,19267584.0,6422528.0
ham_mbv2_pattern_mining,2026-02-07T03:42:26,0,159,27,2,0.69921875,0.859868049621582,20.5620896,0.07460217716288753,0.07316574017750099,0.0014364369853865355,1,2,0.0017364170053042471,0.0014364369853865355,0.005580157012445852,19267584.0,6422528.0
ham_mbv2_pattern_mining,2026-02-07T03:42:26,0,160,27,3,0.7265625,0.7770114541053772,20.5620896,0.0738363979908172,0.07242963998578489,0.0014067580050323159,1,2,0.0017071210022550076,0.0014067580050323159,0.005535842996323481,19267584.0,6422528.0
ham_mbv2_pattern_mining,2026-02-07T03:42:28,0,161,27,4,0.7421875,0.7928941249847412,20.5620896,0.07918832584982738,0.07768577983370051,0.0015025460161268711,1,2,0.0019422759942244738,0.0015025460161268711,0.005826301989145577,19267584.0,6422528.0
ham_mbv2_pattern_mining,2026-02-07T03:42:28,0,162,27,5,0.5,1.2904739379882812,0.1705632,0.09615789414965548,0.09465650015044957,0.0015013939992059022,1,2,0.001930555998114869,0.0015013939992059022,0.007535094016930088,150528.0,50176.0
ham_mbv2_pattern_mining,2026-02-07T03:42:31,1,157,27,0,0.6953125,0.7085287570953369,20.5620896,0.5303217550099362,0.5221266800072044,0.008195075002731755,1,2,0.015297022997401655,0.008195075002731755,0.03691564500331879,19267584.0,6422528.0
ham_mbv2_pattern_mining,2026-02-07T03:42:31,1,158,27,1,0.6953125,0.8596438765525818,20.5620896,0.07436792357475497,0.07291049958439544,0.0014574239903595299,1,2,0.001739020983222872,0.0014574239903595299,0.005552028975216672,19267584.0,6422528.0
ham_mbv2_pattern_mining,2026-02-07T03:42:31,1,159,27,2,0.75,0.7518830299377441,20.5620896,0.0762910672929138,0.07487586030038074,0.001415206992533058,1,2,0.001811887021176517,0.001415206992533058,0.005675699008861557,19267584.0,6422528.0
ham_mbv2_pattern_mining,2026-02-07T03:42:31,1,160,27,3,0.6484375,0.9044606685638428,20.5620896,0.19762923414236866,0.19595954014221206,0.0016696940001565963,1,2,0.005970191006781533,0.0016696940001565963,0.013625763007439673,19267584.0,6422528.0
ham_mbv2_pattern_mining,2026-02-07T03:42:33,1,161,27,4,0.73046875,0.7374491691589355,20.5620896,0.07594166201306507,0.07449992001056671,0.0014417420024983585,1,2,0.0018012530053965747,0.0014417420024983585,0.005648738995660096,19267584.0,6422528.0
ham_mbv2_pattern_mining,2026-02-07T03:42:33,1,162,27,5,1.0,0.20410458743572235,0.1705632,0.08971389604266733,0.08824424003250897,0.00146965601015836,1,2,0.0017743619973771274,0.00146965601015836,0.0070500620058737695,150528.0,50176.0
ham_mbv2_pattern_mining,2026-02-07T03:42:36,2,157,27,0,0.734375,0.7173315286636353,20.5620896,0.3815300827554893,0.37611708976328373,0.005412992992205545,1,2,0.012154843978350982,0.005412992992205545,0.02545686499797739,19267584.0,6422528.0
ham_mbv2_pattern_mining,2026-02-07T03:42:36,2,158,27,1,0.6953125,0.8141425848007202,20.5620896,0.07527989300433546,0.07378426002105698,0.0014956329832784832,1,2,0.0017807219992391765,0.0014956329832784832,0.0055977040028665215,19267584.0,6422528.0
ham_mbv2_pattern_mining,2026-02-07T03:42:36,2,159,27,2,0.70703125,0.7357133626937866,20.5620896,0.0746937078947667,0.07326986989937723,0.0014238379953894764,1,2,0.0017395619943272322,0.0014238379953894764,0.0055874249956104904,19267584.0,6422528.0
ham_mbv2_pattern_mining,2026-02-07T03:42:37,2,160,27,3,0.7109375,0.8497353792190552,20.5620896,0.07539317588089034,0.07394185988232493,0.0014513159985654056,1,2,0.0017584209854248911,0.0014513159985654056,0.005635765002807602,19267584.0,6422528.0
ham_mbv2_pattern_mining,2026-02-07T03:42:38,2,161,27,4,0.703125,0.7951591610908508,20.5620896,0.05846815888071433,0.05734134989324957,0.0011268089874647558,1,2,0.0014289729879237711,0.0011268089874647558,0.004305162001401186,19267584.0,6422528.0
ham_mbv2_pattern_mining,2026-02-07T03:42:38,2,162,27,5,1.0,0.18776291608810425,0.1705632,0.07413499697577208,0.0729216099716723,0.0012133870040997863,1,2,0.0015549689996987581,0.0012133870040997863,0.0057371919974684715,150528.0,50176.0
ham_mbv2_pattern_mining,2026-02-07T03:42:41,3,157,27,0,0.765625,0.6269707679748535,20.5620896,0.46082224417477846,0.453284690156579,0.007537554018199444,1,2,0.013941754004918039,0.007537554018199444,0.03138671501073986,19267584.0,6422528.0
ham_mbv2_pattern_mining,2026-02-07T03:42:41,3,158,27,1,0.6796875,0.8536790609359741,20.5620896,0.07386772791505791,0.07244726992212236,0.0014204579929355532,1,2,0.0017371230060234666,0.0014204579929355532,0.005507603986188769,19267584.0,6422528.0
ham_mbv2_pattern_mining,2026-02-07T03:42:41,3,159,27,2,0.75390625,0.679536759853363,20.5620896,0.07375398295698687,0.07233234995510429,0.001421633001882583,1,2,0.0017081669939216226,0.001421633001882583,0.0055250680015888065,19267584.0,6422528.0
ham_mbv2_pattern_mining,2026-02-07T03:42:41,3,160,27,3,0.74609375,0.7258855104446411,20.5620896,0.07410007881117053,0.07264269981533289,0.0014573789958376437,1,2,0.0017043330008164048,0.0014573789958376437,0.005559936980716884,19267584.0,6422528.0
ham_mbv2_pattern_mining,2026-02-07T03:42:43,3,161,27,4,0.65625,0.9133891463279724,20.5620896,0.07571737476973794,0.07425798976328224,0.0014593850064557046,1,2,0.0017897889774758369,0.0014593850064557046,0.005636009998852387,19267584.0,6422528.0
ham_mbv2_pattern_mining,2026-02-07T03:42:43,3,162,27,5,0.5,0.7486422657966614,0.1705632,0.0887365481175948,0.08719800011022016,0.0015385480073746294,1,2,0.0019521790090948343,0.0015385480073746294,0.006767621001927182,150528.0,50176.0
ham_mbv2_pattern_mining,2026-02-07T03:42:46,4,157,27,0,0.71484375,0.8834449648857117,20.5620896,0.3399827230896335,0.334515770082362,0.005466953007271513,1,2,0.011913034017197788,0.005466953007271513,0.021538542991038412,19267584.0,6422528.0
ham_mbv2_pattern_mining,2026-02-07T03:42:46,4,158,27,1,0.6796875,0.8822785019874573,20.5620896,0.07468082869309,0.07323719968553632,0.0014436290075536817,1,2,0.0017853329773060977,0.0014436290075536817,0.005538386991247535,19267584.0,6422528.0
ham_mbv2_pattern_mining,2026-02-07T03:42:46,4,159,27,2,0.70703125,0.8036177158355713,20.5620896,0.0744927239138633,0.07306143990717828,0.0014312840066850185,1,2,0.0017180260038003325,0.0014312840066850185,0.005588117986917496,19267584.0,6422528.0
ham_mbv2_pattern_mining,2026-02-07T03:42:46,4,160,27,3,0.74609375,0.7424356341362,20.5620896,0.07579290040303022,0.07432459038682282,0.001468310016207397,1,2,0.0017803090158849955,0.001468310016207397,0.0056521500227972865,19267584.0,6422528.0
ham_mbv2_pattern_mining,2026-02-07T03:42:48,4,161,27,4,0.68359375,0.7768367528915405,20.5620896,0.08107589415158145,0.07947505015181378,0.001600843999767676,1,2,0.0019915880111511797,0.001600843999767676,0.005955917004030198,19267584.0,6422528.0
ham_mbv2_pattern_mining,2026-02-07T03:42:48,4,162,27,5,1.0,0.10447901487350464,0.09028159999999999,0.07922058316762559,0.07768030016450211,0.001540283003123477,1,2,0.0019263210124336183,0.001540283003123477,0.005841709004016593,75264.0,25088.0
ham_mbv2_pattern_mining,2026-02-07T03:42:56,0,163,28,0,0.75390625,0.7251654863357544,20.5620896,0.3576741721481085,0.3520218201447278,0.005652352003380656,1,2,0.009054132009623572,0.005652352003380656,0.02614805000484921,19267584.0,6422528.0
ham_mbv2_pattern_mining,2026-02-07T03:42:56,0,164,28,1,0.75390625,0.7095220685005188,20.5620896,0.07446459715720266,0.0730064301751554,0.0014581669820472598,1,2,0.0017584279994480312,0.0014581669820472598,0.005542215018067509,19267584.0,6422528.0
ham_mbv2_pattern_mining,2026-02-07T03:42:57,0,165,28,2,0.66015625,0.9072366952896118,20.5620896,0.07315611626836471,0.07175821025157347,0.0013979060167912394,1,2,0.0016871940169949085,0.0013979060167912394,0.005488627008162439,19267584.0,6422528.0
ham_mbv2_pattern_mining,2026-02-07T03:42:57,0,166,28,3,0.75,0.7709306478500366,20.5620896,0.07457865212927572,0.073131860117428,0.0014467920118477196,1,2,0.0017320580082014203,0.0014467920118477196,0.00558112800354138,19267584.0,6422528.0
ham_mbv2_pattern_mining,2026-02-07T03:42:58,0,167,28,4,0.6953125,0.7709716558456421,20.5620896,0.07874866004567593,0.07732469006441534,0.0014239699812605977,1,2,0.0021553830010816455,0.0014239699812605977,0.005577086005359888,19267584.0,6422528.0
ham_mbv2_pattern_mining,2026-02-07T03:42:58,0,168,28,5,0.5,1.6206411123275757,0.1705632,0.0910392637597397,0.08955090976087376,0.0014883539988659322,1,2,0.0018231459835078567,0.0014883539988659322,0.00713194499257952,150528.0,50176.0
ham_mbv2_pattern_mining,2026-02-07T03:43:01,1,163,28,0,0.62890625,0.9951766729354858,20.5620896,0.481210272788303,0.4711985497851856,0.010011723003117368,1,2,0.016266157996142283,0.010011723003117368,0.030853696982376277,19267584.0,6422528.0
ham_mbv2_pattern_mining,2026-02-07T03:43:01,1,164,28,1,0.75,0.7389432191848755,20.5620896,0.07560662005562335,0.07412381004542112,0.001482810010202229,1,2,0.001792861003195867,0.001482810010202229,0.005619520001346245,19267584.0,6422528.0
ham_mbv2_pattern_mining,2026-02-07T03:43:02,1,165,28,2,0.70703125,0.7599205374717712,20.5620896,0.05899165107985027,0.057904020068235695,0.001087631011614576,1,2,0.0014149040216580033,0.001087631011614576,0.004375497985165566,19267584.0,6422528.0
ham_mbv2_pattern_mining,2026-02-07T03:43:02,1,166,28,3,0.74609375,0.746989369392395,20.5620896,0.05791123176459223,0.05679893976775929,0.001112291996832937,1,2,0.0013818239967804402,0.001112291996832937,0.004298069979995489,19267584.0,6422528.0
ham_mbv2_pattern_mining,2026-02-07T03:43:03,1,167,28,4,0.75,0.7130303382873535,20.5620896,0.06034880693187006,0.05919977993471548,0.0011490269971545786,1,2,0.001451454998459667,0.0011490269971545786,0.004468522995011881,19267584.0,6422528.0
ham_mbv2_pattern_mining,2026-02-07T03:43:03,1,168,28,5,0.5,2.033461332321167,0.1705632,0.07327771789277904,0.07209256989881396,0.0011851479939650744,1,2,0.0014155870012473315,0.0011851479939650744,0.005793669988634065,150528.0,50176.0
ham_mbv2_pattern_mining,2026-02-07T03:43:06,2,163,28,0,0.6796875,0.848832368850708,20.5620896,0.364312960911775,0.3573286999017,0.006984261010074988,1,2,0.012271601997781545,0.006984261010074988,0.023461267992388457,19267584.0,6422528.0
ham_mbv2_pattern_mining,2026-02-07T03:43:07,2,164,28,1,0.7109375,0.8714234232902527,20.5620896,0.06412076880224049,0.06294267979683354,0.001178089005406946,1,2,0.0014769789995625615,0.001178089005406946,0.004817288980120793,19267584.0,6422528.0
ham_mbv2_pattern_mining,2026-02-07T03:43:07,2,165,28,2,0.734375,0.7642492651939392,20.5620896,0.058343210141174495,0.05723725014831871,0.0011059599928557873,1,2,0.001439348008716479,0.0011059599928557873,0.004284377006115392,19267584.0,6422528.0
ham_mbv2_pattern_mining,2026-02-07T03:43:07,2,166,28,3,0.73046875,0.7227455377578735,20.5620896,0.06429389896220528,0.06277014996157959,0.0015237490006256849,1,2,0.0015889740025158972,0.0015237490006256849,0.004688040993642062,19267584.0,6422528.0
ham_mbv2_pattern_mining,2026-02-07T03:43:09,2,167,28,4,0.7109375,0.724468469619751,20.5620896,0.13179636443965137,0.12922151043312624,0.002574854006525129,1,2,0.003024221019586548,0.002574854006525129,0.009897930023726076,19267584.0,6422528.0
ham_mbv2_pattern_mining,2026-02-07T03:43:09,2,168,28,5,0.5,1.55579674243927,0.1705632,0.0899267659697216,0.08841397997457534,0.0015127859951462597,1,2,0.0017901629908010364,0.0015127859951462597,0.007051235006656498,150528.0,50176.0
ham_mbv2_pattern_mining,2026-02-07T03:43:12,3,163,28,0,0.7578125,0.7150251865386963,20.5620896,0.38372940820408985,0.37821521022124216,0.005514197982847691,1,2,0.012274000007892027,0.005514197982847691,0.02554752101423219,19267584.0,6422528.0
ham_mbv2_pattern_mining,2026-02-07T03:43:12,3,164,28,1,0.70703125,0.7213263511657715,20.5620896,0.07498511890298687,0.07354673987720162,0.0014383790257852525,1,2,0.0017848970019258559,0.0014383790257852525,0.005569776985794306,19267584.0,6422528.0
ham_mbv2_pattern_mining,2026-02-07T03:43:12,3,165,28,2,0.69921875,0.8052865266799927,20.5620896,0.07415477477479726,0.07275344978552312,0.0014013249892741442,1,2,0.0017023859836626798,0.0014013249892741442,0.005572958994889632,19267584.0,6422528.0
ham_mbv2_pattern_mining,2026-02-07T03:43:12,3,166,28,3,0.734375,0.7444041967391968,20.5620896,0.07499496478703804,0.07351352978730574,0.0014814349997323006,1,2,0.0017150469939224422,0.0014814349997323006,0.005636305984808132,19267584.0,6422528.0
ham_mbv2_pattern_mining,2026-02-07T03:43:14,3,167,28,4,0.7109375,0.7682245373725891,20.5620896,0.12887011608108878,0.1263352800742723,0.0025348360068164766,1,2,0.0028545240056701005,0.0025348360068164766,0.00977900400175713,19267584.0,6422528.0
ham_mbv2_pattern_mining,2026-02-07T03:43:14,3,168,28,5,1.0,0.2774218022823334,0.1705632,0.08983362204162404,0.08832046005409211,0.0015131619875319302,1,2,0.001831867004511878,0.0015131619875319302,0.007000179000897333,150528.0,50176.0
ham_mbv2_pattern_mining,2026-02-07T03:43:17,4,163,28,0,0.73046875,0.7990421652793884,20.5620896,0.367362695193151,0.3616403602063656,0.005722334986785427,1,2,0.011425431002862751,0.005722334986785427,0.024738605017773807,19267584.0,6422528.0
ham_mbv2_pattern_mining,2026-02-07T03:43:17,4,164,28,1,0.67578125,0.885187029838562,20.5620896,0.07622886597528122,0.07473878999007866,0.0014900759852025658,1,2,0.0018587270169518888,0.0014900759852025658,0.005615151982055977,19267584.0,6422528.0
ham_mbv2_pattern_mining,2026-02-07T03:43:17,4,165,28,2,0.73046875,0.8106332421302795,20.5620896,0.07607828913023695,0.07464254013029858,0.0014357489999383688,1,2,0.0018072200182359666,0.0014357489999383688,0.005657033994793892,19267584.0,6422528.0
ham_mbv2_pattern_mining,2026-02-07T03:43:17,4,166,28,3,0.68359375,0.7995290756225586,20.5620896,0.07467992618330754,0.07321433018660173,0.0014655959967058152,1,2,0.001750123017700389,0.0014655959967058152,0.005571310000959784,19267584.0,6422528.0
ham_mbv2_pattern_mining,2026-02-07T03:43:19,4,167,28,4,0.73828125,0.7634192705154419,20.5620896,0.07689470393233933,0.07543443993199617,0.0014602640003431588,1,2,0.0018706879927776754,0.0014602640003431588,0.005672756000421941,19267584.0,6422528.0
ham_mbv2_pattern_mining,2026-02-07T03:43:20,4,168,28,5,0.0,3.463005781173706,0.09028159999999999,0.09593343100277707,0.09420335001777858,0.0017300809849984944,1,2,0.002417228010017425,0.0017300809849984944,0.007003106991760433,75264.0,25088.0
ham_mbv2_pattern_mining,2026-02-07T03:43:28,0,169,29,0,0.71875,0.7561867833137512,20.5620896,0.3390260410087649,0.33276859001489356,0.006257450993871316,1,2,0.009845688007771969,0.006257450993871316,0.023431170993717387,19267584.0,6422528.0
ham_mbv2_pattern_mining,2026-02-07T03:43:28,0,170,29,1,0.75390625,0.712308406829834,20.5620896,0.06404321410809644,0.06287121010245755,0.0011720040056388825,1,2,0.001526329986518249,0.0011720040056388825,0.004760791023727506,19267584.0,6422528.0
ham_mbv2_pattern_mining,2026-02-07T03:43:28,0,171,29,2,0.73046875,0.7272406816482544,20.5620896,0.060224416927667335,0.05907810991629958,0.0011463070113677531,1,2,0.0014469320012722164,0.0011463070113677531,0.004460878990357742,19267584.0,6422528.0
ham_mbv2_pattern_mining,2026-02-07T03:43:28,0,172,29,3,0.6640625,0.9126566648483276,20.5620896,0.06303023808868602,0.06182812008773908,0.001202118000946939,1,2,0.0014770460256841034,0.001202118000946939,0.004705765983089805,19267584.0,6422528.0
ham_mbv2_pattern_mining,2026-02-07T03:43:30,0,173,29,4,0.72265625,0.7375643849372864,20.5620896,0.06541243792162277,0.06429350993130356,0.0011189279903192073,1,2,0.002178647991968319,0.0011189279903192073,0.004250703001162037,19267584.0,6422528.0
ham_mbv2_pattern_mining,2026-02-07T03:43:30,0,174,29,5,1.0,0.4413970410823822,0.1705632,0.09306722192559391,0.0915487899328582,0.0015184319927357137,1,2,0.001859816984506324,0.0015184319927357137,0.007295062008779496,150528.0,50176.0
ham_mbv2_pattern_mining,2026-02-07T03:43:33,1,169,29,0,0.68359375,0.8367013931274414,20.5620896,0.3735627970600035,0.36691843008156866,0.006644366978434846,1,2,0.012492067995481193,0.006644366978434846,0.024199775012675673,19267584.0,6422528.0
ham_mbv2_pattern_mining,2026-02-07T03:43:33,1,170,29,1,0.6875,0.7983350157737732,20.5620896,0.07512334932107478,0.07368341030087322,0.0014399390202015638,1,2,0.0018204640073236078,0.0014399390202015638,0.005547877022763714,19267584.0,6422528.0
ham_mbv2_pattern_mining,2026-02-07T03:43:33,1,171,29,2,0.7109375,0.7769801020622253,20.5620896,0.07584368213429116,0.07442113012075424,0.0014225520135369152,1,2,0.001785986009053886,0.0014225520135369152,0.005656127003021538,19267584.0,6422528.0
ham_mbv2_pattern_mining,2026-02-07T03:43:33,1,172,29,3,0.703125,0.835292637348175,20.5620896,0.07591449996107258,0.07445541996276006,0.001459079998312518,1,2,0.001826054009143263,0.001459079998312518,0.005619487987132743,19267584.0,6422528.0
ham_mbv2_pattern_mining,2026-02-07T03:43:35,1,173,29,4,0.6875,0.7957558035850525,20.5620896,0.076388652989408,0.07493659999454394,0.0014520529948640615,1,2,0.0018418960098642856,0.0014520529948640615,0.005651763989590108,19267584.0,6422528.0
ham_mbv2_pattern_mining,2026-02-07T03:43:35,1,174,29,5,1.0,0.3893265724182129,0.1705632,0.09195411793189123,0.09045154991326854,0.0015025680186226964,1,2,0.001891986990813166,0.0015025680186226964,0.007153168000513688,150528.0,50176.0
ham_mbv2_pattern_mining,2026-02-07T03:43:38,2,169,29,0,0.76171875,0.7079246640205383,20.5620896,0.3876529609551653,0.38090693997219205,0.006746020982973278,1,2,0.012985351990209892,0.006746020982973278,0.025105342007009313,19267584.0,6422528.0
ham_mbv2_pattern_mining,2026-02-07T03:43:38,2,170,29,1,0.703125,0.8148009777069092,20.5620896,0.07583753528888337,0.0743865902768448,0.0014509450120385736,1,2,0.0018159800092689693,0.0014509450120385736,0.005622679018415511,19267584.0,6422528.0
ham_mbv2_pattern_mining,2026-02-07T03:43:39,2,171,29,2,0.71484375,0.7997084856033325,20.5620896,0.07657044872757979,0.07512467971537262,0.0014457690122071654,1,2,0.001805687992600724,0.0014457690122071654,0.005706779978936538,19267584.0,6422528.0
ham_mbv2_pattern_mining,2026-02-07T03:43:39,2,172,29,3,0.7265625,0.7699767351150513,20.5620896,0.076611396856606,0.07514431985327974,0.001467077003326267,1,2,0.0017814569873735309,0.001467077003326267,0.005732974997954443,19267584.0,6422528.0
ham_mbv2_pattern_mining,2026-02-07T03:43:40,2,173,29,4,0.69140625,0.7587909698486328,20.5620896,0.07525565684773028,0.07380342984106392,0.0014522270066663623,1,2,0.0018023439915850759,0.0014522270066663623,0.005577998992521316,19267584.0,6422528.0
ham_mbv2_pattern_mining,2026-02-07T03:43:40,2,174,29,5,0.5,1.8553367853164673,0.1705632,0.08875992614775896,0.08726299012778327,0.001496936019975692,1,2,0.001881114993011579,0.001496936019975692,0.006845184019766748,150528.0,50176.0
ham_mbv2_pattern_mining,2026-02-07T03:43:43,3,169,29,0,0.7578125,0.6724995970726013,20.5620896,0.36497355610481463,0.3581501101143658,0.006823445990448818,1,2,0.012361219996819273,0.006823445990448818,0.02345379101461731,19267584.0,6422528.0
ham_mbv2_pattern_mining,2026-02-07T03:43:44,3,170,29,1,0.7578125,0.6924283504486084,20.5620896,0.15545664099045098,0.15259184001479298,0.0028648009756579995,1,2,0.003379834000952542,0.0028648009756579995,0.011879350000526756,19267584.0,6422528.0
ham_mbv2_pattern_mining,2026-02-07T03:43:44,3,171,29,2,0.6953125,0.7959157824516296,20.5620896,0.07535578784882091,0.07390174985630438,0.0014540379925165325,1,2,0.0017222609894815832,0.0014540379925165325,0.0056679139961488545,19267584.0,6422528.0
ham_mbv2_pattern_mining,2026-02-07T03:43:44,3,172,29,3,0.7734375,0.6615849137306213,20.5620896,0.09844415567931719,0.09650963969761506,0.001934515981702134,1,2,0.0023061799874994904,0.001934515981702134,0.007344783982262015,19267584.0,6422528.0
ham_mbv2_pattern_mining,2026-02-07T03:43:46,3,173,29,4,0.66796875,0.8838318586349487,20.5620896,0.07698443706613034,0.07550253008957952,0.0014819069765508175,1,2,0.0017902149993460625,0.0014819069765508175,0.00576003800961189,19267584.0,6422528.0
ham_mbv2_pattern_mining,2026-02-07T03:43:46,3,174,29,5,1.0,0.20702938735485077,0.1705632,0.09047364702564664,0.08898186002625152,0.0014917869993951172,1,2,0.0017554770165588707,0.0014917869993951172,0.007142708986066282,150528.0,50176.0
ham_mbv2_pattern_mining,2026-02-07T03:43:49,4,169,29,0,0.734375,0.8167247176170349,20.5620896,0.4355180569109507,0.42763145989738405,0.007886597013566643,1,2,0.013960329990368336,0.007886597013566643,0.02880281599937007,19267584.0,6422528.0
ham_mbv2_pattern_mining,2026-02-07T03:43:49,4,170,29,1,0.71875,0.7585283517837524,20.5620896,0.0968508300720714,0.09537756006466225,0.0014732700074091554,1,2,0.0017803990049287677,0.0014732700074091554,0.007757357001537457,19267584.0,6422528.0
ham_mbv2_pattern_mining,2026-02-07T03:43:49,4,171,29,2,0.7109375,0.831124484539032,20.5620896,0.06313308904645965,0.061928310024086386,0.001204779022373259,1,2,0.001511837006546557,0.001204779022373259,0.004680993995862082,19267584.0,6422528.0
ham_mbv2_pattern_mining,2026-02-07T03:43:49,4,172,29,3,0.703125,0.7720804214477539,20.5620896,0.06349749412038364,0.06227700010640547,0.0012204940139781684,1,2,0.0014578280097339302,0.0012204940139781684,0.0047698720009066164,19267584.0,6422528.0
ham_mbv2_pattern_mining,2026-02-07T03:43:51,4,173,29,4,0.6875,0.8695448040962219,20.5620896,0.05780077195959166,0.05668769998010248,0.0011130719794891775,1,2,0.0013949970016255975,0.0011130719794891775,0.0042737729963846505,19267584.0,6422528.0
ham_mbv2_pattern_mining,2026-02-07T03:43:51,4,174,29,5,1.0,0.12941354513168335,0.09028159999999999,0.06151234684512019,0.06028882984537631,0.0012235169997438788,1,2,0.0014867559948470443,0.0012235169997438788,0.004542126989690587,75264.0,25088.0
ham_mbv2_pattern_mining,2026-02-07T03:43:59,0,175,30,0,0.72265625,0.7239575982093811,20.5620896,0.2917682476399932,0.28670978965237737,0.005058457987615839,1,2,0.008726128988200799,0.005058457987615839,0.019944849977036938,19267584.0,6422528.0
ham_mbv2_pattern_mining,2026-02-07T03:43:59,0,176,30,1,0.75,0.6948636770248413,20.5620896,0.09218425798462704,0.09041812998475507,0.0017661279998719692,1,2,0.002245312003651634,0.0017661279998719692,0.006796500994823873,19267584.0,6422528.0
ham_mbv2_pattern_mining,2026-02-07T03:44:00,0,177,30,2,0.70703125,0.7927905321121216,20.5620896,0.07440156803932041,0.07298362004803494,0.001417947991285473,1,2,0.0017558099934831262,0.001417947991285473,0.0055425520113203675,19267584.0,6422528.0
ham_mbv2_pattern_mining,2026-02-07T03:44:00,0,178,30,3,0.69140625,0.8413557410240173,20.5620896,0.07492538602673449,0.07350728003075346,0.0014181059959810227,1,2,0.0017845719994511455,0.0014181059959810227,0.005566156003624201,19267584.0,6422528.0
ham_mbv2_pattern_mining,2026-02-07T03:44:01,0,179,30,4,0.68359375,0.8150125741958618,20.5620896,0.07799400802468881,0.07654799002921209,0.0014460179954767227,1,2,0.0019267090247012675,0.0014460179954767227,0.005728089978219941,19267584.0,6422528.0
ham_mbv2_pattern_mining,2026-02-07T03:44:01,0,180,30,5,1.0,0.14570049941539764,0.1705632,0.09562557304161601,0.09413413004949689,0.0014914429921191186,1,2,0.0019394370028749108,0.0014914429921191186,0.007473976002074778,150528.0,50176.0
ham_mbv2_pattern_mining,2026-02-07T03:44:04,1,175,30,0,0.73828125,0.7431190609931946,20.5620896,0.3423733599775005,0.33678792999126017,0.005585429986240342,1,2,0.011938349984120578,0.005585429986240342,0.02174044301500544,19267584.0,6422528.0
ham_mbv2_pattern_mining,2026-02-07T03:44:04,1,176,30,1,0.6796875,0.8526276350021362,20.5620896,0.07659150508698076,0.07510869007091969,0.0014828150160610676,1,2,0.0018482950108591467,0.0014828150160610676,0.0056625739962328225,19267584.0,6422528.0
ham_mbv2_pattern_mining,2026-02-07T03:44:04,1,177,30,2,0.671875,0.8565356731414795,20.5620896,0.07615912219625898,0.07472604018403217,0.001433082012226805,1,2,0.0018120190070476383,0.001433082012226805,0.005660585011355579,19267584.0,6422528.0
ham_mbv2_pattern_mining,2026-02-07T03:44:04,1,178,30,3,0.70703125,0.710622251033783,20.5620896,0.07548911886988208,0.07404840987874195,0.0014407089911401272,1,2,0.0018113380065187812,0.0014407089911401272,0.005593502981355414,19267584.0,6422528.0
ham_mbv2_pattern_mining,2026-02-07T03:44:06,1,179,30,4,0.71484375,0.8207493424415588,20.5620896,0.07606759705231525,0.07462095003575087,0.001446647016564384,1,2,0.00186110200593248,0.001446647016564384,0.0056009929976426065,19267584.0,6422528.0
ham_mbv2_pattern_mining,2026-02-07T03:44:06,1,180,30,5,1.0,0.3475024402141571,0.1705632,0.09137259086128324,0.08989970985567197,0.0014728810056112707,1,2,0.0017111320048570633,0.0014728810056112707,0.007278838980710134,150528.0,50176.0
ham_mbv2_pattern_mining,2026-02-07T03:44:09,2,175,30,0,0.7109375,0.7629760503768921,20.5620896,0.4903596978983842,0.48003220988903195,0.010327488009352237,1,2,0.01749317700159736,0.010327488009352237,0.030510043987305835,19267584.0,6422528.0
ham_mbv2_pattern_mining,2026-02-07T03:44:09,2,176,30,1,0.75390625,0.7297769784927368,20.5620896,0.07451937216683291,0.07306033017812297,0.0014590419887099415,1,2,0.0017813940066844225,0.0014590419887099415,0.005524639011127874,19267584.0,6422528.0
ham_mbv2_pattern_mining,2026-02-07T03:44:09,2,177,30,2,0.72265625,0.7705081105232239,20.5620896,0.0758022197696846,0.07435099978465587,0.0014512199850287288,1,2,0.0017888000002130866,0.0014512199850287288,0.0056462999782525,19267584.0,6422528.0
ham_mbv2_pattern_mining,2026-02-07T03:44:09,2,178,30,3,0.7265625,0.7526706457138062,20.5620896,0.0739825232885778,0.07253922027302906,0.0014433030155487359,1,2,0.0017168660124298185,0.0014433030155487359,0.005537056014873087,19267584.0,6422528.0
ham_mbv2_pattern_mining,2026-02-07T03:44:11,2,179,30,4,0.70703125,0.7885357141494751,20.5620896,0.06348165331291966,0.06226069031981751,0.0012209629931021482,1,2,0.0015564050117973238,0.0012209629931021482,0.0046696640201844275,19267584.0,6422528.0
ham_mbv2_pattern_mining,2026-02-07T03:44:11,2,180,30,5,1.0,0.167586088180542,0.1705632,0.07295506400987506,0.07177430001320317,0.0011807639966718853,1,2,0.0014689000090584159,0.0011807639966718853,0.0057085299922619015,150528.0,50176.0
ham_mbv2_pattern_mining,2026-02-07T03:44:13,3,175,30,0,0.6953125,0.8099665641784668,20.5620896,0.3141429617826361,0.3090501797851175,0.005092781997518614,1,2,0.011336297990055755,0.005092781997518614,0.019568719988455996,19267584.0,6422528.0
ham_mbv2_pattern_mining,2026-02-07T03:44:14,3,176,30,1,0.6953125,0.7531300783157349,20.5620896,0.09016524499747902,0.0884080000105314,0.0017572449869476259,1,2,0.0021059389982838184,0.0017572449869476259,0.006734861002769321,19267584.0,6422528.0
ham_mbv2_pattern_mining,2026-02-07T03:44:14,3,177,30,2,0.71875,0.749882698059082,20.5620896,0.0746659341675695,0.07320388016523793,0.0014620540023315698,1,2,0.0017333950090687722,0.0014620540023315698,0.005586993007455021,19267584.0,6422528.0
ham_mbv2_pattern_mining,2026-02-07T03:44:14,3,178,30,3,0.73046875,0.7540526390075684,20.5620896,0.073988289834233,0.0725545798195526,0.0014337100146804005,1,2,0.0017114359943661839,0.0014337100146804005,0.005544021987589076,19267584.0,6422528.0
ham_mbv2_pattern_mining,2026-02-07T03:44:15,3,179,30,4,0.7421875,0.7181597948074341,20.5620896,0.07596771925454959,0.07450843026163056,0.0014592889929190278,1,2,0.001805569016141817,0.0014592889929190278,0.0056452740100212395,19267584.0,6422528.0
ham_mbv2_pattern_mining,2026-02-07T03:44:15,3,180,30,5,1.0,0.12636427581310272,0.1705632,0.09403537103207782,0.09249280003132299,0.0015425710007548332,1,2,0.0018454960081726313,0.0015425710007548332,0.007403783994959667,150528.0,50176.0
ham_mbv2_pattern_mining,2026-02-07T03:44:18,4,175,30,0,0.7265625,0.7564665675163269,20.5620896,0.3660827767162118,0.35969248972833157,0.006390286987880245,1,2,0.012399803992593661,0.006390286987880245,0.023569444980239496,19267584.0,6422528.0
ham_mbv2_pattern_mining,2026-02-07T03:44:19,4,176,30,1,0.71875,0.7977835536003113,20.5620896,0.07505868675070815,0.07358663977356628,0.001472046977141872,1,2,0.001787675981177017,0.001472046977141872,0.0055709879961796105,19267584.0,6422528.0
ham_mbv2_pattern_mining,2026-02-07T03:44:19,4,177,30,2,0.7109375,0.8194277286529541,20.5620896,0.07535736064892262,0.07391452963929623,0.0014428310096263885,1,2,0.0017485779826529324,0.0014428310096263885,0.005642874981276691,19267584.0,6422528.0
ham_mbv2_pattern_mining,2026-02-07T03:44:19,4,178,30,3,0.7109375,0.7949247360229492,20.5620896,0.07579449191689491,0.07432504993630573,0.0014694419805891812,1,2,0.0017602010047994554,0.0014694419805891812,0.005672303988831118,19267584.0,6422528.0
ham_mbv2_pattern_mining,2026-02-07T03:44:20,4,179,30,4,0.65625,0.9199998378753662,20.5620896,0.09917181517812423,0.0973065901780501,0.0018652250000741333,1,2,0.0023854970058891922,0.0018652250000741333,0.007345162011915818,19267584.0,6422528.0
ham_mbv2_pattern_mining,2026-02-07T03:44:20,4,180,30,5,1.0,0.11395444720983505,0.09028159999999999,0.08296696899924427,0.08138864999637008,0.0015783190028741956,1,2,0.0019671590125653893,0.0015783190028741956,0.0061717059870716184,75264.0,25088.0
ham_mbv2_pattern_mining,2026-02-07T03:44:29,0,181,31,0,0.71484375,0.7846397757530212,20.5620896,0.4341525827476289,0.4239573597442359,0.010195223003393039,1,2,0.011062567995395511,0.010195223003393039,0.031333167979028076,19267584.0,6422528.0
ham_mbv2_pattern_mining,2026-02-07T03:44:29,0,182,31,1,0.71875,0.7633578777313232,20.5620896,0.0760927909577731,0.07462331996066496,0.0014694709971081465,1,2,0.0018429869960527867,0.0014694709971081465,0.005619345000013709,19267584.0,6422528.0
ham_mbv2_pattern_mining,2026-02-07T03:44:30,0,183,31,2,0.6875,0.8058686852455139,20.5620896,0.0767780119786039,0.07531682000262663,0.0014611919759772718,1,2,0.0018031990039162338,0.0014611919759772718,0.005728482996346429,19267584.0,6422528.0
ham_mbv2_pattern_mining,2026-02-07T03:44:30,0,184,31,3,0.7421875,0.7266796827316284,20.5620896,0.07692814190522768,0.07550223992438987,0.001425901980837807,1,2,0.0019482189964037389,0.001425901980837807,0.005602004996035248,19267584.0,6422528.0
ham_mbv2_pattern_mining,2026-02-07T03:44:31,0,185,31,4,0.7265625,0.7199956178665161,20.5620896,0.07759850291768089,0.07615070993779227,0.001447792979888618,1,2,0.001977175008505583,0.001447792979888618,0.005637895985273644,19267584.0,6422528.0
ham_mbv2_pattern_mining,2026-02-07T03:44:31,0,186,31,5,1.0,0.3032279908657074,0.1705632,0.0997399931657128,0.09825867018662393,0.0014813229790888727,1,2,0.001843352016294375,0.0014813229790888727,0.007982515002368018,150528.0,50176.0
ham_mbv2_pattern_mining,2026-02-07T03:44:34,1,181,31,0,0.68359375,0.7743064761161804,20.5620896,0.3289260511228349,0.32332555012544617,0.005600500997388735,1,2,0.011894655006472021,0.005600500997388735,0.020437900006072596,19267584.0,6422528.0
ham_mbv2_pattern_mining,2026-02-07T03:44:35,1,182,31,1,0.71875,0.7633452415466309,20.5620896,0.07522379970760085,0.07376738969469443,0.0014564100129064173,1,2,0.001827422995120287,0.0014564100129064173,0.005549315974349156,19267584.0,6422528.0
ham_mbv2_pattern_mining,2026-02-07T03:44:35,1,183,31,2,0.67578125,0.8422706127166748,20.5620896,0.07626765724853612,0.07481835025828332,0.0014493069902528077,1,2,0.0018182620115112513,0.0014493069902528077,0.00566357301431708,19267584.0,6422528.0
ham_mbv2_pattern_mining,2026-02-07T03:44:35,1,184,31,3,0.6875,0.857878565788269,20.5620896,0.07618281917530112,0.07471378019545227,0.0014690389798488468,1,2,0.00182320800377056,0.0014690389798488468,0.005648170015774667,19267584.0,6422528.0
ham_mbv2_pattern_mining,2026-02-07T03:44:37,1,185,31,4,0.78515625,0.6593614220619202,20.5620896,0.08241672074655071,0.08080827974481508,0.0016084410017356277,1,2,0.0020341469789855182,0.0016084410017356277,0.00604668099549599,19267584.0,6422528.0
ham_mbv2_pattern_mining,2026-02-07T03:44:37,1,186,31,5,0.0,3.6627039909362793,0.1705632,0.09106301103020087,0.08952025003964081,0.0015427609905600548,1,2,0.0018524680053815246,0.0015427609905600548,0.007099556998582557,150528.0,50176.0
ham_mbv2_pattern_mining,2026-02-07T03:44:40,2,181,31,0,0.7265625,0.7271014451980591,20.5620896,0.43185151161742397,0.42411806964082643,0.007733441976597533,1,2,0.01420629897620529,0.007733441976597533,0.028205507987877354,19267584.0,6422528.0
ham_mbv2_pattern_mining,2026-02-07T03:44:40,2,182,31,1,0.7109375,0.7603588104248047,20.5620896,0.0778989520331379,0.07639421004569158,0.001504741987446323,1,2,0.001893005013698712,0.001504741987446323,0.005746415990870446,19267584.0,6422528.0
ham_mbv2_pattern_mining,2026-02-07T03:44:40,2,183,31,2,0.7109375,0.7308966517448425,20.5620896,0.07439371995860711,0.07297464995644987,0.001419070002157241,1,2,0.0017234619881492108,0.001419070002157241,0.005574003007495776,19267584.0,6422528.0
ham_mbv2_pattern_mining,2026-02-07T03:44:40,2,184,31,3,0.69921875,0.8054453730583191,20.5620896,0.07463973690755665,0.07320748991332948,0.001432246994227171,1,2,0.0017116270028054714,0.001432246994227171,0.005609121988527477,19267584.0,6422528.0
ham_mbv2_pattern_mining,2026-02-07T03:44:42,2,185,31,4,0.7265625,0.7866719365119934,20.5620896,0.09027978795347735,0.08861976995831355,0.0016600179951637983,1,2,0.00248506898060441,0.0016600179951637983,0.006376908015226945,19267584.0,6422528.0
ham_mbv2_pattern_mining,2026-02-07T03:44:42,2,186,31,5,0.5,0.745186984539032,0.1705632,0.09195782992173918,0.0904253899352625,0.0015324399864766747,1,2,0.0018492620147299021,0.0015324399864766747,0.007193276978796348,150528.0,50176.0
ham_mbv2_pattern_mining,2026-02-07T03:44:45,3,181,31,0,0.734375,0.7137483954429626,20.5620896,0.35549541789805517,0.3503103498951532,0.005185068002901971,1,2,0.011448456993093714,0.005185068002901971,0.023582577996421605,19267584.0,6422528.0
ham_mbv2_pattern_mining,2026-02-07T03:44:46,3,182,31,1,0.71484375,0.7868835926055908,20.5620896,0.09680052296607755,0.09487439994700253,0.0019261230190750211,1,2,0.002247970987809822,0.0019261230190750211,0.007239469006890431,19267584.0,6422528.0
ham_mbv2_pattern_mining,2026-02-07T03:44:46,3,183,31,2,0.76171875,0.7373741865158081,20.5620896,0.07536452170461416,0.07392213970888406,0.001442381995730102,1,2,0.0018048049823846668,0.001442381995730102,0.005587408988503739,19267584.0,6422528.0
ham_mbv2_pattern_mining,2026-02-07T03:44:46,3,184,31,3,0.73828125,0.6810330152511597,20.5620896,0.07708511332748458,0.07562151033198461,0.0014636029954999685,1,2,0.0018576550064608455,0.0014636029954999685,0.0057044960267376155,19267584.0,6422528.0
ham_mbv2_pattern_mining,2026-02-07T03:44:48,3,185,31,4,0.734375,0.6961784958839417,20.5620896,0.07487098177080043,0.07342596974922344,0.0014450120215769857,1,2,0.0017530519980937243,0.0014450120215769857,0.00558954497682862,19267584.0,6422528.0
ham_mbv2_pattern_mining,2026-02-07T03:44:48,3,186,31,5,0.5,1.0206505060195923,0.1705632,0.0888006050081458,0.08728412998607382,0.0015164750220719725,1,2,0.001748731010593474,0.0015164750220719725,0.006979681988013908,150528.0,50176.0
ham_mbv2_pattern_mining,2026-02-07T03:44:51,4,181,31,0,0.6953125,0.7979490160942078,20.5620896,0.35670990590006113,0.35090908990241587,0.005800815997645259,1,2,0.011559409002074972,0.005800815997645259,0.023531499988166615,19267584.0,6422528.0
ham_mbv2_pattern_mining,2026-02-07T03:44:51,4,182,31,1,0.75,0.7063765525817871,20.5620896,0.07672151204315014,0.07525580003857613,0.0014657120045740157,1,2,0.0018888459890149534,0.0014657120045740157,0.005636734014842659,19267584.0,6422528.0
ham_mbv2_pattern_mining,2026-02-07T03:44:51,4,183,31,2,0.68359375,0.8393885493278503,20.5620896,0.07723654131405056,0.07574349030619487,0.0014930510078556836,1,2,0.001829337008530274,0.0014930510078556836,0.005745012022089213,19267584.0,6422528.0
ham_mbv2_pattern_mining,2026-02-07T03:44:51,4,184,31,3,0.69921875,0.803185224533081,20.5620896,0.07587502698879689,0.07438861997798085,0.0014864070108160377,1,2,0.001786509994417429,0.0014864070108160377,0.005652352003380656,19267584.0,6422528.0
ham_mbv2_pattern_mining,2026-02-07T03:44:53,4,185,31,4,0.72265625,0.8103308081626892,20.5620896,0.07676491382881068,0.07529381982749328,0.0014710940013173968,1,2,0.0018694750033318996,0.0014710940013173968,0.005659906979417428,19267584.0,6422528.0
ham_mbv2_pattern_mining,2026-02-07T03:44:53,4,186,31,5,1.0,0.10554873198270798,0.09028159999999999,0.07928850722964853,0.07775193022098392,0.001536577008664608,1,2,0.0019014099962078035,0.001536577008664608,0.005873783025890589,75264.0,25088.0
ham_mbv2_pattern_mining,2026-02-07T03:45:01,0,187,32,0,0.69140625,0.8100780248641968,20.5620896,0.3956047530809883,0.3887443500570953,0.006860403023893014,1,2,0.01081321100355126,0.006860403023893014,0.02806122400215827,19267584.0,6422528.0
ham_mbv2_pattern_mining,2026-02-07T03:45:01,0,188,32,1,0.75,0.7508881688117981,20.5620896,0.07647926115896553,0.0750326001434587,0.0014466610155068338,1,2,0.0018853450019378215,0.0014466610155068338,0.005617915012408048,19267584.0,6422528.0
ham_mbv2_pattern_mining,2026-02-07T03:45:02,0,189,32,2,0.75,0.7126636505126953,20.5620896,0.0765577761339955,0.07512172014685348,0.0014360559871420264,1,2,0.0018335600034333766,0.0014360559871420264,0.005678612011251971,19267584.0,6422528.0
ham_mbv2_pattern_mining,2026-02-07T03:45:02,0,190,32,3,0.7109375,0.7731858491897583,20.5620896,0.07573734092875384,0.07428198994603008,0.0014553509827237576,1,2,0.0017856030026450753,0.0014553509827237576,0.005642595991957933,19267584.0,6422528.0
ham_mbv2_pattern_mining,2026-02-07T03:45:03,0,191,32,4,0.75390625,0.7408417463302612,20.5620896,0.0762026020383928,0.07477962004486471,0.001422981993528083,1,2,0.0017816429899539798,0.001422981993528083,0.0056963190145324916,19267584.0,6422528.0
ham_mbv2_pattern_mining,2026-02-07T03:45:03,0,192,32,5,0.5,2.009019136428833,0.1705632,0.09543922889861278,0.09394872991833836,0.001490498980274424,1,2,0.0017624199972487986,0.001490498980274424,0.007632452994585037,150528.0,50176.0
ham_mbv2_pattern_mining,2026-02-07T03:45:06,1,187,32,0,0.6953125,0.8479123115539551,20.5620896,0.33436953692580573,0.3286624199245125,0.005707117001293227,1,2,0.011750142992241308,0.005707117001293227,0.021116099000209942,19267584.0,6422528.0
ham_mbv2_pattern_mining,2026-02-07T03:45:06,1,188,32,1,0.73828125,0.739547610282898,20.5620896,0.0799557229038328,0.0784238099004142,0.0015319130034185946,1,2,0.0018843959842342883,0.0015319130034185946,0.0059579850058071315,19267584.0,6422528.0
ham_mbv2_pattern_mining,2026-02-07T03:45:07,1,189,32,2,0.6875,0.7772022485733032,20.5620896,0.07854889429290779,0.07709956029430032,0.0014493339986074716,1,2,0.0019106540130451322,0.0014493339986074716,0.0057993020163849,19267584.0,6422528.0
ham_mbv2_pattern_mining,2026-02-07T03:45:07,1,190,32,3,0.734375,0.7520847320556641,20.5620896,0.07550235389498994,0.07405899988953024,0.001443354005459696,1,2,0.0017266279901377857,0.001443354005459696,0.0056792719988152385,19267584.0,6422528.0
ham_mbv2_pattern_mining,2026-02-07T03:45:09,1,191,32,4,0.69140625,0.785118818283081,20.5620896,0.0746761949849315,0.07323366997297853,0.0014425250119529665,1,2,0.0017420279909856617,0.0014425250119529665,0.0055813390063121915,19267584.0,6422528.0
ham_mbv2_pattern_mining,2026-02-07T03:45:09,1,192,32,5,1.0,0.2080959677696228,0.1705632,0.09057007497176528,0.08904037997126579,0.001529695000499487,1,2,0.001866104983491823,0.001529695000499487,0.007037933013634756,150528.0,50176.0
ham_mbv2_pattern_mining,2026-02-07T03:45:11,2,187,32,0,0.765625,0.7027575969696045,20.5620896,0.3031107668648474,0.2980068398755975,0.005103926989249885,1,2,0.01076280401321128,0.005103926989249885,0.01903787997434847,19267584.0,6422528.0
ham_mbv2_pattern_mining,2026-02-07T03:45:12,2,188,32,1,0.734375,0.7128864526748657,20.5620896,0.09144168591592461,0.08995390991913155,0.0014877759967930615,1,2,0.001984350004931912,0.0014877759967930615,0.007011040986981243,19267584.0,6422528.0
ham_mbv2_pattern_mining,2026-02-07T03:45:12,2,189,32,2,0.6796875,0.8712959289550781,20.5620896,0.07466874009696767,0.07326062011998147,0.0014081199769861996,1,2,0.001748067996231839,0.0014081199769861996,0.005577994015766308,19267584.0,6422528.0
ham_mbv2_pattern_mining,2026-02-07T03:45:12,2,190,32,3,0.734375,0.7231392860412598,20.5620896,0.07473381166346371,0.07329682965064421,0.0014369820128194988,1,2,0.0017011539894156158,0.0014369820128194988,0.0056285289756488055,19267584.0,6422528.0
ham_mbv2_pattern_mining,2026-02-07T03:45:13,2,191,32,4,0.734375,0.7682336568832397,20.5620896,0.07938091311370954,0.07795453013386577,0.0014263829798437655,1,2,0.0018032730149570853,0.0014263829798437655,0.005992179998429492,19267584.0,6422528.0
ham_mbv2_pattern_mining,2026-02-07T03:45:13,2,192,32,5,0.0,3.855333089828491,0.1705632,0.09348354270332493,0.09197197970934212,0.0015115629939828068,1,2,0.0018699559732340276,0.0015115629939828068,0.007327241997700185,150528.0,50176.0
ham_mbv2_pattern_mining,2026-02-07T03:45:16,3,187,32,0,0.73046875,0.7379440069198608,20.5620896,0.3870786701445468,0.3805715701309964,0.006507100013550371,1,2,0.012736144999507815,0.006507100013550371,0.025321012013591826,19267584.0,6422528.0
ham_mbv2_pattern_mining,2026-02-07T03:45:16,3,188,32,1,0.7578125,0.7087959051132202,20.5620896,0.07422631388180889,0.07277364988112822,0.0014526640006806701,1,2,0.0017495710053481162,0.0014526640006806701,0.005527793982764706,19267584.0,6422528.0
ham_mbv2_pattern_mining,2026-02-07T03:45:16,3,189,32,2,0.71484375,0.7798722982406616,20.5620896,0.07437377687892877,0.0729801898705773,0.00139358700835146,1,2,0.0017211149970535189,0.00139358700835146,0.005576903990004212,19267584.0,6422528.0
ham_mbv2_pattern_mining,2026-02-07T03:45:17,3,190,32,3,0.71875,0.7216336131095886,20.5620896,0.07309557168628089,0.0716834596823901,0.0014121120038907975,1,2,0.0016748039925005287,0.0014121120038907975,0.005493541975738481,19267584.0,6422528.0
ham_mbv2_pattern_mining,2026-02-07T03:45:18,3,191,32,4,0.73046875,0.7457345724105835,20.5620896,0.07621332586859353,0.07478071987861767,0.0014326059899758548,1,2,0.0018485210021026433,0.0014326059899758548,0.005629550985759124,19267584.0,6422528.0
ham_mbv2_pattern_mining,2026-02-07T03:45:18,3,192,32,5,1.0,0.2192203402519226,0.1705632,0.09140316597768106,0.08988051995402202,0.0015226460236590356,1,2,0.0018862549914047122,0.0015226460236590356,0.00710179700399749,150528.0,50176.0
ham_mbv2_pattern_mining,2026-02-07T03:45:21,4,187,32,0,0.71484375,0.8137736320495605,20.5620896,0.28726499908952974,0.2825765500892885,0.004688449000241235,1,2,0.010989368020091206,0.004688449000241235,0.017268286988837644,19267584.0,6422528.0
ham_mbv2_pattern_mining,2026-02-07T03:45:22,4,188,32,1,0.74609375,0.7413440942764282,20.5620896,0.05936882895184681,0.05820460995892063,0.0011642189929261804,1,2,0.0014639779983554035,0.0011642189929261804,0.004356482997536659,19267584.0,6422528.0
ham_mbv2_pattern_mining,2026-02-07T03:45:22,4,189,32,2,0.71875,0.7926427721977234,20.5620896,0.057567943731555715,0.05648237973218784,0.0010855639993678778,1,2,0.0013761779991909862,0.0010855639993678778,0.004272059974027798,19267584.0,6422528.0
ham_mbv2_pattern_mining,2026-02-07T03:45:22,4,190,32,3,0.6796875,0.847986102104187,20.5620896,0.05764145389548503,0.05654668988427147,0.001094764011213556,1,2,0.0013900969934184104,0.001094764011213556,0.004264571995008737,19267584.0,6422528.0
ham_mbv2_pattern_mining,2026-02-07T03:45:23,4,191,32,4,0.72265625,0.7662705779075623,20.5620896,0.05800054399878718,0.05691377999028191,0.0010867640085052699,1,2,0.0014110979973338544,0.0010867640085052699,0.0042802800016943365,19267584.0,6422528.0
ham_mbv2_pattern_mining,2026-02-07T03:45:23,4,192,32,5,0.0,3.431469440460205,0.09028159999999999,0.06535123288631439,0.06417656986741349,0.001174663018900901,1,2,0.0015906560001894832,0.001174663018900901,0.004827000986551866,75264.0,25088.0
ham_mbv2_pattern_mining,2026-02-07T03:45:31,0,193,33,0,0.734375,0.7174502611160278,20.5620896,0.28391024286975153,0.27886403986485675,0.005046203004894778,1,2,0.008623815985629335,0.005046203004894778,0.01926258800085634,19267584.0,6422528.0
ham_mbv2_pattern_mining,2026-02-07T03:45:31,0,194,33,1,0.71484375,0.7789179682731628,20.5620896,0.15324946396867745,0.1503155499813147,0.0029339139873627573,1,2,0.003899028990417719,0.0029339139873627573,0.01113252600771375,19267584.0,6422528.0
ham_mbv2_pattern_mining,2026-02-07T03:45:31,0,195,33,2,0.671875,0.9189947843551636,20.5620896,0.07758449210086837,0.07601640012580901,0.0015680919750593603,1,2,0.0018795380019582808,0.0015680919750593603,0.005722102010622621,19267584.0,6422528.0
ham_mbv2_pattern_mining,2026-02-07T03:45:31,0,196,33,3,0.73046875,0.6936879754066467,20.5620896,0.0776446620002389,0.07616590999532491,0.0014787520049139857,1,2,0.0018452369840815663,0.0014787520049139857,0.005771354015450925,19267584.0,6422528.0
ham_mbv2_pattern_mining,2026-02-07T03:45:32,0,197,33,4,0.73046875,0.7210098505020142,20.5620896,0.0798936631763354,0.0784214201848954,0.0014722429914399981,1,2,0.0019759300048463047,0.0014722429914399981,0.005866212013643235,19267584.0,6422528.0
ham_mbv2_pattern_mining,2026-02-07T03:45:32,0,198,33,5,1.0,0.14308686554431915,0.1705632,0.09675135399447754,0.0952149200020358,0.0015364339924417436,1,2,0.0018923369934782386,0.0015364339924417436,0.007629155006725341,150528.0,50176.0
ham_mbv2_pattern_mining,2026-02-07T03:45:36,1,193,33,0,0.74609375,0.6703252196311951,20.5620896,0.3293742741807364,0.32366265018936247,0.005711623991373926,1,2,0.011913688998902217,0.005711623991373926,0.02045257602003403,19267584.0,6422528.0
ham_mbv2_pattern_mining,2026-02-07T03:45:36,1,194,33,1,0.71484375,0.8200362920761108,20.5620896,0.07709701897692867,0.07559232995845377,0.0015046890184748918,1,2,0.0018638480105437338,0.0015046890184748918,0.005695384985301644,19267584.0,6422528.0
ham_mbv2_pattern_mining,2026-02-07T03:45:36,1,195,33,2,0.7265625,0.7329757213592529,20.5620896,0.07645076108747162,0.07502599008148536,0.0014247710059862584,1,2,0.001797758013708517,0.0014247710059862584,0.005704840994440019,19267584.0,6422528.0
ham_mbv2_pattern_mining,2026-02-07T03:45:36,1,196,33,3,0.6640625,0.8323185443878174,20.5620896,0.07411073285038583,0.07268761983141303,0.0014231130189727992,1,2,0.0016996719932649285,0.0014231130189727992,0.005569089989876375,19267584.0,6422528.0
ham_mbv2_pattern_mining,2026-02-07T03:45:38,1,197,33,4,0.6953125,0.7684261798858643,20.5620896,0.09207835010602139,0.09030715009430423,0.0017712000117171556,1,2,0.0021364160056691617,0.0017712000117171556,0.006894299003761262,19267584.0,6422528.0
ham_mbv2_pattern_mining,2026-02-07T03:45:38,1,198,33,5,0.5,0.6600812077522278,0.1705632,0.08886127622099593,0.08738279022509232,0.0014784859959036112,1,2,0.0018103490001522005,0.0014784859959036112,0.006927930022357032,150528.0,50176.0
ham_mbv2_pattern_mining,2026-02-07T03:45:41,2,193,33,0,0.7109375,0.7388737797737122,20.5620896,0.31070427942904644,0.3056705804192461,0.00503369900980033,1,2,0.011178222019225359,0.00503369900980033,0.019388836022699252,19267584.0,6422528.0
ham_mbv2_pattern_mining,2026-02-07T03:45:41,2,194,33,1,0.7265625,0.7563040256500244,20.5620896,0.07790819613728672,0.07643034012289718,0.0014778560143895447,1,2,0.0021080090082250535,0.0014778560143895447,0.005535025004064664,19267584.0,6422528.0
ham_mbv2_pattern_mining,2026-02-07T03:45:41,2,195,33,2,0.71875,0.8227882385253906,20.5620896,0.09509304887615144,0.09343813988380134,0.0016549089923501015,1,2,0.002138441981514916,0.0016549089923501015,0.007205372006865218,19267584.0,6422528.0
ham_mbv2_pattern_mining,2026-02-07T03:45:41,2,196,33,3,0.70703125,0.7498651742935181,20.5620896,0.07486973699997179,0.0734298099996522,0.0014399270003195852,1,2,0.0017639449797570705,0.0014399270003195852,0.00557903602020815,19267584.0,6422528.0
ham_mbv2_pattern_mining,2026-02-07T03:45:42,2,197,33,4,0.6953125,0.7640836238861084,20.5620896,0.060313908907119185,0.05917848990065977,0.001135419006459415,1,2,0.0014052240003366023,0.001135419006459415,0.004512624989729375,19267584.0,6422528.0
ham_mbv2_pattern_mining,2026-02-07T03:45:42,2,198,33,5,0.5,2.2897772789001465,0.1705632,0.07513863217900507,0.07391195016680285,0.0012266820122022182,1,2,0.0014808679989073426,0.0012266820122022182,0.005910327017772943,150528.0,50176.0
ham_mbv2_pattern_mining,2026-02-07T03:45:46,3,193,33,0,0.73828125,0.7267529964447021,20.5620896,0.41597508927225135,0.4081998302717693,0.007775259000482038,1,2,0.014385567017598078,0.007775259000482038,0.026434416009578854,19267584.0,6422528.0
ham_mbv2_pattern_mining,2026-02-07T03:45:46,3,194,33,1,0.73828125,0.7275352478027344,20.5620896,0.0751463029300794,0.0736426399089396,0.0015036630211398005,1,2,0.0017919240053743124,0.0015036630211398005,0.005572339985519648,19267584.0,6422528.0
ham_mbv2_pattern_mining,2026-02-07T03:45:46,3,195,33,2,0.73828125,0.7014707326889038,20.5620896,0.07727800513384864,0.07579991011880338,0.0014780950150452554,1,2,0.0018690350116230547,0.0014780950150452554,0.0057109560002572834,19267584.0,6422528.0
ham_mbv2_pattern_mining,2026-02-07T03:45:46,3,196,33,3,0.76171875,0.6616224050521851,20.5620896,0.07508081113337539,0.07366016012383625,0.0014206510095391423,1,2,0.001768349000485614,0.0014206510095391423,0.005597667011898011,19267584.0,6422528.0
ham_mbv2_pattern_mining,2026-02-07T03:45:48,3,197,33,4,0.6875,0.8082888126373291,20.5620896,0.0745675957587082,0.07310567976674065,0.001461915991967544,1,2,0.0017328669782727957,0.001461915991967544,0.005577700998401269,19267584.0,6422528.0
ham_mbv2_pattern_mining,2026-02-07T03:45:48,3,198,33,5,0.5,1.054815411567688,0.1705632,0.09167490605614148,0.09017125004902482,0.0015036560071166605,1,2,0.0018492380040697753,0.0015036560071166605,0.007167887000832707,150528.0,50176.0
ham_mbv2_pattern_mining,2026-02-07T03:45:51,4,193,33,0,0.75,0.7151044011116028,20.5620896,0.3341164240264334,0.32851044001290575,0.005605984013527632,1,2,0.011774832004448399,0.005605984013527632,0.021076211996842176,19267584.0,6422528.0
ham_mbv2_pattern_mining,2026-02-07T03:45:51,4,194,33,1,0.69140625,0.84327232837677,20.5620896,0.07699550877441652,0.07551934977527708,0.001476158999139443,1,2,0.001979369990294799,0.001476158999139443,0.005572564987232909,19267584.0,6422528.0
ham_mbv2_pattern_mining,2026-02-07T03:45:52,4,195,33,2,0.71875,0.8332005739212036,20.5620896,0.07522903406061232,0.07377461006399244,0.0014544239966198802,1,2,0.0017428779974579811,0.0014544239966198802,0.005634583008941263,19267584.0,6422528.0
ham_mbv2_pattern_mining,2026-02-07T03:45:52,4,196,33,3,0.6953125,0.8342425227165222,20.5620896,0.0750769448641222,0.07364522985881194,0.0014317150053102523,1,2,0.0017830079887062311,0.0014317150053102523,0.005581514997174963,19267584.0,6422528.0
ham_mbv2_pattern_mining,2026-02-07T03:45:54,4,197,33,4,0.734375,0.7616470456123352,20.5620896,0.07429077388951555,0.07285745989065617,0.0014333139988593757,1,2,0.0017255219863727689,0.0014333139988593757,0.0055602240026928484,19267584.0,6422528.0
ham_mbv2_pattern_mining,2026-02-07T03:45:54,4,198,33,5,1.0,0.1625787615776062,0.09028159999999999,0.08283982434659265,0.08133277035085484,0.001507053995737806,1,2,0.0018514050170779228,0.001507053995737806,0.0062818720180075616,75264.0,25088.0
ham_mbv2_pattern_mining,2026-02-07T03:46:03,0,199,34,0,0.7421875,0.6914243698120117,20.5620896,0.3632083527627401,0.3574600297724828,0.005748322990257293,1,2,0.009334166999906301,0.005748322990257293,0.02641183597734198,19267584.0,6422528.0
ham_mbv2_pattern_mining,2026-02-07T03:46:03,0,200,34,1,0.71484375,0.8010319471359253,20.5620896,0.07704840996302664,0.0755395699525252,0.0015088400105014443,1,2,0.0019075500022154301,0.0015088400105014443,0.00564640699303709,19267584.0,6422528.0
ham_mbv2_pattern_mining,2026-02-07T03:46:03,0,201,34,2,0.76171875,0.6542438268661499,20.5620896,0.07673543409327976,0.07526141009293497,0.001474024000344798,1,2,0.0018227710097562522,0.001474024000344798,0.0057033699995372444,19267584.0,6422528.0
ham_mbv2_pattern_mining,2026-02-07T03:46:03,0,202,34,3,0.71875,0.7540433406829834,20.5620896,0.07605391283868812,0.07459836982889101,0.0014555430097971112,1,2,0.0017711359832901508,0.0014555430097971112,0.00568870099959895,19267584.0,6422528.0
ham_mbv2_pattern_mining,2026-02-07T03:46:05,0,203,34,4,0.6875,0.8297587633132935,20.5620896,0.07874622009694576,0.07726167008513585,0.0014845500118099153,1,2,0.0019719470001291484,0.0014845500118099153,0.005754220008384436,19267584.0,6422528.0
ham_mbv2_pattern_mining,2026-02-07T03:46:05,0,204,34,5,1.0,0.5327858924865723,0.1705632,0.0940344251866918,0.09253565018298104,0.0014987750037107617,1,2,0.0018106200150214136,0.0014987750037107617,0.007442945003276691,150528.0,50176.0
ham_mbv2_pattern_mining,2026-02-07T03:46:08,1,199,34,0,0.69921875,0.797248125076294,20.5620896,0.4994775162776932,0.48933891026536,0.010138606012333184,1,2,0.016887167003005743,0.010138606012333184,0.03204672402353026,19267584.0,6422528.0
ham_mbv2_pattern_mining,2026-02-07T03:46:08,1,200,34,1,0.703125,0.8192660212516785,20.5620896,0.07394912809832022,0.07251911010826007,0.0014300179900601506,1,2,0.001778436009772122,0.0014300179900601506,0.005473475001053885,19267584.0,6422528.0
ham_mbv2_pattern_mining,2026-02-07T03:46:08,1,201,34,2,0.75,0.6845579743385315,20.5620896,0.07476558999042027,0.07335128000704572,0.001414309983374551,1,2,0.001781733997631818,0.001414309983374551,0.0055533940030727535,19267584.0,6422528.0
ham_mbv2_pattern_mining,2026-02-07T03:46:08,1,202,34,3,0.6953125,0.8013203144073486,20.5620896,0.07527344406116754,0.07383902004221454,0.0014344240189529955,1,2,0.001799852994736284,0.0014344240189529955,0.00558404900948517,19267584.0,6422528.0
ham_mbv2_pattern_mining,2026-02-07T03:46:10,1,203,34,4,0.6875,0.8324182033538818,20.5620896,0.07660842689801939,0.07515676988987252,0.0014516570081468672,1,2,0.0018624539952725172,0.0014516570081468672,0.005653222993714735,19267584.0,6422528.0
ham_mbv2_pattern_mining,2026-02-07T03:46:10,1,204,34,5,0.5,1.4600778818130493,0.1705632,0.08964371314505115,0.08816987014142796,0.0014738430036231875,1,2,0.0018136290018446743,0.0014738430036231875,0.007003358012298122,150528.0,50176.0
ham_mbv2_pattern_mining,2026-02-07T03:46:13,2,199,34,0,0.734375,0.695117175579071,20.5620896,0.33212039119098336,0.32716778019675985,0.004952610994223505,1,2,0.011073204019339755,0.004952610994223505,0.02164357400033623,19267584.0,6422528.0
ham_mbv2_pattern_mining,2026-02-07T03:46:13,2,200,34,1,0.71875,0.753123939037323,20.5620896,0.07458693004446104,0.07314977003261447,0.0014371600118465722,1,2,0.0017756599991116673,0.0014371600118465722,0.00553931700414978,19267584.0,6422528.0
ham_mbv2_pattern_mining,2026-02-07T03:46:13,2,201,34,2,0.7421875,0.7437919974327087,20.5620896,0.0751136391190812,0.07368957012658939,0.0014240689924918115,1,2,0.0017316540179308504,0.0014240689924918115,0.005637302994728088,19267584.0,6422528.0
ham_mbv2_pattern_mining,2026-02-07T03:46:13,2,202,34,3,0.765625,0.7207850813865662,20.5620896,0.07914170870208181,0.07753167970804498,0.0016100289940368384,1,2,0.0017350679845549166,0.0016100289940368384,0.006018099986249581,19267584.0,6422528.0
ham_mbv2_pattern_mining,2026-02-07T03:46:15,2,203,34,4,0.69140625,0.7687398195266724,20.5620896,0.07453990721842274,0.07310989021789283,0.001430017000529915,1,2,0.0017473690095357597,0.001430017000529915,0.005563620012253523,19267584.0,6422528.0
ham_mbv2_pattern_mining,2026-02-07T03:46:15,2,204,34,5,1.0,0.23862890899181366,0.1705632,0.09097826416837052,0.08948710019467399,0.0014911639736965299,1,2,0.0020719290187116712,0.0014911639736965299,0.006876781000755727,150528.0,50176.0
ham_mbv2_pattern_mining,2026-02-07T03:46:18,3,199,34,0,0.6953125,0.7644311785697937,20.5620896,0.36877570702927187,0.36268433002987877,0.0060913769993931055,1,2,0.012348121992545202,0.0060913769993931055,0.023920311010442674,19267584.0,6422528.0
ham_mbv2_pattern_mining,2026-02-07T03:46:18,3,200,34,1,0.76171875,0.6850334405899048,20.5620896,0.092588767176494,0.09054412017576396,0.0020446470007300377,1,2,0.00259043401456438,0.0020446470007300377,0.006463978003012016,19267584.0,6422528.0
ham_mbv2_pattern_mining,2026-02-07T03:46:18,3,201,34,2,0.74609375,0.692943811416626,20.5620896,0.07544976079952903,0.07399790978524834,0.0014518510142806917,1,2,0.0018019199778791517,0.0014518510142806917,0.005597871000645682,19267584.0,6422528.0
ham_mbv2_pattern_mining,2026-02-07T03:46:18,3,202,34,3,0.77734375,0.648871660232544,20.5620896,0.07492673804517835,0.07347770006163046,0.0014490379835478961,1,2,0.0017663190083112568,0.0014490379835478961,0.005581450997851789,19267584.0,6422528.0
ham_mbv2_pattern_mining,2026-02-07T03:46:20,3,203,34,4,0.71484375,0.7865980863571167,20.5620896,0.07604805816663429,0.07457710016751662,0.0014709579991176724,1,2,0.001778070000000298,0.0014709579991176724,0.005679640016751364,19267584.0,6422528.0
ham_mbv2_pattern_mining,2026-02-07T03:46:20,3,204,34,5,1.0,0.21200299263000488,0.1705632,0.09218942723236978,0.09061828022822738,0.0015711470041424036,1,2,0.0020225300104357302,0.0015711470041424036,0.0070392980123870075,150528.0,50176.0
ham_mbv2_pattern_mining,2026-02-07T03:46:23,4,199,34,0,0.73828125,0.7357708811759949,20.5620896,0.3082527890219353,0.303069060028065,0.005183728993870318,1,2,0.010886634001508355,0.005183728993870318,0.019420272001298144,19267584.0,6422528.0
ham_mbv2_pattern_mining,2026-02-07T03:46:23,4,200,34,1,0.7265625,0.7788683772087097,20.5620896,0.20524700597161427,0.20138688996667042,0.0038601160049438477,1,2,0.004459248011698946,0.0038601160049438477,0.015679440984968096,19267584.0,6422528.0
ham_mbv2_pattern_mining,2026-02-07T03:46:23,4,201,34,2,0.6796875,0.8421457409858704,20.5620896,0.07349819430964999,0.07208155031548813,0.0014166439941618592,1,2,0.001675919018452987,0.0014166439941618592,0.005532236013095826,19267584.0,6422528.0
ham_mbv2_pattern_mining,2026-02-07T03:46:23,4,202,34,3,0.70703125,0.7498598098754883,20.5620896,0.07392544919275679,0.07247646019095555,0.0014489890018012375,1,2,0.0017099270189646631,0.0014489890018012375,0.005537719000130892,19267584.0,6422528.0
ham_mbv2_pattern_mining,2026-02-07T03:46:24,4,203,34,4,0.703125,0.8679752945899963,20.5620896,0.07394662505248562,0.07252448005601764,0.0014221449964679778,1,2,0.0017128750041592866,0.0014221449964679778,0.005539573001442477,19267584.0,6422528.0
ham_mbv2_pattern_mining,2026-02-07T03:46:24,4,204,34,5,1.0,0.10670312494039536,0.09028159999999999,0.08456643199315295,0.083025979984086,0.0015404520090669394,1,2,0.001958881999598816,0.0015404520090669394,0.006343715998809785,75264.0,25088.0
ham_mbv2_pattern_mining,2026-02-07T03:46:33,0,205,35,0,0.70703125,0.7848925590515137,20.5620896,0.375054108153563,0.36818679014686495,0.006867318006698042,1,2,0.010520906012970954,0.006867318006698042,0.02629777300171554,19267584.0,6422528.0
ham_mbv2_pattern_mining,2026-02-07T03:46:33,0,206,35,1,0.77734375,0.6806411147117615,20.5620896,0.08627165402867831,0.08461338002234697,0.0016582740063313395,1,2,0.002810845006024465,0.0016582740063313395,0.005650492996210232,19267584.0,6422528.0
ham_mbv2_pattern_mining,2026-02-07T03:46:33,0,207,35,2,0.77734375,0.6903630495071411,20.5620896,0.07622622698545456,0.07478209998225793,0.001444127003196627,1,2,0.001838975993450731,0.001444127003196627,0.005639234004775062,19267584.0,6422528.0
ham_mbv2_pattern_mining,2026-02-07T03:46:33,0,208,35,3,0.703125,0.8230696320533752,20.5620896,0.07543114494183101,0.07401484996080399,0.001416294981027022,1,2,0.0017901959945447743,0.001416294981027022,0.005611289001535624,19267584.0,6422528.0
ham_mbv2_pattern_mining,2026-02-07T03:46:35,0,209,35,4,0.734375,0.7389894723892212,20.5620896,0.07495603218558244,0.07353598019108176,0.0014200519945006818,1,2,0.0017642790044192225,0.0014200519945006818,0.005589319014688954,19267584.0,6422528.0
ham_mbv2_pattern_mining,2026-02-07T03:46:35,0,210,35,5,1.0,0.17268960177898407,0.1705632,0.09055947110755369,0.0890553800854832,0.0015040910220704973,1,2,0.001712341996608302,0.0015040910220704973,0.007193196011940017,150528.0,50176.0
ham_mbv2_pattern_mining,2026-02-07T03:46:38,1,205,35,0,0.73828125,0.6309282779693604,20.5620896,0.30698849287000485,0.30196707986760885,0.005021413002396002,1,2,0.010941299988189712,0.005021413002396002,0.019255407998571172,19267584.0,6422528.0
ham_mbv2_pattern_mining,2026-02-07T03:46:38,1,206,35,1,0.75390625,0.7047591805458069,20.5620896,0.07700889982515946,0.0755741898319684,0.0014347099931910634,1,2,0.002122280973708257,0.0014347099931910634,0.005435138009488583,19267584.0,6422528.0
ham_mbv2_pattern_mining,2026-02-07T03:46:39,1,207,35,2,0.6640625,0.8653956651687622,20.5620896,0.07456813720637001,0.073150530224666,0.0014176069817040116,1,2,0.0017329170077573508,0.0014176069817040116,0.005582136014709249,19267584.0,6422528.0
ham_mbv2_pattern_mining,2026-02-07T03:46:39,1,208,35,3,0.72265625,0.7339063882827759,20.5620896,0.0744834739016369,0.07302927988348529,0.001454194018151611,1,2,0.0017215429979842156,0.001454194018151611,0.005581384990364313,19267584.0,6422528.0
ham_mbv2_pattern_mining,2026-02-07T03:46:40,1,209,35,4,0.671875,0.8278644680976868,20.5620896,0.07669716796954162,0.07525541994255036,0.001441748026991263,1,2,0.0018362789996899664,0.001441748026991263,0.00568926299456507,19267584.0,6422528.0
ham_mbv2_pattern_mining,2026-02-07T03:46:40,1,210,35,5,0.0,3.7577362060546875,0.1705632,0.0950864858168643,0.09355183981824666,0.0015346459986176342,1,2,0.0018710509757511318,0.0015346459986176342,0.0074841330060735345,150528.0,50176.0
ham_mbv2_pattern_mining,2026-02-07T03:46:43,2,205,35,0,0.72265625,0.8068681955337524,20.5620896,0.2755667400197126,0.2712098800111562,0.004356860008556396,1,2,0.010297219996573403,0.004356860008556396,0.016823768004542217,19267584.0,6422528.0
ham_mbv2_pattern_mining,2026-02-07T03:46:43,2,206,35,1,0.7265625,0.7104685306549072,20.5620896,0.08330595516599715,0.08139703015331179,0.0019089250126853585,1,2,0.0020000340009573847,0.0019089250126853585,0.006139669014373794,19267584.0,6422528.0
ham_mbv2_pattern_mining,2026-02-07T03:46:43,2,207,35,2,0.734375,0.7447977066040039,20.5620896,0.06137162505183369,0.06019388005370274,0.0011777449981309474,1,2,0.0014758780016563833,0.0011777449981309474,0.004543510003713891,19267584.0,6422528.0
ham_mbv2_pattern_mining,2026-02-07T03:46:44,2,208,35,3,0.6875,0.798721432685852,20.5620896,0.06617317310883664,0.06489771010819823,0.0012754630006384104,1,2,0.0015630340203642845,0.0012754630006384104,0.004926736990455538,19267584.0,6422528.0
ham_mbv2_pattern_mining,2026-02-07T03:46:45,2,209,35,4,0.75390625,0.7153578400611877,20.5620896,0.06169707726803608,0.060523490246851,0.0011735870211850852,1,2,0.001512743008788675,0.0011735870211850852,0.004539606015896425,19267584.0,6422528.0
ham_mbv2_pattern_mining,2026-02-07T03:46:45,2,210,35,5,0.5,1.2053613662719727,0.1705632,0.07136296012322418,0.07010869012447074,0.0012542699987534434,1,2,0.0015335830103140324,0.0012542699987534434,0.005477286002133042,150528.0,50176.0
ham_mbv2_pattern_mining,2026-02-07T03:46:48,3,205,35,0,0.7109375,0.7302709817886353,20.5620896,0.3558021420612931,0.3499864600598812,0.005815682001411915,1,2,0.012061151006491855,0.005815682001411915,0.022937494999496266,19267584.0,6422528.0
ham_mbv2_pattern_mining,2026-02-07T03:46:49,3,206,35,1,0.7421875,0.6609950661659241,20.5620896,0.08348031676723622,0.08193934976588935,0.0015409670013468713,1,2,0.0023341769992839545,0.0015409670013468713,0.00585975797730498,19267584.0,6422528.0
ham_mbv2_pattern_mining,2026-02-07T03:46:49,3,207,35,2,0.75390625,0.6735727190971375,20.5620896,0.07661180300056003,0.07514411001466215,0.0014676929858978838,1,2,0.0018081729940604419,0.0014676929858978838,0.005706238007405773,19267584.0,6422528.0
ham_mbv2_pattern_mining,2026-02-07T03:46:49,3,208,35,3,0.71484375,0.7702102661132812,20.5620896,0.07685336182476021,0.07538646983448416,0.0014668919902760535,1,2,0.0018640039779711515,0.0014668919902760535,0.0056746430054772645,19267584.0,6422528.0
ham_mbv2_pattern_mining,2026-02-07T03:46:50,3,209,35,4,0.71484375,0.6932542324066162,20.5620896,0.07727820894797333,0.07580770994536579,0.0014704990026075393,1,2,0.0017981859855353832,0.0014704990026075393,0.005782585009001195,19267584.0,6422528.0
ham_mbv2_pattern_mining,2026-02-07T03:46:50,3,210,35,5,0.5,0.9863572120666504,0.1705632,0.09242061781696975,0.09085851983400062,0.001562097982969135,1,2,0.001842480996856466,0.001562097982969135,0.007243370986543596,150528.0,50176.0
ham_mbv2_pattern_mining,2026-02-07T03:46:53,4,205,35,0,0.75390625,0.6538535356521606,20.5620896,0.3330491428205278,0.32721117982873693,0.005837962991790846,1,2,0.012232100998517126,0.005837962991790846,0.020489016984356567,19267584.0,6422528.0
ham_mbv2_pattern_mining,2026-02-07T03:46:53,4,206,35,1,0.7109375,0.778541624546051,20.5620896,0.08034840898471884,0.07876265997765586,0.0015857490070629865,1,2,0.001932569983182475,0.0015857490070629865,0.005943696014583111,19267584.0,6422528.0
ham_mbv2_pattern_mining,2026-02-07T03:46:53,4,207,35,2,0.68359375,0.8828893303871155,20.5620896,0.07567133611883037,0.07422485010465607,0.0014464860141742975,1,2,0.0017517149972263724,0.0014464860141742975,0.005670770013239235,19267584.0,6422528.0
ham_mbv2_pattern_mining,2026-02-07T03:46:53,4,208,35,3,0.71875,0.7909414768218994,20.5620896,0.07672786407056265,0.07524871005443856,0.0014791540161240846,1,2,0.0018064460018649697,0.0014791540161240846,0.005718425003578886,19267584.0,6422528.0
ham_mbv2_pattern_mining,2026-02-07T03:46:55,4,209,35,4,0.7890625,0.6551309823989868,20.5620896,0.08786006286391057,0.08614394988398999,0.001716112979920581,1,2,0.0028475009894464165,0.001716112979920581,0.0057668939989525825,19267584.0,6422528.0
ham_mbv2_pattern_mining,2026-02-07T03:46:55,4,210,35,5,0.0,4.5073113441467285,0.09028159999999999,0.09082189315813594,0.08844732015859336,0.002374572999542579,1,2,0.0018890560022555292,0.002374572999542579,0.0069556760136038065,75264.0,25088.0
ham_mbv2_pattern_mining,2026-02-07T03:47:04,0,211,36,0,0.74609375,0.7269468307495117,20.5620896,0.44737850097590126,0.43415635998826474,0.013222140987636521,1,2,0.015350934001617134,0.013222140987636521,0.02806470199720934,19267584.0,6422528.0
ham_mbv2_pattern_mining,2026-02-07T03:47:04,0,212,36,1,0.71484375,0.7705866098403931,20.5620896,0.07983199783484451,0.07830683985957876,0.0015251579752657562,1,2,0.0019625219865702093,0.0015251579752657562,0.005868161999387667,19267584.0,6422528.0
ham_mbv2_pattern_mining,2026-02-07T03:47:04,0,213,36,2,0.75,0.7158955335617065,20.5620896,0.0791925631929189,0.0777196601848118,0.001472903008107096,1,2,0.0018952969985548407,0.001472903008107096,0.005876669019926339,19267584.0,6422528.0
ham_mbv2_pattern_mining,2026-02-07T03:47:04,0,214,36,3,0.7578125,0.6976737380027771,20.5620896,0.07746015398879535,0.07601279998198152,0.001447354006813839,1,2,0.0017894589982461184,0.001447354006813839,0.005811820999952033,19267584.0,6422528.0
ham_mbv2_pattern_mining,2026-02-07T03:47:05,0,215,36,4,0.70703125,0.7610496878623962,20.5620896,0.07865348210907541,0.07719487010035664,0.0014586120087187737,1,2,0.0018532710091676563,0.0014586120087187737,0.0058662160008680075,19267584.0,6422528.0
ham_mbv2_pattern_mining,2026-02-07T03:47:06,0,216,36,5,0.5,1.6469258069992065,0.1705632,0.09958910799468867,0.09803583001485094,0.0015532779798377305,1,2,0.0018545390048529953,0.0015532779798377305,0.0079490439966321,150528.0,50176.0
ham_mbv2_pattern_mining,2026-02-07T03:47:09,1,211,36,0,0.7265625,0.7483040690422058,20.5620896,0.4279937478422653,0.42033393983729184,0.007659808004973456,1,2,0.014451839990215376,0.007659808004973456,0.027581553993513808,19267584.0,6422528.0
ham_mbv2_pattern_mining,2026-02-07T03:47:09,1,212,36,1,0.734375,0.7261543869972229,20.5620896,0.07719316676957533,0.07574934978038073,0.0014438169891946018,1,2,0.0018199649930465966,0.0014438169891946018,0.005754969984991476,19267584.0,6422528.0
ham_mbv2_pattern_mining,2026-02-07T03:47:09,1,213,36,2,0.69921875,0.800236701965332,20.5620896,0.07482877621077932,0.07339974021306261,0.00142903599771671,1,2,0.0017276540165767074,0.00142903599771671,0.005612320004729554,19267584.0,6422528.0
ham_mbv2_pattern_mining,2026-02-07T03:47:09,1,214,36,3,0.72265625,0.7865543961524963,20.5620896,0.07637286875979044,0.07491768978070468,0.0014551789790857583,1,2,0.0018048159836325794,0.0014551789790857583,0.005686952994437888,19267584.0,6422528.0
ham_mbv2_pattern_mining,2026-02-07T03:47:11,1,215,36,4,0.75,0.6874852776527405,20.5620896,0.0615898827672936,0.06043677974957973,0.0011531030177138746,1,2,0.0015546869835816324,0.0011531030177138746,0.00448899099137634,19267584.0,6422528.0
ham_mbv2_pattern_mining,2026-02-07T03:47:11,1,216,36,5,1.0,0.18232446908950806,0.1705632,0.0731926620064769,0.07192807999672368,0.0012645820097532123,1,2,0.001498730998719111,0.0012645820097532123,0.005694077000953257,150528.0,50176.0
ham_mbv2_pattern_mining,2026-02-07T03:47:14,2,211,36,0,0.73046875,0.7255165576934814,20.5620896,0.35919109493261203,0.3536508299293928,0.005540265003219247,1,2,0.011756486986996606,0.005540265003219247,0.023608596005942672,19267584.0,6422528.0
ham_mbv2_pattern_mining,2026-02-07T03:47:14,2,212,36,1,0.71484375,0.7788904905319214,20.5620896,0.07989787412225269,0.07830754009773955,0.0015903340245131403,1,2,0.0018988600058946759,0.0015903340245131403,0.005931894003879279,19267584.0,6422528.0
ham_mbv2_pattern_mining,2026-02-07T03:47:15,2,213,36,2,0.7421875,0.7064825296401978,20.5620896,0.07494920497993007,0.07351809996180236,0.0014311050181277096,1,2,0.001748800976201892,0.0014311050181277096,0.0056030090199783444,19267584.0,6422528.0
ham_mbv2_pattern_mining,2026-02-07T03:47:15,2,214,36,3,0.76171875,0.671430230140686,20.5620896,0.07435614036512561,0.07293789036339149,0.0014182500017341226,1,2,0.001717983017442748,0.0014182500017341226,0.005575806018896401,19267584.0,6422528.0
ham_mbv2_pattern_mining,2026-02-07T03:47:16,2,215,36,4,0.75,0.674419641494751,20.5620896,0.07653771308832802,0.07506930007366464,0.0014684130146633834,1,2,0.0018451860232744366,0.0014684130146633834,0.005661743984092027,19267584.0,6422528.0
ham_mbv2_pattern_mining,2026-02-07T03:47:16,2,216,36,5,0.5,0.7576414942741394,0.1705632,0.08529505180194974,0.08379527978831902,0.001499772013630718,1,2,0.001772347983205691,0.001499772013630718,0.006607179995626211,150528.0,50176.0
ham_mbv2_pattern_mining,2026-02-07T03:47:20,3,211,36,0,0.7265625,0.6928433775901794,20.5620896,0.4018370214907918,0.3952733994810842,0.006563622009707615,1,2,0.013358054973650724,0.006563622009707615,0.026169284974457696,19267584.0,6422528.0
ham_mbv2_pattern_mining,2026-02-07T03:47:20,3,212,36,1,0.71875,0.7777957320213318,20.5620896,0.07500638696365058,0.0735414499649778,0.0014649369986727834,1,2,0.0017812009900808334,0.0014649369986727834,0.005572944006416947,19267584.0,6422528.0
ham_mbv2_pattern_mining,2026-02-07T03:47:20,3,213,36,2,0.73046875,0.752281904220581,20.5620896,0.07424303682637401,0.07282888982445002,0.0014141470019239932,1,2,0.0017088929889723659,0.0014141470019239932,0.005573995993472636,19267584.0,6422528.0
ham_mbv2_pattern_mining,2026-02-07T03:47:20,3,214,36,3,0.72265625,0.6921457052230835,20.5620896,0.07865644528646953,0.07722226029727608,0.0014341849891934544,1,2,0.0017043320112861693,0.0014341849891934544,0.006017894018441439,19267584.0,6422528.0
ham_mbv2_pattern_mining,2026-02-07T03:47:22,3,215,36,4,0.7265625,0.7625395059585571,20.5620896,0.10242177799227647,0.10049928998341784,0.001922488008858636,1,2,0.002426052000373602,0.001922488008858636,0.007623876997968182,19267584.0,6422528.0
ham_mbv2_pattern_mining,2026-02-07T03:47:22,3,216,36,5,1.0,0.25264596939086914,0.1705632,0.09189141757087782,0.09037257957970724,0.0015188379911705852,1,2,0.001829472981626168,0.0015188379911705852,0.007207784976344556,150528.0,50176.0
ham_mbv2_pattern_mining,2026-02-07T03:47:25,4,211,36,0,0.7109375,0.7743123769760132,20.5620896,0.3498434669454582,0.34427559992764145,0.005567867017816752,1,2,0.011394291010219604,0.005567867017816752,0.02303326898254454,19267584.0,6422528.0
ham_mbv2_pattern_mining,2026-02-07T03:47:25,4,212,36,1,0.734375,0.7175347805023193,20.5620896,0.07526186914765276,0.07378875016001984,0.0014731189876329154,1,2,0.0017928390007000417,0.0014731189876329154,0.005586036015301943,19267584.0,6422528.0
ham_mbv2_pattern_mining,2026-02-07T03:47:25,4,213,36,2,0.73046875,0.7865521907806396,20.5620896,0.07487917633261532,0.07344982033828273,0.0014293559943325818,1,2,0.0017691310204099864,0.0014293559943325818,0.005575851013418287,19267584.0,6422528.0
ham_mbv2_pattern_mining,2026-02-07T03:47:26,4,214,36,3,0.703125,0.8117583394050598,20.5620896,0.07471802897634916,0.07326457998715341,0.0014534489891957492,1,2,0.0017150430066976696,0.0014534489891957492,0.0056114149920176715,19267584.0,6422528.0
ham_mbv2_pattern_mining,2026-02-07T03:47:27,4,215,36,4,0.734375,0.7515571117401123,20.5620896,0.07474887708667666,0.07329423009650782,0.0014546469901688397,1,2,0.0017473710177000612,0.0014546469901688397,0.0055820519919507205,19267584.0,6422528.0
ham_mbv2_pattern_mining,2026-02-07T03:47:27,4,216,36,5,1.0,0.10689050704240799,0.09028159999999999,0.08234403509413823,0.08083799009909853,0.0015060449950397015,1,2,0.0018270389991812408,0.0015060449950397015,0.0062567600107286125,75264.0,25088.0
ham_mbv2_pattern_mining,2026-02-07T03:47:36,0,217,37,0,0.734375,0.7339123487472534,20.5620896,0.4547651721222792,0.44572420010808855,0.009040972014190629,1,2,0.00890367099782452,0.009040972014190629,0.035668749012984335,19267584.0,6422528.0
ham_mbv2_pattern_mining,2026-02-07T03:47:36,0,218,37,1,0.7265625,0.6866684556007385,20.5620896,0.07450174979749136,0.07306244981009513,0.0014392999873962253,1,2,0.001761185994837433,0.0014392999873962253,0.00554505898617208,19267584.0,6422528.0
ham_mbv2_pattern_mining,2026-02-07T03:47:36,0,219,37,2,0.73046875,0.7099476456642151,20.5620896,0.0738808031892404,0.07240107021061704,0.0014797329786233604,1,2,0.0017366399988532066,0.0014797329786233604,0.005503467022208497,19267584.0,6422528.0
ham_mbv2_pattern_mining,2026-02-07T03:47:36,0,220,37,3,0.71875,0.748766303062439,20.5620896,0.07390260204556398,0.07250341004692018,0.0013991919986438006,1,2,0.0017216650012414902,0.0013991919986438006,0.005528676003450528,19267584.0,6422528.0
ham_mbv2_pattern_mining,2026-02-07T03:47:37,0,221,37,4,0.73046875,0.7332878112792969,20.5620896,0.07748004936729558,0.0760362803703174,0.0014437689969781786,1,2,0.0018865920137614012,0.0014437689969781786,0.005717036023270339,19267584.0,6422528.0
ham_mbv2_pattern_mining,2026-02-07T03:47:37,0,222,37,5,0.0,3.0876691341400146,0.1705632,0.08931573198060505,0.08783416997175664,0.0014815620088484138,1,2,0.001788451976608485,0.0014815620088484138,0.006994965020567179,150528.0,50176.0
ham_mbv2_pattern_mining,2026-02-07T03:47:40,1,217,37,0,0.71875,0.7411608695983887,20.5620896,0.30992505874019116,0.3048992797266692,0.005025779013521969,1,2,0.011079881980549544,0.005025779013521969,0.019410045992117375,19267584.0,6422528.0
ham_mbv2_pattern_mining,2026-02-07T03:47:41,1,218,37,1,0.69921875,0.789985716342926,20.5620896,0.07977688187384047,0.0782067098771222,0.0015701719967182726,1,2,0.001995464990613982,0.0015701719967182726,0.005825205997098237,19267584.0,6422528.0
ham_mbv2_pattern_mining,2026-02-07T03:47:41,1,219,37,2,0.76953125,0.6715573072433472,20.5620896,0.07614247416495346,0.07469124015187845,0.001451234013075009,1,2,0.0017832290031947196,0.001451234013075009,0.005685895011993125,19267584.0,6422528.0
ham_mbv2_pattern_mining,2026-02-07T03:47:41,1,220,37,3,0.71484375,0.7936490774154663,20.5620896,0.07886895295814611,0.07736522995401174,0.0015037230041343719,1,2,0.0018294219917152077,0.0015037230041343719,0.005907101003685966,19267584.0,6422528.0
ham_mbv2_pattern_mining,2026-02-07T03:47:42,1,221,37,4,0.7109375,0.7393380403518677,20.5620896,0.07648992881877348,0.07358218979788944,0.002907739020884037,1,2,0.0017419899813830853,0.002907739020884037,0.005616228998405859,19267584.0,6422528.0
ham_mbv2_pattern_mining,2026-02-07T03:47:43,1,222,37,5,1.0,0.15932241082191467,0.1705632,0.08952339610550553,0.08807336009340361,0.0014500360121019185,1,2,0.001653793005971238,0.0014500360121019185,0.007153543003369123,150528.0,50176.0
ham_mbv2_pattern_mining,2026-02-07T03:47:46,2,217,37,0,0.76171875,0.6630064249038696,20.5620896,0.389139852108201,0.3833744701114483,0.005765381996752694,1,2,0.011583418003283441,0.005765381996752694,0.02675402900786139,19267584.0,6422528.0
ham_mbv2_pattern_mining,2026-02-07T03:47:46,2,218,37,1,0.71875,0.7473939657211304,20.5620896,0.07617497787578031,0.07471547985915095,0.001459498016629368,1,2,0.001923760981298983,0.001459498016629368,0.0055477870046161115,19267584.0,6422528.0
ham_mbv2_pattern_mining,2026-02-07T03:47:46,2,219,37,2,0.7265625,0.7545222043991089,20.5620896,0.07676120713585988,0.07532081013778225,0.001440396998077631,1,2,0.0018283700046595186,0.001440396998077631,0.005703711009118706,19267584.0,6422528.0
ham_mbv2_pattern_mining,2026-02-07T03:47:46,2,220,37,3,0.72265625,0.7204082608222961,20.5620896,0.07593271796940826,0.07448443997418508,0.0014482779952231795,1,2,0.0018028909980785102,0.0014482779952231795,0.005645552999339998,19267584.0,6422528.0
ham_mbv2_pattern_mining,2026-02-07T03:47:48,2,221,37,4,0.7421875,0.7046002149581909,20.5620896,0.1288529996527359,0.12634173966944218,0.002511259983293712,1,2,0.0028474909777287394,0.002511259983293712,0.009786682989215478,19267584.0,6422528.0
ham_mbv2_pattern_mining,2026-02-07T03:47:48,2,222,37,5,0.5,1.817476749420166,0.1705632,0.07336553593631834,0.07215791993075982,0.0012076160055585206,1,2,0.001469693990657106,0.0012076160055585206,0.005746098002418876,150528.0,50176.0
ham_mbv2_pattern_mining,2026-02-07T03:47:50,3,217,37,0,0.75,0.6535586714744568,20.5620896,0.34643268297077157,0.34063997998600826,0.005792702984763309,1,2,0.011995020002359524,0.005792702984763309,0.0220689779962413,19267584.0,6422528.0
ham_mbv2_pattern_mining,2026-02-07T03:47:51,3,218,37,1,0.7265625,0.6934857964515686,20.5620896,0.11011154620791785,0.10795491019962355,0.0021566360082942992,1,2,0.002671462018042803,0.0021566360082942992,0.008124029001919553,19267584.0,6422528.0
ham_mbv2_pattern_mining,2026-02-07T03:47:51,3,219,37,2,0.734375,0.7406343817710876,20.5620896,0.058248982386430725,0.057153360394295305,0.0010956219921354204,1,2,0.0013938310148660094,0.0010956219921354204,0.004321505024563521,19267584.0,6422528.0
ham_mbv2_pattern_mining,2026-02-07T03:47:51,3,220,37,3,0.74609375,0.6603450775146484,20.5620896,0.057579409214667976,0.056467380200047046,0.00111202901462093,1,2,0.0013628760061692446,0.00111202901462093,0.00428386201383546,19267584.0,6422528.0
ham_mbv2_pattern_mining,2026-02-07T03:47:52,3,221,37,4,0.7265625,0.7185618877410889,20.5620896,0.10764358605956659,0.10553269006777555,0.0021108959917910397,1,2,0.002443328994559124,0.0021108959917910397,0.00810994001221843,19267584.0,6422528.0
ham_mbv2_pattern_mining,2026-02-07T03:47:52,3,222,37,5,0.0,3.707491636276245,0.1705632,0.09084380988497287,0.08930471987696365,0.0015390900080092251,1,2,0.0018207390094175935,0.0015390900080092251,0.007109732978278771,150528.0,50176.0
ham_mbv2_pattern_mining,2026-02-07T03:47:55,4,217,37,0,0.69921875,0.8495378494262695,20.5620896,0.3663150457723532,0.3606124597718008,0.005702586000552401,1,2,0.012221650977153331,0.005702586000552401,0.023839595000026748,19267584.0,6422528.0
ham_mbv2_pattern_mining,2026-02-07T03:47:55,4,218,37,1,0.7890625,0.6407794952392578,20.5620896,0.057002468849532306,0.055901139858178794,0.0011013289913535118,1,2,0.001374668994685635,0.0011013289913535118,0.0042154449911322445,19267584.0,6422528.0
ham_mbv2_pattern_mining,2026-02-07T03:47:56,4,219,37,2,0.71875,0.7547750473022461,20.5620896,0.0573941687180195,0.0563035297091119,0.0010906390089076012,1,2,0.0013362129975575954,0.0010906390089076012,0.0042941399733535945,19267584.0,6422528.0
ham_mbv2_pattern_mining,2026-02-07T03:47:56,4,220,37,3,0.71484375,0.852740466594696,20.5620896,0.058217851765220985,0.05711085977964103,0.0011069919855799526,1,2,0.0013647819869220257,0.0011069919855799526,0.0043463039910420775,19267584.0,6422528.0
ham_mbv2_pattern_mining,2026-02-07T03:47:57,4,221,37,4,0.7421875,0.7194300889968872,20.5620896,0.07555981632322073,0.07413368031848222,0.0014261360047385097,1,2,0.0018286130216438323,0.0014261360047385097,0.00558475501020439,19267584.0,6422528.0
ham_mbv2_pattern_mining,2026-02-07T03:47:57,4,222,37,5,1.0,0.15299944579601288,0.09028159999999999,0.10983778201625682,0.10683189000701532,0.0030058920092415065,1,2,0.002891242998884991,0.0030058920092415065,0.007791946001816541,75264.0,25088.0
ham_mbv2_pattern_mining,2026-02-07T03:48:05,0,223,38,0,0.73046875,0.7142486572265625,20.5620896,0.29076176273520105,0.2857145597226918,0.0050472030125092715,1,2,0.008833581989165395,0.0050472030125092715,0.019737873983103782,19267584.0,6422528.0
ham_mbv2_pattern_mining,2026-02-07T03:48:05,0,224,38,1,0.734375,0.7295070886611938,20.5620896,0.06847632460994646,0.06726708961650729,0.0012092349934391677,1,2,0.0020975959778297693,0.0012092349934391677,0.00462911298382096,19267584.0,6422528.0
ham_mbv2_pattern_mining,2026-02-07T03:48:05,0,225,38,2,0.734375,0.7297465205192566,20.5620896,0.07110112320515327,0.06978339020861313,0.001317732996540144,1,2,0.0017084660066757351,0.001317732996540144,0.005269873014185578,19267584.0,6422528.0
ham_mbv2_pattern_mining,2026-02-07T03:48:06,0,226,38,3,0.74609375,0.7195864319801331,20.5620896,0.05901688721496612,0.05788808019133285,0.0011288070236332715,1,2,0.0014399500214494765,0.0011288070236332715,0.004348857997683808,19267584.0,6422528.0
ham_mbv2_pattern_mining,2026-02-07T03:48:07,0,227,38,4,0.7734375,0.6874169111251831,20.5620896,0.06170451798243448,0.06055814999854192,0.00114636798389256,1,2,0.0015518160071223974,0.00114636798389256,0.004503998992731795,19267584.0,6422528.0
ham_mbv2_pattern_mining,2026-02-07T03:48:07,0,228,38,5,1.0,0.45543012022972107,0.1705632,0.07370839006034657,0.07254077005200088,0.0011676200083456933,1,2,0.001413165999110788,0.0011676200083456933,0.0058409110060893,150528.0,50176.0
ham_mbv2_pattern_mining,2026-02-07T03:48:09,1,223,38,0,0.76953125,0.6675088405609131,20.5620896,0.3364319769607391,0.33116250997409225,0.005269466986646876,1,2,0.013380428979871795,0.005269466986646876,0.01973582201753743,19267584.0,6422528.0
ham_mbv2_pattern_mining,2026-02-07T03:48:10,1,224,38,1,0.671875,0.7938821315765381,20.5620896,0.08380895399022847,0.08217939001042396,0.0016295639798045158,1,2,0.0019822189933620393,0.0016295639798045158,0.0062357200076803565,19267584.0,6422528.0
ham_mbv2_pattern_mining,2026-02-07T03:48:10,1,225,38,2,0.703125,0.7766093015670776,20.5620896,0.07458974779001437,0.07317608979064971,0.0014136579993646592,1,2,0.001749401999404654,0.0014136579993646592,0.005568206979660317,19267584.0,6422528.0
ham_mbv2_pattern_mining,2026-02-07T03:48:10,1,226,38,3,0.75,0.6696573495864868,20.5620896,0.07474190118955448,0.07330751017434523,0.0014343910152092576,1,2,0.0017605050234124064,0.0014343910152092576,0.005570245994022116,19267584.0,6422528.0
ham_mbv2_pattern_mining,2026-02-07T03:48:11,1,227,38,4,0.67578125,0.8441031575202942,20.5620896,0.0839205322554335,0.08168965025106445,0.0022308820043690503,1,2,0.0025437459989916533,0.0022308820043690503,0.005625219026114792,19267584.0,6422528.0
ham_mbv2_pattern_mining,2026-02-07T03:48:11,1,228,38,5,0.5,2.4759883880615234,0.1705632,0.08935630627092905,0.08785994024947286,0.001496366021456197,1,2,0.0018072490056511015,0.001496366021456197,0.006978745019296184,150528.0,50176.0
ham_mbv2_pattern_mining,2026-02-07T03:48:14,2,223,38,0,0.75390625,0.6826800107955933,20.5620896,0.4428274239762686,0.43510860996320844,0.007718814013060182,1,2,0.014694887009682134,0.007718814013060182,0.02881597398663871,19267584.0,6422528.0
ham_mbv2_pattern_mining,2026-02-07T03:48:14,2,224,38,1,0.76953125,0.6783031225204468,20.5620896,0.07537595991743729,0.07392239989712834,0.0014535600203089416,1,2,0.001766824978403747,0.0014535600203089416,0.005625415011309087,19267584.0,6422528.0
ham_mbv2_pattern_mining,2026-02-07T03:48:15,2,225,38,2,0.74609375,0.7113369703292847,20.5620896,0.07489235902903602,0.07343442004639655,0.0014579389826394618,1,2,0.0016997019993141294,0.0014579389826394618,0.005643740005325526,19267584.0,6422528.0
ham_mbv2_pattern_mining,2026-02-07T03:48:15,2,226,38,3,0.71484375,0.7392666339874268,20.5620896,0.07544225515448488,0.07398809015285224,0.0014541650016326457,1,2,0.0017551910132169724,0.0014541650016326457,0.005643618002068251,19267584.0,6422528.0
ham_mbv2_pattern_mining,2026-02-07T03:48:16,2,227,38,4,0.734375,0.7767776250839233,20.5620896,0.07886082585901022,0.0773526998818852,0.0015081259771250188,1,2,0.0019203420088160783,0.0015081259771250188,0.005814927979372442,19267584.0,6422528.0
ham_mbv2_pattern_mining,2026-02-07T03:48:16,2,228,38,5,1.0,0.28438708186149597,0.1705632,0.14816760495887138,0.14550527994288132,0.0026623250159900635,1,2,0.0030226550006773323,0.0026623250159900635,0.0115278729936108,150528.0,50176.0
ham_mbv2_pattern_mining,2026-02-07T03:48:20,3,223,38,0,0.77734375,0.6044807434082031,20.5620896,0.3690622891008388,0.3628381300950423,0.006224159005796537,1,2,0.012171315989689901,0.006224159005796537,0.024112497019814327,19267584.0,6422528.0
ham_mbv2_pattern_mining,2026-02-07T03:48:20,3,224,38,1,0.77734375,0.6767175197601318,20.5620896,0.0754656737553887,0.07399368972983211,0.0014719840255565941,1,2,0.0018010709900408983,0.0014719840255565941,0.005598297982942313,19267584.0,6422528.0
ham_mbv2_pattern_mining,2026-02-07T03:48:20,3,225,38,2,0.7421875,0.6815177798271179,20.5620896,0.07567393404315226,0.07425282004987821,0.001421113993274048,1,2,0.0018040860013570637,0.001421113993274048,0.005621196003630757,19267584.0,6422528.0
ham_mbv2_pattern_mining,2026-02-07T03:48:20,3,226,38,3,0.703125,0.8008820414543152,20.5620896,0.07414637974579819,0.07269896974321455,0.0014474100025836378,1,2,0.0017251609824597836,0.0014474100025836378,0.005544735991861671,19267584.0,6422528.0
ham_mbv2_pattern_mining,2026-02-07T03:48:21,3,227,38,4,0.7421875,0.7037513256072998,20.5620896,0.08142470190068707,0.07999094988917932,0.0014337520115077496,1,2,0.0024713379971217364,0.0014337520115077496,0.0055277569917961955,19267584.0,6422528.0
ham_mbv2_pattern_mining,2026-02-07T03:48:21,3,228,38,5,1.0,0.21986611187458038,0.1705632,0.09169438906246796,0.09020266006700695,0.001491728995461017,1,2,0.0017600709979888052,0.001491728995461017,0.007260195008711889,150528.0,50176.0
ham_mbv2_pattern_mining,2026-02-07T03:48:24,4,223,38,0,0.734375,0.7268636226654053,20.5620896,0.2730741550331004,0.2685664300224744,0.004507725010626018,1,2,0.010326849005650729,0.004507725010626018,0.01652979399659671,19267584.0,6422528.0
ham_mbv2_pattern_mining,2026-02-07T03:48:24,4,224,38,1,0.7265625,0.748472273349762,20.5620896,0.06960182904731482,0.06829257006756961,0.0013092589797452092,1,2,0.001845254999352619,0.0013092589797452092,0.004984002007404342,19267584.0,6422528.0
ham_mbv2_pattern_mining,2026-02-07T03:48:25,4,225,38,2,0.76171875,0.7167339324951172,20.5620896,0.057652450748719275,0.05655634973663837,0.0010961010120809078,1,2,0.001381546986522153,0.0010961010120809078,0.004274087987141684,19267584.0,6422528.0
ham_mbv2_pattern_mining,2026-02-07T03:48:25,4,226,38,3,0.69921875,0.8209730386734009,20.5620896,0.061834143969463184,0.06066005997126922,0.0011740839981939644,1,2,0.00155013200128451,0.0011740839981939644,0.004515873995842412,19267584.0,6422528.0
ham_mbv2_pattern_mining,2026-02-07T03:48:26,4,227,38,4,0.72265625,0.7879357933998108,20.5620896,0.06637612081249245,0.06522441981360316,0.0011517009988892823,1,2,0.002187473000958562,0.0011517009988892823,0.004334968980401754,19267584.0,6422528.0
ham_mbv2_pattern_mining,2026-02-07T03:48:26,4,228,38,5,1.0,0.1074148491024971,0.09028159999999999,0.06885476701427251,0.06758383999112993,0.0012709270231425762,1,2,0.001649863988859579,0.0012709270231425762,0.0051085200102534145,75264.0,25088.0
ham_mbv2_pattern_mining,2026-02-07T03:48:34,0,229,39,0,0.74609375,0.7093037962913513,20.5620896,0.2560716750449501,0.2516928600380197,0.004378815006930381,1,2,0.008092720003332943,0.004378815006930381,0.01707656600046903,19267584.0,6422528.0
ham_mbv2_pattern_mining,2026-02-07T03:48:34,0,230,39,1,0.796875,0.6530754566192627,20.5620896,0.0953102501516696,0.09349043015390635,0.0018198199977632612,1,2,0.0023202050069812685,0.0018198199977632612,0.007028838008409366,19267584.0,6422528.0
ham_mbv2_pattern_mining,2026-02-07T03:48:34,0,231,39,2,0.67578125,0.8084182739257812,20.5620896,0.06901974984793924,0.06773106986656785,0.0012886799813713878,1,2,0.0015854249941185117,0.0012886799813713878,0.005187681992538273,19267584.0,6422528.0
ham_mbv2_pattern_mining,2026-02-07T03:48:34,0,232,39,3,0.765625,0.6906770467758179,20.5620896,0.05654976575169712,0.05547372973524034,0.0010760360164567828,1,2,0.0013394269917625934,0.0010760360164567828,0.004207945981761441,19267584.0,6422528.0
ham_mbv2_pattern_mining,2026-02-07T03:48:36,0,233,39,4,0.7265625,0.7265558242797852,20.5620896,0.06120213810936548,0.06006881012581289,0.00113332798355259,1,2,0.0014504030114039779,0.00113332798355259,0.004556478001177311,19267584.0,6422528.0
ham_mbv2_pattern_mining,2026-02-07T03:48:36,0,234,39,5,0.5,2.16211199760437,0.1705632,0.07235194800887257,0.07122982002329081,0.0011221279855817556,1,2,0.0013702430005650967,0.0011221279855817556,0.0057527390017639846,150528.0,50176.0
ham_mbv2_pattern_mining,2026-02-07T03:48:39,1,229,39,0,0.76953125,0.6398649215698242,20.5620896,0.46571344512631185,0.458205160102807,0.007508285023504868,1,2,0.014509389002341777,0.007508285023504868,0.03131112700793892,19267584.0,6422528.0
ham_mbv2_pattern_mining,2026-02-07T03:48:39,1,230,39,1,0.6953125,0.7433979511260986,20.5620896,0.07547945695114322,0.07402371993521228,0.0014557370159309357,1,2,0.0018308059952687472,0.0014557370159309357,0.005571565998252481,19267584.0,6422528.0
ham_mbv2_pattern_mining,2026-02-07T03:48:39,1,231,39,2,0.703125,0.7855402827262878,20.5620896,0.07424352806992829,0.07284546009032056,0.001398067979607731,1,2,0.0017219560104422271,0.001398067979607731,0.005562589998589829,19267584.0,6422528.0
ham_mbv2_pattern_mining,2026-02-07T03:48:39,1,232,39,3,0.703125,0.786881685256958,20.5620896,0.07672400021692738,0.07524355023633689,0.0014804499805904925,1,2,0.0018101550231222063,0.0014804499805904925,0.005714200000511482,19267584.0,6422528.0
ham_mbv2_pattern_mining,2026-02-07T03:48:41,1,233,39,4,0.73828125,0.6986430287361145,20.5620896,0.07638839673018083,0.07496447971789166,0.0014239170122891665,1,2,0.0019930489943362772,0.0014239170122891665,0.005503398977452889,19267584.0,6422528.0
ham_mbv2_pattern_mining,2026-02-07T03:48:41,1,234,39,5,1.0,0.2557571232318878,0.1705632,0.08793002332095057,0.08645227033412084,0.0014777529868297279,1,2,0.0017522740236017853,0.0014777529868297279,0.006892953009810299,150528.0,50176.0
ham_mbv2_pattern_mining,2026-02-07T03:48:44,2,229,39,0,0.765625,0.6442857384681702,20.5620896,0.3097675192402676,0.3044764802325517,0.005291039007715881,1,2,0.011049413005821407,0.005291039007715881,0.019398235017433763,19267584.0,6422528.0
ham_mbv2_pattern_mining,2026-02-07T03:48:44,2,230,39,1,0.71484375,0.7511485815048218,20.5620896,0.07808064683922566,0.07657018984900787,0.00151045699021779,1,2,0.002007001981837675,0.00151045699021779,0.0056500170030631125,19267584.0,6422528.0
ham_mbv2_pattern_mining,2026-02-07T03:48:44,2,231,39,2,0.71875,0.747936487197876,20.5620896,0.08354041710845195,0.08192161010811105,0.0016188070003408939,1,2,0.0019462449999991804,0.0016188070003408939,0.006245916010811925,19267584.0,6422528.0
ham_mbv2_pattern_mining,2026-02-07T03:48:44,2,232,39,3,0.7265625,0.7335429787635803,20.5620896,0.07887694606324658,0.0773884600494057,0.001488486013840884,1,2,0.0018802529957611114,0.001488486013840884,0.005858593009179458,19267584.0,6422528.0
ham_mbv2_pattern_mining,2026-02-07T03:48:46,2,233,39,4,0.74609375,0.6676527261734009,20.5620896,0.07957818495924585,0.07801080995704979,0.0015673750021960586,1,2,0.0019463589997030795,0.0015673750021960586,0.005854721996001899,19267584.0,6422528.0
ham_mbv2_pattern_mining,2026-02-07T03:48:46,2,234,39,5,0.5,0.5893633961677551,0.1705632,0.09716907489928417,0.09549240989144892,0.001676665007835254,1,2,0.00204187398776412,0.001676665007835254,0.007507367001380771,150528.0,50176.0
ham_mbv2_pattern_mining,2026-02-07T03:48:49,3,229,39,0,0.73828125,0.6610987186431885,20.5620896,0.30894236301537603,0.3040245600277558,0.0049178029876202345,1,2,0.010961276013404131,0.0049178029876202345,0.01944117998937145,19267584.0,6422528.0
ham_mbv2_pattern_mining,2026-02-07T03:48:49,3,230,39,1,0.76953125,0.6536954641342163,20.5620896,0.0818780711852014,0.08015782019356266,0.0017202509916387498,1,2,0.0022552390000782907,0.0017202509916387498,0.005760543019277975,19267584.0,6422528.0
ham_mbv2_pattern_mining,2026-02-07T03:48:49,3,231,39,2,0.73828125,0.7541409730911255,20.5620896,0.07392676683957689,0.07249130983836949,0.0014354570012073964,1,2,0.0016987870039884,0.0014354570012073964,0.005550343979848549,19267584.0,6422528.0
ham_mbv2_pattern_mining,2026-02-07T03:48:49,3,232,39,3,0.75,0.650249183177948,20.5620896,0.07321858618524857,0.07178935018600896,0.0014292359992396086,1,2,0.0016891570121515542,0.0014292359992396086,0.005489778006449342,19267584.0,6422528.0
ham_mbv2_pattern_mining,2026-02-07T03:48:50,3,233,39,4,0.734375,0.7467328310012817,20.5620896,0.056947327888337895,0.05584556987741962,0.0011017580109182745,1,2,0.0013746240001637489,0.0011017580109182745,0.004209932987578213,19267584.0,6422528.0
ham_mbv2_pattern_mining,2026-02-07T03:48:50,3,234,39,5,0.5,1.825363278388977,0.1705632,0.07369395875139162,0.07249573973240331,0.0011982190189883113,1,2,0.0013796849816571921,0.0011982190189883113,0.005869888991583139,150528.0,50176.0
ham_mbv2_pattern_mining,2026-02-07T03:48:53,4,229,39,0,0.7421875,0.758075475692749,20.5620896,0.3990356400317978,0.39249919005669653,0.006536449975101277,1,2,0.012682438013143837,0.006536449975101277,0.026567480992525816,19267584.0,6422528.0
ham_mbv2_pattern_mining,2026-02-07T03:48:54,4,230,39,1,0.71484375,0.6955218315124512,20.5620896,0.13552559213712811,0.13272108015371487,0.0028045119834132493,1,2,0.003461985004832968,0.0028045119834132493,0.009810123010538518,19267584.0,6422528.0
ham_mbv2_pattern_mining,2026-02-07T03:48:54,4,231,39,2,0.72265625,0.8027247786521912,20.5620896,0.061566425050841644,0.060404200048651546,0.0011622250021900982,1,2,0.00147231001756154,0.0011622250021900982,0.004568109987303615,19267584.0,6422528.0
ham_mbv2_pattern_mining,2026-02-07T03:48:54,4,232,39,3,0.71875,0.784858226776123,20.5620896,0.060615940106799826,0.05945142009295523,0.0011645200138445944,1,2,0.0014574630185961723,0.0011645200138445944,0.004487678990699351,19267584.0,6422528.0
ham_mbv2_pattern_mining,2026-02-07T03:48:55,4,233,39,4,0.73828125,0.7645905613899231,20.5620896,0.06760411831783131,0.0662711902987212,0.0013329280191101134,1,2,0.0017293920100200921,0.0013329280191101134,0.004897727019852027,19267584.0,6422528.0
ham_mbv2_pattern_mining,2026-02-07T03:48:55,4,234,39,5,1.0,0.09720740467309952,0.09028159999999999,0.0656937648600433,0.0644824598566629,0.001211305003380403,1,2,0.0015934169932734221,0.001211305003380403,0.004854828992392868,75264.0,25088.0
ham_mbv2_pattern_mining,2026-02-07T03:49:03,0,235,40,0,0.73046875,0.7467498183250427,20.5620896,0.48401356520480476,0.4739529002108611,0.010060664993943647,1,2,0.012863231007941067,0.010060664993943647,0.034532059013145044,19267584.0,6422528.0
ham_mbv2_pattern_mining,2026-02-07T03:49:03,0,236,40,1,0.7734375,0.6456784009933472,20.5620896,0.07546594107407145,0.07399616006296128,0.0014697810111101717,1,2,0.001796077995095402,0.0014697810111101717,0.005603538011200726,19267584.0,6422528.0
ham_mbv2_pattern_mining,2026-02-07T03:49:03,0,237,40,2,0.77734375,0.6275862455368042,20.5620896,0.07460548405651934,0.07319519005250186,0.0014102940040174872,1,2,0.0017514209903310984,0.0014102940040174872,0.005568098014919087,19267584.0,6422528.0
ham_mbv2_pattern_mining,2026-02-07T03:49:04,0,238,40,3,0.71875,0.7389240860939026,20.5620896,0.07430119506898336,0.07289169006980956,0.0014095049991738051,1,2,0.0017665250052232295,0.0014095049991738051,0.005522644001757726,19267584.0,6422528.0
ham_mbv2_pattern_mining,2026-02-07T03:49:06,0,239,40,4,0.7265625,0.7967535257339478,20.5620896,0.07484811823815107,0.07342089025769383,0.0014272279804572463,1,2,0.0017742720083333552,0.0014272279804572463,0.0055678170174360275,19267584.0,6422528.0
ham_mbv2_pattern_mining,2026-02-07T03:49:06,0,240,40,5,0.5,1.0461161136627197,0.1705632,0.0905697088164743,0.08909501979360357,0.0014746890228707343,1,2,0.001773136988049373,0.0014746890228707343,0.007136364991310984,150528.0,50176.0
ham_mbv2_pattern_mining,2026-02-07T03:49:09,1,235,40,0,0.75,0.6775530576705933,20.5620896,0.5359704798611347,0.5256478898809291,0.010322589980205521,1,2,0.017585307999979705,0.010322589980205521,0.03497948098811321,19267584.0,6422528.0
ham_mbv2_pattern_mining,2026-02-07T03:49:09,1,236,40,1,0.72265625,0.7642490863800049,20.5620896,0.09985960606718436,0.09747375006554648,0.002385856001637876,1,2,0.0022658650123048574,0.002385856001637876,0.007481509994249791,19267584.0,6422528.0
ham_mbv2_pattern_mining,2026-02-07T03:49:09,1,237,40,2,0.74609375,0.6816284656524658,20.5620896,0.07610835289233364,0.07467402989277616,0.0014343229995574802,1,2,0.0018372469930909574,0.0014343229995574802,0.005630155996186659,19267584.0,6422528.0
ham_mbv2_pattern_mining,2026-02-07T03:49:09,1,238,40,3,0.71484375,0.7569611072540283,20.5620896,0.07609438881627284,0.07463750982424244,0.001456878992030397,1,2,0.0018111669924110174,0.001456878992030397,0.005652583990013227,19267584.0,6422528.0
ham_mbv2_pattern_mining,2026-02-07T03:49:11,1,239,40,4,0.7421875,0.7023525238037109,20.5620896,0.07565578780486248,0.07420099980663508,0.0014547879982274026,1,2,0.0017969179898500443,0.0014547879982274026,0.005623181990813464,19267584.0,6422528.0
ham_mbv2_pattern_mining,2026-02-07T03:49:11,1,240,40,5,0.5,1.4241766929626465,0.1705632,0.0895660053647589,0.08803364034974948,0.0015323650150094181,1,2,0.001882136013591662,0.0015323650150094181,0.0069212280213832855,150528.0,50176.0
ham_mbv2_pattern_mining,2026-02-07T03:49:14,2,235,40,0,0.72265625,0.6881077289581299,20.5620896,0.38724426564294845,0.38058973965235054,0.006654525990597904,1,2,0.013193008984671906,0.006654525990597904,0.02486596498056315,19267584.0,6422528.0
ham_mbv2_pattern_mining,2026-02-07T03:49:14,2,236,40,1,0.7578125,0.6583263874053955,20.5620896,0.07558627679827623,0.07407879980746657,0.0015074769908096641,1,2,0.0017534779908601195,0.0015074769908096641,0.005654401989886537,19267584.0,6422528.0
ham_mbv2_pattern_mining,2026-02-07T03:49:14,2,237,40,2,0.75,0.7191436290740967,20.5620896,0.07473376792040654,0.0733079799101688,0.0014257880102377385,1,2,0.0017115609953179955,0.0014257880102377385,0.005619236995698884,19267584.0,6422528.0
ham_mbv2_pattern_mining,2026-02-07T03:49:15,2,238,40,3,0.7421875,0.6614687442779541,20.5620896,0.07440544886048883,0.07295430987142026,0.0014511389890685678,1,2,0.0017052729963324964,0.0014511389890685678,0.00559015799080953,19267584.0,6422528.0
ham_mbv2_pattern_mining,2026-02-07T03:49:16,2,239,40,4,0.78125,0.6242504119873047,20.5620896,0.07861805713037029,0.07711314014159143,0.0015049169887788594,1,2,0.0018728120194282383,0.0015049169887788594,0.005838501994730905,19267584.0,6422528.0
ham_mbv2_pattern_mining,2026-02-07T03:49:16,2,240,40,5,1.0,0.3269599378108978,0.1705632,0.09267670111148618,0.09109928010730073,0.001577421004185453,1,2,0.001964380993740633,0.001577421004185453,0.00714554701698944,150528.0,50176.0
ham_mbv2_pattern_mining,2026-02-07T03:49:19,3,235,40,0,0.7734375,0.6367192268371582,20.5620896,0.3525935763027519,0.3469512303126976,0.005642345990054309,1,2,0.011592668015509844,0.005642345990054309,0.023102455015759915,19267584.0,6422528.0
ham_mbv2_pattern_mining,2026-02-07T03:49:19,3,236,40,1,0.7734375,0.6728436946868896,20.5620896,0.07649375003529713,0.07500359002733603,0.0014901600079610944,1,2,0.0018632549908943474,0.0014901600079610944,0.005637104011839256,19267584.0,6422528.0
ham_mbv2_pattern_mining,2026-02-07T03:49:19,3,237,40,2,0.74609375,0.6435128450393677,20.5620896,0.07593165786238387,0.074475749861449,0.001455908000934869,1,2,0.0018142540066037327,0.001455908000934869,0.005633320979541168,19267584.0,6422528.0
ham_mbv2_pattern_mining,2026-02-07T03:49:20,3,238,40,3,0.74609375,0.6740708351135254,20.5620896,0.07452305307378992,0.07307371008209884,0.0014493429916910827,1,2,0.0017555980011820793,0.0014493429916910827,0.005551773007027805,19267584.0,6422528.0
ham_mbv2_pattern_mining,2026-02-07T03:49:21,3,239,40,4,0.765625,0.6750336289405823,20.5620896,0.12655065304716118,0.12404356006300077,0.0025070929841604084,1,2,0.002804322022711858,0.0025070929841604084,0.009600033983588219,19267584.0,6422528.0
ham_mbv2_pattern_mining,2026-02-07T03:49:21,3,240,40,5,0.5,1.2378253936767578,0.1705632,0.08982247198582627,0.08833644998958334,0.0014860219962429255,1,2,0.0017643540049903095,0.0014860219962429255,0.007069290993968025,150528.0,50176.0
ham_mbv2_pattern_mining,2026-02-07T03:49:24,4,235,40,0,0.77734375,0.676368772983551,20.5620896,0.4012410933210049,0.39443499030312523,0.00680610301787965,1,2,0.013417923008091748,0.00680610301787965,0.026025576022220775,19267584.0,6422528.0
ham_mbv2_pattern_mining,2026-02-07T03:49:25,4,236,40,1,0.734375,0.7112924456596375,20.5620896,0.08460427197860554,0.08301271998789161,0.0015915519907139242,1,2,0.0022965320094954222,0.0015915519907139242,0.006004739989293739,19267584.0,6422528.0
ham_mbv2_pattern_mining,2026-02-07T03:49:25,4,237,40,2,0.78125,0.7165893316268921,20.5620896,0.07672519388142973,0.07527721987571567,0.0014479740057140589,1,2,0.0018080130103044212,0.0014479740057140589,0.005719708977267146,19267584.0,6422528.0
ham_mbv2_pattern_mining,2026-02-07T03:49:25,4,238,40,3,0.69921875,0.8080507516860962,20.5620896,0.060950330924242735,0.05980371992336586,0.0011466110008768737,1,2,0.001581746997544542,0.0011466110008768737,0.004398624994792044,19267584.0,6422528.0
ham_mbv2_pattern_mining,2026-02-07T03:49:26,4,239,40,4,0.71484375,0.7798689007759094,20.5620896,0.0644437609007582,0.06319073989288881,0.0012530210078693926,1,2,0.0016085999959614128,0.0012530210078693926,0.004710473993327469,19267584.0,6422528.0
ham_mbv2_pattern_mining,2026-02-07T03:49:26,4,240,40,5,0.0,3.6396851539611816,0.09028159999999999,0.06364462594501674,0.06248738995054737,0.0011572359944693744,1,2,0.0014732140116393566,0.0011572359944693744,0.00477552498341538,75264.0,25088.0
ham_mbv2_pattern_mining,2026-02-07T03:49:34,0,241,41,0,0.75,0.6638075113296509,20.5620896,0.3016388061805628,0.2960750201600604,0.005563786020502448,1,2,0.009319080010754988,0.005563786020502448,0.02028842200525105,19267584.0,6422528.0
ham_mbv2_pattern_mining,2026-02-07T03:49:35,0,242,41,1,0.7734375,0.6331479549407959,20.5620896,0.08610728004714474,0.08451311005046591,0.0015941699966788292,1,2,0.0022065899975132197,0.0015941699966788292,0.0062447210075333714,19267584.0,6422528.0
ham_mbv2_pattern_mining,2026-02-07T03:49:35,0,243,41,2,0.77734375,0.6592195630073547,20.5620896,0.0744068471249193,0.07302011013962328,0.001386736985296011,1,2,0.001718056999379769,0.001386736985296011,0.0055839540145825595,19267584.0,6422528.0
ham_mbv2_pattern_mining,2026-02-07T03:49:35,0,244,41,3,0.7265625,0.719573974609375,20.5620896,0.07408468899666332,0.07268449000548571,0.0014001989911776036,1,2,0.0017230880039278418,0.0014001989911776036,0.0055453609966207296,19267584.0,6422528.0
ham_mbv2_pattern_mining,2026-02-07T03:49:36,0,245,41,4,0.73046875,0.7361752986907959,20.5620896,0.0773751528467983,0.07534582982771099,0.0020293230190873146,1,2,0.003014611982507631,0.0020293230190873146,0.004519971000263467,19267584.0,6422528.0
ham_mbv2_pattern_mining,2026-02-07T03:49:36,0,246,41,5,1.0,0.15894703567028046,0.1705632,0.07812024097074755,0.07686555996770039,0.0012546810030471534,1,2,0.0015096490096766502,0.0012546810030471534,0.006176906987093389,150528.0,50176.0
ham_mbv2_pattern_mining,2026-02-07T03:49:39,1,241,41,0,0.75,0.6981687545776367,20.5620896,0.35946726496331394,0.35400132997892797,0.005465934984385967,1,2,0.011987516016233712,0.005465934984385967,0.023412616981659085,19267584.0,6422528.0
ham_mbv2_pattern_mining,2026-02-07T03:49:40,1,242,41,1,0.69921875,0.7866989374160767,20.5620896,0.07542892204946838,0.07393370004137978,0.0014952220080886036,1,2,0.0018094849947374314,0.0014952220080886036,0.0055838850094005466,19267584.0,6422528.0
ham_mbv2_pattern_mining,2026-02-07T03:49:40,1,243,41,2,0.7265625,0.7656718492507935,20.5620896,0.07495634403312579,0.0735271000303328,0.0014292440027929842,1,2,0.0017367709951940924,0.0014292440027929842,0.005615939007839188,19267584.0,6422528.0
ham_mbv2_pattern_mining,2026-02-07T03:49:40,1,244,41,3,0.7109375,0.7678636312484741,20.5620896,0.0737474124180153,0.07231738039990887,0.0014300320181064308,1,2,0.0017100380209740251,0.0014300320181064308,0.005521700019016862,19267584.0,6422528.0
ham_mbv2_pattern_mining,2026-02-07T03:49:41,1,245,41,4,0.76171875,0.6852012276649475,20.5620896,0.07510081515647471,0.07365390018094331,0.0014469149755313993,1,2,0.001771828014170751,0.0014469149755313993,0.00559356200392358,19267584.0,6422528.0
ham_mbv2_pattern_mining,2026-02-07T03:49:41,1,246,41,5,0.5,1.329219937324524,0.1705632,0.10497329724603333,0.10342945024603978,0.0015438469999935478,1,2,0.0018149260140489787,0.0015438469999935478,0.008528019010554999,150528.0,50176.0
ham_mbv2_pattern_mining,2026-02-07T03:49:45,2,241,41,0,0.73828125,0.7286126017570496,20.5620896,0.4324722619494423,0.4239326299284585,0.008539632020983845,1,2,0.012884103984106332,0.008539632020983845,0.029509159008739516,19267584.0,6422528.0
ham_mbv2_pattern_mining,2026-02-07T03:49:45,2,242,41,1,0.80078125,0.5802252292633057,20.5620896,0.06263719726121053,0.061455860268324614,0.0011813369928859174,1,2,0.0015117530128918588,0.0011813369928859174,0.0046338330139406025,19267584.0,6422528.0
ham_mbv2_pattern_mining,2026-02-07T03:49:45,2,243,41,2,0.7421875,0.6966265439987183,20.5620896,0.05846180976368487,0.05733860976761207,0.001123199996072799,1,2,0.001366156997391954,0.001123199996072799,0.004367703979369253,19267584.0,6422528.0
ham_mbv2_pattern_mining,2026-02-07T03:49:45,2,244,41,3,0.74609375,0.7096906304359436,20.5620896,0.057714827824383974,0.056594759807921946,0.001120068016462028,1,2,0.0013591259776148945,0.001120068016462028,0.0043003500031773,19267584.0,6422528.0
ham_mbv2_pattern_mining,2026-02-07T03:49:46,2,245,41,4,0.72265625,0.7279764413833618,20.5620896,0.06232608514255844,0.061124050116632134,0.0012020350259263068,1,2,0.0015954879927448928,0.0012020350259263068,0.0045169170189183205,19267584.0,6422528.0
ham_mbv2_pattern_mining,2026-02-07T03:49:47,2,246,41,5,0.0,4.156894683837891,0.1705632,0.12147807001019828,0.11940083000808954,0.002077240002108738,1,2,0.002453332010190934,0.002077240002108738,0.00948675099061802,150528.0,50176.0
ham_mbv2_pattern_mining,2026-02-07T03:49:50,3,241,41,0,0.703125,0.7425596714019775,20.5620896,0.3867094479210209,0.3797110199229792,0.006998427998041734,1,2,0.013162385002942756,0.006998427998041734,0.024808716989355162,19267584.0,6422528.0
ham_mbv2_pattern_mining,2026-02-07T03:49:50,3,242,41,1,0.70703125,0.8033819794654846,20.5620896,0.07678386199404486,0.07526064000558108,0.0015232219884637743,1,2,0.001811316004022956,0.0015232219884637743,0.005714747996535152,19267584.0,6422528.0
ham_mbv2_pattern_mining,2026-02-07T03:49:50,3,243,41,2,0.78125,0.5853097438812256,20.5620896,0.07873710920102894,0.07725852017756552,0.001478589023463428,1,2,0.0019243959977757186,0.001478589023463428,0.005801456019980833,19267584.0,6422528.0
ham_mbv2_pattern_mining,2026-02-07T03:49:50,3,244,41,3,0.7890625,0.6095114946365356,20.5620896,0.07662058406276628,0.0751521100755781,0.0014684739871881902,1,2,0.001815805007936433,0.0014684739871881902,0.005699405999621376,19267584.0,6422528.0
ham_mbv2_pattern_mining,2026-02-07T03:49:52,3,245,41,4,0.73046875,0.7259594202041626,20.5620896,0.06454487206065096,0.06330653006443754,0.0012383419962134212,1,2,0.0015454800159204751,0.0012383419962134212,0.004785172990523279,19267584.0,6422528.0
ham_mbv2_pattern_mining,2026-02-07T03:49:52,3,246,41,5,0.5,1.8565583229064941,0.1705632,0.07813082687789574,0.07686111988732591,0.00126970699056983,1,2,0.0015258979983627796,0.00126970699056983,0.006160213990369812,150528.0,50176.0
ham_mbv2_pattern_mining,2026-02-07T03:49:54,4,241,41,0,0.7265625,0.7183547019958496,20.5620896,0.34176368804764934,0.33608964004088193,0.005674048006767407,1,2,0.01184505398850888,0.005674048006767407,0.021763910015579313,19267584.0,6422528.0
ham_mbv2_pattern_mining,2026-02-07T03:49:55,4,242,41,1,0.71875,0.8070786595344543,20.5620896,0.07659136378788389,0.07511852978495881,0.001472834002925083,1,2,0.0018601939955260605,0.001472834002925083,0.0056516589829698205,19267584.0,6422528.0
ham_mbv2_pattern_mining,2026-02-07T03:49:55,4,243,41,2,0.7109375,0.7736222743988037,20.5620896,0.07568791802623309,0.0742533800075762,0.0014345380186568946,1,2,0.0017703160119708627,0.0014345380186568946,0.005655021988786757,19267584.0,6422528.0
ham_mbv2_pattern_mining,2026-02-07T03:49:55,4,244,41,3,0.7578125,0.6699409484863281,20.5620896,0.0753820848185569,0.07393082982162014,0.0014512549969367683,1,2,0.0017109899781644344,0.0014512549969367683,0.005682093003997579,19267584.0,6422528.0
ham_mbv2_pattern_mining,2026-02-07T03:49:57,4,245,41,4,0.76171875,0.7306969165802002,20.5620896,0.07671194575959817,0.075233839743305,0.001478106016293168,1,2,0.0018263749952893704,0.001478106016293168,0.005697008979041129,19267584.0,6422528.0
ham_mbv2_pattern_mining,2026-02-07T03:49:57,4,246,41,5,1.0,0.12379501014947891,0.09028159999999999,0.08074232685612515,0.07924354984425008,0.0014987770118750632,1,2,0.0018745659908745438,0.0014987770118750632,0.0060497889935504645,75264.0,25088.0
ham_mbv2_pattern_mining,2026-02-07T03:50:05,0,247,42,0,0.75390625,0.6833160519599915,20.5620896,0.4680385571846273,0.4592996701830998,0.008738887001527473,1,2,0.01089115600916557,0.008738887001527473,0.03503881100914441,19267584.0,6422528.0
ham_mbv2_pattern_mining,2026-02-07T03:50:06,0,248,42,1,0.7890625,0.5997657775878906,20.5620896,0.06086457136552781,0.05969221034320071,0.0011723610223270953,1,2,0.0015147110098041594,0.0011723610223270953,0.004454510024515912,19267584.0,6422528.0
ham_mbv2_pattern_mining,2026-02-07T03:50:06,0,249,42,2,0.69921875,0.7920209169387817,20.5620896,0.059312883066013455,0.05822948005516082,0.001083403010852635,1,2,0.0014363240043167025,0.001083403010852635,0.0043866240011993796,19267584.0,6422528.0
ham_mbv2_pattern_mining,2026-02-07T03:50:06,0,250,42,3,0.74609375,0.7210520505905151,20.5620896,0.0587640558660496,0.05762808985309675,0.0011359660129528493,1,2,0.0014241969911381602,0.0011359660129528493,0.004338611994171515,19267584.0,6422528.0
ham_mbv2_pattern_mining,2026-02-07T03:50:07,0,251,42,4,0.80859375,0.6255818605422974,20.5620896,0.061189039872260764,0.06003113987389952,0.0011578999983612448,1,2,0.0015143909840844572,0.0011578999983612448,0.004488723003305495,19267584.0,6422528.0
ham_mbv2_pattern_mining,2026-02-07T03:50:07,0,252,42,5,0.5,1.3478984832763672,0.1705632,0.08638244913890958,0.08511985011864454,0.0012625990202650428,1,2,0.0016263630241155624,0.0012625990202650428,0.006885621987748891,150528.0,50176.0
ham_mbv2_pattern_mining,2026-02-07T03:50:10,1,247,42,0,0.765625,0.6779131889343262,20.5620896,0.27657905989326537,0.2724741699057631,0.004104889987502247,1,2,0.010009110992541537,0.004104889987502247,0.017238305998034775,19267584.0,6422528.0
ham_mbv2_pattern_mining,2026-02-07T03:50:10,1,248,42,1,0.6953125,0.753242015838623,20.5620896,0.11144018979393877,0.10943382978439331,0.0020063600095454603,1,2,0.0026211729855276644,0.0020063600095454603,0.008322209992911667,19267584.0,6422528.0
ham_mbv2_pattern_mining,2026-02-07T03:50:10,1,249,42,2,0.70703125,0.7651365995407104,20.5620896,0.06326001475099474,0.06207966973306611,0.0011803450179286301,1,2,0.0015737209760118276,0.0011803450179286301,0.004634245997294784,19267584.0,6422528.0
ham_mbv2_pattern_mining,2026-02-07T03:50:11,1,250,42,3,0.74609375,0.6798883676528931,20.5620896,0.07124232899514027,0.069795029994566,0.0014472990005742759,1,2,0.002274952013976872,0.0014472990005742759,0.004704550985479727,19267584.0,6422528.0
ham_mbv2_pattern_mining,2026-02-07T03:50:12,1,251,42,4,0.6953125,0.7642390727996826,20.5620896,0.07795987615827471,0.07647776015801355,0.0014821160002611578,1,2,0.0018958720029331744,0.0014821160002611578,0.005751904012868181,19267584.0,6422528.0
ham_mbv2_pattern_mining,2026-02-07T03:50:12,1,252,42,5,0.5,2.173617362976074,0.1705632,0.0860352068557404,0.08454706985503435,0.0014881370007060468,1,2,0.0017399030039086938,0.0014881370007060468,0.006714803981594741,150528.0,50176.0
ham_mbv2_pattern_mining,2026-02-07T03:50:15,2,247,42,0,0.73046875,0.7145675420761108,20.5620896,0.382190924952738,0.3753553799469955,0.0068355450057424605,1,2,0.013003016996663064,0.0068355450057424605,0.02453252099803649,19267584.0,6422528.0
ham_mbv2_pattern_mining,2026-02-07T03:50:15,2,248,42,1,0.734375,0.7334589958190918,20.5620896,0.08116202996461652,0.07957830996019766,0.0015837200044188648,1,2,0.0018081020098179579,0.0015837200044188648,0.006149728986201808,19267584.0,6422528.0
ham_mbv2_pattern_mining,2026-02-07T03:50:15,2,249,42,2,0.72265625,0.694085419178009,20.5620896,0.0740550781483762,0.07259052013978362,0.0014645580085925758,1,2,0.0016944980015978217,0.0014645580085925758,0.00556455401238054,19267584.0,6422528.0
ham_mbv2_pattern_mining,2026-02-07T03:50:15,2,250,42,3,0.7578125,0.6885132193565369,20.5620896,0.07535164308501408,0.07389892009086907,0.001452722994145006,1,2,0.0017376079922541976,0.001452722994145006,0.005652284016832709,19267584.0,6422528.0
ham_mbv2_pattern_mining,2026-02-07T03:50:17,2,251,42,4,0.76953125,0.6141999363899231,20.5620896,0.07636305101914331,0.07491500000469387,0.0014480510144494474,1,2,0.001820075005525723,0.0014480510144494474,0.0056714249949436635,19267584.0,6422528.0
ham_mbv2_pattern_mining,2026-02-07T03:50:17,2,252,42,5,1.0,0.15455372631549835,0.1705632,0.08895733897225,0.08745708997594193,0.0015002489963080734,1,2,0.001789462985470891,0.0015002489963080734,0.006956246012123302,150528.0,50176.0
ham_mbv2_pattern_mining,2026-02-07T03:50:20,3,247,42,0,0.73828125,0.6669282913208008,20.5620896,0.48664746605209075,0.4777426700456999,0.008904796006390825,1,2,0.016382041008910164,0.008904796006390825,0.03139222599565983,19267584.0,6422528.0
ham_mbv2_pattern_mining,2026-02-07T03:50:20,3,248,42,1,0.72265625,0.7375667691230774,20.5620896,0.07990326089202426,0.07834227988496423,0.001560981007060036,1,2,0.001857945986557752,0.001560981007060036,0.005976282001938671,19267584.0,6422528.0
ham_mbv2_pattern_mining,2026-02-07T03:50:21,3,249,42,2,0.78125,0.5538446307182312,20.5620896,0.0759179008891806,0.07448769989423454,0.0014302009949460626,1,2,0.00178808398777619,0.0014302009949460626,0.005660686001647264,19267584.0,6422528.0
ham_mbv2_pattern_mining,2026-02-07T03:50:21,3,250,42,3,0.765625,0.6376854777336121,20.5620896,0.07515274290926754,0.0737208899226971,0.0014318529865704477,1,2,0.001753410993842408,0.0014318529865704477,0.005618677998427302,19267584.0,6422528.0
ham_mbv2_pattern_mining,2026-02-07T03:50:23,3,251,42,4,0.75390625,0.7064154148101807,20.5620896,0.0750611019320786,0.07360410992987454,0.0014569920022040606,1,2,0.0017842430097516626,0.0014569920022040606,0.005576167983235791,19267584.0,6422528.0
ham_mbv2_pattern_mining,2026-02-07T03:50:23,3,252,42,5,0.5,0.7152599096298218,0.1705632,0.08943722024559975,0.08789872023044154,0.0015385000151582062,1,2,0.0018547150248195976,0.0015385000151582062,0.0069351569982245564,150528.0,50176.0
ham_mbv2_pattern_mining,2026-02-07T03:50:26,4,247,42,0,0.7890625,0.628680944442749,20.5620896,0.58419892998063,0.5720197199843824,0.012179209996247664,1,2,0.017561544984346256,0.012179209996247664,0.03964042701409198,19267584.0,6422528.0
ham_mbv2_pattern_mining,2026-02-07T03:50:26,4,248,42,1,0.71484375,0.8567495346069336,20.5620896,0.1221734139835462,0.11978018999798223,0.0023932239855639637,1,2,0.003002908022608608,0.0023932239855639637,0.008975110977189615,19267584.0,6422528.0
ham_mbv2_pattern_mining,2026-02-07T03:50:26,4,249,42,2,0.7578125,0.7748520374298096,20.5620896,0.07359260285738856,0.07214952987851575,0.0014430729788728058,1,2,0.0016825459897518158,0.0014430729788728058,0.005532406998099759,19267584.0,6422528.0
ham_mbv2_pattern_mining,2026-02-07T03:50:26,4,250,42,3,0.75,0.7535296082496643,20.5620896,0.07407340797362849,0.07262708997586742,0.0014463179977610707,1,2,0.001657826011069119,0.0014463179977610707,0.005604882986517623,19267584.0,6422528.0
ham_mbv2_pattern_mining,2026-02-07T03:50:27,4,251,42,4,0.75390625,0.7314233779907227,20.5620896,0.07536968300701119,0.0739177200011909,0.0014519630058202893,1,2,0.0018101469904650003,0.0014519630058202893,0.00558162500965409,19267584.0,6422528.0
ham_mbv2_pattern_mining,2026-02-07T03:50:27,4,252,42,5,1.0,0.10605940967798233,0.09028159999999999,0.07141633704304695,0.07007723004790023,0.0013391069951467216,1,2,0.0016393800033256412,0.0013391069951467216,0.005368343001464382,75264.0,25088.0
ham_mbv2_pattern_mining,2026-02-07T03:50:35,0,253,43,0,0.7578125,0.6716398000717163,20.5620896,0.27753199078142643,0.2726811097818427,0.004850880999583751,1,2,0.00890716799767688,0.004850880999583751,0.01836094298050739,19267584.0,6422528.0
ham_mbv2_pattern_mining,2026-02-07T03:50:35,0,254,43,1,0.77734375,0.6206849813461304,20.5620896,0.061368028953438625,0.06014918995788321,0.0012188389955554157,1,2,0.0015588680107612163,0.0012188389955554157,0.004456050985027105,19267584.0,6422528.0
ham_mbv2_pattern_mining,2026-02-07T03:50:36,0,255,43,2,0.73046875,0.7408943176269531,20.5620896,0.06120018506771885,0.060037600051146,0.001162585016572848,1,2,0.0015086100029293448,0.001162585016572848,0.004495150002185255,19267584.0,6422528.0
ham_mbv2_pattern_mining,2026-02-07T03:50:36,0,256,43,3,0.79296875,0.6328952312469482,20.5620896,0.06147762722685002,0.060341750213410705,0.0011358770134393126,1,2,0.0015346140135079622,0.0011358770134393126,0.004499561007833108,19267584.0,6422528.0
ham_mbv2_pattern_mining,2026-02-07T03:50:37,0,257,43,4,0.765625,0.6918212175369263,20.5620896,0.06365700392052531,0.062468849937431514,0.0011881539830937982,1,2,0.001636831002542749,0.0011881539830937982,0.004610053991200402,19267584.0,6422528.0
ham_mbv2_pattern_mining,2026-02-07T03:50:37,0,258,43,5,0.0,4.26299524307251,0.1705632,0.0810602429555729,0.07988066994585097,0.0011795730097219348,1,2,0.0014651859819423407,0.0011795730097219348,0.006522881012642756,150528.0,50176.0
ham_mbv2_pattern_mining,2026-02-07T03:50:40,1,253,43,0,0.75,0.7719039916992188,20.5620896,0.3349050818942487,0.32945332990493625,0.00545175198931247,1,2,0.012241244985489175,0.00545175198931247,0.02070408800500445,19267584.0,6422528.0
ham_mbv2_pattern_mining,2026-02-07T03:50:40,1,254,43,1,0.69921875,0.6917192935943604,20.5620896,0.08204982479219325,0.08044250978855416,0.001607315003639087,1,2,0.001978130982024595,0.001607315003639087,0.006066119996830821,19267584.0,6422528.0
ham_mbv2_pattern_mining,2026-02-07T03:50:40,1,255,43,2,0.75390625,0.7147315740585327,20.5620896,0.075432495737914,0.07400438975309953,0.001428105984814465,1,2,0.001776527991751209,0.001428105984814465,0.005623910983558744,19267584.0,6422528.0
ham_mbv2_pattern_mining,2026-02-07T03:50:40,1,256,43,3,0.71484375,0.7393323183059692,20.5620896,0.07422768691321835,0.07281436992343515,0.0014133169897831976,1,2,0.0017453930049668998,0.0014133169897831976,0.005536043987376615,19267584.0,6422528.0
ham_mbv2_pattern_mining,2026-02-07T03:50:42,1,257,43,4,0.7265625,0.7119655013084412,20.5620896,0.12833698192844167,0.12585827993461862,0.0024787019938230515,1,2,0.0028268659953027964,0.0024787019938230515,0.009758961998159066,19267584.0,6422528.0
ham_mbv2_pattern_mining,2026-02-07T03:50:42,1,258,43,5,1.0,0.48216676712036133,0.1705632,0.09378714198828675,0.09217421000357717,0.0016129319847095758,1,2,0.0018967810028698295,0.0016129319847095758,0.007320639997487888,150528.0,50176.0
ham_mbv2_pattern_mining,2026-02-07T03:50:45,2,253,43,0,0.80859375,0.5901144742965698,20.5620896,0.4375179451017175,0.4296248601167463,0.00789308498497121,1,2,0.014082392997806892,0.00789308498497121,0.028880093013867736,19267584.0,6422528.0
ham_mbv2_pattern_mining,2026-02-07T03:50:45,2,254,43,1,0.7109375,0.7375586032867432,20.5620896,0.07684634477482177,0.07532762974733487,0.0015187150274869055,1,2,0.0018444489978719503,0.0015187150274869055,0.0056883139768615365,19267584.0,6422528.0
ham_mbv2_pattern_mining,2026-02-07T03:50:45,2,255,43,2,0.72265625,0.7740925550460815,20.5620896,0.07407313419389538,0.0726341301924549,0.0014390040014404804,1,2,0.001693696016445756,0.0014390040014404804,0.0055697170027997345,19267584.0,6422528.0
ham_mbv2_pattern_mining,2026-02-07T03:50:45,2,256,43,3,0.73046875,0.7185648679733276,20.5620896,0.07422585078165866,0.07277212978806347,0.0014537209935951978,1,2,0.0017165579774882644,0.0014537209935951978,0.005560655001318082,19267584.0,6422528.0
ham_mbv2_pattern_mining,2026-02-07T03:50:47,2,257,43,4,0.8046875,0.6241873502731323,20.5620896,0.07573868407052942,0.07428979006363079,0.0014488940068986267,1,2,0.0018005530000664294,0.0014488940068986267,0.00562842600629665,19267584.0,6422528.0
ham_mbv2_pattern_mining,2026-02-07T03:50:47,2,258,43,5,1.0,0.44110262393951416,0.1705632,0.09201829886296764,0.0905127398436889,0.001505559019278735,1,2,0.001776758988853544,0.001505559019278735,0.0072745149955153465,150528.0,50176.0
ham_mbv2_pattern_mining,2026-02-07T03:50:50,3,253,43,0,0.78515625,0.5868800282478333,20.5620896,0.5046860251168255,0.49363449012162164,0.011051534995203838,1,2,0.01807980300509371,0.011051534995203838,0.031283646007068455,19267584.0,6422528.0
ham_mbv2_pattern_mining,2026-02-07T03:50:50,3,254,43,1,0.78125,0.6126077771186829,20.5620896,0.07446121249813586,0.07302255049580708,0.0014386620023287833,1,2,0.001741530024446547,0.0014386620023287833,0.005560725025134161,19267584.0,6422528.0
ham_mbv2_pattern_mining,2026-02-07T03:50:50,3,255,43,2,0.765625,0.6045695543289185,20.5620896,0.07376115917577408,0.07233194017317146,0.001429219002602622,1,2,0.0016958790074568242,0.001429219002602622,0.005537315009860322,19267584.0,6422528.0
ham_mbv2_pattern_mining,2026-02-07T03:50:50,3,256,43,3,0.75,0.6675739884376526,20.5620896,0.0767613792559132,0.07521942025050521,0.001541959005407989,1,2,0.001802651007892564,0.001541959005407989,0.005719291017157957,19267584.0,6422528.0
ham_mbv2_pattern_mining,2026-02-07T03:50:52,3,257,43,4,0.72265625,0.7727135419845581,20.5620896,0.060622644203249365,0.059481570206116885,0.0011410739971324801,1,2,0.0015324130072258413,0.0011410739971324801,0.004415744013385847,19267584.0,6422528.0
ham_mbv2_pattern_mining,2026-02-07T03:50:52,3,258,43,5,0.5,0.881301760673523,0.1705632,0.0775499053997919,0.07633252040250227,0.0012173849972896278,1,2,0.0015059480210766196,0.0012173849972896278,0.006127304019173607,150528.0,50176.0
ham_mbv2_pattern_mining,2026-02-07T03:50:54,4,253,43,0,0.72265625,0.7177583575248718,20.5620896,0.3060656439338345,0.301030809932854,0.0050348340009804815,1,2,0.011149408004712313,0.0050348340009804815,0.01895367298857309,19267584.0,6422528.0
ham_mbv2_pattern_mining,2026-02-07T03:50:55,4,254,43,1,0.75,0.6762924194335938,20.5620896,0.08338095617364161,0.08173430018359795,0.001646655990043655,1,2,0.0020045440178364515,0.001646655990043655,0.006168886000523344,19267584.0,6422528.0
ham_mbv2_pattern_mining,2026-02-07T03:50:55,4,255,43,2,0.78125,0.6404169201850891,20.5620896,0.08609007493942045,0.08457877993350849,0.0015112950059119612,1,2,0.001809560984838754,0.0015112950059119612,0.006648317008512095,19267584.0,6422528.0
ham_mbv2_pattern_mining,2026-02-07T03:50:55,4,256,43,3,0.66796875,0.8315320014953613,20.5620896,0.07696159512852319,0.07546108012320474,0.001500515005318448,1,2,0.001803671009838581,0.001500515005318448,0.005742437002481893,19267584.0,6422528.0
ham_mbv2_pattern_mining,2026-02-07T03:50:56,4,257,43,4,0.703125,0.7839844822883606,20.5620896,0.08842579496558756,0.08669739996548742,0.0017283950001001358,1,2,0.002047988004051149,0.0017283950001001358,0.006621751992497593,19267584.0,6422528.0
ham_mbv2_pattern_mining,2026-02-07T03:50:56,4,258,43,5,1.0,0.10123293101787567,0.09028159999999999,0.0841322421329096,0.08266548014944419,0.0014667619834654033,1,2,0.0018388350144959986,0.0014667619834654033,0.006427713000448421,75264.0,25088.0
ham_mbv2_pattern_mining,2026-02-07T03:51:05,0,259,44,0,0.734375,0.7063149213790894,20.5620896,0.39960230395081453,0.39246497995918617,0.007137323991628364,1,2,0.009344758989755064,0.007137323991628364,0.029901739006163552,19267584.0,6422528.0
ham_mbv2_pattern_mining,2026-02-07T03:51:05,0,260,44,1,0.703125,0.7565746307373047,20.5620896,0.07548322973889299,0.074022599728778,0.0014606300101149827,1,2,0.001772908988641575,0.0014606300101149827,0.0056293509842362255,19267584.0,6422528.0
ham_mbv2_pattern_mining,2026-02-07T03:51:05,0,261,44,2,0.71484375,0.7355351448059082,20.5620896,0.0746727692312561,0.0732678102212958,0.0014049590099602938,1,2,0.001723736000712961,0.0014049590099602938,0.005603045021416619,19267584.0,6422528.0
ham_mbv2_pattern_mining,2026-02-07T03:51:05,0,262,44,3,0.80078125,0.5817638635635376,20.5620896,0.06442285102093592,0.06321369000943378,0.0012091610115021467,1,2,0.0015732100000604987,0.0012091610115021467,0.004748159000882879,19267584.0,6422528.0
ham_mbv2_pattern_mining,2026-02-07T03:51:07,0,263,44,4,0.7578125,0.6823886036872864,20.5620896,0.0625392478541471,0.061359799874480814,0.0011794479796662927,1,2,0.0015220349887385964,0.0011794479796662927,0.004613944998709485,19267584.0,6422528.0
ham_mbv2_pattern_mining,2026-02-07T03:51:07,0,264,44,5,1.0,0.6673776507377625,0.1705632,0.07406348842778243,0.07294122042367235,0.001122268004110083,1,2,0.001476496021496132,0.001122268004110083,0.005817626020871103,150528.0,50176.0
ham_mbv2_pattern_mining,2026-02-07T03:51:10,1,259,44,0,0.7890625,0.6425659656524658,20.5620896,0.30572031121118926,0.30055783019633964,0.005162481014849618,1,2,0.011129651014925912,0.005162481014849618,0.01892613200470805,19267584.0,6422528.0
ham_mbv2_pattern_mining,2026-02-07T03:51:11,1,260,44,1,0.71484375,0.7260045409202576,20.5620896,0.07583540133782662,0.07438186032231897,0.0014535410155076534,1,2,0.001836177019868046,0.0014535410155076534,0.005602009012363851,19267584.0,6422528.0
ham_mbv2_pattern_mining,2026-02-07T03:51:11,1,261,44,2,0.7265625,0.7359542846679688,20.5620896,0.07364346738904715,0.07222412037663162,0.0014193470124155283,1,2,0.0017174600216094404,0.0014193470124155283,0.005504952016053721,19267584.0,6422528.0
ham_mbv2_pattern_mining,2026-02-07T03:51:11,1,262,44,3,0.73046875,0.6328870058059692,20.5620896,0.07394979396485724,0.07249240996316075,0.0014573840016964823,1,2,0.001693205995252356,0.0014573840016964823,0.005556035001063719,19267584.0,6422528.0
ham_mbv2_pattern_mining,2026-02-07T03:51:12,1,263,44,4,0.7109375,0.722572922706604,20.5620896,0.0754412549722474,0.07399385998724028,0.0014473949850071222,1,2,0.0017880840168800205,0.0014473949850071222,0.005611301981844008,19267584.0,6422528.0
ham_mbv2_pattern_mining,2026-02-07T03:51:12,1,264,44,5,1.0,0.1828867495059967,0.1705632,0.08937957507441752,0.08785409008851275,0.0015254849859047681,1,2,0.0018505250045564026,0.0015254849859047681,0.006934884004294872,150528.0,50176.0
ham_mbv2_pattern_mining,2026-02-07T03:51:16,2,259,44,0,0.76953125,0.6421105861663818,20.5620896,0.3951646742061712,0.38856682018376887,0.006597854022402316,1,2,0.013137625996023417,0.006597854022402316,0.02571905602235347,19267584.0,6422528.0
ham_mbv2_pattern_mining,2026-02-07T03:51:16,2,260,44,1,0.7578125,0.6252508163452148,20.5620896,0.0749469019647222,0.07347792998189107,0.0014689719828311354,1,2,0.001690003991825506,0.0014689719828311354,0.0056577890063636005,19267584.0,6422528.0
ham_mbv2_pattern_mining,2026-02-07T03:51:16,2,261,44,2,0.73046875,0.7282528281211853,20.5620896,0.07552992287673987,0.07411556987790391,0.001414352998835966,1,2,0.0017393579764757305,0.001414352998835966,0.00567219901131466,19267584.0,6422528.0
ham_mbv2_pattern_mining,2026-02-07T03:51:16,2,262,44,3,0.71484375,0.693638026714325,20.5620896,0.0739610199816525,0.07251333998283371,0.001447679998818785,1,2,0.001684771996224299,0.001447679998818785,0.005566562002059072,19267584.0,6422528.0
ham_mbv2_pattern_mining,2026-02-07T03:51:17,2,263,44,4,0.71484375,0.7298862934112549,20.5620896,0.07646335585741326,0.07500821986468509,0.0014551359927281737,1,2,0.0018278140050824732,0.0014551359927281737,0.005673007981386036,19267584.0,6422528.0
ham_mbv2_pattern_mining,2026-02-07T03:51:18,2,264,44,5,1.0,0.11769528687000275,0.1705632,0.0873835209349636,0.08585667994339019,0.0015268409915734082,1,2,0.0018240080098621547,0.0015268409915734082,0.006761659984476864,150528.0,50176.0
ham_mbv2_pattern_mining,2026-02-07T03:51:21,3,259,44,0,0.76171875,0.6469070911407471,20.5620896,0.4456207029579673,0.4378695899504237,0.0077511130075436085,1,2,0.017144709010608494,0.0077511130075436085,0.026642249984433874,19267584.0,6422528.0
ham_mbv2_pattern_mining,2026-02-07T03:51:21,3,260,44,1,0.7578125,0.6351877450942993,20.5620896,0.08952561803744175,0.08807459002127871,0.0014510280161630362,1,2,0.0018071880040224642,0.0014510280161630362,0.007000270998105407,19267584.0,6422528.0
ham_mbv2_pattern_mining,2026-02-07T03:51:21,3,261,44,2,0.796875,0.6231266260147095,20.5620896,0.08638603371218778,0.08447908970993012,0.00190694400225766,1,2,0.0017501429829280823,0.00190694400225766,0.00669776598806493,19267584.0,6422528.0
ham_mbv2_pattern_mining,2026-02-07T03:51:21,3,262,44,3,0.765625,0.7075384855270386,20.5620896,0.07385195427923463,0.07242394029162824,0.0014280139876063913,1,2,0.0017135350208263844,0.0014280139876063913,0.00552885900833644,19267584.0,6422528.0
ham_mbv2_pattern_mining,2026-02-07T03:51:23,3,263,44,4,0.74609375,0.6662477254867554,20.5620896,0.07402243692195043,0.07259359990712255,0.0014288370148278773,1,2,0.0017391939763911068,0.0014288370148278773,0.005520166014321148,19267584.0,6422528.0
ham_mbv2_pattern_mining,2026-02-07T03:51:23,3,264,44,5,0.5,1.044574499130249,0.1705632,0.0866455330979079,0.08515852008713409,0.0014870130107738078,1,2,0.0018242200021632016,0.0014870130107738078,0.006691632006550208,150528.0,50176.0
ham_mbv2_pattern_mining,2026-02-07T03:51:26,4,259,44,0,0.7265625,0.722095251083374,20.5620896,0.3326105370942969,0.32679146010195836,0.005819076992338523,1,2,0.01215300100739114,0.005819076992338523,0.020526145002804697,19267584.0,6422528.0
ham_mbv2_pattern_mining,2026-02-07T03:51:26,4,260,44,1,0.7421875,0.6886025667190552,20.5620896,0.08077468699775636,0.07923302997369319,0.00154165702406317,1,2,0.002132902998710051,0.00154165702406317,0.005790399998659268,19267584.0,6422528.0
ham_mbv2_pattern_mining,2026-02-07T03:51:26,4,261,44,2,0.76171875,0.6768815517425537,20.5620896,0.07663738203700632,0.07514511002227664,0.0014922720147296786,1,2,0.0017752400017343462,0.0014922720147296786,0.005739271000493318,19267584.0,6422528.0
ham_mbv2_pattern_mining,2026-02-07T03:51:26,4,262,44,3,0.7109375,0.7553566694259644,20.5620896,0.07586167706176639,0.07442917005391791,0.0014325070078484714,1,2,0.0017174819950014353,0.0014325070078484714,0.005725435010390356,19267584.0,6422528.0
ham_mbv2_pattern_mining,2026-02-07T03:51:27,4,263,44,4,0.71484375,0.7610424160957336,20.5620896,0.0745562938391231,0.07308840984478593,0.0014678839943371713,1,2,0.0017553000070620328,0.0014678839943371713,0.00555354097741656,19267584.0,6422528.0
ham_mbv2_pattern_mining,2026-02-07T03:51:28,4,264,44,5,0.0,4.668603420257568,0.09028159999999999,0.08512144471751526,0.08356803969945759,0.0015534050180576742,1,2,0.0019590529846027493,0.0015534050180576742,0.006397750985343009,75264.0,25088.0
ham_mbv2_pattern_mining,2026-02-07T03:51:36,0,265,45,0,0.8046875,0.5944210886955261,20.5620896,0.3900336586521007,0.38252483966061845,0.007508818991482258,1,2,0.010961739986669272,0.007508818991482258,0.027290743979392573,19267584.0,6422528.0
ham_mbv2_pattern_mining,2026-02-07T03:51:36,0,266,45,1,0.6953125,0.7806622385978699,20.5620896,0.06091314286459237,0.059730809880420566,0.0011823329841718078,1,2,0.0014948220050428063,0.0011823329841718078,0.00447825898299925,19267584.0,6422528.0
ham_mbv2_pattern_mining,2026-02-07T03:51:36,0,267,45,2,0.7421875,0.6979095339775085,20.5620896,0.06339465588098392,0.0621836498612538,0.001211006019730121,1,2,0.0014727629895787686,0.001211006019730121,0.004745601996546611,19267584.0,6422528.0
ham_mbv2_pattern_mining,2026-02-07T03:51:36,0,268,45,3,0.73828125,0.7006761431694031,20.5620896,0.06235188714344986,0.06116758013376966,0.0011843070096801966,1,2,0.0014946970040909946,0.0011843070096801966,0.0046220610092859715,19267584.0,6422528.0
ham_mbv2_pattern_mining,2026-02-07T03:51:38,0,269,45,4,0.76171875,0.6972355842590332,20.5620896,0.07903907907893881,0.07690305006690323,0.0021360290120355785,1,2,0.002456832997268066,0.0021360290120355785,0.0052334720094222575,19267584.0,6422528.0
ham_mbv2_pattern_mining,2026-02-07T03:51:38,0,270,45,5,0.0,2.6888275146484375,0.1705632,0.09354699469986372,0.09207980969222263,0.001467185007641092,1,2,0.001793605973944068,0.001467185007641092,0.0074143749952781945,150528.0,50176.0
ham_mbv2_pattern_mining,2026-02-07T03:51:41,1,265,45,0,0.75,0.6736031174659729,20.5620896,0.3936029867618345,0.3866669497801922,0.006936036981642246,1,2,0.013126513978932053,0.006936036981642246,0.02554018099908717,19267584.0,6422528.0
ham_mbv2_pattern_mining,2026-02-07T03:51:41,1,266,45,1,0.74609375,0.6744314432144165,20.5620896,0.06709792924812064,0.06583763024536893,0.001260299002751708,1,2,0.001840731012634933,0.001260299002751708,0.00474303201190196,19267584.0,6422528.0
ham_mbv2_pattern_mining,2026-02-07T03:51:41,1,267,45,2,0.67578125,0.8462056517601013,20.5620896,0.06323857413372025,0.06207246013218537,0.0011661140015348792,1,2,0.0015512139943893999,0.0011661140015348792,0.004656032018829137,19267584.0,6422528.0
ham_mbv2_pattern_mining,2026-02-07T03:51:41,1,268,45,3,0.76953125,0.6502424478530884,20.5620896,0.057673687319038436,0.056572000321466476,0.00110168699757196,1,2,0.0013926360115874559,0.00110168699757196,0.004264564020559192,19267584.0,6422528.0
ham_mbv2_pattern_mining,2026-02-07T03:51:43,1,269,45,4,0.7734375,0.6598904132843018,20.5620896,0.06521661987062544,0.06401519989594817,0.0012014199746772647,1,2,0.0017837139894254506,0.0012014199746772647,0.004617806000169367,19267584.0,6422528.0
ham_mbv2_pattern_mining,2026-02-07T03:51:43,1,270,45,5,0.5,0.9917974472045898,0.1705632,0.11669563321629539,0.11468672018963844,0.0020089130266569555,1,2,0.0023776210146024823,0.0020089130266569555,0.009091051004361361,150528.0,50176.0
ham_mbv2_pattern_mining,2026-02-07T03:51:46,2,265,45,0,0.73828125,0.6414592266082764,20.5620896,0.4380512178177014,0.429729409806896,0.008321808010805398,1,2,0.014322819974040613,0.008321808010805398,0.028650121006648988,19267584.0,6422528.0
ham_mbv2_pattern_mining,2026-02-07T03:51:46,2,266,45,1,0.77734375,0.6294806003570557,20.5620896,0.07537539498298429,0.07391838997136801,0.0014570050116162747,1,2,0.0018064340110868216,0.0014570050116162747,0.00558540498604998,19267584.0,6422528.0
ham_mbv2_pattern_mining,2026-02-07T03:51:46,2,267,45,2,0.76171875,0.652453601360321,20.5620896,0.07541106778080575,0.07395826978608966,0.001452797994716093,1,2,0.0017941239930223674,0.001452797994716093,0.0056017029855865985,19267584.0,6422528.0
ham_mbv2_pattern_mining,2026-02-07T03:51:46,2,268,45,3,0.7265625,0.7284567952156067,20.5620896,0.07554495992371812,0.07409540994558483,0.001449549978133291,1,2,0.001790925016393885,0.001449549978133291,0.005618615978164598,19267584.0,6422528.0
ham_mbv2_pattern_mining,2026-02-07T03:51:48,2,269,45,4,0.78125,0.6226544976234436,20.5620896,0.0752271029050462,0.07380914990790188,0.0014179529971443117,1,2,0.0017905939894262701,0.0014179529971443117,0.005590321001363918,19267584.0,6422528.0
ham_mbv2_pattern_mining,2026-02-07T03:51:48,2,270,45,5,0.5,0.9511160850524902,0.1705632,0.08944367789081298,0.08794008987024426,0.0015035880205687135,1,2,0.001805312989745289,0.0015035880205687135,0.006988695997279137,150528.0,50176.0
ham_mbv2_pattern_mining,2026-02-07T03:51:51,3,265,45,0,0.82421875,0.5555883646011353,20.5620896,0.334014198044315,0.3284150900435634,0.005599108000751585,1,2,0.012155606993474066,0.005599108000751585,0.020685902010882273,19267584.0,6422528.0
ham_mbv2_pattern_mining,2026-02-07T03:51:52,3,266,45,1,0.76171875,0.7086746692657471,20.5620896,0.07452404702780768,0.07307266001589596,0.00145138701191172,1,2,0.0017443510005250573,0.00145138701191172,0.005562915001064539,19267584.0,6422528.0
ham_mbv2_pattern_mining,2026-02-07T03:51:52,3,267,45,2,0.734375,0.7553045749664307,20.5620896,0.07433513522846624,0.07290324021596462,0.0014318950125016272,1,2,0.0016844790079630911,0.0014318950125016272,0.00560584501363337,19267584.0,6422528.0
ham_mbv2_pattern_mining,2026-02-07T03:51:52,3,268,45,3,0.77734375,0.6391707062721252,20.5620896,0.09097313589882106,0.08920486987335607,0.0017682660254649818,1,2,0.0019863709749188274,0.0017682660254649818,0.00693411601241678,19267584.0,6422528.0
ham_mbv2_pattern_mining,2026-02-07T03:51:53,3,269,45,4,0.74609375,0.6908624172210693,20.5620896,0.07671837066300213,0.07526397967012599,0.0014543909928761423,1,2,0.001848432992119342,0.0014543909928761423,0.005677964974893257,19267584.0,6422528.0
ham_mbv2_pattern_mining,2026-02-07T03:51:53,3,270,45,5,0.5,1.5923832654953003,0.1705632,0.09410177095560357,0.0925413699587807,0.0015604009968228638,1,2,0.001899761991808191,0.0015604009968228638,0.00735437500406988,150528.0,50176.0
ham_mbv2_pattern_mining,2026-02-07T03:51:56,4,265,45,0,0.72265625,0.7431492805480957,20.5620896,0.41909073179704137,0.4107205697800964,0.00837016201694496,1,2,0.014105438982369378,0.00837016201694496,0.026966617995640263,19267584.0,6422528.0
ham_mbv2_pattern_mining,2026-02-07T03:51:56,4,266,45,1,0.76171875,0.7044938802719116,20.5620896,0.0764645182644017,0.07498172024497762,0.0014827980194240808,1,2,0.0018388120224699378,0.0014827980194240808,0.0056593600020278245,19267584.0,6422528.0
ham_mbv2_pattern_mining,2026-02-07T03:51:57,4,267,45,2,0.72265625,0.7847304940223694,20.5620896,0.07629604486282915,0.07485368987545371,0.0014423549873754382,1,2,0.0017852679884526879,0.0014423549873754382,0.005700100999092683,19267584.0,6422528.0
ham_mbv2_pattern_mining,2026-02-07T03:51:57,4,268,45,3,0.7734375,0.6731664538383484,20.5620896,0.07438550613005646,0.07293035014299676,0.0014551559870596975,1,2,0.0017007190035656095,0.0014551559870596975,0.005592316010734066,19267584.0,6422528.0
ham_mbv2_pattern_mining,2026-02-07T03:51:58,4,269,45,4,0.71484375,0.7710059285163879,20.5620896,0.07744057182571851,0.07598787982715294,0.0014526919985655695,1,2,0.002039949002210051,0.0014526919985655695,0.005558838980505243,19267584.0,6422528.0
ham_mbv2_pattern_mining,2026-02-07T03:51:58,4,270,45,5,1.0,0.08314159512519836,0.09028159999999999,0.08081536288955249,0.07925507990876213,0.0015602829807903618,1,2,0.001965111994650215,0.0015602829807903618,0.005960395996225998,75264.0,25088.0
ham_mbv2_pattern_mining,2026-02-07T03:52:07,0,271,46,0,0.75,0.641801118850708,20.5620896,0.42937746286042966,0.4209240898489952,0.00845337301143445,1,2,0.01117693999549374,0.00845337301143445,0.03091546898940578,19267584.0,6422528.0
ham_mbv2_pattern_mining,2026-02-07T03:52:08,0,272,46,1,0.67578125,0.84043288230896,20.5620896,0.07779165610554628,0.07634250010596588,0.0014491559995803982,1,2,0.0021181500051170588,0.0014491559995803982,0.0055161000054795295,19267584.0,6422528.0
ham_mbv2_pattern_mining,2026-02-07T03:52:08,0,273,46,2,0.7578125,0.6416925191879272,20.5620896,0.07348304920014925,0.07207375019788742,0.0014092990022618324,1,2,0.0017177380213979632,0.0014092990022618324,0.005489636998390779,19267584.0,6422528.0
ham_mbv2_pattern_mining,2026-02-07T03:52:08,0,274,46,3,0.73828125,0.6914286613464355,20.5620896,0.07337113711400889,0.07195017009507865,0.0014209670189302415,1,2,0.0016990570002235472,0.0014209670189302415,0.0054959600092843175,19267584.0,6422528.0
ham_mbv2_pattern_mining,2026-02-07T03:52:09,0,275,46,4,0.75390625,0.66739821434021,20.5620896,0.07710835282341577,0.07566850981675088,0.001439843006664887,1,2,0.0018815959920175374,0.001439843006664887,0.005685254989657551,19267584.0,6422528.0
ham_mbv2_pattern_mining,2026-02-07T03:52:09,0,276,46,5,0.0,3.3193001747131348,0.1705632,0.09372131695272401,0.09220306994393468,0.0015182470087893307,1,2,0.001902909978525713,0.0015182470087893307,0.007317397015867755,150528.0,50176.0
ham_mbv2_pattern_mining,2026-02-07T03:52:12,1,271,46,0,0.7109375,0.7613699436187744,20.5620896,0.30464151687920094,0.2996495898696594,0.004991927009541541,1,2,0.011056882998673245,0.004991927009541541,0.018908075988292694,19267584.0,6422528.0
ham_mbv2_pattern_mining,2026-02-07T03:52:12,1,272,46,1,0.71875,0.749245285987854,20.5620896,0.15733863701461814,0.1541928100050427,0.0031458270095754415,1,2,0.003458566003246233,0.0031458270095754415,0.011960714997258037,19267584.0,6422528.0
ham_mbv2_pattern_mining,2026-02-07T03:52:13,1,273,46,2,0.734375,0.7314112186431885,20.5620896,0.06045662591350265,0.059304469905328006,0.001152156008174643,1,2,0.0014401429798454046,0.001152156008174643,0.004490304010687396,19267584.0,6422528.0
ham_mbv2_pattern_mining,2026-02-07T03:52:13,1,274,46,3,0.76953125,0.6191110610961914,20.5620896,0.06558453693287447,0.06431521993363276,0.0012693169992417097,1,2,0.0015384370053652674,0.0012693169992417097,0.004893084987998009,19267584.0,6422528.0
ham_mbv2_pattern_mining,2026-02-07T03:52:15,1,275,46,4,0.73046875,0.6677889823913574,20.5620896,0.06518140601110645,0.06398008001269773,0.00120132599840872,1,2,0.0016579609946347773,0.00120132599840872,0.004740047006634995,19267584.0,6422528.0
ham_mbv2_pattern_mining,2026-02-07T03:52:15,1,276,46,5,1.0,0.120304174721241,0.1705632,0.0764338132867124,0.07513833028497174,0.0012954830017406493,1,2,0.0015383800200652331,0.0012954830017406493,0.005975453008431941,150528.0,50176.0
ham_mbv2_pattern_mining,2026-02-07T03:52:18,2,271,46,0,0.7109375,0.7535389065742493,20.5620896,0.4851082811073866,0.47574513009749353,0.009363151009893045,1,2,0.01917183501063846,0.009363151009893045,0.028402677999110892,19267584.0,6422528.0
ham_mbv2_pattern_mining,2026-02-07T03:52:18,2,272,46,1,0.76171875,0.6518226265907288,20.5620896,0.07684419717406854,0.07535069016739726,0.0014935070066712797,1,2,0.0018371950136497617,0.0014935070066712797,0.005697874003089964,19267584.0,6422528.0
ham_mbv2_pattern_mining,2026-02-07T03:52:18,2,273,46,2,0.7421875,0.6526248455047607,20.5620896,0.07573029011837207,0.07428089011227712,0.0014494000060949475,1,2,0.0017349260160699487,0.0014494000060949475,0.005693162995157763,19267584.0,6422528.0
ham_mbv2_pattern_mining,2026-02-07T03:52:18,2,274,46,3,0.76953125,0.6432445645332336,20.5620896,0.07634855815558694,0.07487351016607136,0.0014750479895155877,1,2,0.0018170959956478328,0.0014750479895155877,0.005670255020959303,19267584.0,6422528.0
ham_mbv2_pattern_mining,2026-02-07T03:52:20,2,275,46,4,0.80859375,0.6458419561386108,20.5620896,0.07677370682358742,0.07531566981924698,0.00145803700434044,1,2,0.0018183969950769097,0.00145803700434044,0.005713169986847788,19267584.0,6422528.0
ham_mbv2_pattern_mining,2026-02-07T03:52:20,2,276,46,5,1.0,0.10827688872814178,0.1705632,0.09346982295392081,0.09192558994982392,0.0015442330040968955,1,2,0.0019165939884260297,0.0015442330040968955,0.007275965006556362,150528.0,50176.0
ham_mbv2_pattern_mining,2026-02-07T03:52:23,3,271,46,0,0.81640625,0.5218605399131775,20.5620896,0.3245960279891733,0.3193648799788207,0.0052311480103526264,1,2,0.011617854004725814,0.0052311480103526264,0.020318633993156254,19267584.0,6422528.0
ham_mbv2_pattern_mining,2026-02-07T03:52:23,3,272,46,1,0.7421875,0.7328475117683411,20.5620896,0.07510134286712855,0.07364594988757744,0.0014553929795511067,1,2,0.0017815610044635832,0.0014553929795511067,0.005583033984294161,19267584.0,6422528.0
ham_mbv2_pattern_mining,2026-02-07T03:52:23,3,273,46,2,0.75390625,0.6232665181159973,20.5620896,0.07415084092644975,0.07269141991855577,0.0014594210078939795,1,2,0.0017303579952567816,0.0014594210078939795,0.005538783996598795,19267584.0,6422528.0
ham_mbv2_pattern_mining,2026-02-07T03:52:24,3,274,46,3,0.72265625,0.7064772844314575,20.5620896,0.07483797773602419,0.07338668976444751,0.0014512879715766758,1,2,0.0017646199848968536,0.0014512879715766758,0.0055740489915478975,19267584.0,6422528.0
ham_mbv2_pattern_mining,2026-02-07T03:52:25,3,275,46,4,0.75,0.7406430840492249,20.5620896,0.07692692911950871,0.0754631101153791,0.0014638190041296184,1,2,0.001905743993120268,0.0014638190041296184,0.0056405670184176415,19267584.0,6422528.0
ham_mbv2_pattern_mining,2026-02-07T03:52:25,3,276,46,5,0.0,4.875485420227051,0.1705632,0.08975081192329526,0.0882274899049662,0.0015233220183290541,1,2,0.001822603982873261,0.0015233220183290541,0.0070001450076233596,150528.0,50176.0
ham_mbv2_pattern_mining,2026-02-07T03:52:28,4,271,46,0,0.69140625,0.8610744476318359,20.5620896,0.37018115326645784,0.36379164026584476,0.0063895130006130785,1,2,0.011924536025617272,0.0063895130006130785,0.024454628000967205,19267584.0,6422528.0
ham_mbv2_pattern_mining,2026-02-07T03:52:28,4,272,46,1,0.765625,0.6607586741447449,20.5620896,0.07589765611919574,0.07442227011779323,0.0014753860014025122,1,2,0.001806834014132619,0.0014753860014025122,0.005635392997646704,19267584.0,6422528.0
ham_mbv2_pattern_mining,2026-02-07T03:52:28,4,273,46,2,0.75390625,0.6569671630859375,20.5620896,0.0749225891486276,0.07346029015025124,0.0014622989983763546,1,2,0.001723029010463506,0.0014622989983763546,0.005623000004561618,19267584.0,6422528.0
ham_mbv2_pattern_mining,2026-02-07T03:52:29,4,274,46,3,0.76953125,0.6906795501708984,20.5620896,0.07512004696764052,0.07364165998296812,0.0014783869846723974,1,2,0.0017727760132402182,0.0014783869846723974,0.005591389985056594,19267584.0,6422528.0
ham_mbv2_pattern_mining,2026-02-07T03:52:30,4,275,46,4,0.72265625,0.770397424697876,20.5620896,0.07839352643350139,0.07686999044381082,0.001523535989690572,1,2,0.001917550020152703,0.001523535989690572,0.005769449024228379,19267584.0,6422528.0
ham_mbv2_pattern_mining,2026-02-07T03:52:30,4,276,46,5,0.0,3.4438276290893555,0.09028159999999999,0.08191626379266381,0.08040817978326231,0.0015080840094015002,1,2,0.0019104719976894557,0.0015080840094015002,0.0061303459806367755,75264.0,25088.0
ham_mbv2_pattern_mining,2026-02-07T03:52:39,0,277,47,0,0.796875,0.6418538093566895,20.5620896,0.32012230320833623,0.31461499020224437,0.005507313006091863,1,2,0.009738307999214157,0.005507313006091863,0.02172319102101028,19267584.0,6422528.0
ham_mbv2_pattern_mining,2026-02-07T03:52:39,0,278,47,1,0.73828125,0.7410714626312256,20.5620896,0.058859492011833936,0.05770755000412464,0.0011519420077092946,1,2,0.001424262998625636,0.0011519420077092946,0.004346492001786828,19267584.0,6422528.0
ham_mbv2_pattern_mining,2026-02-07T03:52:39,0,279,47,2,0.74609375,0.6631838083267212,20.5620896,0.06167497063870542,0.060514569631777704,0.0011604010069277138,1,2,0.0015763049887027591,0.0011604010069277138,0.004475151974475011,19267584.0,6422528.0
ham_mbv2_pattern_mining,2026-02-07T03:52:39,0,280,47,3,0.77734375,0.6105406284332275,20.5620896,0.06224625630420633,0.06104414031142369,0.0012021159927826375,1,2,0.0014580690185539424,0.0012021159927826375,0.0046463450125884265,19267584.0,6422528.0
ham_mbv2_pattern_mining,2026-02-07T03:52:41,0,281,47,4,0.734375,0.7125385403633118,20.5620896,0.06097337626852095,0.05983788025332615,0.0011354960151948035,1,2,0.0014761750062461942,0.0011354960151948035,0.0045076130190864205,19267584.0,6422528.0
ham_mbv2_pattern_mining,2026-02-07T03:52:41,0,282,47,5,0.5,4.43441104888916,0.1705632,0.08090051400358789,0.07950074999826029,0.0013997640053275973,1,2,0.0016098240157589316,0.0013997640053275973,0.006340250984067097,150528.0,50176.0
ham_mbv2_pattern_mining,2026-02-07T03:52:44,1,277,47,0,0.703125,0.7882215976715088,20.5620896,0.33648824322153814,0.3307611102354713,0.005727132986066863,1,2,0.012072020006598905,0.005727132986066863,0.021004091016948223,19267584.0,6422528.0
ham_mbv2_pattern_mining,2026-02-07T03:52:44,1,278,47,1,0.78515625,0.5682927370071411,20.5620896,0.12570772896287963,0.12337246997049078,0.0023352589923888445,1,2,0.0030429350154008716,0.0023352589923888445,0.009294311981648207,19267584.0,6422528.0
ham_mbv2_pattern_mining,2026-02-07T03:52:44,1,279,47,2,0.7578125,0.7102728486061096,20.5620896,0.07673881211667322,0.07528640009695664,0.0014524120197165757,1,2,0.0018000139971263707,0.0014524120197165757,0.005728626012569293,19267584.0,6422528.0
ham_mbv2_pattern_mining,2026-02-07T03:52:45,1,280,47,3,0.7421875,0.674223780632019,20.5620896,0.0795458098873496,0.07799396989867091,0.0015518399886786938,1,2,0.001958923996426165,0.0015518399886786938,0.005840472993440926,19267584.0,6422528.0
ham_mbv2_pattern_mining,2026-02-07T03:52:45,1,281,47,4,0.734375,0.690980076789856,20.5620896,0.07994381181197241,0.07841430982807651,0.0015295019838958979,1,2,0.00194523498066701,0.0015295019838958979,0.005896196002140641,19267584.0,6422528.0
ham_mbv2_pattern_mining,2026-02-07T03:52:45,1,282,47,5,1.0,0.14596030116081238,0.1705632,0.09143972845049575,0.08993607043521479,0.001503658015280962,1,2,0.0017939740209840238,0.001503658015280962,0.007199633022537455,150528.0,50176.0
ham_mbv2_pattern_mining,2026-02-07T03:52:48,2,277,47,0,0.7421875,0.6558035612106323,20.5620896,0.3031897671171464,0.29811167012667283,0.0050780969904735684,1,2,0.010732399998232722,0.0050780969904735684,0.01907876701443456,19267584.0,6422528.0
ham_mbv2_pattern_mining,2026-02-07T03:52:49,2,278,47,1,0.765625,0.6576862335205078,20.5620896,0.0920414179272484,0.09020044992212206,0.0018409680051263422,1,2,0.0025536140019539744,0.0018409680051263422,0.006466430990258232,19267584.0,6422528.0
ham_mbv2_pattern_mining,2026-02-07T03:52:49,2,279,47,2,0.73046875,0.7491810321807861,20.5620896,0.07361387021956034,0.07220768020488322,0.0014061900146771222,1,2,0.0016924800002016127,0.0014061900146771222,0.005528288020286709,19267584.0,6422528.0
ham_mbv2_pattern_mining,2026-02-07T03:52:49,2,280,47,3,0.765625,0.6486252546310425,20.5620896,0.07600507896859199,0.0745775899849832,0.0014274889836087823,1,2,0.0017465029959566891,0.0014274889836087823,0.0057112560025416315,19267584.0,6422528.0
ham_mbv2_pattern_mining,2026-02-07T03:52:50,2,281,47,4,0.76171875,0.6203181743621826,20.5620896,0.07598616401082836,0.07455115002812818,0.001435013982700184,1,2,0.0018430339987389743,0.001435013982700184,0.005612081004073843,19267584.0,6422528.0
ham_mbv2_pattern_mining,2026-02-07T03:52:50,2,282,47,5,1.0,0.2252679318189621,0.1705632,0.09013232024153695,0.08864037023158744,0.0014919500099495053,1,2,0.0018413930083625019,0.0014919500099495053,0.007022644014796242,150528.0,50176.0
ham_mbv2_pattern_mining,2026-02-07T03:52:53,3,277,47,0,0.80078125,0.5783107876777649,20.5620896,0.31348480115411803,0.30818938015727326,0.0052954209968447685,1,2,0.01135390202398412,0.0052954209968447685,0.019465035991743207,19267584.0,6422528.0
ham_mbv2_pattern_mining,2026-02-07T03:52:53,3,278,47,1,0.73046875,0.6926995515823364,20.5620896,0.12434870784636587,0.12219506985275075,0.0021536379936151206,1,2,0.0025631710013840348,0.0021536379936151206,0.00965633598389104,19267584.0,6422528.0
ham_mbv2_pattern_mining,2026-02-07T03:52:53,3,279,47,2,0.73046875,0.7023056149482727,20.5620896,0.09072005192865618,0.08911743992939591,0.0016026119992602617,1,2,0.0026775639853440225,0.0016026119992602617,0.006234180007595569,19267584.0,6422528.0
ham_mbv2_pattern_mining,2026-02-07T03:52:53,3,280,47,3,0.7265625,0.7022693157196045,20.5620896,0.07435228495160118,0.0729239999782294,0.001428284973371774,1,2,0.001721909997286275,0.001428284973371774,0.005570490000536665,19267584.0,6422528.0
ham_mbv2_pattern_mining,2026-02-07T03:52:55,3,281,47,4,0.75,0.7117407917976379,20.5620896,0.09873889188747853,0.09635386988520622,0.002385022002272308,1,2,0.0027352329925633967,0.002385022002272308,0.0069001539959572256,19267584.0,6422528.0
ham_mbv2_pattern_mining,2026-02-07T03:52:55,3,282,47,5,0.5,0.9215574264526367,0.1705632,0.09137385888607241,0.08986053988337517,0.0015133190026972443,1,2,0.0017503359995316714,0.0015133190026972443,0.007235717988805845,150528.0,50176.0
ham_mbv2_pattern_mining,2026-02-07T03:52:58,4,277,47,0,0.75,0.6561189293861389,20.5620896,0.36733151506632566,0.36132103006821126,0.006010484998114407,1,2,0.012181927013443783,0.006010484998114407,0.023950175993377343,19267584.0,6422528.0
ham_mbv2_pattern_mining,2026-02-07T03:52:58,4,278,47,1,0.75,0.6537148356437683,20.5620896,0.08102997305104509,0.07955776003655046,0.0014722130144946277,1,2,0.002388867986155674,0.0014722130144946277,0.005566908017499372,19267584.0,6422528.0
ham_mbv2_pattern_mining,2026-02-07T03:52:59,4,279,47,2,0.734375,0.755313515663147,20.5620896,0.07604405077290721,0.07460954977432266,0.0014345009985845536,1,2,0.001808148983400315,0.0014345009985845536,0.005652805994031951,19267584.0,6422528.0
ham_mbv2_pattern_mining,2026-02-07T03:52:59,4,280,47,3,0.77734375,0.6615977883338928,20.5620896,0.07511760704801418,0.07366987003479153,0.0014477370132226497,1,2,0.0017422450182493776,0.0014477370132226497,0.005624741985229775,19267584.0,6422528.0
ham_mbv2_pattern_mining,2026-02-07T03:53:00,4,281,47,4,0.7734375,0.6862270832061768,20.5620896,0.07570899190614,0.07423417991958559,0.001474811986554414,1,2,0.0017707069928292185,0.001474811986554414,0.00565271099912934,19267584.0,6422528.0
ham_mbv2_pattern_mining,2026-02-07T03:53:00,4,282,47,5,1.0,0.10210464894771576,0.09028159999999999,0.0830513340770267,0.08150089008267969,0.001550443994347006,1,2,0.0019282499852124602,0.001550443994347006,0.006221839023055509,75264.0,25088.0
ham_mbv2_pattern_mining,2026-02-07T03:53:09,0,283,48,0,0.75390625,0.7395862936973572,20.5620896,0.39542158486437984,0.3879327798495069,0.0074888050148729235,1,2,0.010833312990143895,0.0074888050148729235,0.027959964994806796,19267584.0,6422528.0
ham_mbv2_pattern_mining,2026-02-07T03:53:09,0,284,48,1,0.73046875,0.7560629844665527,20.5620896,0.07383994813426398,0.07242732011945918,0.0014126280148047954,1,2,0.0017353490111418068,0.0014126280148047954,0.005507383000804111,19267584.0,6422528.0
ham_mbv2_pattern_mining,2026-02-07T03:53:09,0,285,48,2,0.74609375,0.6950863599777222,20.5620896,0.07833413901971653,0.07683909003389999,0.0014950489858165383,1,2,0.0019466820231173187,0.0014950489858165383,0.0057372269802726805,19267584.0,6422528.0
ham_mbv2_pattern_mining,2026-02-07T03:53:09,0,286,48,3,0.70703125,0.6772724390029907,20.5620896,0.059252384962746873,0.058134919963777065,0.0011174649989698082,1,2,0.0014584950113203377,0.0011174649989698082,0.004354996985057369,19267584.0,6422528.0
ham_mbv2_pattern_mining,2026-02-07T03:53:11,0,287,48,4,0.75,0.6595204472541809,20.5620896,0.06127456610556692,0.06012071011355147,0.0011538559920154512,1,2,0.0015143589989747852,0.0011538559920154512,0.0044977120123803616,19267584.0,6422528.0
ham_mbv2_pattern_mining,2026-02-07T03:53:11,0,288,48,5,0.5,2.2138657569885254,0.1705632,0.0772999819018878,0.0761362598859705,0.0011637220159173012,1,2,0.0017617139965295792,0.0011637220159173012,0.005851911992067471,150528.0,50176.0
ham_mbv2_pattern_mining,2026-02-07T03:53:14,1,283,48,0,0.73046875,0.7381276488304138,20.5620896,0.3279776693088934,0.3224617103114724,0.005515958997420967,1,2,0.012157406017649919,0.005515958997420967,0.020088765013497323,19267584.0,6422528.0
ham_mbv2_pattern_mining,2026-02-07T03:53:14,1,284,48,1,0.765625,0.6347789168357849,20.5620896,0.07534876299905591,0.07386129000224173,0.0014874729968141764,1,2,0.0017692150140646845,0.0014874729968141764,0.0056169139861594886,19267584.0,6422528.0
ham_mbv2_pattern_mining,2026-02-07T03:53:14,1,285,48,2,0.76171875,0.5961659550666809,20.5620896,0.07599123966065235,0.07457319967215881,0.0014180399884935468,1,2,0.0018299959774594754,0.0014180399884935468,0.005627323989756405,19267584.0,6422528.0
ham_mbv2_pattern_mining,2026-02-07T03:53:14,1,286,48,3,0.69921875,0.7067955136299133,20.5620896,0.07287738396553323,0.07145951996790245,0.001417863997630775,1,2,0.0016784819890744984,0.001417863997630775,0.005467470007715747,19267584.0,6422528.0
ham_mbv2_pattern_mining,2026-02-07T03:53:16,1,287,48,4,0.74609375,0.7047611474990845,20.5620896,0.0769606250396464,0.07551207003416494,0.0014485550054814667,1,2,0.0018535300041548908,0.0014485550054814667,0.005697676999261603,19267584.0,6422528.0
ham_mbv2_pattern_mining,2026-02-07T03:53:16,1,288,48,5,1.0,0.3985154330730438,0.1705632,0.09197660887730308,0.09044023987371475,0.0015363690035883337,1,2,0.0019011249823961407,0.0015363690035883337,0.007142899004975334,150528.0,50176.0
ham_mbv2_pattern_mining,2026-02-07T03:53:19,2,283,48,0,0.7890625,0.5934668183326721,20.5620896,0.34177664181333967,0.3359211498172954,0.005855491996044293,1,2,0.012104556983103976,0.005855491996044293,0.02148755799862556,19267584.0,6422528.0
ham_mbv2_pattern_mining,2026-02-07T03:53:19,2,284,48,1,0.73828125,0.7015019655227661,20.5620896,0.08407929679378867,0.0826124197919853,0.0014668770018033683,1,2,0.0019092049915343523,0.0014668770018033683,0.006352036987664178,19267584.0,6422528.0
ham_mbv2_pattern_mining,2026-02-07T03:53:19,2,285,48,2,0.73046875,0.7513183951377869,20.5620896,0.0740893361507915,0.07265740016009659,0.0014319359906949103,1,2,0.001699009008007124,0.0014319359906949103,0.0055667310080025345,19267584.0,6422528.0
ham_mbv2_pattern_mining,2026-02-07T03:53:19,2,286,48,3,0.7734375,0.578571081161499,20.5620896,0.07347474023117684,0.07205037021776661,0.0014243700134102255,1,2,0.0016949920100159943,0.0014243700134102255,0.005510045011760667,19267584.0,6422528.0
ham_mbv2_pattern_mining,2026-02-07T03:53:21,2,287,48,4,0.765625,0.6842194199562073,20.5620896,0.061292312922887504,0.06010607990901917,0.001186233013868332,1,2,0.0015316029894165695,0.001186233013868332,0.004479005001485348,19267584.0,6422528.0
ham_mbv2_pattern_mining,2026-02-07T03:53:21,2,288,48,5,0.5,1.603494644165039,0.1705632,0.07561520728631876,0.07440435030730441,0.001210856979014352,1,2,0.0015491420053876936,0.001210856979014352,0.005891293025342748,150528.0,50176.0
ham_mbv2_pattern_mining,2026-02-07T03:53:24,3,283,48,0,0.7734375,0.6382774114608765,20.5620896,0.5684032000717707,0.5588054700638168,0.009597730007953942,1,2,0.01680637800018303,0.009597730007953942,0.039074169006198645,19267584.0,6422528.0
ham_mbv2_pattern_mining,2026-02-07T03:53:24,3,284,48,1,0.76953125,0.5851935148239136,20.5620896,0.0765540080901701,0.0750587900984101,0.0014952179917600006,1,2,0.0018360989924985915,0.0014952179917600006,0.005669780017342418,19267584.0,6422528.0
ham_mbv2_pattern_mining,2026-02-07T03:53:24,3,285,48,2,0.76171875,0.6722557544708252,20.5620896,0.07723286803229712,0.07575322000775486,0.0014796480245422572,1,2,0.0018543690093792975,0.0014796480245422572,0.005720952991396189,19267584.0,6422528.0
ham_mbv2_pattern_mining,2026-02-07T03:53:24,3,286,48,3,0.765625,0.6700918674468994,20.5620896,0.07916362787364051,0.07760493987007067,0.0015586880035698414,1,2,0.001986238989047706,0.0015586880035698414,0.0057742549979593605,19267584.0,6422528.0
ham_mbv2_pattern_mining,2026-02-07T03:53:26,3,287,48,4,0.7890625,0.5838302373886108,20.5620896,0.07839325480745174,0.07688216981478035,0.0015110849926713854,1,2,0.0018939859874080867,0.0015110849926713854,0.005794230994069949,19267584.0,6422528.0
ham_mbv2_pattern_mining,2026-02-07T03:53:26,3,288,48,5,1.0,0.444001704454422,0.1705632,0.09799216114333831,0.09644872014177963,0.0015434410015586764,1,2,0.0019241530098952353,0.0015434410015586764,0.007720719004282728,150528.0,50176.0
ham_mbv2_pattern_mining,2026-02-07T03:53:29,4,283,48,0,0.7734375,0.7119174599647522,20.5620896,0.43029287303215824,0.42236020002746955,0.007932673004688695,1,2,0.01404735300457105,0.007932673004688695,0.028188666998175904,19267584.0,6422528.0
ham_mbv2_pattern_mining,2026-02-07T03:53:29,4,284,48,1,0.796875,0.6369838714599609,20.5620896,0.08029457976226695,0.07848141976865008,0.001813159993616864,1,2,0.002032122982200235,0.001813159993616864,0.005816018994664773,19267584.0,6422528.0
ham_mbv2_pattern_mining,2026-02-07T03:53:29,4,285,48,2,0.7734375,0.6413628458976746,20.5620896,0.07937713799765334,0.07768276002025232,0.0016943779774010181,1,2,0.0017872090102173388,0.0016943779774010181,0.005981066991807893,19267584.0,6422528.0
ham_mbv2_pattern_mining,2026-02-07T03:53:30,4,286,48,3,0.7578125,0.6826773881912231,20.5620896,0.07621763131464832,0.07473687030142173,0.0014807610132265836,1,2,0.0017618690035305917,0.0014807610132265836,0.0057118180266115814,19267584.0,6422528.0
ham_mbv2_pattern_mining,2026-02-07T03:53:31,4,287,48,4,0.7578125,0.6299391984939575,20.5620896,0.10859518704819493,0.10599525005090982,0.0025999369972851127,1,2,0.002961657999549061,0.0025999369972851127,0.007637867005541921,19267584.0,6422528.0
ham_mbv2_pattern_mining,2026-02-07T03:53:31,4,288,48,5,0.0,4.696943759918213,0.09028159999999999,0.08192686596885324,0.0804144999710843,0.0015123659977689385,1,2,0.0017900160164572299,0.0015123659977689385,0.0062514339806512,75264.0,25088.0
ham_mbv2_pattern_mining,2026-02-07T03:53:39,0,289,49,0,0.74609375,0.6740528345108032,20.5620896,0.4856175658060238,0.47775775979971513,0.007859806006308645,1,2,0.010465556988492608,0.007859806006308645,0.037310218991478905,19267584.0,6422528.0
ham_mbv2_pattern_mining,2026-02-07T03:53:40,0,290,49,1,0.6796875,0.8227300643920898,20.5620896,0.05946699299965985,0.058298479998484254,0.0011685130011755973,1,2,0.0014723899948876351,0.0011685130011755973,0.00435745800496079,19267584.0,6422528.0
ham_mbv2_pattern_mining,2026-02-07T03:53:40,0,291,49,2,0.8046875,0.6090208292007446,20.5620896,0.05988105561118573,0.05873752961633727,0.00114352599484846,1,2,0.0014202399761416018,0.00114352599484846,0.004453512985492125,19267584.0,6422528.0
ham_mbv2_pattern_mining,2026-02-07T03:53:40,0,292,49,3,0.78515625,0.566781759262085,20.5620896,0.06087834184290841,0.05974095984129235,0.0011373820016160607,1,2,0.001512735994765535,0.0011373820016160607,0.0044613599893637,19267584.0,6422528.0
ham_mbv2_pattern_mining,2026-02-07T03:53:41,0,293,49,4,0.7421875,0.6897083520889282,20.5620896,0.07834595194435678,0.07689699996262789,0.0014489519817288965,1,2,0.0019386069907341152,0.0014489519817288965,0.0057510930055286735,19267584.0,6422528.0
ham_mbv2_pattern_mining,2026-02-07T03:53:41,0,294,49,5,0.5,1.8712855577468872,0.1705632,0.09863256695098244,0.0971497199498117,0.0014828470011707395,1,2,0.0018792820046655834,0.0014828470011707395,0.007835689990315586,150528.0,50176.0
ham_mbv2_pattern_mining,2026-02-07T03:53:44,1,289,49,0,0.71875,0.7127267122268677,20.5620896,0.31740479968721047,0.31227494968334213,0.0051298500038683414,1,2,0.01118829898769036,0.0051298500038683414,0.020039195980643854,19267584.0,6422528.0
ham_mbv2_pattern_mining,2026-02-07T03:53:45,1,290,49,1,0.73828125,0.6910436153411865,20.5620896,0.07572077104123309,0.07424287003232166,0.0014779010089114308,1,2,0.0018187600071541965,0.0014779010089114308,0.00560552699607797,19267584.0,6422528.0
ham_mbv2_pattern_mining,2026-02-07T03:53:45,1,291,49,2,0.734375,0.6681989431381226,20.5620896,0.07636650797212496,0.07491719996323809,0.0014493080088868737,1,2,0.0018023129960056394,0.0014493080088868737,0.00568940700031817,19267584.0,6422528.0
ham_mbv2_pattern_mining,2026-02-07T03:53:45,1,292,49,3,0.70703125,0.7292143106460571,20.5620896,0.07611889418330975,0.07465599017450586,0.0014629040088038892,1,2,0.0017889620212372392,0.0014629040088038892,0.005676636996213347,19267584.0,6422528.0
ham_mbv2_pattern_mining,2026-02-07T03:53:47,1,293,49,4,0.74609375,0.6702058911323547,20.5620896,0.08667207590769976,0.08521165989805013,0.0014604160096496344,1,2,0.0017669439839664847,0.0014604160096496344,0.006754222005838528,19267584.0,6422528.0
ham_mbv2_pattern_mining,2026-02-07T03:53:47,1,294,49,5,0.5,0.6156631708145142,0.1705632,0.09993848411249928,0.09831950010266155,0.0016189840098377317,1,2,0.002156372007448226,0.0016189840098377317,0.007675578002817929,150528.0,50176.0
ham_mbv2_pattern_mining,2026-02-07T03:53:50,2,289,49,0,0.73828125,0.6927019357681274,20.5620896,0.38160421402426437,0.3761860300437547,0.005418183980509639,1,2,0.011705498996889219,0.005418183980509639,0.025913104007486254,19267584.0,6422528.0
ham_mbv2_pattern_mining,2026-02-07T03:53:50,2,290,49,1,0.77734375,0.6209719181060791,20.5620896,0.06712058337870985,0.06584148039110005,0.0012791029876098037,1,2,0.0016762720188125968,0.0012791029876098037,0.004907876020297408,19267584.0,6422528.0
ham_mbv2_pattern_mining,2026-02-07T03:53:50,2,291,49,2,0.734375,0.7297521829605103,20.5620896,0.08155853883363307,0.08002283982932568,0.0015356990043073893,1,2,0.0018381759873591363,0.0015356990043073893,0.006164107995573431,19267584.0,6422528.0
ham_mbv2_pattern_mining,2026-02-07T03:53:50,2,292,49,3,0.7734375,0.5989243388175964,20.5620896,0.0601937982137315,0.059029770200140774,0.0011640280135907233,1,2,0.0014476140204351395,0.0011640280135907233,0.004455362999578938,19267584.0,6422528.0
ham_mbv2_pattern_mining,2026-02-07T03:53:52,2,293,49,4,0.7109375,0.7395832538604736,20.5620896,0.07435706804972142,0.07292402005987242,0.0014330479898490012,1,2,0.0017278779996559024,0.0014330479898490012,0.0055645240063313395,19267584.0,6422528.0
ham_mbv2_pattern_mining,2026-02-07T03:53:52,2,294,49,5,0.5,1.0933005809783936,0.1705632,0.09088908386183903,0.08937710983445868,0.0015119740273803473,1,2,0.0018037139961961657,0.0015119740273803473,0.007133996987249702,150528.0,50176.0
ham_mbv2_pattern_mining,2026-02-07T03:53:55,3,289,49,0,0.77734375,0.5998067259788513,20.5620896,0.30986205881345086,0.3048426198074594,0.005019439005991444,1,2,0.010684752982342616,0.005019439005991444,0.019799508998403326,19267584.0,6422528.0
ham_mbv2_pattern_mining,2026-02-07T03:53:55,3,290,49,1,0.76171875,0.6001020669937134,20.5620896,0.07469541017781012,0.07323098019696772,0.0014644299808423966,1,2,0.0017523880233056843,0.0014644299808423966,0.005570709996391088,19267584.0,6422528.0
ham_mbv2_pattern_mining,2026-02-07T03:53:56,3,291,49,2,0.72265625,0.7524597644805908,20.5620896,0.07476831212989055,0.07334596011787653,0.0014223520120140165,1,2,0.0016932440048549324,0.0014223520120140165,0.0056413520069327205,19267584.0,6422528.0
ham_mbv2_pattern_mining,2026-02-07T03:53:56,3,292,49,3,0.76953125,0.6595807075500488,20.5620896,0.07426260280772112,0.07281779980985448,0.0014448029978666455,1,2,0.0017109779873862863,0.0014448029978666455,0.0055708019935991615,19267584.0,6422528.0
ham_mbv2_pattern_mining,2026-02-07T03:53:57,3,293,49,4,0.7890625,0.601647138595581,20.5620896,0.07945118693169206,0.07799407991115004,0.0014571070205420256,1,2,0.0018977129948325455,0.0014571070205420256,0.005901694996282458,19267584.0,6422528.0
ham_mbv2_pattern_mining,2026-02-07T03:53:57,3,294,49,5,1.0,0.09062159061431885,0.1705632,0.09440000721951947,0.09285185020416975,0.001548157015349716,1,2,0.0018423900182824582,0.001548157015349716,0.007442795002134517,150528.0,50176.0
ham_mbv2_pattern_mining,2026-02-07T03:54:00,4,289,49,0,0.7578125,0.7017713189125061,20.5620896,0.39924997702473775,0.39231606002431363,0.006933917000424117,1,2,0.013103759993100539,0.006933917000424117,0.026127846009330824,19267584.0,6422528.0
ham_mbv2_pattern_mining,2026-02-07T03:54:01,4,290,49,1,0.70703125,0.7470402121543884,20.5620896,0.07591717725154012,0.07442979025654495,0.0014873869949951768,1,2,0.0018211800197605044,0.0014873869949951768,0.00562179900589399,19267584.0,6422528.0
ham_mbv2_pattern_mining,2026-02-07T03:54:01,4,291,49,2,0.75390625,0.6807059645652771,20.5620896,0.07570692620356567,0.07423785020364448,0.0014690759999211878,1,2,0.0017386690014973283,0.0014690759999211878,0.00568511601886712,19267584.0,6422528.0
ham_mbv2_pattern_mining,2026-02-07T03:54:01,4,292,49,3,0.75390625,0.6891106963157654,20.5620896,0.07571452102274634,0.0742603000253439,0.0014542209974024445,1,2,0.0018638740002643317,0.0014542209974024445,0.005562156002270058,19267584.0,6422528.0
ham_mbv2_pattern_mining,2026-02-07T03:54:03,4,293,49,4,0.7578125,0.7078913450241089,20.5620896,0.08992127390229143,0.08770193991949782,0.0022193339827936143,1,2,0.0023292669793590903,0.0022193339827936143,0.0064409270125906914,19267584.0,6422528.0
ham_mbv2_pattern_mining,2026-02-07T03:54:03,4,294,49,5,1.0,0.08387071639299393,0.09028159999999999,0.08336338587105274,0.08183531987015158,0.0015280660009011626,1,2,0.0019049329857807606,0.0015280660009011626,0.006278599001234397,75264.0,25088.0
ham_mbv2_pattern_mining,2026-02-07T03:54:11,0,295,50,0,0.7890625,0.6022213697433472,20.5620896,0.30892840889282525,0.30411913990974426,0.004809268983080983,1,2,0.013434911001240835,0.004809268983080983,0.01697700298973359,19267584.0,6422528.0
ham_mbv2_pattern_mining,2026-02-07T03:54:11,0,296,50,1,0.8203125,0.5849156975746155,20.5620896,0.061096702120266855,0.059969850117340684,0.0011268520029261708,1,2,0.0014997520192991942,0.0011268520029261708,0.004497232992434874,19267584.0,6422528.0
ham_mbv2_pattern_mining,2026-02-07T03:54:12,0,297,50,2,0.77734375,0.6164454221725464,20.5620896,0.06457578795379959,0.06337305996567011,0.0012027279881294817,1,2,0.0015866649919189513,0.0012027279881294817,0.00475064100464806,19267584.0,6422528.0
ham_mbv2_pattern_mining,2026-02-07T03:54:12,0,298,50,3,0.7890625,0.6216167211532593,20.5620896,0.06539945802069269,0.06416574004106224,0.0012337179796304554,1,2,0.001586537982802838,0.0012337179796304554,0.0048300360213033855,19267584.0,6422528.0
ham_mbv2_pattern_mining,2026-02-07T03:54:13,0,299,50,4,0.71484375,0.727645218372345,20.5620896,0.057845045026624575,0.0567511300323531,0.001093914994271472,1,2,0.0014158690173644572,0.001093914994271472,0.004259243985870853,19267584.0,6422528.0
ham_mbv2_pattern_mining,2026-02-07T03:54:13,0,300,50,5,0.0,3.57147216796875,0.1705632,0.07251944328891113,0.07136442029150203,0.0011550229974091053,1,2,0.0015041900041978806,0.0011550229974091053,0.005632252024952322,150528.0,50176.0
ham_mbv2_pattern_mining,2026-02-07T03:54:16,1,295,50,0,0.74609375,0.6770093441009521,20.5620896,0.3307403685175814,0.3251395095139742,0.005600859003607184,1,2,0.011412315972847864,0.005600859003607184,0.021101634978549555,19267584.0,6422528.0
ham_mbv2_pattern_mining,2026-02-07T03:54:16,1,296,50,1,0.75390625,0.6550115942955017,20.5620896,0.0911720757430885,0.08950003975769505,0.0016720359853934497,1,2,0.002653236995683983,0.0016720359853934497,0.006296766980085522,19267584.0,6422528.0
ham_mbv2_pattern_mining,2026-02-07T03:54:17,1,297,50,2,0.78125,0.6136813163757324,20.5620896,0.06744261484709568,0.06624123983783647,0.001201375009259209,1,2,0.0018660859786905348,0.001201375009259209,0.004758038005093113,19267584.0,6422528.0
ham_mbv2_pattern_mining,2026-02-07T03:54:17,1,298,50,3,0.76171875,0.7098115682601929,20.5620896,0.06661887935479172,0.06532686034915969,0.001292019005632028,1,2,0.0016084920207504183,0.001292019005632028,0.0049241940141655505,19267584.0,6422528.0
ham_mbv2_pattern_mining,2026-02-07T03:54:18,1,299,50,4,0.76171875,0.6517683267593384,20.5620896,0.07134302306803875,0.07014147005975246,0.0012015530082862824,1,2,0.0024138810113072395,0.0012015530082862824,0.004600265994668007,19267584.0,6422528.0
ham_mbv2_pattern_mining,2026-02-07T03:54:18,1,300,50,5,1.0,0.15412069857120514,0.1705632,0.0761947218561545,0.07495948986615986,0.0012352319899946451,1,2,0.0015137569862417877,0.0012352319899946451,0.005982192000374198,150528.0,50176.0
ham_mbv2_pattern_mining,2026-02-07T03:54:20,2,295,50,0,0.8046875,0.533683180809021,20.5620896,0.3915609498217236,0.38449472980573773,0.007066220015985891,1,2,0.01317159499740228,0.007066220015985891,0.025277877983171493,19267584.0,6422528.0
ham_mbv2_pattern_mining,2026-02-07T03:54:20,2,296,50,1,0.78125,0.5784704685211182,20.5620896,0.20221549493726343,0.2004154899623245,0.001800004974938929,1,2,0.0022923469950910658,0.001800004974938929,0.017749202001141384,19267584.0,6422528.0
ham_mbv2_pattern_mining,2026-02-07T03:54:21,2,297,50,2,0.76953125,0.6294350624084473,20.5620896,0.11235019587911665,0.10878712986595929,0.0035630660131573677,1,2,0.001813570997910574,0.0035630660131573677,0.009065141988685355,19267584.0,6422528.0
ham_mbv2_pattern_mining,2026-02-07T03:54:21,2,298,50,3,0.74609375,0.7429593801498413,20.5620896,0.06444545113481581,0.06318171013845131,0.001263740996364504,1,2,0.001631677005207166,0.001263740996364504,0.004686494008637965,19267584.0,6422528.0
ham_mbv2_pattern_mining,2026-02-07T03:54:22,2,299,50,4,0.75390625,0.7055279612541199,20.5620896,0.07335366815095767,0.07213847013190389,0.001215198019053787,1,2,0.0024901260039769113,0.001215198019053787,0.004723721009213477,19267584.0,6422528.0
ham_mbv2_pattern_mining,2026-02-07T03:54:22,2,300,50,5,1.0,0.334179162979126,0.1705632,0.07450907878228463,0.07325539976591244,0.001253679016372189,1,2,0.0015857539838179946,0.001253679016372189,0.00573978599277325,150528.0,50176.0
ham_mbv2_pattern_mining,2026-02-07T03:54:25,3,295,50,0,0.7734375,0.6380834579467773,20.5620896,0.31168634179630317,0.30651530978502706,0.005171032011276111,1,2,0.011211146978894249,0.005171032011276111,0.019440383999608457,19267584.0,6422528.0
ham_mbv2_pattern_mining,2026-02-07T03:54:25,3,296,50,1,0.8125,0.5600288510322571,20.5620896,0.07474330393597484,0.07328473991947249,0.0014585640165023506,1,2,0.0017731609987094998,0.0014585640165023506,0.005555312993237749,19267584.0,6422528.0
ham_mbv2_pattern_mining,2026-02-07T03:54:25,3,297,50,2,0.7734375,0.5964400768280029,20.5620896,0.07399246009299532,0.07258402009028941,0.0014084400027059019,1,2,0.001691984012722969,0.0014084400027059019,0.005566417996305972,19267584.0,6422528.0
ham_mbv2_pattern_mining,2026-02-07T03:54:25,3,298,50,3,0.72265625,0.6967320442199707,20.5620896,0.07541733718244359,0.07395776017801836,0.0014595770044252276,1,2,0.0017401750083081424,0.0014595770044252276,0.005655601009493694,19267584.0,6422528.0
ham_mbv2_pattern_mining,2026-02-07T03:54:27,3,299,50,4,0.7578125,0.6396986246109009,20.5620896,0.07479343979503028,0.07333914982154965,0.001454289973480627,1,2,0.0017660769808571786,0.001454289973480627,0.005567838001297787,19267584.0,6422528.0
ham_mbv2_pattern_mining,2026-02-07T03:54:27,3,300,50,5,1.0,0.13801079988479614,0.1705632,0.0920711638755165,0.09058706986252218,0.0014840940129943192,1,2,0.0017822480003815144,0.0014840940129943192,0.007276458985870704,150528.0,50176.0
ham_mbv2_pattern_mining,2026-02-07T03:54:30,4,295,50,0,0.74609375,0.6868717074394226,20.5620896,0.39342719592968933,0.3866993199335411,0.006727875996148214,1,2,0.013123746000928804,0.006727875996148214,0.025546185992425308,19267584.0,6422528.0
ham_mbv2_pattern_mining,2026-02-07T03:54:30,4,296,50,1,0.73828125,0.697338342666626,20.5620896,0.06654350605094805,0.0652404100401327,0.0013030960108153522,1,2,0.001584026002092287,0.0013030960108153522,0.004940015001920983,19267584.0,6422528.0
ham_mbv2_pattern_mining,2026-02-07T03:54:30,4,297,50,2,0.76171875,0.6313163042068481,20.5620896,0.0640719550428912,0.06287130003329366,0.00120065500959754,1,2,0.001512146001914516,0.00120065500959754,0.00477498400141485,19267584.0,6422528.0
ham_mbv2_pattern_mining,2026-02-07T03:54:30,4,298,50,3,0.74609375,0.6426502466201782,20.5620896,0.061880537919932976,0.06064065993996337,0.0012398779799696058,1,2,0.0015520399902015924,0.0012398779799696058,0.004512026003794745,19267584.0,6422528.0
ham_mbv2_pattern_mining,2026-02-07T03:54:32,4,299,50,4,0.7578125,0.7175202965736389,20.5620896,0.09248714873683639,0.09038334974320605,0.0021037989936303347,1,2,0.003117396991001442,0.0021037989936303347,0.005920937983319163,19267584.0,6422528.0
ham_mbv2_pattern_mining,2026-02-07T03:54:32,4,300,50,5,1.0,0.11017521470785141,0.09028159999999999,0.08468869177158922,0.08316587976878509,0.0015228120028041303,1,2,0.0018108519725501537,0.0015228120028041303,0.006505736004328355,75264.0,25088.0
ham_mbv2_pattern_mining,2026-02-07T03:54:41,0,301,51,0,0.8125,0.5713406801223755,20.5620896,0.4113835062016733,0.40318411018233746,0.008199396019335836,1,2,0.01286611901014112,0.008199396019335836,0.027452292008092627,19267584.0,6422528.0
ham_mbv2_pattern_mining,2026-02-07T03:54:41,0,302,51,1,0.76171875,0.6698212623596191,20.5620896,0.08046233182540163,0.07892837980762124,0.0015339520177803934,1,2,0.0019673829956445843,0.0015339520177803934,0.00592545498511754,19267584.0,6422528.0
ham_mbv2_pattern_mining,2026-02-07T03:54:41,0,303,51,2,0.78515625,0.5968317985534668,20.5620896,0.07835013285512105,0.07685419986955822,0.0014959329855628312,1,2,0.0018777519871946424,0.0014959329855628312,0.005807667999761179,19267584.0,6422528.0
ham_mbv2_pattern_mining,2026-02-07T03:54:41,0,304,51,3,0.80078125,0.6001294851303101,20.5620896,0.07641567708924413,0.07494440011214465,0.0014712769770994782,1,2,0.001797314005671069,0.0014712769770994782,0.005697126005543396,19267584.0,6422528.0
ham_mbv2_pattern_mining,2026-02-07T03:54:43,0,305,51,4,0.76171875,0.6637719869613647,20.5620896,0.07416394999017939,0.07275217998540029,0.0014117700047791004,1,2,0.0017439129878766835,0.0014117700047791004,0.0055313050106633455,19267584.0,6422528.0
ham_mbv2_pattern_mining,2026-02-07T03:54:43,0,306,51,5,1.0,0.4224451184272766,0.1705632,0.09597732621477917,0.09449607023270801,0.0014812559820711613,1,2,0.0018689380085561424,0.0014812559820711613,0.007580669014714658,150528.0,50176.0
ham_mbv2_pattern_mining,2026-02-07T03:54:45,1,301,51,0,0.796875,0.6011124849319458,20.5620896,0.38509827200323343,0.3776807599933818,0.0074175120098516345,1,2,0.014604730997234583,0.0074175120098516345,0.023163345002103597,19267584.0,6422528.0
ham_mbv2_pattern_mining,2026-02-07T03:54:46,1,302,51,1,0.7421875,0.6878958940505981,20.5620896,0.07386542804306373,0.07252106006490067,0.0013443679781630635,1,2,0.0022814919939264655,0.0013443679781630635,0.004970614012563601,19267584.0,6422528.0
ham_mbv2_pattern_mining,2026-02-07T03:54:46,1,303,51,2,0.76953125,0.6415313482284546,20.5620896,0.06976947677321732,0.06862269976409152,0.001146777009125799,1,2,0.0014467699802480638,0.001146777009125799,0.005415499996161088,19267584.0,6422528.0
ham_mbv2_pattern_mining,2026-02-07T03:54:46,1,304,51,3,0.77734375,0.6499136686325073,20.5620896,0.06556358592933975,0.06441306992201135,0.001150516007328406,1,2,0.0021895219979342073,0.001150516007328406,0.004251784994266927,19267584.0,6422528.0
ham_mbv2_pattern_mining,2026-02-07T03:54:47,1,305,51,4,0.75390625,0.6462112069129944,20.5620896,0.08581049085478298,0.0836721298401244,0.002138361014658585,1,2,0.0022510669950861484,0.002138361014658585,0.0061161459889262915,19267584.0,6422528.0
ham_mbv2_pattern_mining,2026-02-07T03:54:47,1,306,51,5,0.5,0.8938152194023132,0.1705632,0.07908071074052714,0.07787650974933058,0.0012042009911965579,1,2,0.001959813991561532,0.0012042009911965579,0.005827836983371526,150528.0,50176.0
ham_mbv2_pattern_mining,2026-02-07T03:54:50,2,301,51,0,0.75390625,0.6926358938217163,20.5620896,0.3962980489304755,0.3889007799443789,0.007397268986096606,1,2,0.013567899994086474,0.007397268986096606,0.025322178000351414,19267584.0,6422528.0
ham_mbv2_pattern_mining,2026-02-07T03:54:50,2,302,51,1,0.77734375,0.5881565809249878,20.5620896,0.0651966882578563,0.06393308023689315,0.0012636080209631473,1,2,0.0015930880035739392,0.0012636080209631473,0.0048002200201153755,19267584.0,6422528.0
ham_mbv2_pattern_mining,2026-02-07T03:54:51,2,303,51,2,0.765625,0.6322355270385742,20.5620896,0.06369537173304707,0.0625069797388278,0.0011883919942192733,1,2,0.0014781969948671758,0.0011883919942192733,0.004772500979015604,19267584.0,6422528.0
ham_mbv2_pattern_mining,2026-02-07T03:54:51,2,304,51,3,0.77734375,0.6680561304092407,20.5620896,0.05561235066852532,0.05452854966279119,0.0010838010057341307,1,2,0.0012574069842230529,0.0010838010057341307,0.004195447982056066,19267584.0,6422528.0
ham_mbv2_pattern_mining,2026-02-07T03:54:52,2,305,51,4,0.77734375,0.5840694308280945,20.5620896,0.05922496385755949,0.05811071983771399,0.0011142440198455006,1,2,0.0014748399844393134,0.0011142440198455006,0.004336231999332085,19267584.0,6422528.0
ham_mbv2_pattern_mining,2026-02-07T03:54:52,2,306,51,5,0.0,3.33675217628479,0.1705632,0.07966679014498368,0.07841264014132321,0.0012541500036604702,1,2,0.0015792229969520122,0.0012541500036604702,0.006262041017180309,150528.0,50176.0
ham_mbv2_pattern_mining,2026-02-07T03:54:55,3,301,51,0,0.8125,0.5378978848457336,20.5620896,0.2992642310273368,0.29438300000038,0.0048812310269568115,1,2,0.011085904989158735,0.0048812310269568115,0.018352395010879263,19267584.0,6422528.0
ham_mbv2_pattern_mining,2026-02-07T03:54:55,3,302,51,1,0.7734375,0.6326634883880615,20.5620896,0.10813284307369031,0.10613065009238198,0.002002192981308326,1,2,0.002993987000081688,0.002002192981308326,0.00761907800915651,19267584.0,6422528.0
ham_mbv2_pattern_mining,2026-02-07T03:54:55,3,303,51,2,0.7890625,0.6153509616851807,20.5620896,0.06335539717110805,0.06214173015905544,0.0012136670120526105,1,2,0.0014959480031393468,0.0012136670120526105,0.004718225012766197,19267584.0,6422528.0
ham_mbv2_pattern_mining,2026-02-07T03:54:55,3,304,51,3,0.765625,0.6537013053894043,20.5620896,0.06599531506071799,0.06468178005889058,0.001313535001827404,1,2,0.0016085589886642992,0.001313535001827404,0.004859619017224759,19267584.0,6422528.0
ham_mbv2_pattern_mining,2026-02-07T03:54:57,3,305,51,4,0.8046875,0.5039659738540649,20.5620896,0.06166083202697337,0.0604158200439997,0.001245011982973665,1,2,0.0015329750021919608,0.001245011982973665,0.004508607002208009,19267584.0,6422528.0
ham_mbv2_pattern_mining,2026-02-07T03:54:57,3,306,51,5,0.5,2.680588960647583,0.1705632,0.07771069099544547,0.07651861000340432,0.0011920809920411557,1,2,0.0013847250083927065,0.0011920809920411557,0.006267135991947725,150528.0,50176.0
ham_mbv2_pattern_mining,2026-02-07T03:55:00,4,301,51,0,0.7578125,0.6723946928977966,20.5620896,0.47268830717075616,0.4656220701872371,0.0070662369835190475,1,2,0.013428548001684248,0.0070662369835190475,0.03313365901703946,19267584.0,6422528.0
ham_mbv2_pattern_mining,2026-02-07T03:55:00,4,302,51,1,0.75,0.7037156820297241,20.5620896,0.07301022010506131,0.07168823009124026,0.0013219900138210505,1,2,0.0022006770013831556,0.0013219900138210505,0.00496814600774087,19267584.0,6422528.0
ham_mbv2_pattern_mining,2026-02-07T03:55:00,4,303,51,2,0.7421875,0.6956751346588135,20.5620896,0.07359385094605386,0.07155875995522365,0.002035090990830213,1,2,0.002340443985303864,0.002035090990830213,0.004815432010218501,19267584.0,6422528.0
ham_mbv2_pattern_mining,2026-02-07T03:55:00,4,304,51,3,0.76953125,0.6082354784011841,20.5620896,0.06083160196430981,0.059661639970727265,0.0011699619935825467,1,2,0.0014896909997332841,0.0011699619935825467,0.004476472997339442,19267584.0,6422528.0
ham_mbv2_pattern_mining,2026-02-07T03:55:02,4,305,51,4,0.6953125,0.8078418374061584,20.5620896,0.06778684773598798,0.06644283974310383,0.0013440079928841442,1,2,0.0017189539794344455,0.0013440079928841442,0.004925329994875938,19267584.0,6422528.0
ham_mbv2_pattern_mining,2026-02-07T03:55:02,4,306,51,5,1.0,0.10452432930469513,0.09028159999999999,0.07008802509517409,0.06891474011354148,0.0011732849816326052,1,2,0.0015193280123639852,0.0011732849816326052,0.005372145998990163,75264.0,25088.0
ham_mbv2_pattern_mining,2026-02-07T03:55:10,0,307,52,0,0.7890625,0.5418087840080261,20.5620896,0.30908605409786105,0.3035943800932728,0.005491674004588276,1,2,0.009160757006611675,0.005491674004588276,0.021198681002715603,19267584.0,6422528.0
ham_mbv2_pattern_mining,2026-02-07T03:55:10,0,308,52,1,0.79296875,0.5548498630523682,20.5620896,0.07789605902507901,0.07640850002644584,0.001487558998633176,1,2,0.00199054999393411,0.001487558998633176,0.005650300008710474,19267584.0,6422528.0
ham_mbv2_pattern_mining,2026-02-07T03:55:10,0,309,52,2,0.7578125,0.7411506772041321,20.5620896,0.0755105709831696,0.07407919998513535,0.0014313709980342537,1,2,0.001774709002347663,0.0014313709980342537,0.005633210996165872,19267584.0,6422528.0
ham_mbv2_pattern_mining,2026-02-07T03:55:10,0,310,52,3,0.71875,0.760878324508667,20.5620896,0.07634180478635244,0.07491048978408799,0.001431315002264455,1,2,0.0018257979827467352,0.001431315002264455,0.005665250995662063,19267584.0,6422528.0
ham_mbv2_pattern_mining,2026-02-07T03:55:11,0,311,52,4,0.796875,0.5740450024604797,20.5620896,0.10413523312308826,0.10212571010924876,0.002009523013839498,1,2,0.0025083840009756386,0.002009523013839498,0.007704187009949237,19267584.0,6422528.0
ham_mbv2_pattern_mining,2026-02-07T03:55:11,0,312,52,5,0.5,1.7919139862060547,0.1705632,0.09403752573416568,0.09254516975488514,0.0014923559792805463,1,2,0.0018807659798767418,0.0014923559792805463,0.007373750995611772,150528.0,50176.0
ham_mbv2_pattern_mining,2026-02-07T03:55:15,1,307,52,0,0.79296875,0.6019653081893921,20.5620896,0.42459336391766556,0.41708837990881875,0.0075049840088468045,1,2,0.01351549499668181,0.0075049840088468045,0.028193342994200066,19267584.0,6422528.0
ham_mbv2_pattern_mining,2026-02-07T03:55:15,1,308,52,1,0.7265625,0.744690477848053,20.5620896,0.09162712999386713,0.08974689000751823,0.0018802399863488972,1,2,0.0018950370140373707,0.0018802399863488972,0.0070796519867144525,19267584.0,6422528.0
ham_mbv2_pattern_mining,2026-02-07T03:55:15,1,309,52,2,0.79296875,0.6119669079780579,20.5620896,0.0753184289787896,0.07389589998638257,0.001422528992407024,1,2,0.0017177459958475083,0.001422528992407024,0.005671844002790749,19267584.0,6422528.0
ham_mbv2_pattern_mining,2026-02-07T03:55:15,1,310,52,3,0.7890625,0.6249197721481323,20.5620896,0.07439649783191271,0.07295105984667316,0.0014454379852395505,1,2,0.0017046690045390278,0.0014454379852395505,0.005590436980128288,19267584.0,6422528.0
ham_mbv2_pattern_mining,2026-02-07T03:55:17,1,311,52,4,0.75390625,0.6381913423538208,20.5620896,0.07573281475924887,0.07429573975969106,0.001437074999557808,1,2,0.0018220329948235303,0.001437074999557808,0.005607540981145576,19267584.0,6422528.0
ham_mbv2_pattern_mining,2026-02-07T03:55:17,1,312,52,5,1.0,0.12317611277103424,0.1705632,0.09115990687860176,0.08965866989456117,0.0015012369840405881,1,2,0.0018065909971483052,0.0015012369840405881,0.007159275992307812,150528.0,50176.0
ham_mbv2_pattern_mining,2026-02-07T03:55:20,2,307,52,0,0.8359375,0.5572850704193115,20.5620896,0.39359628086094745,0.3867850298411213,0.006811251019826159,1,2,0.013342955993721262,0.006811251019826159,0.025335546990390867,19267584.0,6422528.0
ham_mbv2_pattern_mining,2026-02-07T03:55:20,2,308,52,1,0.76953125,0.6295375823974609,20.5620896,0.07803274103207514,0.07653045002371073,0.0015022910083644092,1,2,0.0019018760067410767,0.0015022910083644092,0.005751168995629996,19267584.0,6422528.0
ham_mbv2_pattern_mining,2026-02-07T03:55:20,2,309,52,2,0.76953125,0.669869065284729,20.5620896,0.07749076798791066,0.07600712997373194,0.001483638014178723,1,2,0.0018308839935343713,0.001483638014178723,0.005769829003838822,19267584.0,6422528.0
ham_mbv2_pattern_mining,2026-02-07T03:55:20,2,310,52,3,0.76171875,0.6471394300460815,20.5620896,0.07573947627679445,0.07426906027831137,0.0014704159984830767,1,2,0.0017446030105929822,0.0014704159984830767,0.005682303017238155,19267584.0,6422528.0
ham_mbv2_pattern_mining,2026-02-07T03:55:22,2,311,52,4,0.73046875,0.6974148750305176,20.5620896,0.07622829591855407,0.07479933992726728,0.0014289559912867844,1,2,0.001795899006538093,0.0014289559912867844,0.005684034986188635,19267584.0,6422528.0
ham_mbv2_pattern_mining,2026-02-07T03:55:22,2,312,52,5,0.0,4.606987953186035,0.1705632,0.09028421127004549,0.08878714026650414,0.0014970710035413504,1,2,0.0018412570061627775,0.0014970710035413504,0.007037457020487636,150528.0,50176.0
ham_mbv2_pattern_mining,2026-02-07T03:55:25,3,307,52,0,0.80859375,0.5729763507843018,20.5620896,0.4040483169374056,0.3972045099362731,0.006843807001132518,1,2,0.01298508798936382,0.006843807001132518,0.02673536300426349,19267584.0,6422528.0
ham_mbv2_pattern_mining,2026-02-07T03:55:25,3,308,52,1,0.734375,0.698154091835022,20.5620896,0.10087555594509467,0.09860674996161833,0.0022688059834763408,1,2,0.0023959630052559078,0.0022688059834763408,0.007464711990905926,19267584.0,6422528.0
ham_mbv2_pattern_mining,2026-02-07T03:55:25,3,309,52,2,0.7421875,0.6957815885543823,20.5620896,0.07750754419248551,0.07605609018355608,0.0014514540089294314,1,2,0.0017963130085263401,0.0014514540089294314,0.005809296009829268,19267584.0,6422528.0
ham_mbv2_pattern_mining,2026-02-07T03:55:26,3,310,52,3,0.78125,0.6211538314819336,20.5620896,0.07544587386655621,0.07399328984320164,0.001452584023354575,1,2,0.0017395149916410446,0.001452584023354575,0.005659813992679119,19267584.0,6422528.0
ham_mbv2_pattern_mining,2026-02-07T03:55:27,3,311,52,4,0.7734375,0.5506035089492798,20.5620896,0.07658546674065292,0.07511141971917823,0.0014740470214746892,1,2,0.0018359159876126796,0.0014740470214746892,0.005675225984305143,19267584.0,6422528.0
ham_mbv2_pattern_mining,2026-02-07T03:55:27,3,312,52,5,1.0,0.11516649276018143,0.1705632,0.08517489119549282,0.0836615901789628,0.001513301016530022,1,2,0.001763228006893769,0.001513301016530022,0.006602931011002511,150528.0,50176.0
ham_mbv2_pattern_mining,2026-02-07T03:55:30,4,307,52,0,0.78125,0.6074749231338501,20.5620896,0.4736992498510517,0.46517471986589953,0.008524529985152185,1,2,0.015458591980859637,0.008524529985152185,0.031058880005730316,19267584.0,6422528.0
ham_mbv2_pattern_mining,2026-02-07T03:55:31,4,308,52,1,0.75390625,0.6987149715423584,20.5620896,0.10354984199511819,0.10004732001107186,0.003502521984046325,1,2,0.002748856000835076,0.003502521984046325,0.00725587600027211,19267584.0,6422528.0
ham_mbv2_pattern_mining,2026-02-07T03:55:31,4,309,52,2,0.76953125,0.6164528727531433,20.5620896,0.07794947709771805,0.07648855011211708,0.0014609269856009632,1,2,0.0019119720091111958,0.0014609269856009632,0.005736883002100512,19267584.0,6422528.0
ham_mbv2_pattern_mining,2026-02-07T03:55:31,4,310,52,3,0.77734375,0.6309836506843567,20.5620896,0.08453840721631423,0.08289617020636797,0.0016422370099462569,1,2,0.0019515470194164664,0.0016422370099462569,0.006338070001220331,19267584.0,6422528.0
ham_mbv2_pattern_mining,2026-02-07T03:55:32,4,311,52,4,0.73046875,0.7127135396003723,20.5620896,0.09384576306911185,0.0922349700704217,0.0016107929986901581,1,2,0.0019563609967008233,0.0016107929986901581,0.007267136010341346,19267584.0,6422528.0
ham_mbv2_pattern_mining,2026-02-07T03:55:32,4,312,52,5,0.0,5.449258804321289,0.09028159999999999,0.06611232899012975,0.06490302999736741,0.001209298992762342,1,2,0.0015072289970703423,0.001209298992762342,0.004983074002666399,75264.0,25088.0
ham_mbv2_pattern_mining,2026-02-07T03:55:40,0,313,53,0,0.75390625,0.7133042216300964,20.5620896,0.3010002411901951,0.29576268017990515,0.005237561010289937,1,2,0.00873839799896814,0.005237561010289937,0.020837870019022375,19267584.0,6422528.0
ham_mbv2_pattern_mining,2026-02-07T03:55:41,0,314,53,1,0.77734375,0.6200256943702698,20.5620896,0.07593182570417412,0.07444743969244882,0.0014843860117252916,1,2,0.001795252988813445,0.0014843860117252916,0.0056494909804314375,19267584.0,6422528.0
ham_mbv2_pattern_mining,2026-02-07T03:55:41,0,315,53,2,0.796875,0.5852721333503723,20.5620896,0.07585829574964009,0.07442713977070525,0.0014311559789348394,1,2,0.0018050409853458405,0.0014311559789348394,0.005637672991724685,19267584.0,6422528.0
ham_mbv2_pattern_mining,2026-02-07T03:55:41,0,316,53,3,0.796875,0.5961925387382507,20.5620896,0.07618786988314241,0.07473879988538101,0.0014490699977613986,1,2,0.0017276779981330037,0.0014490699977613986,0.005746201990405098,19267584.0,6422528.0
ham_mbv2_pattern_mining,2026-02-07T03:55:42,0,317,53,4,0.74609375,0.6188673973083496,20.5620896,0.09659058321267366,0.09442780021345243,0.0021627829992212355,1,2,0.0017737730231601745,0.0021627829992212355,0.007669006998185068,19267584.0,6422528.0
ham_mbv2_pattern_mining,2026-02-07T03:55:42,0,318,53,5,1.0,0.5648871064186096,0.1705632,0.09539049872546457,0.09387474972754717,0.0015157489979173988,1,2,0.0019147399871144444,0.0015157489979173988,0.0074727349856402725,150528.0,50176.0
ham_mbv2_pattern_mining,2026-02-07T03:55:45,1,313,53,0,0.79296875,0.5823784470558167,20.5620896,0.43136060019605793,0.42320627020671964,0.008154329989338294,1,2,0.014119098021183163,0.008154329989338294,0.0282015289994888,19267584.0,6422528.0
ham_mbv2_pattern_mining,2026-02-07T03:55:45,1,314,53,1,0.7578125,0.6437097787857056,20.5620896,0.07747069787001237,0.07595334987854585,0.0015173479914665222,1,2,0.0018440989952068776,0.0015173479914665222,0.0057512359926477075,19267584.0,6422528.0
ham_mbv2_pattern_mining,2026-02-07T03:55:46,1,315,53,2,0.7421875,0.67168790102005,20.5620896,0.07658624005853198,0.07516868005041033,0.0014175600081216544,1,2,0.0017868550203274935,0.0014175600081216544,0.0057300129847135395,19267584.0,6422528.0
ham_mbv2_pattern_mining,2026-02-07T03:55:46,1,316,53,3,0.7578125,0.6724419593811035,20.5620896,0.07906897194334306,0.07754955993732437,0.0015194120060186833,1,2,0.001864379009930417,0.0015194120060186833,0.0058905769838020205,19267584.0,6422528.0
ham_mbv2_pattern_mining,2026-02-07T03:55:47,1,317,53,4,0.76171875,0.6641702651977539,20.5620896,0.0763828940980602,0.0749068200821057,0.0014760740159545094,1,2,0.001804483006708324,0.0014760740159545094,0.005686199001502246,19267584.0,6422528.0
ham_mbv2_pattern_mining,2026-02-07T03:55:47,1,318,53,5,1.0,0.22306132316589355,0.1705632,0.09426977479597554,0.09273688978282735,0.0015328850131481886,1,2,0.0018190499977208674,0.0015328850131481886,0.007454638980561867,150528.0,50176.0
ham_mbv2_pattern_mining,2026-02-07T03:55:51,2,313,53,0,0.78515625,0.5656802654266357,20.5620896,0.4494269631104544,0.44139311008621007,0.008033853024244308,1,2,0.014280570001574233,0.008033853024244308,0.029858741007046774,19267584.0,6422528.0
ham_mbv2_pattern_mining,2026-02-07T03:55:51,2,314,53,1,0.7734375,0.6732667684555054,20.5620896,0.07579162003821693,0.07430222001858056,0.0014894000196363777,1,2,0.001764913002261892,0.0014894000196363777,0.005665308999596164,19267584.0,6422528.0
ham_mbv2_pattern_mining,2026-02-07T03:55:51,2,315,53,2,0.76171875,0.6521073579788208,20.5620896,0.0780606897897087,0.07654514978639781,0.001515540003310889,1,2,0.0018098870059475303,0.001515540003310889,0.005844627972692251,19267584.0,6422528.0
ham_mbv2_pattern_mining,2026-02-07T03:55:51,2,316,53,3,0.796875,0.5117273926734924,20.5620896,0.07775852284976281,0.07623694982612506,0.0015215730236377567,1,2,0.0017962399870157242,0.0015215730236377567,0.005827454995596781,19267584.0,6422528.0
ham_mbv2_pattern_mining,2026-02-07T03:55:53,2,317,53,4,0.75,0.6701661944389343,20.5620896,0.07828089492977597,0.07682469993596897,0.001456194993807003,1,2,0.0018633239960763603,0.001456194993807003,0.005819145997520536,19267584.0,6422528.0
ham_mbv2_pattern_mining,2026-02-07T03:55:53,2,318,53,5,1.0,0.33264318108558655,0.1705632,0.09703253785846755,0.09545799985062331,0.0015745380078442395,1,2,0.0018988210067618638,0.0015745380078442395,0.007646978978300467,150528.0,50176.0
ham_mbv2_pattern_mining,2026-02-07T03:55:56,3,313,53,0,0.82421875,0.5050299167633057,20.5620896,0.397059430135414,0.39180593012133613,0.005253500014077872,1,2,0.011875628028064966,0.005253500014077872,0.027304964984068647,19267584.0,6422528.0
ham_mbv2_pattern_mining,2026-02-07T03:55:56,3,314,53,1,0.78125,0.6256949305534363,20.5620896,0.07460343925049528,0.07313774025533348,0.0014656989951618016,1,2,0.001748587004840374,0.0014656989951618016,0.005565187020692974,19267584.0,6422528.0
ham_mbv2_pattern_mining,2026-02-07T03:55:56,3,315,53,2,0.83203125,0.48955702781677246,20.5620896,0.07357345809577964,0.07215618010377511,0.0014172779920045286,1,2,0.0017034620104823261,0.0014172779920045286,0.005512155999895185,19267584.0,6422528.0
ham_mbv2_pattern_mining,2026-02-07T03:55:56,3,316,53,3,0.76171875,0.6095292568206787,20.5620896,0.07456249685492367,0.07310441986192018,0.0014580769930034876,1,2,0.0017563099972903728,0.0014580769930034876,0.005554131988901645,19267584.0,6422528.0
ham_mbv2_pattern_mining,2026-02-07T03:55:58,3,317,53,4,0.75390625,0.7287747263908386,20.5620896,0.07580407205387019,0.0743592600338161,0.001444812020054087,1,2,0.0018297350034117699,0.001444812020054087,0.00560619099996984,19267584.0,6422528.0
ham_mbv2_pattern_mining,2026-02-07T03:55:58,3,318,53,5,0.0,3.262547731399536,0.1705632,0.09296631498727947,0.09145643998635933,0.0015098750009201467,1,2,0.0017759939946699888,0.0015098750009201467,0.007369650003965944,150528.0,50176.0
ham_mbv2_pattern_mining,2026-02-07T03:56:01,4,313,53,0,0.77734375,0.6343882083892822,20.5620896,0.47482384071918204,0.46793765970505774,0.006886181014124304,1,2,0.01330009798402898,0.006886181014124304,0.033493667986476794,19267584.0,6422528.0
ham_mbv2_pattern_mining,2026-02-07T03:56:01,4,314,53,1,0.71484375,0.7922571301460266,20.5620896,0.05857646287768148,0.0574206598685123,0.0011558030091691762,1,2,0.001398063002852723,0.0011558030091691762,0.004344002983998507,19267584.0,6422528.0
ham_mbv2_pattern_mining,2026-02-07T03:56:01,4,315,53,2,0.7578125,0.6871078014373779,20.5620896,0.05970070287003182,0.05857827985892072,0.0011224230111110955,1,2,0.0014813969901297241,0.0011224230111110955,0.004376430995762348,19267584.0,6422528.0
ham_mbv2_pattern_mining,2026-02-07T03:56:02,4,316,53,3,0.75,0.7035700082778931,20.5620896,0.05880741379223764,0.05767673981608823,0.00113067397614941,1,2,0.0014583829906769097,0.00113067397614941,0.004309290990931913,19267584.0,6422528.0
ham_mbv2_pattern_mining,2026-02-07T03:56:03,4,317,53,4,0.81640625,0.5588911771774292,20.5620896,0.05907968696556054,0.05794858996523544,0.0011310970003250986,1,2,0.0014646009949501604,0.0011310970003250986,0.004330258001573384,19267584.0,6422528.0
ham_mbv2_pattern_mining,2026-02-07T03:56:03,4,318,53,5,1.0,0.08837313950061798,0.09028159999999999,0.08215315834968351,0.08064352034125477,0.0015096380084287375,1,2,0.0018028310150839388,0.0015096380084287375,0.006261521019041538,75264.0,25088.0
ham_mbv2_pattern_mining,2026-02-07T03:56:11,0,319,54,0,0.75,0.7625544667243958,20.5620896,0.29180791473481804,0.28681190975476056,0.004996004980057478,1,2,0.008740792982280254,0.004996004980057478,0.019940397993195802,19267584.0,6422528.0
ham_mbv2_pattern_mining,2026-02-07T03:56:12,0,320,54,1,0.7890625,0.5774800181388855,20.5620896,0.1078292099700775,0.1057066599605605,0.002122550009516999,1,2,0.0025306919997092336,0.002122550009516999,0.008039973996346816,19267584.0,6422528.0
ham_mbv2_pattern_mining,2026-02-07T03:56:12,0,321,54,2,0.76953125,0.6569765210151672,20.5620896,0.0749181660648901,0.07349891006015241,0.00141925600473769,1,2,0.0017638209974393249,0.00141925600473769,0.005586070008575916,19267584.0,6422528.0
ham_mbv2_pattern_mining,2026-02-07T03:56:12,0,322,54,3,0.765625,0.614897608757019,20.5620896,0.07494309372850694,0.07351436972385272,0.0014287240046542138,1,2,0.0017266619834117591,0.0014287240046542138,0.005624774988973513,19267584.0,6422528.0
ham_mbv2_pattern_mining,2026-02-07T03:56:13,0,323,54,4,0.7734375,0.566513180732727,20.5620896,0.07614326194743626,0.07468074996722862,0.001462511980207637,1,2,0.0017795320018194616,0.001462511980207637,0.0056885429949034005,19267584.0,6422528.0
ham_mbv2_pattern_mining,2026-02-07T03:56:13,0,324,54,5,0.0,3.102344512939453,0.1705632,0.09840498384437524,0.09623889985959977,0.0021660839847754687,1,2,0.0020204609900247306,0.0021660839847754687,0.007603428995935246,150528.0,50176.0
ham_mbv2_pattern_mining,2026-02-07T03:56:16,1,319,54,0,0.73828125,0.6527305245399475,20.5620896,0.37826869799755514,0.3726725099841133,0.005596188013441861,1,2,0.012042209011269733,0.005596188013441861,0.025225041987141594,19267584.0,6422528.0
ham_mbv2_pattern_mining,2026-02-07T03:56:17,1,320,54,1,0.7890625,0.6331419944763184,20.5620896,0.07424570608418435,0.07278008008142933,0.001465626002755016,1,2,0.0017126279999502003,0.001465626002755016,0.005565380008192733,19267584.0,6422528.0
ham_mbv2_pattern_mining,2026-02-07T03:56:17,1,321,54,2,0.7421875,0.6667224168777466,20.5620896,0.07419710292015225,0.07279721990926191,0.0013998830108903348,1,2,0.0017045330023393035,0.0013998830108903348,0.005575188988586888,19267584.0,6422528.0
ham_mbv2_pattern_mining,2026-02-07T03:56:17,1,322,54,3,0.77734375,0.6091982126235962,20.5620896,0.0757794460223522,0.07433569000568241,0.001443756016669795,1,2,0.0017328289977740496,0.001443756016669795,0.005700740002794191,19267584.0,6422528.0
ham_mbv2_pattern_mining,2026-02-07T03:56:18,1,323,54,4,0.734375,0.6218870282173157,20.5620896,0.0754884620255325,0.07403472001897171,0.0014537420065607876,1,2,0.0017955790099222213,0.0014537420065607876,0.00560789299197495,19267584.0,6422528.0
ham_mbv2_pattern_mining,2026-02-07T03:56:18,1,324,54,5,0.5,1.4841907024383545,0.1705632,0.09074760804651305,0.08925845002522692,0.00148915802128613,1,2,0.0017904510023072362,0.00148915802128613,0.007135394000215456,150528.0,50176.0
ham_mbv2_pattern_mining,2026-02-07T03:56:22,2,319,54,0,0.79296875,0.5242603421211243,20.5620896,0.351081194850849,0.3455784698599018,0.005502724990947172,1,2,0.012103330984245986,0.005502724990947172,0.022454516001744196,19267584.0,6422528.0
ham_mbv2_pattern_mining,2026-02-07T03:56:22,2,320,54,1,0.72265625,0.7262107133865356,20.5620896,0.06140252511249855,0.060241270111873746,0.0011612550006248057,1,2,0.0014622340095229447,0.0011612550006248057,0.00456189300166443,19267584.0,6422528.0
ham_mbv2_pattern_mining,2026-02-07T03:56:22,2,321,54,2,0.7109375,0.6936008930206299,20.5620896,0.06751806478132494,0.0661069797934033,0.0014110849879216403,1,2,0.00171521698939614,0.0014110849879216403,0.00489548098994419,19267584.0,6422528.0
ham_mbv2_pattern_mining,2026-02-07T03:56:22,2,322,54,3,0.7734375,0.5680828094482422,20.5620896,0.057524567120708525,0.056424440117552876,0.0011001270031556487,1,2,0.00138965601217933,0.0011001270031556487,0.004252787999575958,19267584.0,6422528.0
ham_mbv2_pattern_mining,2026-02-07T03:56:23,2,323,54,4,0.796875,0.5966242551803589,20.5620896,0.058547571185044944,0.057445900165475905,0.0011016710195690393,1,2,0.001455610996345058,0.0011016710195690393,0.004288979020202532,19267584.0,6422528.0
ham_mbv2_pattern_mining,2026-02-07T03:56:23,2,324,54,5,0.5,0.5892953872680664,0.1705632,0.07062224191031419,0.06944116990780458,0.0011810720025096089,1,2,0.001453354983823374,0.0011810720025096089,0.005490762006957084,150528.0,50176.0
ham_mbv2_pattern_mining,2026-02-07T03:56:26,3,319,54,0,0.8125,0.5053699612617493,20.5620896,0.27304488015943207,0.26882013014983386,0.0042247500095982105,1,2,0.010089842020533979,0.0042247500095982105,0.016792170994449407,19267584.0,6422528.0
ham_mbv2_pattern_mining,2026-02-07T03:56:27,3,320,54,1,0.7265625,0.7024353742599487,20.5620896,0.08256433616043068,0.08094851014902815,0.0016158260114025325,1,2,0.002051994000794366,0.0016158260114025325,0.006042857014108449,19267584.0,6422528.0
ham_mbv2_pattern_mining,2026-02-07T03:56:27,3,321,54,2,0.796875,0.6034678220748901,20.5620896,0.05780268690432422,0.05670724989613518,0.0010954370081890374,1,2,0.0013480029883794487,0.0010954370081890374,0.0043227220012340695,19267584.0,6422528.0
ham_mbv2_pattern_mining,2026-02-07T03:56:27,3,322,54,3,0.78125,0.5965892672538757,20.5620896,0.05931776683428325,0.058172959834337234,0.001144806999946013,1,2,0.0014371339930221438,0.001144806999946013,0.00438016199041158,19267584.0,6422528.0
ham_mbv2_pattern_mining,2026-02-07T03:56:28,3,323,54,4,0.7890625,0.6134064197540283,20.5620896,0.06173498701537028,0.0605586200254038,0.001176366989966482,1,2,0.0014613679959438741,0.001176366989966482,0.004594494006596506,19267584.0,6422528.0
ham_mbv2_pattern_mining,2026-02-07T03:56:28,3,324,54,5,0.0,5.555334091186523,0.1705632,0.07708067828207277,0.07580073026474565,0.001279948017327115,1,2,0.001648346020374447,0.001279948017327115,0.005931727006100118,150528.0,50176.0
ham_mbv2_pattern_mining,2026-02-07T03:56:31,4,319,54,0,0.74609375,0.6929827332496643,20.5620896,0.5369353279238567,0.5263029999332502,0.010632327990606427,1,2,0.017821493005612865,0.010632327990606427,0.03480880698771216,19267584.0,6422528.0
ham_mbv2_pattern_mining,2026-02-07T03:56:31,4,320,54,1,0.79296875,0.5990843772888184,20.5620896,0.07628156020655297,0.07480137021047994,0.0014801899960730225,1,2,0.0017851820157375187,0.0014801899960730225,0.005694955005310476,19267584.0,6422528.0
ham_mbv2_pattern_mining,2026-02-07T03:56:31,4,321,54,2,0.78515625,0.618173360824585,20.5620896,0.09289148115203716,0.09113622014410794,0.0017552610079292208,1,2,0.002011800999753177,0.0017552610079292208,0.007101821014657617,19267584.0,6422528.0
ham_mbv2_pattern_mining,2026-02-07T03:56:32,4,322,54,3,0.7734375,0.588962197303772,20.5620896,0.07599327535717748,0.07453105034073815,0.0014622250164393336,1,2,0.0017728530219756067,0.0014622250164393336,0.005680252012098208,19267584.0,6422528.0
ham_mbv2_pattern_mining,2026-02-07T03:56:33,4,323,54,4,0.83203125,0.5669628381729126,20.5620896,0.06932360213249922,0.06730354012688622,0.002020062005612999,1,2,0.002277120016515255,0.002020062005612999,0.004453233996173367,19267584.0,6422528.0
ham_mbv2_pattern_mining,2026-02-07T03:56:33,4,324,54,5,0.0,3.7526845932006836,0.09028159999999999,0.06868673209100962,0.06743058009305969,0.001256151997949928,1,2,0.0014858820068184286,0.001256151997949928,0.00525717600248754,75264.0,25088.0
ham_mbv2_pattern_mining,2026-02-07T03:56:41,0,325,55,0,0.78515625,0.572863757610321,20.5620896,0.37758980770013295,0.37071049970109016,0.006879307999042794,1,2,0.010344665992306545,0.006879307999042794,0.02672638397780247,19267584.0,6422528.0
ham_mbv2_pattern_mining,2026-02-07T03:56:42,0,326,55,1,0.78125,0.6151102781295776,20.5620896,0.08271763476659544,0.08113998977933079,0.001577644987264648,1,2,0.0018373460043221712,0.001577644987264648,0.006276652973610908,19267584.0,6422528.0
ham_mbv2_pattern_mining,2026-02-07T03:56:42,0,327,55,2,0.79296875,0.5703400373458862,20.5620896,0.07458200407563709,0.07314571004826576,0.001436294027371332,1,2,0.001725423993775621,0.001436294027371332,0.0055891470110509545,19267584.0,6422528.0
ham_mbv2_pattern_mining,2026-02-07T03:56:42,0,328,55,3,0.7578125,0.625889778137207,20.5620896,0.07432934211101383,0.07289694010978565,0.0014324020012281835,1,2,0.0017179239948745817,0.0014324020012281835,0.005571770016103983,19267584.0,6422528.0
ham_mbv2_pattern_mining,2026-02-07T03:56:43,0,329,55,4,0.7109375,0.7270822525024414,20.5620896,0.0777119361446239,0.07627136015798897,0.00144057598663494,1,2,0.001866142003564164,0.00144057598663494,0.0057609940122347325,19267584.0,6422528.0
ham_mbv2_pattern_mining,2026-02-07T03:56:43,0,330,55,5,0.5,1.1727396249771118,0.1705632,0.09566809982061386,0.09418062982149422,0.0014874699991196394,1,2,0.0017789709963835776,0.0014874699991196394,0.007639091985765845,150528.0,50176.0
ham_mbv2_pattern_mining,2026-02-07T03:56:46,1,325,55,0,0.74609375,0.6801612377166748,20.5620896,0.32940893102204427,0.3238450500066392,0.005563881015405059,1,2,0.011998166999546811,0.005563881015405059,0.02038633800111711,19267584.0,6422528.0
ham_mbv2_pattern_mining,2026-02-07T03:56:47,1,326,55,1,0.76171875,0.6377441883087158,20.5620896,0.07537560281343758,0.07391795981675386,0.0014576429966837168,1,2,0.001776797987986356,0.0014576429966837168,0.00561499799368903,19267584.0,6422528.0
ham_mbv2_pattern_mining,2026-02-07T03:56:47,1,327,55,2,0.7578125,0.6511378288269043,20.5620896,0.0745717728859745,0.07316220988286659,0.0014095630031079054,1,2,0.0017267979856114835,0.0014095630031079054,0.005589423002675176,19267584.0,6422528.0
ham_mbv2_pattern_mining,2026-02-07T03:56:47,1,328,55,3,0.72265625,0.707231879234314,20.5620896,0.07675283029675484,0.07531479030149058,0.001438039995264262,1,2,0.0018129490199498832,0.001438039995264262,0.005718530010199174,19267584.0,6422528.0
ham_mbv2_pattern_mining,2026-02-07T03:56:48,1,329,55,4,0.77734375,0.5864969491958618,20.5620896,0.0767410066910088,0.07528615969931707,0.0014548469916917384,1,2,0.0018669859855435789,0.0014548469916917384,0.005661629984388128,19267584.0,6422528.0
ham_mbv2_pattern_mining,2026-02-07T03:56:48,1,330,55,5,0.5,0.6756482720375061,0.1705632,0.09600937616778538,0.09447951015317813,0.0015298660146072507,1,2,0.0018798189994413406,0.0015298660146072507,0.007568132015876472,150528.0,50176.0
ham_mbv2_pattern_mining,2026-02-07T03:56:51,2,325,55,0,0.796875,0.5948442220687866,20.5620896,0.36823725994327106,0.36194732994772494,0.006289929995546117,1,2,0.012431879993528128,0.006289929995546117,0.023762853001244366,19267584.0,6422528.0
ham_mbv2_pattern_mining,2026-02-07T03:56:51,2,326,55,1,0.81640625,0.5718001127243042,20.5620896,0.061098347388906404,0.059921680367551744,0.0011766670213546604,1,2,0.0014994210214354098,0.0011766670213546604,0.004492747015319765,19267584.0,6422528.0
ham_mbv2_pattern_mining,2026-02-07T03:56:52,2,327,55,2,0.7890625,0.5409793853759766,20.5620896,0.06124368865857832,0.060081669653300196,0.0011620190052781254,1,2,0.0014416499761864543,0.0011620190052781254,0.004566516989143565,19267584.0,6422528.0
ham_mbv2_pattern_mining,2026-02-07T03:56:52,2,328,55,3,0.7734375,0.6048108339309692,20.5620896,0.060514261858770624,0.05937004985753447,0.0011442120012361556,1,2,0.001480145991081372,0.0011442120012361556,0.004456858994672075,19267584.0,6422528.0
ham_mbv2_pattern_mining,2026-02-07T03:56:54,2,329,55,4,0.75,0.6250567436218262,20.5620896,0.07354836910963058,0.0721139000961557,0.0014344690134748816,1,2,0.0017561569984536618,0.0014344690134748816,0.0054552330111619085,19267584.0,6422528.0
ham_mbv2_pattern_mining,2026-02-07T03:56:54,2,330,55,5,0.5,2.081881046295166,0.1705632,0.06842235644580796,0.0672978104557842,0.001124545990023762,1,2,0.0013022390194237232,0.001124545990023762,0.005427542026154697,150528.0,50176.0
ham_mbv2_pattern_mining,2026-02-07T03:56:57,3,325,55,0,0.76953125,0.6953650712966919,20.5620896,0.5027288671408314,0.49562980013433844,0.007099067006492987,1,2,0.022749577008653432,0.007099067006492987,0.02681340300478041,19267584.0,6422528.0
ham_mbv2_pattern_mining,2026-02-07T03:56:57,3,326,55,1,0.76953125,0.6044065952301025,20.5620896,0.08665952185401693,0.08504267985699698,0.0016168419970199466,1,2,0.0025129469868261367,0.0016168419970199466,0.005991320998873562,19267584.0,6422528.0
ham_mbv2_pattern_mining,2026-02-07T03:56:57,3,327,55,2,0.73828125,0.6732724905014038,20.5620896,0.07883216394111514,0.07724202994722873,0.0015901339938864112,1,2,0.0018532609974499792,0.0015901339938864112,0.005870941997272894,19267584.0,6422528.0
ham_mbv2_pattern_mining,2026-02-07T03:56:57,3,328,55,3,0.81640625,0.5410608649253845,20.5620896,0.0745412211981602,0.07308151019969955,0.0014597109984606504,1,2,0.0017196139961015433,0.0014597109984606504,0.005588537023868412,19267584.0,6422528.0
ham_mbv2_pattern_mining,2026-02-07T03:56:58,3,329,55,4,0.77734375,0.576867938041687,20.5620896,0.07652119090198539,0.0750631999108009,0.001457990991184488,1,2,0.0017797090113162994,0.001457990991184488,0.005726610979763791,19267584.0,6422528.0
ham_mbv2_pattern_mining,2026-02-07T03:56:58,3,330,55,5,1.0,0.1786571592092514,0.1705632,0.08906039615976624,0.08751898014452308,0.0015414160152431577,1,2,0.001839347998611629,0.0015414160152431577,0.006912550015840679,150528.0,50176.0
ham_mbv2_pattern_mining,2026-02-07T03:57:02,4,325,55,0,0.80078125,0.6158051490783691,20.5620896,0.25873337712255307,0.2546050801174715,0.004128297005081549,1,2,0.009709133009891957,0.004128297005081549,0.015751375001855195,19267584.0,6422528.0
ham_mbv2_pattern_mining,2026-02-07T03:57:02,4,326,55,1,0.7265625,0.7299014329910278,20.5620896,0.06383309417287819,0.06260779016884044,0.0012253040040377527,1,2,0.001488522015279159,0.0012253040040377527,0.004772257001604885,19267584.0,6422528.0
ham_mbv2_pattern_mining,2026-02-07T03:57:02,4,327,55,2,0.7734375,0.6086584329605103,20.5620896,0.060612256900640205,0.05946224991930649,0.0011500069813337177,1,2,0.0014539829862769693,0.0011500069813337177,0.004492242005653679,19267584.0,6422528.0
ham_mbv2_pattern_mining,2026-02-07T03:57:02,4,328,55,3,0.72265625,0.7181282639503479,20.5620896,0.06081345197162591,0.059631449985317886,0.0011820019863080233,1,2,0.0014788990083616227,0.0011820019863080233,0.004484245990170166,19267584.0,6422528.0
ham_mbv2_pattern_mining,2026-02-07T03:57:04,4,329,55,4,0.78515625,0.6064740419387817,20.5620896,0.05981097504263744,0.05864517006557435,0.0011658049770630896,1,2,0.0014187500055413693,0.0011658049770630896,0.0044457670010160655,19267584.0,6422528.0
ham_mbv2_pattern_mining,2026-02-07T03:57:04,4,330,55,5,1.0,0.07348473370075226,0.09028159999999999,0.07020256429677829,0.06870371027616784,0.0014988540206104517,1,2,0.001633921026950702,0.0014988540206104517,0.005236450000666082,75264.0,25088.0
ham_mbv2_pattern_mining,2026-02-07T03:57:11,0,331,56,0,0.828125,0.5547425746917725,20.5620896,0.25657529063755646,0.25201076961820945,0.004564521019347012,1,2,0.008408145979046822,0.004564521019347012,0.016792930982774124,19267584.0,6422528.0
ham_mbv2_pattern_mining,2026-02-07T03:57:12,0,332,56,1,0.81640625,0.521752119064331,20.5620896,0.06998690910404548,0.06868135009426624,0.0013055590097792447,1,2,0.001826569001423195,0.0013055590097792447,0.005041566008003429,19267584.0,6422528.0
ham_mbv2_pattern_mining,2026-02-07T03:57:12,0,333,56,2,0.7109375,0.7862285375595093,20.5620896,0.0590378197375685,0.05794193973997608,0.0010958799975924194,1,2,0.0014627929776906967,0.0010958799975924194,0.004331400996306911,19267584.0,6422528.0
ham_mbv2_pattern_mining,2026-02-07T03:57:12,0,334,56,3,0.76171875,0.5730494260787964,20.5620896,0.05826160297146998,0.05716801999369636,0.0010935829777736217,1,2,0.0014339910121634603,0.0010935829777736217,0.004282810987206176,19267584.0,6422528.0
ham_mbv2_pattern_mining,2026-02-07T03:57:13,0,335,56,4,0.80859375,0.5640391707420349,20.5620896,0.07740841186023317,0.07596713985549286,0.0014412720047403127,1,2,0.0019333800009917468,0.0014412720047403127,0.005663333984557539,19267584.0,6422528.0
ham_mbv2_pattern_mining,2026-02-07T03:57:13,0,336,56,5,0.5,1.0552963018417358,0.1705632,0.09549575397977605,0.09396214998560026,0.0015336039941757917,1,2,0.0018799419922288507,0.0015336039941757917,0.0075162730063311756,150528.0,50176.0
ham_mbv2_pattern_mining,2026-02-07T03:57:16,1,331,56,0,0.75,0.6478912234306335,20.5620896,0.4100356520502828,0.40243608003947884,0.007599572010803968,1,2,0.01384389799204655,0.007599572010803968,0.026399710011901334,19267584.0,6422528.0
ham_mbv2_pattern_mining,2026-02-07T03:57:16,1,332,56,1,0.7265625,0.6802770495414734,20.5620896,0.06374973713536747,0.06251164013519883,0.0012380970001686364,1,2,0.0015684350219089538,0.0012380970001686364,0.004682728991610929,19267584.0,6422528.0
ham_mbv2_pattern_mining,2026-02-07T03:57:17,1,333,56,2,0.71875,0.6874184012413025,20.5620896,0.059002836991567165,0.05787964997580275,0.0011231870157644153,1,2,0.0013964580139145255,0.0011231870157644153,0.004391506983665749,19267584.0,6422528.0
ham_mbv2_pattern_mining,2026-02-07T03:57:17,1,334,56,3,0.78125,0.5809310078620911,20.5620896,0.06833705268218182,0.06695518968626857,0.0013818629959132522,1,2,0.0013891089765820652,0.0013818629959132522,0.005306409992044792,19267584.0,6422528.0
ham_mbv2_pattern_mining,2026-02-07T03:57:18,1,335,56,4,0.6875,0.8699231147766113,20.5620896,0.06320717695052736,0.06201287993462756,0.0011942970158997923,1,2,0.0015111139800865203,0.0011942970158997923,0.004690174013376236,19267584.0,6422528.0
ham_mbv2_pattern_mining,2026-02-07T03:57:18,1,336,56,5,0.5,2.464423418045044,0.1705632,0.07425263791810721,0.07300372992176563,0.0012489079963415861,1,2,0.0014701609907206148,0.0012489079963415861,0.005830212001455948,150528.0,50176.0
ham_mbv2_pattern_mining,2026-02-07T03:57:21,2,331,56,0,0.80078125,0.5817914009094238,20.5620896,0.4658459759957623,0.45547098998213187,0.010374986013630405,1,2,0.016503755992744118,0.010374986013630405,0.02904334300546907,19267584.0,6422528.0
ham_mbv2_pattern_mining,2026-02-07T03:57:21,2,332,56,1,0.78515625,0.603018045425415,20.5620896,0.07482828968204558,0.07338591967709363,0.0014423700049519539,1,2,0.0017629169742576778,0.0014423700049519539,0.005575674993451685,19267584.0,6422528.0
ham_mbv2_pattern_mining,2026-02-07T03:57:22,2,333,56,2,0.73046875,0.7553943991661072,20.5620896,0.07354425304220058,0.07211724005173892,0.0014270129904616624,1,2,0.0017004869878292084,0.0014270129904616624,0.005511237017344683,19267584.0,6422528.0
ham_mbv2_pattern_mining,2026-02-07T03:57:22,2,334,56,3,0.7578125,0.6878939270973206,20.5620896,0.07317558908835053,0.07174583006417379,0.0014297590241767466,1,2,0.0017195309919770807,0.0014297590241767466,0.005455052014440298,19267584.0,6422528.0
ham_mbv2_pattern_mining,2026-02-07T03:57:23,2,335,56,4,0.8359375,0.5243704319000244,20.5620896,0.07748719467781484,0.07597746967803687,0.0015097249997779727,1,2,0.0018759199883788824,0.0015097249997779727,0.0057218269794248044,19267584.0,6422528.0
ham_mbv2_pattern_mining,2026-02-07T03:57:23,2,336,56,5,1.0,0.2729278802871704,0.1705632,0.0938214713241905,0.09230419032974169,0.0015172809944488108,1,2,0.001897341018775478,0.0015172809944488108,0.007333078014198691,150528.0,50176.0
ham_mbv2_pattern_mining,2026-02-07T03:57:26,3,331,56,0,0.8359375,0.4547501802444458,20.5620896,0.429685506678652,0.4218121396843344,0.007873366994317621,1,2,0.015603440988343209,0.007873366994317621,0.02657777298009023,19267584.0,6422528.0
ham_mbv2_pattern_mining,2026-02-07T03:57:26,3,332,56,1,0.79296875,0.6248399019241333,20.5620896,0.07596530014416203,0.07448156015016139,0.0014837399940006435,1,2,0.0018345290154684335,0.0014837399940006435,0.005613626999547705,19267584.0,6422528.0
ham_mbv2_pattern_mining,2026-02-07T03:57:27,3,333,56,2,0.7578125,0.6212128400802612,20.5620896,0.07390006026253104,0.07245291024446487,0.0014471500180661678,1,2,0.0016973330057226121,0.0014471500180661678,0.005547958018723875,19267584.0,6422528.0
ham_mbv2_pattern_mining,2026-02-07T03:57:27,3,334,56,3,0.7734375,0.5824731588363647,20.5620896,0.07627178911934607,0.07479679014068097,0.0014749989786650985,1,2,0.001805901003535837,0.0014749989786650985,0.00567377801053226,19267584.0,6422528.0
ham_mbv2_pattern_mining,2026-02-07T03:57:29,3,335,56,4,0.76953125,0.6136906743049622,20.5620896,0.08058526407694444,0.07909253006801009,0.0014927340089343488,1,2,0.002024390996666625,0.0014927340089343488,0.005884862010134384,19267584.0,6422528.0
ham_mbv2_pattern_mining,2026-02-07T03:57:29,3,336,56,5,0.5,2.2051033973693848,0.1705632,0.09386220393935218,0.09232957992935553,0.0015326240099966526,1,2,0.0019140329968649894,0.0015326240099966526,0.007318924996070564,150528.0,50176.0
ham_mbv2_pattern_mining,2026-02-07T03:57:32,4,331,56,0,0.7890625,0.5886785984039307,20.5620896,0.499478814919712,0.4911865899339318,0.008292224985780194,1,2,0.014328460005344823,0.008292224985780194,0.03479019898804836,19267584.0,6422528.0
ham_mbv2_pattern_mining,2026-02-07T03:57:32,4,332,56,1,0.7578125,0.6103735566139221,20.5620896,0.07421155986958183,0.07275885989656672,0.0014526999730151147,1,2,0.0017443889810238034,0.0014526999730151147,0.0055314970086328685,19267584.0,6422528.0
ham_mbv2_pattern_mining,2026-02-07T03:57:32,4,333,56,2,0.8046875,0.6122196912765503,20.5620896,0.0739833612460643,0.07255440024891868,0.001428960997145623,1,2,0.0017023840046022087,0.001428960997145623,0.0055530560202896595,19267584.0,6422528.0
ham_mbv2_pattern_mining,2026-02-07T03:57:32,4,334,56,3,0.796875,0.589818000793457,20.5620896,0.07401052027125843,0.07247876026667655,0.0015317600045818835,1,2,0.0016464400105178356,0.0015317600045818835,0.005601436016149819,19267584.0,6422528.0
ham_mbv2_pattern_mining,2026-02-07T03:57:34,4,335,56,4,0.75390625,0.7311059832572937,20.5620896,0.07886074885027483,0.07737418985925615,0.0014865589910186827,1,2,0.0020657980057876557,0.0014865589910186827,0.005671620980137959,19267584.0,6422528.0
ham_mbv2_pattern_mining,2026-02-07T03:57:34,4,336,56,5,1.0,0.10615171492099762,0.09028159999999999,0.08788714080583304,0.08634665980935097,0.0015404809964820743,1,2,0.001830375986173749,0.0015404809964820743,0.006804289994761348,75264.0,25088.0
ham_mbv2_pattern_mining,2026-02-07T03:57:42,0,337,57,0,0.78125,0.6637961864471436,20.5620896,0.27549350084154867,0.2709001998300664,0.004593301011482254,1,2,0.0082868879835587,0.004593301011482254,0.018803131999447942,19267584.0,6422528.0
ham_mbv2_pattern_mining,2026-02-07T03:57:42,0,338,57,1,0.80859375,0.5308005809783936,20.5620896,0.06466010678559542,0.06341201980831102,0.0012480869772844017,1,2,0.0015696049958933145,0.0012480869772844017,0.004771596984937787,19267584.0,6422528.0
ham_mbv2_pattern_mining,2026-02-07T03:57:42,0,339,57,2,0.76953125,0.6410595774650574,20.5620896,0.05822244577575475,0.057108439796138555,0.001114005979616195,1,2,0.0014063959824852645,0.001114005979616195,0.004304447997128591,19267584.0,6422528.0
ham_mbv2_pattern_mining,2026-02-07T03:57:42,0,340,57,3,0.79296875,0.5638887882232666,20.5620896,0.06283611999242567,0.06162967998534441,0.0012064400070812553,1,2,0.0015127660008147359,0.0012064400070812553,0.004650201997719705,19267584.0,6422528.0
ham_mbv2_pattern_mining,2026-02-07T03:57:44,0,341,57,4,0.75390625,0.6704024076461792,20.5620896,0.07807755403337069,0.07660920004127547,0.0014683539920952171,1,2,0.0018522050231695175,0.0014683539920952171,0.00580871498095803,19267584.0,6422528.0
ham_mbv2_pattern_mining,2026-02-07T03:57:44,0,342,57,5,0.5,1.632595419883728,0.1705632,0.10333873302442953,0.10176426003454253,0.0015744729898869991,1,2,0.0020434620091691613,0.0015744729898869991,0.008132963994285092,150528.0,50176.0
ham_mbv2_pattern_mining,2026-02-07T03:57:47,1,337,57,0,0.8046875,0.5682770609855652,20.5620896,0.3566379428084474,0.3511830497882329,0.005454893020214513,1,2,0.011502471985295415,0.005454893020214513,0.023615832993527874,19267584.0,6422528.0
ham_mbv2_pattern_mining,2026-02-07T03:57:47,1,338,57,1,0.7421875,0.6362553238868713,20.5620896,0.07598433288512751,0.07451040990417823,0.0014739229809492826,1,2,0.0018339759844820946,0.0014739229809492826,0.0056170650059357285,19267584.0,6422528.0
ham_mbv2_pattern_mining,2026-02-07T03:57:47,1,339,57,2,0.8125,0.5394911766052246,20.5620896,0.07573828779277392,0.07431891979649663,0.0014193679962772876,1,2,0.001796714001102373,0.0014193679962772876,0.00563517797854729,19267584.0,6422528.0
ham_mbv2_pattern_mining,2026-02-07T03:57:47,1,340,57,3,0.80859375,0.5408989787101746,20.5620896,0.07367020982201211,0.07224518980365247,0.0014250200183596462,1,2,0.001702812995063141,0.0014250200183596462,0.0055217059853021055,19267584.0,6422528.0
ham_mbv2_pattern_mining,2026-02-07T03:57:49,1,341,57,4,0.72265625,0.7174023389816284,20.5620896,0.07564334117341787,0.07418640016112477,0.0014569410122931004,1,2,0.0017627250053919852,0.0014569410122931004,0.005655915010720491,19267584.0,6422528.0
ham_mbv2_pattern_mining,2026-02-07T03:57:49,1,342,57,5,1.0,0.28746625781059265,0.1705632,0.10895702516427264,0.10724551015300676,0.001711515011265874,1,2,0.0020775379962287843,0.001711515011265874,0.008647013019071892,150528.0,50176.0
ham_mbv2_pattern_mining,2026-02-07T03:57:52,2,337,57,0,0.80078125,0.5597186088562012,20.5620896,0.5000545950897504,0.4887547800899483,0.011299814999802038,1,2,0.014161147002596408,0.011299814999802038,0.034714331006398425,19267584.0,6422528.0
ham_mbv2_pattern_mining,2026-02-07T03:57:52,2,338,57,1,0.8046875,0.5268089771270752,20.5620896,0.07385730600799434,0.07243075000587851,0.0014265560021158308,1,2,0.0017214319959748536,0.0014265560021158308,0.005521643004612997,19267584.0,6422528.0
ham_mbv2_pattern_mining,2026-02-07T03:57:53,2,339,57,2,0.78125,0.5746456384658813,20.5620896,0.0741743280668743,0.07274311006767675,0.0014312179991975427,1,2,0.001691298995865509,0.0014312179991975427,0.005583012010902166,19267584.0,6422528.0
ham_mbv2_pattern_mining,2026-02-07T03:57:53,2,340,57,3,0.76171875,0.6705858111381531,20.5620896,0.0734232147806324,0.07199283980298787,0.001430374977644533,1,2,0.001693364989478141,0.001430374977644533,0.005505918990820646,19267584.0,6422528.0
ham_mbv2_pattern_mining,2026-02-07T03:57:54,2,341,57,4,0.76953125,0.7000434994697571,20.5620896,0.07790300619672053,0.07643503020517528,0.001467975991545245,1,2,0.0018249830172862858,0.001467975991545245,0.005818520003231242,19267584.0,6422528.0
ham_mbv2_pattern_mining,2026-02-07T03:57:54,2,342,57,5,1.0,0.11762610077857971,0.1705632,0.09731256973464042,0.09571349975885823,0.0015990699757821858,1,2,0.002140311000403017,0.0015990699757821858,0.0074310389754828066,150528.0,50176.0
ham_mbv2_pattern_mining,2026-02-07T03:57:57,3,337,57,0,0.8125,0.5269670486450195,20.5620896,0.39922008113353513,0.3938140001264401,0.005406081007095054,1,2,0.01184095800272189,0.005406081007095054,0.027540442009922117,19267584.0,6422528.0
ham_mbv2_pattern_mining,2026-02-07T03:57:57,3,338,57,1,0.76171875,0.6394275426864624,20.5620896,0.07596350714447908,0.07446413015713915,0.0014993769873399287,1,2,0.0017685140192043036,0.0014993769873399287,0.005677898996509612,19267584.0,6422528.0
ham_mbv2_pattern_mining,2026-02-07T03:57:58,3,339,57,2,0.81640625,0.5418212413787842,20.5620896,0.07727561096544378,0.07580856996355578,0.001467041001887992,1,2,0.001826531981350854,0.001467041001887992,0.005754325015004724,19267584.0,6422528.0
ham_mbv2_pattern_mining,2026-02-07T03:57:58,3,340,57,3,0.79296875,0.5540921688079834,20.5620896,0.07917152298614383,0.07762235996779054,0.0015491630183532834,1,2,0.001863899000454694,0.0015491630183532834,0.00589833699632436,19267584.0,6422528.0
ham_mbv2_pattern_mining,2026-02-07T03:57:59,3,341,57,4,0.703125,0.6962486505508423,20.5620896,0.1311851269856561,0.12857260997407138,0.002612517011584714,1,2,0.0029394360026344657,0.002612517011584714,0.009917824994772673,19267584.0,6422528.0
ham_mbv2_pattern_mining,2026-02-07T03:57:59,3,342,57,5,0.5,1.445212960243225,0.1705632,0.09144257183652371,0.08990657981485128,0.0015359920216724277,1,2,0.0018161769839935005,0.0015359920216724277,0.007174480997491628,150528.0,50176.0
ham_mbv2_pattern_mining,2026-02-07T03:58:02,4,337,57,0,0.8125,0.5170696973800659,20.5620896,0.3576466300874017,0.3520392000791617,0.005607430008240044,1,2,0.012030753016006202,0.005607430008240044,0.023173166991909966,19267584.0,6422528.0
ham_mbv2_pattern_mining,2026-02-07T03:58:03,4,338,57,1,0.76953125,0.6355469226837158,20.5620896,0.07924591534538195,0.0777076103258878,0.0015383050194941461,1,2,0.0019573520112317055,0.0015383050194941461,0.005813409021357074,19267584.0,6422528.0
ham_mbv2_pattern_mining,2026-02-07T03:58:03,4,339,57,2,0.81640625,0.5489912033081055,20.5620896,0.08565372976590879,0.08367585978703573,0.001977869978873059,1,2,0.002744483994320035,0.001977869978873059,0.005623101984383538,19267584.0,6422528.0
ham_mbv2_pattern_mining,2026-02-07T03:58:03,4,340,57,3,0.77734375,0.6434429883956909,20.5620896,0.07498344994382933,0.07352276996243745,0.001460679981391877,1,2,0.0016807729844003916,0.001460679981391877,0.0056715040118433535,19267584.0,6422528.0
ham_mbv2_pattern_mining,2026-02-07T03:58:04,4,341,57,4,0.73828125,0.7055153846740723,20.5620896,0.07763607677770779,0.07617768977070227,0.0014583870070055127,1,2,0.001977494976017624,0.0014583870070055127,0.005640274001052603,19267584.0,6422528.0
ham_mbv2_pattern_mining,2026-02-07T03:58:05,4,342,57,5,1.0,0.056220632046461105,0.09028159999999999,0.08535733204917051,0.08381966006709263,0.0015376719820778817,1,2,0.0019618830119725317,0.0015376719820778817,0.006420082994736731,75264.0,25088.0
ham_mbv2_pattern_mining,2026-02-07T03:58:13,0,343,58,0,0.78125,0.5676611661911011,20.5620896,0.3536918376630638,0.34750271966913715,0.006189117993926629,1,2,0.009614853974198923,0.006189117993926629,0.025135417992714792,19267584.0,6422528.0
ham_mbv2_pattern_mining,2026-02-07T03:58:13,0,344,58,1,0.796875,0.5735608339309692,20.5620896,0.07625761328381486,0.07477009028661996,0.0014875229971949011,1,2,0.0018472070223651826,0.0014875229971949011,0.0056298020062968135,19267584.0,6422528.0
ham_mbv2_pattern_mining,2026-02-07T03:58:13,0,345,58,2,0.8359375,0.5308908224105835,20.5620896,0.096966083656298,0.09514956967905164,0.001816513977246359,1,2,0.002315739984624088,0.001816513977246359,0.007199216983281076,19267584.0,6422528.0
ham_mbv2_pattern_mining,2026-02-07T03:58:13,0,346,58,3,0.73046875,0.648857593536377,20.5620896,0.08994783702655695,0.0881755500449799,0.0017722869815770537,1,2,0.002233785984572023,0.0017722869815770537,0.006583769019925967,19267584.0,6422528.0
ham_mbv2_pattern_mining,2026-02-07T03:58:15,0,347,58,4,0.80078125,0.5726713538169861,20.5620896,0.07435146477655508,0.07294925977475941,0.0014022050017956644,1,2,0.0017580179846845567,0.0014022050017956644,0.0055369079927913845,19267584.0,6422528.0
ham_mbv2_pattern_mining,2026-02-07T03:58:15,0,348,58,5,1.0,0.5216522216796875,0.1705632,0.09201244788710028,0.09055826987605542,0.0014541780110448599,1,2,0.0017605309840291739,0.0014541780110448599,0.007295296003576368,150528.0,50176.0
ham_mbv2_pattern_mining,2026-02-07T03:58:18,1,343,58,0,0.8125,0.5971754789352417,20.5620896,0.30679358722409233,0.3016584602301009,0.005135126993991435,1,2,0.011051353998482227,0.005135126993991435,0.019114492024527863,19267584.0,6422528.0
ham_mbv2_pattern_mining,2026-02-07T03:58:18,1,344,58,1,0.78515625,0.5578424334526062,20.5620896,0.10661605474888347,0.10456056974362582,0.002055485005257651,1,2,0.002564965980127454,0.002055485005257651,0.007891090994235128,19267584.0,6422528.0
ham_mbv2_pattern_mining,2026-02-07T03:58:18,1,345,58,2,0.73828125,0.6284042596817017,20.5620896,0.0747826402366627,0.07339165022131056,0.0013909900153521448,1,2,0.0016871420084498823,0.0013909900153521448,0.005652023013681173,19267584.0,6422528.0
ham_mbv2_pattern_mining,2026-02-07T03:58:18,1,346,58,3,0.71875,0.716391921043396,20.5620896,0.07376654201652855,0.07235828001284972,0.0014082620036788285,1,2,0.0017021640087477863,0.0014082620036788285,0.0055336639925371855,19267584.0,6422528.0
ham_mbv2_pattern_mining,2026-02-07T03:58:19,1,347,58,4,0.73828125,0.6619448661804199,20.5620896,0.10602190808276646,0.1046053200843744,0.0014165879983920604,1,2,0.0017812169971875846,0.0014165879983920604,0.008679315011249855,19267584.0,6422528.0
ham_mbv2_pattern_mining,2026-02-07T03:58:19,1,348,58,5,1.0,0.18937508761882782,0.1705632,0.12219023401848972,0.11954282002989203,0.002647413988597691,1,2,0.002100611018249765,0.002647413988597691,0.009853670984739438,150528.0,50176.0
ham_mbv2_pattern_mining,2026-02-07T03:58:23,2,343,58,0,0.76953125,0.6400270462036133,20.5620896,0.47234117781044915,0.46486210980219766,0.007479068008251488,1,2,0.013991118990816176,0.007479068008251488,0.03249509198940359,19267584.0,6422528.0
ham_mbv2_pattern_mining,2026-02-07T03:58:23,2,344,58,1,0.78515625,0.5637303590774536,20.5620896,0.07396340213017538,0.07252845010953024,0.0014349520206451416,1,2,0.0018533500260673463,0.0014349520206451416,0.005399494984885678,19267584.0,6422528.0
ham_mbv2_pattern_mining,2026-02-07T03:58:23,2,345,58,2,0.765625,0.664743959903717,20.5620896,0.05847482054377906,0.05739166954299435,0.00108315100078471,1,2,0.0014376189792528749,0.00108315100078471,0.00430154797504656,19267584.0,6422528.0
ham_mbv2_pattern_mining,2026-02-07T03:58:23,2,346,58,3,0.7734375,0.624832034111023,20.5620896,0.10419654683209956,0.10209701984422281,0.002099526987876743,1,2,0.002406376996077597,0.002099526987876743,0.007803324988344684,19267584.0,6422528.0
ham_mbv2_pattern_mining,2026-02-07T03:58:25,2,347,58,4,0.80859375,0.516463041305542,20.5620896,0.05819110694574192,0.057100529957097024,0.001090576988644898,1,2,0.001400828012265265,0.001090576988644898,0.004309224983444437,19267584.0,6422528.0
ham_mbv2_pattern_mining,2026-02-07T03:58:25,2,348,58,5,0.0,3.6410629749298096,0.1705632,0.07154294909560122,0.07042848010314628,0.0011144689924549311,1,2,0.0013482869835570455,0.0011144689924549311,0.005694561026757583,150528.0,50176.0
ham_mbv2_pattern_mining,2026-02-07T03:58:28,3,343,58,0,0.7734375,0.5999783277511597,20.5620896,0.5456193239078857,0.5355858299299143,0.010033493977971375,1,2,0.017561084998305887,0.010033493977971375,0.035997497994685546,19267584.0,6422528.0
ham_mbv2_pattern_mining,2026-02-07T03:58:28,3,344,58,1,0.83984375,0.5021584033966064,20.5620896,0.07331689490820281,0.07184263988165185,0.0014742550265509635,1,2,0.0016856429865583777,0.0014742550265509635,0.005498621001606807,19267584.0,6422528.0
ham_mbv2_pattern_mining,2026-02-07T03:58:28,3,345,58,2,0.80078125,0.5555437207221985,20.5620896,0.06022455805214122,0.059065590030513704,0.0011589680216275156,1,2,0.0014011460007168353,0.0011589680216275156,0.004505413002334535,19267584.0,6422528.0
ham_mbv2_pattern_mining,2026-02-07T03:58:28,3,346,58,3,0.76953125,0.6053906679153442,20.5620896,0.06295336814946495,0.06175128015456721,0.001202087994897738,1,2,0.0014748249959666282,0.001202087994897738,0.004700303019490093,19267584.0,6422528.0
ham_mbv2_pattern_mining,2026-02-07T03:58:29,3,347,58,4,0.76171875,0.7125158905982971,20.5620896,0.05786561907734722,0.056780370068736374,0.0010852490086108446,1,2,0.001384640985634178,0.0010852490086108446,0.0042933960212394595,19267584.0,6422528.0
ham_mbv2_pattern_mining,2026-02-07T03:58:30,3,348,58,5,0.5,1.3409866094589233,0.1705632,0.07403791675460525,0.07285785977728665,0.0011800569773185998,1,2,0.0014732859854120761,0.0011800569773185998,0.005812499992316589,150528.0,50176.0
ham_mbv2_pattern_mining,2026-02-07T03:58:32,4,343,58,0,0.7265625,0.7416346669197083,20.5620896,0.31718180316966027,0.31183917017187923,0.005342632997781038,1,2,0.01257008602260612,0.005342632997781038,0.018613830994581804,19267584.0,6422528.0
ham_mbv2_pattern_mining,2026-02-07T03:58:32,4,344,58,1,0.7890625,0.5570970177650452,20.5620896,0.06499039212940261,0.06375193013809621,0.0012384619913063943,1,2,0.0016458430036436766,0.0012384619913063943,0.004729350010165945,19267584.0,6422528.0
ham_mbv2_pattern_mining,2026-02-07T03:58:33,4,345,58,2,0.7890625,0.6446175575256348,20.5620896,0.06522636199952103,0.06400496000424027,0.0012214019952807575,1,2,0.0016683340072631836,0.0012214019952807575,0.004732161993160844,19267584.0,6422528.0
ham_mbv2_pattern_mining,2026-02-07T03:58:33,4,346,58,3,0.76171875,0.6241922378540039,20.5620896,0.05727973103057593,0.0561685100547038,0.0011112209758721292,1,2,0.0013308170018717647,0.0011112209758721292,0.0042860340035986155,19267584.0,6422528.0
ham_mbv2_pattern_mining,2026-02-07T03:58:34,4,347,58,4,0.80859375,0.5401558876037598,20.5620896,0.06358325207838789,0.062347580096684396,0.00123567198170349,1,2,0.001510489993961528,0.00123567198170349,0.004724268015706912,19267584.0,6422528.0
ham_mbv2_pattern_mining,2026-02-07T03:58:34,4,348,58,5,1.0,0.08771347254514694,0.09028159999999999,0.06628328503575176,0.06507946003694087,0.0012038249988108873,1,2,0.001453133998438716,0.0012038249988108873,0.005054812005255371,75264.0,25088.0
ham_mbv2_pattern_mining,2026-02-07T03:58:42,0,349,59,0,0.828125,0.541354238986969,20.5620896,0.35755076399073005,0.3502311700140126,0.007319593976717442,1,2,0.00953834000392817,0.007319593976717442,0.02548477699747309,19267584.0,6422528.0
ham_mbv2_pattern_mining,2026-02-07T03:58:43,0,350,59,1,0.78125,0.6087557077407837,20.5620896,0.07891231213579886,0.07742859015706927,0.0014837219787295908,1,2,0.0018101820023730397,0.0014837219787295908,0.005932677013333887,19267584.0,6422528.0
ham_mbv2_pattern_mining,2026-02-07T03:58:43,0,351,59,2,0.765625,0.5804327726364136,20.5620896,0.07764573203166947,0.07619932002853602,0.001446412003133446,1,2,0.0018631060083862394,0.001446412003133446,0.005756825994467363,19267584.0,6422528.0
ham_mbv2_pattern_mining,2026-02-07T03:58:43,0,352,59,3,0.82421875,0.5568135976791382,20.5620896,0.07882421993417665,0.07735591992968693,0.0014683000044897199,1,2,0.001985159993637353,0.0014683000044897199,0.00575043199933134,19267584.0,6422528.0
ham_mbv2_pattern_mining,2026-02-07T03:58:44,0,353,59,4,0.76171875,0.6017645597457886,20.5620896,0.07678501485497691,0.07535827986430377,0.0014267349906731397,1,2,0.0018700879882089794,0.0014267349906731397,0.005665739998221397,19267584.0,6422528.0
ham_mbv2_pattern_mining,2026-02-07T03:58:44,0,354,59,5,1.0,0.5098830461502075,0.1705632,0.0951621733547654,0.09364205034216866,0.0015201230125967413,1,2,0.001855897018685937,0.0015201230125967413,0.007508308015530929,150528.0,50176.0
ham_mbv2_pattern_mining,2026-02-07T03:58:47,1,349,59,0,0.78125,0.5808442831039429,20.5620896,0.3275716560019646,0.3221949900034815,0.005376665998483077,1,2,0.011579810990951955,0.005376665998483077,0.020639688009396195,19267584.0,6422528.0
ham_mbv2_pattern_mining,2026-02-07T03:58:48,1,350,59,1,0.73828125,0.7132417559623718,20.5620896,0.07580795692047104,0.07432504993630573,0.0014829069841653109,1,2,0.0018006100144702941,0.0014829069841653109,0.005631894979160279,19267584.0,6422528.0
ham_mbv2_pattern_mining,2026-02-07T03:58:48,1,351,59,2,0.73828125,0.6893415451049805,20.5620896,0.0750266486138571,0.07353922963375226,0.0014874189801048487,1,2,0.0017534649814479053,0.0014874189801048487,0.00560045798192732,19267584.0,6422528.0
ham_mbv2_pattern_mining,2026-02-07T03:58:48,1,352,59,3,0.80859375,0.5704387426376343,20.5620896,0.07471818407066166,0.07329176005441695,0.0014264240162447095,1,2,0.0017012830066960305,0.0014264240162447095,0.005627892998745665,19267584.0,6422528.0
ham_mbv2_pattern_mining,2026-02-07T03:58:50,1,353,59,4,0.8203125,0.5354393720626831,20.5620896,0.07649888511514291,0.07505081011913717,0.0014480749960057437,1,2,0.001858962990809232,0.0014480749960057437,0.005646118021104485,19267584.0,6422528.0
ham_mbv2_pattern_mining,2026-02-07T03:58:50,1,354,59,5,0.5,1.2129722833633423,0.1705632,0.09364246917539276,0.09213750017806888,0.0015049689973238856,1,2,0.0018759079976007342,0.0015049689973238856,0.007337842020206153,150528.0,50176.0
ham_mbv2_pattern_mining,2026-02-07T03:58:53,2,349,59,0,0.76953125,0.5943500995635986,20.5620896,0.38831965895951726,0.3802983899367973,0.008021269022719935,1,2,0.01460341300116852,0.008021269022719935,0.023426425992511213,19267584.0,6422528.0
ham_mbv2_pattern_mining,2026-02-07T03:58:53,2,350,59,1,0.8203125,0.5066182017326355,20.5620896,0.07652910379692912,0.07506006979383528,0.0014690340030938387,1,2,0.001855457987403497,0.0014690340030938387,0.005650548991980031,19267584.0,6422528.0
ham_mbv2_pattern_mining,2026-02-07T03:58:53,2,351,59,2,0.7734375,0.6070848703384399,20.5620896,0.07662032582447864,0.07518359983805567,0.0014367259864229709,1,2,0.0018012459913734347,0.0014367259864229709,0.005717113992432132,19267584.0,6422528.0
ham_mbv2_pattern_mining,2026-02-07T03:58:53,2,352,59,3,0.78515625,0.5504292845726013,20.5620896,0.07772651204140857,0.07623593002790585,0.001490582013502717,1,2,0.0019043310021515936,0.001490582013502717,0.005719262000638992,19267584.0,6422528.0
ham_mbv2_pattern_mining,2026-02-07T03:58:55,2,353,59,4,0.75,0.7107888460159302,20.5620896,0.07768477205536328,0.07621244003530592,0.0014723320200573653,1,2,0.0018484920146875083,0.0014723320200573653,0.005772751988843083,19267584.0,6422528.0
ham_mbv2_pattern_mining,2026-02-07T03:58:55,2,354,59,5,1.0,0.15993954241275787,0.1705632,0.12124684819718823,0.11916856019524857,0.0020782880019396544,1,2,0.002578460000222549,0.0020782880019396544,0.009338396019302309,150528.0,50176.0
ham_mbv2_pattern_mining,2026-02-07T03:58:58,3,349,59,0,0.79296875,0.5733053088188171,20.5620896,0.3370579773618374,0.3316133003681898,0.00544467699364759,1,2,0.012030474026687443,0.00544467699364759,0.021130856010131538,19267584.0,6422528.0
ham_mbv2_pattern_mining,2026-02-07T03:58:59,3,350,59,1,0.8046875,0.5523054599761963,20.5620896,0.09437456994783133,0.09261483995942399,0.0017597299884073436,1,2,0.002707014005864039,0.0017597299884073436,0.00655446999007836,19267584.0,6422528.0
ham_mbv2_pattern_mining,2026-02-07T03:58:59,3,351,59,2,0.796875,0.5785654783248901,20.5620896,0.07867886306485161,0.077241990074981,0.0014368729898706079,1,2,0.0017615800024941564,0.0014368729898706079,0.005962619005003944,19267584.0,6422528.0
ham_mbv2_pattern_mining,2026-02-07T03:58:59,3,352,59,3,0.74609375,0.6372931003570557,20.5620896,0.0756119952420704,0.07414867024635896,0.0014633249957114458,1,2,0.0018100340093951672,0.0014633249957114458,0.005604833015240729,19267584.0,6422528.0
ham_mbv2_pattern_mining,2026-02-07T03:59:00,3,353,59,4,0.8125,0.4948621690273285,20.5620896,0.0911666062020231,0.08949060022132471,0.0016760059806983918,1,2,0.0021068670030217618,0.0016760059806983918,0.006842193019110709,19267584.0,6422528.0
ham_mbv2_pattern_mining,2026-02-07T03:59:00,3,354,59,5,0.5,0.6824215650558472,0.1705632,0.09001184508088045,0.08848555007716641,0.00152629500371404,1,2,0.0018825290026143193,0.00152629500371404,0.0069660260051023215,150528.0,50176.0
ham_mbv2_pattern_mining,2026-02-07T03:59:04,4,349,59,0,0.8125,0.5080171227455139,20.5620896,0.544272361061303,0.5336534700472839,0.010618891014019027,1,2,0.016701201995601878,0.010618891014019027,0.036664145009126514,19267584.0,6422528.0
ham_mbv2_pattern_mining,2026-02-07T03:59:04,4,350,59,1,0.73046875,0.6969882249832153,20.5620896,0.07543339210678823,0.07416072010528296,0.0012726720015052706,1,2,0.0022620829986408353,0.0012726720015052706,0.005153989011887461,19267584.0,6422528.0
ham_mbv2_pattern_mining,2026-02-07T03:59:04,4,351,59,2,0.7578125,0.6527417898178101,20.5620896,0.0583973030152265,0.05727415002183989,0.0011231529933866113,1,2,0.0013924830127507448,0.0011231529933866113,0.004334931989433244,19267584.0,6422528.0
ham_mbv2_pattern_mining,2026-02-07T03:59:04,4,352,59,3,0.7421875,0.6841956377029419,20.5620896,0.0637099981540814,0.06247008015634492,0.0012399179977364838,1,2,0.0015500349982175976,0.0012399179977364838,0.0046969730174168944,19267584.0,6422528.0
ham_mbv2_pattern_mining,2026-02-07T03:59:05,4,353,59,4,0.69921875,0.809982180595398,20.5620896,0.07761033618589863,0.07610418018884957,0.0015061559970490634,1,2,0.001891616004286334,0.0015061559970490634,0.005718802014598623,19267584.0,6422528.0
ham_mbv2_pattern_mining,2026-02-07T03:59:05,4,354,59,5,0.0,6.450748443603516,0.09028159999999999,0.08540864306269214,0.08361315005458891,0.0017954930081032217,1,2,0.001860679010860622,0.0017954930081032217,0.0065006359945982695,75264.0,25088.0
ham_mbv2_pattern_mining,2026-02-07T03:59:14,0,355,60,0,0.75,0.6685413122177124,20.5620896,0.27765100498800166,0.272613929992076,0.00503707499592565,1,2,0.008612805977463722,0.00503707499592565,0.01864858702174388,19267584.0,6422528.0
ham_mbv2_pattern_mining,2026-02-07T03:59:14,0,356,60,1,0.796875,0.5352908372879028,20.5620896,0.07626633095787838,0.07477328996174037,0.0014930409961380064,1,2,0.0018532410031184554,0.0014930409961380064,0.005624087993055582,19267584.0,6422528.0
ham_mbv2_pattern_mining,2026-02-07T03:59:14,0,357,60,2,0.796875,0.5378062129020691,20.5620896,0.07521588305826299,0.07381995004834607,0.0013959330099169165,1,2,0.0018712980090640485,0.0013959330099169165,0.005510696995770559,19267584.0,6422528.0
ham_mbv2_pattern_mining,2026-02-07T03:59:14,0,358,60,3,0.88671875,0.40888679027557373,20.5620896,0.07705229357816279,0.07561654958408326,0.0014357439940795302,1,2,0.0019241999834775925,0.0014357439940795302,0.0056374549749307334,19267584.0,6422528.0
ham_mbv2_pattern_mining,2026-02-07T03:59:16,0,359,60,4,0.7578125,0.6416935920715332,20.5620896,0.07712885428918526,0.07568142027594149,0.0014474340132437646,1,2,0.0018809510220307857,0.0014474340132437646,0.005687191005563363,19267584.0,6422528.0
ham_mbv2_pattern_mining,2026-02-07T03:59:16,0,360,60,5,0.5,1.2093069553375244,0.1705632,0.09923031617654487,0.09770713018951938,0.0015231859870254993,1,2,0.0018899489950854331,0.0015231859870254993,0.007880764023866504,150528.0,50176.0
ham_mbv2_pattern_mining,2026-02-07T03:59:19,1,355,60,0,0.78515625,0.6022552251815796,20.5620896,0.5486182511667721,0.5377284501446411,0.010889801022130996,1,2,0.017726316989865154,0.010889801022130996,0.036046528024598956,19267584.0,6422528.0
ham_mbv2_pattern_mining,2026-02-07T03:59:19,1,356,60,1,0.76953125,0.6337813138961792,20.5620896,0.07496335712494329,0.0735074101248756,0.001455947000067681,1,2,0.0017533860227558762,0.001455947000067681,0.005597354989731684,19267584.0,6422528.0
ham_mbv2_pattern_mining,2026-02-07T03:59:19,1,357,60,2,0.7890625,0.5409237742424011,20.5620896,0.07649987586773932,0.07507965987315401,0.0014202159945853055,1,2,0.001770404982380569,0.0014202159945853055,0.0057375610049348325,19267584.0,6422528.0
ham_mbv2_pattern_mining,2026-02-07T03:59:20,1,358,60,3,0.80078125,0.5872619152069092,20.5620896,0.0749663521128241,0.07352256012381986,0.0014437919890042394,1,2,0.0017649290093686432,0.0014437919890042394,0.005587327003013343,19267584.0,6422528.0
ham_mbv2_pattern_mining,2026-02-07T03:59:21,1,359,60,4,0.76171875,0.6045882105827332,20.5620896,0.07580985483946279,0.07436758984113112,0.001442264998331666,1,2,0.0017865529807750136,0.001442264998331666,0.0056502060033380985,19267584.0,6422528.0
ham_mbv2_pattern_mining,2026-02-07T03:59:21,1,360,60,5,1.0,0.3246283233165741,0.1705632,0.0951192352513317,0.09360103023936972,0.0015182050119619817,1,2,0.0018085400224663317,0.0015182050119619817,0.00755156300147064,150528.0,50176.0
ham_mbv2_pattern_mining,2026-02-07T03:59:24,2,355,60,0,0.78515625,0.6028845310211182,20.5620896,0.34548600218840875,0.3399690301739611,0.005516972014447674,1,2,0.012257754016900435,0.005516972014447674,0.021739149000495672,19267584.0,6422528.0
ham_mbv2_pattern_mining,2026-02-07T03:59:24,2,356,60,1,0.8046875,0.5758838057518005,20.5620896,0.0810260422877036,0.07952193031087518,0.0015041119768284261,1,2,0.002190688013797626,0.0015041119768284261,0.005761505017289892,19267584.0,6422528.0
ham_mbv2_pattern_mining,2026-02-07T03:59:24,2,357,60,2,0.8359375,0.5021573901176453,20.5620896,0.08037778516882099,0.07886113016866148,0.001516655000159517,1,2,0.0018897380214184523,0.001516655000159517,0.005996374995447695,19267584.0,6422528.0
ham_mbv2_pattern_mining,2026-02-07T03:59:24,2,358,60,3,0.828125,0.4960464835166931,20.5620896,0.0604802132002078,0.05933263018960133,0.0011475830106064677,1,2,0.001473137002903968,0.0011475830106064677,0.004460126016056165,19267584.0,6422528.0
ham_mbv2_pattern_mining,2026-02-07T03:59:26,2,359,60,4,0.75390625,0.6051508188247681,20.5620896,0.0627030711621046,0.06151914014481008,0.001183931017294526,1,2,0.0015143000055104494,0.001183931017294526,0.004637614008970559,19267584.0,6422528.0
ham_mbv2_pattern_mining,2026-02-07T03:59:26,2,360,60,5,1.0,0.2255275696516037,0.1705632,0.07242123494506814,0.0711870999657549,0.0012341349793132395,1,2,0.0014856139896437526,0.0012341349793132395,0.005633096006931737,150528.0,50176.0
ham_mbv2_pattern_mining,2026-02-07T03:59:29,3,355,60,0,0.80859375,0.5861990451812744,20.5620896,0.34367571404436603,0.33802766003645957,0.005648054007906467,1,2,0.011810026015155017,0.005648054007906467,0.02199273998849094,19267584.0,6422528.0
ham_mbv2_pattern_mining,2026-02-07T03:59:29,3,356,60,1,0.7890625,0.5419180393218994,20.5620896,0.07672858904697932,0.07524760003434494,0.0014809890126343817,1,2,0.0018528219952713698,0.0014809890126343817,0.005671938008163124,19267584.0,6422528.0
ham_mbv2_pattern_mining,2026-02-07T03:59:29,3,357,60,2,0.80078125,0.5578150153160095,20.5620896,0.07366853297571652,0.07224269997095689,0.0014258330047596246,1,2,0.001702470995951444,0.0014258330047596246,0.005521799001144245,19267584.0,6422528.0
ham_mbv2_pattern_mining,2026-02-07T03:59:29,3,358,60,3,0.80078125,0.5624886751174927,20.5620896,0.07326872096746229,0.07183075998909771,0.001437960978364572,1,2,0.0016632170008961111,0.001437960978364572,0.00551985899801366,19267584.0,6422528.0
ham_mbv2_pattern_mining,2026-02-07T03:59:31,3,359,60,4,0.80859375,0.5270330905914307,20.5620896,0.07663000296452083,0.0751480899634771,0.001481913001043722,1,2,0.0017913889896590263,0.001481913001043722,0.005723420006688684,19267584.0,6422528.0
ham_mbv2_pattern_mining,2026-02-07T03:59:31,3,360,60,5,0.5,1.2655349969863892,0.1705632,0.08948021091055125,0.08796626992989331,0.0015139409806579351,1,2,0.0018233649898320436,0.0015139409806579351,0.006973262003157288,150528.0,50176.0
ham_mbv2_pattern_mining,2026-02-07T03:59:34,4,355,60,0,0.7890625,0.5928885340690613,20.5620896,0.4348634068155661,0.4275034597958438,0.007359947019722313,1,2,0.01335786099662073,0.007359947019722313,0.02939248498296365,19267584.0,6422528.0
ham_mbv2_pattern_mining,2026-02-07T03:59:34,4,356,60,1,0.8203125,0.502557635307312,20.5620896,0.07658892605104484,0.07512134005082771,0.0014675860002171248,1,2,0.001962253008969128,0.0014675860002171248,0.005549880996113643,19267584.0,6422528.0
ham_mbv2_pattern_mining,2026-02-07T03:59:34,4,357,60,2,0.7265625,0.7222031950950623,20.5620896,0.07640439528040588,0.07494177029002458,0.0014626249903813004,1,2,0.0018040770082734525,0.0014626249903813004,0.005690100020729005,19267584.0,6422528.0
ham_mbv2_pattern_mining,2026-02-07T03:59:34,4,358,60,3,0.75390625,0.6654069423675537,20.5620896,0.07409092294983566,0.07263670995598659,0.0014542129938490689,1,2,0.001705948991002515,0.0014542129938490689,0.005557722004596144,19267584.0,6422528.0
ham_mbv2_pattern_mining,2026-02-07T03:59:36,4,359,60,4,0.8046875,0.5525209903717041,20.5620896,0.06137231510365382,0.060163380112499,0.0012089349911548197,1,2,0.0015458640118595213,0.0012089349911548197,0.004470473999390379,19267584.0,6422528.0
ham_mbv2_pattern_mining,2026-02-07T03:59:36,4,360,60,5,1.0,0.07999465614557266,0.09028159999999999,0.07113326725084335,0.0698447902686894,0.0012884769821539521,1,2,0.00154897800530307,0.0012884769821539521,0.0054355010215658695,75264.0,25088.0
ham_mbv2_pattern_mining,2026-02-07T03:59:44,0,361,61,0,0.85546875,0.48578116297721863,20.5620896,0.3907845040666871,0.3824942800565623,0.008290224010124803,1,2,0.012778105010511354,0.008290224010124803,0.025471322995144874,19267584.0,6422528.0
ham_mbv2_pattern_mining,2026-02-07T03:59:45,0,362,61,1,0.80859375,0.5872423052787781,20.5620896,0.07554178169812076,0.0740662997122854,0.0014754819858353585,1,2,0.001802019978640601,0.0014754819858353585,0.005604609992587939,19267584.0,6422528.0
ham_mbv2_pattern_mining,2026-02-07T03:59:45,0,363,61,2,0.77734375,0.5729082822799683,20.5620896,0.07435490231728181,0.0729580203187652,0.0013968819985166192,1,2,0.0017571790085639805,0.0013968819985166192,0.005538623023312539,19267584.0,6422528.0
ham_mbv2_pattern_mining,2026-02-07T03:59:45,0,364,61,3,0.78515625,0.5891865491867065,20.5620896,0.078790474741254,0.07738773972960189,0.001402735011652112,1,2,0.0017004709807224572,0.001402735011652112,0.006038302992237732,19267584.0,6422528.0
ham_mbv2_pattern_mining,2026-02-07T03:59:46,0,365,61,4,0.78125,0.6188157796859741,20.5620896,0.08788986087893136,0.08435339987045154,0.0035364610084798187,1,2,0.0028702779964078218,0.0035364610084798187,0.005565061990637332,19267584.0,6422528.0
ham_mbv2_pattern_mining,2026-02-07T03:59:46,0,366,61,5,1.0,0.15652497112751007,0.1705632,0.09751789207803085,0.09600585006410256,0.0015120420139282942,1,2,0.0017822250083554536,0.0015120420139282942,0.007818359998054802,150528.0,50176.0
ham_mbv2_pattern_mining,2026-02-07T03:59:49,1,361,61,0,0.79296875,0.543620765209198,20.5620896,0.3294635932543315,0.3238686002441682,0.005594993010163307,1,2,0.011835656012408435,0.005594993010163307,0.020551204012008384,19267584.0,6422528.0
ham_mbv2_pattern_mining,2026-02-07T03:59:50,1,362,61,1,0.78125,0.597521960735321,20.5620896,0.07563508526072837,0.07416960026603192,0.0014654849946964532,1,2,0.0018052350205834955,0.0014654849946964532,0.005611725006019697,19267584.0,6422528.0
ham_mbv2_pattern_mining,2026-02-07T03:59:50,1,363,61,2,0.7890625,0.5776671171188354,20.5620896,0.07478674699086696,0.07336570997722447,0.00142103701364249,1,2,0.0017703119956422597,0.00142103701364249,0.005566259002080187,19267584.0,6422528.0
ham_mbv2_pattern_mining,2026-02-07T03:59:50,1,364,61,3,0.77734375,0.6207810640335083,20.5620896,0.0756748309941031,0.07420451001962647,0.0014703209744766355,1,2,0.0017877249920275062,0.0014703209744766355,0.005632726009935141,19267584.0,6422528.0
ham_mbv2_pattern_mining,2026-02-07T03:59:51,1,365,61,4,0.76953125,0.5959995985031128,20.5620896,0.07523695094278082,0.07378776994301006,0.0014491809997707605,1,2,0.001749296992784366,0.0014491809997707605,0.00562948000151664,19267584.0,6422528.0
ham_mbv2_pattern_mining,2026-02-07T03:59:51,1,366,61,5,0.5,1.221372365951538,0.1705632,0.09464483280316927,0.09312669979408383,0.0015181330090854317,1,2,0.0018946059863083065,0.0015181330090854317,0.007418063993100077,150528.0,50176.0
ham_mbv2_pattern_mining,2026-02-07T03:59:54,2,361,61,0,0.80859375,0.5156286954879761,20.5620896,0.4616261412447784,0.4532573002506979,0.008368840994080529,1,2,0.014675570011604577,0.008368840994080529,0.03065016001346521,19267584.0,6422528.0
ham_mbv2_pattern_mining,2026-02-07T03:59:54,2,362,61,1,0.8125,0.47014617919921875,20.5620896,0.058911061263643205,0.057767930265981704,0.0011431309976615012,1,2,0.0014405380061361939,0.0011431309976615012,0.0043362550204619765,19267584.0,6422528.0
ham_mbv2_pattern_mining,2026-02-07T03:59:54,2,363,61,2,0.80859375,0.5458580255508423,20.5620896,0.06166824192041531,0.060480349930003285,0.0011878919904120266,1,2,0.0014052460028324276,0.0011878919904120266,0.004642788990167901,19267584.0,6422528.0
ham_mbv2_pattern_mining,2026-02-07T03:59:55,2,364,61,3,0.8125,0.5341684818267822,20.5620896,0.06173671784927137,0.06053105986211449,0.0012056579871568829,1,2,0.001437151979189366,0.0012056579871568829,0.004615954007022083,19267584.0,6422528.0
ham_mbv2_pattern_mining,2026-02-07T03:59:56,2,365,61,4,0.75390625,0.6728256344795227,20.5620896,0.09872387908399105,0.09674458007793874,0.0019792990060523152,1,2,0.002222050999989733,0.0019792990060523152,0.0074524070078041404,19267584.0,6422528.0
ham_mbv2_pattern_mining,2026-02-07T03:59:56,2,366,61,5,0.5,1.880975365638733,0.1705632,0.06966956114047207,0.0684193501365371,0.0012502110039349645,1,2,0.001505715015809983,0.0012502110039349645,0.0053362199978437275,150528.0,50176.0
ham_mbv2_pattern_mining,2026-02-07T04:00:00,3,361,61,0,0.76171875,0.6339222192764282,20.5620896,0.44136142506613396,0.43308780004736036,0.0082736250187736,1,2,0.014627776021370664,0.0082736250187736,0.028681003983365372,19267584.0,6422528.0
ham_mbv2_pattern_mining,2026-02-07T04:00:00,3,362,61,1,0.7734375,0.6001075506210327,20.5620896,0.07530638211756013,0.07383515010587871,0.0014712320116814226,1,2,0.0018219140183646232,0.0014712320116814226,0.005561600992223248,19267584.0,6422528.0
ham_mbv2_pattern_mining,2026-02-07T04:00:00,3,363,61,2,0.8203125,0.5258818864822388,20.5620896,0.07468297189916484,0.07325521990424022,0.0014277519949246198,1,2,0.001763718988513574,0.0014277519949246198,0.005561803001910448,19267584.0,6422528.0
ham_mbv2_pattern_mining,2026-02-07T04:00:00,3,364,61,3,0.83984375,0.4899086654186249,20.5620896,0.07446043399977498,0.07304149999981746,0.0014189339999575168,1,2,0.0017912909970618784,0.0014189339999575168,0.005512859002919868,19267584.0,6422528.0
ham_mbv2_pattern_mining,2026-02-07T04:00:02,3,365,61,4,0.74609375,0.6576058864593506,20.5620896,0.07850594955380075,0.0769761495757848,0.0015297999780159444,1,2,0.0019109549757558852,0.0015297999780159444,0.005786659981822595,19267584.0,6422528.0
ham_mbv2_pattern_mining,2026-02-07T04:00:02,3,366,61,5,0.0,3.5395889282226562,0.1705632,0.08797039109049365,0.08644087007269263,0.0015295210178010166,1,2,0.0017635799886193126,0.0015295210178010166,0.006880507018649951,150528.0,50176.0
ham_mbv2_pattern_mining,2026-02-07T04:00:05,4,361,61,0,0.8046875,0.5688380002975464,20.5620896,0.4466016399092041,0.43793388991616666,0.008667749993037432,1,2,0.014772875991184264,0.008667749993037432,0.029020513000432402,19267584.0,6422528.0
ham_mbv2_pattern_mining,2026-02-07T04:00:05,4,362,61,1,0.78515625,0.7012885808944702,20.5620896,0.07792055312893353,0.07635784015292302,0.0015627129760105163,1,2,0.0018719240033533424,0.0015627129760105163,0.005763860011938959,19267584.0,6422528.0
ham_mbv2_pattern_mining,2026-02-07T04:00:05,4,363,61,2,0.7734375,0.6201783418655396,20.5620896,0.07471125817392021,0.07328330015297979,0.001427958020940423,1,2,0.0017541090201120824,0.001427958020940423,0.005574220995185897,19267584.0,6422528.0
ham_mbv2_pattern_mining,2026-02-07T04:00:05,4,364,61,3,0.80859375,0.6010132431983948,20.5620896,0.08025596308289096,0.07862127007683739,0.001634693006053567,1,2,0.00197255500825122,0.001634693006053567,0.005889571999432519,19267584.0,6422528.0
ham_mbv2_pattern_mining,2026-02-07T04:00:07,4,365,61,4,0.7890625,0.5827323198318481,20.5620896,0.08021362411091104,0.07860117009840906,0.0016124540125019848,1,2,0.0020059189992025495,0.0016124540125019848,0.005854198010638356,19267584.0,6422528.0
ham_mbv2_pattern_mining,2026-02-07T04:00:07,4,366,61,5,1.0,0.07749197632074356,0.09028159999999999,0.08118019177345559,0.07961529976455495,0.0015648920089006424,1,2,0.0020098759850952774,0.0015648920089006424,0.005951653991360217,75264.0,25088.0
ham_mbv2_pattern_mining,2026-02-07T04:00:15,0,367,62,0,0.765625,0.6158531308174133,20.5620896,0.5542866429022979,0.5427392799174413,0.01154736298485659,1,2,0.014341783011332154,0.01154736298485659,0.03993214498041198,19267584.0,6422528.0
ham_mbv2_pattern_mining,2026-02-07T04:00:15,0,368,62,1,0.78125,0.585989773273468,20.5620896,0.07553254626691341,0.07403884024824947,0.0014937060186639428,1,2,0.001769174006767571,0.0014937060186639428,0.005634710018057376,19267584.0,6422528.0
ham_mbv2_pattern_mining,2026-02-07T04:00:15,0,369,62,2,0.8046875,0.5739094018936157,20.5620896,0.07287534576607868,0.07148755976231769,0.0013877860037609935,1,2,0.0016797019925434142,0.0013877860037609935,0.0054690539836883545,19267584.0,6422528.0
ham_mbv2_pattern_mining,2026-02-07T04:00:15,0,370,62,3,0.79296875,0.5636203289031982,20.5620896,0.07362479291623458,0.07222118991194293,0.0014036030042916536,1,2,0.001745891000609845,0.0014036030042916536,0.005476227990584448,19267584.0,6422528.0
ham_mbv2_pattern_mining,2026-02-07T04:00:17,0,371,62,4,0.765625,0.6290778517723083,20.5620896,0.07660970801953226,0.07518311002058908,0.0014265979989431798,1,2,0.0019379130098968744,0.0014265979989431798,0.005580397992162034,19267584.0,6422528.0
ham_mbv2_pattern_mining,2026-02-07T04:00:17,0,372,62,5,1.0,0.14177925884723663,0.1705632,0.07369254110381007,0.0725399301154539,0.001152610988356173,1,2,0.0014971549971960485,0.001152610988356173,0.005756838014349341,150528.0,50176.0
ham_mbv2_pattern_mining,2026-02-07T04:00:20,1,367,62,0,0.7890625,0.5814369916915894,20.5620896,0.41678866784786806,0.4092081598355435,0.007580508012324572,1,2,0.013899777986807749,0.007580508012324572,0.0270210379967466,19267584.0,6422528.0
ham_mbv2_pattern_mining,2026-02-07T04:00:20,1,368,62,1,0.765625,0.6056082844734192,20.5620896,0.07252791713108309,0.07099853013642132,0.0015293869946617633,1,2,0.001671158999670297,0.0015293869946617633,0.005428694013971835,19267584.0,6422528.0
ham_mbv2_pattern_mining,2026-02-07T04:00:21,1,369,62,2,0.828125,0.5069522857666016,20.5620896,0.05991630005883053,0.05878038005903363,0.0011359199997968972,1,2,0.0014479880046565086,0.0011359199997968972,0.004430050001246855,19267584.0,6422528.0
ham_mbv2_pattern_mining,2026-02-07T04:00:21,1,370,62,3,0.7734375,0.6174932718276978,20.5620896,0.05890303660999052,0.05778038961580023,0.0011226469941902906,1,2,0.0014484909770544618,0.0011226469941902906,0.004329547984525561,19267584.0,6422528.0
ham_mbv2_pattern_mining,2026-02-07T04:00:22,1,371,62,4,0.76171875,0.6103101968765259,20.5620896,0.06057029217481613,0.05941925017395988,0.0011510420008562505,1,2,0.001498315017670393,0.0011510420008562505,0.004443609999725595,19267584.0,6422528.0
ham_mbv2_pattern_mining,2026-02-07T04:00:22,1,372,62,5,0.5,0.6901079416275024,0.1705632,0.07181601400952786,0.07063764001941308,0.0011783739901147783,1,2,0.0014214639959391207,0.0011783739901147783,0.005642300006002188,150528.0,50176.0
ham_mbv2_pattern_mining,2026-02-07T04:00:26,2,367,62,0,0.82421875,0.4952312707901001,20.5620896,0.35404599594767205,0.3480073099490255,0.006038685998646542,1,2,0.012344399990979582,0.006038685998646542,0.02245633100392297,19267584.0,6422528.0
ham_mbv2_pattern_mining,2026-02-07T04:00:26,2,368,62,1,0.7890625,0.5351424217224121,20.5620896,0.07570319005753845,0.07422805007081479,0.0014751399867236614,1,2,0.0017821619985625148,0.0014751399867236614,0.005640643008518964,19267584.0,6422528.0
ham_mbv2_pattern_mining,2026-02-07T04:00:26,2,369,62,2,0.828125,0.5007486939430237,20.5620896,0.08717421381152235,0.08476967981550843,0.0024045339960139245,1,2,0.0028347999905236065,0.0024045339960139245,0.005642167991027236,19267584.0,6422528.0
ham_mbv2_pattern_mining,2026-02-07T04:00:26,2,370,62,3,0.8046875,0.4936850368976593,20.5620896,0.12772721715737134,0.12520089017925784,0.0025263269781135023,1,2,0.0027503840101417154,0.0025263269781135023,0.009769705007784069,19267584.0,6422528.0
ham_mbv2_pattern_mining,2026-02-07T04:00:28,2,371,62,4,0.7890625,0.5631991624832153,20.5620896,0.0779189167660661,0.07644696976058185,0.0014719470054842532,1,2,0.0019090029818471521,0.0014719470054842532,0.005735693994211033,19267584.0,6422528.0
ham_mbv2_pattern_mining,2026-02-07T04:00:28,2,372,62,5,0.5,0.7977657914161682,0.1705632,0.09541249484755099,0.09354232985060662,0.0018701649969443679,1,2,0.002261439978610724,0.0018701649969443679,0.007092793006449938,150528.0,50176.0
ham_mbv2_pattern_mining,2026-02-07T04:00:31,3,367,62,0,0.8671875,0.44351285696029663,20.5620896,0.3418654660345055,0.3359577100491151,0.005907755985390395,1,2,0.012018734007142484,0.005907755985390395,0.021577036997769028,19267584.0,6422528.0
ham_mbv2_pattern_mining,2026-02-07T04:00:31,3,368,62,1,0.7890625,0.5625143647193909,20.5620896,0.07411749495076947,0.07268935994943604,0.0014281350013334304,1,2,0.001722235989291221,0.0014281350013334304,0.005546700005652383,19267584.0,6422528.0
ham_mbv2_pattern_mining,2026-02-07T04:00:31,3,369,62,2,0.8046875,0.5729132890701294,20.5620896,0.07386183191556484,0.07245029992191121,0.0014115319936536252,1,2,0.00172419601585716,0.0014115319936536252,0.005520833976333961,19267584.0,6422528.0
ham_mbv2_pattern_mining,2026-02-07T04:00:31,3,370,62,3,0.74609375,0.6998618841171265,20.5620896,0.07812650414416566,0.07667357014724985,0.0014529339969158173,1,2,0.0021238200133666396,0.0014529339969158173,0.005543537001358345,19267584.0,6422528.0
ham_mbv2_pattern_mining,2026-02-07T04:00:33,3,371,62,4,0.7578125,0.6713374257087708,20.5620896,0.08801402407698333,0.08635086007416248,0.0016631640028208494,1,2,0.0023578060208819807,0.0016631640028208494,0.006277279986534268,19267584.0,6422528.0
ham_mbv2_pattern_mining,2026-02-07T04:00:33,3,372,62,5,0.5,1.5189913511276245,0.1705632,0.09775824498501606,0.0961392599856481,0.0016189849993679672,1,2,0.0019627439905889332,0.0016189849993679672,0.007651182007975876,150528.0,50176.0
ham_mbv2_pattern_mining,2026-02-07T04:00:36,4,367,62,0,0.796875,0.5973398685455322,20.5620896,0.3895011280546896,0.3808352700434625,0.008665858011227101,1,2,0.015579070983221754,0.008665858011227101,0.022504456021124497,19267584.0,6422528.0
ham_mbv2_pattern_mining,2026-02-07T04:00:36,4,368,62,1,0.84375,0.4821702241897583,20.5620896,0.061804626166122034,0.06063872016966343,0.001165905996458605,1,2,0.0016069060075096786,0.001165905996458605,0.004456966009456664,19267584.0,6422528.0
ham_mbv2_pattern_mining,2026-02-07T04:00:36,4,369,62,2,0.8203125,0.5461989641189575,20.5620896,0.05631508512306027,0.055234130122698843,0.0010809550003614277,1,2,0.0013166860153432935,0.0010809550003614277,0.004206726996926591,19267584.0,6422528.0
ham_mbv2_pattern_mining,2026-02-07T04:00:36,4,370,62,3,0.8046875,0.60329270362854,20.5620896,0.06107380278990604,0.059828999801538885,0.0012448029883671552,1,2,0.0015362169942818582,0.0012448029883671552,0.00444668298587203,19267584.0,6422528.0
ham_mbv2_pattern_mining,2026-02-07T04:00:38,4,371,62,4,0.765625,0.6332592964172363,20.5620896,0.06375477119581774,0.06250374019145966,0.001251031004358083,1,2,0.001617771020391956,0.001251031004358083,0.00463260299875401,19267584.0,6422528.0
ham_mbv2_pattern_mining,2026-02-07T04:00:38,4,372,62,5,0.0,3.484898090362549,0.09028159999999999,0.06140286783920601,0.060242269828449935,0.0011605980107560754,1,2,0.001521336002042517,0.0011605980107560754,0.004502890980802476,75264.0,25088.0
ham_mbv2_pattern_mining,2026-02-07T04:00:46,0,373,63,0,0.83203125,0.5089277029037476,20.5620896,0.36129409485147335,0.35466426983475685,0.006629825016716495,1,2,0.010635149985319003,0.006629825016716495,0.02483127699815668,19267584.0,6422528.0
ham_mbv2_pattern_mining,2026-02-07T04:00:46,0,374,63,1,0.75390625,0.6314449906349182,20.5620896,0.0769155821762979,0.07543453015387058,0.0014810520224273205,1,2,0.0018573260167613626,0.0014810520224273205,0.005686126998625696,19267584.0,6422528.0
ham_mbv2_pattern_mining,2026-02-07T04:00:47,0,375,63,2,0.80078125,0.5330569744110107,20.5620896,0.07688925205729902,0.0754399600555189,0.0014492920017801225,1,2,0.0018268729909323156,0.0014492920017801225,0.005717123014619574,19267584.0,6422528.0
ham_mbv2_pattern_mining,2026-02-07T04:00:47,0,376,63,3,0.77734375,0.5607923269271851,20.5620896,0.07468136484385468,0.07325797982048243,0.0014233850233722478,1,2,0.0017698549781925976,0.0014233850233722478,0.005555943003855646,19267584.0,6422528.0
ham_mbv2_pattern_mining,2026-02-07T04:00:48,0,377,63,4,0.76953125,0.6741268038749695,20.5620896,0.07787557490519248,0.07643288990948349,0.0014426849957089871,1,2,0.0019305410096421838,0.0014426849957089871,0.0057127479813061655,19267584.0,6422528.0
ham_mbv2_pattern_mining,2026-02-07T04:00:48,0,378,63,5,0.5,3.0856056213378906,0.1705632,0.09223472091252916,0.09073911991436034,0.0014956009981688112,1,2,0.001877078990219161,0.0014956009981688112,0.0071968330012168735,150528.0,50176.0
ham_mbv2_pattern_mining,2026-02-07T04:00:51,1,373,63,0,0.76171875,0.6380809545516968,20.5620896,0.3504003942362033,0.34370232024230063,0.0066980739939026535,1,2,0.013455053005600348,0.0066980739939026535,0.020915179018629715,19267584.0,6422528.0
ham_mbv2_pattern_mining,2026-02-07T04:00:51,1,374,63,1,0.7890625,0.5832337737083435,20.5620896,0.07460825715679675,0.07314028014661744,0.001467977010179311,1,2,0.0017510180186945945,0.001467977010179311,0.00556300999596715,19267584.0,6422528.0
ham_mbv2_pattern_mining,2026-02-07T04:00:52,1,375,63,2,0.81640625,0.5356216430664062,20.5620896,0.07628097909037024,0.07484900008421391,0.0014319790061563253,1,2,0.0017997130053117871,0.0014319790061563253,0.005685187003109604,19267584.0,6422528.0
ham_mbv2_pattern_mining,2026-02-07T04:00:52,1,376,63,3,0.76171875,0.6253948211669922,20.5620896,0.07715532695874572,0.0757142499787733,0.0014410769799724221,1,2,0.0018127679941244423,0.0014410769799724221,0.005758657003752887,19267584.0,6422528.0
ham_mbv2_pattern_mining,2026-02-07T04:00:53,1,377,63,4,0.76171875,0.6477879881858826,20.5620896,0.07795766435447149,0.07649139035493135,0.0014662739995401353,1,2,0.0019093170121777803,0.0014662739995401353,0.005739822023315355,19267584.0,6422528.0
ham_mbv2_pattern_mining,2026-02-07T04:00:53,1,378,63,5,0.5,1.069360375404358,0.1705632,0.09049941689590923,0.08896346989786252,0.001535946998046711,1,2,0.0018451149808242917,0.001535946998046711,0.007051232008961961,150528.0,50176.0
ham_mbv2_pattern_mining,2026-02-07T04:00:57,2,373,63,0,0.765625,0.6280001401901245,20.5620896,0.36145159701118246,0.35504895000485703,0.006402647006325424,1,2,0.012081947003025562,0.006402647006325424,0.023422947997460142,19267584.0,6422528.0
ham_mbv2_pattern_mining,2026-02-07T04:00:57,2,374,63,1,0.80078125,0.5402436852455139,20.5620896,0.07587384278303944,0.07439772976795211,0.0014761130150873214,1,2,0.0018448880000505596,0.0014761130150873214,0.005594884976744652,19267584.0,6422528.0
ham_mbv2_pattern_mining,2026-02-07T04:00:57,2,375,63,2,0.8203125,0.514432966709137,20.5620896,0.07351180084515363,0.07209401985164732,0.0014177809935063124,1,2,0.0016931860009208322,0.0014177809935063124,0.0055162159842439,19267584.0,6422528.0
ham_mbv2_pattern_mining,2026-02-07T04:00:57,2,376,63,3,0.75,0.6153998970985413,20.5620896,0.07353627268457785,0.07209411967778578,0.0014421530067920685,1,2,0.0016907299868762493,0.0014421530067920685,0.005518681980902329,19267584.0,6422528.0
ham_mbv2_pattern_mining,2026-02-07T04:00:59,2,377,63,4,0.79296875,0.5705863833427429,20.5620896,0.07720083082676865,0.07572404982056469,0.0014767810062039644,1,2,0.0018588889797683805,0.0014767810062039644,0.005713516002288088,19267584.0,6422528.0
ham_mbv2_pattern_mining,2026-02-07T04:00:59,2,378,63,5,1.0,0.1532004326581955,0.1705632,0.10569858914823271,0.10384301014710218,0.0018555790011305362,1,2,0.0024894490197766572,0.0018555790011305362,0.00789485199493356,150528.0,50176.0
ham_mbv2_pattern_mining,2026-02-07T04:01:02,3,373,63,0,0.8359375,0.49072539806365967,20.5620896,0.5545881811121944,0.5422454301151447,0.012342750997049734,1,2,0.0198280310141854,0.012342750997049734,0.03439651199732907,19267584.0,6422528.0
ham_mbv2_pattern_mining,2026-02-07T04:01:02,3,374,63,1,0.828125,0.5167012214660645,20.5620896,0.0711661399109289,0.06976901990128681,0.0013971200096420944,1,2,0.0016495159943588078,0.0013971200096420944,0.005327385995769873,19267584.0,6422528.0
ham_mbv2_pattern_mining,2026-02-07T04:01:02,3,375,63,2,0.81640625,0.48474013805389404,20.5620896,0.055732272972818464,0.054670399986207485,0.0010618729866109788,1,2,0.0012979239982087165,0.0010618729866109788,0.004169116000412032,19267584.0,6422528.0
ham_mbv2_pattern_mining,2026-02-07T04:01:02,3,376,63,3,0.79296875,0.5966837406158447,20.5620896,0.05790473677916452,0.05678995978087187,0.0011147769982926548,1,2,0.001404409995302558,0.0011147769982926548,0.004274585982784629,19267584.0,6422528.0
ham_mbv2_pattern_mining,2026-02-07T04:01:04,3,377,63,4,0.77734375,0.6021050214767456,20.5620896,0.060315480979625136,0.05917272996157408,0.001142751018051058,1,2,0.001481343002524227,0.001142751018051058,0.004435929993633181,19267584.0,6422528.0
ham_mbv2_pattern_mining,2026-02-07T04:01:04,3,378,63,5,0.5,1.8748377561569214,0.1705632,0.07598485791822895,0.07475166989024729,0.0012331880279816687,1,2,0.0014887030120007694,0.0012331880279816687,0.005986463977023959,150528.0,50176.0
ham_mbv2_pattern_mining,2026-02-07T04:01:08,4,373,63,0,0.80078125,0.6008586883544922,20.5620896,0.5121191870421171,0.5027588800294325,0.009360307012684643,1,2,0.016294567991280928,0.009360307012684643,0.03398132001166232,19267584.0,6422528.0
ham_mbv2_pattern_mining,2026-02-07T04:01:08,4,374,63,1,0.796875,0.5702996850013733,20.5620896,0.07309569383505732,0.07165939983678982,0.0014362939982675016,1,2,0.0017077719967346638,0.0014362939982675016,0.005458167986944318,19267584.0,6422528.0
ham_mbv2_pattern_mining,2026-02-07T04:01:08,4,375,63,2,0.76953125,0.6323302984237671,20.5620896,0.07557917112717405,0.07413973013171926,0.0014394409954547882,1,2,0.0017789789999369532,0.0014394409954547882,0.005634994013234973,19267584.0,6422528.0
ham_mbv2_pattern_mining,2026-02-07T04:01:08,4,376,63,3,0.79296875,0.6030128002166748,20.5620896,0.07465452019823715,0.07320460019400343,0.001449920004233718,1,2,0.0017687510116957128,0.001449920004233718,0.0055517090077046305,19267584.0,6422528.0
ham_mbv2_pattern_mining,2026-02-07T04:01:09,4,377,63,4,0.79296875,0.6072312593460083,20.5620896,0.07386888819746673,0.07244869018904865,0.0014201980084180832,1,2,0.0017013309989124537,0.0014201980084180832,0.005543538019992411,19267584.0,6422528.0
ham_mbv2_pattern_mining,2026-02-07T04:01:09,4,378,63,5,1.0,0.08548115193843842,0.09028159999999999,0.08661536511499435,0.08508727012667805,0.0015280949883162975,1,2,0.0018888920021709055,0.0015280949883162975,0.0066198350104968995,75264.0,25088.0
ham_mbv2_pattern_mining,2026-02-07T04:01:18,0,379,64,0,0.76171875,0.6120337843894958,20.5620896,0.352971598127624,0.34617485012859106,0.006796747999032959,1,2,0.009689120022812858,0.006796747999032959,0.024928364990046248,19267584.0,6422528.0
ham_mbv2_pattern_mining,2026-02-07T04:01:18,0,380,64,1,0.7890625,0.5884056091308594,20.5620896,0.07809654713491909,0.07656716014025733,0.0015293869946617633,1,2,0.0018826730083674192,0.0015293869946617633,0.005774043005658314,19267584.0,6422528.0
ham_mbv2_pattern_mining,2026-02-07T04:01:18,0,381,64,2,0.828125,0.5330917239189148,20.5620896,0.07654206003644504,0.0750756700290367,0.0014663900074083358,1,2,0.0017758730100467801,0.0014663900074083358,0.00573169399285689,19267584.0,6422528.0
ham_mbv2_pattern_mining,2026-02-07T04:01:18,0,382,64,3,0.8125,0.5336427688598633,20.5620896,0.0761360126780346,0.07467140967492014,0.001464603003114462,1,2,0.001748725975630805,0.001464603003114462,0.005718414991861209,19267584.0,6422528.0
ham_mbv2_pattern_mining,2026-02-07T04:01:20,0,383,64,4,0.76171875,0.6217843294143677,20.5620896,0.07467806112254038,0.07325784012209624,0.001420221000444144,1,2,0.0017667720094323158,0.001420221000444144,0.005559012002777308,19267584.0,6422528.0
ham_mbv2_pattern_mining,2026-02-07T04:01:20,0,384,64,5,0.5,0.858481228351593,0.1705632,0.09287595126079395,0.09140496025793254,0.0014709910028614104,1,2,0.0017164710152428597,0.0014709910028614104,0.007424025010550395,150528.0,50176.0
ham_mbv2_pattern_mining,2026-02-07T04:01:23,1,379,64,0,0.8125,0.5492111444473267,20.5620896,0.3308185760397464,0.32553711003856733,0.005281466001179069,1,2,0.011323554994305596,0.005281466001179069,0.021230156009551138,19267584.0,6422528.0
ham_mbv2_pattern_mining,2026-02-07T04:01:23,1,380,64,1,0.8125,0.5472559928894043,20.5620896,0.07662245887331665,0.07508849987061694,0.001533959002699703,1,2,0.0017744929937180132,0.001533959002699703,0.005734356993343681,19267584.0,6422528.0
ham_mbv2_pattern_mining,2026-02-07T04:01:23,1,381,64,2,0.7890625,0.5849005579948425,20.5620896,0.07744433911284432,0.0759412901243195,0.0015030489885248244,1,2,0.001739361003274098,0.0015030489885248244,0.005854768009157851,19267584.0,6422528.0
ham_mbv2_pattern_mining,2026-02-07T04:01:23,1,382,64,3,0.75390625,0.6212441921234131,20.5620896,0.07586446398636326,0.07441018999088556,0.0014542739954777062,1,2,0.0017334349977318197,0.0014542739954777062,0.005707584001356736,19267584.0,6422528.0
ham_mbv2_pattern_mining,2026-02-07T04:01:25,1,383,64,4,0.8046875,0.544511616230011,20.5620896,0.07985543567338027,0.0783744896762073,0.0014809459971729666,1,2,0.001836800976889208,0.0014809459971729666,0.0060006479907315224,19267584.0,6422528.0
ham_mbv2_pattern_mining,2026-02-07T04:01:25,1,384,64,5,0.5,1.8102620840072632,0.1705632,0.09064813709119335,0.08914397010812536,0.0015041669830679893,1,2,0.0017830830183811486,0.0015041669830679893,0.007131313992431387,150528.0,50176.0
ham_mbv2_pattern_mining,2026-02-07T04:01:28,2,379,64,0,0.81640625,0.5451210141181946,20.5620896,0.3951235932763666,0.38831371028209105,0.00680988299427554,1,2,0.01312581601087004,0.00680988299427554,0.025705555017339066,19267584.0,6422528.0
ham_mbv2_pattern_mining,2026-02-07T04:01:28,2,380,64,1,0.8046875,0.5220887064933777,20.5620896,0.09709253610344604,0.09559641010127962,0.0014961260021664202,1,2,0.001934772008098662,0.0014961260021664202,0.0076248690020293,19267584.0,6422528.0
ham_mbv2_pattern_mining,2026-02-07T04:01:28,2,381,64,2,0.80078125,0.5084205865859985,20.5620896,0.08052981129731052,0.07905559032224119,0.0014742209750693291,1,2,0.0018770700262393802,0.0014742209750693291,0.0060284890059847385,19267584.0,6422528.0
ham_mbv2_pattern_mining,2026-02-07T04:01:28,2,382,64,3,0.75,0.6538840532302856,20.5620896,0.07653538082377054,0.07506420981371775,0.0014711710100527853,1,2,0.001752246986143291,0.0014711710100527853,0.005754173995228484,19267584.0,6422528.0
ham_mbv2_pattern_mining,2026-02-07T04:01:29,2,383,64,4,0.82421875,0.48320820927619934,20.5620896,0.0777372311858926,0.07624139019753784,0.0014958409883547574,1,2,0.0018755730125121772,0.0014958409883547574,0.005748566007241607,19267584.0,6422528.0
ham_mbv2_pattern_mining,2026-02-07T04:01:29,2,384,64,5,1.0,0.09757757931947708,0.1705632,0.095793628890533,0.09422206989256665,0.0015715589979663491,1,2,0.0018897819973062724,0.0015715589979663491,0.007532424991950393,150528.0,50176.0
ham_mbv2_pattern_mining,2026-02-07T04:01:33,3,379,64,0,0.82421875,0.48681941628456116,20.5620896,0.4933681220863946,0.4830226700869389,0.01034545199945569,1,2,0.016542580007808283,0.01034545199945569,0.031759687000885606,19267584.0,6422528.0
ham_mbv2_pattern_mining,2026-02-07T04:01:33,3,380,64,1,0.8125,0.5112503170967102,20.5620896,0.07636195424129255,0.07489766023354605,0.0014642940077465028,1,2,0.0018306910060346127,0.0014642940077465028,0.005659075017319992,19267584.0,6422528.0
ham_mbv2_pattern_mining,2026-02-07T04:01:33,3,381,64,2,0.80078125,0.4993186295032501,20.5620896,0.07509164093062282,0.07366559992078692,0.0014260410098358989,1,2,0.0017203559982590377,0.0014260410098358989,0.005646203993819654,19267584.0,6422528.0
ham_mbv2_pattern_mining,2026-02-07T04:01:33,3,382,64,3,0.76953125,0.5530537366867065,20.5620896,0.0740775078011211,0.0726322497939691,0.001445258007152006,1,2,0.001711474993498996,0.001445258007152006,0.005551749985897914,19267584.0,6422528.0
ham_mbv2_pattern_mining,2026-02-07T04:01:34,3,383,64,4,0.78125,0.5742160081863403,20.5620896,0.07588757405756041,0.07444757007760927,0.0014400039799511433,1,2,0.0017558280087541789,0.0014400039799511433,0.005688928999006748,19267584.0,6422528.0
ham_mbv2_pattern_mining,2026-02-07T04:01:34,3,384,64,5,1.0,0.33600226044654846,0.1705632,0.08804659818997607,0.08653954020701349,0.0015070579829625785,1,2,0.0017843020032159984,0.0015070579829625785,0.00686965201748535,150528.0,50176.0
ham_mbv2_pattern_mining,2026-02-07T04:01:38,4,379,64,0,0.81640625,0.4693405330181122,20.5620896,0.42098419918329455,0.4120543602039106,0.00892983897938393,1,2,0.015490095014683902,0.00892983897938393,0.02571534100570716,19267584.0,6422528.0
ham_mbv2_pattern_mining,2026-02-07T04:01:38,4,380,64,1,0.81640625,0.5413106083869934,20.5620896,0.06198965827934444,0.060813310265075415,0.0011763480142690241,1,2,0.001527495012851432,0.0011763480142690241,0.00455383601365611,19267584.0,6422528.0
ham_mbv2_pattern_mining,2026-02-07T04:01:38,4,381,64,2,0.84375,0.4558332860469818,20.5620896,0.06457623586175032,0.0633383498643525,0.0012378859973978251,1,2,0.001464976987335831,0.0012378859973978251,0.0048688579990994185,19267584.0,6422528.0
ham_mbv2_pattern_mining,2026-02-07T04:01:38,4,382,64,3,0.74609375,0.6699752807617188,20.5620896,0.06248558685183525,0.06125666986918077,0.0012289169826544821,1,2,0.0014959309773985296,0.0012289169826544821,0.004629736009519547,19267584.0,6422528.0
ham_mbv2_pattern_mining,2026-02-07T04:01:39,4,383,64,4,0.78515625,0.6191662549972534,20.5620896,0.06138638820266351,0.060228890215512365,0.001157497987151146,1,2,0.0014742860221304,0.001157497987151146,0.004548602999420837,19267584.0,6422528.0
ham_mbv2_pattern_mining,2026-02-07T04:01:39,4,384,64,5,1.0,0.05260197073221207,0.09028159999999999,0.07027958406251855,0.06904962006956339,0.0012299639929551631,1,2,0.0015395100053865463,0.0012299639929551631,0.005365452001569793,75264.0,25088.0
ham_mbv2_pattern_mining,2026-02-07T04:01:47,0,385,65,0,0.80859375,0.5123270153999329,20.5620896,0.34871775505598634,0.34231319004902616,0.006404565006960183,1,2,0.009805281995795667,0.006404565006960183,0.02442603700910695,19267584.0,6422528.0
ham_mbv2_pattern_mining,2026-02-07T04:01:47,0,386,65,1,0.75,0.6546974182128906,20.5620896,0.07964621364953928,0.07816644967533648,0.0014797639742027968,1,2,0.001974613987840712,0.0014797639742027968,0.005842030979692936,19267584.0,6422528.0
ham_mbv2_pattern_mining,2026-02-07T04:01:47,0,387,65,2,0.79296875,0.5783346891403198,20.5620896,0.06076752473018132,0.05962835974059999,0.0011391649895813316,1,2,0.0015174589934758842,0.0011391649895813316,0.004445376980584115,19267584.0,6422528.0
ham_mbv2_pattern_mining,2026-02-07T04:01:47,0,388,65,3,0.796875,0.5352984666824341,20.5620896,0.06490769240190275,0.06369778042426333,0.0012099119776394218,1,2,0.001607055019121617,0.0012099119776394218,0.004762723023304716,19267584.0,6422528.0
ham_mbv2_pattern_mining,2026-02-07T04:01:49,0,389,65,4,0.7734375,0.6593444347381592,20.5620896,0.075860772136366,0.07443158014211804,0.001429191994247958,1,2,0.0018388400203548372,0.001429191994247958,0.0056043179938569665,19267584.0,6422528.0
ham_mbv2_pattern_mining,2026-02-07T04:01:49,0,390,65,5,0.0,4.244159698486328,0.1705632,0.09304172871634364,0.09159967972664163,0.0014420489897020161,1,2,0.001748657989082858,0.0014420489897020161,0.0074113099835813046,150528.0,50176.0
ham_mbv2_pattern_mining,2026-02-07T04:01:52,1,385,65,0,0.78125,0.6031420230865479,20.5620896,0.3171072719851509,0.31227772997226566,0.004829542012885213,1,2,0.01115890999790281,0.004829542012885213,0.020068862999323756,19267584.0,6422528.0
ham_mbv2_pattern_mining,2026-02-07T04:01:52,1,386,65,1,0.76171875,0.6712117195129395,20.5620896,0.07672363822348416,0.07523724023485556,0.001486397988628596,1,2,0.0018480840080883354,0.001486397988628596,0.005675640015397221,19267584.0,6422528.0
ham_mbv2_pattern_mining,2026-02-07T04:01:52,1,387,65,2,0.76171875,0.6199043393135071,20.5620896,0.07580801285803318,0.07432908983901143,0.0014789230190217495,1,2,0.0017171780054923147,0.0014789230190217495,0.005715730978408828,19267584.0,6422528.0
ham_mbv2_pattern_mining,2026-02-07T04:01:52,1,388,65,3,0.76953125,0.6051869988441467,20.5620896,0.0782290035567712,0.0767415895825252,0.0014874139742460102,1,2,0.0017607699846848845,0.0014874139742460102,0.005913388973567635,19267584.0,6422528.0
ham_mbv2_pattern_mining,2026-02-07T04:01:53,1,389,65,4,0.7421875,0.6320282220840454,20.5620896,0.07691455687745474,0.07539185986388475,0.0015226970135699958,1,2,0.0018073899846058339,0.0015226970135699958,0.005731796001782641,19267584.0,6422528.0
ham_mbv2_pattern_mining,2026-02-07T04:01:53,1,390,65,5,1.0,0.13962531089782715,0.1705632,0.09225541906198487,0.09072857006685808,0.0015268489951267838,1,2,0.0017741580086294562,0.0015268489951267838,0.007298698998056352,150528.0,50176.0
ham_mbv2_pattern_mining,2026-02-07T04:01:57,2,385,65,0,0.80078125,0.5340569019317627,20.5620896,0.5105515000759624,0.4997250600717962,0.010826440004166216,1,2,0.01840352700673975,0.010826440004166216,0.03156897900043987,19267584.0,6422528.0
ham_mbv2_pattern_mining,2026-02-07T04:01:57,2,386,65,1,0.734375,0.6943706274032593,20.5620896,0.07965877815149724,0.0781756901415065,0.0014830880099907517,1,2,0.002168170001823455,0.0014830880099907517,0.005649399012327194,19267584.0,6422528.0
ham_mbv2_pattern_mining,2026-02-07T04:01:57,2,387,65,2,0.8515625,0.45043808221817017,20.5620896,0.07535838283365592,0.07385554985376075,0.0015028329798951745,1,2,0.0017469519807491452,0.0015028329798951745,0.00563860300462693,19267584.0,6422528.0
ham_mbv2_pattern_mining,2026-02-07T04:01:57,2,388,65,3,0.82421875,0.5390397310256958,20.5620896,0.07612690803944133,0.07467057002941146,0.0014563380100298673,1,2,0.0017343320068903267,0.0014563380100298673,0.00573272499605082,19267584.0,6422528.0
ham_mbv2_pattern_mining,2026-02-07T04:01:59,2,389,65,4,0.76953125,0.6391892433166504,20.5620896,0.07921216389513575,0.07770903990603983,0.0015031239890959114,1,2,0.0019195179920643568,0.0015031239890959114,0.005851385998539627,19267584.0,6422528.0
ham_mbv2_pattern_mining,2026-02-07T04:01:59,2,390,65,5,1.0,0.38635993003845215,0.1705632,0.0954424352676142,0.09390675026224926,0.0015356850053649396,1,2,0.001960184017661959,0.0015356850053649396,0.007430491008562967,150528.0,50176.0
ham_mbv2_pattern_mining,2026-02-07T04:02:02,3,385,65,0,0.79296875,0.5384261608123779,20.5620896,0.5332843200303614,0.5249595700297505,0.008324750000610948,1,2,0.01565193000715226,0.008324750000610948,0.03684402699582279,19267584.0,6422528.0
ham_mbv2_pattern_mining,2026-02-07T04:02:02,3,386,65,1,0.78125,0.5577051639556885,20.5620896,0.0761264251486864,0.07462244015187025,0.0015039849968161434,1,2,0.0017783879884518683,0.0015039849968161434,0.005683856026735157,19267584.0,6422528.0
ham_mbv2_pattern_mining,2026-02-07T04:02:02,3,387,65,2,0.78125,0.49980974197387695,20.5620896,0.07818696822505444,0.07671968021895736,0.0014672880060970783,1,2,0.0018266460101585835,0.0014672880060970783,0.005845322011737153,19267584.0,6422528.0
ham_mbv2_pattern_mining,2026-02-07T04:02:02,3,388,65,3,0.796875,0.5773470401763916,20.5620896,0.07836752306320705,0.07684312004130334,0.0015244030219037086,1,2,0.00183773398748599,0.0015244030219037086,0.005846578016644344,19267584.0,6422528.0
ham_mbv2_pattern_mining,2026-02-07T04:02:04,3,389,65,4,0.81640625,0.5117073655128479,20.5620896,0.13034802110632882,0.12781007011653855,0.002537950989790261,1,2,0.0028904149949084967,0.002537950989790261,0.009890592016745359,19267584.0,6422528.0
ham_mbv2_pattern_mining,2026-02-07T04:02:04,3,390,65,5,0.5,2.5570883750915527,0.1705632,0.09612845513038337,0.09457269014092162,0.0015557649894617498,1,2,0.001843942009145394,0.0015557649894617498,0.007613327004946768,150528.0,50176.0
ham_mbv2_pattern_mining,2026-02-07T04:02:07,4,385,65,0,0.82421875,0.46939754486083984,20.5620896,0.4414633978449274,0.43367924983613193,0.007784148008795455,1,2,0.014436303987167776,0.007784148008795455,0.028931620996445417,19267584.0,6422528.0
ham_mbv2_pattern_mining,2026-02-07T04:02:07,4,386,65,1,0.77734375,0.6068914532661438,20.5620896,0.07635551432031207,0.07486574031645432,0.0014897740038577467,1,2,0.0018107570067513734,0.0014897740038577467,0.005675817024894059,19267584.0,6422528.0
ham_mbv2_pattern_mining,2026-02-07T04:02:07,4,387,65,2,0.75,0.5978338718414307,20.5620896,0.07716448936844245,0.07566943037090823,0.0014950589975342155,1,2,0.001789090019883588,0.0014950589975342155,0.005777853017207235,19267584.0,6422528.0
ham_mbv2_pattern_mining,2026-02-07T04:02:07,4,388,65,3,0.8203125,0.5039145350456238,20.5620896,0.07445182598894462,0.07297105999896303,0.0014807659899815917,1,2,0.0017079070094041526,0.0014807659899815917,0.00558919899049215,19267584.0,6422528.0
ham_mbv2_pattern_mining,2026-02-07T04:02:09,4,389,65,4,0.79296875,0.5921859741210938,20.5620896,0.07509066190687008,0.07363140990491956,0.0014592520019505173,1,2,0.0017434899928048253,0.0014592520019505173,0.005619650997687131,19267584.0,6422528.0
ham_mbv2_pattern_mining,2026-02-07T04:02:09,4,390,65,5,1.0,0.06770515441894531,0.09028159999999999,0.09024048905121163,0.08864111005095765,0.0015993790002539754,1,2,0.00189404800767079,0.0015993790002539754,0.006970062997424975,75264.0,25088.0
ham_mbv2_pattern_mining,2026-02-07T04:02:17,0,391,66,0,0.81640625,0.47609639167785645,20.5620896,0.4488600868207868,0.4416298898286186,0.007230196992168203,1,2,0.011346451996359974,0.007230196992168203,0.03281653698650189,19267584.0,6422528.0
ham_mbv2_pattern_mining,2026-02-07T04:02:17,0,392,66,1,0.8203125,0.4910162687301636,20.5620896,0.07690801011631265,0.07540315011283383,0.001504860003478825,1,2,0.0018118360021617264,0.001504860003478825,0.005728479009121656,19267584.0,6422528.0
ham_mbv2_pattern_mining,2026-02-07T04:02:17,0,393,66,2,0.80078125,0.5653656721115112,20.5620896,0.07548250805120915,0.07405120006296784,0.0014313079882413149,1,2,0.0017281280015595257,0.0014313079882413149,0.005676992004737258,19267584.0,6422528.0
ham_mbv2_pattern_mining,2026-02-07T04:02:17,0,394,66,3,0.74609375,0.6929376125335693,20.5620896,0.07608032625284977,0.0746276302379556,0.0014526960148941725,1,2,0.0018314640037715435,0.0014526960148941725,0.0056312990200240165,19267584.0,6422528.0
ham_mbv2_pattern_mining,2026-02-07T04:02:19,0,395,66,4,0.734375,0.6941258907318115,20.5620896,0.08836706998408772,0.08685123000759631,0.0015158399764914066,1,2,0.001896064990432933,0.0015158399764914066,0.006789058010326698,19267584.0,6422528.0
ham_mbv2_pattern_mining,2026-02-07T04:02:19,0,396,66,5,0.5,4.357832908630371,0.1705632,0.10099501165677793,0.09945319965481758,0.001541812001960352,1,2,0.0019504689844325185,0.001541812001960352,0.00799485098104924,150528.0,50176.0
ham_mbv2_pattern_mining,2026-02-07T04:02:21,1,391,66,0,0.79296875,0.5773029327392578,20.5620896,0.34000562023720704,0.33446672023274004,0.005538900004466996,1,2,0.011653813009615988,0.005538900004466996,0.021792859013658017,19267584.0,6422528.0
ham_mbv2_pattern_mining,2026-02-07T04:02:22,1,392,66,1,0.7890625,0.5661750435829163,20.5620896,0.08160945819690824,0.08000493020517752,0.0016045279917307198,1,2,0.002334323013201356,0.0016045279917307198,0.005666170007316396,19267584.0,6422528.0
ham_mbv2_pattern_mining,2026-02-07T04:02:22,1,393,66,2,0.83203125,0.5027033090591431,20.5620896,0.07372310932260007,0.07233579031890258,0.0013873190036974847,1,2,0.0016938720073085278,0.0013873190036974847,0.00553970702458173,19267584.0,6422528.0
ham_mbv2_pattern_mining,2026-02-07T04:02:22,1,394,66,3,0.7890625,0.5459898114204407,20.5620896,0.07394862626097165,0.07251868024468422,0.0014299460162874311,1,2,0.0017261700122617185,0.0014299460162874311,0.005525698012206703,19267584.0,6422528.0
ham_mbv2_pattern_mining,2026-02-07T04:02:23,1,395,66,4,0.7890625,0.5690717697143555,20.5620896,0.07448234898038208,0.07306323997909203,0.0014191090012900531,1,2,0.001740367995807901,0.0014191090012900531,0.005565956002101302,19267584.0,6422528.0
ham_mbv2_pattern_mining,2026-02-07T04:02:23,1,396,66,5,1.0,0.17238381505012512,0.1705632,0.08801899806712754,0.08653355005662888,0.0014854480104986578,1,2,0.0017634700052440166,0.0014854480104986578,0.006889885000418872,150528.0,50176.0
ham_mbv2_pattern_mining,2026-02-07T04:02:27,2,391,66,0,0.87109375,0.4006226062774658,20.5620896,0.3970369259477593,0.39139939995948225,0.005637525988277048,1,2,0.011876356991706416,0.005637525988277048,0.02726358300424181,19267584.0,6422528.0
ham_mbv2_pattern_mining,2026-02-07T04:02:27,2,392,66,1,0.8125,0.4913482666015625,20.5620896,0.07443409611005336,0.07298620010260493,0.0014478960074484348,1,2,0.0017770859994925559,0.0014478960074484348,0.005521534010767937,19267584.0,6422528.0
ham_mbv2_pattern_mining,2026-02-07T04:02:27,2,393,66,2,0.828125,0.5153619647026062,20.5620896,0.07676017578341998,0.07532767980592325,0.0014324959774967283,1,2,0.0018371029873378575,0.0014324959774967283,0.005695664993254468,19267584.0,6422528.0
ham_mbv2_pattern_mining,2026-02-07T04:02:27,2,394,66,3,0.76953125,0.6998236179351807,20.5620896,0.07711934414692223,0.07569016015622765,0.0014291839906945825,1,2,0.001983962021768093,0.0014291839906945825,0.005585053993854672,19267584.0,6422528.0
ham_mbv2_pattern_mining,2026-02-07T04:02:28,2,395,66,4,0.7890625,0.5439871549606323,20.5620896,0.07559010194381699,0.0741552299587056,0.0014348719851113856,1,2,0.0017980219854507595,0.0014348719851113856,0.005617501010419801,19267584.0,6422528.0
ham_mbv2_pattern_mining,2026-02-07T04:02:29,2,396,66,5,0.5,0.6023874282836914,0.1705632,0.09006098617101088,0.08857241016812623,0.0014885760028846562,1,2,0.0017760420159902424,0.0014885760028846562,0.00708119900082238,150528.0,50176.0
ham_mbv2_pattern_mining,2026-02-07T04:02:31,3,391,66,0,0.8203125,0.5143181085586548,20.5620896,0.37514648216892965,0.3700210101669654,0.005125472001964226,1,2,0.016660313005559146,0.005125472001964226,0.020341788011137396,19267584.0,6422528.0
ham_mbv2_pattern_mining,2026-02-07T04:02:32,3,392,66,1,0.80859375,0.4800196886062622,20.5620896,0.08047305370564573,0.07895818969700485,0.0015148640086408705,1,2,0.0021042419830337167,0.0015148640086408705,0.005791576986666769,19267584.0,6422528.0
ham_mbv2_pattern_mining,2026-02-07T04:02:32,3,393,66,2,0.79296875,0.5133946537971497,20.5620896,0.07516216192743741,0.07372791995294392,0.0014342419744934887,1,2,0.001737296988721937,0.0014342419744934887,0.005635495006572455,19267584.0,6422528.0
ham_mbv2_pattern_mining,2026-02-07T04:02:32,3,394,66,3,0.7890625,0.5285396575927734,20.5620896,0.07304549717810005,0.0716077201650478,0.001437777013052255,1,2,0.0016673720092512667,0.001437777013052255,0.005493400007253513,19267584.0,6422528.0
ham_mbv2_pattern_mining,2026-02-07T04:02:33,3,395,66,4,0.79296875,0.5722014904022217,20.5620896,0.07675058220047504,0.07527391018811613,0.0014766720123589039,1,2,0.0018124550115317106,0.0014766720123589039,0.005714936007279903,19267584.0,6422528.0
ham_mbv2_pattern_mining,2026-02-07T04:02:34,3,396,66,5,1.0,0.11382260173559189,0.1705632,0.1262441577273421,0.12449352972907946,0.0017506279982626438,1,2,0.0033997889840975404,0.0017506279982626438,0.009049563988810405,150528.0,50176.0
ham_mbv2_pattern_mining,2026-02-07T04:02:37,4,391,66,0,0.83984375,0.4384886622428894,20.5620896,0.2923320161062293,0.28755575011018664,0.004776265996042639,1,2,0.010514785011764616,0.004776265996042639,0.018240789999254048,19267584.0,6422528.0
ham_mbv2_pattern_mining,2026-02-07T04:02:37,4,392,66,1,0.8125,0.5223240256309509,20.5620896,0.06347050299518742,0.062267419998534024,0.001203082996653393,1,2,0.0016366549825761467,0.001203082996653393,0.004590087017277256,19267584.0,6422528.0
ham_mbv2_pattern_mining,2026-02-07T04:02:37,4,393,66,2,0.8203125,0.5469356179237366,20.5620896,0.05927305875229649,0.058168129762634635,0.0011049289896618575,1,2,0.0014083859859965742,0.0011049289896618575,0.004408426990266889,19267584.0,6422528.0
ham_mbv2_pattern_mining,2026-02-07T04:02:37,4,394,66,3,0.78125,0.6213197708129883,20.5620896,0.07707614108221605,0.07558092009276152,0.0014952209894545376,1,2,0.0018251360161229968,0.0014952209894545376,0.005732955993153155,19267584.0,6422528.0
ham_mbv2_pattern_mining,2026-02-07T04:02:39,4,395,66,4,0.79296875,0.545536994934082,20.5620896,0.07680312910815701,0.07530533010140061,0.001497799006756395,1,2,0.0017874240002129227,0.001497799006756395,0.005743109009927139,19267584.0,6422528.0
ham_mbv2_pattern_mining,2026-02-07T04:02:39,4,396,66,5,1.0,0.05535060912370682,0.09028159999999999,0.08559257202432491,0.08400694001466036,0.0015856320096645504,1,2,0.0019367909990251064,0.0015856320096645504,0.006463903002440929,75264.0,25088.0
ham_mbv2_pattern_mining,2026-02-07T04:02:47,0,397,67,0,0.80078125,0.5441340208053589,20.5620896,0.45668807209585793,0.44925471011083573,0.007433361985022202,1,2,0.011405341007048264,0.007433361985022202,0.03352013000403531,19267584.0,6422528.0
ham_mbv2_pattern_mining,2026-02-07T04:02:47,0,398,67,1,0.765625,0.6359750628471375,20.5620896,0.07604455799446441,0.07458653999492526,0.0014580179995391518,1,2,0.001800262980395928,0.0014580179995391518,0.005658391019096598,19267584.0,6422528.0
ham_mbv2_pattern_mining,2026-02-07T04:02:48,0,399,67,2,0.765625,0.6585670709609985,20.5620896,0.07445663481485099,0.07304334983928129,0.0014132849755696952,1,2,0.001731883006868884,0.0014132849755696952,0.005572451977059245,19267584.0,6422528.0
ham_mbv2_pattern_mining,2026-02-07T04:02:48,0,400,67,3,0.7890625,0.6628258228302002,20.5620896,0.07832033460726961,0.07685580960242078,0.0014645250048488379,1,2,0.0019038859754800797,0.0014645250048488379,0.005781694984761998,19267584.0,6422528.0
ham_mbv2_pattern_mining,2026-02-07T04:02:49,0,401,67,4,0.7734375,0.5612983107566833,20.5620896,0.1288917620840948,0.12647805007873103,0.0024137120053637773,1,2,0.0028443589981179684,0.0024137120053637773,0.009803446009755135,19267584.0,6422528.0
ham_mbv2_pattern_mining,2026-02-07T04:02:49,0,402,67,5,0.0,4.719293594360352,0.1705632,0.09469827316934243,0.0931888201739639,0.001509452995378524,1,2,0.0018012240179814398,0.001509452995378524,0.007517657999414951,150528.0,50176.0
ham_mbv2_pattern_mining,2026-02-07T04:02:52,1,397,67,0,0.80078125,0.5188369154930115,20.5620896,0.31767191403196193,0.3125272400211543,0.005144674010807648,1,2,0.011357420007698238,0.005144674010807648,0.01989530399441719,19267584.0,6422528.0
ham_mbv2_pattern_mining,2026-02-07T04:02:53,1,398,67,1,0.8203125,0.5248616337776184,20.5620896,0.11230752221308649,0.11011067021172494,0.002196852001361549,1,2,0.0026589480112306774,0.002196852001361549,0.008352119009941816,19267584.0,6422528.0
ham_mbv2_pattern_mining,2026-02-07T04:02:53,1,399,67,2,0.75390625,0.6741369962692261,20.5620896,0.07624058812507428,0.07481650012778118,0.0014240879972930998,1,2,0.0017981900018639863,0.0014240879972930998,0.005683460010914132,19267584.0,6422528.0
ham_mbv2_pattern_mining,2026-02-07T04:02:53,1,400,67,3,0.71875,0.6634048223495483,20.5620896,0.07483697394491173,0.07341421995079145,0.001422753994120285,1,2,0.0017159820126835257,0.001422753994120285,0.005625439982395619,19267584.0,6422528.0
ham_mbv2_pattern_mining,2026-02-07T04:02:54,1,401,67,4,0.80859375,0.5272074937820435,20.5620896,0.07655430302838795,0.07511834002798423,0.0014359630004037172,1,2,0.0018627300160005689,0.0014359630004037172,0.005649103986797854,19267584.0,6422528.0
ham_mbv2_pattern_mining,2026-02-07T04:02:54,1,402,67,5,0.5,2.9185056686401367,0.1705632,0.09226206192397512,0.09075601992662996,0.0015060419973451644,1,2,0.0017647969943936914,0.0015060419973451644,0.007310804998269305,150528.0,50176.0
ham_mbv2_pattern_mining,2026-02-07T04:02:58,2,397,67,0,0.76953125,0.5244523286819458,20.5620896,0.3970625520159956,0.3880445100367069,0.009018041979288682,1,2,0.011224429006688297,0.009018041979288682,0.027580021996982396,19267584.0,6422528.0
ham_mbv2_pattern_mining,2026-02-07T04:02:58,2,398,67,1,0.80859375,0.5501930713653564,20.5620896,0.07969639301882125,0.0781632200232707,0.001533172995550558,1,2,0.0019438249873928726,0.001533172995550558,0.005872497014934197,19267584.0,6422528.0
ham_mbv2_pattern_mining,2026-02-07T04:02:58,2,399,67,2,0.79296875,0.5705530643463135,20.5620896,0.09954066900536418,0.09769989002961665,0.0018407789757475257,1,2,0.0027539359871298075,0.0018407789757475257,0.007016053015831858,19267584.0,6422528.0
ham_mbv2_pattern_mining,2026-02-07T04:02:58,2,400,67,3,0.83203125,0.4914438724517822,20.5620896,0.07900069485185668,0.07750903983833268,0.0014916550135239959,1,2,0.00183916199603118,0.0014916550135239959,0.005911741987802088,19267584.0,6422528.0
ham_mbv2_pattern_mining,2026-02-07T04:02:59,2,401,67,4,0.76953125,0.6356273889541626,20.5620896,0.07936533205793239,0.07783776003634557,0.0015275720215868205,1,2,0.0019623719854280353,0.0015275720215868205,0.005821404018206522,19267584.0,6422528.0
ham_mbv2_pattern_mining,2026-02-07T04:02:59,2,402,67,5,0.5,0.6283616423606873,0.1705632,0.0930875219637528,0.09154497995041311,0.0015425420133396983,1,2,0.0018611149862408638,0.0015425420133396983,0.007293383008800447,150528.0,50176.0
ham_mbv2_pattern_mining,2026-02-07T04:03:02,3,397,67,0,0.81640625,0.46932053565979004,20.5620896,0.35313880525063723,0.3474589402321726,0.005679865018464625,1,2,0.012002636998659,0.005679865018464625,0.02274325702455826,19267584.0,6422528.0
ham_mbv2_pattern_mining,2026-02-07T04:03:03,3,398,67,1,0.74609375,0.6277738809585571,20.5620896,0.10651209394563921,0.1044374899356626,0.0020746040099766105,1,2,0.0026140239788219333,0.0020746040099766105,0.007829725014744326,19267584.0,6422528.0
ham_mbv2_pattern_mining,2026-02-07T04:03:03,3,399,67,2,0.79296875,0.5219529867172241,20.5620896,0.05770185781875625,0.05658024980220944,0.0011216080165468156,1,2,0.0013604199921246618,0.0011216080165468156,0.004297604988096282,19267584.0,6422528.0
ham_mbv2_pattern_mining,2026-02-07T04:03:03,3,400,67,3,0.81640625,0.5812944173812866,20.5620896,0.06097477884031832,0.059816289867740124,0.0011584889725781977,1,2,0.0014879060036037117,0.0011584889725781977,0.004493722983170301,19267584.0,6422528.0
ham_mbv2_pattern_mining,2026-02-07T04:03:05,3,401,67,4,0.77734375,0.6070209741592407,20.5620896,0.06250656305928715,0.06130441004643217,0.0012021530128549784,1,2,0.0014963120047468692,0.0012021530128549784,0.0046341289998963475,19267584.0,6422528.0
ham_mbv2_pattern_mining,2026-02-07T04:03:05,3,402,67,5,0.5,1.6821486949920654,0.1705632,0.07138636193121783,0.07018945994786918,0.0011969019833486527,1,2,0.001420404005330056,0.0011969019833486527,0.005598541989456862,150528.0,50176.0
ham_mbv2_pattern_mining,2026-02-07T04:03:08,4,397,67,0,0.8125,0.5534571409225464,20.5620896,0.47898191009880975,0.4699741301010363,0.009007779997773468,1,2,0.014363530004629865,0.009007779997773468,0.03263388300547376,19267584.0,6422528.0
ham_mbv2_pattern_mining,2026-02-07T04:03:08,4,398,67,1,0.80859375,0.558729350566864,20.5620896,0.07602288402267732,0.07456694002030417,0.001455944002373144,1,2,0.0018454990058671683,0.001455944002373144,0.005611194996163249,19267584.0,6422528.0
ham_mbv2_pattern_mining,2026-02-07T04:03:08,4,399,67,2,0.7734375,0.6158552765846252,20.5620896,0.0763002592138946,0.07484746020054445,0.001452799013350159,1,2,0.0017854490142781287,0.001452799013350159,0.005699297005776316,19267584.0,6422528.0
ham_mbv2_pattern_mining,2026-02-07T04:03:08,4,400,67,3,0.84375,0.422339528799057,20.5620896,0.07679746084613726,0.07533331983722746,0.0014641410089097917,1,2,0.001844918995629996,0.0014641410089097917,0.00568841298809275,19267584.0,6422528.0
ham_mbv2_pattern_mining,2026-02-07T04:03:09,4,401,67,4,0.84375,0.46177393198013306,20.5620896,0.07776996507891454,0.07630175008671358,0.0014682149922009557,1,2,0.0017867670103441924,0.0014682149922009557,0.005843407998327166,19267584.0,6422528.0
ham_mbv2_pattern_mining,2026-02-07T04:03:09,4,402,67,5,1.0,0.04250316694378853,0.09028159999999999,0.07795431703561917,0.07644839002750814,0.0015059270081110299,1,2,0.00182144099380821,0.0015059270081110299,0.005823398008942604,75264.0,25088.0
ham_mbv2_pattern_mining,2026-02-07T04:03:18,0,403,68,0,0.8203125,0.4795905649662018,20.5620896,0.40254711161833256,0.3948481896077283,0.007698922010604292,1,2,0.011150185979204252,0.007698922010604292,0.028334632981568575,19267584.0,6422528.0
ham_mbv2_pattern_mining,2026-02-07T04:03:18,0,404,68,1,0.8203125,0.480514258146286,20.5620896,0.07925527426414192,0.07777850027196109,0.0014767739921808243,1,2,0.0019140630029141903,0.0014767739921808243,0.005863787024281919,19267584.0,6422528.0
ham_mbv2_pattern_mining,2026-02-07T04:03:19,0,405,68,2,0.83203125,0.4679974913597107,20.5620896,0.07667418898199685,0.0752176099922508,0.001456578989746049,1,2,0.001785130996722728,0.001456578989746049,0.005736630002502352,19267584.0,6422528.0
ham_mbv2_pattern_mining,2026-02-07T04:03:19,0,406,68,3,0.7578125,0.6940534114837646,20.5620896,0.07646614400437102,0.07501020998461172,0.0014559340197592974,1,2,0.0017830659926403314,0.0014559340197592974,0.005717955005820841,19267584.0,6422528.0
ham_mbv2_pattern_mining,2026-02-07T04:03:20,0,407,68,4,0.80859375,0.5127575397491455,20.5620896,0.06628427031682804,0.06504460034193471,0.0012396699748933315,1,2,0.0016729440249036998,0.0012396699748933315,0.004831516009289771,19267584.0,6422528.0
ham_mbv2_pattern_mining,2026-02-07T04:03:20,0,408,68,5,0.5,2.285283088684082,0.1705632,0.07913873015786521,0.07790021016262472,0.0012385199952404946,1,2,0.0014810930006206036,0.0012385199952404946,0.006308928015641868,150528.0,50176.0
ham_mbv2_pattern_mining,2026-02-07T04:03:23,1,403,68,0,0.75390625,0.7349871397018433,20.5620896,0.32244454594911076,0.316938339965418,0.00550620598369278,1,2,0.011023486003978178,0.00550620598369278,0.02067034799256362,19267584.0,6422528.0
ham_mbv2_pattern_mining,2026-02-07T04:03:23,1,404,68,1,0.78125,0.5891891717910767,20.5620896,0.06318062584614381,0.06193382985657081,0.0012467959895730019,1,2,0.0015585759829264134,0.0012467959895730019,0.004634807002730668,19267584.0,6422528.0
ham_mbv2_pattern_mining,2026-02-07T04:03:24,1,405,68,2,0.7421875,0.6701638698577881,20.5620896,0.06080125496373512,0.0596198599669151,0.0011813949968200177,1,2,0.0014880250091664493,0.0011813949968200177,0.004473960987525061,19267584.0,6422528.0
ham_mbv2_pattern_mining,2026-02-07T04:03:24,1,406,68,3,0.80078125,0.5309569835662842,20.5620896,0.06138741789618507,0.06018966989358887,0.0011977480025961995,1,2,0.0014786320098210126,0.0011977480025961995,0.0045403349795378745,19267584.0,6422528.0
ham_mbv2_pattern_mining,2026-02-07T04:03:25,1,407,68,4,0.75,0.6679157614707947,20.5620896,0.0714094000577461,0.07020488003036007,0.0012045200273860246,1,2,0.0023748409876134247,0.0012045200273860246,0.004645647015422583,19267584.0,6422528.0
ham_mbv2_pattern_mining,2026-02-07T04:03:25,1,408,68,5,0.5,2.5446059703826904,0.1705632,0.07845930181792937,0.07714032981311902,0.0013189720048103482,1,2,0.0016002509801182896,0.0013189720048103482,0.006113782001193613,150528.0,50176.0
ham_mbv2_pattern_mining,2026-02-07T04:03:28,2,403,68,0,0.75,0.6298943758010864,20.5620896,0.360602968983585,0.3544752299785614,0.006127739005023614,1,2,0.012564694014145061,0.006127739005023614,0.02288282898371108,19267584.0,6422528.0
ham_mbv2_pattern_mining,2026-02-07T04:03:28,2,404,68,1,0.79296875,0.5557821989059448,20.5620896,0.10945986927254125,0.10696702025597915,0.0024928490165621042,1,2,0.003084042022237554,0.0024928490165621042,0.007612660003360361,19267584.0,6422528.0
ham_mbv2_pattern_mining,2026-02-07T04:03:28,2,405,68,2,0.78515625,0.5654929876327515,20.5620896,0.07572803547373042,0.07429028046317399,0.0014377550105564296,1,2,0.0017700510215945542,0.0014377550105564296,0.005658977024722844,19267584.0,6422528.0
ham_mbv2_pattern_mining,2026-02-07T04:03:28,2,406,68,3,0.82421875,0.5146647095680237,20.5620896,0.07435038388939574,0.07288472988875583,0.0014656540006399155,1,2,0.0017117990064434707,0.0014656540006399155,0.005576673982432112,19267584.0,6422528.0
ham_mbv2_pattern_mining,2026-02-07T04:03:30,2,407,68,4,0.7890625,0.5671179294586182,20.5620896,0.1299210397992283,0.12738970981445163,0.0025313299847766757,1,2,0.0028736759850289673,0.0025313299847766757,0.009865294996416196,19267584.0,6422528.0
ham_mbv2_pattern_mining,2026-02-07T04:03:30,2,408,68,5,0.5,0.8799006342887878,0.1705632,0.09346604574238881,0.09196841972880065,0.0014976260135881603,1,2,0.0017505889991298318,0.0014976260135881603,0.007446252973750234,150528.0,50176.0
ham_mbv2_pattern_mining,2026-02-07T04:03:32,3,403,68,0,0.81640625,0.47110772132873535,20.5620896,0.3136625348997768,0.30853067990392447,0.005131854995852336,1,2,0.010847769008250907,0.005131854995852336,0.02000529898214154,19267584.0,6422528.0
ham_mbv2_pattern_mining,2026-02-07T04:03:33,3,404,68,1,0.83203125,0.46599411964416504,20.5620896,0.08109555605915375,0.0795374100562185,0.0015581460029352456,1,2,0.002021388994762674,0.0015581460029352456,0.0059323520108591765,19267584.0,6422528.0
ham_mbv2_pattern_mining,2026-02-07T04:03:33,3,405,68,2,0.734375,0.7239656448364258,20.5620896,0.07441865571308881,0.072951489710249,0.0014671660028398037,1,2,0.0017259499873034656,0.0014671660028398037,0.005569198983721435,19267584.0,6422528.0
ham_mbv2_pattern_mining,2026-02-07T04:03:33,3,406,68,3,0.79296875,0.5107429027557373,20.5620896,0.07287423423258588,0.0714323902502656,0.0014418439823202789,1,2,0.0016612610197626054,0.0014418439823202789,0.005481978005263954,19267584.0,6422528.0
ham_mbv2_pattern_mining,2026-02-07T04:03:34,3,407,68,4,0.83203125,0.5224460959434509,20.5620896,0.07672500805347227,0.07526636007241905,0.0014586479810532182,1,2,0.0018530829984229058,0.0014586479810532182,0.005673553008818999,19267584.0,6422528.0
ham_mbv2_pattern_mining,2026-02-07T04:03:34,3,408,68,5,0.5,0.9040749073028564,0.1705632,0.10424560887622647,0.10217612987617031,0.0020694790000561625,1,2,0.001828398002544418,0.0020694790000561625,0.008389214985072613,150528.0,50176.0
ham_mbv2_pattern_mining,2026-02-07T04:03:37,4,403,68,0,0.80859375,0.5456688404083252,20.5620896,0.31050724707893096,0.30552659009117633,0.004980656987754628,1,2,0.01073317599366419,0.004980656987754628,0.019819483015453443,19267584.0,6422528.0
ham_mbv2_pattern_mining,2026-02-07T04:03:37,4,404,68,1,0.78125,0.565875768661499,20.5620896,0.07637240292388014,0.07492456992622465,0.001447832997655496,1,2,0.0018528849759604782,0.001447832997655496,0.005639572016661987,19267584.0,6422528.0
ham_mbv2_pattern_mining,2026-02-07T04:03:37,4,405,68,2,0.796875,0.5318669676780701,20.5620896,0.0744047430343926,0.07316934003029019,0.0012354030041024089,1,2,0.0015542480105068535,0.0012354030041024089,0.005762685992522165,19267584.0,6422528.0
ham_mbv2_pattern_mining,2026-02-07T04:03:37,4,406,68,3,0.8046875,0.5367055535316467,20.5620896,0.06239168398315087,0.061180659977253526,0.0012110240058973432,1,2,0.0014504909922834486,0.0012110240058973432,0.004667575005441904,19267584.0,6422528.0
ham_mbv2_pattern_mining,2026-02-07T04:03:39,4,407,68,4,0.80078125,0.6027212142944336,20.5620896,0.063357743259985,0.0621118102571927,0.0012459330027922988,1,2,0.0015098790172487497,0.0012459330027922988,0.00470130200847052,19267584.0,6422528.0
ham_mbv2_pattern_mining,2026-02-07T04:03:39,4,408,68,5,1.0,0.05654141306877136,0.09028159999999999,0.06887469708453864,0.06764001009287313,0.0012346869916655123,1,2,0.0015530390082858503,0.0012346869916655123,0.005210962001001462,75264.0,25088.0
ham_mbv2_pattern_mining,2026-02-07T04:03:46,0,409,69,0,0.79296875,0.5446174144744873,20.5620896,0.28595434423186816,0.2807284702430479,0.00522587398882024,1,2,0.008575988002121449,0.00522587398882024,0.019496859022183344,19267584.0,6422528.0
ham_mbv2_pattern_mining,2026-02-07T04:03:46,0,410,69,1,0.80859375,0.5406099557876587,20.5620896,0.08002794411731884,0.07851758011383936,0.0015103640034794807,1,2,0.0021956020209472626,0.0015103640034794807,0.005656155990436673,19267584.0,6422528.0
ham_mbv2_pattern_mining,2026-02-07T04:03:47,0,411,69,2,0.80078125,0.5538468360900879,20.5620896,0.07789161181426607,0.0764142198022455,0.001477392012020573,1,2,0.0019128290005028248,0.001477392012020573,0.005728592979721725,19267584.0,6422528.0
ham_mbv2_pattern_mining,2026-02-07T04:03:47,0,412,69,3,0.76171875,0.6583797335624695,20.5620896,0.07557429699227214,0.07414660998620093,0.00142768700607121,1,2,0.0017498850065749139,0.00142768700607121,0.005664775992045179,19267584.0,6422528.0
ham_mbv2_pattern_mining,2026-02-07T04:03:48,0,413,69,4,0.80078125,0.5517861247062683,20.5620896,0.07548315596068278,0.07404564996249974,0.0014375059981830418,1,2,0.001782695995643735,0.0014375059981830418,0.005621869000606239,19267584.0,6422528.0
ham_mbv2_pattern_mining,2026-02-07T04:03:48,0,414,69,5,1.0,0.35872524976730347,0.1705632,0.09282588894711807,0.09135372994933277,0.0014721589977853,1,2,0.0017311369883827865,0.0014721589977853,0.007404236006550491,150528.0,50176.0
ham_mbv2_pattern_mining,2026-02-07T04:03:51,1,409,69,0,0.7578125,0.6063268184661865,20.5620896,0.4343910409079399,0.42719727993244305,0.0071937609754968435,1,2,0.013007155997911468,0.0071937609754968435,0.029712571995332837,19267584.0,6422528.0
ham_mbv2_pattern_mining,2026-02-07T04:03:51,1,410,69,1,0.7890625,0.5602511167526245,20.5620896,0.07470518391346559,0.0732462399173528,0.0014589439961127937,1,2,0.0017780979978851974,0.0014589439961127937,0.005546525993850082,19267584.0,6422528.0
ham_mbv2_pattern_mining,2026-02-07T04:03:51,1,411,69,2,0.81640625,0.5295564532279968,20.5620896,0.0748301710409578,0.07342811004491523,0.0014020609960425645,1,2,0.0017315650184173137,0.0014020609960425645,0.005611245986074209,19267584.0,6422528.0
ham_mbv2_pattern_mining,2026-02-07T04:03:52,1,412,69,3,0.78515625,0.5095632076263428,20.5620896,0.07429638394387439,0.0728643499314785,0.0014320340123958886,1,2,0.001699076994555071,0.0014320340123958886,0.005587357998592779,19267584.0,6422528.0
ham_mbv2_pattern_mining,2026-02-07T04:03:53,1,413,69,4,0.73828125,0.6480399966239929,20.5620896,0.07430260890396312,0.07289314991794527,0.001409458986017853,1,2,0.0017520239925943315,0.001409458986017853,0.005537290999200195,19267584.0,6422528.0
ham_mbv2_pattern_mining,2026-02-07T04:03:53,1,414,69,5,0.0,4.027797222137451,0.1705632,0.09176226772251539,0.09027404972584918,0.001488217996666208,1,2,0.0018176469893660396,0.001488217996666208,0.0072097579832188785,150528.0,50176.0
ham_mbv2_pattern_mining,2026-02-07T04:03:56,2,409,69,0,0.875,0.3852906823158264,20.5620896,0.30183300902717747,0.29682213003979996,0.0050108789873775095,1,2,0.011388223007088527,0.0050108789873775095,0.01829398999689147,19267584.0,6422528.0
ham_mbv2_pattern_mining,2026-02-07T04:03:56,2,410,69,1,0.78125,0.5817853808403015,20.5620896,0.06829917023424059,0.0670319702476263,0.001267199986614287,1,2,0.0018701220105867833,0.001267199986614287,0.004833075014175847,19267584.0,6422528.0
ham_mbv2_pattern_mining,2026-02-07T04:03:56,2,411,69,2,0.8046875,0.5833988189697266,20.5620896,0.05849114220472984,0.05738271021982655,0.0011084319849032909,1,2,0.0013816000137012452,0.0011084319849032909,0.00435667100828141,19267584.0,6422528.0
ham_mbv2_pattern_mining,2026-02-07T04:03:57,2,412,69,3,0.8203125,0.47729265689849854,20.5620896,0.060371165949618444,0.059217459929641336,0.0011537060199771076,1,2,0.0014466809807345271,0.0011537060199771076,0.0044750650122296065,19267584.0,6422528.0
ham_mbv2_pattern_mining,2026-02-07T04:03:58,2,413,69,4,0.79296875,0.638787031173706,20.5620896,0.061311377794481814,0.0601493997965008,0.0011619779979810119,1,2,0.0014799909840803593,0.0011619779979810119,0.004534948995569721,19267584.0,6422528.0
ham_mbv2_pattern_mining,2026-02-07T04:03:58,2,414,69,5,0.5,2.552304267883301,0.1705632,0.08783165499335155,0.08635375997982919,0.0014778950135223567,1,2,0.0017887130088638514,0.0014778950135223567,0.006846662989119068,150528.0,50176.0
ham_mbv2_pattern_mining,2026-02-07T04:04:01,3,409,69,0,0.828125,0.4750387668609619,20.5620896,0.35481926682405174,0.348628829815425,0.006190437008626759,1,2,0.011028968991013244,0.006190437008626759,0.023833913990529254,19267584.0,6422528.0
ham_mbv2_pattern_mining,2026-02-07T04:04:02,3,410,69,1,0.8125,0.5630733370780945,20.5620896,0.07518371217884123,0.07372256019152701,0.0014611519873142242,1,2,0.001777238998329267,0.0014611519873142242,0.005595017020823434,19267584.0,6422528.0
ham_mbv2_pattern_mining,2026-02-07T04:04:02,3,411,69,2,0.765625,0.5951776504516602,20.5620896,0.07498461980139837,0.07354493980528787,0.001439679996110499,1,2,0.0017025989945977926,0.001439679996110499,0.005651894985930994,19267584.0,6422528.0
ham_mbv2_pattern_mining,2026-02-07T04:04:02,3,412,69,3,0.77734375,0.5524214506149292,20.5620896,0.07543486304348335,0.07397081004455686,0.0014640529989264905,1,2,0.0017527320014778525,0.0014640529989264905,0.005644349002977833,19267584.0,6422528.0
ham_mbv2_pattern_mining,2026-02-07T04:04:03,3,413,69,4,0.80859375,0.5359141230583191,20.5620896,0.07549856806872413,0.07403313007671386,0.0014654379920102656,1,2,0.0017653089889790863,0.0014654379920102656,0.0056380040186923,19267584.0,6422528.0
ham_mbv2_pattern_mining,2026-02-07T04:04:03,3,414,69,5,0.5,0.6507263779640198,0.1705632,0.09208544177818112,0.09055952978087589,0.0015259119973052293,1,2,0.0017587849870324135,0.0015259119973052293,0.007297167991055176,150528.0,50176.0
ham_mbv2_pattern_mining,2026-02-07T04:04:06,4,409,69,0,0.78125,0.5879403948783875,20.5620896,0.32844727489282377,0.32273886987240985,0.00570840502041392,1,2,0.011312878981698304,0.00570840502041392,0.02096100800554268,19267584.0,6422528.0
ham_mbv2_pattern_mining,2026-02-07T04:04:07,4,410,69,1,0.83203125,0.4540550708770752,20.5620896,0.07613280130317435,0.0746544502908364,0.0014783510123379529,1,2,0.0018283550161868334,0.0014783510123379529,0.005637090012896806,19267584.0,6422528.0
ham_mbv2_pattern_mining,2026-02-07T04:04:07,4,411,69,2,0.7890625,0.6263477802276611,20.5620896,0.07509647589176893,0.07366826990619302,0.0014282059855759144,1,2,0.0017453829932492226,0.0014282059855759144,0.005621443997370079,19267584.0,6422528.0
ham_mbv2_pattern_mining,2026-02-07T04:04:07,4,412,69,3,0.828125,0.47112780809402466,20.5620896,0.07468169991625473,0.07321546989260241,0.0014662300236523151,1,2,0.0017080210091080517,0.0014662300236523151,0.00561352598015219,19267584.0,6422528.0
ham_mbv2_pattern_mining,2026-02-07T04:04:08,4,413,69,4,0.77734375,0.6049531698226929,20.5620896,0.07653568490059115,0.07503267988795415,0.0015030050126370043,1,2,0.0017791389836929739,0.0015030050126370043,0.005724129005102441,19267584.0,6422528.0
ham_mbv2_pattern_mining,2026-02-07T04:04:08,4,414,69,5,0.0,5.993690013885498,0.09028159999999999,0.08395205813576467,0.08238600014010444,0.0015660579956602305,1,2,0.001965660019777715,0.0015660579956602305,0.006272939994232729,75264.0,25088.0
ham_mbv2_pattern_mining,2026-02-07T04:04:17,0,415,70,0,0.82421875,0.45459556579589844,20.5620896,0.30002430465538055,0.29432954965159297,0.005694755003787577,1,2,0.009159960987744853,0.005694755003787577,0.020272993977414444,19267584.0,6422528.0
ham_mbv2_pattern_mining,2026-02-07T04:04:17,0,416,70,1,0.79296875,0.5517505407333374,20.5620896,0.07426277190097608,0.0728045598953031,0.0014582120056729764,1,2,0.0017185769975185394,0.0014582120056729764,0.005561878992011771,19267584.0,6422528.0
ham_mbv2_pattern_mining,2026-02-07T04:04:17,0,417,70,2,0.7890625,0.6301765441894531,20.5620896,0.07353472692193463,0.07212344993604347,0.0014112769858911633,1,2,0.0016945940151344985,0.0014112769858911633,0.005517750978469849,19267584.0,6422528.0
ham_mbv2_pattern_mining,2026-02-07T04:04:17,0,418,70,3,0.7890625,0.5569871664047241,20.5620896,0.0731690242246259,0.0717794502270408,0.001389573997585103,1,2,0.001684920018306002,0.001389573997585103,0.005493025004398078,19267584.0,6422528.0
ham_mbv2_pattern_mining,2026-02-07T04:04:18,0,419,70,4,0.84765625,0.4634511470794678,20.5620896,0.07714843295980245,0.07568311993964016,0.0014653130201622844,1,2,0.001889153994852677,0.0014653130201622844,0.0056791579991113394,19267584.0,6422528.0
ham_mbv2_pattern_mining,2026-02-07T04:04:18,0,420,70,5,0.5,1.0601885318756104,0.1705632,0.09534704213729128,0.09384836012031883,0.0014986820169724524,1,2,0.0019023730128537863,0.0014986820169724524,0.007482462999178097,150528.0,50176.0
ham_mbv2_pattern_mining,2026-02-07T04:04:22,1,415,70,0,0.7578125,0.5573587417602539,20.5620896,0.4984492298972327,0.48768273991299793,0.010766489984234795,1,2,0.01700883501325734,0.010766489984234795,0.031759438978042454,19267584.0,6422528.0
ham_mbv2_pattern_mining,2026-02-07T04:04:22,1,416,70,1,0.79296875,0.5954504013061523,20.5620896,0.0748098639305681,0.07332562992814928,0.001484234002418816,1,2,0.0017659000004641712,0.001484234002418816,0.005566662992350757,19267584.0,6422528.0
ham_mbv2_pattern_mining,2026-02-07T04:04:22,1,417,70,2,0.7734375,0.5597480535507202,20.5620896,0.07623044689535163,0.07477879989892244,0.00145164699642919,1,2,0.001824729988584295,0.00145164699642919,0.005653150001307949,19267584.0,6422528.0
ham_mbv2_pattern_mining,2026-02-07T04:04:22,1,418,70,3,0.7890625,0.569447934627533,20.5620896,0.11882270206115209,0.11587540007894859,0.0029473019822034985,1,2,0.002949264016933739,0.0029473019822034985,0.00863827599096112,19267584.0,6422528.0
ham_mbv2_pattern_mining,2026-02-07T04:04:23,1,419,70,4,0.8046875,0.5307084321975708,20.5620896,0.13035627105273306,0.127817330067046,0.002538940985687077,1,2,0.0029119880055077374,0.002538940985687077,0.009869745001196861,19267584.0,6422528.0
ham_mbv2_pattern_mining,2026-02-07T04:04:23,1,420,70,5,0.0,4.945228576660156,0.1705632,0.09071253883303143,0.08919886982766911,0.001513669005362317,1,2,0.0017934999777935445,0.001513669005362317,0.007126387004973367,150528.0,50176.0
ham_mbv2_pattern_mining,2026-02-07T04:04:27,2,415,70,0,0.79296875,0.49956172704696655,20.5620896,0.42688664110028185,0.4187711700797081,0.00811547102057375,1,2,0.014233179012080655,0.00811547102057375,0.027643937995890155,19267584.0,6422528.0
ham_mbv2_pattern_mining,2026-02-07T04:04:27,2,416,70,1,0.83984375,0.5064451694488525,20.5620896,0.07581649272469804,0.07435536972479895,0.0014611229998990893,1,2,0.0018152089905925095,0.0014611229998990893,0.005620327981887385,19267584.0,6422528.0
ham_mbv2_pattern_mining,2026-02-07T04:04:27,2,417,70,2,0.8125,0.5423837900161743,20.5620896,0.0752193488588091,0.07375719986157492,0.0014621489972341806,1,2,0.001722727989545092,0.0014621489972341806,0.0056529919966124,19267584.0,6422528.0
ham_mbv2_pattern_mining,2026-02-07T04:04:27,2,418,70,3,0.8671875,0.43881091475486755,20.5620896,0.07471907694707625,0.07327244995394722,0.0014466269931290299,1,2,0.0017139840056188405,0.0014466269931290299,0.005613260989775881,19267584.0,6422528.0
ham_mbv2_pattern_mining,2026-02-07T04:04:29,2,419,70,4,0.7890625,0.5533030033111572,20.5620896,0.13022305778576992,0.12767299980623648,0.002550057979533449,1,2,0.0029088269802741706,0.002550057979533449,0.009858473000349477,19267584.0,6422528.0
ham_mbv2_pattern_mining,2026-02-07T04:04:29,2,420,70,5,0.0,3.7139806747436523,0.1705632,0.09024503387627192,0.08872879989212379,0.0015162339841481298,1,2,0.0018290519947186112,0.0015162339841481298,0.007043827994493768,150528.0,50176.0
ham_mbv2_pattern_mining,2026-02-07T04:04:32,3,415,70,0,0.85546875,0.40117889642715454,20.5620896,0.36429600304109044,0.35868459002813324,0.0056114130129572,1,2,0.01206516200909391,0.0056114130129572,0.023803296993719414,19267584.0,6422528.0
ham_mbv2_pattern_mining,2026-02-07T04:04:32,3,416,70,1,0.76953125,0.567193865776062,20.5620896,0.07590278823045082,0.07446379022439942,0.0014389980060514063,1,2,0.0019204470154363662,0.0014389980060514063,0.0055259320070035756,19267584.0,6422528.0
ham_mbv2_pattern_mining,2026-02-07T04:04:32,3,417,70,2,0.796875,0.5751306414604187,20.5620896,0.07486198769765906,0.0734240296878852,0.0014379580097738653,1,2,0.0017376659961882979,0.0014379580097738653,0.005604736972600222,19267584.0,6422528.0
ham_mbv2_pattern_mining,2026-02-07T04:04:32,3,418,70,3,0.7578125,0.649367094039917,20.5620896,0.07463188914698549,0.07318309013498947,0.001448799011996016,1,2,0.0017078189994208515,0.001448799011996016,0.0056104900140780956,19267584.0,6422528.0
ham_mbv2_pattern_mining,2026-02-07T04:04:34,3,419,70,4,0.796875,0.5450810194015503,20.5620896,0.13340814670664258,0.13080961973173544,0.002598526974907145,1,2,0.003070045990170911,0.002598526974907145,0.010010915983002633,19267584.0,6422528.0
ham_mbv2_pattern_mining,2026-02-07T04:04:34,3,420,70,5,0.5,1.8291653394699097,0.1705632,0.09060358998249285,0.08907167997676879,0.0015319100057240576,1,2,0.0018219829944428056,0.0015319100057240576,0.0070851850032340735,150528.0,50176.0
ham_mbv2_pattern_mining,2026-02-07T04:04:37,4,415,70,0,0.8359375,0.4806468188762665,20.5620896,0.4941706879180856,0.48360838991357014,0.010562298004515469,1,2,0.016415374993812293,0.010562298004515469,0.03194546399754472,19267584.0,6422528.0
ham_mbv2_pattern_mining,2026-02-07T04:04:37,4,416,70,1,0.79296875,0.6521681547164917,20.5620896,0.0771945160231553,0.07568225002614781,0.0015122659970074892,1,2,0.0018622339994180948,0.0015122659970074892,0.0057059910031966865,19267584.0,6422528.0
ham_mbv2_pattern_mining,2026-02-07T04:04:37,4,417,70,2,0.8046875,0.5673801898956299,20.5620896,0.07509942504111677,0.07367404003161937,0.001425385009497404,1,2,0.0017650429799687117,0.001425385009497404,0.005602361023193225,19267584.0,6422528.0
ham_mbv2_pattern_mining,2026-02-07T04:04:37,4,418,70,3,0.8046875,0.5576232671737671,20.5620896,0.07599589176243171,0.0745234897476621,0.0014724020147696137,1,2,0.0017756879969965667,0.0014724020147696137,0.005676660977769643,19267584.0,6422528.0
ham_mbv2_pattern_mining,2026-02-07T04:04:39,4,419,70,4,0.82421875,0.49965840578079224,20.5620896,0.0751630011072848,0.07371890009380877,0.001444101013476029,1,2,0.0017596179968677461,0.001444101013476029,0.005612272012513131,19267584.0,6422528.0
ham_mbv2_pattern_mining,2026-02-07T04:04:39,4,420,70,5,1.0,0.05207659304141998,0.09028159999999999,0.07998517274972983,0.07846020977012813,0.0015249629796016961,1,2,0.002052244992228225,0.0015249629796016961,0.005793775984784588,75264.0,25088.0
ham_mbv2_pattern_mining,2026-02-07T04:04:48,0,421,71,0,0.8203125,0.5032366514205933,20.5620896,0.3100788967567496,0.3043504597735591,0.005728436983190477,1,2,0.009198849002132192,0.005728436983190477,0.02123619697522372,19267584.0,6422528.0
ham_mbv2_pattern_mining,2026-02-07T04:04:48,0,422,71,1,0.796875,0.5509375333786011,20.5620896,0.07684547800454311,0.075349010003265,0.0014964680012781173,1,2,0.0018269529973622411,0.0014964680012781173,0.005707948002964258,19267584.0,6422528.0
ham_mbv2_pattern_mining,2026-02-07T04:04:48,0,423,71,2,0.796875,0.49961936473846436,20.5620896,0.0805187443329487,0.07907188031822443,0.0014468640147242695,1,2,0.0017719170136842877,0.0014468640147242695,0.006135271018138155,19267584.0,6422528.0
ham_mbv2_pattern_mining,2026-02-07T04:04:48,0,424,71,3,0.828125,0.4900669753551483,20.5620896,0.07460043305763975,0.07315519003896043,0.0014452430186793208,1,2,0.0017114540096372366,0.0014452430186793208,0.005604064994258806,19267584.0,6422528.0
ham_mbv2_pattern_mining,2026-02-07T04:04:50,0,425,71,4,0.78515625,0.5987652540206909,20.5620896,0.07878847609390505,0.0772854100796394,0.0015030660142656416,1,2,0.0019357460259925574,0.0015030660142656416,0.005792794981971383,19267584.0,6422528.0
ham_mbv2_pattern_mining,2026-02-07T04:04:50,0,426,71,5,0.0,4.733585834503174,0.1705632,0.09521317697362974,0.09369970997795463,0.0015134669956751168,1,2,0.0018410909979138523,0.0015134669956751168,0.00752887999988161,150528.0,50176.0
ham_mbv2_pattern_mining,2026-02-07T04:04:53,1,421,71,0,0.76171875,0.5852954387664795,20.5620896,0.30011730396654457,0.29494140995666385,0.005175894009880722,1,2,0.010757654992630705,0.005175894009880722,0.01873648600303568,19267584.0,6422528.0
ham_mbv2_pattern_mining,2026-02-07T04:04:53,1,422,71,1,0.77734375,0.5864521265029907,20.5620896,0.13308486895402893,0.13032065995503217,0.0027642089989967644,1,2,0.003158717998303473,0.0027642089989967644,0.009873347997199744,19267584.0,6422528.0
ham_mbv2_pattern_mining,2026-02-07T04:04:53,1,423,71,2,0.78515625,0.5629477500915527,20.5620896,0.1063958927989006,0.10498203977476805,0.0014138530241325498,1,2,0.0017615279939491302,0.0014138530241325498,0.008736675983527675,19267584.0,6422528.0
ham_mbv2_pattern_mining,2026-02-07T04:04:53,1,424,71,3,0.7890625,0.5289021730422974,20.5620896,0.07466119003947824,0.07322588004171848,0.0014353099977597594,1,2,0.0017841100052464753,0.0014353099977597594,0.005538477998925373,19267584.0,6422528.0
ham_mbv2_pattern_mining,2026-02-07T04:04:55,1,425,71,4,0.79296875,0.5294269323348999,20.5620896,0.12824603493208997,0.12578833993757144,0.0024576949945185333,1,2,0.0028336640098132193,0.0024576949945185333,0.009745169983943924,19267584.0,6422528.0
ham_mbv2_pattern_mining,2026-02-07T04:04:55,1,426,71,5,1.0,0.04562319070100784,0.1705632,0.07554271019762382,0.07436486019287258,0.0011778500047512352,1,2,0.0014447449939325452,0.0011778500047512352,0.005991741025354713,150528.0,50176.0
ham_mbv2_pattern_mining,2026-02-07T04:04:57,2,421,71,0,0.8359375,0.521591067314148,20.5620896,0.3453947970701847,0.33956105005927384,0.0058337470109108835,1,2,0.012184030987555161,0.0058337470109108835,0.021772074018372223,19267584.0,6422528.0
ham_mbv2_pattern_mining,2026-02-07T04:04:57,2,422,71,1,0.81640625,0.5258157253265381,20.5620896,0.08096671677776612,0.07937353977467865,0.001593177003087476,1,2,0.0019480499904602766,0.001593177003087476,0.005989303987007588,19267584.0,6422528.0
ham_mbv2_pattern_mining,2026-02-07T04:04:58,2,423,71,2,0.7734375,0.5883757472038269,20.5620896,0.07913138571893796,0.07759577973047271,0.0015356059884652495,1,2,0.0018693379824981093,0.0015356059884652495,0.005890239990549162,19267584.0,6422528.0
ham_mbv2_pattern_mining,2026-02-07T04:04:58,2,424,71,3,0.8046875,0.5489597916603088,20.5620896,0.07806722304667346,0.07655569002963603,0.0015115330170374364,1,2,0.0017930970061570406,0.0015115330170374364,0.005862471996806562,19267584.0,6422528.0
ham_mbv2_pattern_mining,2026-02-07T04:04:59,2,425,71,4,0.8125,0.49447089433670044,20.5620896,0.07870708801783621,0.07722451002337039,0.001482577994465828,1,2,0.0018636859895195812,0.001482577994465828,0.005858765012817457,19267584.0,6422528.0
ham_mbv2_pattern_mining,2026-02-07T04:04:59,2,426,71,5,0.0,5.474578380584717,0.1705632,0.09480013602296822,0.09320376004325226,0.0015963759797159582,1,2,0.0018938349967356771,0.0015963759797159582,0.007426541007589549,150528.0,50176.0
ham_mbv2_pattern_mining,2026-02-07T04:05:02,3,421,71,0,0.78515625,0.534007728099823,20.5620896,0.4527638368308544,0.4437448998214677,0.009018937009386718,1,2,0.018119433982064947,0.009018937009386718,0.026255056000081822,19267584.0,6422528.0
ham_mbv2_pattern_mining,2026-02-07T04:05:02,3,422,71,1,0.83984375,0.44238823652267456,20.5620896,0.07793053198838606,0.07643315999303013,0.001497371995355934,1,2,0.0018119699961971492,0.001497371995355934,0.005831346003105864,19267584.0,6422528.0
ham_mbv2_pattern_mining,2026-02-07T04:05:02,3,423,71,2,0.7421875,0.6622240543365479,20.5620896,0.07561833882937208,0.07417875982355326,0.001439579005818814,1,2,0.0017331389826722443,0.001439579005818814,0.005684736999683082,19267584.0,6422528.0
ham_mbv2_pattern_mining,2026-02-07T04:05:03,3,424,71,3,0.84765625,0.4427420198917389,20.5620896,0.07597671519033611,0.07447280018823221,0.001503915002103895,1,2,0.0017297010053880513,0.001503915002103895,0.00571757901343517,19267584.0,6422528.0
ham_mbv2_pattern_mining,2026-02-07T04:05:04,3,425,71,4,0.8671875,0.40263307094573975,20.5620896,0.09652271925006062,0.09395979024702683,0.002562929003033787,1,2,0.0022565970139112324,0.002562929003033787,0.007139382010791451,19267584.0,6422528.0
ham_mbv2_pattern_mining,2026-02-07T04:05:04,3,426,71,5,1.0,0.07762445509433746,0.1705632,0.09517089824657887,0.09356606024084613,0.001604838005732745,1,2,0.001915457018185407,0.001604838005732745,0.007441149005899206,150528.0,50176.0
ham_mbv2_pattern_mining,2026-02-07T04:05:07,4,421,71,0,0.8125,0.5567021369934082,20.5620896,0.36919746120111085,0.3629915101919323,0.006205951009178534,1,2,0.012472252012230456,0.006205951009178534,0.023826899006962776,19267584.0,6422528.0
ham_mbv2_pattern_mining,2026-02-07T04:05:08,4,422,71,1,0.80078125,0.5560625195503235,20.5620896,0.07635038217995316,0.07485897018341348,0.0014914119965396821,1,2,0.0018228180124424398,0.0014914119965396821,0.005663079005898908,19267584.0,6422528.0
ham_mbv2_pattern_mining,2026-02-07T04:05:08,4,423,71,2,0.8203125,0.48469406366348267,20.5620896,0.07645210286136717,0.07501705986214802,0.0014350429992191494,1,2,0.00180926697794348,0.0014350429992191494,0.005692439008271322,19267584.0,6422528.0
ham_mbv2_pattern_mining,2026-02-07T04:05:08,4,424,71,3,0.79296875,0.621799111366272,20.5620896,0.07559857415617444,0.07415296015096828,0.0014456140052061528,1,2,0.0017966020095627755,0.0014456140052061528,0.005618694005534053,19267584.0,6422528.0
ham_mbv2_pattern_mining,2026-02-07T04:05:09,4,425,71,4,0.80859375,0.5788098573684692,20.5620896,0.08299839386017993,0.08152211987180635,0.0014762739883735776,1,2,0.002457597991451621,0.0014762739883735776,0.005694613995729014,19267584.0,6422528.0
ham_mbv2_pattern_mining,2026-02-07T04:05:09,4,426,71,5,0.0,3.6580567359924316,0.09028159999999999,0.08402009712881409,0.0824652801384218,0.0015548169903922826,1,2,0.0018456370162311941,0.0015548169903922826,0.006400890997610986,75264.0,25088.0
ham_mbv2_pattern_mining,2026-02-07T04:05:18,0,427,72,0,0.75390625,0.6469379663467407,20.5620896,0.33218229879275896,0.3259518797858618,0.006230419006897137,1,2,0.009210152988089249,0.006230419006897137,0.023385034990496933,19267584.0,6422528.0
ham_mbv2_pattern_mining,2026-02-07T04:05:18,0,428,72,1,0.8359375,0.4461956024169922,20.5620896,0.07656148422393017,0.07506028021452948,0.0015012040094006807,1,2,0.00191964500118047,0.0015012040094006807,0.0055863830202724785,19267584.0,6422528.0
ham_mbv2_pattern_mining,2026-02-07T04:05:18,0,429,72,2,0.765625,0.6071704626083374,20.5620896,0.0725582390150521,0.07116772001609206,0.001390518998960033,1,2,0.0016702970024198294,0.001390518998960033,0.005446474999189377,19267584.0,6422528.0
ham_mbv2_pattern_mining,2026-02-07T04:05:18,0,430,72,3,0.79296875,0.5932888984680176,20.5620896,0.07802050877944566,0.0766053597908467,0.0014151489885989577,1,2,0.0017944629944395274,0.0014151489885989577,0.005866072984645143,19267584.0,6422528.0
ham_mbv2_pattern_mining,2026-02-07T04:05:19,0,431,72,4,0.8046875,0.564997136592865,20.5620896,0.10863956483080983,0.10715427983086556,0.0014852849999442697,1,2,0.0032556839869357646,0.0014852849999442697,0.007459743996150792,19267584.0,6422528.0
ham_mbv2_pattern_mining,2026-02-07T04:05:20,0,432,72,5,1.0,0.39142540097236633,0.1705632,0.09115199817460962,0.089672040194273,0.0014799579803366214,1,2,0.0018056590051855892,0.0014799579803366214,0.00716154501424171,150528.0,50176.0
ham_mbv2_pattern_mining,2026-02-07T04:05:23,1,427,72,0,0.83203125,0.41439226269721985,20.5620896,0.3895204892323818,0.38392878021113575,0.005591709021246061,1,2,0.011910419998457655,0.005591709021246061,0.02648245802265592,19267584.0,6422528.0
ham_mbv2_pattern_mining,2026-02-07T04:05:23,1,428,72,1,0.81640625,0.4732242226600647,20.5620896,0.09748320883954875,0.09566845983499661,0.0018147490045521408,1,2,0.002381420985329896,0.0018147490045521408,0.007185424998169765,19267584.0,6422528.0
ham_mbv2_pattern_mining,2026-02-07T04:05:23,1,429,72,2,0.80859375,0.536625325679779,20.5620896,0.07900267301010899,0.07753482001135126,0.001467852998757735,1,2,0.0019188759906683117,0.001467852998757735,0.005834606010466814,19267584.0,6422528.0
ham_mbv2_pattern_mining,2026-02-07T04:05:23,1,430,72,3,0.7578125,0.5912976264953613,20.5620896,0.06075411612982862,0.05960611015325412,0.0011480059765744954,1,2,0.00148832899867557,0.0011480059765744954,0.004472282016649842,19267584.0,6422528.0
ham_mbv2_pattern_mining,2026-02-07T04:05:25,1,431,72,4,0.8203125,0.48748111724853516,20.5620896,0.07560444885166362,0.0741679998463951,0.0014364490052685142,1,2,0.0017729789833538234,0.0014364490052685142,0.005643821001285687,19267584.0,6422528.0
ham_mbv2_pattern_mining,2026-02-07T04:05:25,1,432,72,5,0.5,1.7680742740631104,0.1705632,0.0892820087610744,0.08778609975706786,0.0014959090040065348,1,2,0.0017900069942697883,0.0014959090040065348,0.006988602981436998,150528.0,50176.0
ham_mbv2_pattern_mining,2026-02-07T04:05:28,2,427,72,0,0.7890625,0.5186026096343994,20.5620896,0.3963774829171598,0.38962933991570026,0.006748143001459539,1,2,0.013483557995641604,0.006748143001459539,0.02547937599592842,19267584.0,6422528.0
ham_mbv2_pattern_mining,2026-02-07T04:05:28,2,428,72,1,0.7734375,0.5612611770629883,20.5620896,0.07529854483436793,0.07383236981695518,0.001466175017412752,1,2,0.0017403169767931104,0.001466175017412752,0.0056429200049024075,19267584.0,6422528.0
ham_mbv2_pattern_mining,2026-02-07T04:05:28,2,429,72,2,0.83203125,0.4865744411945343,20.5620896,0.07355484282015823,0.07214113982627168,0.0014137029938865453,1,2,0.0016780839941930026,0.0014137029938865453,0.005536029988434166,19267584.0,6422528.0
ham_mbv2_pattern_mining,2026-02-07T04:05:29,2,430,72,3,0.8515625,0.4322686493396759,20.5620896,0.07430211015162058,0.07284968014573678,0.001452430005883798,1,2,0.0016982899978756905,0.001452430005883798,0.005586678016697988,19267584.0,6422528.0
ham_mbv2_pattern_mining,2026-02-07T04:05:30,2,431,72,4,0.78125,0.5923659205436707,20.5620896,0.07484033904620446,0.0733915000455454,0.0014488390006590635,1,2,0.0017454999906476587,0.0014488390006590635,0.005593650013906881,19267584.0,6422528.0
ham_mbv2_pattern_mining,2026-02-07T04:05:30,2,432,72,5,0.5,2.9594385623931885,0.1705632,0.1213161459309049,0.11929767992114648,0.002018466009758413,1,2,0.0023407749831676483,0.002018466009758413,0.009588993008947,150528.0,50176.0
ham_mbv2_pattern_mining,2026-02-07T04:05:33,3,427,72,0,0.80078125,0.5110245943069458,20.5620896,0.32328365711146034,0.3177912801038474,0.0054923770076129586,1,2,0.011258003010880202,0.0054923770076129586,0.020521124999504536,19267584.0,6422528.0
ham_mbv2_pattern_mining,2026-02-07T04:05:33,3,428,72,1,0.859375,0.4690307378768921,20.5620896,0.10732586597441696,0.10497481998754665,0.0023510459868703038,1,2,0.0026402650109957904,0.0023510459868703038,0.007857216987758875,19267584.0,6422528.0
ham_mbv2_pattern_mining,2026-02-07T04:05:33,3,429,72,2,0.83203125,0.5415159463882446,20.5620896,0.07476915474398993,0.07333456975175068,0.0014345849922392517,1,2,0.001701729983324185,0.0014345849922392517,0.005631726991850883,19267584.0,6422528.0
ham_mbv2_pattern_mining,2026-02-07T04:05:34,3,430,72,3,0.83984375,0.4811200499534607,20.5620896,0.0728397628699895,0.07141521986341104,0.0014245430065784603,1,2,0.0016493260045535862,0.0014245430065784603,0.005492195981787518,19267584.0,6422528.0
ham_mbv2_pattern_mining,2026-02-07T04:05:35,3,431,72,4,0.82421875,0.4808197021484375,20.5620896,0.0759273579751607,0.07447584997862577,0.0014515079965349287,1,2,0.0018588840030133724,0.0014515079965349287,0.005588700994849205,19267584.0,6422528.0
ham_mbv2_pattern_mining,2026-02-07T04:05:35,3,432,72,5,1.0,0.3018038868904114,0.1705632,0.08918631987762637,0.08768898987909779,0.0014973299985285848,1,2,0.0018090250086970627,0.0014973299985285848,0.006959873979212716,150528.0,50176.0
ham_mbv2_pattern_mining,2026-02-07T04:05:38,4,427,72,0,0.8359375,0.48103004693984985,20.5620896,0.5787132649857085,0.5670064099831507,0.011706855002557859,1,2,0.015070519992150366,0.011706855002557859,0.0416301210061647,19267584.0,6422528.0
ham_mbv2_pattern_mining,2026-02-07T04:05:38,4,428,72,1,0.81640625,0.5120697021484375,20.5620896,0.07245762197999284,0.07102673000190407,0.0014308919780887663,1,2,0.0016649919853080064,0.0014308919780887663,0.005437681014882401,19267584.0,6422528.0
ham_mbv2_pattern_mining,2026-02-07T04:05:38,4,429,72,2,0.859375,0.432414710521698,20.5620896,0.07524766589631326,0.07379224989563227,0.001455416000680998,1,2,0.001771573006408289,0.001455416000680998,0.005607651983154938,19267584.0,6422528.0
ham_mbv2_pattern_mining,2026-02-07T04:05:39,4,430,72,3,0.7578125,0.6081872582435608,20.5620896,0.07449072797317058,0.07303949998458847,0.0014512279885821044,1,2,0.001721951994113624,0.0014512279885821044,0.005581998004345223,19267584.0,6422528.0
ham_mbv2_pattern_mining,2026-02-07T04:05:40,4,431,72,4,0.76171875,0.6435977220535278,20.5620896,0.07451174801099114,0.07306195999262854,0.0014497880183625966,1,2,0.0017720329924486578,0.0014497880183625966,0.005534163006814197,19267584.0,6422528.0
ham_mbv2_pattern_mining,2026-02-07T04:05:40,4,432,72,5,1.0,0.04848705232143402,0.09028159999999999,0.08345887984614819,0.08194948983145878,0.0015093900146894157,1,2,0.0017824189853854477,0.0015093900146894157,0.00641252999776043,75264.0,25088.0
ham_mbv2_pattern_mining,2026-02-07T04:05:49,0,433,73,0,0.84765625,0.45310595631599426,20.5620896,0.3184881801425945,0.31228939013089985,0.006198790011694655,1,2,0.009524502005660906,0.006198790011694655,0.021704437007429078,19267584.0,6422528.0
ham_mbv2_pattern_mining,2026-02-07T04:05:49,0,434,73,1,0.8359375,0.44524404406547546,20.5620896,0.06620294525055215,0.06483632023446262,0.0013666250160895288,1,2,0.0015881150029599667,0.0013666250160895288,0.004895517020486295,19267584.0,6422528.0
ham_mbv2_pattern_mining,2026-02-07T04:05:49,0,435,73,2,0.7578125,0.6384159326553345,20.5620896,0.07559505905373953,0.07415208005113527,0.001442979002604261,1,2,0.0017878479848150164,0.001442979002604261,0.005627360020298511,19267584.0,6422528.0
ham_mbv2_pattern_mining,2026-02-07T04:05:49,0,436,73,3,0.796875,0.556002676486969,20.5620896,0.07719641315634362,0.07575899013318121,0.0014374230231624097,1,2,0.0018313690088689327,0.0014374230231624097,0.005744530004449189,19267584.0,6422528.0
ham_mbv2_pattern_mining,2026-02-07T04:05:51,0,437,73,4,0.80078125,0.5132831931114197,20.5620896,0.08577109730686061,0.08405036031035706,0.0017207369965035468,1,2,0.0028760440181940794,0.0017207369965035468,0.005528992012841627,19267584.0,6422528.0
ham_mbv2_pattern_mining,2026-02-07T04:05:51,0,438,73,5,0.5,1.0754001140594482,0.1705632,0.0917442855425179,0.09026911953696981,0.0014751660055480897,1,2,0.0017946369771379977,0.0014751660055480897,0.007232274976558983,150528.0,50176.0
ham_mbv2_pattern_mining,2026-02-07T04:05:54,1,433,73,0,0.8359375,0.5095699429512024,20.5620896,0.5277139832905959,0.5168239102931693,0.010890072997426614,1,2,0.018174658005591482,0.010890072997426614,0.03350773302372545,19267584.0,6422528.0
ham_mbv2_pattern_mining,2026-02-07T04:05:55,1,434,73,1,0.796875,0.5366040468215942,20.5620896,0.07648968393914402,0.07501037995098159,0.0014793039881624281,1,2,0.0018430399941280484,0.0014793039881624281,0.00565799800097011,19267584.0,6422528.0
ham_mbv2_pattern_mining,2026-02-07T04:05:55,1,435,73,2,0.828125,0.48549211025238037,20.5620896,0.07579931986401789,0.07438156986609101,0.001417749997926876,1,2,0.0017948719905689359,0.001417749997926876,0.005643284996040165,19267584.0,6422528.0
ham_mbv2_pattern_mining,2026-02-07T04:05:55,1,436,73,3,0.80859375,0.5118700265884399,20.5620896,0.07571598188951612,0.07427309988997877,0.0014428819995373487,1,2,0.001786542998161167,0.0014428819995373487,0.00564076699083671,19267584.0,6422528.0
ham_mbv2_pattern_mining,2026-02-07T04:05:56,1,437,73,4,0.74609375,0.6468796133995056,20.5620896,0.07491891016252339,0.07349006016738713,0.001428849995136261,1,2,0.0017791989957913756,0.001428849995136261,0.005569807020947337,19267584.0,6422528.0
ham_mbv2_pattern_mining,2026-02-07T04:05:56,1,438,73,5,0.5,0.9692878127098083,0.1705632,0.08905895630596206,0.08755591028602794,0.0015030460199341178,1,2,0.0017737980233505368,0.0015030460199341178,0.006981793005252257,150528.0,50176.0
ham_mbv2_pattern_mining,2026-02-07T04:05:59,2,433,73,0,0.8046875,0.5048515200614929,20.5620896,0.37366506026592106,0.36768939025932923,0.005975670006591827,1,2,0.014075562008656561,0.005975670006591827,0.02269337701727636,19267584.0,6422528.0
ham_mbv2_pattern_mining,2026-02-07T04:05:59,2,434,73,1,0.8203125,0.5438083410263062,20.5620896,0.07757683473755606,0.07609654974658042,0.0014802849909756333,1,2,0.0020110519835725427,0.0014802849909756333,0.0055986029910854995,19267584.0,6422528.0
ham_mbv2_pattern_mining,2026-02-07T04:05:59,2,435,73,2,0.8203125,0.5799665451049805,20.5620896,0.0749475531920325,0.07354037021286786,0.001407182979164645,1,2,0.001770711998688057,0.001407182979164645,0.0055833250225987285,19267584.0,6422528.0
ham_mbv2_pattern_mining,2026-02-07T04:06:00,2,436,73,3,0.8046875,0.5687817335128784,20.5620896,0.07412961596855894,0.07246919994940981,0.0016604160191491246,1,2,0.001689253986114636,0.0016604160191491246,0.005557666008826345,19267584.0,6422528.0
ham_mbv2_pattern_mining,2026-02-07T04:06:01,2,437,73,4,0.83203125,0.4558643102645874,20.5620896,0.07434602570720017,0.0729114597197622,0.0014345659874379635,1,2,0.0017384919920004904,0.0014345659874379635,0.00555265397997573,19267584.0,6422528.0
ham_mbv2_pattern_mining,2026-02-07T04:06:01,2,438,73,5,0.5,1.9275153875350952,0.1705632,0.08809914495213889,0.08663215994602069,0.0014669850061181933,1,2,0.0017465299752075225,0.0014669850061181933,0.006916686019394547,150528.0,50176.0
ham_mbv2_pattern_mining,2026-02-07T04:06:04,3,433,73,0,0.84375,0.4797168970108032,20.5620896,0.3049757468106691,0.2999523698235862,0.005023376987082884,1,2,0.011017062002792954,0.005023376987082884,0.018978174979565665,19267584.0,6422528.0
ham_mbv2_pattern_mining,2026-02-07T04:06:04,3,434,73,1,0.85546875,0.4461511969566345,20.5620896,0.08933097880799323,0.08758958982070908,0.0017413889872841537,1,2,0.0022484639775939286,0.0017413889872841537,0.006510495004476979,19267584.0,6422528.0
ham_mbv2_pattern_mining,2026-02-07T04:06:04,3,435,73,2,0.8671875,0.41340431571006775,20.5620896,0.07101702425279655,0.06972326023969799,0.0012937640130985528,1,2,0.0019165240228176117,0.0012937640130985528,0.005055802001152188,19267584.0,6422528.0
ham_mbv2_pattern_mining,2026-02-07T04:06:04,3,436,73,3,0.8203125,0.5165603160858154,20.5620896,0.06878430230426602,0.06720926030538976,0.0015750419988762587,1,2,0.0022203030239325017,0.0015750419988762587,0.0045006230066064745,19267584.0,6422528.0
ham_mbv2_pattern_mining,2026-02-07T04:06:06,3,437,73,4,0.796875,0.5249100923538208,20.5620896,0.07459766484680586,0.07315503986319527,0.0014426249836105853,1,2,0.001757247984642163,0.0014426249836105853,0.005558256001677364,19267584.0,6422528.0
ham_mbv2_pattern_mining,2026-02-07T04:06:06,3,438,73,5,0.0,4.6083502769470215,0.1705632,0.08655480257584713,0.08506132959155366,0.0014934729842934757,1,2,0.0017329809779766947,0.0014934729842934757,0.006773151981178671,150528.0,50176.0
ham_mbv2_pattern_mining,2026-02-07T04:06:08,4,433,73,0,0.78515625,0.6250643730163574,20.5620896,0.3117784187197685,0.30660693970276043,0.005171479017008096,1,2,0.011088686995208263,0.005171479017008096,0.01957200697506778,19267584.0,6422528.0
ham_mbv2_pattern_mining,2026-02-07T04:06:09,4,434,73,1,0.8125,0.5877351760864258,20.5620896,0.06547400643466972,0.06425574043532833,0.0012182659993413836,1,2,0.001857403025496751,0.0012182659993413836,0.004568171018036082,19267584.0,6422528.0
ham_mbv2_pattern_mining,2026-02-07T04:06:09,4,435,73,2,0.77734375,0.6496895551681519,20.5620896,0.07924112898763269,0.07780273997923359,0.0014383890083990991,1,2,0.0017440549854654819,0.0014383890083990991,0.006036219012457877,19267584.0,6422528.0
ham_mbv2_pattern_mining,2026-02-07T04:06:09,4,436,73,3,0.82421875,0.5342321395874023,20.5620896,0.07815287177800201,0.07668171980185434,0.0014711519761476666,1,2,0.001732852979330346,0.0014711519761476666,0.005935319000855088,19267584.0,6422528.0
ham_mbv2_pattern_mining,2026-02-07T04:06:10,4,437,73,4,0.77734375,0.5587755441665649,20.5620896,0.13109654979780316,0.12857092980993912,0.0025256199878640473,1,2,0.002959245990496129,0.0025256199878640473,0.009897846990497783,19267584.0,6422528.0
ham_mbv2_pattern_mining,2026-02-07T04:06:10,4,438,73,5,1.0,0.037310242652893066,0.09028159999999999,0.0814783190144226,0.07996856002137065,0.0015097589930519462,1,2,0.0019058019970543683,0.0015097589930519462,0.006091054005082697,75264.0,25088.0
ham_mbv2_pattern_mining,2026-02-07T04:06:19,0,439,74,0,0.80078125,0.5637140870094299,20.5620896,0.3699347577930894,0.3625379697768949,0.007396788016194478,1,2,0.009794974001124501,0.007396788016194478,0.02645882297656499,19267584.0,6422528.0
ham_mbv2_pattern_mining,2026-02-07T04:06:19,0,440,74,1,0.80859375,0.5587912201881409,20.5620896,0.09069705414003693,0.08896520012058318,0.001731854019453749,1,2,0.002404410013696179,0.001731854019453749,0.006492109998362139,19267584.0,6422528.0
ham_mbv2_pattern_mining,2026-02-07T04:06:19,0,441,74,2,0.76171875,0.6354174613952637,20.5620896,0.07471462394460104,0.07326613995246589,0.0014484839921351522,1,2,0.0017455499910283834,0.0014484839921351522,0.005581064004218206,19267584.0,6422528.0
ham_mbv2_pattern_mining,2026-02-07T04:06:19,0,442,74,3,0.8359375,0.4782402813434601,20.5620896,0.07579138319124468,0.07434935017954558,0.0014420330116990954,1,2,0.0017459639930166304,0.0014420330116990954,0.005688971024937928,19267584.0,6422528.0
ham_mbv2_pattern_mining,2026-02-07T04:06:20,0,443,74,4,0.81640625,0.5211316347122192,20.5620896,0.07619717656052671,0.07474474958144128,0.0014524269790854305,1,2,0.0018350019818171859,0.0014524269790854305,0.0056394729763269424,19267584.0,6422528.0
ham_mbv2_pattern_mining,2026-02-07T04:06:20,0,444,74,5,0.5,0.7310525178909302,0.1705632,0.09511436702450737,0.09356649999972433,0.001547867024783045,1,2,0.0019939019985031337,0.001547867024783045,0.007362748001469299,150528.0,50176.0
ham_mbv2_pattern_mining,2026-02-07T04:06:23,1,439,74,0,0.81640625,0.5859803557395935,20.5620896,0.3145738258899655,0.3092632399057038,0.0053105859842617065,1,2,0.011392399988835678,0.0053105859842617065,0.019533924001734704,19267584.0,6422528.0
ham_mbv2_pattern_mining,2026-02-07T04:06:24,1,440,74,1,0.8046875,0.5144209265708923,20.5620896,0.08587152205291204,0.08421028003795072,0.0016612420149613172,1,2,0.002369235997321084,0.0016612420149613172,0.006051792006473988,19267584.0,6422528.0
ham_mbv2_pattern_mining,2026-02-07T04:06:24,1,441,74,2,0.76953125,0.6311534643173218,20.5620896,0.08352172904415056,0.08196081005735323,0.0015609189867973328,1,2,0.002175214991439134,0.0015609189867973328,0.006020866014296189,19267584.0,6422528.0
ham_mbv2_pattern_mining,2026-02-07T04:06:24,1,442,74,3,0.75390625,0.6061763167381287,20.5620896,0.07593235385138541,0.07449595985235646,0.001436393999028951,1,2,0.0018072430102620274,0.001436393999028951,0.005642352974973619,19267584.0,6422528.0
ham_mbv2_pattern_mining,2026-02-07T04:06:25,1,443,74,4,0.79296875,0.6086429357528687,20.5620896,0.0770269149215892,0.07557609991636127,0.0014508150052279234,1,2,0.001833779999287799,0.0014508150052279234,0.005723829992348328,19267584.0,6422528.0
ham_mbv2_pattern_mining,2026-02-07T04:06:25,1,444,74,5,0.0,4.301908016204834,0.1705632,0.08649698278168216,0.08500729978550225,0.0014896829961799085,1,2,0.0017490059835836291,0.0014896829961799085,0.006751723994966596,150528.0,50176.0
ham_mbv2_pattern_mining,2026-02-07T04:06:29,2,439,74,0,0.80859375,0.5153743028640747,20.5620896,0.3317629079101607,0.32627145992591977,0.005491447984240949,1,2,0.011697177978930995,0.005491447984240949,0.020929968013660982,19267584.0,6422528.0
ham_mbv2_pattern_mining,2026-02-07T04:06:29,2,440,74,1,0.8046875,0.5030666589736938,20.5620896,0.09045770508237183,0.08879672008333728,0.0016609849990345538,1,2,0.002683889993932098,0.0016609849990345538,0.00619578201440163,19267584.0,6422528.0
ham_mbv2_pattern_mining,2026-02-07T04:06:29,2,441,74,2,0.82421875,0.46112555265426636,20.5620896,0.0738971829705406,0.0724991099559702,0.0013980730145704001,1,2,0.0016749439819250256,0.0013980730145704001,0.005574967013671994,19267584.0,6422528.0
ham_mbv2_pattern_mining,2026-02-07T04:06:29,2,442,74,3,0.83203125,0.45329830050468445,20.5620896,0.07506131220725365,0.07358671020483598,0.0014746020024176687,1,2,0.001733793003950268,0.0014746020024176687,0.00562487801653333,19267584.0,6422528.0
ham_mbv2_pattern_mining,2026-02-07T04:06:30,2,443,74,4,0.76171875,0.6311235427856445,20.5620896,0.07436768806655891,0.07284724008059129,0.0015204479859676212,1,2,0.001720933010801673,0.0015204479859676212,0.005563790997257456,19267584.0,6422528.0
ham_mbv2_pattern_mining,2026-02-07T04:06:31,2,444,74,5,0.5,2.2603790760040283,0.1705632,0.08861753993551247,0.08710444992175326,0.0015130900137592107,1,2,0.0017972479981835932,0.0015130900137592107,0.006913196993991733,150528.0,50176.0
ham_mbv2_pattern_mining,2026-02-07T04:06:34,3,439,74,0,0.8515625,0.4016319811344147,20.5620896,0.3466133240435738,0.3409582600579597,0.005655063985614106,1,2,0.0123966510000173,0.005655063985614106,0.02169917500577867,19267584.0,6422528.0
ham_mbv2_pattern_mining,2026-02-07T04:06:34,3,440,74,1,0.8359375,0.47662824392318726,20.5620896,0.0797741859278176,0.07814376993337646,0.0016304159944411367,1,2,0.0018934479739982635,0.0016304159944411367,0.005920929019339383,19267584.0,6422528.0
ham_mbv2_pattern_mining,2026-02-07T04:06:34,3,441,74,2,0.7421875,0.741827130317688,20.5620896,0.07700501492945477,0.07552419992862269,0.0014808150008320808,1,2,0.0017996660026255995,0.0014808150008320808,0.00575275399023667,19267584.0,6422528.0
ham_mbv2_pattern_mining,2026-02-07T04:06:34,3,442,74,3,0.84375,0.40329256653785706,20.5620896,0.07532045984407887,0.07386363984551281,0.0014568199985660613,1,2,0.0017638319986872375,0.0014568199985660613,0.005622531985864043,19267584.0,6422528.0
ham_mbv2_pattern_mining,2026-02-07T04:06:36,3,443,74,4,0.82421875,0.49187541007995605,20.5620896,0.0783243743062485,0.07682283030590042,0.0015015440003480762,1,2,0.0018724100082181394,0.0015015440003480762,0.005809873022371903,19267584.0,6422528.0
ham_mbv2_pattern_mining,2026-02-07T04:06:36,3,444,74,5,1.0,0.4406385123729706,0.1705632,0.09239857117063366,0.09082449018023908,0.0015740809903945774,1,2,0.0019942710059694946,0.0015740809903945774,0.0070881780120544136,150528.0,50176.0
ham_mbv2_pattern_mining,2026-02-07T04:06:39,4,439,74,0,0.8125,0.5111973285675049,20.5620896,0.4398723600024823,0.4318666399922222,0.00800572001026012,1,2,0.015648931002942845,0.00800572001026012,0.027537732996279374,19267584.0,6422528.0
ham_mbv2_pattern_mining,2026-02-07T04:06:39,4,440,74,1,0.76171875,0.6088255047798157,20.5620896,0.06415256002219394,0.06290388002526015,0.001248679996933788,1,2,0.0015274010074790567,0.001248679996933788,0.004762986995046958,19267584.0,6422528.0
ham_mbv2_pattern_mining,2026-02-07T04:06:39,4,441,74,2,0.7890625,0.5586611032485962,20.5620896,0.060596119961701334,0.059441619960125536,0.0011545000015757978,1,2,0.0014551370113622397,0.0011545000015757978,0.004489024984650314,19267584.0,6422528.0
ham_mbv2_pattern_mining,2026-02-07T04:06:39,4,442,74,3,0.8125,0.5521095991134644,20.5620896,0.057134800794301555,0.05602720979368314,0.001107591000618413,1,2,0.0013856669829692692,0.001107591000618413,0.004217053996399045,19267584.0,6422528.0
ham_mbv2_pattern_mining,2026-02-07T04:06:41,4,443,74,4,0.8203125,0.5643295049667358,20.5620896,0.06159240906708874,0.06046994007192552,0.0011224689951632172,1,2,0.0014535039954353124,0.0011224689951632172,0.00459349001175724,19267584.0,6422528.0
ham_mbv2_pattern_mining,2026-02-07T04:06:41,4,444,74,5,1.0,0.0633261501789093,0.09028159999999999,0.0650796011032071,0.06387102010194212,0.0012085810012649745,1,2,0.0016735809913370758,0.0012085810012649745,0.004713521018857136,75264.0,25088.0
ham_mbv2_pattern_mining,2026-02-07T04:06:49,0,445,75,0,0.8203125,0.5297656655311584,20.5620896,0.3516600950388238,0.3447646400309168,0.006895455007907003,1,2,0.009917123999912292,0.006895455007907003,0.024559340003179386,19267584.0,6422528.0
ham_mbv2_pattern_mining,2026-02-07T04:06:50,0,446,75,1,0.87109375,0.41744744777679443,20.5620896,0.0767462152580265,0.07523885025875643,0.0015073649992700666,1,2,0.0018016230023931712,0.0015073649992700666,0.005722262023482472,19267584.0,6422528.0
ham_mbv2_pattern_mining,2026-02-07T04:06:50,0,447,75,2,0.78125,0.577082097530365,20.5620896,0.07543454988626763,0.07402919989544898,0.0014053499908186495,1,2,0.001749742979882285,0.0014053499908186495,0.005653177009662613,19267584.0,6422528.0
ham_mbv2_pattern_mining,2026-02-07T04:06:50,0,448,75,3,0.75390625,0.6213472485542297,20.5620896,0.07609206708730198,0.07465825008694082,0.0014338170003611594,1,2,0.0017737039888743311,0.0014338170003611594,0.005692121019819751,19267584.0,6422528.0
ham_mbv2_pattern_mining,2026-02-07T04:06:51,0,449,75,4,0.77734375,0.5209541916847229,20.5620896,0.078210489009507,0.07675353001104668,0.0014569589984603226,1,2,0.0018742299871519208,0.0014569589984603226,0.005801123013952747,19267584.0,6422528.0
ham_mbv2_pattern_mining,2026-02-07T04:06:51,0,450,75,5,1.0,0.4478141963481903,0.1705632,0.09321354888379574,0.09171029989374802,0.001503248990047723,1,2,0.0018155779980588704,0.001503248990047723,0.007355451991315931,150528.0,50176.0
ham_mbv2_pattern_mining,2026-02-07T04:06:54,1,445,75,0,0.80859375,0.48406264185905457,20.5620896,0.38673018300323747,0.3808153999852948,0.005914783017942682,1,2,0.011297124001430348,0.005914783017942682,0.02678441599709913,19267584.0,6422528.0
ham_mbv2_pattern_mining,2026-02-07T04:06:55,1,446,75,1,0.78515625,0.5624178647994995,20.5620896,0.1647238908917643,0.16200421989196911,0.0027196709997951984,1,2,0.0034005939960479736,0.0027196709997951984,0.012799827993148938,19267584.0,6422528.0
ham_mbv2_pattern_mining,2026-02-07T04:06:55,1,447,75,2,0.8046875,0.5775501132011414,20.5620896,0.08137518493458629,0.07994176994543523,0.0014334149891510606,1,2,0.0018841649871319532,0.0014334149891510606,0.006110012007411569,19267584.0,6422528.0
ham_mbv2_pattern_mining,2026-02-07T04:06:55,1,448,75,3,0.80078125,0.5831326246261597,20.5620896,0.05828247082536109,0.05715702980523929,0.001125441020121798,1,2,0.0013843789929524064,0.001125441020121798,0.004331323987571523,19267584.0,6422528.0
ham_mbv2_pattern_mining,2026-02-07T04:06:56,1,449,75,4,0.7890625,0.548034131526947,20.5620896,0.06583768190466799,0.06454766989918426,0.0012900120054837316,1,2,0.0015662169898860157,0.0012900120054837316,0.00488855000003241,19267584.0,6422528.0
ham_mbv2_pattern_mining,2026-02-07T04:06:56,1,450,75,5,1.0,0.35544151067733765,0.1705632,0.07705524688935839,0.07580148987472057,0.001253757014637813,1,2,0.001611490995856002,0.001253757014637813,0.005968657991616055,150528.0,50176.0
ham_mbv2_pattern_mining,2026-02-07T04:06:59,2,445,75,0,0.859375,0.4055787920951843,20.5620896,0.45452948499587364,0.4462892599985935,0.008240224997280166,1,2,0.014594934007618576,0.008240224997280166,0.03003399199224077,19267584.0,6422528.0
ham_mbv2_pattern_mining,2026-02-07T04:06:59,2,446,75,1,0.8203125,0.519389808177948,20.5620896,0.07324580565909855,0.07179787964560091,0.0014479260134976357,1,2,0.001700910972431302,0.0014479260134976357,0.005478876992128789,19267584.0,6422528.0
ham_mbv2_pattern_mining,2026-02-07T04:07:00,2,447,75,2,0.828125,0.5077579617500305,20.5620896,0.07399505688226782,0.07259640988195315,0.0013986470003146678,1,2,0.0017088800086639822,0.0013986470003146678,0.005550760979531333,19267584.0,6422528.0
ham_mbv2_pattern_mining,2026-02-07T04:07:00,2,448,75,3,0.81640625,0.5125840902328491,20.5620896,0.07391466567059979,0.07249821966979653,0.001416446000803262,1,2,0.0016928459808696061,0.001416446000803262,0.0055569759861100465,19267584.0,6422528.0
ham_mbv2_pattern_mining,2026-02-07T04:07:02,2,449,75,4,0.796875,0.5501968264579773,20.5620896,0.07408492511603981,0.07267044013133273,0.0014144849847070873,1,2,0.0017485020216554403,0.0014144849847070873,0.005518541991477832,19267584.0,6422528.0
ham_mbv2_pattern_mining,2026-02-07T04:07:02,2,450,75,5,1.0,0.07192520797252655,0.1705632,0.09090892091626301,0.08942246990045533,0.0014864510158076882,1,2,0.0017337070021312684,0.0014864510158076882,0.007208539987914264,150528.0,50176.0
ham_mbv2_pattern_mining,2026-02-07T04:07:05,3,445,75,0,0.82421875,0.46922820806503296,20.5620896,0.3998980508185923,0.3913906298112124,0.00850742100737989,1,2,0.015049531997647136,0.00850742100737989,0.024089530983474106,19267584.0,6422528.0
ham_mbv2_pattern_mining,2026-02-07T04:07:05,3,446,75,1,0.90625,0.33057498931884766,20.5620896,0.07973121028044261,0.07814607030013576,0.0015851399803068489,1,2,0.0018653770093806088,0.0015851399803068489,0.005949230020632967,19267584.0,6422528.0
ham_mbv2_pattern_mining,2026-02-07T04:07:05,3,447,75,2,0.76953125,0.5890854597091675,20.5620896,0.08569638003245927,0.08426649001194164,0.0014298900205176324,1,2,0.0018103769980370998,0.0014298900205176324,0.006616272003157064,19267584.0,6422528.0
ham_mbv2_pattern_mining,2026-02-07T04:07:05,3,448,75,3,0.82421875,0.5127134323120117,20.5620896,0.07421995996264741,0.07279562996700406,0.0014243299956433475,1,2,0.0017224570037797093,0.0014243299956433475,0.005557105992920697,19267584.0,6422528.0
ham_mbv2_pattern_mining,2026-02-07T04:07:07,3,449,75,4,0.77734375,0.5960515737533569,20.5620896,0.0753907778125722,0.07394444983219728,0.0014463279803749174,1,2,0.0017707679944578558,0.0014463279803749174,0.005623676988761872,19267584.0,6422528.0
ham_mbv2_pattern_mining,2026-02-07T04:07:07,3,450,75,5,0.5,3.485527515411377,0.1705632,0.09087284104316495,0.0894065000466071,0.0014663409965578467,1,2,0.002177318005124107,0.0014663409965578467,0.006763331999536604,150528.0,50176.0
ham_mbv2_pattern_mining,2026-02-07T04:07:10,4,445,75,0,0.83984375,0.48751938343048096,20.5620896,0.4646729023370426,0.4561215403373353,0.008551361999707296,1,2,0.015046019019791856,0.008551361999707296,0.030566135013941675,19267584.0,6422528.0
ham_mbv2_pattern_mining,2026-02-07T04:07:10,4,446,75,1,0.859375,0.4644511938095093,20.5620896,0.07546696698409505,0.07397189998300746,0.001495067001087591,1,2,0.0017490540049038827,0.001495067001087591,0.005648135993396863,19267584.0,6422528.0
ham_mbv2_pattern_mining,2026-02-07T04:07:10,4,447,75,2,0.83984375,0.4835217595100403,20.5620896,0.07517050494789146,0.07373461994575337,0.0014358850021380931,1,2,0.0017194179818034172,0.0014358850021380931,0.005654044012771919,19267584.0,6422528.0
ham_mbv2_pattern_mining,2026-02-07T04:07:10,4,448,75,3,0.8046875,0.5859739184379578,20.5620896,0.0756487358303275,0.07420991983963177,0.0014388159906957299,1,2,0.0017894349875859916,0.0014388159906957299,0.005631556996377185,19267584.0,6422528.0
ham_mbv2_pattern_mining,2026-02-07T04:07:12,4,449,75,4,0.7890625,0.554208517074585,20.5620896,0.07815794533235021,0.0766833103261888,0.0014746350061614066,1,2,0.0018524760089349002,0.0014746350061614066,0.00581585502368398,19267584.0,6422528.0
ham_mbv2_pattern_mining,2026-02-07T04:07:12,4,450,75,5,0.0,5.91492223739624,0.09028159999999999,0.08837761607719585,0.08676288009155542,0.0016147359856404364,1,2,0.0020343739888630807,0.0016147359856404364,0.006641914020292461,75264.0,25088.0
ham_mbv2_pattern_mining,2026-02-07T04:07:20,0,451,76,0,0.8515625,0.45841509103775024,20.5620896,0.4365261131024454,0.4294048700830899,0.007121243019355461,1,2,0.01051556400489062,0.007121243019355461,0.03242492300341837,19267584.0,6422528.0
ham_mbv2_pattern_mining,2026-02-07T04:07:20,0,452,76,1,0.828125,0.4784401059150696,20.5620896,0.09085733784013428,0.08932459983043373,0.0015327380097005516,1,2,0.001790101989172399,0.0015327380097005516,0.007142357993870974,19267584.0,6422528.0
ham_mbv2_pattern_mining,2026-02-07T04:07:20,0,453,76,2,0.81640625,0.5305676460266113,20.5620896,0.07574458501767367,0.07431409001583233,0.0014304950018413365,1,2,0.0017764410004019737,0.0014304950018413365,0.00565496800118126,19267584.0,6422528.0
ham_mbv2_pattern_mining,2026-02-07T04:07:20,0,454,76,3,0.78125,0.5763089656829834,20.5620896,0.0759333657915704,0.0744778398075141,0.001455525984056294,1,2,0.0017601109866518527,0.001455525984056294,0.005687672994099557,19267584.0,6422528.0
ham_mbv2_pattern_mining,2026-02-07T04:07:21,0,455,76,4,0.85546875,0.4404592216014862,20.5620896,0.0759957640839275,0.07454653008608148,0.0014492339978460222,1,2,0.0017925550055224448,0.0014492339978460222,0.005662098003085703,19267584.0,6422528.0
ham_mbv2_pattern_mining,2026-02-07T04:07:21,0,456,76,5,1.0,0.07047538459300995,0.1705632,0.09788163512712345,0.09633714013034478,0.001544494996778667,1,2,0.001848507992690429,0.001544494996778667,0.007785206020344049,150528.0,50176.0
ham_mbv2_pattern_mining,2026-02-07T04:07:24,1,451,76,0,0.84375,0.40071970224380493,20.5620896,0.33426966989645734,0.32862102991202846,0.005648639984428883,1,2,0.012122157990233973,0.005648639984428883,0.020739945000968874,19267584.0,6422528.0
ham_mbv2_pattern_mining,2026-02-07T04:07:24,1,452,76,1,0.80859375,0.5327021479606628,20.5620896,0.07897667493671179,0.07749754993710667,0.0014791249996051192,1,2,0.001821896992623806,0.0014791249996051192,0.005927858001086861,19267584.0,6422528.0
ham_mbv2_pattern_mining,2026-02-07T04:07:24,1,453,76,2,0.765625,0.6510588526725769,20.5620896,0.07382607500767335,0.07238997000968084,0.0014361049979925156,1,2,0.001704458991298452,0.0014361049979925156,0.005534538009669632,19267584.0,6422528.0
ham_mbv2_pattern_mining,2026-02-07T04:07:24,1,454,76,3,0.8203125,0.4732431471347809,20.5620896,0.07388745780917816,0.07246281980769709,0.0014246380014810711,1,2,0.00171297398628667,0.0014246380014810711,0.005533307994483039,19267584.0,6422528.0
ham_mbv2_pattern_mining,2026-02-07T04:07:26,1,455,76,4,0.79296875,0.5025818943977356,20.5620896,0.07616370619507506,0.07471695018466562,0.0014467560104094446,1,2,0.0019149880099575967,0.0014467560104094446,0.005556707008508965,19267584.0,6422528.0
ham_mbv2_pattern_mining,2026-02-07T04:07:26,1,456,76,5,0.5,3.6738691329956055,0.1705632,0.09073496874771081,0.0892239497625269,0.0015110189851839095,1,2,0.0019102029909845442,0.0015110189851839095,0.007012191985268146,150528.0,50176.0
ham_mbv2_pattern_mining,2026-02-07T04:07:29,2,451,76,0,0.7734375,0.6298849582672119,20.5620896,0.491927152936114,0.4834688699338585,0.008458283002255484,1,2,0.01659526498406194,0.008458283002255484,0.03175162200932391,19267584.0,6422528.0
ham_mbv2_pattern_mining,2026-02-07T04:07:29,2,452,76,1,0.83203125,0.49577832221984863,20.5620896,0.07552909824880771,0.07407242024783045,0.0014566780009772629,1,2,0.0018101560126524419,0.0014566780009772629,0.005597086012130603,19267584.0,6422528.0
ham_mbv2_pattern_mining,2026-02-07T04:07:29,2,453,76,2,0.8359375,0.5276635885238647,20.5620896,0.07414860592689365,0.07272018992807716,0.0014284159988164902,1,2,0.001702628011116758,0.0014284159988164902,0.005569390981690958,19267584.0,6422528.0
ham_mbv2_pattern_mining,2026-02-07T04:07:29,2,454,76,3,0.828125,0.5172430276870728,20.5620896,0.07413190536317416,0.0726758103701286,0.0014560949930455536,1,2,0.0016949000128079206,0.0014560949930455536,0.00557268102420494,19267584.0,6422528.0
ham_mbv2_pattern_mining,2026-02-07T04:07:31,2,455,76,4,0.8125,0.5013061761856079,20.5620896,0.07662914603133686,0.07516048004617915,0.0014686659851577133,1,2,0.0018434330122545362,0.0014686659851577133,0.005672614992363378,19267584.0,6422528.0
ham_mbv2_pattern_mining,2026-02-07T04:07:31,2,456,76,5,0.5,1.4967360496520996,0.1705632,0.09580851483042352,0.09426179982256144,0.0015467150078620762,1,2,0.0020312790002208203,0.0015467150078620762,0.007394900982035324,150528.0,50176.0
ham_mbv2_pattern_mining,2026-02-07T04:07:34,3,451,76,0,0.87109375,0.36626389622688293,20.5620896,0.33024434474646114,0.3248021297622472,0.005442214984213933,1,2,0.011931344983167946,0.005442214984213933,0.020548867993056774,19267584.0,6422528.0
ham_mbv2_pattern_mining,2026-02-07T04:07:34,3,452,76,1,0.84375,0.480554461479187,20.5620896,0.07443922077072784,0.07299695978872478,0.001442260982003063,1,2,0.0017399489879608154,0.001442260982003063,0.005559746990911663,19267584.0,6422528.0
ham_mbv2_pattern_mining,2026-02-07T04:07:34,3,453,76,2,0.7578125,0.6446303129196167,20.5620896,0.07556315109832212,0.07413156010443345,0.0014315909938886762,1,2,0.0018551480025053024,0.0014315909938886762,0.005558008007938042,19267584.0,6422528.0
ham_mbv2_pattern_mining,2026-02-07T04:07:35,3,454,76,3,0.88671875,0.3522211015224457,20.5620896,0.0744543670443818,0.07302248006453738,0.0014318869798444211,1,2,0.001688463002210483,0.0014318869798444211,0.005613785004243255,19267584.0,6422528.0
ham_mbv2_pattern_mining,2026-02-07T04:07:36,3,455,76,4,0.83984375,0.4724140167236328,20.5620896,0.07487062469590455,0.07340826967265457,0.0014623550232499838,1,2,0.0017512319900561124,0.0014623550232499838,0.0055895949772093445,19267584.0,6422528.0
ham_mbv2_pattern_mining,2026-02-07T04:07:36,3,456,76,5,0.5,1.9819462299346924,0.1705632,0.09589849881012924,0.0943499497952871,0.0015485490148421377,1,2,0.001991400000406429,0.0015485490148421377,0.007443594979122281,150528.0,50176.0
ham_mbv2_pattern_mining,2026-02-07T04:07:39,4,451,76,0,0.85546875,0.4221264719963074,20.5620896,0.42853221370023675,0.4210462496848777,0.007485964015359059,1,2,0.014267362974351272,0.007485964015359059,0.027837261994136497,19267584.0,6422528.0
ham_mbv2_pattern_mining,2026-02-07T04:07:39,4,452,76,1,0.7890625,0.6282880306243896,20.5620896,0.07426523679168895,0.07281440979568288,0.0014508269960060716,1,2,0.0017484559793956578,0.0014508269960060716,0.00553298500017263,19267584.0,6422528.0
ham_mbv2_pattern_mining,2026-02-07T04:07:39,4,453,76,2,0.8125,0.5187844038009644,20.5620896,0.07646366802509874,0.07501774001866579,0.0014459280064329505,1,2,0.0017953059868887067,0.0014459280064329505,0.005706468014977872,19267584.0,6422528.0
ham_mbv2_pattern_mining,2026-02-07T04:07:40,4,454,76,3,0.78125,0.5535762906074524,20.5620896,0.07579981608432718,0.07433735008817166,0.0014624659961555153,1,2,0.0017662680184002966,0.0014624659961555153,0.0056674669904168695,19267584.0,6422528.0
ham_mbv2_pattern_mining,2026-02-07T04:07:41,4,455,76,4,0.8046875,0.522315263748169,20.5620896,0.0771481950650923,0.07567802007542923,0.0014701749896630645,1,2,0.0018481219885870814,0.0014701749896630645,0.005719680018955842,19267584.0,6422528.0
ham_mbv2_pattern_mining,2026-02-07T04:07:41,4,456,76,5,1.0,0.05185307562351227,0.09028159999999999,0.09114700919599272,0.08953455020673573,0.001612458989256993,1,2,0.0020170360221527517,0.001612458989256993,0.006936418998520821,75264.0,25088.0
ham_mbv2_pattern_mining,2026-02-07T04:07:49,0,457,77,0,0.828125,0.45849689841270447,20.5620896,0.294053331221221,0.28881068021291867,0.005242651008302346,1,2,0.009345515019958839,0.005242651008302346,0.019535553001333028,19267584.0,6422528.0
ham_mbv2_pattern_mining,2026-02-07T04:07:49,0,458,77,1,0.82421875,0.5134238004684448,20.5620896,0.07515897988923825,0.07372041989583522,0.0014385599934030324,1,2,0.0018207590037491173,0.0014385599934030324,0.005551282985834405,19267584.0,6422528.0
ham_mbv2_pattern_mining,2026-02-07T04:07:50,0,459,77,2,0.83203125,0.41679954528808594,20.5620896,0.07500971297849901,0.07361361000221223,0.0013961029762867838,1,2,0.0017736789886839688,0.0013961029762867838,0.005587682011537254,19267584.0,6422528.0
ham_mbv2_pattern_mining,2026-02-07T04:07:50,0,460,77,3,0.7734375,0.5688321590423584,20.5620896,0.07366484715021215,0.07227137015433982,0.0013934769958723336,1,2,0.001713239005766809,0.0013934769958723336,0.005513898009667173,19267584.0,6422528.0
ham_mbv2_pattern_mining,2026-02-07T04:07:51,0,461,77,4,0.83984375,0.4727134704589844,20.5620896,0.06282162721618079,0.06168984022224322,0.0011317869939375669,1,2,0.0014109940093476325,0.0011317869939375669,0.0047579900128766894,19267584.0,6422528.0
ham_mbv2_pattern_mining,2026-02-07T04:07:51,0,462,77,5,0.5,1.5083798170089722,0.1705632,0.07716433992027305,0.07598764990689233,0.0011766900133807212,1,2,0.0014660669839940965,0.0011766900133807212,0.006132698006695136,150528.0,50176.0
ham_mbv2_pattern_mining,2026-02-07T04:07:54,1,457,77,0,0.85546875,0.4718981981277466,20.5620896,0.3050171992799733,0.2999245302635245,0.005092669016448781,1,2,0.010804556019138545,0.005092669016448781,0.019187897007213905,19267584.0,6422528.0
ham_mbv2_pattern_mining,2026-02-07T04:07:54,1,458,77,1,0.8125,0.4774097502231598,20.5620896,0.09471833318821155,0.09322782017989084,0.001490513008320704,1,2,0.0016953540034592152,0.001490513008320704,0.007627428014529869,19267584.0,6422528.0
ham_mbv2_pattern_mining,2026-02-07T04:07:55,1,459,77,2,0.80859375,0.5100458860397339,20.5620896,0.08679525394109078,0.0844315899303183,0.0023636640107724816,1,2,0.002443813980789855,0.0023636640107724816,0.0059993450122419745,19267584.0,6422528.0
ham_mbv2_pattern_mining,2026-02-07T04:07:55,1,460,77,3,0.765625,0.5829876065254211,20.5620896,0.07843431006767787,0.07698083005379885,0.001453480013879016,1,2,0.001764173008268699,0.001453480013879016,0.005933909997111186,19267584.0,6422528.0
ham_mbv2_pattern_mining,2026-02-07T04:07:56,1,461,77,4,0.77734375,0.5350034236907959,20.5620896,0.07549099274910986,0.07404808973660693,0.0014429030125029385,1,2,0.0017713199777062982,0.0014429030125029385,0.005633488995954394,19267584.0,6422528.0
ham_mbv2_pattern_mining,2026-02-07T04:07:56,1,462,77,5,1.0,0.33520224690437317,0.1705632,0.09465214403462596,0.09311959001934156,0.0015325540152844042,1,2,0.0018833499925676733,0.0015325540152844042,0.0074286090093664825,150528.0,50176.0
ham_mbv2_pattern_mining,2026-02-07T04:07:59,2,457,77,0,0.8359375,0.4857674241065979,20.5620896,0.30274544411804527,0.297690530132968,0.005054913985077292,1,2,0.011031939007807523,0.005054913985077292,0.018737114005489275,19267584.0,6422528.0
ham_mbv2_pattern_mining,2026-02-07T04:07:59,2,458,77,1,0.828125,0.4881802499294281,20.5620896,0.08721196980332024,0.08552394981961697,0.0016880199837032706,1,2,0.0022090959828346968,0.0016880199837032706,0.006343298999127001,19267584.0,6422528.0
ham_mbv2_pattern_mining,2026-02-07T04:08:00,2,459,77,2,0.87109375,0.43597856163978577,20.5620896,0.07451640494400635,0.07311741996090859,0.0013989849830977619,1,2,0.0017758249887265265,0.0013989849830977619,0.005535917007364333,19267584.0,6422528.0
ham_mbv2_pattern_mining,2026-02-07T04:08:00,2,460,77,3,0.83203125,0.5225125551223755,20.5620896,0.07677803304977715,0.07532371004344895,0.0014543230063281953,1,2,0.0019081159844063222,0.0014543230063281953,0.005624255019938573,19267584.0,6422528.0
ham_mbv2_pattern_mining,2026-02-07T04:08:01,2,461,77,4,0.828125,0.45771336555480957,20.5620896,0.0769044533080887,0.07545225031208247,0.0014522029960062355,1,2,0.0018680540088098496,0.0014522029960062355,0.005677171022398397,19267584.0,6422528.0
ham_mbv2_pattern_mining,2026-02-07T04:08:01,2,462,77,5,1.0,0.088387630879879,0.1705632,0.08914868006831966,0.08764897007495165,0.0014997099933680147,1,2,0.0018377270025666803,0.0014997099933680147,0.0069271700049284846,150528.0,50176.0
ham_mbv2_pattern_mining,2026-02-07T04:08:04,3,457,77,0,0.77734375,0.6054377555847168,20.5620896,0.43231294030556455,0.4247289802879095,0.007583960017655045,1,2,0.01397498301230371,0.007583960017655045,0.02849791501648724,19267584.0,6422528.0
ham_mbv2_pattern_mining,2026-02-07T04:08:04,3,458,77,1,0.734375,0.6060259342193604,20.5620896,0.0741563240007963,0.07269396999618039,0.0014623540046159178,1,2,0.0017164610035251826,0.0014623540046159178,0.005552935996092856,19267584.0,6422528.0
ham_mbv2_pattern_mining,2026-02-07T04:08:04,3,459,77,2,0.85546875,0.4246363043785095,20.5620896,0.07403714620159008,0.07260978018166497,0.0014273660199251026,1,2,0.00170273199910298,0.0014273660199251026,0.0055582460190635175,19267584.0,6422528.0
ham_mbv2_pattern_mining,2026-02-07T04:08:04,3,460,77,3,0.78515625,0.5697117447853088,20.5620896,0.07419958108221181,0.07277808006620035,0.0014215010160114616,1,2,0.0016901979979593307,0.0014215010160114616,0.005587610008660704,19267584.0,6422528.0
ham_mbv2_pattern_mining,2026-02-07T04:08:06,3,461,77,4,0.85546875,0.44701042771339417,20.5620896,0.07923417989513837,0.07771901990054175,0.0015151599945966154,1,2,0.0019032669952139258,0.0015151599945966154,0.005868634994840249,19267584.0,6422528.0
ham_mbv2_pattern_mining,2026-02-07T04:08:06,3,462,77,5,0.5,0.5437487363815308,0.1705632,0.09057388291694224,0.08905497990781441,0.0015189030091278255,1,2,0.0019107889966107905,0.0015189030091278255,0.006994708994170651,150528.0,50176.0
ham_mbv2_pattern_mining,2026-02-07T04:08:09,4,457,77,0,0.82421875,0.5036560297012329,20.5620896,0.32712264673318714,0.32161764975171536,0.005504996981471777,1,2,0.011910502973478287,0.005504996981471777,0.02025126200169325,19267584.0,6422528.0
ham_mbv2_pattern_mining,2026-02-07T04:08:09,4,458,77,1,0.7578125,0.6643470525741577,20.5620896,0.07748588619870134,0.07598893018439412,0.0014969560143072158,1,2,0.0018913880048785359,0.0014969560143072158,0.005707505013560876,19267584.0,6422528.0
ham_mbv2_pattern_mining,2026-02-07T04:08:09,4,459,77,2,0.7734375,0.6442598700523376,20.5620896,0.07564274707692675,0.0741895500686951,0.0014531970082316548,1,2,0.0018137790029868484,0.0014531970082316548,0.0056051760038826615,19267584.0,6422528.0
ham_mbv2_pattern_mining,2026-02-07T04:08:10,4,460,77,3,0.8203125,0.4734334647655487,20.5620896,0.07630298400181346,0.07482815999537706,0.0014748240064363927,1,2,0.0017994630034081638,0.0014748240064363927,0.005683352996129543,19267584.0,6422528.0
ham_mbv2_pattern_mining,2026-02-07T04:08:11,4,461,77,4,0.83984375,0.4601547122001648,20.5620896,0.09217506123241037,0.09024826023960486,0.0019268009928055108,1,2,0.002917564008384943,0.0019268009928055108,0.006107262015575543,19267584.0,6422528.0
ham_mbv2_pattern_mining,2026-02-07T04:08:11,4,462,77,5,0.0,4.56709623336792,0.09028159999999999,0.12570020774728619,0.12321014975896105,0.002490057988325134,1,2,0.0024429309996776283,0.002490057988325134,0.009878083976218477,75264.0,25088.0
ham_mbv2_pattern_mining,2026-02-07T04:08:19,0,463,78,0,0.8125,0.498549222946167,20.5620896,0.41276655296678655,0.4044828799669631,0.008283672999823466,1,2,0.011593320989049971,0.008283672999823466,0.028854967007646337,19267584.0,6422528.0
ham_mbv2_pattern_mining,2026-02-07T04:08:19,0,464,78,1,0.84375,0.4631038308143616,20.5620896,0.08124842829420231,0.07966690027387813,0.0015815280203241855,1,2,0.0018489150097593665,0.0015815280203241855,0.006117775017628446,19267584.0,6422528.0
ham_mbv2_pattern_mining,2026-02-07T04:08:20,0,465,78,2,0.8046875,0.5563079118728638,20.5620896,0.07640914688818157,0.0749853698653169,0.0014237770228646696,1,2,0.001829475979320705,0.0014237770228646696,0.005669061007210985,19267584.0,6422528.0
ham_mbv2_pattern_mining,2026-02-07T04:08:20,0,466,78,3,0.765625,0.6227743625640869,20.5620896,0.07886575622251257,0.07741830020677298,0.00144745601573959,1,2,0.0018133190169464797,0.00144745601573959,0.005928511003730819,19267584.0,6422528.0
ham_mbv2_pattern_mining,2026-02-07T04:08:21,0,467,78,4,0.83203125,0.4645214378833771,20.5620896,0.07901863564620726,0.07756284961942583,0.0014557860267814249,1,2,0.0018771069881040603,0.0014557860267814249,0.005879177973838523,19267584.0,6422528.0
ham_mbv2_pattern_mining,2026-02-07T04:08:21,0,468,78,5,1.0,0.21300196647644043,0.1705632,0.09294537393725477,0.0914706799085252,0.001474694028729573,1,2,0.0018109680095221847,0.001474694028729573,0.007336099981330335,150528.0,50176.0
ham_mbv2_pattern_mining,2026-02-07T04:08:24,1,463,78,0,0.796875,0.5327829718589783,20.5620896,0.4254050791496411,0.4179183501400985,0.007486729009542614,1,2,0.013840212021023035,0.007486729009542614,0.027951622992986813,19267584.0,6422528.0
ham_mbv2_pattern_mining,2026-02-07T04:08:25,1,464,78,1,0.80859375,0.5293501615524292,20.5620896,0.08381793700391427,0.08216640999307856,0.0016515270108357072,1,2,0.0021736850030720234,0.0016515270108357072,0.006042955996235833,19267584.0,6422528.0
ham_mbv2_pattern_mining,2026-02-07T04:08:25,1,465,78,2,0.7890625,0.5558760166168213,20.5620896,0.05797372592496686,0.0568916299380362,0.0010820959869306535,1,2,0.001424704008968547,0.0010820959869306535,0.004264458984835073,19267584.0,6422528.0
ham_mbv2_pattern_mining,2026-02-07T04:08:25,1,466,78,3,0.80078125,0.49922752380371094,20.5620896,0.0607084350194782,0.05958369001746178,0.0011247450020164251,1,2,0.0015246440016198903,0.0011247450020164251,0.004433725000126287,19267584.0,6422528.0
ham_mbv2_pattern_mining,2026-02-07T04:08:26,1,467,78,4,0.765625,0.5882279276847839,20.5620896,0.11289112895610742,0.11034552997443825,0.0025455989816691726,1,2,0.0028819020080845803,0.0025455989816691726,0.008152650989359245,19267584.0,6422528.0
ham_mbv2_pattern_mining,2026-02-07T04:08:27,1,468,78,5,0.0,4.012315273284912,0.1705632,0.08918478793930262,0.0876901499577798,0.0014946379815228283,1,2,0.0018334779888391495,0.0014946379815228283,0.00693553700693883,150528.0,50176.0
ham_mbv2_pattern_mining,2026-02-07T04:08:30,2,463,78,0,0.875,0.38849321007728577,20.5620896,0.36215652801911347,0.3566117800073698,0.00554474801174365,1,2,0.011623681988567114,0.00554474801174365,0.024037496012169868,19267584.0,6422528.0
ham_mbv2_pattern_mining,2026-02-07T04:08:30,2,464,78,1,0.8203125,0.4640533924102783,20.5620896,0.07782648809370585,0.07609710010001436,0.001729387993691489,1,2,0.001953540020622313,0.001729387993691489,0.005656169989379123,19267584.0,6422528.0
ham_mbv2_pattern_mining,2026-02-07T04:08:30,2,465,78,2,0.77734375,0.5581859350204468,20.5620896,0.11612039018655196,0.11391794017981738,0.00220245000673458,1,2,0.0018123920017387718,0.00220245000673458,0.009579402016242966,19267584.0,6422528.0
ham_mbv2_pattern_mining,2026-02-07T04:08:30,2,466,78,3,0.77734375,0.5633374452590942,20.5620896,0.0753467079193797,0.07389548991341144,0.0014512180059682578,1,2,0.0017581679858267307,0.0014512180059682578,0.005631381005514413,19267584.0,6422528.0
ham_mbv2_pattern_mining,2026-02-07T04:08:32,2,467,78,4,0.8203125,0.46803197264671326,20.5620896,0.07621752886916511,0.07474816986359656,0.001469359005568549,1,2,0.0017715180001687258,0.001469359005568549,0.00570329898619093,19267584.0,6422528.0
ham_mbv2_pattern_mining,2026-02-07T04:08:32,2,468,78,5,0.5,1.9768328666687012,0.1705632,0.09232608487945981,0.09078248986043036,0.0015435950190294534,1,2,0.0018223430088255554,0.0015435950190294534,0.0072559059772174805,150528.0,50176.0
ham_mbv2_pattern_mining,2026-02-07T04:08:35,3,463,78,0,0.890625,0.3332751393318176,20.5620896,0.31635938392719254,0.31053632992552593,0.0058230540016666055,1,2,0.011698540998622775,0.0058230540016666055,0.01935509199392982,19267584.0,6422528.0
ham_mbv2_pattern_mining,2026-02-07T04:08:35,3,464,78,1,0.80078125,0.528262734413147,20.5620896,0.06625540214008652,0.0649634501314722,0.0012919520086143166,1,2,0.001652558014029637,0.0012919520086143166,0.004843786999117583,19267584.0,6422528.0
ham_mbv2_pattern_mining,2026-02-07T04:08:35,3,465,78,2,0.87109375,0.3828296661376953,20.5620896,0.06313558475812897,0.06195654976181686,0.0011790349963121116,1,2,0.0015587899833917618,0.0011790349963121116,0.004636864992789924,19267584.0,6422528.0
ham_mbv2_pattern_mining,2026-02-07T04:08:35,3,466,78,3,0.84765625,0.4538683593273163,20.5620896,0.058705165167339146,0.057593480159994215,0.0011116850073449314,1,2,0.0014722500054631382,0.0011116850073449314,0.004287098010536283,19267584.0,6422528.0
ham_mbv2_pattern_mining,2026-02-07T04:08:37,3,467,78,4,0.76171875,0.651450514793396,20.5620896,0.06869266967987642,0.0673750796704553,0.0013175900094211102,1,2,0.0015924919862300158,0.0013175900094211102,0.005145015980815515,19267584.0,6422528.0
ham_mbv2_pattern_mining,2026-02-07T04:08:37,3,468,78,5,1.0,0.07041864097118378,0.1705632,0.07449213915970176,0.07326134014874697,0.0012307990109547973,1,2,0.0014926530129741877,0.0012307990109547973,0.005833481001900509,150528.0,50176.0
ham_mbv2_pattern_mining,2026-02-07T04:08:39,4,463,78,0,0.86328125,0.45877760648727417,20.5620896,0.303712124878075,0.2984774298965931,0.00523469498148188,1,2,0.011473493999801576,0.00523469498148188,0.018374248989857733,19267584.0,6422528.0
ham_mbv2_pattern_mining,2026-02-07T04:08:39,4,464,78,1,0.859375,0.4110330045223236,20.5620896,0.05997978284722194,0.05882445984752849,0.0011553229996934533,1,2,0.0014336530002765357,0.0011553229996934533,0.004448792984476313,19267584.0,6422528.0
ham_mbv2_pattern_mining,2026-02-07T04:08:40,4,465,78,2,0.8671875,0.4046533703804016,20.5620896,0.07679278933210298,0.07534656033385545,0.001446228998247534,1,2,0.001822654012357816,0.001446228998247534,0.005712002021027729,19267584.0,6422528.0
ham_mbv2_pattern_mining,2026-02-07T04:08:40,4,466,78,3,0.80078125,0.5187934637069702,20.5620896,0.0646356268262025,0.06337629980407655,0.0012593270221259445,1,2,0.0015161740011535585,0.0012593270221259445,0.004821455979254097,19267584.0,6422528.0
ham_mbv2_pattern_mining,2026-02-07T04:08:41,4,467,78,4,0.796875,0.592991828918457,20.5620896,0.06732676687533967,0.06604942987905815,0.0012773369962815195,1,2,0.0018385379808023572,0.0012773369962815195,0.004766405007103458,19267584.0,6422528.0
ham_mbv2_pattern_mining,2026-02-07T04:08:41,4,468,78,5,1.0,0.03645877540111542,0.09028159999999999,0.06689562698011287,0.06567186996107921,0.0012237570190336555,1,2,0.0015656559844501317,0.0012237570190336555,0.005001531011657789,75264.0,25088.0
ham_mbv2_pattern_mining,2026-02-07T04:08:49,0,469,79,0,0.78515625,0.5302265286445618,20.5620896,0.34990426409058273,0.34347542008617893,0.0064288440044038,1,2,0.00937695600441657,0.0064288440044038,0.024970586004201323,19267584.0,6422528.0
ham_mbv2_pattern_mining,2026-02-07T04:08:49,0,470,79,1,0.765625,0.6128308176994324,20.5620896,0.06063275085762143,0.05944537988398224,0.0011873709736391902,1,2,0.0014519229880534112,0.0011873709736391902,0.004492615000344813,19267584.0,6422528.0
ham_mbv2_pattern_mining,2026-02-07T04:08:49,0,471,79,2,0.76953125,0.6141083240509033,20.5620896,0.05749888715217821,0.05641518015181646,0.0010837070003617555,1,2,0.0013637930096592754,0.0010837070003617555,0.00427772500552237,19267584.0,6422528.0
ham_mbv2_pattern_mining,2026-02-07T04:08:50,0,472,79,3,0.828125,0.4839477837085724,20.5620896,0.06425109115662053,0.06300194014329463,0.0012491510133258998,1,2,0.0016104789974633604,0.0012491510133258998,0.004689715016866103,19267584.0,6422528.0
ham_mbv2_pattern_mining,2026-02-07T04:08:51,0,473,79,4,0.80859375,0.497314453125,20.5620896,0.10268331077531911,0.1006603697896935,0.0020229409856256098,1,2,0.002398751996224746,0.0020229409856256098,0.007667284982744604,19267584.0,6422528.0
ham_mbv2_pattern_mining,2026-02-07T04:08:51,0,474,79,5,1.0,0.07244474440813065,0.1705632,0.07708659395575523,0.07589034998090938,0.0011962439748458564,1,2,0.0015250970027409494,0.0011962439748458564,0.006063937995349988,150528.0,50176.0
ham_mbv2_pattern_mining,2026-02-07T04:08:54,1,469,79,0,0.79296875,0.5500960350036621,20.5620896,0.4014837361755781,0.39371356018818915,0.007770175987388939,1,2,0.01450888701947406,0.007770175987388939,0.024862468999344856,19267584.0,6422528.0
ham_mbv2_pattern_mining,2026-02-07T04:08:54,1,470,79,1,0.8359375,0.4445827603340149,20.5620896,0.07655638392316177,0.07507781992899254,0.0014785639941692352,1,2,0.0018629510013852268,0.0014785639941692352,0.005644830991514027,19267584.0,6422528.0
ham_mbv2_pattern_mining,2026-02-07T04:08:55,1,471,79,2,0.84375,0.44665661454200745,20.5620896,0.07433703099377453,0.07293583999853581,0.0014011909952387214,1,2,0.0017606900073587894,0.0014011909952387214,0.005532893992494792,19267584.0,6422528.0
ham_mbv2_pattern_mining,2026-02-07T04:08:55,1,472,79,3,0.75,0.721264123916626,20.5620896,0.07804979005595669,0.07654026005184278,0.0015095300041139126,1,2,0.0018890270148403943,0.0015095300041139126,0.005764998990343884,19267584.0,6422528.0
ham_mbv2_pattern_mining,2026-02-07T04:08:56,1,473,79,4,0.8125,0.5186147689819336,20.5620896,0.07990551693364978,0.07833601994207129,0.0015694969915784895,1,2,0.0019505609816405922,0.0015694969915784895,0.005883041012566537,19267584.0,6422528.0
ham_mbv2_pattern_mining,2026-02-07T04:08:56,1,474,79,5,0.5,1.778331995010376,0.1705632,0.09000459031085484,0.08850899030221626,0.0014956000086385757,1,2,0.0018301100062672049,0.0014956000086385757,0.007020789023954421,150528.0,50176.0
ham_mbv2_pattern_mining,2026-02-07T04:09:00,2,469,79,0,0.87109375,0.4046381413936615,20.5620896,0.386386884318199,0.3792624603374861,0.007124423980712891,1,2,0.013137541012838483,0.007124423980712891,0.02478870502091013,19267584.0,6422528.0
ham_mbv2_pattern_mining,2026-02-07T04:09:00,2,470,79,1,0.83203125,0.4819171130657196,20.5620896,0.07379012994351797,0.07234852993860841,0.00144160000490956,1,2,0.0017114469956140965,0.00144160000490956,0.005523405998246744,19267584.0,6422528.0
ham_mbv2_pattern_mining,2026-02-07T04:09:00,2,471,79,2,0.8359375,0.466403990983963,20.5620896,0.0737570030905772,0.07234393007820472,0.0014130730123724788,1,2,0.0016272040084004402,0.0014130730123724788,0.005607188999420032,19267584.0,6422528.0
ham_mbv2_pattern_mining,2026-02-07T04:09:00,2,472,79,3,0.81640625,0.49547073245048523,20.5620896,0.07208051317138597,0.07066648016916588,0.0014140330022200942,1,2,0.0016351230151485652,0.0014140330022200942,0.005431525001768023,19267584.0,6422528.0
ham_mbv2_pattern_mining,2026-02-07T04:09:01,2,473,79,4,0.796875,0.536371648311615,20.5620896,0.07588588015642017,0.07442691014148295,0.001458970014937222,1,2,0.0018097360152751207,0.001458970014937222,0.005632954998873174,19267584.0,6422528.0
ham_mbv2_pattern_mining,2026-02-07T04:09:01,2,474,79,5,1.0,0.30621138215065,0.1705632,0.09359496913384646,0.09206901013385504,0.001525958999991417,1,2,0.001907955011120066,0.001525958999991417,0.0072989460022654384,150528.0,50176.0
ham_mbv2_pattern_mining,2026-02-07T04:09:04,3,469,79,0,0.84375,0.4340028762817383,20.5620896,0.3188272921834141,0.3136713901767507,0.005155902006663382,1,2,0.01090268199914135,0.005155902006663382,0.02046445701853372,19267584.0,6422528.0
ham_mbv2_pattern_mining,2026-02-07T04:09:05,3,470,79,1,0.8515625,0.38806039094924927,20.5620896,0.0806467907386832,0.07917347975308076,0.0014733109856024384,1,2,0.002220945985754952,0.0014733109856024384,0.005696401989553124,19267584.0,6422528.0
ham_mbv2_pattern_mining,2026-02-07T04:09:05,3,471,79,2,0.83984375,0.46886491775512695,20.5620896,0.08313435775926337,0.08170973975211382,0.0014246180071495473,1,2,0.002522959985071793,0.0014246180071495473,0.005648013990139589,19267584.0,6422528.0
ham_mbv2_pattern_mining,2026-02-07T04:09:05,3,472,79,3,0.83203125,0.4611336290836334,20.5620896,0.0776008777320385,0.07610549975652248,0.0014953779755160213,1,2,0.0019556449842639267,0.0014953779755160213,0.005654904991388321,19267584.0,6422528.0
ham_mbv2_pattern_mining,2026-02-07T04:09:06,3,473,79,4,0.80859375,0.5338484048843384,20.5620896,0.0774567251210101,0.07601045013871044,0.0014462749822996557,1,2,0.0018961660098284483,0.0014462749822996557,0.005704879004042596,19267584.0,6422528.0
ham_mbv2_pattern_mining,2026-02-07T04:09:06,3,474,79,5,0.5,1.6902590990066528,0.1705632,0.09360075276345015,0.09209122974425554,0.001509523019194603,1,2,0.001797492994228378,0.001509523019194603,0.007411629980197176,150528.0,50176.0
ham_mbv2_pattern_mining,2026-02-07T04:09:09,4,469,79,0,0.83203125,0.4827283024787903,20.5620896,0.494557190220803,0.4843964602332562,0.010160729987546802,1,2,0.020150279015069827,0.010160729987546802,0.028289367008255795,19267584.0,6422528.0
ham_mbv2_pattern_mining,2026-02-07T04:09:10,4,470,79,1,0.890625,0.39363911747932434,20.5620896,0.06422446214128286,0.0629601301625371,0.0012643319787457585,1,2,0.0015415140078403056,0.0012643319787457585,0.004754499008413404,19267584.0,6422528.0
ham_mbv2_pattern_mining,2026-02-07T04:09:10,4,471,79,2,0.81640625,0.5119950771331787,20.5620896,0.05955154410912655,0.05840552010340616,0.0011460240057203919,1,2,0.0013882080093026161,0.0011460240057203919,0.004452344001038,19267584.0,6422528.0
ham_mbv2_pattern_mining,2026-02-07T04:09:10,4,472,79,3,0.796875,0.5470527410507202,20.5620896,0.06500566899194382,0.0638825399801135,0.001123129011830315,1,2,0.0013213740021456033,0.001123129011830315,0.005066879995865747,19267584.0,6422528.0
ham_mbv2_pattern_mining,2026-02-07T04:09:11,4,473,79,4,0.87890625,0.41414910554885864,20.5620896,0.059958024066872895,0.05880840006284416,0.0011496240040287375,1,2,0.0014928980090189725,0.0011496240040287375,0.004387941997265443,19267584.0,6422528.0
ham_mbv2_pattern_mining,2026-02-07T04:09:11,4,474,79,5,1.0,0.04175318777561188,0.09028159999999999,0.07465247288928367,0.07342289987718686,0.0012295730120968074,1,2,0.0015721659874543548,0.0012295730120968074,0.005770124000264332,75264.0,25088.0
ham_mbv2_pattern_mining,2026-02-07T04:09:19,0,475,80,0,0.82421875,0.48280203342437744,20.5620896,0.37036209809593856,0.36476920009590685,0.00559289800003171,1,2,0.009182109002722427,0.00559289800003171,0.027294811006868258,19267584.0,6422528.0
ham_mbv2_pattern_mining,2026-02-07T04:09:20,0,476,80,1,0.86328125,0.4084004759788513,20.5620896,0.07775284993113019,0.07623821991728619,0.0015146300138439983,1,2,0.0019797089917119592,0.0015146300138439983,0.0056441130000166595,19267584.0,6422528.0
ham_mbv2_pattern_mining,2026-02-07T04:09:20,0,477,80,2,0.8515625,0.4176752269268036,20.5620896,0.08301516974461265,0.08143998973537236,0.0015751800092402846,1,2,0.001811014983104542,0.0015751800092402846,0.0063329839904326946,19267584.0,6422528.0
ham_mbv2_pattern_mining,2026-02-07T04:09:20,0,478,80,3,0.85546875,0.45164698362350464,20.5620896,0.07378906008671038,0.07236803008709103,0.0014210299996193498,1,2,0.001720268017379567,0.0014210299996193498,0.005516534991329536,19267584.0,6422528.0
ham_mbv2_pattern_mining,2026-02-07T04:09:21,0,479,80,4,0.78515625,0.5409436821937561,20.5620896,0.07554040892864577,0.07409590994939208,0.0014444989792536944,1,2,0.0018283760000485927,0.0014444989792536944,0.005581214994890615,19267584.0,6422528.0
ham_mbv2_pattern_mining,2026-02-07T04:09:21,0,480,80,5,0.5,2.8683881759643555,0.1705632,0.09625425605918281,0.09477871004492044,0.0014755460142623633,1,2,0.0018080230220220983,0.0014755460142623633,0.007669847982469946,150528.0,50176.0
ham_mbv2_pattern_mining,2026-02-07T04:09:24,1,475,80,0,0.84765625,0.4424210786819458,20.5620896,0.30764395056758076,0.30261832958785817,0.005025620979722589,1,2,0.010692096984712407,0.005025620979722589,0.01956973597407341,19267584.0,6422528.0
ham_mbv2_pattern_mining,2026-02-07T04:09:24,1,476,80,1,0.83203125,0.4852204918861389,20.5620896,0.06701531657017767,0.06529418955324218,0.0017211270169354975,1,2,0.001582860975759104,0.0017211270169354975,0.004946557979565114,19267584.0,6422528.0
ham_mbv2_pattern_mining,2026-02-07T04:09:24,1,477,80,2,0.7578125,0.6169754266738892,20.5620896,0.06010977312689647,0.05896862014196813,0.0011411529849283397,1,2,0.001386226009344682,0.0011411529849283397,0.004510636004852131,19267584.0,6422528.0
ham_mbv2_pattern_mining,2026-02-07T04:09:24,1,478,80,3,0.80859375,0.4755464494228363,20.5620896,0.056658130837604403,0.05555755982641131,0.0011005710111930966,1,2,0.001332972984528169,0.0011005710111930966,0.004222782998112962,19267584.0,6422528.0
ham_mbv2_pattern_mining,2026-02-07T04:09:26,1,479,80,4,0.77734375,0.5558844208717346,20.5620896,0.057843095069983974,0.056741510052233934,0.0011015850177500397,1,2,0.0013936960021965206,0.0011015850177500397,0.004280455003026873,19267584.0,6422528.0
ham_mbv2_pattern_mining,2026-02-07T04:09:26,1,480,80,5,0.5,0.8617826700210571,0.1705632,0.07070430982275866,0.06955325981834903,0.0011510500044096261,1,2,0.001442710985429585,0.0011510500044096261,0.005512614996405318,150528.0,50176.0
ham_mbv2_pattern_mining,2026-02-07T04:09:28,2,475,80,0,0.828125,0.4617959260940552,20.5620896,0.4002468997205142,0.3929959697416052,0.007250929978908971,1,2,0.013187211996410042,0.007250929978908971,0.02611238497775048,19267584.0,6422528.0
ham_mbv2_pattern_mining,2026-02-07T04:09:29,2,476,80,1,0.8359375,0.43994641304016113,20.5620896,0.11342696109204553,0.11016372009180486,0.0032632410002406687,1,2,0.0037162530061323196,0.0032632410002406687,0.007300119003048167,19267584.0,6422528.0
ham_mbv2_pattern_mining,2026-02-07T04:09:29,2,477,80,2,0.8671875,0.476626455783844,20.5620896,0.09296813589753583,0.09047139988979325,0.0024967360077425838,1,2,0.0028435050044208765,0.0024967360077425838,0.006203634984558448,19267584.0,6422528.0
ham_mbv2_pattern_mining,2026-02-07T04:09:29,2,478,80,3,0.76953125,0.613201379776001,20.5620896,0.07591477586538531,0.07447096984833479,0.0014438060170505196,1,2,0.0017908559821080416,0.0014438060170505196,0.005656241002725437,19267584.0,6422528.0
ham_mbv2_pattern_mining,2026-02-07T04:09:30,2,479,80,4,0.80078125,0.546783447265625,20.5620896,0.12348019186174497,0.12164527986897156,0.0018349119927734137,1,2,0.002522383991163224,0.0018349119927734137,0.009642143995733932,19267584.0,6422528.0
ham_mbv2_pattern_mining,2026-02-07T04:09:30,2,480,80,5,1.0,0.38760805130004883,0.1705632,0.0924958998512011,0.09101337986066937,0.0014825199905317277,1,2,0.001869508996605873,0.0014825199905317277,0.007231828989461064,150528.0,50176.0
ham_mbv2_pattern_mining,2026-02-07T04:09:33,3,475,80,0,0.83203125,0.4467867612838745,20.5620896,0.31320768475416116,0.3079235597397201,0.005284125014441088,1,2,0.011045331979403272,0.005284125014441088,0.019747023994568735,19267584.0,6422528.0
ham_mbv2_pattern_mining,2026-02-07T04:09:33,3,476,80,1,0.8515625,0.38893571496009827,20.5620896,0.15473137010121718,0.15187973011052236,0.002851639990694821,1,2,0.0041474809986539185,0.002851639990694821,0.011040492012398317,19267584.0,6422528.0
ham_mbv2_pattern_mining,2026-02-07T04:09:33,3,477,80,2,0.8828125,0.4054694175720215,20.5620896,0.07553743399330415,0.07410432997858152,0.0014331040147226304,1,2,0.0017819409840740263,0.0014331040147226304,0.0056284920137841254,19267584.0,6422528.0
ham_mbv2_pattern_mining,2026-02-07T04:09:34,3,478,80,3,0.85546875,0.3689696192741394,20.5620896,0.0746520591492299,0.07319710013689473,0.0014549590123351663,1,2,0.0017289890092797577,0.0014549590123351663,0.0055907210044097155,19267584.0,6422528.0
ham_mbv2_pattern_mining,2026-02-07T04:09:35,3,479,80,4,0.8203125,0.4659733176231384,20.5620896,0.07589508092496544,0.07443890994181857,0.001456170983146876,1,2,0.0017913269985001534,0.001456170983146876,0.005652563995681703,19267584.0,6422528.0
ham_mbv2_pattern_mining,2026-02-07T04:09:35,3,480,80,5,0.5,2.441295862197876,0.1705632,0.10318003705469891,0.10146985005121678,0.0017101870034821332,1,2,0.002039554005023092,0.0017101870034821332,0.008107431000098586,150528.0,50176.0
ham_mbv2_pattern_mining,2026-02-07T04:09:38,4,475,80,0,0.8046875,0.5214656591415405,20.5620896,0.497334780782694,0.4902973197749816,0.007037461007712409,1,2,0.01365856800111942,0.007037461007712409,0.03537116397637874,19267584.0,6422528.0
ham_mbv2_pattern_mining,2026-02-07T04:09:38,4,476,80,1,0.8671875,0.4118960201740265,20.5620896,0.07538894438766874,0.07391871040454134,0.0014702339831274003,1,2,0.0017376500181853771,0.0014702339831274003,0.005654221022268757,19267584.0,6422528.0
ham_mbv2_pattern_mining,2026-02-07T04:09:39,4,477,80,2,0.76171875,0.6583856344223022,20.5620896,0.07401761785149574,0.0725891298498027,0.0014284880016930401,1,2,0.0016777169948909432,0.0014284880016930401,0.005581195990089327,19267584.0,6422528.0
ham_mbv2_pattern_mining,2026-02-07T04:09:39,4,478,80,3,0.80859375,0.48089438676834106,20.5620896,0.07484942197334021,0.0733869499526918,0.0014624720206484199,1,2,0.0017037499928846955,0.0014624720206484199,0.005634945002384484,19267584.0,6422528.0
ham_mbv2_pattern_mining,2026-02-07T04:09:40,4,479,80,4,0.8125,0.4636027216911316,20.5620896,0.07818566472269595,0.0767381297191605,0.0014475350035354495,1,2,0.0020590689964592457,0.0014475350035354495,0.005614743975456804,19267584.0,6422528.0
ham_mbv2_pattern_mining,2026-02-07T04:09:40,4,480,80,5,1.0,0.053030189126729965,0.09028159999999999,0.08052950608544052,0.07900552009232342,0.001523985993117094,1,2,0.0018262960074935108,0.001523985993117094,0.006074256001738831,75264.0,25088.0
ham_mbv2_pattern_mining,2026-02-07T04:09:48,0,481,81,0,0.84375,0.41149330139160156,20.5620896,0.2879360251245089,0.28301545011345297,0.0049205750110559165,1,2,0.008821251016343012,0.0049205750110559165,0.019480293995002285,19267584.0,6422528.0
ham_mbv2_pattern_mining,2026-02-07T04:09:48,0,482,81,1,0.8125,0.5347071886062622,20.5620896,0.08535173596465029,0.08365632995264605,0.0016954060120042413,1,2,0.0020605619938578457,0.0016954060120042413,0.006305071001406759,19267584.0,6422528.0
ham_mbv2_pattern_mining,2026-02-07T04:09:48,0,483,81,2,0.8203125,0.5136944055557251,20.5620896,0.07598799801780842,0.07455243001459166,0.0014355680032167584,1,2,0.001818540011299774,0.0014355680032167584,0.005636702990159392,19267584.0,6422528.0
ham_mbv2_pattern_mining,2026-02-07T04:09:48,0,484,81,3,0.83984375,0.46534064412117004,20.5620896,0.07584078624495305,0.07440597022650763,0.0014348160184454173,1,2,0.0018131990218535066,0.0014348160184454173,0.005627398000797257,19267584.0,6422528.0
ham_mbv2_pattern_mining,2026-02-07T04:09:50,0,485,81,4,0.84765625,0.46230387687683105,20.5620896,0.130260267178528,0.12778363015968353,0.0024766370188444853,1,2,0.0029029390134382993,0.0024766370188444853,0.009875424002530053,19267584.0,6422528.0
ham_mbv2_pattern_mining,2026-02-07T04:09:50,0,486,81,5,1.0,0.2498878836631775,0.1705632,0.09292339393869042,0.09145057993009686,0.0014728140085935593,1,2,0.0017659500008448958,0.0014728140085935593,0.007379107992164791,150528.0,50176.0
ham_mbv2_pattern_mining,2026-02-07T04:09:53,1,481,81,0,0.80078125,0.498263955116272,20.5620896,0.3566376039525494,0.3508997999597341,0.005737803992815316,1,2,0.01116371899843216,0.005737803992815316,0.02392626099754125,19267584.0,6422528.0
ham_mbv2_pattern_mining,2026-02-07T04:09:53,1,482,81,1,0.80859375,0.5723632574081421,20.5620896,0.06544187827967107,0.06413450028048828,0.0013073779991827905,1,2,0.0017438270151615143,0.0013073779991827905,0.004669623012887314,19267584.0,6422528.0
ham_mbv2_pattern_mining,2026-02-07T04:09:54,1,483,81,2,0.82421875,0.4667995870113373,20.5620896,0.0619170798745472,0.060775179881602526,0.0011418999929446727,1,2,0.0014413030003197491,0.0011418999929446727,0.0046362149878405035,19267584.0,6422528.0
ham_mbv2_pattern_mining,2026-02-07T04:09:54,1,484,81,3,0.796875,0.657020092010498,20.5620896,0.06412589925457723,0.06287595024332404,0.001249949011253193,1,2,0.0015395480149891227,0.001249949011253193,0.004748047009343281,19267584.0,6422528.0
ham_mbv2_pattern_mining,2026-02-07T04:09:56,1,485,81,4,0.78125,0.6030308604240417,20.5620896,0.0768436970829498,0.07538853009464219,0.0014551669883076102,1,2,0.0018785510037560016,0.0014551669883076102,0.005660302005708218,19267584.0,6422528.0
ham_mbv2_pattern_mining,2026-02-07T04:09:56,1,486,81,5,0.0,4.642507076263428,0.1705632,0.09222546819364652,0.0906900002155453,0.0015354679781012237,1,2,0.001913370011607185,0.0015354679781012237,0.007155630009947345,150528.0,50176.0
ham_mbv2_pattern_mining,2026-02-07T04:09:58,2,481,81,0,0.78125,0.5839282274246216,20.5620896,0.3109185018984135,0.3058060898911208,0.005112412007292733,1,2,0.01091681100660935,0.005112412007292733,0.01966379798250273,19267584.0,6422528.0
ham_mbv2_pattern_mining,2026-02-07T04:09:59,2,482,81,1,0.890625,0.3822575807571411,20.5620896,0.07502379105426371,0.07358542003203183,0.0014383710222318769,1,2,0.0018755749915726483,0.0014383710222318769,0.005482967011630535,19267584.0,6422528.0
ham_mbv2_pattern_mining,2026-02-07T04:09:59,2,483,81,2,0.890625,0.3767196536064148,20.5620896,0.07495598716195673,0.07349134015385062,0.0014646470081061125,1,2,0.0017660500016063452,0.0014646470081061125,0.005583084013778716,19267584.0,6422528.0
ham_mbv2_pattern_mining,2026-02-07T04:09:59,2,484,81,3,0.828125,0.48875510692596436,20.5620896,0.07275378538179211,0.07131835038308054,0.001435434998711571,1,2,0.001650322024943307,0.001435434998711571,0.005481513013364747,19267584.0,6422528.0
ham_mbv2_pattern_mining,2026-02-07T04:10:00,2,485,81,4,0.8125,0.4711993336677551,20.5620896,0.07515255964244716,0.07371090963715687,0.0014416500052902848,1,2,0.0017618159763514996,0.0014416500052902848,0.005609274987364188,19267584.0,6422528.0
ham_mbv2_pattern_mining,2026-02-07T04:10:00,2,486,81,5,1.0,0.057526636868715286,0.1705632,0.09042797304573469,0.08866421005222946,0.0017637629935052246,1,2,0.0017867529822979122,0.0017637629935052246,0.007079668022925034,150528.0,50176.0
ham_mbv2_pattern_mining,2026-02-07T04:10:03,3,481,81,0,0.85546875,0.402377188205719,20.5620896,0.3302005689474754,0.3243194299284369,0.005881139019038528,1,2,0.01130516899866052,0.005881139019038528,0.021126773994183168,19267584.0,6422528.0
ham_mbv2_pattern_mining,2026-02-07T04:10:03,3,482,81,1,0.88671875,0.3452473282814026,20.5620896,0.08262200601166114,0.08102407999103889,0.0015979260206222534,1,2,0.0020344509975984693,0.0015979260206222534,0.00606795700150542,19267584.0,6422528.0
ham_mbv2_pattern_mining,2026-02-07T04:10:03,3,483,81,2,0.8515625,0.3916478157043457,20.5620896,0.0748020778701175,0.07338603987591341,0.001416037994204089,1,2,0.0017004130058921874,0.001416037994204089,0.005638190981699154,19267584.0,6422528.0
ham_mbv2_pattern_mining,2026-02-07T04:10:04,3,484,81,3,0.85546875,0.3940001428127289,20.5620896,0.07386371772736311,0.07243171974550933,0.0014319979818537831,1,2,0.0017229699878953397,0.0014319979818537831,0.005520201986655593,19267584.0,6422528.0
ham_mbv2_pattern_mining,2026-02-07T04:10:05,3,485,81,4,0.8125,0.5059100985527039,20.5620896,0.0758051298034843,0.0743606998003088,0.001444430003175512,1,2,0.0018260589858982712,0.001444430003175512,0.005610010994132608,19267584.0,6422528.0
ham_mbv2_pattern_mining,2026-02-07T04:10:05,3,486,81,5,1.0,0.28083303570747375,0.1705632,0.09013016341486946,0.08862476039212197,0.0015054030227474868,1,2,0.001784236024832353,0.0015054030227474868,0.007078240014379844,150528.0,50176.0
ham_mbv2_pattern_mining,2026-02-07T04:10:08,4,481,81,0,0.85546875,0.3999010920524597,20.5620896,0.3816265313362237,0.3748379403259605,0.00678859101026319,1,2,0.012749962013913319,0.00678859101026319,0.024733832018682733,19267584.0,6422528.0
ham_mbv2_pattern_mining,2026-02-07T04:10:08,4,482,81,1,0.8828125,0.38702085614204407,20.5620896,0.07568279633414932,0.07420248031849042,0.0014803160156589001,1,2,0.0018651440041139722,0.0014803160156589001,0.005555104027735069,19267584.0,6422528.0
ham_mbv2_pattern_mining,2026-02-07T04:10:08,4,483,81,2,0.8046875,0.5527454614639282,20.5620896,0.07545302991638891,0.07400656992103904,0.0014464599953498691,1,2,0.0017862679960671812,0.0014464599953498691,0.005614388996036723,19267584.0,6422528.0
ham_mbv2_pattern_mining,2026-02-07T04:10:08,4,484,81,3,0.87109375,0.4079834222793579,20.5620896,0.07482448304654099,0.07338241004617885,0.001442073000362143,1,2,0.0017317599849775434,0.001442073000362143,0.005606481019640341,19267584.0,6422528.0
ham_mbv2_pattern_mining,2026-02-07T04:10:10,4,485,81,4,0.79296875,0.5443010330200195,20.5620896,0.07597188316867687,0.07452484016539529,0.0014470430032815784,1,2,0.0018226070096716285,0.0014470430032815784,0.0056298770068679005,19267584.0,6422528.0
ham_mbv2_pattern_mining,2026-02-07T04:10:10,4,486,81,5,0.0,5.676837921142578,0.09028159999999999,0.0790829167526681,0.07754573976853862,0.0015371769841294736,1,2,0.0018970179953612387,0.0015371769841294736,0.005857555981492624,75264.0,25088.0
ham_mbv2_pattern_mining,2026-02-07T04:10:18,0,487,82,0,0.83984375,0.45433640480041504,20.5620896,0.2816920129407663,0.27668833994539455,0.005003672995371744,1,2,0.00860743600060232,0.005003672995371744,0.019061397993937135,19267584.0,6422528.0
ham_mbv2_pattern_mining,2026-02-07T04:10:18,0,488,82,1,0.8359375,0.46668848395347595,20.5620896,0.07557559202541597,0.07410363003145903,0.0014719619939569384,1,2,0.001804121013265103,0.0014719619939569384,0.0056062419898808,19267584.0,6422528.0
ham_mbv2_pattern_mining,2026-02-07T04:10:18,0,489,82,2,0.85546875,0.4211786985397339,20.5620896,0.07522083888761699,0.07379171991487965,0.0014291189727373421,1,2,0.0018040020077023655,0.0014291189727373421,0.0055751699837855995,19267584.0,6422528.0
ham_mbv2_pattern_mining,2026-02-07T04:10:18,0,490,82,3,0.765625,0.676804780960083,20.5620896,0.07410526715102606,0.07270199013873935,0.0014032770122867078,1,2,0.0017254819977097213,0.0014032770122867078,0.005544717016164213,19267584.0,6422528.0
ham_mbv2_pattern_mining,2026-02-07T04:10:19,0,491,82,4,0.89453125,0.330022931098938,20.5620896,0.07601495092967525,0.07451718993252143,0.0014977609971538186,1,2,0.0017833659949246794,0.0014977609971538186,0.005668352998327464,19267584.0,6422528.0
ham_mbv2_pattern_mining,2026-02-07T04:10:19,0,492,82,5,1.0,0.08244717121124268,0.1705632,0.09309887976269238,0.09160884976154193,0.0014900300011504441,1,2,0.001807168999221176,0.0014900300011504441,0.007353715976933017,150528.0,50176.0
ham_mbv2_pattern_mining,2026-02-07T04:10:23,1,487,82,0,0.8671875,0.3970477283000946,20.5620896,0.3649965289514512,0.3589041199302301,0.006092409021221101,1,2,0.01241403998574242,0.006092409021221101,0.023476372007280588,19267584.0,6422528.0
ham_mbv2_pattern_mining,2026-02-07T04:10:23,1,488,82,1,0.90234375,0.350639283657074,20.5620896,0.07650384577573277,0.07499935978557914,0.0015044859901536256,1,2,0.0018701469816733152,0.0015044859901536256,0.005629788996884599,19267584.0,6422528.0
ham_mbv2_pattern_mining,2026-02-07T04:10:23,1,489,82,2,0.82421875,0.47061142325401306,20.5620896,0.0742515840975102,0.07283345010364428,0.001418133993865922,1,2,0.0017489640158601105,0.001418133993865922,0.005534380994504318,19267584.0,6422528.0
ham_mbv2_pattern_mining,2026-02-07T04:10:23,1,490,82,3,0.78515625,0.5476250052452087,20.5620896,0.07390932616544887,0.07248558016726747,0.0014237459981814027,1,2,0.0017037260113283992,0.0014237459981814027,0.005544832005398348,19267584.0,6422528.0
ham_mbv2_pattern_mining,2026-02-07T04:10:24,1,491,82,4,0.828125,0.44646286964416504,20.5620896,0.05973731822450645,0.05862639023689553,0.0011109279876109213,1,2,0.0015277540078386664,0.0011109279876109213,0.004334885015850887,19267584.0,6422528.0
ham_mbv2_pattern_mining,2026-02-07T04:10:24,1,492,82,5,0.5,1.5832549333572388,0.1705632,0.07067796285264194,0.06953818985493854,0.0011397729977034032,1,2,0.001497458986705169,0.0011397729977034032,0.005456359998788685,150528.0,50176.0
ham_mbv2_pattern_mining,2026-02-07T04:10:27,2,487,82,0,0.81640625,0.4896913468837738,20.5620896,0.5030629012035206,0.4921842901967466,0.010878611006774008,1,2,0.017269086005399004,0.010878611006774008,0.031949343014275655,19267584.0,6422528.0
ham_mbv2_pattern_mining,2026-02-07T04:10:27,2,488,82,1,0.77734375,0.5095875263214111,20.5620896,0.07699589888215996,0.07545951986685395,0.0015363790153060108,1,2,0.0018740389787126333,0.0015363790153060108,0.005671913007972762,19267584.0,6422528.0
ham_mbv2_pattern_mining,2026-02-07T04:10:28,2,489,82,2,0.8828125,0.39284688234329224,20.5620896,0.07757671797298826,0.0760871300008148,0.0014895879721734673,1,2,0.0017766380042303354,0.0014895879721734673,0.005832074995851144,19267584.0,6422528.0
ham_mbv2_pattern_mining,2026-02-07T04:10:28,2,490,82,3,0.8046875,0.5283821225166321,20.5620896,0.07521436430397443,0.07372758031124249,0.0014867839927319437,1,2,0.0017004490073304623,0.0014867839927319437,0.005672309023793787,19267584.0,6422528.0
ham_mbv2_pattern_mining,2026-02-07T04:10:29,2,491,82,4,0.8125,0.4883626699447632,20.5620896,0.08965731514035724,0.08799730014288798,0.0016600149974692613,1,2,0.00205541800823994,0.0016600149974692613,0.006744312006048858,19267584.0,6422528.0
ham_mbv2_pattern_mining,2026-02-07T04:10:29,2,492,82,5,0.0,6.4734954833984375,0.1705632,0.0894592761178501,0.087885890097823,0.001573386020027101,1,2,0.001868757011834532,0.001573386020027101,0.006919831997947767,150528.0,50176.0
ham_mbv2_pattern_mining,2026-02-07T04:10:33,3,487,82,0,0.78125,0.6064903736114502,20.5620896,0.3109501919243485,0.30575682991184294,0.005193362012505531,1,2,0.010771451983600855,0.005193362012505531,0.01980423100758344,19267584.0,6422528.0
ham_mbv2_pattern_mining,2026-02-07T04:10:33,3,488,82,1,0.796875,0.5272314548492432,20.5620896,0.0782227213785518,0.07671127037610859,0.0015114510024432093,1,2,0.0018558080191724002,0.0015114510024432093,0.0058153190184384584,19267584.0,6422528.0
ham_mbv2_pattern_mining,2026-02-07T04:10:33,3,489,82,2,0.83203125,0.45168590545654297,20.5620896,0.0770564982376527,0.07553882023785263,0.0015176779998000711,1,2,0.0017764040094334632,0.0015176779998000711,0.0057774780143518,19267584.0,6422528.0
ham_mbv2_pattern_mining,2026-02-07T04:10:33,3,490,82,3,0.86328125,0.3751179277896881,20.5620896,0.07733129788539372,0.07585282990476117,0.0014784679806325585,1,2,0.0017899700033012778,0.0014784679806325585,0.005795312987174839,19267584.0,6422528.0
ham_mbv2_pattern_mining,2026-02-07T04:10:35,3,491,82,4,0.8203125,0.47218722105026245,20.5620896,0.08105747279478237,0.07950843981234357,0.0015490329824388027,1,2,0.0020470760064199567,0.0015490329824388027,0.0059037679748144,19267584.0,6422528.0
ham_mbv2_pattern_mining,2026-02-07T04:10:35,3,492,82,5,1.0,0.32561665773391724,0.1705632,0.0936079909442924,0.09204172994941473,0.0015662609948776662,1,2,0.0018551319953985512,0.0015662609948776662,0.007349040999542922,150528.0,50176.0
ham_mbv2_pattern_mining,2026-02-07T04:10:38,4,487,82,0,0.84375,0.4737304449081421,20.5620896,0.37719106604345143,0.3714181500254199,0.0057729160180315375,1,2,0.01186980601050891,0.0057729160180315375,0.02527200899203308,19267584.0,6422528.0
ham_mbv2_pattern_mining,2026-02-07T04:10:38,4,488,82,1,0.8125,0.5564149618148804,20.5620896,0.07617391206440516,0.07472505007172003,0.0014488619926851243,1,2,0.0018436360114719719,0.0014488619926851243,0.0056288689957000315,19267584.0,6422528.0
ham_mbv2_pattern_mining,2026-02-07T04:10:39,4,489,82,2,0.859375,0.42033904790878296,20.5620896,0.09044976002769545,0.08820955001283437,0.002240210014861077,1,2,0.001925327000208199,0.002240210014861077,0.006895628001075238,19267584.0,6422528.0
ham_mbv2_pattern_mining,2026-02-07T04:10:39,4,490,82,3,0.765625,0.5645883679389954,20.5620896,0.11107924996758811,0.10873899998841807,0.0023402499791700393,1,2,0.0026591299974825233,0.0023402499791700393,0.008214770001359284,19267584.0,6422528.0
ham_mbv2_pattern_mining,2026-02-07T04:10:40,4,491,82,4,0.82421875,0.5268906354904175,20.5620896,0.13207876178785227,0.12948756979312748,0.0025911919947247952,1,2,0.0029773949936497957,0.0025911919947247952,0.009971361985662952,19267584.0,6422528.0
ham_mbv2_pattern_mining,2026-02-07T04:10:40,4,492,82,5,1.0,0.029433423653244972,0.09028159999999999,0.08791694897809066,0.08620895998319611,0.0017079889948945493,1,2,0.0019977389893028885,0.0017079889948945493,0.0066231570090167224,75264.0,25088.0
ham_mbv2_pattern_mining,2026-02-07T04:10:49,0,493,83,0,0.85546875,0.38704413175582886,20.5620896,0.45299596022232436,0.4445896702236496,0.008406289998674765,1,2,0.011636030016234145,0.008406289998674765,0.032822937006130815,19267584.0,6422528.0
ham_mbv2_pattern_mining,2026-02-07T04:10:49,0,494,83,1,0.828125,0.5011867880821228,20.5620896,0.08564160307287239,0.08341734006535262,0.0022242630075197667,1,2,0.002591519005363807,0.0022242630075197667,0.005750215001171455,19267584.0,6422528.0
ham_mbv2_pattern_mining,2026-02-07T04:10:49,0,495,83,2,0.796875,0.6353508234024048,20.5620896,0.06267406101687811,0.06149733002530411,0.0011767309915740043,1,2,0.0014663890178781003,0.0011767309915740043,0.004683343984652311,19267584.0,6422528.0
ham_mbv2_pattern_mining,2026-02-07T04:10:49,0,496,83,3,0.828125,0.46664613485336304,20.5620896,0.0642067362787202,0.06299242028035223,0.0012143159983679652,1,2,0.0015775100036989897,0.0012143159983679652,0.004721732024336234,19267584.0,6422528.0
ham_mbv2_pattern_mining,2026-02-07T04:10:50,0,497,83,4,0.80859375,0.5450161099433899,20.5620896,0.06489140022313222,0.06367973022861406,0.0012116699945181608,1,2,0.001501310005551204,0.0012116699945181608,0.004866663017310202,19267584.0,6422528.0
ham_mbv2_pattern_mining,2026-02-07T04:10:50,0,498,83,5,0.5,0.7017942667007446,0.1705632,0.07992566816392355,0.07861456018872559,0.001311107975197956,1,2,0.0015581230109091848,0.001311107975197956,0.006303333007963374,150528.0,50176.0
ham_mbv2_pattern_mining,2026-02-07T04:10:53,1,493,83,0,0.83203125,0.47423940896987915,20.5620896,0.31048305437434465,0.3054782503750175,0.005004803999327123,1,2,0.011138877016492188,0.005004803999327123,0.019408948021009564,19267584.0,6422528.0
ham_mbv2_pattern_mining,2026-02-07T04:10:54,1,494,83,1,0.8359375,0.43498730659484863,20.5620896,0.10924491196055897,0.10722592996899039,0.0020189819915685803,1,2,0.0031668719893787056,0.0020189819915685803,0.007555721007520333,19267584.0,6422528.0
ham_mbv2_pattern_mining,2026-02-07T04:10:54,1,495,83,2,0.90625,0.34041646122932434,20.5620896,0.0805041229177732,0.07904250989668071,0.0014616130210924894,1,2,0.00225697600399144,0.0014616130210924894,0.005647274985676631,19267584.0,6422528.0
ham_mbv2_pattern_mining,2026-02-07T04:10:54,1,496,83,3,0.84765625,0.432740181684494,20.5620896,0.07996643407386728,0.07849112007534131,0.0014753139985259622,1,2,0.0017637670098338276,0.0014753139985259622,0.006085344997700304,19267584.0,6422528.0
ham_mbv2_pattern_mining,2026-02-07T04:10:55,1,497,83,4,0.8203125,0.5031551122665405,20.5620896,0.13346657328656875,0.1309189503081143,0.0025476229784544557,1,2,0.0030451890197582543,0.0025476229784544557,0.010046706011053175,19267584.0,6422528.0
ham_mbv2_pattern_mining,2026-02-07T04:10:55,1,498,83,5,0.5,2.3074305057525635,0.1705632,0.09060738002881408,0.08905305003281683,0.00155432999599725,1,2,0.0018282659875694662,0.00155432999599725,0.0070770390157122165,150528.0,50176.0
ham_mbv2_pattern_mining,2026-02-07T04:10:57,2,493,83,0,0.796875,0.5200517177581787,20.5620896,0.3167171881068498,0.3110641401144676,0.005653047992382199,1,2,0.010871990001760423,0.005653047992382199,0.020234424009686336,19267584.0,6422528.0
ham_mbv2_pattern_mining,2026-02-07T04:10:58,2,494,83,1,0.84375,0.4659954607486725,20.5620896,0.08526588391396217,0.08325759990839288,0.002008284005569294,1,2,0.002187054982641712,0.002008284005569294,0.006138705008197576,19267584.0,6422528.0
ham_mbv2_pattern_mining,2026-02-07T04:10:58,2,495,83,2,0.80859375,0.48638731241226196,20.5620896,0.08878714594175108,0.08714858995517716,0.0016385559865739197,1,2,0.0023580109991598874,0.0016385559865739197,0.006356847996357828,19267584.0,6422528.0
ham_mbv2_pattern_mining,2026-02-07T04:10:58,2,496,83,3,0.80078125,0.5259503722190857,20.5620896,0.07588166900677606,0.07443454000167549,0.001447129005100578,1,2,0.0018127619987353683,0.001447129005100578,0.00563069200143218,19267584.0,6422528.0
ham_mbv2_pattern_mining,2026-02-07T04:10:59,2,497,83,4,0.84375,0.442401647567749,20.5620896,0.07534753929940052,0.0739066003006883,0.0014409389987122267,1,2,0.0018024580203928053,0.0014409389987122267,0.005588202009676024,19267584.0,6422528.0
ham_mbv2_pattern_mining,2026-02-07T04:10:59,2,498,83,5,0.5,1.3142729997634888,0.1705632,0.09734609498991631,0.0958348999847658,0.0015111950051505119,1,2,0.001854923990322277,0.0015111950051505119,0.007728566008154303,150528.0,50176.0
ham_mbv2_pattern_mining,2026-02-07T04:11:02,3,493,83,0,0.83203125,0.4936760663986206,20.5620896,0.3847904689027928,0.37944026989862323,0.0053501990041695535,1,2,0.012020330992527306,0.0053501990041695535,0.025923695997335017,19267584.0,6422528.0
ham_mbv2_pattern_mining,2026-02-07T04:11:02,3,494,83,1,0.87890625,0.37947848439216614,20.5620896,0.06263134811888449,0.06143044010968879,0.0012009080091957003,1,2,0.0015642940124962479,0.0012009080091957003,0.004578749998472631,19267584.0,6422528.0
ham_mbv2_pattern_mining,2026-02-07T04:11:03,3,495,83,2,0.82421875,0.47145622968673706,20.5620896,0.05792021710658446,0.05681703012669459,0.0011031869798898697,1,2,0.0013447589881252497,0.0011031869798898697,0.004336944024544209,19267584.0,6422528.0
ham_mbv2_pattern_mining,2026-02-07T04:11:03,3,496,83,3,0.828125,0.48034629225730896,20.5620896,0.058959058282198384,0.05780690029496327,0.001152157987235114,1,2,0.0014260740135796368,0.001152157987235114,0.00435461601591669,19267584.0,6422528.0
ham_mbv2_pattern_mining,2026-02-07T04:11:04,3,497,83,4,0.83984375,0.44682443141937256,20.5620896,0.07320580811938271,0.0718373100971803,0.0013684980222024024,1,2,0.0018280610092915595,0.0013684980222024024,0.005355670000426471,19267584.0,6422528.0
ham_mbv2_pattern_mining,2026-02-07T04:11:04,3,498,83,5,0.5,0.5157858729362488,0.1705632,0.0713083399750758,0.07016732997726649,0.0011410099978093058,1,2,0.0014870630111545324,0.0011410099978093058,0.005529669986572117,150528.0,50176.0
ham_mbv2_pattern_mining,2026-02-07T04:11:07,4,493,83,0,0.84375,0.43270158767700195,20.5620896,0.4386204009933863,0.4309067199937999,0.007713680999586359,1,2,0.014117665006779134,0.007713680999586359,0.028973006992600858,19267584.0,6422528.0
ham_mbv2_pattern_mining,2026-02-07T04:11:07,4,494,83,1,0.8203125,0.5433529615402222,20.5620896,0.06047504994785413,0.059319669962860644,0.0011553799849934876,1,2,0.0015003570006228983,0.0011553799849934876,0.004431609995663166,19267584.0,6422528.0
ham_mbv2_pattern_mining,2026-02-07T04:11:07,4,495,83,2,0.828125,0.5333056449890137,20.5620896,0.05774667585501447,0.05663458985509351,0.0011120859999209642,1,2,0.001398247986799106,0.0011120859999209642,0.004265210998710245,19267584.0,6422528.0
ham_mbv2_pattern_mining,2026-02-07T04:11:08,4,496,83,3,0.87890625,0.3642232418060303,20.5620896,0.06044711489812471,0.05927533988142386,0.001171775016700849,1,2,0.001426677976269275,0.001171775016700849,0.004500856011873111,19267584.0,6422528.0
ham_mbv2_pattern_mining,2026-02-07T04:11:09,4,497,83,4,0.8125,0.5756837725639343,20.5620896,0.05918450333410874,0.058049100334756076,0.0011354029993526638,1,2,0.0014287330268416554,0.0011354029993526638,0.004376177006633952,19267584.0,6422528.0
ham_mbv2_pattern_mining,2026-02-07T04:11:09,4,498,83,5,1.0,0.03068738430738449,0.09028159999999999,0.061554980115033686,0.06037659011781216,0.0011783899972215295,1,2,0.001505374995758757,0.0011783899972215295,0.004532284016022459,75264.0,25088.0
ham_mbv2_pattern_mining,2026-02-07T04:11:18,0,499,84,0,0.79296875,0.5656996369361877,20.5620896,0.41674930113367736,0.40901991014834493,0.007729390985332429,1,2,0.011536225996678695,0.007729390985332429,0.0293657650181558,19267584.0,6422528.0
ham_mbv2_pattern_mining,2026-02-07T04:11:18,0,500,84,1,0.81640625,0.5177631974220276,20.5620896,0.07561593802529387,0.07412954000756145,0.0014863980177324265,1,2,0.0017756820016074926,0.0014863980177324265,0.005637271999148652,19267584.0,6422528.0
ham_mbv2_pattern_mining,2026-02-07T04:11:18,0,501,84,2,0.7890625,0.5218913555145264,20.5620896,0.078738637996139,0.07729169999947771,0.0014469379966612905,1,2,0.0020983419963158667,0.0014469379966612905,0.005630828003631905,19267584.0,6422528.0
ham_mbv2_pattern_mining,2026-02-07T04:11:18,0,502,84,3,0.875,0.40542805194854736,20.5620896,0.0763190766738262,0.07487919967388734,0.0014398769999388605,1,2,0.0017892429896164685,0.0014398769999388605,0.005698676977772266,19267584.0,6422528.0
ham_mbv2_pattern_mining,2026-02-07T04:11:20,0,503,84,4,0.80859375,0.4693233370780945,20.5620896,0.07518704619724303,0.07375375018455088,0.0014332960126921535,1,2,0.001783861021976918,0.0014332960126921535,0.00559151399647817,19267584.0,6422528.0
ham_mbv2_pattern_mining,2026-02-07T04:11:20,0,504,84,5,1.0,0.3218157887458801,0.1705632,0.09276055404916406,0.09127708006417379,0.001483473984990269,1,2,0.0017480409878771752,0.001483473984990269,0.007379667018540204,150528.0,50176.0
ham_mbv2_pattern_mining,2026-02-07T04:11:23,1,499,84,0,0.8203125,0.48020368814468384,20.5620896,0.38996800224413164,0.3833143602241762,0.006653642019955441,1,2,0.013215934013715014,0.006653642019955441,0.025115502008702606,19267584.0,6422528.0
ham_mbv2_pattern_mining,2026-02-07T04:11:24,1,500,84,1,0.84765625,0.4471598267555237,20.5620896,0.07734200582490303,0.07584916980704293,0.0014928360178600997,1,2,0.0018933319952338934,0.0014928360178600997,0.005691584985470399,19267584.0,6422528.0
ham_mbv2_pattern_mining,2026-02-07T04:11:24,1,501,84,2,0.8515625,0.4662652015686035,20.5620896,0.07715829607332125,0.0757032900582999,0.001455006015021354,1,2,0.001880595984403044,0.001455006015021354,0.005689733021426946,19267584.0,6422528.0
ham_mbv2_pattern_mining,2026-02-07T04:11:24,1,502,84,3,0.8359375,0.4479602873325348,20.5620896,0.0759068473125808,0.07443857030011714,0.001468277012463659,1,2,0.0018095640116371214,0.001468277012463659,0.005634293018374592,19267584.0,6422528.0
ham_mbv2_pattern_mining,2026-02-07T04:11:26,1,503,84,4,0.78125,0.5625994205474854,20.5620896,0.07771819495246746,0.07624549994943663,0.0014726950030308217,1,2,0.0018897650006692857,0.0014726950030308217,0.005734784994274378,19267584.0,6422528.0
ham_mbv2_pattern_mining,2026-02-07T04:11:26,1,504,84,5,0.5,1.5190292596817017,0.1705632,0.09657214960316196,0.09502456960035488,0.0015475800028070807,1,2,0.0018761379760690033,0.0015475800028070807,0.007626318983966485,150528.0,50176.0
ham_mbv2_pattern_mining,2026-02-07T04:11:29,2,499,84,0,0.7578125,0.6200923919677734,20.5620896,0.3351170430833008,0.32968487008474767,0.005432172998553142,1,2,0.011831737996544689,0.005432172998553142,0.02113674901193008,19267584.0,6422528.0
ham_mbv2_pattern_mining,2026-02-07T04:11:29,2,500,84,1,0.76171875,0.6586118936538696,20.5620896,0.08848297709482722,0.08650850009871647,0.0019744769961107522,1,2,0.0023117910022847354,0.0019744769961107522,0.006339059007586911,19267584.0,6422528.0
ham_mbv2_pattern_mining,2026-02-07T04:11:29,2,501,84,2,0.81640625,0.5157055854797363,20.5620896,0.07897868313011713,0.07732927013421431,0.0016494129959028214,1,2,0.0019707480096258223,0.0016494129959028214,0.005762179003795609,19267584.0,6422528.0
ham_mbv2_pattern_mining,2026-02-07T04:11:30,2,502,84,3,0.80078125,0.5150114297866821,20.5620896,0.08369453792693093,0.0820613099494949,0.0016332279774360359,1,2,0.0019187949947081506,0.0016332279774360359,0.006287336000241339,19267584.0,6422528.0
ham_mbv2_pattern_mining,2026-02-07T04:11:31,2,503,84,4,0.8515625,0.40174829959869385,20.5620896,0.07717575202696025,0.07569776003947482,0.0014779919874854386,1,2,0.0018555579881649464,0.0014779919874854386,0.005714218015782535,19267584.0,6422528.0
ham_mbv2_pattern_mining,2026-02-07T04:11:31,2,504,84,5,1.0,0.1070958599448204,0.1705632,0.08883803215576336,0.08736937015783042,0.0014686619979329407,1,2,0.0017412740271538496,0.0014686619979329407,0.006995662988629192,150528.0,50176.0
ham_mbv2_pattern_mining,2026-02-07T04:11:35,3,499,84,0,0.83984375,0.4207994341850281,20.5620896,0.33146640489576384,0.3258494599140249,0.005616944981738925,1,2,0.011704988981364295,0.005616944981738925,0.020879957010038197,19267584.0,6422528.0
ham_mbv2_pattern_mining,2026-02-07T04:11:35,3,500,84,1,0.8515625,0.4097454845905304,20.5620896,0.0842056050314568,0.07851389003917575,0.0056917149922810495,1,2,0.001999011990847066,0.0056917149922810495,0.005852377013070509,19267584.0,6422528.0
ham_mbv2_pattern_mining,2026-02-07T04:11:35,3,501,84,2,0.8046875,0.5179411768913269,20.5620896,0.07409871989511885,0.07265825988724828,0.0014404600078705698,1,2,0.0016757730045355856,0.0014404600078705698,0.005590052984189242,19267584.0,6422528.0
ham_mbv2_pattern_mining,2026-02-07T04:11:35,3,502,84,3,0.86328125,0.3853702247142792,20.5620896,0.08153368585044518,0.07984709984157234,0.0016865860088728368,1,2,0.0017531240009702742,0.0016865860088728368,0.00623158598318696,19267584.0,6422528.0
ham_mbv2_pattern_mining,2026-02-07T04:11:37,3,503,84,4,0.796875,0.4806687831878662,20.5620896,0.08451080898521468,0.08297407999634743,0.001536728988867253,1,2,0.0018768349837046117,0.001536728988867253,0.006420573015930131,19267584.0,6422528.0
ham_mbv2_pattern_mining,2026-02-07T04:11:37,3,504,84,5,1.0,0.12548929452896118,0.1705632,0.09219265507999808,0.09046357008628547,0.001729084993712604,1,2,0.0019837399886455387,0.001729084993712604,0.0070626170199830085,150528.0,50176.0
ham_mbv2_pattern_mining,2026-02-07T04:11:40,4,499,84,0,0.84375,0.4099629521369934,20.5620896,0.34391199503443204,0.338266390026547,0.005645605007885024,1,2,0.012462629994843155,0.005645605007885024,0.021364009007811546,19267584.0,6422528.0
ham_mbv2_pattern_mining,2026-02-07T04:11:40,4,500,84,1,0.8125,0.535643458366394,20.5620896,0.0762482448189985,0.07475303980754688,0.0014952050114516169,1,2,0.0018104269984178245,0.0014952050114516169,0.005664876982336864,19267584.0,6422528.0
ham_mbv2_pattern_mining,2026-02-07T04:11:40,4,501,84,2,0.8671875,0.3213210105895996,20.5620896,0.07584168395260349,0.07438508997438475,0.0014565939782187343,1,2,0.0017544250003993511,0.0014565939782187343,0.005684083997039124,19267584.0,6422528.0
ham_mbv2_pattern_mining,2026-02-07T04:11:41,4,502,84,3,0.84375,0.4882470965385437,20.5620896,0.07882966284523718,0.07719266985077411,0.0016369929944630712,1,2,0.0018530209781602025,0.0016369929944630712,0.005866246006917208,19267584.0,6422528.0
ham_mbv2_pattern_mining,2026-02-07T04:11:43,4,503,84,4,0.82421875,0.5514893531799316,20.5620896,0.1304518879042007,0.12789881991920993,0.0025530679849907756,1,2,0.0028875790012534708,0.0025530679849907756,0.009902302990667522,19267584.0,6422528.0
ham_mbv2_pattern_mining,2026-02-07T04:11:43,4,504,84,5,1.0,0.029117371886968613,0.09028159999999999,0.08740363596007228,0.08566347998566926,0.0017401559744030237,1,2,0.002002007997361943,0.0017401559744030237,0.006564340001204982,75264.0,25088.0
ham_mbv2_pattern_mining,2026-02-07T04:11:52,0,505,85,0,0.8359375,0.44526365399360657,20.5620896,0.3633784102567006,0.3571642702445388,0.006214140012161806,1,2,0.009507522016065195,0.006214140012161806,0.026208905008388683,19267584.0,6422528.0
ham_mbv2_pattern_mining,2026-02-07T04:11:52,0,506,85,1,0.8125,0.5196641087532043,20.5620896,0.07979860130581073,0.0782893702853471,0.0015092310204636306,1,2,0.002074698015348986,0.0015092310204636306,0.005754239013185725,19267584.0,6422528.0
ham_mbv2_pattern_mining,2026-02-07T04:11:52,0,507,85,2,0.8359375,0.4490002989768982,20.5620896,0.08359530969755724,0.08205885969800875,0.0015364499995484948,1,2,0.002247771975817159,0.0015364499995484948,0.005958113993983716,19267584.0,6422528.0
ham_mbv2_pattern_mining,2026-02-07T04:11:52,0,508,85,3,0.82421875,0.481780469417572,20.5620896,0.08056057200883515,0.07910815998911858,0.0014524120197165757,1,2,0.0021820050023961812,0.0014524120197165757,0.005728810996515676,19267584.0,6422528.0
ham_mbv2_pattern_mining,2026-02-07T04:11:54,0,509,85,4,0.828125,0.48019877076148987,20.5620896,0.07636226812610403,0.07492180011468008,0.0014404680114239454,1,2,0.0018095810082741082,0.0014404680114239454,0.0056825990031939,19267584.0,6422528.0
ham_mbv2_pattern_mining,2026-02-07T04:11:54,0,510,85,5,1.0,0.06683246046304703,0.1705632,0.0897374008782208,0.0882772498880513,0.0014601509901694953,1,2,0.0016835900023579597,0.0014601509901694953,0.00714413498644717,150528.0,50176.0
ham_mbv2_pattern_mining,2026-02-07T04:11:57,1,505,85,0,0.74609375,0.6105340719223022,20.5620896,0.4755905319179874,0.4655288899084553,0.010061642009532079,1,2,0.016681217006407678,0.010061642009532079,0.029871671984437853,19267584.0,6422528.0
ham_mbv2_pattern_mining,2026-02-07T04:11:58,1,506,85,1,0.83984375,0.4914305806159973,20.5620896,0.08991453389171511,0.08819996990496293,0.0017145639867521822,1,2,0.0023363090003840625,0.0017145639867521822,0.00648368799011223,19267584.0,6422528.0
ham_mbv2_pattern_mining,2026-02-07T04:11:58,1,507,85,2,0.83984375,0.4603928327560425,20.5620896,0.07757665307144634,0.07614169007865712,0.0014349629927892238,1,2,0.001854439004091546,0.0014349629927892238,0.005759730003774166,19267584.0,6422528.0
ham_mbv2_pattern_mining,2026-02-07T04:11:58,1,508,85,3,0.85546875,0.4108281135559082,20.5620896,0.08113329875050113,0.07955964974826202,0.001573649002239108,1,2,0.0019534399907570332,0.001573649002239108,0.006002524984069169,19267584.0,6422528.0
ham_mbv2_pattern_mining,2026-02-07T04:12:00,1,509,85,4,0.79296875,0.49172091484069824,20.5620896,0.0952964931493625,0.09349474014015868,0.0018017530092038214,1,2,0.002318852988537401,0.0018017530092038214,0.007030621025478467,19267584.0,6422528.0
ham_mbv2_pattern_mining,2026-02-07T04:12:00,1,510,85,5,0.0,4.588588237762451,0.1705632,0.10647859424352646,0.10480773024028167,0.0016708640032447875,1,2,0.0020448370196390897,0.0016708640032447875,0.008435936004389077,150528.0,50176.0
ham_mbv2_pattern_mining,2026-02-07T04:12:04,2,505,85,0,0.82421875,0.5061578750610352,20.5620896,0.3489462651486974,0.3432188101578504,0.005727454990847036,1,2,0.012669370014918968,0.005727454990847036,0.02165251100086607,19267584.0,6422528.0
ham_mbv2_pattern_mining,2026-02-07T04:12:04,2,506,85,1,0.86328125,0.41747790575027466,20.5620896,0.07487806081189774,0.07344205980189145,0.0014360010100062937,1,2,0.0017608169873710722,0.0014360010100062937,0.0055833889928180724,19267584.0,6422528.0
ham_mbv2_pattern_mining,2026-02-07T04:12:04,2,507,85,2,0.8203125,0.5391618013381958,20.5620896,0.07560225401539356,0.0741748500149697,0.0014274040004238486,1,2,0.0017115719965659082,0.0014274040004238486,0.0057059130049310625,19267584.0,6422528.0
ham_mbv2_pattern_mining,2026-02-07T04:12:04,2,508,85,3,0.8046875,0.5803983211517334,20.5620896,0.08103417925303802,0.07944399025291204,0.0015901890001259744,1,2,0.0019835430139210075,0.0015901890001259744,0.005960856011370197,19267584.0,6422528.0
ham_mbv2_pattern_mining,2026-02-07T04:12:06,2,509,85,4,0.7890625,0.594369113445282,20.5620896,0.0734416859340854,0.07203468994703144,0.0014069959870539606,1,2,0.0017093490168917924,0.0014069959870539606,0.005494119977811351,19267584.0,6422528.0
ham_mbv2_pattern_mining,2026-02-07T04:12:06,2,510,85,5,1.0,0.4741370975971222,0.1705632,0.08718935385695659,0.0857334298780188,0.0014559239789377898,1,2,0.001701314002275467,0.0014559239789377898,0.006872028985526413,150528.0,50176.0
ham_mbv2_pattern_mining,2026-02-07T04:12:09,3,505,85,0,0.86328125,0.3745994567871094,20.5620896,0.34092890910687856,0.33549587009474635,0.0054330390121322125,1,2,0.012410466006258503,0.0054330390121322125,0.021139121003216133,19267584.0,6422528.0
ham_mbv2_pattern_mining,2026-02-07T04:12:09,3,506,85,1,0.87890625,0.3729501962661743,20.5620896,0.08195302973035723,0.08028011972783133,0.0016729100025258958,1,2,0.0017201039881911129,0.0016729100025258958,0.0063079079845920205,19267584.0,6422528.0
ham_mbv2_pattern_mining,2026-02-07T04:12:09,3,507,85,2,0.86328125,0.3964115083217621,20.5620896,0.07687427278142422,0.07539981976151466,0.0014744530199095607,1,2,0.001925580989336595,0.0014744530199095607,0.005614400986814871,19267584.0,6422528.0
ham_mbv2_pattern_mining,2026-02-07T04:12:09,3,508,85,3,0.86328125,0.3828008770942688,20.5620896,0.0735117970907595,0.07206667010905221,0.0014451269817072898,1,2,0.001670869009103626,0.0014451269817072898,0.005535798001801595,19267584.0,6422528.0
ham_mbv2_pattern_mining,2026-02-07T04:12:11,3,509,85,4,0.86328125,0.40709972381591797,20.5620896,0.0836439749400597,0.08216457994421944,0.0014793949958402663,1,2,0.002012494980590418,0.0014793949958402663,0.006203963013831526,19267584.0,6422528.0
ham_mbv2_pattern_mining,2026-02-07T04:12:11,3,510,85,5,1.0,0.325210303068161,0.1705632,0.0923642897978425,0.09083141980227083,0.001532869995571673,1,2,0.0018472969823051244,0.001532869995571673,0.0072358449979219586,150528.0,50176.0
ham_mbv2_pattern_mining,2026-02-07T04:12:15,4,505,85,0,0.84375,0.45843347907066345,20.5620896,0.32454313497873954,0.31914193998090923,0.005401194997830316,1,2,0.011700141010805964,0.005401194997830316,0.02021405298728496,19267584.0,6422528.0
ham_mbv2_pattern_mining,2026-02-07T04:12:15,4,506,85,1,0.82421875,0.4712626338005066,20.5620896,0.08229183804360218,0.08073164004599676,0.001560197997605428,1,2,0.0017642650054767728,0.001560197997605428,0.006308898999122903,19267584.0,6422528.0
ham_mbv2_pattern_mining,2026-02-07T04:12:15,4,507,85,2,0.8828125,0.3826780319213867,20.5620896,0.07505228399531916,0.0736204200075008,0.0014318639878183603,1,2,0.0017206530028488487,0.0014318639878183603,0.005641388997901231,19267584.0,6422528.0
ham_mbv2_pattern_mining,2026-02-07T04:12:15,4,508,85,3,0.80078125,0.5302734375,20.5620896,0.08079491092939861,0.07909359992481768,0.0017013110045809299,1,2,0.0016727740003261715,0.0017013110045809299,0.006236585992155597,19267584.0,6422528.0
ham_mbv2_pattern_mining,2026-02-07T04:12:17,4,509,85,4,0.87109375,0.36938875913619995,20.5620896,0.07654284796444699,0.07507233996875584,0.0014705079956911504,1,2,0.0018205300148110837,0.0014705079956911504,0.0056867039820645005,19267584.0,6422528.0
ham_mbv2_pattern_mining,2026-02-07T04:12:17,4,510,85,5,0.0,6.662941932678223,0.09028159999999999,0.08043365372577682,0.07884262973675504,0.001591023989021778,1,2,0.0018870359926950186,0.001591023989021778,0.005997226980980486,75264.0,25088.0
ham_mbv2_pattern_mining,2026-02-07T04:12:26,0,511,86,0,0.81640625,0.5035252571105957,20.5620896,0.30900679805199616,0.30317744007334113,0.005829357978655025,1,2,0.009274195006582886,0.005829357978655025,0.021043549000751227,19267584.0,6422528.0
ham_mbv2_pattern_mining,2026-02-07T04:12:26,0,512,86,1,0.80078125,0.5609725713729858,20.5620896,0.07610244225361384,0.07464478025212884,0.001457662001485005,1,2,0.0018570520041976124,0.001457662001485005,0.0056074260210152715,19267584.0,6422528.0
ham_mbv2_pattern_mining,2026-02-07T04:12:26,0,513,86,2,0.8671875,0.43417686223983765,20.5620896,0.0747715529287234,0.07336918992223218,0.001402363006491214,1,2,0.0018177729798480868,0.001402363006491214,0.005519146012375131,19267584.0,6422528.0
ham_mbv2_pattern_mining,2026-02-07T04:12:26,0,514,86,3,0.80859375,0.5423200726509094,20.5620896,0.07571338981506415,0.07412271981593221,0.0015906699991319329,1,2,0.0019034029974136502,0.0015906699991319329,0.005508868984179571,19267584.0,6422528.0
ham_mbv2_pattern_mining,2026-02-07T04:12:28,0,515,86,4,0.76171875,0.6400817632675171,20.5620896,0.0821614692104049,0.08060078020207584,0.0015606890083290637,1,2,0.0017788130207918584,0.0015606890083290637,0.0062812649994157255,19267584.0,6422528.0
ham_mbv2_pattern_mining,2026-02-07T04:12:28,0,516,86,5,0.5,1.453513741493225,0.1705632,0.09445908569614403,0.0929914996959269,0.0014675860002171248,1,2,0.0018150499963667244,0.0014675860002171248,0.007484099973225966,150528.0,50176.0
ham_mbv2_pattern_mining,2026-02-07T04:12:32,1,511,86,0,0.8515625,0.4268413782119751,20.5620896,0.3283731950796209,0.3229244300746359,0.0054487650049850345,1,2,0.011534554010722786,0.0054487650049850345,0.020757888996740803,19267584.0,6422528.0
ham_mbv2_pattern_mining,2026-02-07T04:12:32,1,512,86,1,0.828125,0.4974111020565033,20.5620896,0.07397197396494448,0.07251144998008385,0.0014605239848606288,1,2,0.001703187997918576,0.0014605239848606288,0.005547957000089809,19267584.0,6422528.0
ham_mbv2_pattern_mining,2026-02-07T04:12:32,1,513,86,2,0.7890625,0.571243166923523,20.5620896,0.07719591283239424,0.07576465985039249,0.0014312529820017517,1,2,0.0018498860008548945,0.0014312529820017517,0.0057265799841843545,19267584.0,6422528.0
ham_mbv2_pattern_mining,2026-02-07T04:12:32,1,514,86,3,0.82421875,0.48331040143966675,20.5620896,0.07508406310807914,0.07365602010395378,0.0014280430041253567,1,2,0.0017535450169816613,0.0014280430041253567,0.0056120569934137166,19267584.0,6422528.0
ham_mbv2_pattern_mining,2026-02-07T04:12:34,1,515,86,4,0.8359375,0.44065529108047485,20.5620896,0.07525128195993602,0.07382345997029915,0.0014278219896368682,1,2,0.0017828969866968691,0.0014278219896368682,0.005599449010333046,19267584.0,6422528.0
ham_mbv2_pattern_mining,2026-02-07T04:12:34,1,516,86,5,0.5,1.3691383600234985,0.1705632,0.09598744189133868,0.09447516989894211,0.0015122719923965633,1,2,0.0019168560102116317,0.0015122719923965633,0.00753066097968258,150528.0,50176.0
ham_mbv2_pattern_mining,2026-02-07T04:12:37,2,511,86,0,0.83984375,0.4060209393501282,20.5620896,0.5568674449168611,0.5435506199137308,0.013316825003130361,1,2,0.021667388995410874,0.013316825003130361,0.0326876729959622,19267584.0,6422528.0
ham_mbv2_pattern_mining,2026-02-07T04:12:38,2,512,86,1,0.81640625,0.5037426352500916,20.5620896,0.07777496412745677,0.07631973014213145,0.0014552339853253216,1,2,0.0020331499981693923,0.0014552339853253216,0.005598823016043752,19267584.0,6422528.0
ham_mbv2_pattern_mining,2026-02-07T04:12:38,2,513,86,2,0.85546875,0.3975920081138611,20.5620896,0.07899925881065428,0.07753505982691422,0.0014641989837400615,1,2,0.0020510779868345708,0.0014641989837400615,0.005702427995856851,19267584.0,6422528.0
ham_mbv2_pattern_mining,2026-02-07T04:12:38,2,514,86,3,0.84375,0.457104355096817,20.5620896,0.07572125890874304,0.07418408989906311,0.0015371690096799284,1,2,0.0017797790060285479,0.0015371690096799284,0.005638629983877763,19267584.0,6422528.0
ham_mbv2_pattern_mining,2026-02-07T04:12:40,2,515,86,4,0.80859375,0.5494804382324219,20.5620896,0.1265228308038786,0.12403996981447563,0.0024828609894029796,1,2,0.0027019089902751148,0.0024828609894029796,0.009702087991172448,19267584.0,6422528.0
ham_mbv2_pattern_mining,2026-02-07T04:12:40,2,516,86,5,1.0,0.041118327528238297,0.1705632,0.11500600492581725,0.11314770992612466,0.001858294999692589,1,2,0.002140377997420728,0.001858294999692589,0.009174392995191738,150528.0,50176.0
ham_mbv2_pattern_mining,2026-02-07T04:12:43,3,511,86,0,0.875,0.33351004123687744,20.5620896,0.31328628479968756,0.3075975098181516,0.005688774981535971,1,2,0.011007681983755901,0.005688774981535971,0.019752068998059258,19267584.0,6422528.0
ham_mbv2_pattern_mining,2026-02-07T04:12:43,3,512,86,1,0.89453125,0.34236863255500793,20.5620896,0.1982073389517609,0.19433784997090697,0.00386948898085393,1,2,0.004491736995987594,0.00386948898085393,0.014942048001103103,19267584.0,6422528.0
ham_mbv2_pattern_mining,2026-02-07T04:12:43,3,513,86,2,0.8515625,0.4245465099811554,20.5620896,0.09017253390629776,0.08855772990500554,0.0016148040012922138,1,2,0.0019233759958297014,0.0016148040012922138,0.006932396994670853,19267584.0,6422528.0
ham_mbv2_pattern_mining,2026-02-07T04:12:44,3,514,86,3,0.859375,0.37318843603134155,20.5620896,0.07819486074731685,0.07676105975406244,0.0014338009932544082,1,2,0.0016971139993984252,0.0014338009932544082,0.005978991976007819,19267584.0,6422528.0
ham_mbv2_pattern_mining,2026-02-07T04:12:44,3,515,86,4,0.8671875,0.396418035030365,20.5620896,0.08409046399174258,0.08252478000940755,0.001565683982335031,1,2,0.0018131170072592795,0.001565683982335031,0.0064393609936814755,19267584.0,6422528.0
ham_mbv2_pattern_mining,2026-02-07T04:12:45,3,516,86,5,1.0,0.061985839158296585,0.1705632,0.09457439676043577,0.09286742977565154,0.0017069669847842306,1,2,0.0020021619857288897,0.0017069669847842306,0.007284580991836265,150528.0,50176.0
ham_mbv2_pattern_mining,2026-02-07T04:12:48,4,511,86,0,0.8828125,0.3599156141281128,20.5620896,0.425177210039692,0.41768558003241196,0.007491630007280037,1,2,0.014077110012294725,0.007491630007280037,0.02769144799094647,19267584.0,6422528.0
ham_mbv2_pattern_mining,2026-02-07T04:12:48,4,512,86,1,0.84375,0.46600568294525146,20.5620896,0.07293182291323319,0.0715105899143964,0.0014212329988367856,1,2,0.0016693770012352616,0.0014212329988367856,0.005481681990204379,19267584.0,6422528.0
ham_mbv2_pattern_mining,2026-02-07T04:12:48,4,513,86,2,0.796875,0.6119842529296875,20.5620896,0.07239167913212441,0.07098088011844084,0.0014107990136835724,1,2,0.0016052529972512275,0.0014107990136835724,0.005492835014592856,19267584.0,6422528.0
ham_mbv2_pattern_mining,2026-02-07T04:12:48,4,514,86,3,0.859375,0.3897213041782379,20.5620896,0.07516185380518436,0.07378252979833633,0.0013793240068480372,1,2,0.0015388559841085225,0.0013793240068480372,0.00583939699572511,19267584.0,6422528.0
ham_mbv2_pattern_mining,2026-02-07T04:12:50,4,515,86,4,0.8359375,0.44517314434051514,20.5620896,0.07710272862459533,0.07561345963040367,0.0014892689941916615,1,2,0.0018370639882050455,0.0014892689941916615,0.005724281974835321,19267584.0,6422528.0
ham_mbv2_pattern_mining,2026-02-07T04:12:50,4,516,86,5,0.0,4.827052116394043,0.09028159999999999,0.08414026003447361,0.08258118003141135,0.0015590800030622631,1,2,0.001995528000406921,0.0015590800030622631,0.006262590002734214,75264.0,25088.0
ham_mbv2_pattern_mining,2026-02-07T04:12:59,0,517,87,0,0.86328125,0.39266929030418396,20.5620896,0.37028802998247556,0.36361992999445647,0.006668099988019094,1,2,0.011120914976345375,0.006668099988019094,0.025241078023100272,19267584.0,6422528.0
ham_mbv2_pattern_mining,2026-02-07T04:12:59,0,518,87,1,0.828125,0.45029163360595703,20.5620896,0.07690605538664386,0.07528048037784174,0.001625575008802116,1,2,0.0019486640230752528,0.001625575008802116,0.005579384014708921,19267584.0,6422528.0
ham_mbv2_pattern_mining,2026-02-07T04:13:00,0,519,87,2,0.7890625,0.527247428894043,20.5620896,0.07562672175117768,0.07418629975290969,0.0014404219982679933,1,2,0.0018071879749186337,0.0014404219982679933,0.005611442000372335,19267584.0,6422528.0
ham_mbv2_pattern_mining,2026-02-07T04:13:00,0,520,87,3,0.8203125,0.5178711414337158,20.5620896,0.07599641499109566,0.07457011000951752,0.0014263049815781415,1,2,0.0018028710037469864,0.0014263049815781415,0.005654139997204766,19267584.0,6422528.0
ham_mbv2_pattern_mining,2026-02-07T04:13:02,0,521,87,4,0.78515625,0.5739731192588806,20.5620896,0.07734468512353487,0.07590821012854576,0.001436474994989112,1,2,0.001899096998386085,0.001436474994989112,0.005691724014468491,19267584.0,6422528.0
ham_mbv2_pattern_mining,2026-02-07T04:13:02,0,522,87,5,1.0,0.19018015265464783,0.1705632,0.09685244105639867,0.09536433004541323,0.001488111010985449,1,2,0.0018842749996110797,0.001488111010985449,0.007652158004930243,150528.0,50176.0
ham_mbv2_pattern_mining,2026-02-07T04:13:05,1,517,87,0,0.8828125,0.3502219319343567,20.5620896,0.3348029791377485,0.3291635701316409,0.0056394090061075985,1,2,0.012260531017091125,0.0056394090061075985,0.020655825996072963,19267584.0,6422528.0
ham_mbv2_pattern_mining,2026-02-07T04:13:05,1,518,87,1,0.84765625,0.41183924674987793,20.5620896,0.07650634393212385,0.07505282992497087,0.0014535140071529895,1,2,0.001873681991128251,0.0014535140071529895,0.005631601001368836,19267584.0,6422528.0
ham_mbv2_pattern_mining,2026-02-07T04:13:05,1,519,87,2,0.8515625,0.4287896156311035,20.5620896,0.07673372700810432,0.07524437998654321,0.001489347021561116,1,2,0.0017462369869463146,0.001489347021561116,0.005778201011708006,19267584.0,6422528.0
ham_mbv2_pattern_mining,2026-02-07T04:13:05,1,520,87,3,0.8125,0.5076410174369812,20.5620896,0.07337615604046732,0.0719411700265482,0.001434986013919115,1,2,0.0016758159908931702,0.001434986013919115,0.0055183010117616504,19267584.0,6422528.0
ham_mbv2_pattern_mining,2026-02-07T04:13:07,1,521,87,4,0.81640625,0.47977399826049805,20.5620896,0.07724332323414274,0.07577791024232283,0.0014654129918199033,1,2,0.0018700910150073469,0.0014654129918199033,0.005707700009224936,19267584.0,6422528.0
ham_mbv2_pattern_mining,2026-02-07T04:13:07,1,522,87,5,0.5,1.4968189001083374,0.1705632,0.09199078203528188,0.09046088001923636,0.0015299020160455257,1,2,0.001849885011324659,0.0015299020160455257,0.007196202990598977,150528.0,50176.0
ham_mbv2_pattern_mining,2026-02-07T04:13:10,2,517,87,0,0.8515625,0.3950878381729126,20.5620896,0.39302091489662416,0.38725961989257485,0.005761295004049316,1,2,0.014998275990365073,0.005761295004049316,0.02372768599889241,19267584.0,6422528.0
ham_mbv2_pattern_mining,2026-02-07T04:13:11,2,518,87,1,0.8359375,0.4521923065185547,20.5620896,0.07471085485303774,0.0732404098380357,0.001470445015002042,1,2,0.001736921985866502,0.001470445015002042,0.005587118997937068,19267584.0,6422528.0
ham_mbv2_pattern_mining,2026-02-07T04:13:11,2,519,87,2,0.8984375,0.386332631111145,20.5620896,0.07753014418995008,0.076082440209575,0.0014477039803750813,1,2,0.0019103600061498582,0.0014477039803750813,0.0056978840148076415,19267584.0,6422528.0
ham_mbv2_pattern_mining,2026-02-07T04:13:11,2,520,87,3,0.87109375,0.3454197943210602,20.5620896,0.07959135709097609,0.07812677009496838,0.0014645869960077107,1,2,0.0017438089998904616,0.0014645869960077107,0.006068868009606376,19267584.0,6422528.0
ham_mbv2_pattern_mining,2026-02-07T04:13:12,2,521,87,4,0.8046875,0.49904781579971313,20.5620896,0.07918078382499516,0.07765775982988998,0.0015230239951051772,1,2,0.0019223319832235575,0.0015230239951051772,0.005843443999765441,19267584.0,6422528.0
ham_mbv2_pattern_mining,2026-02-07T04:13:12,2,522,87,5,1.0,0.10229161381721497,0.1705632,0.11138965506688692,0.10970728006213903,0.0016823750047478825,1,2,0.0020782920182682574,0.0016823750047478825,0.008892435987945646,150528.0,50176.0
ham_mbv2_pattern_mining,2026-02-07T04:13:16,3,517,87,0,0.86328125,0.3918108344078064,20.5620896,0.4022114311228506,0.3947762001189403,0.007435231003910303,1,2,0.013286050001624972,0.007435231003910303,0.02619157001026906,19267584.0,6422528.0
ham_mbv2_pattern_mining,2026-02-07T04:13:16,3,518,87,1,0.8671875,0.39687228202819824,20.5620896,0.05807034601457417,0.05696323001757264,0.0011071159970015287,1,2,0.0014359369815792888,0.0011071159970015287,0.004260386020177975,19267584.0,6422528.0
ham_mbv2_pattern_mining,2026-02-07T04:13:16,3,519,87,2,0.84375,0.4322066009044647,20.5620896,0.05752916805795394,0.056445210066158324,0.0010839579917956144,1,2,0.0013935820024926215,0.0010839579917956144,0.004250939004123211,19267584.0,6422528.0
ham_mbv2_pattern_mining,2026-02-07T04:13:16,3,520,87,3,0.77734375,0.6178805828094482,20.5620896,0.06249992179800756,0.061277969798538834,0.001221951999468729,1,2,0.0014810010034125298,0.001221951999468729,0.0046467959764413536,19267584.0,6422528.0
ham_mbv2_pattern_mining,2026-02-07T04:13:18,3,521,87,4,0.84375,0.3922819495201111,20.5620896,0.07129860011627898,0.06993462011450902,0.00136398000176996,1,2,0.001745070010656491,0.00136398000176996,0.005248392000794411,19267584.0,6422528.0
ham_mbv2_pattern_mining,2026-02-07T04:13:18,3,522,87,5,1.0,0.10203759372234344,0.1705632,0.07286703700083308,0.07167244999436662,0.0011945870064664632,1,2,0.0015202920185402036,0.0011945870064664632,0.005646952980896458,150528.0,50176.0
ham_mbv2_pattern_mining,2026-02-07T04:13:21,4,517,87,0,0.78125,0.6682034730911255,20.5620896,0.3110796690743882,0.30597272008890286,0.00510694898548536,1,2,0.011157318018376827,0.00510694898548536,0.01943995399051346,19267584.0,6422528.0
ham_mbv2_pattern_mining,2026-02-07T04:13:21,4,518,87,1,0.89453125,0.370890736579895,20.5620896,0.06950282413163222,0.06781894015148282,0.0016838839801494032,1,2,0.0018047190096694976,0.0016838839801494032,0.0049771750054787844,19267584.0,6422528.0
ham_mbv2_pattern_mining,2026-02-07T04:13:21,4,519,87,2,0.84765625,0.4399924576282501,20.5620896,0.07186692502000369,0.07046268001431599,0.0014042450056876987,1,2,0.0015957400028128177,0.0014042450056876987,0.005450527998618782,19267584.0,6422528.0
ham_mbv2_pattern_mining,2026-02-07T04:13:22,4,520,87,3,0.83203125,0.45293670892715454,20.5620896,0.05860671919072047,0.05746772018028423,0.0011389990104362369,1,2,0.0013918119948357344,0.0011389990104362369,0.004354960023192689,19267584.0,6422528.0
ham_mbv2_pattern_mining,2026-02-07T04:13:23,4,521,87,4,0.8671875,0.42808711528778076,20.5620896,0.09621444786898792,0.09474216989474371,0.0014722779742442071,1,2,0.0018484789761714637,0.0014722779742442071,0.007625738013302907,19267584.0,6422528.0
ham_mbv2_pattern_mining,2026-02-07T04:13:24,4,522,87,5,0.0,4.489217281341553,0.09028159999999999,0.08539255801588297,0.08379612001590431,0.0015964379999786615,1,2,0.001979542023036629,0.0015964379999786615,0.006400069978553802,75264.0,25088.0
ham_mbv2_pattern_mining,2026-02-07T04:13:33,0,523,88,0,0.921875,0.28151631355285645,20.5620896,0.360288782074349,0.35469727008603513,0.005591511988313869,1,2,0.014603904011892155,0.005591511988313869,0.02086582299671136,19267584.0,6422528.0
ham_mbv2_pattern_mining,2026-02-07T04:13:33,0,524,88,1,0.78515625,0.5265124440193176,20.5620896,0.08480165322544053,0.0830987302470021,0.001702922978438437,1,2,0.0020069070160388947,0.001702922978438437,0.006302966008661315,19267584.0,6422528.0
ham_mbv2_pattern_mining,2026-02-07T04:13:33,0,525,88,2,0.8671875,0.3540930151939392,20.5620896,0.077780280233128,0.07629245024872944,0.0014878299843985587,1,2,0.0019063290092162788,0.0014878299843985587,0.005722916015656665,19267584.0,6422528.0
ham_mbv2_pattern_mining,2026-02-07T04:13:33,0,526,88,3,0.80859375,0.5303763151168823,20.5620896,0.07411557814339176,0.07270085014170036,0.001414728001691401,1,2,0.0017099620017688721,0.001414728001691401,0.005560123012401164,19267584.0,6422528.0
ham_mbv2_pattern_mining,2026-02-07T04:13:35,0,527,88,4,0.83203125,0.5129947066307068,20.5620896,0.07772959108115174,0.07610458007548004,0.0016250110056716949,1,2,0.001972375001059845,0.0016250110056716949,0.005638083006488159,19267584.0,6422528.0
ham_mbv2_pattern_mining,2026-02-07T04:13:35,0,528,88,5,1.0,0.20356616377830505,0.1705632,0.0957654177909717,0.09427080978639424,0.001494608004577458,1,2,0.0018387379823252559,0.001494608004577458,0.007588342996314168,150528.0,50176.0
ham_mbv2_pattern_mining,2026-02-07T04:13:38,1,523,88,0,0.7734375,0.614316463470459,20.5620896,0.40168592912959866,0.39416506013367325,0.007520868995925412,1,2,0.0154311670048628,0.007520868995925412,0.023985339008504525,19267584.0,6422528.0
ham_mbv2_pattern_mining,2026-02-07T04:13:38,1,524,88,1,0.83984375,0.4219871163368225,20.5620896,0.07695433098706417,0.07550253998488188,0.00145179100218229,1,2,0.0019255829975008965,0.00145179100218229,0.005624671000987291,19267584.0,6422528.0
ham_mbv2_pattern_mining,2026-02-07T04:13:39,1,525,88,2,0.83984375,0.41704609990119934,20.5620896,0.07502708592801355,0.0735879599233158,0.001439126004697755,1,2,0.0017456350033171475,0.001439126004697755,0.005613160989014432,19267584.0,6422528.0
ham_mbv2_pattern_mining,2026-02-07T04:13:39,1,526,88,3,0.8203125,0.46603184938430786,20.5620896,0.10919093011762016,0.10723181010689586,0.001959120010724291,1,2,0.0027321210072841495,0.001959120010724291,0.007991060003405437,19267584.0,6422528.0
ham_mbv2_pattern_mining,2026-02-07T04:13:41,1,527,88,4,0.8125,0.5133634805679321,20.5620896,0.07554746870300733,0.07407916971715167,0.0014682989858556539,1,2,0.001754783996148035,0.0014682989858556539,0.005653132975567132,19267584.0,6422528.0
ham_mbv2_pattern_mining,2026-02-07T04:13:41,1,528,88,5,0.5,0.6259335279464722,0.1705632,0.09002069986308925,0.08851714985212311,0.001503550010966137,1,2,0.0017826139810495079,0.001503550010966137,0.007069101004162803,150528.0,50176.0
ham_mbv2_pattern_mining,2026-02-07T04:13:44,2,523,88,0,0.90234375,0.3421558439731598,20.5620896,0.31493430500268005,0.3094898699782789,0.005444435024401173,1,2,0.01137727900641039,0.005444435024401173,0.019571707991417497,19267584.0,6422528.0
ham_mbv2_pattern_mining,2026-02-07T04:13:44,2,524,88,1,0.88671875,0.3210684061050415,20.5620896,0.07729530800133944,0.0757923600031063,0.0015029479982331395,1,2,0.001941016991622746,0.0015029479982331395,0.005638219008687884,19267584.0,6422528.0
ham_mbv2_pattern_mining,2026-02-07T04:13:44,2,525,88,2,0.81640625,0.4808958172798157,20.5620896,0.07401818604557775,0.07258241006638855,0.0014357759791892022,1,2,0.0016899670008569956,0.0014357759791892022,0.005568274005781859,19267584.0,6422528.0
ham_mbv2_pattern_mining,2026-02-07T04:13:44,2,526,88,3,0.80859375,0.47046348452568054,20.5620896,0.0779583329858724,0.07650148996617645,0.0014568430196959525,1,2,0.0016640189860481769,0.0014568430196959525,0.005986130010569468,19267584.0,6422528.0
ham_mbv2_pattern_mining,2026-02-07T04:13:46,2,527,88,4,0.828125,0.4735220670700073,20.5620896,0.07751105193165131,0.07602408993989229,0.0014869619917590171,1,2,0.0018753109907265753,0.0014869619917590171,0.005727098003262654,19267584.0,6422528.0
ham_mbv2_pattern_mining,2026-02-07T04:13:46,2,528,88,5,1.0,0.056540705263614655,0.1705632,0.09430967801017687,0.09277748002205044,0.001532197988126427,1,2,0.0018166030058637261,0.001532197988126427,0.007461144996341318,150528.0,50176.0
ham_mbv2_pattern_mining,2026-02-07T04:13:49,3,523,88,0,0.85546875,0.38969916105270386,20.5620896,0.367592602269724,0.3612637202604674,0.006328882009256631,1,2,0.012428209010977298,0.006328882009256631,0.02369816301506944,19267584.0,6422528.0
ham_mbv2_pattern_mining,2026-02-07T04:13:50,3,524,88,1,0.84765625,0.4614689350128174,20.5620896,0.07508997389231808,0.07363760989392176,0.0014523639983963221,1,2,0.0017614199896343052,0.0014523639983963221,0.005602340999757871,19267584.0,6422528.0
ham_mbv2_pattern_mining,2026-02-07T04:13:50,3,525,88,2,0.77734375,0.5744086503982544,20.5620896,0.0748194420884829,0.0733860200853087,0.0014334220031742007,1,2,0.0017020980012603104,0.0014334220031742007,0.00563650400727056,19267584.0,6422528.0
ham_mbv2_pattern_mining,2026-02-07T04:13:50,3,526,88,3,0.8359375,0.4676441550254822,20.5620896,0.07451234976178966,0.07304674974875525,0.0014656000130344182,1,2,0.001708866999251768,0.0014656000130344182,0.005595807975623757,19267584.0,6422528.0
ham_mbv2_pattern_mining,2026-02-07T04:13:52,3,527,88,4,0.86328125,0.39919835329055786,20.5620896,0.07764175211195834,0.07614972011651844,0.001492031995439902,1,2,0.0018412610224913806,0.001492031995439902,0.005773710989160463,19267584.0,6422528.0
ham_mbv2_pattern_mining,2026-02-07T04:13:52,3,528,88,5,1.0,0.4388027787208557,0.1705632,0.09162605399615131,0.09006893000332639,0.001557123992824927,1,2,0.0018580899923108518,0.001557123992824927,0.007148803008021787,150528.0,50176.0
ham_mbv2_pattern_mining,2026-02-07T04:13:55,4,523,88,0,0.8359375,0.4783840477466583,20.5620896,0.39523707077023573,0.38840776978759095,0.0068293009826447815,1,2,0.013245402980828658,0.0068293009826447815,0.025595373997930437,19267584.0,6422528.0
ham_mbv2_pattern_mining,2026-02-07T04:13:55,4,524,88,1,0.890625,0.3624916970729828,20.5620896,0.07542653701966628,0.07394524000119418,0.0014812970184721053,1,2,0.001787740009604022,0.0014812970184721053,0.005606783990515396,19267584.0,6422528.0
ham_mbv2_pattern_mining,2026-02-07T04:13:55,4,525,88,2,0.859375,0.4720902144908905,20.5620896,0.07658763905055821,0.0751261500408873,0.0014614890096709132,1,2,0.0018515100236982107,0.0014614890096709132,0.005661104980390519,19267584.0,6422528.0
ham_mbv2_pattern_mining,2026-02-07T04:13:55,4,526,88,3,0.8515625,0.4187493324279785,20.5620896,0.07615617118426599,0.07469410018529743,0.0014620709989685565,1,2,0.0018613809952512383,0.0014620709989685565,0.005608029023278505,19267584.0,6422528.0
ham_mbv2_pattern_mining,2026-02-07T04:13:57,4,527,88,4,0.80859375,0.5265801548957825,20.5620896,0.08149049815256149,0.07979834015714005,0.0016921579954214394,1,2,0.00201430800370872,0.0016921579954214394,0.005965526012005284,19267584.0,6422528.0
ham_mbv2_pattern_mining,2026-02-07T04:13:57,4,528,88,5,0.0,4.77933406829834,0.09028159999999999,0.07875714779947884,0.07725574978394434,0.0015013980155345052,1,2,0.0017528419848531485,0.0015013980155345052,0.005972732993541285,75264.0,25088.0
ham_mbv2_pattern_mining,2026-02-07T04:14:06,0,529,89,0,0.88671875,0.35107070207595825,20.5620896,0.4412316889502108,0.4330062499502674,0.008225438999943435,1,2,0.011383764009224251,0.008225438999943435,0.03191686098580249,19267584.0,6422528.0
ham_mbv2_pattern_mining,2026-02-07T04:14:06,0,530,89,1,0.86328125,0.4153977036476135,20.5620896,0.08075278167962097,0.07918162969872355,0.0015711519808974117,1,2,0.002054858981864527,0.0015711519808974117,0.005863303988007829,19267584.0,6422528.0
ham_mbv2_pattern_mining,2026-02-07T04:14:06,0,531,89,2,0.84765625,0.42228347063064575,20.5620896,0.07839714683359489,0.07695446984143928,0.0014426769921556115,1,2,0.0018157610029447824,0.0014426769921556115,0.005879685981199145,19267584.0,6422528.0
ham_mbv2_pattern_mining,2026-02-07T04:14:06,0,532,89,3,0.84765625,0.38393881916999817,20.5620896,0.07650780869880691,0.07507005968363956,0.0014377490151673555,1,2,0.00177476997487247,0.0014377490151673555,0.005732235993491486,19267584.0,6422528.0
ham_mbv2_pattern_mining,2026-02-07T04:14:08,0,533,89,4,0.87890625,0.3484308123588562,20.5620896,0.07721320469863713,0.07575349969556555,0.0014597050030715764,1,2,0.0018732149910647422,0.0014597050030715764,0.005702134978491813,19267584.0,6422528.0
ham_mbv2_pattern_mining,2026-02-07T04:14:08,0,534,89,5,1.0,0.08340934664011002,0.1705632,0.09226921788649634,0.0907570798881352,0.0015121379983611405,1,2,0.0019026699883397669,0.0015121379983611405,0.007173038000473753,150528.0,50176.0
ham_mbv2_pattern_mining,2026-02-07T04:14:11,1,529,89,0,0.84375,0.40650784969329834,20.5620896,0.3430964771832805,0.3381077601807192,0.004988717002561316,1,2,0.012838810012908652,0.004988717002561316,0.020971966005163267,19267584.0,6422528.0
ham_mbv2_pattern_mining,2026-02-07T04:14:11,1,530,89,1,0.85546875,0.40167364478111267,20.5620896,0.08873511833371595,0.08722472033696249,0.0015103979967534542,1,2,0.00309753100736998,0.0015103979967534542,0.005624941026326269,19267584.0,6422528.0
ham_mbv2_pattern_mining,2026-02-07T04:14:12,1,531,89,2,0.86328125,0.3987191319465637,20.5620896,0.07637378413346596,0.0749908501165919,0.00138293401687406,1,2,0.00203005998628214,0.00138293401687406,0.00546902502537705,19267584.0,6422528.0
ham_mbv2_pattern_mining,2026-02-07T04:14:12,1,532,89,3,0.86328125,0.36807215213775635,20.5620896,0.0749113620549906,0.0734725600341335,0.0014388020208571106,1,2,0.0017741530027706176,0.0014388020208571106,0.005573103000642732,19267584.0,6422528.0
ham_mbv2_pattern_mining,2026-02-07T04:14:13,1,533,89,4,0.81640625,0.5186172723770142,20.5620896,0.07677544397301972,0.07532696996349841,0.0014484740095213056,1,2,0.0017874549957923591,0.0014484740095213056,0.005745242000557482,19267584.0,6422528.0
ham_mbv2_pattern_mining,2026-02-07T04:14:13,1,534,89,5,0.5,1.7421060800552368,0.1705632,0.10078015303588472,0.09916565002640709,0.0016145030094776303,1,2,0.0023593899968545884,0.0016145030094776303,0.007557175005786121,150528.0,50176.0
ham_mbv2_pattern_mining,2026-02-07T04:14:16,2,529,89,0,0.89453125,0.303012490272522,20.5620896,0.3730331771366764,0.36648344015702605,0.0065497369796503335,1,2,0.012644272006582469,0.0065497369796503335,0.024004072009120136,19267584.0,6422528.0
ham_mbv2_pattern_mining,2026-02-07T04:14:16,2,530,89,1,0.82421875,0.42940571904182434,20.5620896,0.07766174658900127,0.0761390695697628,0.001522677019238472,1,2,0.0019169029837939888,0.001522677019238472,0.005697003973182291,19267584.0,6422528.0
ham_mbv2_pattern_mining,2026-02-07T04:14:16,2,531,89,2,0.84765625,0.4039042592048645,20.5620896,0.07766802297555842,0.07619962998433039,0.0014683929912280291,1,2,0.0018304999975953251,0.0014683929912280291,0.0057894630008377135,19267584.0,6422528.0
ham_mbv2_pattern_mining,2026-02-07T04:14:17,2,532,89,3,0.8828125,0.37743526697158813,20.5620896,0.07361714492435567,0.07218807993922383,0.0014290649851318449,1,2,0.0016047520039137453,0.0014290649851318449,0.005614055990008637,19267584.0,6422528.0
ham_mbv2_pattern_mining,2026-02-07T04:14:19,2,533,89,4,0.8203125,0.5358167886734009,20.5620896,0.0774714422877878,0.07599059026688337,0.0014808520209044218,1,2,0.0018232400179840624,0.0014808520209044218,0.005775819008704275,19267584.0,6422528.0
ham_mbv2_pattern_mining,2026-02-07T04:14:19,2,534,89,5,0.5,1.9069477319717407,0.1705632,0.0945950068125967,0.09304271981818601,0.0015522869944106787,1,2,0.0018650379788596183,0.0015522869944106787,0.007439234002958983,150528.0,50176.0
ham_mbv2_pattern_mining,2026-02-07T04:14:22,3,529,89,0,0.84765625,0.40653762221336365,20.5620896,0.33248469006503,0.3271564800525084,0.005328210012521595,1,2,0.011791337019531056,0.005328210012521595,0.020924310985719785,19267584.0,6422528.0
ham_mbv2_pattern_mining,2026-02-07T04:14:22,3,530,89,1,0.8203125,0.497151643037796,20.5620896,0.07542518113041297,0.0739820601302199,0.0014431210001930594,1,2,0.001740190025884658,0.0014431210001930594,0.0056580159871373326,19267584.0,6422528.0
ham_mbv2_pattern_mining,2026-02-07T04:14:22,3,531,89,2,0.859375,0.40249305963516235,20.5620896,0.07500438793795183,0.07357380993198603,0.001430578005965799,1,2,0.001694443984888494,0.001430578005965799,0.005662937008310109,19267584.0,6422528.0
ham_mbv2_pattern_mining,2026-02-07T04:14:22,3,532,89,3,0.875,0.35267436504364014,20.5620896,0.07497174991294742,0.0735026499023661,0.0014691000105813146,1,2,0.0017152370128314942,0.0014691000105813146,0.005635027977405116,19267584.0,6422528.0
ham_mbv2_pattern_mining,2026-02-07T04:14:24,3,533,89,4,0.78125,0.6344761252403259,20.5620896,0.0763809422205668,0.0749068902223371,0.0014740519982296973,1,2,0.001839202013798058,0.0014740519982296973,0.005651487008435652,19267584.0,6422528.0
ham_mbv2_pattern_mining,2026-02-07T04:14:24,3,534,89,5,0.5,0.40773123502731323,0.1705632,0.092470737057738,0.09091187006561086,0.0015588669921271503,1,2,0.0018636719905771315,0.0015588669921271503,0.007227515015983954,150528.0,50176.0
ham_mbv2_pattern_mining,2026-02-07T04:14:27,4,529,89,0,0.92578125,0.29497212171554565,20.5620896,0.4956427267752588,0.4852409497834742,0.010401776991784573,1,2,0.01736419598455541,0.010401776991784573,0.031159898993792012,19267584.0,6422528.0
ham_mbv2_pattern_mining,2026-02-07T04:14:27,4,530,89,1,0.83984375,0.4141443371772766,20.5620896,0.07558549707755446,0.0741232800646685,0.001462217012885958,1,2,0.0017965380102396011,0.001462217012885958,0.0056157899962272495,19267584.0,6422528.0
ham_mbv2_pattern_mining,2026-02-07T04:14:27,4,531,89,2,0.83984375,0.4699915647506714,20.5620896,0.07631022098939866,0.07486654998501763,0.0014436710043810308,1,2,0.001812334987334907,0.0014436710043810308,0.005674320011166856,19267584.0,6422528.0
ham_mbv2_pattern_mining,2026-02-07T04:14:28,4,532,89,3,0.81640625,0.4701884686946869,20.5620896,0.07393684794078581,0.07249168993439525,0.0014451580063905567,1,2,0.0017083759885281324,0.0014451580063905567,0.005540793004911393,19267584.0,6422528.0
ham_mbv2_pattern_mining,2026-02-07T04:14:29,4,533,89,4,0.85546875,0.39262229204177856,20.5620896,0.0773113910399843,0.07582185004139319,0.0014895409985911101,1,2,0.0017256280116271228,0.0014895409985911101,0.005856556992512196,19267584.0,6422528.0
ham_mbv2_pattern_mining,2026-02-07T04:14:29,4,534,89,5,0.0,3.905263662338257,0.09028159999999999,0.08214145721285604,0.08064470021054149,0.0014967570023145527,1,2,0.0018469970091246068,0.0014967570023145527,0.006217473011929542,75264.0,25088.0
ham_mbv2_pattern_mining,2026-02-07T04:14:37,0,535,90,0,0.859375,0.385268896818161,20.5620896,0.3477703319513239,0.34111999993911013,0.006650332012213767,1,2,0.010892688005696982,0.006650332012213767,0.02321931198821403,19267584.0,6422528.0
ham_mbv2_pattern_mining,2026-02-07T04:14:37,0,536,90,1,0.7734375,0.6090378165245056,20.5620896,0.07370926311705261,0.07227396010421216,0.0014353030128404498,1,2,0.0017183560121338814,0.0014353030128404498,0.005509039998287335,19267584.0,6422528.0
ham_mbv2_pattern_mining,2026-02-07T04:14:37,0,537,90,2,0.859375,0.38392674922943115,20.5620896,0.07490545595646836,0.0735042299493216,0.0014012260071467608,1,2,0.0018021109863184392,0.0014012260071467608,0.0055483120086137205,19267584.0,6422528.0
ham_mbv2_pattern_mining,2026-02-07T04:14:37,0,538,90,3,0.8125,0.47602376341819763,20.5620896,0.07324128909385763,0.07183417008491233,0.0014071190089453012,1,2,0.0016687570023350418,0.0014071190089453012,0.005514660006156191,19267584.0,6422528.0
ham_mbv2_pattern_mining,2026-02-07T04:14:39,0,539,90,4,0.79296875,0.5594826340675354,20.5620896,0.07448094096616842,0.07308686996111646,0.0013940710050519556,1,2,0.0017435289919376373,0.0013940710050519556,0.005565158004174009,19267584.0,6422528.0
ham_mbv2_pattern_mining,2026-02-07T04:14:39,0,540,90,5,0.0,6.153708457946777,0.1705632,0.09586561686592177,0.09443380986340344,0.001431807002518326,1,2,0.0016336829867213964,0.001431807002518326,0.0078096979996189475,150528.0,50176.0
ham_mbv2_pattern_mining,2026-02-07T04:14:43,1,535,90,0,0.84765625,0.39710962772369385,20.5620896,0.41258994006784633,0.40496044006431475,0.007629500003531575,1,2,0.013987509999424219,0.007629500003531575,0.026508534007007256,19267584.0,6422528.0
ham_mbv2_pattern_mining,2026-02-07T04:14:43,1,536,90,1,0.81640625,0.5089446306228638,20.5620896,0.07668575801653787,0.0751749100163579,0.0015108480001799762,1,2,0.0017622440063860267,0.0015108480001799762,0.005755246995249763,19267584.0,6422528.0
ham_mbv2_pattern_mining,2026-02-07T04:14:43,1,537,90,2,0.76171875,0.6317892074584961,20.5620896,0.07445024498156272,0.07302812999114394,0.0014221149904187769,1,2,0.0017233380058314651,0.0014221149904187769,0.005579474993282929,19267584.0,6422528.0
ham_mbv2_pattern_mining,2026-02-07T04:14:43,1,538,90,3,0.87890625,0.37306347489356995,20.5620896,0.07539158899453469,0.07397503999527544,0.0014165489992592484,1,2,0.0017495370120741427,0.0014165489992592484,0.005647966987453401,19267584.0,6422528.0
ham_mbv2_pattern_mining,2026-02-07T04:14:44,1,539,90,4,0.8515625,0.388903945684433,20.5620896,0.07785552984569222,0.07635694986674935,0.001498579978942871,1,2,0.0018747909925878048,0.001498579978942871,0.00576090399408713,19267584.0,6422528.0
ham_mbv2_pattern_mining,2026-02-07T04:14:45,1,540,90,5,1.0,0.11139810085296631,0.1705632,0.128981758170994,0.12654645019210875,0.0024353079788852483,1,2,0.0023557420063298196,0.0024353079788852483,0.010298903012881055,150528.0,50176.0
ham_mbv2_pattern_mining,2026-02-07T04:14:47,2,535,90,0,0.87890625,0.36873236298561096,20.5620896,0.30912017764057964,0.3039455396356061,0.005174638004973531,1,2,0.010953737975796685,0.005174638004973531,0.019440815987763926,19267584.0,6422528.0
ham_mbv2_pattern_mining,2026-02-07T04:14:48,2,536,90,1,0.8125,0.5123394727706909,20.5620896,0.1479287989786826,0.1450727100018412,0.00285608897684142,1,2,0.0034832509991247207,0.00285608897684142,0.011024020001059398,19267584.0,6422528.0
ham_mbv2_pattern_mining,2026-02-07T04:14:48,2,537,90,2,0.83203125,0.4028778076171875,20.5620896,0.0739540551439859,0.07255077012814581,0.0014032850158400834,1,2,0.0017033180047292262,0.0014032850158400834,0.005551759008085355,19267584.0,6422528.0
ham_mbv2_pattern_mining,2026-02-07T04:14:48,2,538,90,3,0.87890625,0.37913310527801514,20.5620896,0.07345386466477066,0.07203593966551125,0.0014179249992594123,1,2,0.0016547339910175651,0.0014179249992594123,0.00554885997553356,19267584.0,6422528.0
ham_mbv2_pattern_mining,2026-02-07T04:14:49,2,539,90,4,0.7890625,0.6028684377670288,20.5620896,0.1280670731794089,0.12560310016851872,0.002463973010890186,1,2,0.0028364919999148697,0.002463973010890186,0.009723818016937003,19267584.0,6422528.0
ham_mbv2_pattern_mining,2026-02-07T04:14:49,2,540,90,5,1.0,0.2743700444698334,0.1705632,0.09395648713689297,0.0924067001324147,0.0015497870044782758,1,2,0.0018678779888432473,0.0015497870044782758,0.0073727920243982226,150528.0,50176.0
ham_mbv2_pattern_mining,2026-02-07T04:14:52,3,535,90,0,0.87109375,0.36392703652381897,20.5620896,0.3850570498034358,0.37899286980973557,0.006064179993700236,1,2,0.012695170007646084,0.006064179993700236,0.025204116973327473,19267584.0,6422528.0
ham_mbv2_pattern_mining,2026-02-07T04:14:52,3,536,90,1,0.86328125,0.3881570100784302,20.5620896,0.07515528763178736,0.07368716964265332,0.0014681179891340435,1,2,0.0017944499850273132,0.0014681179891340435,0.005574266979238018,19267584.0,6422528.0
ham_mbv2_pattern_mining,2026-02-07T04:14:53,3,537,90,2,0.85546875,0.38764816522598267,20.5620896,0.07579280290519819,0.07435865991283208,0.0014341429923661053,1,2,0.0017832290031947196,0.0014341429923661053,0.005652636988088489,19267584.0,6422528.0
ham_mbv2_pattern_mining,2026-02-07T04:14:53,3,538,90,3,0.78125,0.5621499419212341,20.5620896,0.07558678393252194,0.07411155995214358,0.0014752239803783596,1,2,0.0017493740015197545,0.0014752239803783596,0.0056617819936946034,19267584.0,6422528.0
ham_mbv2_pattern_mining,2026-02-07T04:14:54,3,539,90,4,0.90234375,0.3129628300666809,20.5620896,0.07535563118290156,0.0738966601784341,0.0014589710044674575,1,2,0.001755913021042943,0.0014589710044674575,0.005633752996800467,19267584.0,6422528.0
ham_mbv2_pattern_mining,2026-02-07T04:14:54,3,540,90,5,0.5,2.1862688064575195,0.1705632,0.09162312836269848,0.0901030603563413,0.001520068006357178,1,2,0.0017940300167538226,0.001520068006357178,0.007216276018880308,150528.0,50176.0
ham_mbv2_pattern_mining,2026-02-07T04:14:58,4,535,90,0,0.890625,0.3031836748123169,20.5620896,0.46098877911572345,0.4538935801247135,0.0070951989910099655,1,2,0.01344011101173237,0.0070951989910099655,0.03194924700073898,19267584.0,6422528.0
ham_mbv2_pattern_mining,2026-02-07T04:14:58,4,536,90,1,0.7734375,0.6002063751220703,20.5620896,0.0755963230622001,0.07412214006762952,0.001474182994570583,1,2,0.0018404769944027066,0.001474182994570583,0.005571737012360245,19267584.0,6422528.0
ham_mbv2_pattern_mining,2026-02-07T04:14:58,4,537,90,2,0.84375,0.39736923575401306,20.5620896,0.074993284069933,0.0735461400472559,0.0014471440226770937,1,2,0.0017112480127252638,0.0014471440226770937,0.0056433659920003265,19267584.0,6422528.0
ham_mbv2_pattern_mining,2026-02-07T04:14:58,4,538,90,3,0.87109375,0.4083055257797241,20.5620896,0.0747208699467592,0.07326902996283025,0.0014518399839289486,1,2,0.0017618389974813908,0.0014518399839289486,0.005565063998801634,19267584.0,6422528.0
ham_mbv2_pattern_mining,2026-02-07T04:15:00,4,539,90,4,0.828125,0.5097346901893616,20.5620896,0.07782699578092434,0.07633218978298828,0.001494805997936055,1,2,0.0018704589747358114,0.001494805997936055,0.005762760003563017,19267584.0,6422528.0
ham_mbv2_pattern_mining,2026-02-07T04:15:00,4,540,90,5,1.0,0.030523788183927536,0.09028159999999999,0.06185061065480113,0.06063998967874795,0.0012106209760531783,1,2,0.0015016959805507213,0.0012106209760531783,0.004562302987324074,75264.0,25088.0
ham_mbv2_pattern_mining,2026-02-07T04:15:07,0,541,91,0,0.81640625,0.5097688436508179,20.5620896,0.2890099679934792,0.2839558100095019,0.005054157983977348,1,2,0.008773242007009685,0.005054157983977348,0.019622338993940502,19267584.0,6422528.0
ham_mbv2_pattern_mining,2026-02-07T04:15:08,0,542,91,1,0.8046875,0.49162518978118896,20.5620896,0.10179645594325848,0.09980845992686227,0.0019879960163962096,1,2,0.002445848018396646,0.0019879960163962096,0.007534997974289581,19267584.0,6422528.0
ham_mbv2_pattern_mining,2026-02-07T04:15:08,0,543,91,2,0.83984375,0.4458324909210205,20.5620896,0.07524729988654144,0.07384197990177199,0.0014053199847694486,1,2,0.0018123089976143092,0.0014053199847694486,0.00557188899256289,19267584.0,6422528.0
ham_mbv2_pattern_mining,2026-02-07T04:15:08,0,544,91,3,0.8828125,0.3821399211883545,20.5620896,0.0748150989820715,0.07339675998082384,0.0014183390012476593,1,2,0.0017929530004039407,0.0014183390012476593,0.005546722997678444,19267584.0,6422528.0
ham_mbv2_pattern_mining,2026-02-07T04:15:09,0,545,91,4,0.859375,0.46900343894958496,20.5620896,0.07850931087159552,0.07701136986725032,0.0014979410043451935,1,2,0.001941984985023737,0.0014979410043451935,0.005759152001701295,19267584.0,6422528.0
ham_mbv2_pattern_mining,2026-02-07T04:15:09,0,546,91,5,1.0,0.13953085243701935,0.1705632,0.1063821360876318,0.10466197010828182,0.0017201659793499857,1,2,0.0022182950051501393,0.0017201659793499857,0.008247902005678043,150528.0,50176.0
ham_mbv2_pattern_mining,2026-02-07T04:15:12,1,541,91,0,0.859375,0.38040751218795776,20.5620896,0.43043239711550996,0.4228029301157221,0.007629466999787837,1,2,0.013621757010696456,0.007629466999787837,0.028658536000875756,19267584.0,6422528.0
ham_mbv2_pattern_mining,2026-02-07T04:15:12,1,542,91,1,0.84765625,0.41551828384399414,20.5620896,0.12857670805533417,0.12606203003088012,0.0025146780244540423,1,2,0.0028317199903540313,0.0025146780244540423,0.009774483012733981,19267584.0,6422528.0
ham_mbv2_pattern_mining,2026-02-07T04:15:12,1,543,91,2,0.84765625,0.42294156551361084,20.5620896,0.0752506400749553,0.07381194009212777,0.0014386999828275293,1,2,0.0017307689995504916,0.0014386999828275293,0.0056504250096622854,19267584.0,6422528.0
ham_mbv2_pattern_mining,2026-02-07T04:15:13,1,544,91,3,0.8515625,0.4292771518230438,20.5620896,0.07878977290238254,0.07734157989034429,0.0014481930120382458,1,2,0.0017258359875995666,0.0014481930120382458,0.006008322001434863,19267584.0,6422528.0
ham_mbv2_pattern_mining,2026-02-07T04:15:14,1,545,91,4,0.875,0.36246490478515625,20.5620896,0.07808717890293337,0.07665140990866348,0.0014357689942698926,1,2,0.0017454219923820347,0.0014357689942698926,0.0059197189984843135,19267584.0,6422528.0
ham_mbv2_pattern_mining,2026-02-07T04:15:14,1,546,91,5,0.0,5.514334678649902,0.1705632,0.09345275806845166,0.09192177007207647,0.0015309879963751882,1,2,0.0018403029826004058,0.0015309879963751882,0.007351874024607241,150528.0,50176.0
ham_mbv2_pattern_mining,2026-02-07T04:15:17,2,541,91,0,0.91015625,0.31072211265563965,20.5620896,0.36650702299084514,0.3609191899886355,0.005587833002209663,1,2,0.011808426002971828,0.005587833002209663,0.02428349299589172,19267584.0,6422528.0
ham_mbv2_pattern_mining,2026-02-07T04:15:18,2,542,91,1,0.87109375,0.38343286514282227,20.5620896,0.07942092308076099,0.07793880009558052,0.0014821229851804674,1,2,0.002138582000043243,0.0014821229851804674,0.005655298009514809,19267584.0,6422528.0
ham_mbv2_pattern_mining,2026-02-07T04:15:18,2,543,91,2,0.85546875,0.3617969751358032,20.5620896,0.076799625181593,0.07535294018452987,0.0014466849970631301,1,2,0.0018196410092059523,0.0014466849970631301,0.005715653009247035,19267584.0,6422528.0
ham_mbv2_pattern_mining,2026-02-07T04:15:18,2,544,91,3,0.828125,0.4574126899242401,20.5620896,0.07493634958518669,0.07344496960286051,0.0014913799823261797,1,2,0.0017672869726084173,0.0014913799823261797,0.005577209987677634,19267584.0,6422528.0
ham_mbv2_pattern_mining,2026-02-07T04:15:20,2,545,91,4,0.88671875,0.37437236309051514,20.5620896,0.07587948872242123,0.07434474973706529,0.0015347389853559434,1,2,0.0017833889869507402,0.0015347389853559434,0.005651085986755788,19267584.0,6422528.0
ham_mbv2_pattern_mining,2026-02-07T04:15:20,2,546,91,5,0.5,0.6821470260620117,0.1705632,0.09890359704149887,0.09687123005278409,0.0020323669887147844,1,2,0.0024602240009699017,0.0020323669887147844,0.007226899004308507,150528.0,50176.0
ham_mbv2_pattern_mining,2026-02-07T04:15:23,3,541,91,0,0.91015625,0.32300078868865967,20.5620896,0.28188967212918214,0.27736437012208626,0.004525302007095888,1,2,0.010499797004740685,0.004525302007095888,0.01723664000746794,19267584.0,6422528.0
ham_mbv2_pattern_mining,2026-02-07T04:15:23,3,542,91,1,0.8671875,0.3511846959590912,20.5620896,0.08509827987290919,0.08355403988389298,0.001544239989016205,1,2,0.0025107940018642694,0.001544239989016205,0.005844609986525029,19267584.0,6422528.0
ham_mbv2_pattern_mining,2026-02-07T04:15:23,3,543,91,2,0.88671875,0.31893837451934814,20.5620896,0.09104227594798431,0.08926968992454931,0.0017725860234349966,1,2,0.002185655990615487,0.0017725860234349966,0.006741313001839444,19267584.0,6422528.0
ham_mbv2_pattern_mining,2026-02-07T04:15:23,3,544,91,3,0.8359375,0.44781768321990967,20.5620896,0.06700745175476186,0.06570846977410838,0.0012989819806534797,1,2,0.0016660779947414994,0.0012989819806534797,0.004904768982669339,19267584.0,6422528.0
ham_mbv2_pattern_mining,2026-02-07T04:15:24,3,545,91,4,0.8359375,0.4389175772666931,20.5620896,0.07717570214299485,0.07564649014966562,0.001529211993329227,1,2,0.0017868030117824674,0.001529211993329227,0.005777846003184095,19267584.0,6422528.0
ham_mbv2_pattern_mining,2026-02-07T04:15:24,3,546,91,5,0.5,1.2080966234207153,0.1705632,0.09266283788019791,0.09108706988627091,0.001575767993927002,1,2,0.0019177549984306097,0.001575767993927002,0.007190951990196481,150528.0,50176.0
ham_mbv2_pattern_mining,2026-02-07T04:15:28,4,541,91,0,0.859375,0.4316231310367584,20.5620896,0.45094334226450883,0.44279817026108503,0.008145172003423795,1,2,0.014867333025904372,0.008145172003423795,0.02941248400020413,19267584.0,6422528.0
ham_mbv2_pattern_mining,2026-02-07T04:15:28,4,542,91,1,0.8984375,0.36198943853378296,20.5620896,0.07515459207934327,0.07369266008026898,0.0014619319990742952,1,2,0.0018046179902739823,0.0014619319990742952,0.005564648017752916,19267584.0,6422528.0
ham_mbv2_pattern_mining,2026-02-07T04:15:28,4,543,91,2,0.85546875,0.4478619694709778,20.5620896,0.07682987497537397,0.07531798997661099,0.00151188499876298,1,2,0.0017825970135163516,0.00151188499876298,0.005749201984144747,19267584.0,6422528.0
ham_mbv2_pattern_mining,2026-02-07T04:15:28,4,544,91,3,0.796875,0.5317769050598145,20.5620896,0.07701452690525912,0.0754824499017559,0.0015320770035032183,1,2,0.001933586987433955,0.0015320770035032183,0.005614658002741635,19267584.0,6422528.0
ham_mbv2_pattern_mining,2026-02-07T04:15:30,4,545,91,4,0.84375,0.41416117548942566,20.5620896,0.07624307973310351,0.07477850973373279,0.001464569999370724,1,2,0.0018681189976632595,0.001464569999370724,0.0056097319757100195,19267584.0,6422528.0
ham_mbv2_pattern_mining,2026-02-07T04:15:30,4,546,91,5,1.0,0.033597588539123535,0.09028159999999999,0.0846369958599098,0.08313303987961262,0.001503955980297178,1,2,0.001992830977542326,0.001503955980297178,0.006320473010418937,75264.0,25088.0
ham_mbv2_pattern_mining,2026-02-07T04:15:38,0,547,92,0,0.82421875,0.44071900844573975,20.5620896,0.4109220331883989,0.4051377801806666,0.005784253007732332,1,2,0.011341370001900941,0.005784253007732332,0.02917240801616572,19267584.0,6422528.0
ham_mbv2_pattern_mining,2026-02-07T04:15:38,0,548,92,1,0.83984375,0.408435583114624,20.5620896,0.07492195800296031,0.07349555002292618,0.0014264079800341278,1,2,0.0017172310035675764,0.0014264079800341278,0.005632323998725042,19267584.0,6422528.0
ham_mbv2_pattern_mining,2026-02-07T04:15:39,0,549,92,2,0.85546875,0.42399862408638,20.5620896,0.07713000496733002,0.07568358996650204,0.001446415000827983,1,2,0.0018704569956753403,0.001446415000827983,0.005697902000974864,19267584.0,6422528.0
ham_mbv2_pattern_mining,2026-02-07T04:15:39,0,550,92,3,0.80859375,0.504196047782898,20.5620896,0.0754954268631991,0.07406900986097753,0.0014264170022215694,1,2,0.001823095983127132,0.0014264170022215694,0.005583805002970621,19267584.0,6422528.0
ham_mbv2_pattern_mining,2026-02-07T04:15:40,0,551,92,4,0.81640625,0.5107384920120239,20.5620896,0.07530046894680709,0.0738825899315998,0.0014178790152072906,1,2,0.0017991519998759031,0.0014178790152072906,0.0055891069932840765,19267584.0,6422528.0
ham_mbv2_pattern_mining,2026-02-07T04:15:40,0,552,92,5,0.5,1.4807261228561401,0.1705632,0.09092535523814149,0.08943239023210481,0.001492965006036684,1,2,0.0018832310161087662,0.001492965006036684,0.007060008007101715,150528.0,50176.0
ham_mbv2_pattern_mining,2026-02-07T04:15:43,1,547,92,0,0.8984375,0.3077284097671509,20.5620896,0.409849888907047,0.40208919992437586,0.007760688982671127,1,2,0.013225242990301922,0.007760688982671127,0.026983677002135664,19267584.0,6422528.0
ham_mbv2_pattern_mining,2026-02-07T04:15:43,1,548,92,1,0.859375,0.3855251669883728,20.5620896,0.0758277852437459,0.07433692022459581,0.0014908650191500783,1,2,0.0017993280198425055,0.0014908650191500783,0.005634364002617076,19267584.0,6422528.0
ham_mbv2_pattern_mining,2026-02-07T04:15:44,1,549,92,2,0.87109375,0.39657190442085266,20.5620896,0.07713712099939585,0.07569112000055611,0.001446000998839736,1,2,0.0018241640063934028,0.001446000998839736,0.005744947993662208,19267584.0,6422528.0
ham_mbv2_pattern_mining,2026-02-07T04:15:44,1,550,92,3,0.7109375,0.7100303769111633,20.5620896,0.07475230415002443,0.07331916014663875,0.001433144003385678,1,2,0.001724417001241818,0.001433144003385678,0.005607499013422057,19267584.0,6422528.0
ham_mbv2_pattern_mining,2026-02-07T04:15:45,1,551,92,4,0.73828125,0.6361684799194336,20.5620896,0.07530491083161905,0.0738622498465702,0.0014426609850488603,1,2,0.0017746590019669384,0.0014426609850488603,0.005611565982690081,19267584.0,6422528.0
ham_mbv2_pattern_mining,2026-02-07T04:15:45,1,552,92,5,0.5,0.6553321480751038,0.1705632,0.09303805898525752,0.09150111000053585,0.0015369489847216755,1,2,0.0017924080020748079,0.0015369489847216755,0.007357702997978777,150528.0,50176.0
ham_mbv2_pattern_mining,2026-02-07T04:15:48,2,547,92,0,0.83203125,0.46793460845947266,20.5620896,0.45045429706806317,0.444102970068343,0.006351326999720186,1,2,0.012723446998279542,0.006351326999720186,0.03168685000855476,19267584.0,6422528.0
ham_mbv2_pattern_mining,2026-02-07T04:15:48,2,548,92,1,0.7734375,0.5909192562103271,20.5620896,0.09965825395192951,0.09771209995960817,0.0019461539923213422,1,2,0.0023261650057975203,0.0019461539923213422,0.0074450449901632965,19267584.0,6422528.0
ham_mbv2_pattern_mining,2026-02-07T04:15:49,2,549,92,2,0.8828125,0.3749663233757019,20.5620896,0.07549418014241382,0.07405375014059246,0.001440430001821369,1,2,0.001800793019356206,0.001440430001821369,0.0056045819947030395,19267584.0,6422528.0
ham_mbv2_pattern_mining,2026-02-07T04:15:49,2,550,92,3,0.84375,0.40914368629455566,20.5620896,0.0751698421954643,0.07375322020379826,0.0014166219916660339,1,2,0.0017931500042323023,0.0014166219916660339,0.005582172016147524,19267584.0,6422528.0
ham_mbv2_pattern_mining,2026-02-07T04:15:50,2,551,92,4,0.82421875,0.45781028270721436,20.5620896,0.0633626461494714,0.062165220151655376,0.0011974259978160262,1,2,0.0015087880019564182,0.0011974259978160262,0.0047077340132091194,19267584.0,6422528.0
ham_mbv2_pattern_mining,2026-02-07T04:15:50,2,552,92,5,0.5,3.009979248046875,0.1705632,0.06784790987148881,0.0666979598463513,0.0011499500251375139,1,2,0.001312976994086057,0.0011499500251375139,0.005356818990549073,150528.0,50176.0
ham_mbv2_pattern_mining,2026-02-07T04:15:53,3,547,92,0,0.87890625,0.34645015001296997,20.5620896,0.2782164766394999,0.2738121396396309,0.004404336999868974,1,2,0.010013711987994611,0.004404336999868974,0.01736750197596848,19267584.0,6422528.0
ham_mbv2_pattern_mining,2026-02-07T04:15:53,3,548,92,1,0.90234375,0.2982282042503357,20.5620896,0.06953764986246824,0.06818831985583529,0.0013493300066329539,1,2,0.0018365529831498861,0.0013493300066329539,0.004982279002433643,19267584.0,6422528.0
ham_mbv2_pattern_mining,2026-02-07T04:15:54,3,549,92,2,0.88671875,0.3753587007522583,20.5620896,0.05957834795117378,0.05845131992828101,0.0011270280228927732,1,2,0.0014082489942666143,0.0011270280228927732,0.004436882998561487,19267584.0,6422528.0
ham_mbv2_pattern_mining,2026-02-07T04:15:54,3,550,92,3,0.8203125,0.45631012320518494,20.5620896,0.06177434208802879,0.0605850201100111,0.0011893219780176878,1,2,0.001397434010868892,0.0011893219780176878,0.004661068000132218,19267584.0,6422528.0
ham_mbv2_pattern_mining,2026-02-07T04:15:55,3,551,92,4,0.8125,0.49262115359306335,20.5620896,0.10915287409443408,0.10706466011470184,0.002088213979732245,1,2,0.0024497080012224615,0.002088213979732245,0.008256758010247722,19267584.0,6422528.0
ham_mbv2_pattern_mining,2026-02-07T04:15:55,3,552,92,5,0.5,0.7424308657646179,0.1705632,0.07112919489736669,0.06998867989750579,0.0011405149998608977,1,2,0.001466921006795019,0.0011405149998608977,0.00553194698295556,150528.0,50176.0
ham_mbv2_pattern_mining,2026-02-07T04:15:57,4,547,92,0,0.87109375,0.39762768149375916,20.5620896,0.46326434885850176,0.4574832698563114,0.005781079002190381,1,2,0.012540235999040306,0.005781079002190381,0.03320809098659083,19267584.0,6422528.0
ham_mbv2_pattern_mining,2026-02-07T04:15:58,4,548,92,1,0.8828125,0.36545830965042114,20.5620896,0.07940457310178317,0.07790408009896055,0.0015004930028226227,1,2,0.001998279010877013,0.0015004930028226227,0.005792128999019042,19267584.0,6422528.0
ham_mbv2_pattern_mining,2026-02-07T04:15:58,4,549,92,2,0.84375,0.44810327887535095,20.5620896,0.13245464014471509,0.12994170014280826,0.002512940001906827,1,2,0.002975412004161626,0.002512940001906827,0.0100187580101192,19267584.0,6422528.0
ham_mbv2_pattern_mining,2026-02-07T04:15:58,4,550,92,3,0.8046875,0.5507691502571106,20.5620896,0.07650589483091608,0.07501758984290063,0.001488304988015443,1,2,0.0017655139963608235,0.001488304988015443,0.00573624498792924,19267584.0,6422528.0
ham_mbv2_pattern_mining,2026-02-07T04:15:59,4,551,92,4,0.82421875,0.41842496395111084,20.5620896,0.08349305583396927,0.08157782984199002,0.0019152259919792414,1,2,0.0018501179874874651,0.0019152259919792414,0.006307664996711537,19267584.0,6422528.0
ham_mbv2_pattern_mining,2026-02-07T04:15:59,4,552,92,5,0.0,4.429361820220947,0.09028159999999999,0.08450976203312166,0.08299284003442153,0.001516921998700127,1,2,0.0019445020006969571,0.001516921998700127,0.006354782002745196,75264.0,25088.0
ham_mbv2_pattern_mining,2026-02-07T04:16:08,0,553,93,0,0.8359375,0.42995932698249817,20.5620896,0.4538144269899931,0.4461995299789123,0.007614897011080757,1,2,0.011178149987244979,0.007614897011080757,0.033441803010646254,19267584.0,6422528.0
ham_mbv2_pattern_mining,2026-02-07T04:16:08,0,554,93,1,0.83984375,0.4705299437046051,20.5620896,0.07814091525506228,0.07665788027225062,0.0014830349828116596,1,2,0.0018940380250569433,0.0014830349828116596,0.005771750002168119,19267584.0,6422528.0
ham_mbv2_pattern_mining,2026-02-07T04:16:08,0,555,93,2,0.859375,0.3757230043411255,20.5620896,0.07706547307316214,0.07557478005765006,0.001490693015512079,1,2,0.0017962720012292266,0.001490693015512079,0.005761206004535779,19267584.0,6422528.0
ham_mbv2_pattern_mining,2026-02-07T04:16:08,0,556,93,3,0.87109375,0.3705688714981079,20.5620896,0.07979255786631256,0.07827061985153705,0.0015219380147755146,1,2,0.0018885050085373223,0.0015219380147755146,0.005938556976616383,19267584.0,6422528.0
ham_mbv2_pattern_mining,2026-02-07T04:16:10,0,557,93,4,0.75,0.7482256889343262,20.5620896,0.07801364199258387,0.07653086999198422,0.0014827720005996525,1,2,0.001850817003287375,0.0014827720005996525,0.005802269995911047,19267584.0,6422528.0
ham_mbv2_pattern_mining,2026-02-07T04:16:10,0,558,93,5,1.0,0.04657820239663124,0.1705632,0.10071439272724092,0.09913081972626969,0.0015835730009712279,1,2,0.001979001972358674,0.0015835730009712279,0.007934080000268295,150528.0,50176.0
ham_mbv2_pattern_mining,2026-02-07T04:16:13,1,553,93,0,0.8515625,0.41493552923202515,20.5620896,0.4087299489765428,0.4006220999872312,0.008107848989311606,1,2,0.013334777991985902,0.008107848989311606,0.026727432006737217,19267584.0,6422528.0
ham_mbv2_pattern_mining,2026-02-07T04:16:13,1,554,93,1,0.87890625,0.39867693185806274,20.5620896,0.07558564282953739,0.07408671983284876,0.0014989229966886342,1,2,0.0018012179934885353,0.0014989229966886342,0.0056074539897963405,19267584.0,6422528.0
ham_mbv2_pattern_mining,2026-02-07T04:16:13,1,555,93,2,0.83203125,0.43850138783454895,20.5620896,0.1665036469930783,0.16491276997840032,0.0015908770146779716,1,2,0.006027377996360883,0.0015908770146779716,0.010463899001479149,19267584.0,6422528.0
ham_mbv2_pattern_mining,2026-02-07T04:16:13,1,556,93,3,0.796875,0.5296390652656555,20.5620896,0.06274797403602861,0.061552730039693415,0.0011952439963351935,1,2,0.0015512419922742993,0.0011952439963351935,0.004604031011695042,19267584.0,6422528.0
ham_mbv2_pattern_mining,2026-02-07T04:16:15,1,557,93,4,0.8203125,0.5645244121551514,20.5620896,0.0631537091685459,0.061944390181452036,0.0012093189870938659,1,2,0.0015345870051532984,0.0012093189870938659,0.004659852012991905,19267584.0,6422528.0
ham_mbv2_pattern_mining,2026-02-07T04:16:15,1,558,93,5,0.5,0.4958273470401764,0.1705632,0.07968688575783744,0.07843407976906747,0.0012528059887699783,1,2,0.001516655000159517,0.0012528059887699783,0.00632675297674723,150528.0,50176.0
ham_mbv2_pattern_mining,2026-02-07T04:16:18,2,553,93,0,0.8125,0.516277551651001,20.5620896,0.3213105869072024,0.31619232991943136,0.005118256987771019,1,2,0.011268447997281328,0.005118256987771019,0.020350784994661808,19267584.0,6422528.0
ham_mbv2_pattern_mining,2026-02-07T04:16:18,2,554,93,1,0.83203125,0.4322584271430969,20.5620896,0.07716426072875038,0.07567949971416965,0.0014847610145807266,1,2,0.001919083995744586,0.0014847610145807266,0.005648865975672379,19267584.0,6422528.0
ham_mbv2_pattern_mining,2026-02-07T04:16:18,2,555,93,2,0.77734375,0.5389831066131592,20.5620896,0.0788544267998077,0.07736404979368672,0.0014903770061209798,1,2,0.001881785981822759,0.0014903770061209798,0.005854618997545913,19267584.0,6422528.0
ham_mbv2_pattern_mining,2026-02-07T04:16:18,2,556,93,3,0.88671875,0.3741672933101654,20.5620896,0.07445219694636762,0.07302693993551657,0.0014252570108510554,1,2,0.0017502129776403308,0.0014252570108510554,0.005552481015911326,19267584.0,6422528.0
ham_mbv2_pattern_mining,2026-02-07T04:16:20,2,557,93,4,0.79296875,0.4933622479438782,20.5620896,0.0765250232652761,0.07505666028009728,0.0014683629851788282,1,2,0.0018216250173281878,0.0014683629851788282,0.00568404101068154,19267584.0,6422528.0
ham_mbv2_pattern_mining,2026-02-07T04:16:20,2,558,93,5,1.0,0.10967784374952316,0.1705632,0.07221717503853142,0.07102784002199769,0.0011893350165337324,1,2,0.001465515000745654,0.0011893350165337324,0.005637269001454115,150528.0,50176.0
ham_mbv2_pattern_mining,2026-02-07T04:16:22,3,553,93,0,0.8515625,0.382341593503952,20.5620896,0.35614288799115457,0.35116560000460595,0.0049772879865486175,1,2,0.012216886010719463,0.0049772879865486175,0.02289967398974113,19267584.0,6422528.0
ham_mbv2_pattern_mining,2026-02-07T04:16:23,3,554,93,1,0.90234375,0.292067289352417,20.5620896,0.1513208441901952,0.1486406201729551,0.002680224017240107,1,2,0.004523890005657449,0.002680224017240107,0.01034017201163806,19267584.0,6422528.0
ham_mbv2_pattern_mining,2026-02-07T04:16:23,3,555,93,2,0.796875,0.4921395778656006,20.5620896,0.08120624121511355,0.0797086302191019,0.0014976109960116446,1,2,0.002255636005429551,0.0014976109960116446,0.00571522701648064,19267584.0,6422528.0
ham_mbv2_pattern_mining,2026-02-07T04:16:23,3,556,93,3,0.859375,0.3743129372596741,20.5620896,0.062108835933031514,0.0609156399150379,0.001193196017993614,1,2,0.0015427659964188933,0.001193196017993614,0.004548797995084897,19267584.0,6422528.0
ham_mbv2_pattern_mining,2026-02-07T04:16:24,3,557,93,4,0.86328125,0.38592010736465454,20.5620896,0.06001602468313649,0.058848519693128765,0.0011675049900077283,1,2,0.0014490079774986953,0.0011675049900077283,0.004435843991814181,19267584.0,6422528.0
ham_mbv2_pattern_mining,2026-02-07T04:16:24,3,558,93,5,1.0,0.051833897829055786,0.1705632,0.07521354107302614,0.07401053007924929,0.001203010993776843,1,2,0.0015604710206389427,0.001203010993776843,0.0058405819872859865,150528.0,50176.0
ham_mbv2_pattern_mining,2026-02-07T04:16:27,4,553,93,0,0.83984375,0.39775246381759644,20.5620896,0.4392845331458375,0.4294304401264526,0.00985409301938489,1,2,0.016471125010866672,0.00985409301938489,0.026471919001778588,19267584.0,6422528.0
ham_mbv2_pattern_mining,2026-02-07T04:16:28,4,554,93,1,0.88671875,0.3378261923789978,20.5620896,0.06248937302734703,0.06127414002548903,0.001215233001857996,1,2,0.0015014950186014175,0.001215233001857996,0.004625918983947486,19267584.0,6422528.0
ham_mbv2_pattern_mining,2026-02-07T04:16:28,4,555,93,2,0.8359375,0.437914103269577,20.5620896,0.08246015195618384,0.08059490995947272,0.00186524199671112,1,2,0.0019072220020461828,0.00186524199671112,0.006152268993901089,19267584.0,6422528.0
ham_mbv2_pattern_mining,2026-02-07T04:16:28,4,556,93,3,0.87890625,0.3405912518501282,20.5620896,0.059501125710085034,0.05836449970956892,0.0011366260005161166,1,2,0.0014900509850122035,0.0011366260005161166,0.004346398985944688,19267584.0,6422528.0
ham_mbv2_pattern_mining,2026-02-07T04:16:29,4,557,93,4,0.87109375,0.3927689790725708,20.5620896,0.065506236103829,0.06426842010114342,0.0012378160026855767,1,2,0.001601708005182445,0.0012378160026855767,0.004825134004931897,19267584.0,6422528.0
ham_mbv2_pattern_mining,2026-02-07T04:16:29,4,558,93,5,1.0,0.0313807837665081,0.09028159999999999,0.06316651892848313,0.06195127993123606,0.00121523899724707,1,2,0.0015260709915310144,0.00121523899724707,0.004669057001592591,75264.0,25088.0
ham_mbv2_pattern_mining,2026-02-07T04:16:38,0,559,94,0,0.8203125,0.4134766459465027,20.5620896,0.31210569190443493,0.30650481989141554,0.005600872013019398,1,2,0.009335746988654137,0.005600872013019398,0.021314735000487417,19267584.0,6422528.0
ham_mbv2_pattern_mining,2026-02-07T04:16:38,0,560,94,1,0.8203125,0.45460087060928345,20.5620896,0.07566407404374331,0.07414744002744555,0.0015166340162977576,1,2,0.0017770430131349713,0.0015166340162977576,0.005637700989609584,19267584.0,6422528.0
ham_mbv2_pattern_mining,2026-02-07T04:16:38,0,561,94,2,0.8828125,0.3598325848579407,20.5620896,0.08421211020322517,0.08182189019862562,0.0023902200045995414,1,2,0.002436361013678834,0.0023902200045995414,0.005745828006183729,19267584.0,6422528.0
ham_mbv2_pattern_mining,2026-02-07T04:16:38,0,562,94,3,0.86328125,0.36269620060920715,20.5620896,0.07372820065938868,0.0723130296682939,0.001415170991094783,1,2,0.00174746397533454,0.001415170991094783,0.005483838991494849,19267584.0,6422528.0
ham_mbv2_pattern_mining,2026-02-07T04:16:40,0,563,94,4,0.8359375,0.4642239212989807,20.5620896,0.08340521369245835,0.08198399969842285,0.0014212139940354973,1,2,0.002630184986628592,0.0014212139940354973,0.005568214983213693,19267584.0,6422528.0
ham_mbv2_pattern_mining,2026-02-07T04:16:40,0,564,94,5,1.0,0.04828710854053497,0.1705632,0.0922949452069588,0.09086171019589528,0.0014332350110635161,1,2,0.0017464790144003928,0.0014332350110635161,0.007339692005189136,150528.0,50176.0
ham_mbv2_pattern_mining,2026-02-07T04:16:43,1,559,94,0,0.85546875,0.38780003786087036,20.5620896,0.3786470032064244,0.3724326202063821,0.0062143830000422895,1,2,0.012431985000148416,0.0062143830000422895,0.024811277020489797,19267584.0,6422528.0
ham_mbv2_pattern_mining,2026-02-07T04:16:43,1,560,94,1,0.8203125,0.5003790855407715,20.5620896,0.07368704592227004,0.07222710992209613,0.0014599360001739115,1,2,0.0017481679969932884,0.0014599360001739115,0.005474542995216325,19267584.0,6422528.0
ham_mbv2_pattern_mining,2026-02-07T04:16:43,1,561,94,2,0.8203125,0.45378750562667847,20.5620896,0.0729195828025695,0.0715416797902435,0.0013779030123259872,1,2,0.0016624069830868393,0.0013779030123259872,0.005491760995937511,19267584.0,6422528.0
ham_mbv2_pattern_mining,2026-02-07T04:16:43,1,562,94,3,0.81640625,0.4852675497531891,20.5620896,0.07280223260750063,0.07139205961721018,0.001410172990290448,1,2,0.0016656909720040858,0.001410172990290448,0.005473514989716932,19267584.0,6422528.0
ham_mbv2_pattern_mining,2026-02-07T04:16:45,1,563,94,4,0.73828125,0.6333895921707153,20.5620896,0.061590213095769286,0.06041965010808781,0.0011705629876814783,1,2,0.001491553004598245,0.0011705629876814783,0.004550412006210536,19267584.0,6422528.0
ham_mbv2_pattern_mining,2026-02-07T04:16:45,1,564,94,5,0.5,0.891323983669281,0.1705632,0.08771021012216806,0.08630018011899665,0.0014100300031714141,1,2,0.001731399999698624,0.0014100300031714141,0.006898618012201041,150528.0,50176.0
ham_mbv2_pattern_mining,2026-02-07T04:16:48,2,559,94,0,0.83203125,0.40365129709243774,20.5620896,0.4764646490220912,0.46869243000401184,0.0077722190180793405,1,2,0.013817875005770475,0.0077722190180793405,0.03305136799463071,19267584.0,6422528.0
ham_mbv2_pattern_mining,2026-02-07T04:16:48,2,560,94,1,0.82421875,0.5074537992477417,20.5620896,0.07562263114959933,0.07418793014949188,0.0014347010001074523,1,2,0.0017569330229889601,0.0014347010001074523,0.0056618599919602275,19267584.0,6422528.0
ham_mbv2_pattern_mining,2026-02-07T04:16:48,2,561,94,2,0.87109375,0.35568493604660034,20.5620896,0.07454103807685897,0.07310768007300794,0.0014333580038510263,1,2,0.0017216810083482414,0.0014333580038510263,0.005589086998952553,19267584.0,6422528.0
ham_mbv2_pattern_mining,2026-02-07T04:16:48,2,562,94,3,0.796875,0.5545322895050049,20.5620896,0.07337954279500991,0.07195091980975121,0.0014286229852586985,1,2,0.0016868799866642803,0.0014286229852586985,0.005508211994310841,19267584.0,6422528.0
ham_mbv2_pattern_mining,2026-02-07T04:16:50,2,563,94,4,0.77734375,0.6003717184066772,20.5620896,0.07627946609864011,0.07480858010239899,0.0014708859962411225,1,2,0.0018159619939979166,0.0014708859962411225,0.005664896016241983,19267584.0,6422528.0
ham_mbv2_pattern_mining,2026-02-07T04:16:50,2,564,94,5,1.0,0.12891288101673126,0.1705632,0.0913376179523766,0.08980365993920714,0.0015339580131694674,1,2,0.0019121679943054914,0.0015339580131694674,0.007068197999615222,150528.0,50176.0
ham_mbv2_pattern_mining,2026-02-07T04:16:53,3,559,94,0,0.91015625,0.28104788064956665,20.5620896,0.3150717042153701,0.31003655021777377,0.005035153997596353,1,2,0.010778348019812256,0.005035153997596353,0.02022530700196512,19267584.0,6422528.0
ham_mbv2_pattern_mining,2026-02-07T04:16:53,3,560,94,1,0.91015625,0.2733345031738281,20.5620896,0.08175820583710447,0.08021102985367179,0.0015471759834326804,1,2,0.002211218001320958,0.0015471759834326804,0.005809884984046221,19267584.0,6422528.0
ham_mbv2_pattern_mining,2026-02-07T04:16:53,3,561,94,2,0.828125,0.45981189608573914,20.5620896,0.07963536886381917,0.07796725985826924,0.0016681090055499226,1,2,0.002079525002045557,0.0016681090055499226,0.0057172009837813675,19267584.0,6422528.0
ham_mbv2_pattern_mining,2026-02-07T04:16:53,3,562,94,3,0.859375,0.3531556725502014,20.5620896,0.07436889770906419,0.07295020972378552,0.001418687985278666,1,2,0.0017328419780824333,0.001418687985278666,0.005562178994296119,19267584.0,6422528.0
ham_mbv2_pattern_mining,2026-02-07T04:16:54,3,563,94,4,0.87109375,0.331912100315094,20.5620896,0.07689222414046526,0.07541585015133023,0.001476373989135027,1,2,0.0018317710200790316,0.001476373989135027,0.005709813995053992,19267584.0,6422528.0
ham_mbv2_pattern_mining,2026-02-07T04:16:54,3,564,94,5,0.5,0.6677040457725525,0.1705632,0.08858669712208211,0.08709573012311012,0.0014909669989719987,1,2,0.0017239419976249337,0.0014909669989719987,0.006985631014686078,150528.0,50176.0
ham_mbv2_pattern_mining,2026-02-07T04:16:58,4,559,94,0,0.84765625,0.4550761580467224,20.5620896,0.42153570512891747,0.4147603901219554,0.006775315006962046,1,2,0.01393768799607642,0.006775315006962046,0.027538351016119123,19267584.0,6422528.0
ham_mbv2_pattern_mining,2026-02-07T04:16:58,4,560,94,1,0.8828125,0.32153454422950745,20.5620896,0.07452818614547141,0.07305797014851123,0.001470215996960178,1,2,0.0017824300157371908,0.001470215996960178,0.005523366999113932,19267584.0,6422528.0
ham_mbv2_pattern_mining,2026-02-07T04:16:58,4,561,94,2,0.86328125,0.41586676239967346,20.5620896,0.07589292214834131,0.07445618015481159,0.001436741993529722,1,2,0.0017640610167291015,0.001436741993529722,0.0056815569987520576,19267584.0,6422528.0
ham_mbv2_pattern_mining,2026-02-07T04:16:58,4,562,94,3,0.8515625,0.41442760825157166,20.5620896,0.07436807980411686,0.07292131980648264,0.0014467599976342171,1,2,0.0017032850009854883,0.0014467599976342171,0.005588846979662776,19267584.0,6422528.0
ham_mbv2_pattern_mining,2026-02-07T04:17:00,4,563,94,4,0.8515625,0.42589640617370605,20.5620896,0.0757448730582837,0.07426925003528595,0.0014756230229977518,1,2,0.001749184011714533,0.0014756230229977518,0.005677740991814062,19267584.0,6422528.0
ham_mbv2_pattern_mining,2026-02-07T04:17:00,4,564,94,5,1.0,0.02515048161149025,0.09028159999999999,0.08205902081681415,0.08050624979659915,0.0015527710202150047,1,2,0.0018896279798354954,0.0015527710202150047,0.00616099699982442,75264.0,25088.0
ham_mbv2_pattern_mining,2026-02-07T04:17:08,0,565,95,0,0.86328125,0.36946433782577515,20.5620896,0.37303891094052233,0.3658509999513626,0.007187910989159718,1,2,0.010159020981518552,0.007187910989159718,0.02642607901361771,19267584.0,6422528.0
ham_mbv2_pattern_mining,2026-02-07T04:17:08,0,566,95,1,0.80078125,0.6002739071846008,20.5620896,0.08660516407690011,0.08499985007802024,0.0016053139988798648,1,2,0.0023876220220699906,0.0016053139988798648,0.006112362985732034,19267584.0,6422528.0
ham_mbv2_pattern_mining,2026-02-07T04:17:08,0,567,95,2,0.91015625,0.2786961495876312,20.5620896,0.06399060605326667,0.06281209003645927,0.0011785160168074071,1,2,0.00157158198999241,0.0011785160168074071,0.004709627013653517,19267584.0,6422528.0
ham_mbv2_pattern_mining,2026-02-07T04:17:09,0,568,95,3,0.890625,0.32679617404937744,20.5620896,0.06191809105803259,0.06075904006138444,0.0011590509966481477,1,2,0.0014017380017321557,0.0011590509966481477,0.004674166004406288,19267584.0,6422528.0
ham_mbv2_pattern_mining,2026-02-07T04:17:10,0,569,95,4,0.9140625,0.3226954936981201,20.5620896,0.061430520756402984,0.06028363975929096,0.0011468809971120209,1,2,0.0015279259823728353,0.0011468809971120209,0.004500437993556261,19267584.0,6422528.0
ham_mbv2_pattern_mining,2026-02-07T04:17:10,0,570,95,5,0.5,0.9075548648834229,0.1705632,0.0896784538635984,0.08818523987429217,0.0014932139893062413,1,2,0.0017068040033336729,0.0014932139893062413,0.007111719984095544,150528.0,50176.0
ham_mbv2_pattern_mining,2026-02-07T04:17:12,1,565,95,0,0.8515625,0.40667957067489624,20.5620896,0.3087617610290181,0.3037043000222184,0.005057461006799713,1,2,0.01118152099661529,0.005057461006799713,0.019188909005606547,19267584.0,6422528.0
ham_mbv2_pattern_mining,2026-02-07T04:17:13,1,566,95,1,0.8828125,0.3513277471065521,20.5620896,0.0654639846761711,0.06418628967367113,0.0012776950024999678,1,2,0.0016354789840988815,0.0012776950024999678,0.004783149983268231,19267584.0,6422528.0
ham_mbv2_pattern_mining,2026-02-07T04:17:13,1,567,95,2,0.90234375,0.3227510452270508,20.5620896,0.06362670395174064,0.062486359965987504,0.001140343985753134,1,2,0.001744630979374051,0.001140343985753134,0.004504005017224699,19267584.0,6422528.0
ham_mbv2_pattern_mining,2026-02-07T04:17:13,1,568,95,3,0.87109375,0.3585575819015503,20.5620896,0.05531719297869131,0.054257849988061935,0.001059342990629375,1,2,0.0012860739952884614,0.001059342990629375,0.004139711003517732,19267584.0,6422528.0
ham_mbv2_pattern_mining,2026-02-07T04:17:14,1,569,95,4,0.85546875,0.4049164652824402,20.5620896,0.06403646999388002,0.06284055998548865,0.0011959100083913654,1,2,0.001538778014946729,0.0011959100083913654,0.004745277983602136,19267584.0,6422528.0
ham_mbv2_pattern_mining,2026-02-07T04:17:14,1,570,95,5,0.0,4.26785945892334,0.1705632,0.07247603198629804,0.07128302997443825,0.0011930020118597895,1,2,0.0015090399829205126,0.0011930020118597895,0.0056192630145233124,150528.0,50176.0
ham_mbv2_pattern_mining,2026-02-07T04:17:17,2,565,95,0,0.875,0.36848801374435425,20.5620896,0.2970327500370331,0.2924185400479473,0.0046142099890857935,1,2,0.010779075004393235,0.0046142099890857935,0.018462779000401497,19267584.0,6422528.0
ham_mbv2_pattern_mining,2026-02-07T04:17:18,2,566,95,1,0.8671875,0.38265886902809143,20.5620896,0.06823757497477345,0.06675117998383939,0.001486394990934059,1,2,0.0019509279809426516,0.001486394990934059,0.004724190017441288,19267584.0,6422528.0
ham_mbv2_pattern_mining,2026-02-07T04:17:18,2,567,95,2,0.75390625,0.5901495814323425,20.5620896,0.057833076774841174,0.056747429771348834,0.0010856470034923404,1,2,0.0013775589759461582,0.0010856470034923404,0.004297184001188725,19267584.0,6422528.0
ham_mbv2_pattern_mining,2026-02-07T04:17:18,2,568,95,3,0.87890625,0.3622029423713684,20.5620896,0.06105740711791441,0.059874170110560954,0.0011832370073534548,1,2,0.0014898329973220825,0.0011832370073534548,0.004497584013734013,19267584.0,6422528.0
ham_mbv2_pattern_mining,2026-02-07T04:17:19,2,569,95,4,0.8828125,0.31169843673706055,20.5620896,0.059645615896442905,0.058553339913487434,0.0010922759829554707,1,2,0.0014850320003461093,0.0010922759829554707,0.004370301991002634,19267584.0,6422528.0
ham_mbv2_pattern_mining,2026-02-07T04:17:19,2,570,95,5,0.5,1.665671706199646,0.1705632,0.07351379489409737,0.0723578198812902,0.0011559750128071755,1,2,0.001423509995220229,0.0011559750128071755,0.005812271992908791,150528.0,50176.0
ham_mbv2_pattern_mining,2026-02-07T04:17:22,3,565,95,0,0.86328125,0.40418946743011475,20.5620896,0.4428262799337972,0.4353701099171303,0.007456170016666874,1,2,0.01470404799329117,0.007456170016666874,0.028832962998421863,19267584.0,6422528.0
ham_mbv2_pattern_mining,2026-02-07T04:17:23,3,566,95,1,0.84765625,0.4191828668117523,20.5620896,0.0740498888771981,0.07261975988512859,0.0014301289920695126,1,2,0.0017433000029996037,0.0014301289920695126,0.005518675985513255,19267584.0,6422528.0
ham_mbv2_pattern_mining,2026-02-07T04:17:23,3,567,95,2,0.85546875,0.40394407510757446,20.5620896,0.08565082421409898,0.08404089021496475,0.0016099339991342276,1,2,0.0020014700130559504,0.0016099339991342276,0.006402619008440524,19267584.0,6422528.0
ham_mbv2_pattern_mining,2026-02-07T04:17:23,3,568,95,3,0.859375,0.44036155939102173,20.5620896,0.08303352911025286,0.08154189010383561,0.0014916390064172447,1,2,0.00181886600330472,0.0014916390064172447,0.006335323007078841,19267584.0,6422528.0
ham_mbv2_pattern_mining,2026-02-07T04:17:24,3,569,95,4,0.84375,0.40425410866737366,20.5620896,0.07626276306109503,0.07481239008484408,0.0014503729762509465,1,2,0.0018714439938776195,0.0014503729762509465,0.005609795014606789,19267584.0,6422528.0
ham_mbv2_pattern_mining,2026-02-07T04:17:25,3,570,95,5,1.0,0.12139564007520676,0.1705632,0.09180697819101624,0.09030097018694505,0.001506008004071191,1,2,0.0018679090135265142,0.001506008004071191,0.007162188005167991,150528.0,50176.0
ham_mbv2_pattern_mining,2026-02-07T04:17:28,4,565,95,0,0.8671875,0.3777366876602173,20.5620896,0.5234723749745172,0.5128841599798761,0.010588214994641021,1,2,0.01715746000991203,0.010588214994641021,0.034130955988075584,19267584.0,6422528.0
ham_mbv2_pattern_mining,2026-02-07T04:17:28,4,566,95,1,0.88671875,0.34129011631011963,20.5620896,0.07897478906670585,0.07742604007944465,0.001548748987261206,1,2,0.001882925018435344,0.001548748987261206,0.005859678989509121,19267584.0,6422528.0
ham_mbv2_pattern_mining,2026-02-07T04:17:28,4,567,95,2,0.88671875,0.343367338180542,20.5620896,0.07378934012376703,0.07237064011860639,0.0014187000051606447,1,2,0.0016831700049806386,0.0014187000051606447,0.00555389400688,19267584.0,6422528.0
ham_mbv2_pattern_mining,2026-02-07T04:17:28,4,568,95,3,0.828125,0.5007639527320862,20.5620896,0.08404896224965341,0.08251119026681408,0.001537771982839331,1,2,0.0017287520167883486,0.001537771982839331,0.00652236700989306,19267584.0,6422528.0
ham_mbv2_pattern_mining,2026-02-07T04:17:30,4,569,95,4,0.77734375,0.6784486770629883,20.5620896,0.07469408604083583,0.0732517900178209,0.0014422960230149329,1,2,0.001736848003929481,0.0014422960230149329,0.0055883309978526086,19267584.0,6422528.0
ham_mbv2_pattern_mining,2026-02-07T04:17:30,4,570,95,5,1.0,0.028491917997598648,0.09028159999999999,0.08438217098591849,0.08287286997074261,0.001509301015175879,1,2,0.00185118499211967,0.001509301015175879,0.006436102004954591,75264.0,25088.0
ham_mbv2_pattern_mining,2026-02-07T04:17:38,0,571,96,0,0.9296875,0.23929953575134277,20.5620896,0.3152546448400244,0.30871028982801363,0.006544355012010783,1,2,0.010683162981877103,0.006544355012010783,0.02018786600092426,19267584.0,6422528.0
ham_mbv2_pattern_mining,2026-02-07T04:17:38,0,572,96,1,0.89453125,0.3643493056297302,20.5620896,0.07621686911443248,0.07475215010344982,0.0014647190109826624,1,2,0.0019001589971594512,0.0014647190109826624,0.005575056013185531,19267584.0,6422528.0
ham_mbv2_pattern_mining,2026-02-07T04:17:39,0,573,96,2,0.8828125,0.3495522141456604,20.5620896,0.07589833866222762,0.0744838296668604,0.001414508995367214,1,2,0.0017896599892992526,0.001414508995367214,0.0056587229773867875,19267584.0,6422528.0
ham_mbv2_pattern_mining,2026-02-07T04:17:39,0,574,96,3,0.8046875,0.5774765014648438,20.5620896,0.07428298724698834,0.07287908025318757,0.0014039069938007742,1,2,0.0017622110026422888,0.0014039069938007742,0.005525697022676468,19267584.0,6422528.0
ham_mbv2_pattern_mining,2026-02-07T04:17:40,0,575,96,4,0.85546875,0.4285812973976135,20.5620896,0.07565013793646358,0.07423400995321572,0.0014161279832478613,1,2,0.0018204179941676557,0.0014161279832478613,0.005602983001153916,19267584.0,6422528.0
ham_mbv2_pattern_mining,2026-02-07T04:17:40,0,576,96,5,1.0,0.3794957399368286,0.1705632,0.0954931250307709,0.0940089300274849,0.001484195003286004,1,2,0.0018835369846783578,0.001484195003286004,0.0075173560180701315,150528.0,50176.0
ham_mbv2_pattern_mining,2026-02-07T04:17:43,1,571,96,0,0.84375,0.43400850892066956,20.5620896,0.3182164051104337,0.31325601012213156,0.004960394988302141,1,2,0.011016603995813057,0.004960394988302141,0.0203089970164001,19267584.0,6422528.0
ham_mbv2_pattern_mining,2026-02-07T04:17:43,1,572,96,1,0.88671875,0.33591020107269287,20.5620896,0.07661207494675182,0.07513071992434561,0.0014813550224062055,1,2,0.0018608229875098914,0.0014813550224062055,0.00565224900492467,19267584.0,6422528.0
ham_mbv2_pattern_mining,2026-02-07T04:17:43,1,573,96,2,0.86328125,0.41001206636428833,20.5620896,0.07612704890198074,0.07470093987649307,0.0014261090254876763,1,2,0.001818127988371998,0.0014261090254876763,0.005651965999277309,19267584.0,6422528.0
ham_mbv2_pattern_mining,2026-02-07T04:17:43,1,574,96,3,0.828125,0.3962184488773346,20.5620896,0.07453583375900052,0.07309408974833786,0.00144174401066266,1,2,0.0017484229756519198,0.00144174401066266,0.005560985999181867,19267584.0,6422528.0
ham_mbv2_pattern_mining,2026-02-07T04:17:45,1,575,96,4,0.765625,0.6690019965171814,20.5620896,0.07386425507138483,0.07246260007377714,0.001401654997607693,1,2,0.001725647016428411,0.001401654997607693,0.005520612990949303,19267584.0,6422528.0
ham_mbv2_pattern_mining,2026-02-07T04:17:45,1,576,96,5,1.0,0.13035766780376434,0.1705632,0.08869560697348788,0.08723011997062713,0.0014654870028607547,1,2,0.0017438319919165224,0.0014654870028607547,0.0069791800051461905,150528.0,50176.0
ham_mbv2_pattern_mining,2026-02-07T04:17:47,2,571,96,0,0.83203125,0.4918442666530609,20.5620896,0.3035749187693,0.29600947978906333,0.0075654389802366495,1,2,0.012829321989556774,0.0075654389802366495,0.01677162598934956,19267584.0,6422528.0
ham_mbv2_pattern_mining,2026-02-07T04:17:48,2,572,96,1,0.87890625,0.3744093179702759,20.5620896,0.0816049000422936,0.08008670003619045,0.001518200006103143,1,2,0.0022391100064851344,0.001518200006103143,0.005769559997133911,19267584.0,6422528.0
ham_mbv2_pattern_mining,2026-02-07T04:17:48,2,573,96,2,0.859375,0.39675894379615784,20.5620896,0.07568546390393749,0.07422661990858614,0.0014588439953513443,1,2,0.0018043279997073114,0.0014588439953513443,0.005618333991151303,19267584.0,6422528.0
ham_mbv2_pattern_mining,2026-02-07T04:17:48,2,574,96,3,0.84765625,0.4305384159088135,20.5620896,0.07592163581284694,0.07446207979228348,0.0014595560205634683,1,2,0.0018252309819217771,0.0014595560205634683,0.00562097699730657,19267584.0,6422528.0
ham_mbv2_pattern_mining,2026-02-07T04:17:49,2,575,96,4,0.88671875,0.3143271505832672,20.5620896,0.07981674984330311,0.07833688985556364,0.0014798599877394736,1,2,0.001915832981467247,0.0014798599877394736,0.005917856004089117,19267584.0,6422528.0
ham_mbv2_pattern_mining,2026-02-07T04:17:49,2,576,96,5,1.0,0.10521871596574783,0.1705632,0.08700939858681522,0.0854970095679164,0.0015123890188988298,1,2,0.001852239976869896,0.0015123890188988298,0.006697460979921743,150528.0,50176.0
ham_mbv2_pattern_mining,2026-02-07T04:17:52,3,571,96,0,0.890625,0.29046159982681274,20.5620896,0.37227806614828296,0.36587194015737623,0.00640612599090673,1,2,0.012503620004281402,0.00640612599090673,0.02408357401145622,19267584.0,6422528.0
ham_mbv2_pattern_mining,2026-02-07T04:17:53,3,572,96,1,0.91015625,0.27979594469070435,20.5620896,0.06163433883921243,0.060490839823614806,0.0011434990155976266,1,2,0.0014529759937431663,0.0011434990155976266,0.004596107988618314,19267584.0,6422528.0
ham_mbv2_pattern_mining,2026-02-07T04:17:53,3,573,96,2,0.82421875,0.47462198138237,20.5620896,0.05934668271220289,0.058225759712513536,0.0011209229996893555,1,2,0.001377360982587561,0.0011209229996893555,0.004445214988663793,19267584.0,6422528.0
ham_mbv2_pattern_mining,2026-02-07T04:17:53,3,574,96,3,0.8359375,0.38562777638435364,20.5620896,0.06418696267064661,0.06294524966506287,0.0012417130055837333,1,2,0.0014834099856670946,0.0012417130055837333,0.004811114980839193,19267584.0,6422528.0
ham_mbv2_pattern_mining,2026-02-07T04:17:54,3,575,96,4,0.85546875,0.41770046949386597,20.5620896,0.06405059911776334,0.06284583010710776,0.001204769010655582,1,2,0.001580515003297478,0.001204769010655582,0.004704068007413298,19267584.0,6422528.0
ham_mbv2_pattern_mining,2026-02-07T04:17:54,3,576,96,5,0.0,3.824460029602051,0.1705632,0.07408922191825695,0.07295713992789388,0.0011320819903630763,1,2,0.0013710999919567257,0.0011320819903630763,0.005924614000832662,150528.0,50176.0
ham_mbv2_pattern_mining,2026-02-07T04:17:57,4,571,96,0,0.8984375,0.3097255527973175,20.5620896,0.3558594378118869,0.3494734998093918,0.006385938002495095,1,2,0.012855998997110873,0.006385938002495095,0.022091350983828306,19267584.0,6422528.0
ham_mbv2_pattern_mining,2026-02-07T04:17:58,4,572,96,1,0.859375,0.3777185380458832,20.5620896,0.08220624597743154,0.08064577996265143,0.0015604660147801042,1,2,0.0019682619895320386,0.0015604660147801042,0.006096316006733105,19267584.0,6422528.0
ham_mbv2_pattern_mining,2026-02-07T04:17:58,4,573,96,2,0.84375,0.4316568970680237,20.5620896,0.07635414504329674,0.07489604002330452,0.0014581050199922174,1,2,0.0018207610119134188,0.0014581050199922174,0.0056688429904170334,19267584.0,6422528.0
ham_mbv2_pattern_mining,2026-02-07T04:17:58,4,574,96,3,0.82421875,0.5054824352264404,20.5620896,0.07397808114183135,0.07253951014718041,0.001438570994650945,1,2,0.0017097550153266639,0.001438570994650945,0.005544195999391377,19267584.0,6422528.0
ham_mbv2_pattern_mining,2026-02-07T04:17:59,4,575,96,4,0.8203125,0.501875102519989,20.5620896,0.07430455012945458,0.0728512101341039,0.0014533399953506887,1,2,0.0017449909937568009,0.0014533399953506887,0.0055401300196535885,19267584.0,6422528.0
ham_mbv2_pattern_mining,2026-02-07T04:17:59,4,576,96,5,1.0,0.025636514648795128,0.09028159999999999,0.08491344112553634,0.08341069013113156,0.0015027509944047779,1,2,0.0018429130141157657,0.0015027509944047779,0.00649815599899739,75264.0,25088.0
ham_mbv2_pattern_mining,2026-02-07T04:18:07,0,577,97,0,0.84765625,0.43014368414878845,20.5620896,0.34176068447413854,0.3352494604769163,0.00651122399722226,1,2,0.00944781702128239,0.00651122399722226,0.02407712902640924,19267584.0,6422528.0
ham_mbv2_pattern_mining,2026-02-07T04:18:07,0,578,97,1,0.87890625,0.3678867518901825,20.5620896,0.07973072017193772,0.07819520018529147,0.0015355199866462499,1,2,0.0020236370037309825,0.0015355199866462499,0.005795883014798164,19267584.0,6422528.0
ham_mbv2_pattern_mining,2026-02-07T04:18:07,0,579,97,2,0.80859375,0.4746675193309784,20.5620896,0.07891547086182982,0.0774416298372671,0.0014738410245627165,1,2,0.001874137989943847,0.0014738410245627165,0.005870024993782863,19267584.0,6422528.0
ham_mbv2_pattern_mining,2026-02-07T04:18:07,0,580,97,3,0.87109375,0.32566845417022705,20.5620896,0.07783645892050117,0.07636911992449313,0.0014673389960080385,1,2,0.0018263910023961216,0.0014673389960080385,0.005810520990053192,19267584.0,6422528.0
ham_mbv2_pattern_mining,2026-02-07T04:18:09,0,581,97,4,0.859375,0.3595975339412689,20.5620896,0.09253206380526535,0.09078468981897458,0.0017473739862907678,1,2,0.0021514569816645235,0.0017473739862907678,0.006927012000232935,19267584.0,6422528.0
ham_mbv2_pattern_mining,2026-02-07T04:18:09,0,582,97,5,0.0,6.460478782653809,0.1705632,0.096531579940347,0.09501566994003952,0.0015159100003074855,1,2,0.0018335829954594374,0.0015159100003074855,0.007667983998544514,150528.0,50176.0
ham_mbv2_pattern_mining,2026-02-07T04:18:12,1,577,97,0,0.79296875,0.5141518115997314,20.5620896,0.38192048625205643,0.37634796026395634,0.005572525988100097,1,2,0.011449336016084999,0.005572525988100097,0.026185460010310635,19267584.0,6422528.0
ham_mbv2_pattern_mining,2026-02-07T04:18:12,1,578,97,1,0.86328125,0.3846197724342346,20.5620896,0.0890429089195095,0.08731137990253046,0.0017315290169790387,1,2,0.0021525099873542786,0.0017315290169790387,0.006578628002898768,19267584.0,6422528.0
ham_mbv2_pattern_mining,2026-02-07T04:18:12,1,579,97,2,0.828125,0.45546194911003113,20.5620896,0.07620186879648827,0.07476529979612678,0.0014365690003614873,1,2,0.0018386229930911213,0.0014365690003614873,0.005637906986521557,19267584.0,6422528.0
ham_mbv2_pattern_mining,2026-02-07T04:18:12,1,580,97,3,0.8203125,0.483013391494751,20.5620896,0.07494746198062785,0.07351489999564365,0.0014325619849842042,1,2,0.001771709998138249,0.0014325619849842042,0.005579780001426116,19267584.0,6422528.0
ham_mbv2_pattern_mining,2026-02-07T04:18:14,1,581,97,4,0.84375,0.43153780698776245,20.5620896,0.07473839618614875,0.07331382017582655,0.0014245760103221983,1,2,0.0017519410175736994,0.0014245760103221983,0.005579441000008956,19267584.0,6422528.0
ham_mbv2_pattern_mining,2026-02-07T04:18:14,1,582,97,5,1.0,0.09109561145305634,0.1705632,0.09004529129015282,0.08856659027514979,0.0014787010150030255,1,2,0.0017459930095355958,0.0014787010150030255,0.0071106660179793835,150528.0,50176.0
ham_mbv2_pattern_mining,2026-02-07T04:18:17,2,577,97,0,0.8828125,0.33272597193717957,20.5620896,0.29866137105273083,0.2938427700428292,0.004818601009901613,1,2,0.011119528004201129,0.004818601009901613,0.018264749000081792,19267584.0,6422528.0
ham_mbv2_pattern_mining,2026-02-07T04:18:17,2,578,97,1,0.87890625,0.30189982056617737,20.5620896,0.0742123318486847,0.0727573098265566,0.0014550220221281052,1,2,0.001727811002638191,0.0014550220221281052,0.005547919980017468,19267584.0,6422528.0
ham_mbv2_pattern_mining,2026-02-07T04:18:18,2,579,97,2,0.87109375,0.38773149251937866,20.5620896,0.07651819300372154,0.07507066999096423,0.0014475230127573013,1,2,0.0018620789924170822,0.0014475230127573013,0.005644988006679341,19267584.0,6422528.0
ham_mbv2_pattern_mining,2026-02-07T04:18:18,2,580,97,3,0.83203125,0.48372766375541687,20.5620896,0.07293543504783884,0.07150638004532084,0.0014290550025179982,1,2,0.0016811070090625435,0.0014290550025179982,0.00546953099546954,19267584.0,6422528.0
ham_mbv2_pattern_mining,2026-02-07T04:18:20,2,581,97,4,0.80078125,0.5376772880554199,20.5620896,0.06879400176694617,0.06746610975824296,0.001327892008703202,1,2,0.0017253759724553674,0.001327892008703202,0.005021235003368929,19267584.0,6422528.0
ham_mbv2_pattern_mining,2026-02-07T04:18:20,2,582,97,5,1.0,0.15913774073123932,0.1705632,0.07825452703400515,0.0769560900516808,0.001298436982324347,1,2,0.0015007549955043942,0.001298436982324347,0.006194854009663686,150528.0,50176.0
ham_mbv2_pattern_mining,2026-02-07T04:18:22,3,577,97,0,0.875,0.3750578761100769,20.5620896,0.3352009782975074,0.3297209303127602,0.005480047984747216,1,2,0.011099106020992622,0.005480047984747216,0.021872987010283396,19267584.0,6422528.0
ham_mbv2_pattern_mining,2026-02-07T04:18:23,3,578,97,1,0.88671875,0.3272784352302551,20.5620896,0.11140464094933122,0.10945101996185258,0.0019536209874786437,1,2,0.0032312840048689395,0.0019536209874786437,0.0077138179913163185,19267584.0,6422528.0
ham_mbv2_pattern_mining,2026-02-07T04:18:23,3,579,97,2,0.85546875,0.39269739389419556,20.5620896,0.07361970006604679,0.07219891005661339,0.0014207900094334036,1,2,0.0017181579896714538,0.0014207900094334036,0.005501733015989885,19267584.0,6422528.0
ham_mbv2_pattern_mining,2026-02-07T04:18:23,3,580,97,3,0.8828125,0.3648906648159027,20.5620896,0.163626794150332,0.16199708014028147,0.0016297140100505203,1,2,0.005920183000853285,0.0016297140100505203,0.010279525013174862,19267584.0,6422528.0
ham_mbv2_pattern_mining,2026-02-07T04:18:24,3,581,97,4,0.859375,0.36992573738098145,20.5620896,0.11537228684755974,0.11316308984532952,0.002209197002230212,1,2,0.0027691249852068722,0.002209197002230212,0.00854718399932608,19267584.0,6422528.0
ham_mbv2_pattern_mining,2026-02-07T04:18:24,3,582,97,5,0.5,1.4927953481674194,0.1705632,0.08019625389715657,0.07882376987254247,0.0013724840246140957,1,2,0.0016001540061552078,0.0013724840246140957,0.006282222981099039,150528.0,50176.0
ham_mbv2_pattern_mining,2026-02-07T04:18:27,4,577,97,0,0.859375,0.3802676498889923,20.5620896,0.32065922912443057,0.3154504101257771,0.005208818998653442,1,2,0.011225654016016051,0.005208818998653442,0.02031938699656166,19267584.0,6422528.0
ham_mbv2_pattern_mining,2026-02-07T04:18:27,4,578,97,1,0.80859375,0.6105690002441406,20.5620896,0.14257312219706364,0.1397526601795107,0.002820462017552927,1,2,0.0035303790064062923,0.002820462017552927,0.010444887011544779,19267584.0,6422528.0
ham_mbv2_pattern_mining,2026-02-07T04:18:28,4,579,97,2,0.84375,0.47824764251708984,20.5620896,0.07488443015608937,0.07345270016230643,0.0014317299937829375,1,2,0.001759728998877108,0.0014317299937829375,0.005585541017353535,19267584.0,6422528.0
ham_mbv2_pattern_mining,2026-02-07T04:18:28,4,580,97,3,0.8046875,0.5702885389328003,20.5620896,0.0753000287222676,0.0738497797283344,0.0014502489939332008,1,2,0.0017580579733476043,0.0014502489939332008,0.005626919999485835,19267584.0,6422528.0
ham_mbv2_pattern_mining,2026-02-07T04:18:29,4,581,97,4,0.86328125,0.3987668752670288,20.5620896,0.07716871693264693,0.0757066099322401,0.0014621070004068315,1,2,0.0018851920031011105,0.0014621070004068315,0.005685468990122899,19267584.0,6422528.0
ham_mbv2_pattern_mining,2026-02-07T04:18:29,4,582,97,5,0.0,4.728831768035889,0.09028159999999999,0.08115952019579709,0.0796461701975204,0.0015133499982766807,1,2,0.0019038490136153996,0.0015133499982766807,0.006060768006136641,75264.0,25088.0
ham_mbv2_pattern_mining,2026-02-07T04:18:36,0,583,98,0,0.84765625,0.39466914534568787,20.5620896,0.4262071732082404,0.4183184102294035,0.007888762978836894,1,2,0.01079998302157037,0.007888762978836894,0.031031858001369983,19267584.0,6422528.0
ham_mbv2_pattern_mining,2026-02-07T04:18:37,0,584,98,1,0.7890625,0.5150712728500366,20.5620896,0.12842534398077987,0.12583386996993795,0.002591474010841921,1,2,0.00309678100165911,0.002591474010841921,0.009486605995334685,19267584.0,6422528.0
ham_mbv2_pattern_mining,2026-02-07T04:18:37,0,585,98,2,0.87890625,0.30619150400161743,20.5620896,0.08614683483028784,0.08464986982289702,0.001496965007390827,1,2,0.0026174229860771447,0.001496965007390827,0.005847563996212557,19267584.0,6422528.0
ham_mbv2_pattern_mining,2026-02-07T04:18:37,0,586,98,3,0.8515625,0.41206878423690796,20.5620896,0.06536772902472876,0.06415515003027394,0.001212578994454816,1,2,0.0015917540004011244,0.001212578994454816,0.00482376100262627,19267584.0,6422528.0
ham_mbv2_pattern_mining,2026-02-07T04:18:38,0,587,98,4,0.87890625,0.3772454857826233,20.5620896,0.062145707197487354,0.060967540193814784,0.00117816700367257,1,2,0.0015125980135053396,0.00117816700367257,0.004584156005876139,19267584.0,6422528.0
ham_mbv2_pattern_mining,2026-02-07T04:18:38,0,588,98,5,1.0,0.06701252609491348,0.1705632,0.07357771878014319,0.07242334977490827,0.001154369005234912,1,2,0.001439838990336284,0.001154369005234912,0.005802495987154543,150528.0,50176.0
ham_mbv2_pattern_mining,2026-02-07T04:18:41,1,583,98,0,0.890625,0.3778436481952667,20.5620896,0.369567075103987,0.36338753008749336,0.006179545016493648,1,2,0.011946095997700468,0.006179545016493648,0.02439265701104887,19267584.0,6422528.0
ham_mbv2_pattern_mining,2026-02-07T04:18:42,1,584,98,1,0.796875,0.4411607086658478,20.5620896,0.0640845462330617,0.06288204021984711,0.0012025060132145882,1,2,0.001593218999914825,0.0012025060132145882,0.004694985022069886,19267584.0,6422528.0
ham_mbv2_pattern_mining,2026-02-07T04:18:42,1,585,98,2,0.8125,0.46653449535369873,20.5620896,0.060851095186080784,0.05972778017167002,0.001123315014410764,1,2,0.0015315460041165352,0.001123315014410764,0.004441232013050467,19267584.0,6422528.0
ham_mbv2_pattern_mining,2026-02-07T04:18:42,1,586,98,3,0.828125,0.4823804199695587,20.5620896,0.06374591385247186,0.06251933984458447,0.0012265740078873932,1,2,0.0014942300040274858,0.0012265740078873932,0.004757703980430961,19267584.0,6422528.0
ham_mbv2_pattern_mining,2026-02-07T04:18:43,1,587,98,4,0.828125,0.5417701005935669,20.5620896,0.05943679698975757,0.058266429987270385,0.0011703670024871826,1,2,0.001432849996490404,0.0011703670024871826,0.0043937930022366345,19267584.0,6422528.0
ham_mbv2_pattern_mining,2026-02-07T04:18:43,1,588,98,5,0.0,5.372923851013184,0.1705632,0.07128414980252273,0.07012375979684293,0.001160390005679801,1,2,0.0014008749858476222,0.001160390005679801,0.005611500993836671,150528.0,50176.0
ham_mbv2_pattern_mining,2026-02-07T04:18:46,2,583,98,0,0.88671875,0.3326263427734375,20.5620896,0.3171229329891503,0.3120012499857694,0.005121683003380895,1,2,0.010956115991575643,0.005121683003380895,0.020244009007001296,19267584.0,6422528.0
ham_mbv2_pattern_mining,2026-02-07T04:18:46,2,584,98,1,0.8125,0.5597856640815735,20.5620896,0.19718956289580092,0.19332603988004848,0.0038635230157524347,1,2,0.004413415997987613,0.0038635230157524347,0.014919187990017235,19267584.0,6422528.0
ham_mbv2_pattern_mining,2026-02-07T04:18:47,2,585,98,2,0.7890625,0.5779519081115723,20.5620896,0.0794569390709512,0.07793558004777879,0.0015213590231724083,1,2,0.001813718001358211,0.0015213590231724083,0.0059798400034196675,19267584.0,6422528.0
ham_mbv2_pattern_mining,2026-02-07T04:18:47,2,586,98,3,0.83203125,0.44717541337013245,20.5620896,0.07388276007259265,0.07244456006446853,0.001438200008124113,1,2,0.0016656699881423265,0.001438200008124113,0.005578786018304527,19267584.0,6422528.0
ham_mbv2_pattern_mining,2026-02-07T04:18:48,2,587,98,4,0.89453125,0.3002244830131531,20.5620896,0.13030230390722863,0.1277898799162358,0.002512423990992829,1,2,0.002894123987061903,0.002512423990992829,0.009884864004561678,19267584.0,6422528.0
ham_mbv2_pattern_mining,2026-02-07T04:18:48,2,588,98,5,1.0,0.12119190394878387,0.1705632,0.08751614709035493,0.08601278008427471,0.0015033670060802251,1,2,0.001754786993842572,0.0015033670060802251,0.006846491014584899,150528.0,50176.0
ham_mbv2_pattern_mining,2026-02-07T04:18:51,3,583,98,0,0.90625,0.31885474920272827,20.5620896,0.5562478170904797,0.5437626200728118,0.012485197017667815,1,2,0.019828238990157843,0.012485197017667815,0.03454802301712334,19267584.0,6422528.0
ham_mbv2_pattern_mining,2026-02-07T04:18:51,3,584,98,1,0.85546875,0.40060126781463623,20.5620896,0.05990661168470979,0.05873401969438419,0.0011725919903256,1,2,0.0014645829796791077,0.0011725919903256,0.004408818989759311,19267584.0,6422528.0
ham_mbv2_pattern_mining,2026-02-07T04:18:51,3,585,98,2,0.81640625,0.5332183241844177,20.5620896,0.0596503462002147,0.058543610211927444,0.0011067359882872552,1,2,0.0014037740183994174,0.0011067359882872552,0.004450587002793327,19267584.0,6422528.0
ham_mbv2_pattern_mining,2026-02-07T04:18:52,3,586,98,3,0.89453125,0.3210894465446472,20.5620896,0.08370798607938923,0.08212601009290665,0.0015819759864825755,1,2,0.0025948199909180403,0.0015819759864825755,0.005617781018372625,19267584.0,6422528.0
ham_mbv2_pattern_mining,2026-02-07T04:18:53,3,587,98,4,0.90234375,0.3226609230041504,20.5620896,0.07596887889667414,0.07454409991623834,0.0014247789804358035,1,2,0.0017423249955754727,0.0014247789804358035,0.005712084996048361,19267584.0,6422528.0
ham_mbv2_pattern_mining,2026-02-07T04:18:53,3,588,98,5,1.0,0.05695367231965065,0.1705632,0.08712574964738451,0.0856248996569775,0.001500849990407005,1,2,0.0017313009884674102,0.001500849990407005,0.00683118897723034,150528.0,50176.0
ham_mbv2_pattern_mining,2026-02-07T04:18:57,4,583,98,0,0.8984375,0.31616783142089844,20.5620896,0.4140721040603239,0.4079617600655183,0.006110343994805589,1,2,0.012467070017009974,0.006110343994805589,0.02832910598954186,19267584.0,6422528.0
ham_mbv2_pattern_mining,2026-02-07T04:18:57,4,584,98,1,0.80859375,0.49379241466522217,20.5620896,0.07514116007951088,0.07369619008386508,0.0014449699956458062,1,2,0.0017446030105929822,0.0014449699956458062,0.0056250159977935255,19267584.0,6422528.0
ham_mbv2_pattern_mining,2026-02-07T04:18:57,4,585,98,2,0.85546875,0.4048904776573181,20.5620896,0.0734060752147343,0.07197832019301131,0.0014277550217229873,1,2,0.0016797569987829775,0.0014277550217229873,0.005518075020518154,19267584.0,6422528.0
ham_mbv2_pattern_mining,2026-02-07T04:18:57,4,586,98,3,0.85546875,0.38332611322402954,20.5620896,0.07427686706068926,0.07282039005076513,0.0014564770099241287,1,2,0.001707710005575791,0.0014564770099241287,0.005574328999500722,19267584.0,6422528.0
ham_mbv2_pattern_mining,2026-02-07T04:18:59,4,587,98,4,0.890625,0.30912280082702637,20.5620896,0.07765138207469136,0.07615887006977573,0.0014925120049156249,1,2,0.0019392719841562212,0.0014925120049156249,0.005676615022821352,19267584.0,6422528.0
ham_mbv2_pattern_mining,2026-02-07T04:18:59,4,588,98,5,0.0,4.982473850250244,0.09028159999999999,0.08271339276689105,0.08121142978779972,0.0015019629790913314,1,2,0.0019070269772782922,0.0015019629790913314,0.006214116001501679,75264.0,25088.0
ham_mbv2_pattern_mining,2026-02-07T04:19:07,0,589,99,0,0.85546875,0.4111383855342865,20.5620896,0.35391603389871307,0.3474111598916352,0.006504874007077888,1,2,0.009607435000361875,0.006504874007077888,0.025133680988801643,19267584.0,6422528.0
ham_mbv2_pattern_mining,2026-02-07T04:19:07,0,590,99,1,0.8671875,0.3618743419647217,20.5620896,0.0753277410112787,0.07385370001429692,0.0014740409969817847,1,2,0.001818379998439923,0.0014740409969817847,0.005566990002989769,19267584.0,6422528.0
ham_mbv2_pattern_mining,2026-02-07T04:19:07,0,591,99,2,0.875,0.40223169326782227,20.5620896,0.07601483096368611,0.07460841996362433,0.0014064110000617802,1,2,0.0018671049911063164,0.0014064110000617802,0.005593737005256116,19267584.0,6422528.0
ham_mbv2_pattern_mining,2026-02-07T04:19:07,0,592,99,3,0.84765625,0.4289754033088684,20.5620896,0.07421414493001066,0.07279376994119957,0.0014203749888110906,1,2,0.0017232119862455875,0.0014203749888110906,0.00555616500787437,19267584.0,6422528.0
ham_mbv2_pattern_mining,2026-02-07T04:19:09,0,593,99,4,0.87109375,0.35893505811691284,20.5620896,0.07579498604172841,0.07438514003297314,0.0014098460087552667,1,2,0.0017786319949664176,0.0014098460087552667,0.0056598820083308965,19267584.0,6422528.0
ham_mbv2_pattern_mining,2026-02-07T04:19:09,0,594,99,5,1.0,0.06572957336902618,0.1705632,0.09099236072506756,0.0894964297185652,0.00149593100650236,1,2,0.0017730819818098098,0.00149593100650236,0.00717656099004671,150528.0,50176.0
ham_mbv2_pattern_mining,2026-02-07T04:19:12,1,589,99,0,0.8828125,0.33904147148132324,20.5620896,0.3436143160215579,0.3377375900163315,0.005876726005226374,1,2,0.011930158012546599,0.005876726005226374,0.021843600989086553,19267584.0,6422528.0
ham_mbv2_pattern_mining,2026-02-07T04:19:12,1,590,99,1,0.91796875,0.29046332836151123,20.5620896,0.1007038329844363,0.09883368998998776,0.0018701429944485426,1,2,0.002491482999175787,0.0018701429944485426,0.007391885999822989,19267584.0,6422528.0
ham_mbv2_pattern_mining,2026-02-07T04:19:12,1,591,99,2,0.78515625,0.5900787115097046,20.5620896,0.17202379295486026,0.16997444996377453,0.002049342991085723,1,2,0.006234713975572959,0.002049342991085723,0.010762731020804495,19267584.0,6422528.0
ham_mbv2_pattern_mining,2026-02-07T04:19:12,1,592,99,3,0.87109375,0.3901984691619873,20.5620896,0.08434569684322923,0.08273188985185698,0.0016138069913722575,1,2,0.001943003007909283,0.0016138069913722575,0.006330185977276415,19267584.0,6422528.0
ham_mbv2_pattern_mining,2026-02-07T04:19:13,1,593,99,4,0.79296875,0.5844327807426453,20.5620896,0.07561535923741758,0.07418756023980677,0.0014277989976108074,1,2,0.001830230001360178,0.0014277989976108074,0.005588526022620499,19267584.0,6422528.0
ham_mbv2_pattern_mining,2026-02-07T04:19:13,1,594,99,5,1.0,0.1179179921746254,0.1705632,0.08888101880438626,0.08741526980884373,0.0014657489955425262,1,2,0.0017463209806010127,0.0014657489955425262,0.0069952060002833605,150528.0,50176.0
ham_mbv2_pattern_mining,2026-02-07T04:19:16,2,589,99,0,0.92578125,0.27633678913116455,20.5620896,0.31470595987048,0.30957835988374427,0.005127599986735731,1,2,0.010652711003785953,0.005127599986735731,0.020305124984588474,19267584.0,6422528.0
ham_mbv2_pattern_mining,2026-02-07T04:19:17,2,590,99,1,0.83203125,0.47408074140548706,20.5620896,0.19044147431850433,0.18877708032960072,0.001664393988903612,1,2,0.00434057301026769,0.001664393988903612,0.014537135022692382,19267584.0,6422528.0
ham_mbv2_pattern_mining,2026-02-07T04:19:17,2,591,99,2,0.83203125,0.4347324073314667,20.5620896,0.058690954989288,0.057577819970902056,0.0011131350183859468,1,2,0.0014062190020922571,0.0011131350183859468,0.004351562994997948,19267584.0,6422528.0
ham_mbv2_pattern_mining,2026-02-07T04:19:17,2,592,99,3,0.90234375,0.26340609788894653,20.5620896,0.06156671649659984,0.060439990484155715,0.0011267260124441236,1,2,0.0013993700267747045,0.0011267260124441236,0.004644629021640867,19267584.0,6422528.0
ham_mbv2_pattern_mining,2026-02-07T04:19:18,2,593,99,4,0.83984375,0.45590800046920776,20.5620896,0.06474006499047391,0.06356097001116723,0.001179094979306683,1,2,0.001568103994941339,0.001179094979306683,0.004787993006175384,19267584.0,6422528.0
ham_mbv2_pattern_mining,2026-02-07T04:19:18,2,594,99,5,1.0,0.1015603169798851,0.1705632,0.07407577309641056,0.07285616011358798,0.0012196129828225821,1,2,0.0015262470114976168,0.0012196129828225821,0.005759368999861181,150528.0,50176.0
ham_mbv2_pattern_mining,2026-02-07T04:19:21,3,589,99,0,0.875,0.39614337682724,20.5620896,0.35278964083408937,0.34792161983205006,0.004868021002039313,1,2,0.010645828995620832,0.004868021002039313,0.024146332987584174,19267584.0,6422528.0
ham_mbv2_pattern_mining,2026-02-07T04:19:21,3,590,99,1,0.89453125,0.34748709201812744,20.5620896,0.0724738339195028,0.07114459993317723,0.001329233986325562,1,2,0.0017168530030176044,0.001329233986325562,0.005397606990300119,19267584.0,6422528.0
ham_mbv2_pattern_mining,2026-02-07T04:19:21,3,591,99,2,0.83203125,0.42850834131240845,20.5620896,0.060076717869378626,0.058941989846061915,0.0011347280233167112,1,2,0.001413895981386304,0.0011347280233167112,0.004480303003219888,19267584.0,6422528.0
ham_mbv2_pattern_mining,2026-02-07T04:19:21,3,592,99,3,0.90234375,0.31570300459861755,20.5620896,0.05843317194376141,0.05729244992835447,0.0011407220154069364,1,2,0.0014383989910129458,0.0011407220154069364,0.004290846001822501,19267584.0,6422528.0
ham_mbv2_pattern_mining,2026-02-07T04:19:23,3,593,99,4,0.87890625,0.3618181347846985,20.5620896,0.062816272926284,0.061611729906871915,0.0012045430194120854,1,2,0.0015468749916180968,0.0012045430194120854,0.004614297999069095,19267584.0,6422528.0
ham_mbv2_pattern_mining,2026-02-07T04:19:23,3,594,99,5,1.0,0.3346475064754486,0.1705632,0.07149130108882673,0.07032599009107798,0.0011653109977487475,1,2,0.0014443699910771102,0.0011653109977487475,0.005588229018030688,150528.0,50176.0
ham_mbv2_pattern_mining,2026-02-07T04:19:25,4,589,99,0,0.88671875,0.3222219944000244,20.5620896,0.35797198026557453,0.3517666502739303,0.006205329991644248,1,2,0.011439152003731579,0.006205329991644248,0.02373751302366145,19267584.0,6422528.0
ham_mbv2_pattern_mining,2026-02-07T04:19:26,4,590,99,1,0.86328125,0.3597460985183716,20.5620896,0.07861100707668811,0.07698622008319944,0.0016247869934886694,1,2,0.0020566450257319957,0.0016247869934886694,0.0056419769825879484,19267584.0,6422528.0
ham_mbv2_pattern_mining,2026-02-07T04:19:26,4,591,99,2,0.87109375,0.3901187777519226,20.5620896,0.07464245185838081,0.07320062984945253,0.001441822008928284,1,2,0.0017242159810848534,0.001441822008928284,0.005595847003860399,19267584.0,6422528.0
ham_mbv2_pattern_mining,2026-02-07T04:19:26,4,592,99,3,0.875,0.44834616780281067,20.5620896,0.0937486939074006,0.09205493988702074,0.0016937540203798562,1,2,0.0027962650055997074,0.0016937540203798562,0.006409228983102366,19267584.0,6422528.0
ham_mbv2_pattern_mining,2026-02-07T04:19:27,4,593,99,4,0.875,0.4061409533023834,20.5620896,0.07675577825284563,0.07527043024310842,0.0014853480097372085,1,2,0.0018192390270996839,0.0014853480097372085,0.005707803997211158,19267584.0,6422528.0
ham_mbv2_pattern_mining,2026-02-07T04:19:27,4,594,99,5,1.0,0.023098567500710487,0.09028159999999999,0.07780160004040226,0.076279710046947,0.001521889993455261,1,2,0.0018620449991431087,0.001521889993455261,0.0057659260055515915,75264.0,25088.0
ham_mbv2_pattern_mining,2026-02-07T04:19:35,0,595,100,0,0.8359375,0.3968372344970703,20.5620896,0.32286700294935144,0.3167805599514395,0.006086442997911945,1,2,0.010442175989737734,0.006086442997911945,0.021235880005406216,19267584.0,6422528.0
ham_mbv2_pattern_mining,2026-02-07T04:19:35,0,596,100,1,0.85546875,0.3879008889198303,20.5620896,0.07917813301901333,0.0776840400067158,0.001494093012297526,1,2,0.002082297985907644,0.001494093012297526,0.005686106014763936,19267584.0,6422528.0
ham_mbv2_pattern_mining,2026-02-07T04:19:36,0,597,100,2,0.8828125,0.29686230421066284,20.5620896,0.07405448393546976,0.07256893994053826,0.0014855439949315041,1,2,0.0017271499964408576,0.0014855439949315041,0.005529743997612968,19267584.0,6422528.0
ham_mbv2_pattern_mining,2026-02-07T04:19:36,0,598,100,3,0.83203125,0.43854790925979614,20.5620896,0.0739316408871673,0.07251848990563303,0.0014131509815342724,1,2,0.0017210179939866066,0.0014131509815342724,0.005530830996576697,19267584.0,6422528.0
ham_mbv2_pattern_mining,2026-02-07T04:19:37,0,599,100,4,0.89453125,0.30095577239990234,20.5620896,0.06562503593158908,0.06439096992835402,0.001234066003235057,1,2,0.0015903509920462966,0.001234066003235057,0.004848746000789106,19267584.0,6422528.0
ham_mbv2_pattern_mining,2026-02-07T04:19:37,0,600,100,5,1.0,0.288582444190979,0.1705632,0.07226823305245489,0.0710890200571157,0.001179212995339185,1,2,0.0014839420036878437,0.001179212995339185,0.005624960002023727,150528.0,50176.0
ham_mbv2_pattern_mining,2026-02-07T04:19:40,1,595,100,0,0.85546875,0.4255307614803314,20.5620896,0.44217654585372657,0.43399922986282036,0.008177315990906209,1,2,0.014142825995804742,0.008177315990906209,0.029257096990477294,19267584.0,6422528.0
ham_mbv2_pattern_mining,2026-02-07T04:19:40,1,596,100,1,0.8671875,0.3652809262275696,20.5620896,0.07409775996347889,0.07258733996422961,0.0015104199992492795,1,2,0.0017181940202135593,0.0015104199992492795,0.005540539976209402,19267584.0,6422528.0
ham_mbv2_pattern_mining,2026-02-07T04:19:40,1,597,100,2,0.890625,0.3288591504096985,20.5620896,0.10071288904873654,0.0988732700352557,0.0018396190134808421,1,2,0.0022827610082458705,0.0018396190134808421,0.0076045659952796996,19267584.0,6422528.0
ham_mbv2_pattern_mining,2026-02-07T04:19:40,1,598,100,3,0.80078125,0.46687284111976624,20.5620896,0.089864522771677,0.08815594977932051,0.001708572992356494,1,2,0.002531429985538125,0.001708572992356494,0.006284164992393926,19267584.0,6422528.0
ham_mbv2_pattern_mining,2026-02-07T04:19:42,1,599,100,4,0.83203125,0.4564400911331177,20.5620896,0.07607818825636059,0.07464261027052999,0.001435577985830605,1,2,0.001824209000915289,0.001435577985830605,0.00564005202613771,19267584.0,6422528.0
ham_mbv2_pattern_mining,2026-02-07T04:19:42,1,600,100,5,1.0,0.03769388794898987,0.1705632,0.12396806976175867,0.12203181977383792,0.0019362499879207462,1,2,0.0027008079923689365,0.0019362499879207462,0.009502373985014856,150528.0,50176.0
ham_mbv2_pattern_mining,2026-02-07T04:19:45,2,595,100,0,0.93359375,0.2355903834104538,20.5620896,0.4503397009684704,0.4433878499548882,0.0069518510135822,1,2,0.01287336100358516,0.0069518510135822,0.03146542399190366,19267584.0,6422528.0
ham_mbv2_pattern_mining,2026-02-07T04:19:45,2,596,100,1,0.83203125,0.42346620559692383,20.5620896,0.07469339220551774,0.07323615020141006,0.001457242004107684,1,2,0.0017269130039494485,0.001457242004107684,0.005596702016191557,19267584.0,6422528.0
ham_mbv2_pattern_mining,2026-02-07T04:19:45,2,597,100,2,0.89453125,0.3284361660480499,20.5620896,0.08281588778481819,0.08120308979414403,0.001612797990674153,1,2,0.001902643998619169,0.001612797990674153,0.0062176649807952344,19267584.0,6422528.0
ham_mbv2_pattern_mining,2026-02-07T04:19:45,2,598,100,3,0.8828125,0.33246999979019165,20.5620896,0.0746078300580848,0.07317829004023224,0.0014295400178525597,1,2,0.0017593360098544508,0.0014295400178525597,0.005558492994168773,19267584.0,6422528.0
ham_mbv2_pattern_mining,2026-02-07T04:19:46,2,599,100,4,0.828125,0.4086623787879944,20.5620896,0.07619374722708017,0.07473065023077652,0.0014630969963036478,1,2,0.001822195015847683,0.0014630969963036478,0.005650870007229969,19267584.0,6422528.0
ham_mbv2_pattern_mining,2026-02-07T04:19:46,2,600,100,5,1.0,0.04194190353155136,0.1705632,0.09070742098265328,0.08922795997932553,0.0014794610033277422,1,2,0.0018400659901089966,0.0014794610033277422,0.007082730007823557,150528.0,50176.0
ham_mbv2_pattern_mining,2026-02-07T04:19:49,3,595,100,0,0.8984375,0.2844947576522827,20.5620896,0.3221738249703776,0.31678836996434256,0.005385455006035045,1,2,0.01086695000412874,0.005385455006035045,0.020811886992305517,19267584.0,6422528.0
ham_mbv2_pattern_mining,2026-02-07T04:19:50,3,596,100,1,0.86328125,0.3776843547821045,20.5620896,0.08292634913232177,0.08141374011756852,0.0015126090147532523,1,2,0.0019414630078244954,0.0015126090147532523,0.006199911003932357,19267584.0,6422528.0
ham_mbv2_pattern_mining,2026-02-07T04:19:50,3,597,100,2,0.90234375,0.3556613326072693,20.5620896,0.07609498023521155,0.07466324022971094,0.0014317400055006146,1,2,0.0017735120200086385,0.0014317400055006146,0.005692812002962455,19267584.0,6422528.0
ham_mbv2_pattern_mining,2026-02-07T04:19:50,3,598,100,3,0.87890625,0.3378327488899231,20.5620896,0.07412596602807753,0.07269747002283111,0.0014284960052464157,1,2,0.0017086080042645335,0.0014284960052464157,0.005561138998018578,19267584.0,6422528.0
ham_mbv2_pattern_mining,2026-02-07T04:19:52,3,599,100,4,0.8828125,0.30809876322746277,20.5620896,0.07432899420382455,0.07291364017874002,0.0014153540250845253,1,2,0.0017387780244462192,0.0014153540250845253,0.005552585993427783,19267584.0,6422528.0
ham_mbv2_pattern_mining,2026-02-07T04:19:52,3,600,100,5,1.0,0.0856890082359314,0.1705632,0.09292517200810835,0.09138130000792444,0.0015438720001839101,1,2,0.0018157779995817691,0.0015438720001839101,0.007322352001210675,150528.0,50176.0
ham_mbv2_pattern_mining,2026-02-07T04:19:55,4,595,100,0,0.90234375,0.29327940940856934,20.5620896,0.3568378652271349,0.3505160502390936,0.006321814988041297,1,2,0.013534070021705702,0.006321814988041297,0.021517535002203658,19267584.0,6422528.0
ham_mbv2_pattern_mining,2026-02-07T04:19:55,4,596,100,1,0.80859375,0.5784735083580017,20.5620896,0.07489820092450827,0.07345210993662477,0.0014460909878835082,1,2,0.0018054560059681535,0.0014460909878835082,0.005539754987694323,19267584.0,6422528.0
ham_mbv2_pattern_mining,2026-02-07T04:19:55,4,597,100,2,0.82421875,0.5222358703613281,20.5620896,0.07522534381132573,0.073792869807221,0.0014324740041047335,1,2,0.0017646329943090677,0.0014324740041047335,0.005614653986413032,19267584.0,6422528.0
ham_mbv2_pattern_mining,2026-02-07T04:19:56,4,598,100,3,0.8671875,0.3728848099708557,20.5620896,0.0743461697420571,0.07291256973985583,0.001433600002201274,1,2,0.0017563779838383198,0.001433600002201274,0.005534878990147263,19267584.0,6422528.0
ham_mbv2_pattern_mining,2026-02-07T04:19:57,4,599,100,4,0.8515625,0.39430248737335205,20.5620896,0.07720215382869355,0.07574016985017806,0.0014619839785154909,1,2,0.001882346987258643,0.0014619839785154909,0.005691669997759163,19267584.0,6422528.0
ham_mbv2_pattern_mining,2026-02-07T04:19:57,4,600,100,5,0.0,4.264252185821533,0.09028159999999999,0.08265187893994153,0.08114444994134828,0.001507428998593241,1,2,0.001797117991372943,0.001507428998593241,0.0063173270027618855,75264.0,25088.0
