exp_name,timestamp,client_idx,global_round,epoch,batch_idx,acc,loss,comm_time,comp_time,comp_time_client,comp_time_server,cut1,cut2,t_front,t_middle,t_back,smashed1_numel,smashed2_numel
neu_mbv2_pattern_mining,2026-02-08T12:59:13,0,1,1,0,0.125,2.0300748348236084,7.0747808,0.16645515197888017,0.13058331998763606,0.03587183199124411,1,5,0.012389340001391247,0.03587183199124411,0.000668991997372359,4816896.0,4014080.0
neu_mbv2_pattern_mining,2026-02-08T12:59:14,0,2,1,1,0.921875,0.7112462520599365,7.0747808,0.026774069818202406,0.019869929819833487,0.006904139998368919,1,5,0.0017517569940537214,0.006904139998368919,0.0002352359879296273,4816896.0,4014080.0
neu_mbv2_pattern_mining,2026-02-08T12:59:14,0,3,1,2,0.90625,0.29779690504074097,7.0747808,0.027956354984780774,0.021145119972061366,0.006811235012719408,1,5,0.0018630920094437897,0.006811235012719408,0.00025141998776234686,4816896.0,4014080.0
neu_mbv2_pattern_mining,2026-02-08T12:59:14,0,4,1,3,0.921875,0.2583601772785187,7.0747808,0.024669243139214814,0.018210750131402165,0.006458493007812649,1,5,0.001632571016671136,0.006458493007812649,0.00018850399646908045,4816896.0,4014080.0
neu_mbv2_pattern_mining,2026-02-08T12:59:14,0,5,1,4,0.5,1.8912447690963745,0.45154880000000003,0.026846560911508277,0.018696149927563965,0.008150410983944312,1,5,0.001669632998527959,0.008150410983944312,0.00019998199422843754,301056.0,250880.0
neu_mbv2_pattern_mining,2026-02-08T12:59:14,1,1,1,0,0.09375,1.9037519693374634,7.0747808,0.1857585399702657,0.14813529996899888,0.03762324000126682,1,5,0.014075017999857664,0.03762324000126682,0.0007385119970422238,4816896.0,4014080.0
neu_mbv2_pattern_mining,2026-02-08T12:59:15,1,2,1,1,0.90625,0.8015871047973633,7.0747808,0.02536648910609074,0.018555170099716634,0.006811319006374106,1,5,0.0016253300127573311,0.006811319006374106,0.00023018699721433222,4816896.0,4014080.0
neu_mbv2_pattern_mining,2026-02-08T12:59:15,1,3,1,2,0.96875,0.2090703248977661,7.0747808,0.024330265849130228,0.0177715698373504,0.00655869601177983,1,5,0.0015678149939049035,0.00655869601177983,0.0002093419898301363,4816896.0,4014080.0
neu_mbv2_pattern_mining,2026-02-08T12:59:15,1,4,1,3,0.96875,0.11848737299442291,7.0747808,0.025580345012713224,0.018886670004576445,0.006693675008136779,1,5,0.0016809699882287532,0.006693675008136779,0.00020769701222889125,4816896.0,4014080.0
neu_mbv2_pattern_mining,2026-02-08T12:59:15,1,5,1,4,1.0,0.2971231937408447,0.3411616,0.02762415009783581,0.018148290109820664,0.009475859988015145,1,5,0.0016206410073209554,0.009475859988015145,0.000194188003661111,225792.0,188160.0
neu_mbv2_pattern_mining,2026-02-08T12:59:15,2,1,1,0,0.109375,1.9821096658706665,7.0747808,0.12052059487905353,0.09338637988548726,0.027134214993566275,1,5,0.008869992016116157,0.027134214993566275,0.00046864597243256867,4816896.0,4014080.0
neu_mbv2_pattern_mining,2026-02-08T12:59:15,2,2,1,1,0.796875,0.8011996746063232,7.0747808,0.03402844499214552,0.025143329985439777,0.008885115006705746,1,5,0.002261696005007252,0.008885115006705746,0.00025263699353672564,4816896.0,4014080.0
neu_mbv2_pattern_mining,2026-02-08T12:59:15,2,3,1,2,0.859375,0.4355415403842926,7.0747808,0.02818514298996888,0.020275290007703006,0.007909852982265875,1,5,0.001825065992306918,0.007909852982265875,0.00020246300846338272,4816896.0,4014080.0
neu_mbv2_pattern_mining,2026-02-08T12:59:15,2,4,1,3,0.96875,0.15625253319740295,7.0747808,0.029656689759576693,0.021339279774110764,0.008317409985465929,1,5,0.0019223149865865707,0.008317409985465929,0.0002116129908245057,4816896.0,4014080.0
neu_mbv2_pattern_mining,2026-02-08T12:59:16,2,5,1,4,0.6666666666666666,0.49749302864074707,0.3411616,0.036952542286599055,0.02559677028330043,0.011355772003298625,1,5,0.0023064700071699917,0.011355772003298625,0.0002532070211600512,225792.0,188160.0
neu_mbv2_pattern_mining,2026-02-08T12:59:16,3,1,1,0,0.09375,1.9994497299194336,7.0747808,0.23126797206350602,0.1860636900528334,0.045204282010672614,1,5,0.017903560015838593,0.045204282010672614,0.0007028089894447476,4816896.0,4014080.0
neu_mbv2_pattern_mining,2026-02-08T12:59:16,3,2,1,1,0.84375,0.7729921340942383,7.0747808,0.03199359614518471,0.023272540129255503,0.008721056015929207,1,5,0.0020620650029741228,0.008721056015929207,0.0002651890099514276,4816896.0,4014080.0
neu_mbv2_pattern_mining,2026-02-08T12:59:16,3,3,1,2,0.96875,0.21809740364551544,7.0747808,0.03734304805402644,0.026865910040214658,0.010477138013811782,1,5,0.0024098980065900832,0.010477138013811782,0.00027669299743138254,4816896.0,4014080.0
neu_mbv2_pattern_mining,2026-02-08T12:59:16,3,4,1,3,0.921875,0.24926456809043884,7.0747808,0.03505013303947635,0.025178350042551756,0.009871782996924594,1,5,0.002257715997984633,0.009871782996924594,0.00026011900627054274,4816896.0,4014080.0
neu_mbv2_pattern_mining,2026-02-08T12:59:16,3,5,1,4,0.3333333333333333,1.2137242555618286,0.3411616,0.038065936241764575,0.026195570244453847,0.011870365997310728,1,5,0.0023538780224043876,0.011870365997310728,0.00026567900204099715,225792.0,188160.0
neu_mbv2_pattern_mining,2026-02-08T12:59:17,4,1,1,0,0.171875,1.9526777267456055,7.0747808,0.18802411016076803,0.14974220015574247,0.038281910005025566,1,5,0.0143218919984065,0.038281910005025566,0.000652328017167747,4816896.0,4014080.0
neu_mbv2_pattern_mining,2026-02-08T12:59:17,4,2,1,1,0.75,1.0150575637817383,7.0747808,0.0348021287645679,0.025435479765292257,0.00936664899927564,1,5,0.0022529169800691307,0.00936664899927564,0.00029063099646009505,4816896.0,4014080.0
neu_mbv2_pattern_mining,2026-02-08T12:59:17,4,3,1,2,0.828125,0.5200348496437073,7.0747808,0.03784599876962602,0.027211909764446318,0.010634089005179703,1,5,0.002436095994198695,0.010634089005179703,0.000285094982245937,4816896.0,4014080.0
neu_mbv2_pattern_mining,2026-02-08T12:59:17,4,4,1,3,0.984375,0.15061169862747192,7.0747808,0.034900388825917616,0.025064119836315513,0.009836268989602104,1,5,0.002256710984511301,0.009836268989602104,0.00024970099912025034,4816896.0,4014080.0
neu_mbv2_pattern_mining,2026-02-08T12:59:17,4,5,1,4,0.6666666666666666,0.5015043616294861,0.3411616,0.038703819329384714,0.026812900323420763,0.011890919005963951,1,5,0.0024022140132728964,0.011890919005963951,0.0002790760190691799,225792.0,188160.0
neu_mbv2_pattern_mining,2026-02-08T12:59:19,0,6,2,0,0.984375,0.03408175706863403,7.0747808,0.19775739443139173,0.15254474041284993,0.0452126540185418,1,5,0.014580844028387219,0.0452126540185418,0.0006736300128977746,4816896.0,4014080.0
neu_mbv2_pattern_mining,2026-02-08T12:59:19,0,7,2,1,0.765625,1.170143485069275,7.0747808,0.04059725740808062,0.029232400411274284,0.011364856996806338,1,5,0.0026073820190504193,0.011364856996806338,0.0003158580220770091,4816896.0,4014080.0
neu_mbv2_pattern_mining,2026-02-08T12:59:19,0,8,2,2,0.96875,0.10879825055599213,7.0747808,0.029884074057918042,0.021422980062197894,0.008461093995720148,1,5,0.0018843120196834207,0.008461093995720148,0.00025798598653636873,4816896.0,4014080.0
neu_mbv2_pattern_mining,2026-02-08T12:59:19,0,9,2,3,0.921875,0.2181214839220047,7.0747808,0.03574699696036987,0.025835669948719442,0.009911327011650428,1,5,0.002313430974027142,0.009911327011650428,0.00027013602084480226,4816896.0,4014080.0
neu_mbv2_pattern_mining,2026-02-08T12:59:19,0,10,2,4,0.75,0.4370628297328949,0.45154880000000003,0.03447860517189838,0.024875840172171593,0.009602764999726787,1,5,0.0022618150105699897,0.009602764999726787,0.0002257690066471696,301056.0,250880.0
neu_mbv2_pattern_mining,2026-02-08T12:59:20,1,6,2,0,1.0,0.045668281614780426,7.0747808,0.19680494171916507,0.15422460972331464,0.04258033199585043,1,5,0.014667018986074254,0.04258033199585043,0.0007554419862572104,4816896.0,4014080.0
neu_mbv2_pattern_mining,2026-02-08T12:59:20,1,7,2,1,0.96875,0.055126797407865524,7.0747808,0.03830574281164445,0.0276467198273167,0.010659022984327748,1,5,0.002482329000486061,0.010659022984327748,0.00028234298224560916,4816896.0,4014080.0
neu_mbv2_pattern_mining,2026-02-08T12:59:20,1,8,2,2,0.859375,0.5830283761024475,7.0747808,0.03465332937776111,0.024902700388338417,0.009750628989422694,1,5,0.0022520790225826204,0.009750628989422694,0.0002381910162512213,4816896.0,4014080.0
neu_mbv2_pattern_mining,2026-02-08T12:59:20,1,9,2,3,0.734375,1.8150227069854736,7.0747808,0.03000742197036743,0.021654489974025637,0.008352931996341795,1,5,0.0019488559919409454,0.008352931996341795,0.0002165930054616183,4816896.0,4014080.0
neu_mbv2_pattern_mining,2026-02-08T12:59:20,1,10,2,4,0.0,3.2822265625,0.3411616,0.03223224717658013,0.02177795016905293,0.010454297007527202,1,5,0.0019590480078477412,0.010454297007527202,0.00021874700905755162,225792.0,188160.0
neu_mbv2_pattern_mining,2026-02-08T12:59:20,2,6,2,0,0.984375,0.06182745099067688,7.0747808,0.11958241896354593,0.09185447997879237,0.027727938984753564,1,5,0.008618302003014833,0.027727938984753564,0.0005671459948644042,4816896.0,4014080.0
neu_mbv2_pattern_mining,2026-02-08T12:59:20,2,7,2,1,0.875,0.4420449435710907,7.0747808,0.024344227131223306,0.01773738011252135,0.006606847018701956,1,5,0.0015795780054759234,0.006606847018701956,0.00019416000577621162,4816896.0,4014080.0
neu_mbv2_pattern_mining,2026-02-08T12:59:20,2,8,2,2,0.921875,0.20454522967338562,7.0747808,0.028174619015771896,0.020592130022123456,0.00758248899364844,1,5,0.0018530509842094034,0.00758248899364844,0.0002061620180029422,4816896.0,4014080.0
neu_mbv2_pattern_mining,2026-02-08T12:59:20,2,9,2,3,0.890625,0.420787513256073,7.0747808,0.029072894190903753,0.020806770189665258,0.008266124001238495,1,5,0.0018744740227703005,0.008266124001238495,0.00020620299619622529,4816896.0,4014080.0
neu_mbv2_pattern_mining,2026-02-08T12:59:20,2,10,2,4,0.6666666666666666,0.5368548631668091,0.3411616,0.033778818033169955,0.021959400037303567,0.011819417995866388,1,5,0.001968367985682562,0.011819417995866388,0.0002275720180477947,225792.0,188160.0
neu_mbv2_pattern_mining,2026-02-08T12:59:21,3,6,2,0,1.0,0.028448525816202164,7.0747808,0.11701454801368527,0.0915682699996978,0.025446278013987467,1,5,0.008465498016448691,0.025446278013987467,0.000691328983521089,4816896.0,4014080.0
neu_mbv2_pattern_mining,2026-02-08T12:59:21,3,7,2,1,0.9375,0.13822948932647705,7.0747808,0.024202455882914364,0.017648419889155775,0.006554035993758589,1,5,0.001568598992889747,0.006554035993758589,0.0001962429960258305,4816896.0,4014080.0
neu_mbv2_pattern_mining,2026-02-08T12:59:21,3,8,2,2,0.953125,0.12834322452545166,7.0747808,0.023035173071548343,0.01654207007959485,0.006493102991953492,1,5,0.0014822010125499219,0.006493102991953492,0.00017200599540956318,4816896.0,4014080.0
neu_mbv2_pattern_mining,2026-02-08T12:59:21,3,9,2,3,0.875,0.44812512397766113,7.0747808,0.025523762771626934,0.01880682975752279,0.006716933014104143,1,5,0.0016560359799768776,0.006716933014104143,0.0002246469957754016,4816896.0,4014080.0
neu_mbv2_pattern_mining,2026-02-08T12:59:21,3,10,2,4,0.6666666666666666,0.8247942328453064,0.3411616,0.029529028106480837,0.02045188011834398,0.009077147988136858,1,5,0.0017837169871199876,0.009077147988136858,0.0002614710247144103,225792.0,188160.0
neu_mbv2_pattern_mining,2026-02-08T12:59:22,4,6,2,0,0.953125,0.14414510130882263,7.0747808,0.18218066621921025,0.14628799021011218,0.03589267600909807,1,5,0.014042648021131754,0.03589267600909807,0.0005861509998794645,4816896.0,4014080.0
neu_mbv2_pattern_mining,2026-02-08T12:59:22,4,7,2,1,0.609375,2.0286285877227783,7.0747808,0.030945211241487414,0.0224408702342771,0.008504341007210314,1,5,0.0020040850213263184,0.008504341007210314,0.00024000200210139155,4816896.0,4014080.0
neu_mbv2_pattern_mining,2026-02-08T12:59:22,4,8,2,2,0.953125,0.17086252570152283,7.0747808,0.027255036926362664,0.019654149946291,0.007600886980071664,1,5,0.0017693859990686178,0.007600886980071664,0.00019602899556048214,4816896.0,4014080.0
neu_mbv2_pattern_mining,2026-02-08T12:59:22,4,9,2,3,0.9375,0.20204734802246094,7.0747808,0.026931659958790988,0.019461229967419058,0.00747042999137193,1,5,0.0017641559825278819,0.00747042999137193,0.00018196701421402395,4816896.0,4014080.0
neu_mbv2_pattern_mining,2026-02-08T12:59:22,4,10,2,4,0.6666666666666666,1.1167339086532593,0.3411616,0.03196325802127831,0.02212330000475049,0.009839958016527817,1,5,0.0019462060008663684,0.009839958016527817,0.0002661239996086806,225792.0,188160.0
neu_mbv2_pattern_mining,2026-02-08T12:59:24,0,11,3,0,1.0,0.01554319728165865,7.0747808,0.14366097515448928,0.11067122017266229,0.03298975498182699,1,5,0.010419786995043978,0.03298975498182699,0.0006473350222222507,4816896.0,4014080.0
neu_mbv2_pattern_mining,2026-02-08T12:59:24,0,12,3,1,0.9375,0.5015326738357544,7.0747808,0.024801879917504266,0.018215329910162836,0.00658655000734143,1,5,0.0016035099979490042,0.00658655000734143,0.00021802299306727946,4816896.0,4014080.0
neu_mbv2_pattern_mining,2026-02-08T12:59:24,0,13,3,2,0.984375,0.053065039217472076,7.0747808,0.02345020294887945,0.01695379993179813,0.00649640301708132,1,5,0.0015213039878290147,0.00649640301708132,0.00017407600535079837,4816896.0,4014080.0
neu_mbv2_pattern_mining,2026-02-08T12:59:24,0,14,3,3,0.90625,0.20833143591880798,7.0747808,0.027022751950426027,0.019560219952836633,0.0074625319975893945,1,5,0.0017623129824642092,0.0074625319975893945,0.00019370901281945407,4816896.0,4014080.0
neu_mbv2_pattern_mining,2026-02-08T12:59:24,0,15,3,4,0.5,1.6108009815216064,0.45154880000000003,0.03384879112127237,0.02490228012902662,0.008946510992245749,1,5,0.0022914290020707995,0.008946510992245749,0.0001987990108318627,301056.0,250880.0
neu_mbv2_pattern_mining,2026-02-08T12:59:24,1,11,3,0,0.96875,0.07554955780506134,7.0747808,0.182531030732207,0.14520532975438982,0.03732570097781718,1,5,0.01381381499231793,0.03732570097781718,0.0007067179831210524,4816896.0,4014080.0
neu_mbv2_pattern_mining,2026-02-08T12:59:24,1,12,3,1,0.828125,0.6394666433334351,7.0747808,0.03486663781222887,0.025709449837449938,0.009157187974778935,1,5,0.0022775699908379465,0.009157187974778935,0.00029337499290704727,4816896.0,4014080.0
neu_mbv2_pattern_mining,2026-02-08T12:59:24,1,13,3,2,1.0,0.06016933172941208,7.0747808,0.03220879900618456,0.023303240013774484,0.008905558992410079,1,5,0.00208128901431337,0.008905558992410079,0.00024903498706407845,4816896.0,4014080.0
neu_mbv2_pattern_mining,2026-02-08T12:59:25,1,14,3,3,1.0,0.06756383925676346,7.0747808,0.029863317060517147,0.02157028007786721,0.008293036982649937,1,5,0.0019336910045240074,0.008293036982649937,0.00022333700326271355,4816896.0,4014080.0
neu_mbv2_pattern_mining,2026-02-08T12:59:25,1,15,3,4,1.0,0.09551820904016495,0.3411616,0.029989436239702627,0.020313100249040872,0.009676335990661755,1,5,0.0018254780152346939,0.009676335990661755,0.0002058320096693933,225792.0,188160.0
neu_mbv2_pattern_mining,2026-02-08T12:59:25,2,11,3,0,0.984375,0.03181435167789459,7.0747808,0.1658879829919897,0.13092517998302355,0.03496280300896615,1,5,0.012449390982510522,0.03496280300896615,0.0006431270157918334,4816896.0,4014080.0
neu_mbv2_pattern_mining,2026-02-08T12:59:25,2,12,3,1,0.765625,1.0496704578399658,7.0747808,0.03536001709289849,0.025840130110736936,0.009519886982161552,1,5,0.0022965669922996312,0.009519886982161552,0.0002874460187740624,4816896.0,4014080.0
neu_mbv2_pattern_mining,2026-02-08T12:59:25,2,13,3,2,0.96875,0.10099637508392334,7.0747808,0.03155250413692556,0.02276934013934806,0.008783163997577503,1,5,0.0020603550074156374,0.008783163997577503,0.00021657900651916862,4816896.0,4014080.0
neu_mbv2_pattern_mining,2026-02-08T12:59:25,2,14,3,3,0.96875,0.11132989823818207,7.0747808,0.029087740927934647,0.02082588995108381,0.008261850976850837,1,5,0.0018737530044745654,0.008261850976850837,0.00020883599063381553,4816896.0,4014080.0
neu_mbv2_pattern_mining,2026-02-08T12:59:26,2,15,3,4,0.3333333333333333,1.1281548738479614,0.3411616,0.03522916103247553,0.02459679002640769,0.010632371006067842,1,5,0.002179570001317188,0.010632371006067842,0.00028010900132358074,225792.0,188160.0
neu_mbv2_pattern_mining,2026-02-08T12:59:26,3,11,3,0,1.0,0.01795194484293461,7.0747808,0.19760406893328764,0.15080262994160876,0.04680143899167888,1,5,0.014385963993845508,0.04680143899167888,0.0006942990003153682,4816896.0,4014080.0
neu_mbv2_pattern_mining,2026-02-08T12:59:26,3,12,3,1,0.875,0.6737319827079773,7.0747808,0.043688517122063786,0.031742780120112,0.011945737001951784,1,5,0.0028413220134098083,0.011945737001951784,0.0003329559986013919,4816896.0,4014080.0
neu_mbv2_pattern_mining,2026-02-08T12:59:26,3,13,3,2,0.921875,0.22150009870529175,7.0747808,0.03521961788646877,0.025358189886901528,0.00986142799956724,1,5,0.0022704899893142283,0.00986142799956724,0.00026532899937592447,4816896.0,4014080.0
neu_mbv2_pattern_mining,2026-02-08T12:59:26,3,14,3,3,0.953125,0.1516931653022766,7.0747808,0.03323274588910863,0.023931179894134402,0.009301565994974226,1,5,0.002153199980966747,0.009301565994974226,0.00023991800844669342,4816896.0,4014080.0
neu_mbv2_pattern_mining,2026-02-08T12:59:26,3,15,3,4,1.0,0.048910126090049744,0.3411616,0.038141556084156036,0.026343470090068877,0.01179808599408716,1,5,0.0023847949923947453,0.01179808599408716,0.0002495520166121423,225792.0,188160.0
neu_mbv2_pattern_mining,2026-02-08T12:59:27,4,11,3,0,1.0,0.005574967712163925,7.0747808,0.12512823805445805,0.10071458003949374,0.024413658014964312,1,5,0.009494944999460131,0.024413658014964312,0.000576513004489243,4816896.0,4014080.0
neu_mbv2_pattern_mining,2026-02-08T12:59:27,4,12,3,1,0.984375,0.021388115361332893,7.0747808,0.030799668980762362,0.022595729969907552,0.00820393901085481,1,5,0.0019863950146827847,0.00820393901085481,0.0002731779823079705,4816896.0,4014080.0
neu_mbv2_pattern_mining,2026-02-08T12:59:27,4,13,3,2,0.96875,0.1500469148159027,7.0747808,0.030888637847965583,0.02271240984555334,0.008176228002412245,1,5,0.0020054359920322895,0.008176228002412245,0.00026580499252304435,4816896.0,4014080.0
neu_mbv2_pattern_mining,2026-02-08T12:59:27,4,14,3,3,0.9375,0.16698691248893738,7.0747808,0.03093408595304936,0.022417269938159734,0.008516816014889628,1,5,0.001998107007239014,0.008516816014889628,0.0002436199865769595,4816896.0,4014080.0
neu_mbv2_pattern_mining,2026-02-08T12:59:27,4,15,3,4,0.6666666666666666,3.1099767684936523,0.3411616,0.03558228284236975,0.024946559860836715,0.010635722981533036,1,5,0.0022101569920778275,0.010635722981533036,0.000284498994005844,225792.0,188160.0
neu_mbv2_pattern_mining,2026-02-08T12:59:29,0,16,4,0,1.0,0.001768041867762804,7.0747808,0.14209382203989662,0.10809597006300464,0.03399785197689198,1,5,0.010203578014625236,0.03399785197689198,0.0006060189916752279,4816896.0,4014080.0
neu_mbv2_pattern_mining,2026-02-08T12:59:29,0,17,4,1,0.859375,1.1178288459777832,7.0747808,0.035674812068464234,0.026186220056843013,0.009488592011621222,1,5,0.002329567010747269,0.009488592011621222,0.00028905499493703246,4816896.0,4014080.0
neu_mbv2_pattern_mining,2026-02-08T12:59:29,0,18,4,2,0.953125,0.15810206532478333,7.0747808,0.03622678393730894,0.02626967994729057,0.009957103990018368,1,5,0.0023412469890899956,0.009957103990018368,0.00028572100563906133,4816896.0,4014080.0
neu_mbv2_pattern_mining,2026-02-08T12:59:29,0,19,4,3,0.921875,0.4067297577857971,7.0747808,0.037560160213615745,0.02702106023207307,0.010539099981542677,1,5,0.0024404080177191645,0.010539099981542677,0.00026169800548814237,4816896.0,4014080.0
neu_mbv2_pattern_mining,2026-02-08T12:59:29,0,20,4,4,0.75,1.8914270401000977,0.45154880000000003,0.03664317287621088,0.02638412988744676,0.010259042988764122,1,5,0.0023809069825802,0.010259042988764122,0.0002575060061644763,301056.0,250880.0
neu_mbv2_pattern_mining,2026-02-08T12:59:30,1,16,4,0,0.96875,0.1019853726029396,7.0747808,0.11621866375207901,0.09291604976169765,0.02330261399038136,1,5,0.008715428994037211,0.02330261399038136,0.0005761759821325541,4816896.0,4014080.0
neu_mbv2_pattern_mining,2026-02-08T12:59:30,1,17,4,1,0.8125,0.740432858467102,7.0747808,0.030320188059704378,0.022662160045001656,0.007658028014702722,1,5,0.0020359659974928945,0.007658028014702722,0.00023025000700727105,4816896.0,4014080.0
neu_mbv2_pattern_mining,2026-02-08T12:59:30,1,18,4,2,0.96875,0.10818520188331604,7.0747808,0.025636567850597203,0.01845436985604465,0.007182197994552553,1,5,0.00165741698583588,0.007182197994552553,0.00018801999976858497,4816896.0,4014080.0
neu_mbv2_pattern_mining,2026-02-08T12:59:30,1,19,4,3,1.0,0.013281723484396935,7.0747808,0.025766906095668674,0.01857399009168148,0.007192916003987193,1,5,0.0016715280071366578,0.007192916003987193,0.0001858710020314902,4816896.0,4014080.0
neu_mbv2_pattern_mining,2026-02-08T12:59:30,1,20,4,4,1.0,0.08534381538629532,0.3411616,0.027781534794485196,0.01885185978608206,0.008929675008403137,1,5,0.0016924669907893986,0.008929675008403137,0.00019271898781880736,225792.0,188160.0
neu_mbv2_pattern_mining,2026-02-08T12:59:31,2,16,4,0,0.984375,0.04228803515434265,7.0747808,0.11889840997173451,0.09038115997100249,0.02851725000073202,1,5,0.008320421999087557,0.02851725000073202,0.0007176939980126917,4816896.0,4014080.0
neu_mbv2_pattern_mining,2026-02-08T12:59:31,2,17,4,1,0.78125,0.7010565996170044,7.0747808,0.035955367144197226,0.02615063014673069,0.009804736997466534,1,5,0.0023421189980581403,0.009804736997466534,0.00027294401661492884,4816896.0,4014080.0
neu_mbv2_pattern_mining,2026-02-08T12:59:31,2,18,4,2,0.96875,0.05397973209619522,7.0747808,0.031380603613797575,0.022615499619860202,0.008765103993937373,1,5,0.0020246989734005183,0.008765103993937373,0.0002368509885855019,4816896.0,4014080.0
neu_mbv2_pattern_mining,2026-02-08T12:59:31,2,19,4,3,0.984375,0.06628305464982986,7.0747808,0.029391252784989774,0.021102579776197672,0.008288673008792102,1,5,0.0019041629857383668,0.008288673008792102,0.00020609499188140035,4816896.0,4014080.0
neu_mbv2_pattern_mining,2026-02-08T12:59:31,2,20,4,4,0.3333333333333333,4.493488311767578,0.3411616,0.030721536168130115,0.02061491017229855,0.010106625995831564,1,5,0.0018506600172258914,0.010106625995831564,0.0002108310000039637,225792.0,188160.0
neu_mbv2_pattern_mining,2026-02-08T12:59:31,3,16,4,0,1.0,0.0033404233399778605,7.0747808,0.16574736018083058,0.13133596017723903,0.03441140000359155,1,5,0.012632673024199903,0.03441140000359155,0.000500922993524,4816896.0,4014080.0
neu_mbv2_pattern_mining,2026-02-08T12:59:32,3,17,4,1,0.96875,0.07911447435617447,7.0747808,0.02751459283172153,0.02061599981971085,0.006898593012010679,1,5,0.0018152839911635965,0.006898593012010679,0.00024631599080748856,4816896.0,4014080.0
neu_mbv2_pattern_mining,2026-02-08T12:59:32,3,18,4,2,1.0,0.0002442546538077295,7.0747808,0.023583399830386043,0.017038509831763804,0.006544889998622239,1,5,0.0015288479917217046,0.006544889998622239,0.0001750029914546758,4816896.0,4014080.0
neu_mbv2_pattern_mining,2026-02-08T12:59:32,3,19,4,3,0.953125,0.13021889328956604,7.0747808,0.023169949097791687,0.01674869010457769,0.006421258993213996,1,5,0.0014990009949542582,0.006421258993213996,0.00017586801550351083,4816896.0,4014080.0
neu_mbv2_pattern_mining,2026-02-08T12:59:32,3,20,4,4,0.3333333333333333,1.4023154973983765,0.3411616,0.02665555279236287,0.017996459791902453,0.008659093000460416,1,5,0.0015972049732226878,0.008659093000460416,0.00020244100596755743,225792.0,188160.0
neu_mbv2_pattern_mining,2026-02-08T12:59:32,4,16,4,0,1.0,0.015352671965956688,7.0747808,0.15392970273387618,0.12428509973688051,0.029644602996995673,1,5,0.011696879984810948,0.029644602996995673,0.0007316299888771027,4816896.0,4014080.0
neu_mbv2_pattern_mining,2026-02-08T12:59:32,4,17,4,1,0.9375,0.17153151333332062,7.0747808,0.03505873103858903,0.02575666003394872,0.009302071004640311,1,5,0.0023081160034053028,0.009302071004640311,0.0002675499999895692,4816896.0,4014080.0
neu_mbv2_pattern_mining,2026-02-08T12:59:32,4,18,4,2,1.0,0.0056408909149467945,7.0747808,0.024706182011868805,0.017870180017780513,0.006836001994088292,1,5,0.001597825001226738,0.006836001994088292,0.00018919300055131316,4816896.0,4014080.0
neu_mbv2_pattern_mining,2026-02-08T12:59:33,4,19,4,3,0.9375,0.3079914152622223,7.0747808,0.023205091973068193,0.016702529974281788,0.006502561998786405,1,5,0.0015005290042608976,0.006502561998786405,0.00016972399316728115,4816896.0,4014080.0
neu_mbv2_pattern_mining,2026-02-08T12:59:33,4,20,4,4,1.0,0.2641809284687042,0.3411616,0.02578672976233065,0.017876849742606282,0.007909880019724369,1,5,0.0016007189988158643,0.007909880019724369,0.0001869659754447639,225792.0,188160.0
neu_mbv2_pattern_mining,2026-02-08T12:59:34,0,21,5,0,0.96875,0.10620858520269394,7.0747808,0.12586553426808678,0.09768241026904434,0.028183123999042436,1,5,0.00917623401619494,0.028183123999042436,0.0005920070107094944,4816896.0,4014080.0
neu_mbv2_pattern_mining,2026-02-08T12:59:34,0,22,5,1,0.84375,1.4702777862548828,7.0747808,0.042066371883265674,0.031878899899311364,0.01018747198395431,1,5,0.002870024007279426,0.01018747198395431,0.0003178659826517105,4816896.0,4014080.0
neu_mbv2_pattern_mining,2026-02-08T12:59:34,0,23,5,2,1.0,0.010853849351406097,7.0747808,0.038113368093036115,0.027836970111820847,0.010276397981215268,1,5,0.002459365001413971,0.010276397981215268,0.0003243320097681135,4816896.0,4014080.0
neu_mbv2_pattern_mining,2026-02-08T12:59:34,0,24,5,3,0.96875,0.08606034517288208,7.0747808,0.03544389214948751,0.026314080168958753,0.009129811980528757,1,5,0.0022996700135990977,0.009129811980528757,0.0003317380032967776,4816896.0,4014080.0
neu_mbv2_pattern_mining,2026-02-08T12:59:34,0,25,5,4,1.0,0.006004723720252514,0.45154880000000003,0.03783324238611385,0.02791981038171798,0.009913432004395872,1,5,0.0025100700149778277,0.009913432004395872,0.0002819110231939703,301056.0,250880.0
neu_mbv2_pattern_mining,2026-02-08T12:59:35,1,21,5,0,0.984375,0.04881884530186653,7.0747808,0.12417997783632018,0.09904874983476475,0.025131228001555428,1,5,0.009283385996241122,0.025131228001555428,0.0006214889872353524,4816896.0,4014080.0
neu_mbv2_pattern_mining,2026-02-08T12:59:35,1,22,5,1,0.859375,0.9194221496582031,7.0747808,0.03042847994947806,0.022590309963561594,0.007838169985916466,1,5,0.0019805339979939163,0.007838169985916466,0.0002784969983622432,4816896.0,4014080.0
neu_mbv2_pattern_mining,2026-02-08T12:59:35,1,23,5,2,0.953125,0.12467057257890701,7.0747808,0.029545534256612882,0.02144406025763601,0.008101473998976871,1,5,0.0019071860006079078,0.008101473998976871,0.0002372200251556933,4816896.0,4014080.0
neu_mbv2_pattern_mining,2026-02-08T12:59:35,1,24,5,3,0.984375,0.08119117468595505,7.0747808,0.02720324692199938,0.01984856993658468,0.007354676985414699,1,5,0.0017700799799058586,0.007354676985414699,0.0002147770137526095,4816896.0,4014080.0
neu_mbv2_pattern_mining,2026-02-08T12:59:35,1,25,5,4,1.0,0.12865132093429565,0.3411616,0.029854018153855577,0.020928110170643777,0.0089259079832118,1,5,0.001877570990473032,0.0089259079832118,0.00021524002659134567,225792.0,188160.0
neu_mbv2_pattern_mining,2026-02-08T12:59:36,2,21,5,0,1.0,0.0003007913182955235,7.0747808,0.13953285507159308,0.11235765006858855,0.02717520500300452,1,5,0.010662827000487596,0.02717520500300452,0.0005729380063712597,4816896.0,4014080.0
neu_mbv2_pattern_mining,2026-02-08T12:59:36,2,22,5,1,1.0,0.02936246246099472,7.0747808,0.033174404146848246,0.024172190169338137,0.00900221397751011,1,5,0.002155249996576458,0.00900221397751011,0.0002619690203573555,4816896.0,4014080.0
neu_mbv2_pattern_mining,2026-02-08T12:59:36,2,23,5,2,0.96875,0.08724913001060486,7.0747808,0.03394124598708004,0.024543309991713613,0.009397935995366424,1,5,0.0021924489992670715,0.009397935995366424,0.00026188199990428984,4816896.0,4014080.0
neu_mbv2_pattern_mining,2026-02-08T12:59:36,2,24,5,3,0.90625,0.39031270146369934,7.0747808,0.030181133042788133,0.021775710047222674,0.008405422995565459,1,5,0.001956163003342226,0.008405422995565459,0.00022140800138004124,4816896.0,4014080.0
neu_mbv2_pattern_mining,2026-02-08T12:59:36,2,25,5,4,1.0,0.06157112121582031,0.3411616,0.031139599857851863,0.021378049859777093,0.00976154999807477,1,5,0.0019206999859306961,0.00976154999807477,0.00021710500004701316,225792.0,188160.0
neu_mbv2_pattern_mining,2026-02-08T12:59:37,3,21,5,0,1.0,0.0024232808500528336,7.0747808,0.1902570333040785,0.14476632029982284,0.04549071300425567,1,5,0.013457429013215005,0.04549071300425567,0.0010192030167672783,4816896.0,4014080.0
neu_mbv2_pattern_mining,2026-02-08T12:59:37,3,22,5,1,0.9375,0.21695300936698914,7.0747808,0.041316039860248566,0.02984600985655561,0.011470030003692955,1,5,0.0026819089835043997,0.011470030003692955,0.00030269200215116143,4816896.0,4014080.0
neu_mbv2_pattern_mining,2026-02-08T12:59:37,3,23,5,2,1.0,0.004333007615059614,7.0747808,0.03778865802451037,0.027218750037718564,0.010569907986791804,1,5,0.0024591230030637234,0.010569907986791804,0.000262752000708133,4816896.0,4014080.0
neu_mbv2_pattern_mining,2026-02-08T12:59:37,3,24,5,3,0.90625,0.37819379568099976,7.0747808,0.03154057890060358,0.022684719879180193,0.008855859021423385,1,5,0.0020388829871080816,0.008855859021423385,0.00022958900080993772,4816896.0,4014080.0
neu_mbv2_pattern_mining,2026-02-08T12:59:37,3,25,5,4,0.3333333333333333,1.7502617835998535,0.3411616,0.03499311811174266,0.02389077009866014,0.01110234801308252,1,5,0.0021725050173699856,0.01110234801308252,0.00021657199249602854,225792.0,188160.0
neu_mbv2_pattern_mining,2026-02-08T12:59:38,4,21,5,0,1.0,0.0007313559181056917,7.0747808,0.23988312936853617,0.1905821103719063,0.049301018996629864,1,5,0.01825123402522877,0.049301018996629864,0.0008069770119618624,4816896.0,4014080.0
neu_mbv2_pattern_mining,2026-02-08T12:59:38,4,22,5,1,0.90625,0.17286169528961182,7.0747808,0.04460412290063687,0.03217569988919422,0.012428423011442646,1,5,0.002889845985919237,0.012428423011442646,0.0003277240030001849,4816896.0,4014080.0
neu_mbv2_pattern_mining,2026-02-08T12:59:38,4,23,5,2,0.96875,0.0566706545650959,7.0747808,0.03744050901150331,0.02694219001568854,0.01049831899581477,1,5,0.002440796000882983,0.01049831899581477,0.00025342300068587065,4816896.0,4014080.0
neu_mbv2_pattern_mining,2026-02-08T12:59:38,4,24,5,3,0.984375,0.02689923532307148,7.0747808,0.035333134088432416,0.025484790094196796,0.00984834399423562,1,5,0.0022833179973531514,0.00984834399423562,0.0002651610120665282,4816896.0,4014080.0
neu_mbv2_pattern_mining,2026-02-08T12:59:38,4,25,5,4,1.0,0.12354209274053574,0.3411616,0.038597056933213025,0.026591249916236848,0.012005807016976178,1,5,0.0024018000112846494,0.012005807016976178,0.0002573249803390354,225792.0,188160.0
neu_mbv2_pattern_mining,2026-02-08T12:59:39,0,26,6,0,1.0,0.012132320553064346,7.0747808,0.09961546398699284,0.07600673998240381,0.02360872400458902,1,5,0.006995578994974494,0.02360872400458902,0.0006050950032658875,4816896.0,4014080.0
neu_mbv2_pattern_mining,2026-02-08T12:59:39,0,27,6,1,0.9375,0.14246909320354462,7.0747808,0.029315565712749958,0.0222115297219716,0.007104035990778357,1,5,0.00195528197218664,0.007104035990778357,0.0002658710000105202,4816896.0,4014080.0
neu_mbv2_pattern_mining,2026-02-08T12:59:39,0,28,6,2,0.96875,0.06610430032014847,7.0747808,0.031412070064106956,0.0234390000696294,0.007973069994477555,1,5,0.002065954002318904,0.007973069994477555,0.0002779460046440363,4816896.0,4014080.0
neu_mbv2_pattern_mining,2026-02-08T12:59:39,0,29,6,3,0.984375,0.04999188706278801,7.0747808,0.03532401274424046,0.026314119750168175,0.009009892994072288,1,5,0.0023263359908014536,0.009009892994072288,0.00030507598421536386,4816896.0,4014080.0
neu_mbv2_pattern_mining,2026-02-08T12:59:39,0,30,6,4,0.5,4.8835577964782715,0.45154880000000003,0.03402861318318173,0.024962320167105645,0.009066293016076088,1,5,0.002231538004707545,0.009066293016076088,0.00026469401200301945,301056.0,250880.0
neu_mbv2_pattern_mining,2026-02-08T12:59:40,1,26,6,0,1.0,0.0021894860547035933,7.0747808,0.1429686671763193,0.11541350017068908,0.02755516700563021,1,5,0.010937715007457882,0.02755516700563021,0.0006036350096110255,4816896.0,4014080.0
neu_mbv2_pattern_mining,2026-02-08T12:59:40,1,27,6,1,0.890625,0.5726358294487,7.0747808,0.03611307768733241,0.027203659701626748,0.008909417985705659,1,5,0.0024166049843188375,0.008909417985705659,0.00030376098584383726,4816896.0,4014080.0
neu_mbv2_pattern_mining,2026-02-08T12:59:40,1,28,6,2,0.984375,0.012834030203521252,7.0747808,0.03021662510582246,0.021874220110476017,0.008342404995346442,1,5,0.00195734400767833,0.008342404995346442,0.00023007800336927176,4816896.0,4014080.0
neu_mbv2_pattern_mining,2026-02-08T12:59:40,1,29,6,3,0.90625,0.510568380355835,7.0747808,0.027192896173801273,0.01959222019650042,0.0076006759773008525,1,5,0.0017556700040586293,0.0076006759773008525,0.00020355201559141278,4816896.0,4014080.0
neu_mbv2_pattern_mining,2026-02-08T12:59:40,1,30,6,4,0.6666666666666666,1.8460469245910645,0.3411616,0.02794026196352206,0.018722109962254763,0.009218152001267299,1,5,0.001673188991844654,0.009218152001267299,0.00019902200438082218,225792.0,188160.0
neu_mbv2_pattern_mining,2026-02-08T12:59:41,2,26,6,0,0.984375,0.045202888548374176,7.0747808,0.16118574579013512,0.12710594979580492,0.0340797959943302,1,5,0.012083440989954397,0.0340797959943302,0.0006271539896260947,4816896.0,4014080.0
neu_mbv2_pattern_mining,2026-02-08T12:59:41,2,27,6,1,0.921875,0.13667669892311096,7.0747808,0.036550001124851406,0.026170730125159025,0.01037927099969238,1,5,0.002325664012460038,0.01037927099969238,0.00029140900005586445,4816896.0,4014080.0
neu_mbv2_pattern_mining,2026-02-08T12:59:41,2,28,6,2,1.0,0.023932551965117455,7.0747808,0.03301841707434505,0.023740970063954592,0.00927744701039046,1,5,0.002129975997377187,0.00927744701039046,0.00024412100901827216,4816896.0,4014080.0
neu_mbv2_pattern_mining,2026-02-08T12:59:41,2,29,6,3,0.984375,0.14892661571502686,7.0747808,0.030881348910043016,0.022192999895196408,0.008688349014846608,1,5,0.0020063490082975477,0.008688349014846608,0.0002129509812220931,4816896.0,4014080.0
neu_mbv2_pattern_mining,2026-02-08T12:59:41,2,30,6,4,0.6666666666666666,2.077192544937134,0.3411616,0.03413739599636756,0.023651660012546927,0.010485735983820632,1,5,0.0021588050003629178,0.010485735983820632,0.0002063610008917749,225792.0,188160.0
neu_mbv2_pattern_mining,2026-02-08T12:59:42,3,26,6,0,0.984375,0.07190538197755814,7.0747808,0.11812400486087427,0.09369668987346813,0.024427314987406135,1,5,0.008721842983504757,0.024427314987406135,0.0006478260038420558,4816896.0,4014080.0
neu_mbv2_pattern_mining,2026-02-08T12:59:42,3,27,6,1,0.96875,0.09804809093475342,7.0747808,0.03215438668848947,0.02352559968130663,0.008628787007182837,1,5,0.0020860289805568755,0.008628787007182837,0.00026653098757378757,4816896.0,4014080.0
neu_mbv2_pattern_mining,2026-02-08T12:59:42,3,28,6,2,1.0,0.007852856069803238,7.0747808,0.02872286201454699,0.02070941001875326,0.00801345199579373,1,5,0.001847373991040513,0.00801345199579373,0.00022356701083481312,4816896.0,4014080.0
neu_mbv2_pattern_mining,2026-02-08T12:59:42,3,29,6,3,0.921875,0.20039847493171692,7.0747808,0.02599598717642948,0.01871072017820552,0.00728526699822396,1,5,0.0016656120133120567,0.00728526699822396,0.00020546000450849533,4816896.0,4014080.0
neu_mbv2_pattern_mining,2026-02-08T12:59:42,3,30,6,4,0.6666666666666666,0.6704447865486145,0.3411616,0.025992363021941856,0.01783293002517894,0.008159432996762916,1,5,0.0015969240048434585,0.008159432996762916,0.00018636899767443538,225792.0,188160.0
neu_mbv2_pattern_mining,2026-02-08T12:59:43,4,26,6,0,1.0,0.0034460292663425207,7.0747808,0.12540912584518082,0.09902789985062554,0.02638122599455528,1,5,0.009117904992308468,0.02638122599455528,0.0007848849927540869,4816896.0,4014080.0
neu_mbv2_pattern_mining,2026-02-08T12:59:43,4,27,6,1,0.984375,0.03554420918226242,7.0747808,0.03362408489920199,0.025103199877776206,0.008520885021425784,1,5,0.0022100939822848886,0.008520885021425784,0.00030022600549273193,4816896.0,4014080.0
neu_mbv2_pattern_mining,2026-02-08T12:59:43,4,28,6,2,1.0,0.0019453652203083038,7.0747808,0.029517528862925246,0.02116080984706059,0.008356719015864655,1,5,0.0018957379797939211,0.008356719015864655,0.00022034300491213799,4816896.0,4014080.0
neu_mbv2_pattern_mining,2026-02-08T12:59:43,4,29,6,3,0.9375,0.44792017340660095,7.0747808,0.029405438021058217,0.02112499001668766,0.008280448004370555,1,5,0.0018979629967361689,0.008280448004370555,0.00021453600493259728,4816896.0,4014080.0
neu_mbv2_pattern_mining,2026-02-08T12:59:43,4,30,6,4,0.6666666666666666,2.324920177459717,0.3411616,0.033685733389575034,0.02287592040374875,0.010809812985826284,1,5,0.002076888020383194,0.010809812985826284,0.00021070401999168098,225792.0,188160.0
neu_mbv2_pattern_mining,2026-02-08T12:59:44,0,31,7,0,1.0,0.00035086722346022725,7.0747808,0.11026214418234304,0.0844119701650925,0.025850174017250538,1,5,0.007766727008856833,0.025850174017250538,0.0006744700076524168,4816896.0,4014080.0
neu_mbv2_pattern_mining,2026-02-08T12:59:44,0,32,7,1,0.984375,0.02897282876074314,7.0747808,0.028411889739800245,0.021562779729720205,0.0068491100100800395,1,5,0.001896511996164918,0.0068491100100800395,0.00025976597680710256,4816896.0,4014080.0
neu_mbv2_pattern_mining,2026-02-08T12:59:44,0,33,7,2,0.9375,0.14002349972724915,7.0747808,0.028058953932486475,0.0211184099316597,0.006940544000826776,1,5,0.001857736991951242,0.006940544000826776,0.00025410400121472776,4816896.0,4014080.0
neu_mbv2_pattern_mining,2026-02-08T12:59:44,0,34,7,3,0.984375,0.030757281929254532,7.0747808,0.03277727423119359,0.024095490225590765,0.008681784005602822,1,5,0.0021080030128359795,0.008681784005602822,0.0003015460097230971,4816896.0,4014080.0
neu_mbv2_pattern_mining,2026-02-08T12:59:45,0,35,7,4,1.0,0.06871577352285385,0.45154880000000003,0.03717851426335983,0.027177060255780816,0.010001454007579014,1,5,0.0024002499994821846,0.010001454007579014,0.00031745602609589696,301056.0,250880.0
neu_mbv2_pattern_mining,2026-02-08T12:59:45,1,31,7,0,0.96875,0.0705874115228653,7.0747808,0.18059691015514545,0.14116038015345111,0.03943653000169434,1,5,0.013403945020399988,0.03943653000169434,0.0007120929949451238,4816896.0,4014080.0
neu_mbv2_pattern_mining,2026-02-08T12:59:45,1,32,7,1,0.8125,1.0027875900268555,7.0747808,0.039819367171730846,0.029567970195785165,0.010251396975945681,1,5,0.0026238170103169978,0.010251396975945681,0.0003329800092615187,4816896.0,4014080.0
neu_mbv2_pattern_mining,2026-02-08T12:59:45,1,33,7,2,1.0,0.009501064196228981,7.0747808,0.034138654824346304,0.02471305982908234,0.009425594995263964,1,5,0.0022071379935368896,0.009425594995263964,0.00026416798937134445,4816896.0,4014080.0
neu_mbv2_pattern_mining,2026-02-08T12:59:45,1,34,7,3,0.90625,0.24060124158859253,7.0747808,0.030233662197133526,0.021820450201630592,0.008413211995502934,1,5,0.00195585101027973,0.008413211995502934,0.00022619400988332927,4816896.0,4014080.0
neu_mbv2_pattern_mining,2026-02-08T12:59:45,1,35,7,4,1.0,0.10712017863988876,0.3411616,0.03304439198109321,0.022880909964442253,0.01016348201665096,1,5,0.0020818540069740266,0.01016348201665096,0.00020623698947019875,225792.0,188160.0
neu_mbv2_pattern_mining,2026-02-08T12:59:46,2,31,7,0,1.0,0.0006582178175449371,7.0747808,0.12741114807431586,0.10161287005757913,0.02579827801673673,1,5,0.009381241019582376,0.02579827801673673,0.0007800459861755371,4816896.0,4014080.0
neu_mbv2_pattern_mining,2026-02-08T12:59:46,2,32,7,1,1.0,0.0006740680546499789,7.0747808,0.031285339151509106,0.02267777017550543,0.008607568976003677,1,5,0.0019692080095410347,0.008607568976003677,0.00029856900800950825,4816896.0,4014080.0
neu_mbv2_pattern_mining,2026-02-08T12:59:46,2,33,7,2,1.0,0.017199914902448654,7.0747808,0.03153230590396561,0.023705849889665842,0.007826456014299765,1,5,0.002103973994962871,0.007826456014299765,0.00026661099400371313,4816896.0,4014080.0
neu_mbv2_pattern_mining,2026-02-08T12:59:46,2,34,7,3,0.859375,1.1927134990692139,7.0747808,0.02796979880076833,0.020317949820309877,0.007651848980458453,1,5,0.0018164439825341105,0.007651848980458453,0.0002153509994968772,4816896.0,4014080.0
neu_mbv2_pattern_mining,2026-02-08T12:59:46,2,35,7,4,0.3333333333333333,5.6658782958984375,0.3411616,0.030612428206950426,0.02088477020151913,0.009727658005431294,1,5,0.001862025004811585,0.009727658005431294,0.00022645201534032822,225792.0,188160.0
neu_mbv2_pattern_mining,2026-02-08T12:59:47,3,31,7,0,1.0,0.0003202599473297596,7.0747808,0.13049645509454422,0.10543317010160536,0.02506328499293886,1,5,0.009877075994154438,0.02506328499293886,0.0006662410160060972,4816896.0,4014080.0
neu_mbv2_pattern_mining,2026-02-08T12:59:47,3,32,7,1,0.984375,0.01614227518439293,7.0747808,0.0322502268536482,0.024212609860114753,0.008037616993533447,1,5,0.002117033989634365,0.008037616993533447,0.0003042269963771105,4816896.0,4014080.0
neu_mbv2_pattern_mining,2026-02-08T12:59:47,3,33,7,2,1.0,0.02016328275203705,7.0747808,0.029742304905084893,0.02228322991868481,0.007459074986400083,1,5,0.0019558639905881137,0.007459074986400083,0.0002724590012803674,4816896.0,4014080.0
neu_mbv2_pattern_mining,2026-02-08T12:59:47,3,34,7,3,1.0,0.01142563670873642,7.0747808,0.029666098940651864,0.022048389946576208,0.007617708994075656,1,5,0.0019320989958941936,0.007617708994075656,0.00027273999876342714,4816896.0,4014080.0
neu_mbv2_pattern_mining,2026-02-08T12:59:47,3,35,7,4,1.0,0.034775763750076294,0.3411616,0.031037199107231572,0.0213643501047045,0.009672849002527073,1,5,0.0019174499902874231,0.009672849002527073,0.0002189850201830268,225792.0,188160.0
neu_mbv2_pattern_mining,2026-02-08T12:59:48,4,31,7,0,1.0,0.0014708302915096283,7.0747808,0.12631150227389298,0.10228431026916951,0.024027192004723474,1,5,0.009595921001164243,0.024027192004723474,0.0006325100257527083,4816896.0,4014080.0
neu_mbv2_pattern_mining,2026-02-08T12:59:48,4,32,7,1,0.921875,0.23430700600147247,7.0747808,0.029689830058487132,0.02186733006965369,0.007822499988833442,1,5,0.0019488749967422336,0.007822499988833442,0.00023785801022313535,4816896.0,4014080.0
neu_mbv2_pattern_mining,2026-02-08T12:59:48,4,33,7,2,1.0,0.00010514601308386773,7.0747808,0.027902725792955607,0.02017459977651015,0.007728126016445458,1,5,0.001792221999494359,0.007728126016445458,0.00022523797815665603,4816896.0,4014080.0
neu_mbv2_pattern_mining,2026-02-08T12:59:48,4,34,7,3,0.953125,0.1514599621295929,7.0747808,0.026588066015392542,0.019253380014561117,0.007334686000831425,1,5,0.0017300769977737218,0.007334686000831425,0.00019526100368238986,4816896.0,4014080.0
neu_mbv2_pattern_mining,2026-02-08T12:59:48,4,35,7,4,0.6666666666666666,2.2920026779174805,0.3411616,0.027425425039837137,0.018806970037985593,0.008618455001851544,1,5,0.0016902149945963174,0.008618455001851544,0.0001904820092022419,225792.0,188160.0
neu_mbv2_pattern_mining,2026-02-08T12:59:50,0,36,8,0,0.984375,0.02064128965139389,7.0747808,0.18005956217530183,0.1409292101743631,0.03913035200093873,1,5,0.01339068601373583,0.03913035200093873,0.0007022350037004799,4816896.0,4014080.0
neu_mbv2_pattern_mining,2026-02-08T12:59:50,0,37,8,1,0.984375,0.0912458598613739,7.0747808,0.038133883208502084,0.028418660222087055,0.009715222986415029,1,5,0.0025067920214496553,0.009715222986415029,0.00033507400075905025,4816896.0,4014080.0
neu_mbv2_pattern_mining,2026-02-08T12:59:50,0,38,8,2,0.984375,0.04143456369638443,7.0747808,0.03680909171816893,0.027451559726614505,0.009357531991554424,1,5,0.0024379089882131666,0.009357531991554424,0.0003072469844482839,4816896.0,4014080.0
neu_mbv2_pattern_mining,2026-02-08T12:59:50,0,39,8,3,0.984375,0.0638725608587265,7.0747808,0.033234777132747695,0.024762680113781244,0.008472097018966451,1,5,0.0022016220027580857,0.008472097018966451,0.00027464600862003863,4816896.0,4014080.0
neu_mbv2_pattern_mining,2026-02-08T12:59:50,0,40,8,4,1.0,0.048197586089372635,0.45154880000000003,0.032265853020362556,0.02377625001827255,0.008489603002090007,1,5,0.0021147340012248605,0.008489603002090007,0.00026289100060239434,301056.0,250880.0
neu_mbv2_pattern_mining,2026-02-08T12:59:50,1,36,8,0,1.0,0.006024131551384926,7.0747808,0.1694107911316678,0.13308607012731954,0.03632472100434825,1,5,0.012442585022654384,0.03632472100434825,0.0008660219900775701,4816896.0,4014080.0
neu_mbv2_pattern_mining,2026-02-08T12:59:50,1,37,8,1,0.921875,0.14409379661083221,7.0747808,0.041594507842091843,0.03077448986005038,0.010820017982041463,1,5,0.0027258649934083223,0.010820017982041463,0.0003515839925967157,4816896.0,4014080.0
neu_mbv2_pattern_mining,2026-02-08T12:59:50,1,38,8,2,0.984375,0.033154431730508804,7.0747808,0.03765955631388351,0.027963320317212492,0.009696235996671021,1,5,0.0024727110285311937,0.009696235996671021,0.0003236210031900555,4816896.0,4014080.0
neu_mbv2_pattern_mining,2026-02-08T12:59:50,1,39,8,3,1.0,0.00012066880299244076,7.0747808,0.03766117713530548,0.027626620139926672,0.010034556995378807,1,5,0.0024347309954464436,0.010034556995378807,0.00032793101854622364,4816896.0,4014080.0
neu_mbv2_pattern_mining,2026-02-08T12:59:50,1,40,8,4,0.6666666666666666,0.6210848093032837,0.3411616,0.04211279869196005,0.027972079697065055,0.014140718994894996,1,5,0.002510755992261693,0.014140718994894996,0.00028645197744481266,225792.0,188160.0
neu_mbv2_pattern_mining,2026-02-08T12:59:51,2,36,8,0,1.0,0.0011379054049029946,7.0747808,0.17518371608457528,0.14234380010748282,0.03283991597709246,1,5,0.013653024012455717,0.03283991597709246,0.0005813559982925653,4816896.0,4014080.0
neu_mbv2_pattern_mining,2026-02-08T12:59:51,2,37,8,1,0.96875,0.0420953668653965,7.0747808,0.03795961191644892,0.02838410990079865,0.009575502015650272,1,5,0.002505234006093815,0.009575502015650272,0.0003331769839860499,4816896.0,4014080.0
neu_mbv2_pattern_mining,2026-02-08T12:59:51,2,38,8,2,1.0,0.0012056069681420922,7.0747808,0.034181809052824974,0.025487880047876388,0.008693929004948586,1,5,0.002261702000396326,0.008693929004948586,0.0002870860043913126,4816896.0,4014080.0
neu_mbv2_pattern_mining,2026-02-08T12:59:51,2,39,8,3,0.9375,0.21747682988643646,7.0747808,0.029280187765834853,0.02151982975192368,0.007760358013911173,1,5,0.0019049469847232103,0.007760358013911173,0.0002470359904691577,4816896.0,4014080.0
neu_mbv2_pattern_mining,2026-02-08T12:59:51,2,40,8,4,0.3333333333333333,1.8008922338485718,0.3411616,0.02941267882124521,0.02009892981732264,0.009313749003922567,1,5,0.0017894949996843934,0.009313749003922567,0.00022039798204787076,225792.0,188160.0
neu_mbv2_pattern_mining,2026-02-08T12:59:52,3,36,8,0,1.0,0.005150188226252794,7.0747808,0.1874166809138842,0.15234035992762074,0.035076320986263454,1,5,0.014615699008572847,0.035076320986263454,0.0006183369841892272,4816896.0,4014080.0
neu_mbv2_pattern_mining,2026-02-08T12:59:52,3,37,8,1,0.984375,0.03350119665265083,7.0747808,0.04099645806127228,0.029948510054964572,0.011047948006307706,1,5,0.002638460020534694,0.011047948006307706,0.000356390984961763,4816896.0,4014080.0
neu_mbv2_pattern_mining,2026-02-08T12:59:52,3,38,8,2,1.0,0.00030427827732637525,7.0747808,0.04213360694120638,0.031474269926548004,0.010659337014658377,1,5,0.0028061619959771633,0.010659337014658377,0.0003412649966776371,4816896.0,4014080.0
neu_mbv2_pattern_mining,2026-02-08T12:59:52,3,39,8,3,1.0,0.0017670260276645422,7.0747808,0.034778364904923365,0.025328889896627516,0.009449475008295849,1,5,0.0022516280005220324,0.009449475008295849,0.0002812609891407192,4816896.0,4014080.0
neu_mbv2_pattern_mining,2026-02-08T12:59:52,3,40,8,4,0.0,6.998876094818115,0.3411616,0.034713428118266165,0.023814740125089884,0.010898687993176281,1,5,0.0021453980007208884,0.010898687993176281,0.0002360760117881,225792.0,188160.0
neu_mbv2_pattern_mining,2026-02-08T12:59:53,4,36,8,0,0.984375,0.019061952829360962,7.0747808,0.23776206787442788,0.19463726988760754,0.04312479798682034,1,5,0.018813283008057624,0.04312479798682034,0.0006504439807031304,4816896.0,4014080.0
neu_mbv2_pattern_mining,2026-02-08T12:59:53,4,37,8,1,1.0,0.014652879908680916,7.0747808,0.0385320131899789,0.02836212021065876,0.010169892979320139,1,5,0.0024994970008265227,0.010169892979320139,0.0003367150202393532,4816896.0,4014080.0
neu_mbv2_pattern_mining,2026-02-08T12:59:53,4,38,8,2,0.96875,0.1886230707168579,7.0747808,0.03115023288410157,0.022655199863947928,0.008495033020153642,1,5,0.002021305001107976,0.008495033020153642,0.00024421498528681695,4816896.0,4014080.0
neu_mbv2_pattern_mining,2026-02-08T12:59:53,4,39,8,3,0.984375,0.04397785663604736,7.0747808,0.02306018170202151,0.016562479722779244,0.006497701979242265,1,5,0.0014823989768046886,0.006497701979242265,0.00017384899547323585,4816896.0,4014080.0
neu_mbv2_pattern_mining,2026-02-08T12:59:53,4,40,8,4,0.6666666666666666,3.6897170543670654,0.3411616,0.025878353160806,0.01762143016094342,0.008256922999862581,1,5,0.0015827100141905248,0.008256922999862581,0.00017943300190381706,225792.0,188160.0
neu_mbv2_pattern_mining,2026-02-08T12:59:55,0,41,9,0,1.0,0.002665684325620532,7.0747808,0.12743140503880568,0.10064111003885046,0.026790294999955222,1,5,0.009464727016165853,0.026790294999955222,0.0005993839877191931,4816896.0,4014080.0
neu_mbv2_pattern_mining,2026-02-08T12:59:55,0,42,9,1,0.921875,0.4815726578235626,7.0747808,0.02828215408953838,0.02124532009474933,0.007036833994789049,1,5,0.00185418501496315,0.007036833994789049,0.0002703469945117831,4816896.0,4014080.0
neu_mbv2_pattern_mining,2026-02-08T12:59:55,0,43,9,2,0.953125,0.14227919280529022,7.0747808,0.029655271588126197,0.02220197959104553,0.007453291997080669,1,5,0.0019679229881148785,0.007453291997080669,0.00025227497098967433,4816896.0,4014080.0
neu_mbv2_pattern_mining,2026-02-08T12:59:55,0,44,9,3,1.0,0.009736449457705021,7.0747808,0.031899921770673245,0.02349078975385055,0.008409132016822696,1,5,0.002067598979920149,0.008409132016822696,0.0002814799954649061,4816896.0,4014080.0
neu_mbv2_pattern_mining,2026-02-08T12:59:55,0,45,9,4,0.75,1.6113439798355103,0.45154880000000003,0.032422496762592345,0.023832869774196297,0.008589626988396049,1,5,0.002135179005563259,0.008589626988396049,0.00024810797185637057,301056.0,250880.0
neu_mbv2_pattern_mining,2026-02-08T12:59:55,1,41,9,0,1.0,0.00103021040558815,7.0747808,0.11386838529142551,0.08981341030448675,0.02405497498693876,1,5,0.008347282011527568,0.02405497498693876,0.000634059018921107,4816896.0,4014080.0
neu_mbv2_pattern_mining,2026-02-08T12:59:56,1,42,9,1,0.921875,0.5023701786994934,7.0747808,0.03302076703403145,0.024784510023891926,0.008236257010139525,1,5,0.0022122889931779355,0.008236257010139525,0.0002661620092112571,4816896.0,4014080.0
neu_mbv2_pattern_mining,2026-02-08T12:59:56,1,43,9,2,1.0,0.0002805697440635413,7.0747808,0.028755937120877206,0.02076839009532705,0.007987547025550157,1,5,0.0018644920201040804,0.007987547025550157,0.0002123469894286245,4816896.0,4014080.0
neu_mbv2_pattern_mining,2026-02-08T12:59:56,1,44,9,3,0.921875,0.49446922540664673,7.0747808,0.027291950915241614,0.019717699906323105,0.007574251008918509,1,5,0.0017675829876679927,0.007574251008918509,0.0002041870029643178,4816896.0,4014080.0
neu_mbv2_pattern_mining,2026-02-08T12:59:56,1,45,9,4,1.0,0.023646995425224304,0.3411616,0.029856996930902824,0.019998819916509092,0.009858177014393732,1,5,0.0017776979948394,0.009858177014393732,0.00022218399681150913,225792.0,188160.0
neu_mbv2_pattern_mining,2026-02-08T12:59:56,2,41,9,0,1.0,0.00024666261742822826,7.0747808,0.1526195448532235,0.12539469986222684,0.027224844990996644,1,5,0.011970119987381622,0.027224844990996644,0.0005693499988410622,4816896.0,4014080.0
neu_mbv2_pattern_mining,2026-02-08T12:59:56,2,42,9,1,0.984375,0.013253080658614635,7.0747808,0.029939431027742103,0.02183620003052056,0.008103230997221544,1,5,0.0019373719987925142,0.008103230997221544,0.00024624800425954163,4816896.0,4014080.0
neu_mbv2_pattern_mining,2026-02-08T12:59:57,2,43,9,2,0.984375,0.2054365873336792,7.0747808,0.028339127224171534,0.02042157022515312,0.007917556999018416,1,5,0.0018433080113027245,0.007917556999018416,0.00019884901121258736,4816896.0,4014080.0
neu_mbv2_pattern_mining,2026-02-08T12:59:57,2,44,9,3,1.0,0.002382701961323619,7.0747808,0.02461939022759907,0.017704540223348886,0.006914850004250184,1,5,0.0015850600029807538,0.006914850004250184,0.0001853940193541348,4816896.0,4014080.0
neu_mbv2_pattern_mining,2026-02-08T12:59:57,2,45,9,4,1.0,0.018154824152588844,0.3411616,0.029054026992525905,0.019374080002307892,0.009679946990218014,1,5,0.00173165398882702,0.009679946990218014,0.00020575401140376925,225792.0,188160.0
neu_mbv2_pattern_mining,2026-02-08T12:59:57,3,41,9,0,1.0,1.6614772903267294e-05,7.0747808,0.12269556644605473,0.09862116043223068,0.024074406013824046,1,5,0.00929238201933913,0.024074406013824046,0.0005697340238839388,4816896.0,4014080.0
neu_mbv2_pattern_mining,2026-02-08T12:59:57,3,42,9,1,1.0,7.608022133354098e-05,7.0747808,0.03240146118332632,0.024068310158327222,0.008333151024999097,1,5,0.0021175260189920664,0.008333151024999097,0.0002893049968406558,4816896.0,4014080.0
neu_mbv2_pattern_mining,2026-02-08T12:59:57,3,43,9,2,0.984375,0.01928362064063549,7.0747808,0.028720994159812108,0.020709230157081038,0.00801176400273107,1,5,0.0018465740140527487,0.00801176400273107,0.0002243490016553551,4816896.0,4014080.0
neu_mbv2_pattern_mining,2026-02-08T12:59:57,3,44,9,3,1.0,0.000206658587558195,7.0747808,0.027248054248047993,0.019620820239651948,0.007627234008396044,1,5,0.0017553250072523952,0.007627234008396044,0.00020675701671279967,4816896.0,4014080.0
neu_mbv2_pattern_mining,2026-02-08T12:59:57,3,45,9,4,0.6666666666666666,0.4233010709285736,0.3411616,0.02990697411587462,0.02012392011238262,0.009783054003491998,1,5,0.0018115190032403916,0.009783054003491998,0.00020087300799787045,225792.0,188160.0
neu_mbv2_pattern_mining,2026-02-08T12:59:58,4,41,9,0,1.0,0.0023645467590540648,7.0747808,0.12511205312330276,0.10194227012107149,0.02316978300223127,1,5,0.009689950005849823,0.02316978300223127,0.0005042770062573254,4816896.0,4014080.0
neu_mbv2_pattern_mining,2026-02-08T12:59:58,4,42,9,1,1.0,0.002127661369740963,7.0747808,0.031261098774848506,0.023295339778997004,0.007965758995851502,1,5,0.002043369982857257,0.007965758995851502,0.0002861639950424433,4816896.0,4014080.0
neu_mbv2_pattern_mining,2026-02-08T12:59:58,4,43,9,2,0.984375,0.048116765916347504,7.0747808,0.029107851820299402,0.02094662981107831,0.008161222009221092,1,5,0.0018728799768723547,0.008161222009221092,0.00022178300423547626,4816896.0,4014080.0
neu_mbv2_pattern_mining,2026-02-08T12:59:58,4,44,9,3,0.984375,0.13708889484405518,7.0747808,0.028405457182088867,0.020462910179048777,0.00794254700304009,1,5,0.0018370060133747756,0.00794254700304009,0.00020928500453010201,4816896.0,4014080.0
neu_mbv2_pattern_mining,2026-02-08T12:59:58,4,45,9,4,1.0,0.005225821863859892,0.3411616,0.028314847266301513,0.019068750261794776,0.009246097004506737,1,5,0.0017132660141214728,0.009246097004506737,0.00019360901205800474,225792.0,188160.0
neu_mbv2_pattern_mining,2026-02-08T13:00:00,0,46,10,0,1.0,0.0007612609770148993,7.0747808,0.20937896487885155,0.16356671985704452,0.04581224502180703,1,5,0.01562280100188218,0.04581224502180703,0.0007338709838222712,4816896.0,4014080.0
neu_mbv2_pattern_mining,2026-02-08T13:00:00,0,47,10,1,0.984375,0.021762384101748466,7.0747808,0.0402865931391716,0.029759140161331743,0.010527452977839857,1,5,0.0026269959926139563,0.010527452977839857,0.00034891802351921797,4816896.0,4014080.0
neu_mbv2_pattern_mining,2026-02-08T13:00:00,0,48,10,2,1.0,0.0009527737274765968,7.0747808,0.039595769048901275,0.029530930041801184,0.01006483900710009,1,5,0.0026442439993843436,0.01006483900710009,0.0003088490047957748,4816896.0,4014080.0
neu_mbv2_pattern_mining,2026-02-08T13:00:00,0,49,10,3,1.0,0.004491840489208698,7.0747808,0.03536929207621142,0.026339830073993653,0.00902946200221777,1,5,0.0023451090091839433,0.00902946200221777,0.00028887399821542203,4816896.0,4014080.0
neu_mbv2_pattern_mining,2026-02-08T13:00:00,0,50,10,4,0.75,1.180593729019165,0.45154880000000003,0.033148095972137526,0.024113999970722944,0.009034096001414582,1,5,0.002160439995350316,0.009034096001414582,0.0002509600017219782,301056.0,250880.0
neu_mbv2_pattern_mining,2026-02-08T13:00:01,1,46,10,0,1.0,0.00018593472486827523,7.0747808,0.18587980771553703,0.1566272196942009,0.029252588021336123,1,5,0.015155096974922344,0.029252588021336123,0.0005076249944977462,4816896.0,4014080.0
neu_mbv2_pattern_mining,2026-02-08T13:00:01,1,47,10,1,1.0,0.001203180756419897,7.0747808,0.033208918175660074,0.02421016019070521,0.008998757984954864,1,5,0.002163672004826367,0.008998757984954864,0.0002573440142441541,4816896.0,4014080.0
neu_mbv2_pattern_mining,2026-02-08T13:00:01,1,48,10,2,0.984375,0.03200194612145424,7.0747808,0.033067934709833935,0.023779449693392962,0.009288485016440973,1,5,0.002142480982001871,0.009288485016440973,0.00023546398733742535,4816896.0,4014080.0
neu_mbv2_pattern_mining,2026-02-08T13:00:01,1,49,10,3,1.0,0.0007938285125419497,7.0747808,0.031039310822961852,0.022302419820334762,0.00873689100262709,1,5,0.002009326999541372,0.00873689100262709,0.00022091498249210417,4816896.0,4014080.0
neu_mbv2_pattern_mining,2026-02-08T13:00:01,1,50,10,4,0.3333333333333333,6.836582660675049,0.3411616,0.04049820109503344,0.027425200096331537,0.0130730009987019,1,5,0.0024949480139184743,0.0130730009987019,0.00024757199571467936,225792.0,188160.0
neu_mbv2_pattern_mining,2026-02-08T13:00:02,2,46,10,0,1.0,0.010423355735838413,7.0747808,0.2292787822370883,0.18634232023032382,0.042936462006764486,1,5,0.01797976001398638,0.042936462006764486,0.0006544720090460032,4816896.0,4014080.0
neu_mbv2_pattern_mining,2026-02-08T13:00:02,2,47,10,1,1.0,0.006382443476468325,7.0747808,0.039514033909654245,0.02819068991811946,0.011323343991534784,1,5,0.002479093993315473,0.011323343991534784,0.00033997499849647284,4816896.0,4014080.0
neu_mbv2_pattern_mining,2026-02-08T13:00:02,2,48,10,2,0.984375,0.03513984754681587,7.0747808,0.03815765114268288,0.02748902013991028,0.0106686310027726,1,5,0.002476844994816929,0.0106686310027726,0.00027205701917409897,4816896.0,4014080.0
neu_mbv2_pattern_mining,2026-02-08T13:00:02,2,49,10,3,1.0,0.002725031925365329,7.0747808,0.037246981664793566,0.02671666967216879,0.010530311992624775,1,5,0.0024096639826893806,0.010530311992624775,0.0002620029845274985,4816896.0,4014080.0
neu_mbv2_pattern_mining,2026-02-08T13:00:02,2,50,10,4,0.0,5.03418493270874,0.3411616,0.040258237888338044,0.02724708989262581,0.013011147995712236,1,5,0.002417278999928385,0.013011147995712236,0.00030742998933419585,225792.0,188160.0
neu_mbv2_pattern_mining,2026-02-08T13:00:03,3,46,10,0,1.0,0.0006889243377372622,7.0747808,0.13896087306784466,0.11325658007990569,0.02570429298793897,1,5,0.01088152898591943,0.02570429298793897,0.000444129022071138,4816896.0,4014080.0
neu_mbv2_pattern_mining,2026-02-08T13:00:03,3,47,10,1,1.0,0.0012407309841364622,7.0747808,0.030746202886803076,0.022336519905366004,0.008409682981437072,1,5,0.002009329997235909,0.008409682981437072,0.00022432199330069125,4816896.0,4014080.0
neu_mbv2_pattern_mining,2026-02-08T13:00:03,3,48,10,2,1.0,0.004438786301761866,7.0747808,0.03420792121323757,0.025128490233328193,0.009079430979909375,1,5,0.002223487012088299,0.009079430979909375,0.00028936201124452055,4816896.0,4014080.0
neu_mbv2_pattern_mining,2026-02-08T13:00:03,3,49,10,3,0.96875,0.3887249827384949,7.0747808,0.03518003597855568,0.026036369963549078,0.009143666015006602,1,5,0.0022985870018601418,0.009143666015006602,0.000305049994494766,4816896.0,4014080.0
neu_mbv2_pattern_mining,2026-02-08T13:00:03,3,50,10,4,0.6666666666666666,4.558318138122559,0.3411616,0.04101033220649697,0.027570380188990384,0.013439952017506585,1,5,0.0024280160141643137,0.013439952017506585,0.00032902200473472476,225792.0,188160.0
neu_mbv2_pattern_mining,2026-02-08T13:00:03,4,46,10,0,1.0,5.442519068310503e-06,7.0747808,0.18816637780400924,0.14564947981853038,0.04251689798547886,1,5,0.01369773197802715,0.04251689798547886,0.000867216003825888,4816896.0,4014080.0
neu_mbv2_pattern_mining,2026-02-08T13:00:03,4,47,10,1,1.0,0.0022599855437874794,7.0747808,0.04331823097891174,0.031212879985105246,0.012105350993806496,1,5,0.002883793000364676,0.012105350993806496,0.0002374949981458485,4816896.0,4014080.0
neu_mbv2_pattern_mining,2026-02-08T13:00:03,4,48,10,2,0.984375,0.057680536061525345,7.0747808,0.03649435527040623,0.026334250287618488,0.010160104982787743,1,5,0.0023611210053786635,0.010160104982787743,0.00027230402338318527,4816896.0,4014080.0
neu_mbv2_pattern_mining,2026-02-08T13:00:03,4,49,10,3,1.0,0.0018587312661111355,7.0747808,0.037290479987859726,0.02686521998839453,0.010425259999465197,1,5,0.0024150829995051026,0.010425259999465197,0.00027143899933435023,4816896.0,4014080.0
neu_mbv2_pattern_mining,2026-02-08T13:00:04,4,50,10,4,0.6666666666666666,1.0701037645339966,0.3411616,0.04206519093713723,0.02831107995007187,0.01375411098706536,1,5,0.0025525889941491187,0.01375411098706536,0.00027851900085806847,225792.0,188160.0
neu_mbv2_pattern_mining,2026-02-08T13:00:05,0,51,11,0,1.0,9.723731636768207e-05,7.0747808,0.09848235905519687,0.07579875004012138,0.02268360901507549,1,5,0.007004687009612098,0.02268360901507549,0.0005751879944000393,4816896.0,4014080.0
neu_mbv2_pattern_mining,2026-02-08T13:00:05,0,52,11,1,1.0,0.007847186177968979,7.0747808,0.03388861584244296,0.025202469842042774,0.008686146000400186,1,5,0.002208977995906025,0.008686146000400186,0.0003112689882982522,4816896.0,4014080.0
neu_mbv2_pattern_mining,2026-02-08T13:00:05,0,53,11,2,0.96875,0.06423833221197128,7.0747808,0.03223023109603673,0.023708360095042735,0.008521871000993997,1,5,0.002100268000504002,0.008521871000993997,0.00027056800900027156,4816896.0,4014080.0
neu_mbv2_pattern_mining,2026-02-08T13:00:05,0,54,11,3,1.0,8.478347808704711e-06,7.0747808,0.030686080019222572,0.022565730032511055,0.008120349986711517,1,5,0.001983338996069506,0.008120349986711517,0.00027323400718159974,4816896.0,4014080.0
neu_mbv2_pattern_mining,2026-02-08T13:00:05,0,55,11,4,1.0,0.02545742131769657,0.45154880000000003,0.03504182482720353,0.025869259843602777,0.00917256498360075,1,5,0.0022897669987287372,0.00917256498360075,0.0002971589856315404,301056.0,250880.0
neu_mbv2_pattern_mining,2026-02-08T13:00:06,1,51,11,0,1.0,5.417109787231311e-05,7.0747808,0.19763096389942802,0.16414810990681872,0.03348285399260931,1,5,0.0158932369959075,0.03348285399260931,0.0005215739947743714,4816896.0,4014080.0
neu_mbv2_pattern_mining,2026-02-08T13:00:06,1,52,11,1,1.0,1.611601692275144e-05,7.0747808,0.03516658005537465,0.025802830059546977,0.009363749995827675,1,5,0.0023085870197974145,0.009363749995827675,0.0002716959861572832,4816896.0,4014080.0
neu_mbv2_pattern_mining,2026-02-08T13:00:06,1,53,11,2,1.0,0.00219217361882329,7.0747808,0.03386868617963046,0.02472420019330457,0.00914448598632589,1,5,0.0022433120175264776,0.00914448598632589,0.00022910800180397928,4816896.0,4014080.0
neu_mbv2_pattern_mining,2026-02-08T13:00:06,1,54,11,3,1.0,9.731906902743503e-05,7.0747808,0.029827114922227338,0.02156025992007926,0.008266855002148077,1,5,0.0019075190066359937,0.008266855002148077,0.0002485069853719324,4816896.0,4014080.0
neu_mbv2_pattern_mining,2026-02-08T13:00:06,1,55,11,4,0.0,6.1613078117370605,0.3411616,0.0348494810750708,0.023583660076837987,0.011265820998232812,1,5,0.0020925909921061248,0.011265820998232812,0.0002657750155776739,225792.0,188160.0
neu_mbv2_pattern_mining,2026-02-08T13:00:07,2,51,11,0,1.0,2.4055501853581518e-05,7.0747808,0.19969677392509766,0.15797503991052508,0.041721734014572576,1,5,0.015110162989003584,0.041721734014572576,0.0006873410020489246,4816896.0,4014080.0
neu_mbv2_pattern_mining,2026-02-08T13:00:07,2,52,11,1,1.0,6.640308129135519e-05,7.0747808,0.03030791928176768,0.02179940027417615,0.00850851900759153,1,5,0.0019309560011606663,0.00850851900759153,0.0002489840262569487,4816896.0,4014080.0
neu_mbv2_pattern_mining,2026-02-08T13:00:07,2,53,11,2,1.0,2.2216634533833712e-05,7.0747808,0.024695908825378865,0.017975969822146,0.0067199390032328665,1,5,0.0015885589818935841,0.0067199390032328665,0.00020903800032101572,4816896.0,4014080.0
neu_mbv2_pattern_mining,2026-02-08T13:00:07,2,54,11,3,1.0,6.569700053660199e-05,7.0747808,0.023228337813634425,0.016789469809737056,0.006438868003897369,1,5,0.0014954899961594492,0.006438868003897369,0.00018345698481425643,4816896.0,4014080.0
neu_mbv2_pattern_mining,2026-02-08T13:00:07,2,55,11,4,1.0,0.007903843186795712,0.3411616,0.026414159132400528,0.017515580111648887,0.00889857902075164,1,5,0.0015733730106148869,0.00889857902075164,0.00017818500055000186,225792.0,188160.0
neu_mbv2_pattern_mining,2026-02-08T13:00:07,3,51,11,0,1.0,3.128738171653822e-05,7.0747808,0.1386020110512618,0.11181559006217867,0.026786420989083126,1,5,0.01049300201702863,0.026786420989083126,0.0006885569891892374,4816896.0,4014080.0
neu_mbv2_pattern_mining,2026-02-08T13:00:08,3,52,11,1,1.0,2.038827551587019e-05,7.0747808,0.032694275956600904,0.02411449997453019,0.008579775982070714,1,5,0.0021300619991961867,0.008579775982070714,0.00028138799825683236,4816896.0,4014080.0
neu_mbv2_pattern_mining,2026-02-08T13:00:08,3,53,11,2,1.0,2.234537896583788e-05,7.0747808,0.027214102359721437,0.0196265903650783,0.007587511994643137,1,5,0.001757595018716529,0.007587511994643137,0.000205064017791301,4816896.0,4014080.0
neu_mbv2_pattern_mining,2026-02-08T13:00:08,3,54,11,3,1.0,2.7039784981752746e-05,7.0747808,0.023868033807957545,0.017467739817220718,0.006400293990736827,1,5,0.0015794119972269982,0.006400293990736827,0.00016736198449507356,4816896.0,4014080.0
neu_mbv2_pattern_mining,2026-02-08T13:00:08,3,55,11,4,0.3333333333333333,1.133697509765625,0.3411616,0.0273934681317769,0.018943310133181512,0.008450157998595387,1,5,0.0017216420092154294,0.008450157998595387,0.0001726890041027218,225792.0,188160.0
neu_mbv2_pattern_mining,2026-02-08T13:00:09,4,51,11,0,1.0,7.11176689947024e-05,7.0747808,0.19628464608103968,0.15521930006798357,0.041065346013056114,1,5,0.014761325001018122,0.041065346013056114,0.0007606050057802349,4816896.0,4014080.0
neu_mbv2_pattern_mining,2026-02-08T13:00:09,4,52,11,1,1.0,3.0880495614837855e-05,7.0747808,0.04363002470927313,0.03160104970447719,0.012028975004795939,1,5,0.0028562149964272976,0.012028975004795939,0.0003038899740204215,4816896.0,4014080.0
neu_mbv2_pattern_mining,2026-02-08T13:00:09,4,53,11,2,0.984375,0.04182644933462143,7.0747808,0.04018309523235075,0.02888411021558568,0.011298985016765073,1,5,0.0025942970241885632,0.011298985016765073,0.00029411399737000465,4816896.0,4014080.0
neu_mbv2_pattern_mining,2026-02-08T13:00:09,4,54,11,3,1.0,0.00015042356972116977,7.0747808,0.04201926288078539,0.030054659873712808,0.011964603007072583,1,5,0.002705710008740425,0.011964603007072583,0.0002997559786308557,4816896.0,4014080.0
neu_mbv2_pattern_mining,2026-02-08T13:00:09,4,55,11,4,0.3333333333333333,2.6343984603881836,0.3411616,0.04567022723495029,0.03200774022843689,0.013662487006513402,1,5,0.0028433140250854194,0.013662487006513402,0.0003574599977582693,225792.0,188160.0
neu_mbv2_pattern_mining,2026-02-08T13:00:10,0,56,12,0,1.0,0.00755429919809103,7.0747808,0.14348985109245405,0.11147926008561626,0.032010591006837785,1,5,0.01046923699323088,0.032010591006837785,0.0006786890153307468,4816896.0,4014080.0
neu_mbv2_pattern_mining,2026-02-08T13:00:10,0,57,12,1,1.0,0.025455322116613388,7.0747808,0.032368783926358446,0.024124039919115603,0.008244744007242844,1,5,0.0021345909917727113,0.008244744007242844,0.000277813000138849,4816896.0,4014080.0
neu_mbv2_pattern_mining,2026-02-08T13:00:10,0,58,12,2,1.0,0.009740537963807583,7.0747808,0.02885809395229444,0.02143549994798377,0.0074225940043106675,1,5,0.0018749749870039523,0.0074225940043106675,0.0002685750077944249,4816896.0,4014080.0
neu_mbv2_pattern_mining,2026-02-08T13:00:10,0,59,12,3,1.0,0.0009239405044354498,7.0747808,0.029221769014839083,0.021993510017637163,0.0072282589972019196,1,5,0.0019342899904586375,0.0072282589972019196,0.00026506101130507886,4816896.0,4014080.0
neu_mbv2_pattern_mining,2026-02-08T13:00:10,0,60,12,4,0.5,2.2879087924957275,0.45154880000000003,0.028492612822446972,0.020968839817214757,0.007523773005232215,1,5,0.0018769479938782752,0.007523773005232215,0.00021993598784320056,301056.0,250880.0
neu_mbv2_pattern_mining,2026-02-08T13:00:11,1,56,12,0,1.0,7.926752005005255e-05,7.0747808,0.11845743862795644,0.09445781965041533,0.023999618977541104,1,5,0.008829775993945077,0.023999618977541104,0.000616005971096456,4816896.0,4014080.0
neu_mbv2_pattern_mining,2026-02-08T13:00:11,1,57,12,1,1.0,0.00013287279580254108,7.0747808,0.0323006400722079,0.024130420060828328,0.00817022001137957,1,5,0.002107423002598807,0.00817022001137957,0.0003056190034840256,4816896.0,4014080.0
neu_mbv2_pattern_mining,2026-02-08T13:00:11,1,58,12,2,1.0,1.2521852113422938e-05,7.0747808,0.030390266969334334,0.022491209965664893,0.00789905700366944,1,5,0.001985773997148499,0.00789905700366944,0.00026334699941799045,4816896.0,4014080.0
neu_mbv2_pattern_mining,2026-02-08T13:00:11,1,59,12,3,1.0,0.004117174539715052,7.0747808,0.03144090191926807,0.022631509928032756,0.008809391991235316,1,5,0.0020375710155349225,0.008809391991235316,0.0002255799772683531,4816896.0,4014080.0
neu_mbv2_pattern_mining,2026-02-08T13:00:11,1,60,12,4,0.6666666666666666,2.2459046840667725,0.3411616,0.03762802807614207,0.025264800060540438,0.012363228015601635,1,5,0.002306187991052866,0.012363228015601635,0.0002202920150011778,225792.0,188160.0
neu_mbv2_pattern_mining,2026-02-08T13:00:12,2,56,12,0,1.0,3.090250538662076e-05,7.0747808,0.13674616697244346,0.10926340997684747,0.02748275699559599,1,5,0.010235727997496724,0.02748275699559599,0.0006906130001880229,4816896.0,4014080.0
neu_mbv2_pattern_mining,2026-02-08T13:00:12,2,57,12,1,1.0,5.48430070921313e-05,7.0747808,0.03482352875289507,0.025976179749704897,0.008847349003190175,1,5,0.002303171990206465,0.008847349003190175,0.0002944459847640246,4816896.0,4014080.0
neu_mbv2_pattern_mining,2026-02-08T13:00:12,2,58,12,2,1.0,0.00035177613608539104,7.0747808,0.031811333989026025,0.023562790011055768,0.008248543977970257,1,5,0.002075239986879751,0.008248543977970257,0.00028103901422582567,4816896.0,4014080.0
neu_mbv2_pattern_mining,2026-02-08T13:00:12,2,59,12,3,1.0,0.00014303505304269493,7.0747808,0.0279107968963217,0.020289169915486127,0.007621626980835572,1,5,0.0017816869949456304,0.007621626980835572,0.0002472299966029823,4816896.0,4014080.0
neu_mbv2_pattern_mining,2026-02-08T13:00:12,2,60,12,4,0.3333333333333333,2.085275173187256,0.3411616,0.02639628091128543,0.018310009909328073,0.008086271001957357,1,5,0.0016210369940381497,0.008086271001957357,0.0002099639968946576,225792.0,188160.0
neu_mbv2_pattern_mining,2026-02-08T13:00:13,3,56,12,0,1.0,6.874122482258826e-05,7.0747808,0.16174435775610618,0.1281681697582826,0.03357618799782358,1,5,0.012044843984767795,0.03357618799782358,0.0007719729910604656,4816896.0,4014080.0
neu_mbv2_pattern_mining,2026-02-08T13:00:13,3,57,12,1,1.0,0.00020956127264071256,7.0747808,0.039549862791318446,0.029499429801944643,0.010050432989373803,1,5,0.0026305219798814505,0.010050432989373803,0.0003194210003130138,4816896.0,4014080.0
neu_mbv2_pattern_mining,2026-02-08T13:00:13,3,58,12,2,1.0,0.00013368191139306873,7.0747808,0.03654167405329645,0.026933210028801113,0.009608464024495333,1,5,0.00237792800180614,0.009608464024495333,0.0003153930010739714,4816896.0,4014080.0
neu_mbv2_pattern_mining,2026-02-08T13:00:13,3,59,12,3,0.984375,0.09842619299888611,7.0747808,0.034025248081889004,0.024690910067874938,0.009334338014014065,1,5,0.002225749980425462,0.009334338014014065,0.0002433410263620317,4816896.0,4014080.0
neu_mbv2_pattern_mining,2026-02-08T13:00:13,3,60,12,4,1.0,0.0015547843649983406,0.3411616,0.03747425417532213,0.02585091016953811,0.01162334400578402,1,5,0.0023297340085264295,0.01162334400578402,0.0002553570084273815,225792.0,188160.0
neu_mbv2_pattern_mining,2026-02-08T13:00:13,4,56,12,0,1.0,0.00026060972595587373,7.0747808,0.21476554166292772,0.1652217996888794,0.049543741974048316,1,5,0.015589556976919994,0.049543741974048316,0.0009326229919679463,4816896.0,4014080.0
neu_mbv2_pattern_mining,2026-02-08T13:00:14,4,57,12,1,1.0,0.0033541175071150064,7.0747808,0.03945542895235121,0.02872112992918119,0.010734299023170024,1,5,0.002553725993493572,0.010734299023170024,0.00031838699942454696,4816896.0,4014080.0
neu_mbv2_pattern_mining,2026-02-08T13:00:14,4,58,12,2,1.0,5.507443711394444e-05,7.0747808,0.03170037706149742,0.022840510064270347,0.008859866997227073,1,5,0.0020359719928819686,0.008859866997227073,0.0002480790135450661,4816896.0,4014080.0
neu_mbv2_pattern_mining,2026-02-08T13:00:14,4,59,12,3,0.953125,0.3893495202064514,7.0747808,0.024713663122383878,0.017784580122679472,0.006929082999704406,1,5,0.001592854008777067,0.006929082999704406,0.00018560400349088013,4816896.0,4014080.0
neu_mbv2_pattern_mining,2026-02-08T13:00:14,4,60,12,4,0.6666666666666666,4.3556227684021,0.3411616,0.025067622074857354,0.017324360087513924,0.0077432619873434305,1,5,0.0015547870134469122,0.0077432619873434305,0.0001776489953044802,225792.0,188160.0
neu_mbv2_pattern_mining,2026-02-08T13:00:15,0,61,13,0,1.0,0.00023786861856933683,7.0747808,0.10854529685457237,0.0829373998567462,0.025607896997826174,1,5,0.007610360975377262,0.025607896997826174,0.000683379010297358,4816896.0,4014080.0
neu_mbv2_pattern_mining,2026-02-08T13:00:15,0,62,13,1,1.0,1.8814909708453342e-05,7.0747808,0.027785618789494038,0.02089211979182437,0.006893498997669667,1,5,0.0018272679881192744,0.006893498997669667,0.0002619439910631627,4816896.0,4014080.0
neu_mbv2_pattern_mining,2026-02-08T13:00:15,0,63,13,2,0.96875,0.1176295205950737,7.0747808,0.0285460650047753,0.021229400008451194,0.007316664996324107,1,5,0.0018624619988258928,0.007316664996324107,0.00026047800201922655,4816896.0,4014080.0
neu_mbv2_pattern_mining,2026-02-08T13:00:15,0,64,13,3,1.0,0.0011424219701439142,7.0747808,0.030463570699794218,0.022534849704243243,0.007928720995550975,1,5,0.0019668889872264117,0.007928720995550975,0.0002865959831979126,4816896.0,4014080.0
neu_mbv2_pattern_mining,2026-02-08T13:00:15,0,65,13,4,1.0,0.019570622593164444,0.45154880000000003,0.0301258860854432,0.022370750084519386,0.007755136000923812,1,5,0.00198410201119259,0.007755136000923812,0.00025297299725934863,301056.0,250880.0
neu_mbv2_pattern_mining,2026-02-08T13:00:16,1,61,13,0,1.0,1.4928149539628066e-05,7.0747808,0.1659126497397665,0.12749926972901449,0.03841338001075201,1,5,0.011974553985055536,0.03841338001075201,0.0007753729878459126,4816896.0,4014080.0
neu_mbv2_pattern_mining,2026-02-08T13:00:16,1,62,13,1,1.0,6.493438559118658e-05,7.0747808,0.0423313143546693,0.03145980037515983,0.010871513979509473,1,5,0.0028190500161144882,0.010871513979509473,0.00032693002140149474,4816896.0,4014080.0
neu_mbv2_pattern_mining,2026-02-08T13:00:16,1,63,13,2,1.0,1.9433951820246875e-05,7.0747808,0.04041864420287311,0.029902210226282477,0.010516433976590633,1,5,0.002682346006622538,0.010516433976590633,0.00030787501600570977,4816896.0,4014080.0
neu_mbv2_pattern_mining,2026-02-08T13:00:16,1,64,13,3,1.0,0.004602123983204365,7.0747808,0.030468071170616895,0.02201351016992703,0.008454561000689864,1,5,0.001954667008249089,0.008454561000689864,0.00024668400874361396,4816896.0,4014080.0
neu_mbv2_pattern_mining,2026-02-08T13:00:16,1,65,13,4,0.6666666666666666,0.7238609790802002,0.3411616,0.03331144989351742,0.022878219897393137,0.010433229996124282,1,5,0.0020632630039472133,0.010433229996124282,0.00022455898579210043,225792.0,188160.0
neu_mbv2_pattern_mining,2026-02-08T13:00:17,2,61,13,0,1.0,1.8258921045344323e-05,7.0747808,0.1123627272027079,0.08940265019191429,0.02296007701079361,1,5,0.008444598002824932,0.02296007701079361,0.0004956670163664967,4816896.0,4014080.0
neu_mbv2_pattern_mining,2026-02-08T13:00:17,2,62,13,1,1.0,0.0009385109296999872,7.0747808,0.028896048897877336,0.021483149903360754,0.007412898994516581,1,5,0.0019122239900752902,0.007412898994516581,0.00023609100026078522,4816896.0,4014080.0
neu_mbv2_pattern_mining,2026-02-08T13:00:17,2,63,13,2,1.0,0.0001123051843023859,7.0747808,0.02350660480442457,0.016952089790720493,0.006554515013704076,1,5,0.0015095059934537858,0.006554515013704076,0.00018570298561826348,4816896.0,4014080.0
neu_mbv2_pattern_mining,2026-02-08T13:00:17,2,64,13,3,1.0,0.004309700336307287,7.0747808,0.02289719393593259,0.016436979931313545,0.006460214004619047,1,5,0.0014646050112787634,0.006460214004619047,0.00017909298185259104,4816896.0,4014080.0
neu_mbv2_pattern_mining,2026-02-08T13:00:17,2,65,13,4,0.6666666666666666,0.7425010204315186,0.3411616,0.02578586112940684,0.01737367012538016,0.008412191004026681,1,5,0.0015572270203847438,0.008412191004026681,0.00018013999215327203,225792.0,188160.0
neu_mbv2_pattern_mining,2026-02-08T13:00:18,3,61,13,0,1.0,0.00014661649765912443,7.0747808,0.13269204887910746,0.10390271985670552,0.028789329022401944,1,5,0.009556974982842803,0.028789329022401944,0.0008332970028277487,4816896.0,4014080.0
neu_mbv2_pattern_mining,2026-02-08T13:00:18,3,62,13,1,1.0,8.429948138655163e-06,7.0747808,0.035060073889326304,0.0257771898759529,0.009282884013373405,1,5,0.0022809089859947562,0.009282884013373405,0.0002968100016005337,4816896.0,4014080.0
neu_mbv2_pattern_mining,2026-02-08T13:00:18,3,63,13,2,1.0,0.0029823945369571447,7.0747808,0.032460613059811294,0.02355414006160572,0.008906472998205572,1,5,0.0021140330063644797,0.008906472998205572,0.0002413809997960925,4816896.0,4014080.0
neu_mbv2_pattern_mining,2026-02-08T13:00:18,3,64,13,3,1.0,0.0002483250864315778,7.0747808,0.024174155842047185,0.017425539845135063,0.006748615996912122,1,5,0.0015507659991271794,0.006748615996912122,0.0001917879853863269,4816896.0,4014080.0
neu_mbv2_pattern_mining,2026-02-08T13:00:18,3,65,13,4,0.6666666666666666,3.69482684135437,0.3411616,0.02579567418433726,0.01777276018401608,0.00802291400032118,1,5,0.0015968590159900486,0.00802291400032118,0.00018041700241155922,225792.0,188160.0
neu_mbv2_pattern_mining,2026-02-08T13:00:19,4,61,13,0,1.0,2.762740768957883e-05,7.0747808,0.13138280907878652,0.10697507008444518,0.024407738994341344,1,5,0.01004464301513508,0.024407738994341344,0.0006528639933094382,4816896.0,4014080.0
neu_mbv2_pattern_mining,2026-02-08T13:00:19,4,62,13,1,1.0,0.00012649939162656665,7.0747808,0.03088483793544583,0.022736749961040914,0.008148087974404916,1,5,0.0020238230063114315,0.008148087974404916,0.0002498519897926599,4816896.0,4014080.0
neu_mbv2_pattern_mining,2026-02-08T13:00:19,4,63,13,2,1.0,7.229424227261916e-05,7.0747808,0.027198386029340327,0.019522270013112575,0.007676116016227752,1,5,0.001740666019031778,0.007676116016227752,0.0002115609822794795,4816896.0,4014080.0
neu_mbv2_pattern_mining,2026-02-08T13:00:19,4,64,13,3,0.921875,0.3754611015319824,7.0747808,0.02380402898415923,0.017115189984906465,0.006688838999252766,1,5,0.0015355969953816384,0.006688838999252766,0.00017592200310900807,4816896.0,4014080.0
neu_mbv2_pattern_mining,2026-02-08T13:00:19,4,65,13,4,1.0,0.0036381445825099945,0.3411616,0.02648354781558737,0.01829397981055081,0.008189568005036563,1,5,0.0016382439935114235,0.008189568005036563,0.00019115398754365742,225792.0,188160.0
neu_mbv2_pattern_mining,2026-02-08T13:00:20,0,66,14,0,1.0,0.0024124954361468554,7.0747808,0.10710773718892597,0.08268891018815339,0.02441882700077258,1,5,0.007610211003338918,0.02441882700077258,0.0006586800154764205,4816896.0,4014080.0
neu_mbv2_pattern_mining,2026-02-08T13:00:20,0,67,14,1,1.0,0.006227316800504923,7.0747808,0.03285542095545679,0.024490329960826784,0.008365090994630009,1,5,0.0021434130030684173,0.008365090994630009,0.0003056199930142611,4816896.0,4014080.0
neu_mbv2_pattern_mining,2026-02-08T13:00:20,0,68,14,2,1.0,0.010462621226906776,7.0747808,0.037387132295407355,0.028028840315528214,0.00935829197987914,1,5,0.0025000880123116076,0.00935829197987914,0.0003027960192412138,4816896.0,4014080.0
neu_mbv2_pattern_mining,2026-02-08T13:00:20,0,69,14,3,0.96875,0.056697994470596313,7.0747808,0.031867117941146716,0.0232467899331823,0.008620328007964417,1,5,0.002055613003904,0.008620328007964417,0.00026906598941423,4816896.0,4014080.0
neu_mbv2_pattern_mining,2026-02-08T13:00:20,0,70,14,4,1.0,0.004349266644567251,0.45154880000000003,0.03442034826730378,0.024900320277083665,0.009520027990220115,1,5,0.0022143830137792975,0.009520027990220115,0.00027564901392906904,301056.0,250880.0
neu_mbv2_pattern_mining,2026-02-08T13:00:21,1,66,14,0,1.0,0.0002498057729098946,7.0747808,0.14694209487061016,0.11326593987178057,0.03367615499882959,1,5,0.01069978199666366,0.03367615499882959,0.0006268119905143976,4816896.0,4014080.0
neu_mbv2_pattern_mining,2026-02-08T13:00:21,1,67,14,1,0.984375,0.12681902945041656,7.0747808,0.03891545202350244,0.0287682400085032,0.01014721201499924,1,5,0.00255307400948368,0.01014721201499924,0.00032374999136663973,4816896.0,4014080.0
neu_mbv2_pattern_mining,2026-02-08T13:00:21,1,68,14,2,1.0,0.00046458892757073045,7.0747808,0.03674849114031531,0.027189550164621323,0.009558940975693986,1,5,0.0024281980004161596,0.009558940975693986,0.0002907570160459727,4816896.0,4014080.0
neu_mbv2_pattern_mining,2026-02-08T13:00:21,1,69,14,3,0.796875,1.1808192729949951,7.0747808,0.030098489805823192,0.021676189790014178,0.008422300015809014,1,5,0.001929505990119651,0.008422300015809014,0.0002381129888817668,4816896.0,4014080.0
neu_mbv2_pattern_mining,2026-02-08T13:00:21,1,70,14,4,1.0,0.07724692672491074,0.3411616,0.029667885333765298,0.019873050332535058,0.00979483500123024,1,5,0.001786404027370736,0.00979483500123024,0.00020090100588276982,225792.0,188160.0
neu_mbv2_pattern_mining,2026-02-08T13:00:22,2,66,14,0,1.0,0.0008814362226985395,7.0747808,0.11207644586102106,0.08908505988074467,0.02299138598027639,1,5,0.008299451001221314,0.02299138598027639,0.0006090549868531525,4816896.0,4014080.0
neu_mbv2_pattern_mining,2026-02-08T13:00:22,2,67,14,1,0.8125,1.1320488452911377,7.0747808,0.025179727817885578,0.018535599811002612,0.0066441280068829656,1,5,0.0016430469986516982,0.0066441280068829656,0.00021051298244856298,4816896.0,4014080.0
neu_mbv2_pattern_mining,2026-02-08T13:00:22,2,68,14,2,1.0,0.0002445880090817809,7.0747808,0.02484584102057852,0.017906040011439472,0.006939801009139046,1,5,0.0016090520075522363,0.006939801009139046,0.00018155199359171093,4816896.0,4014080.0
neu_mbv2_pattern_mining,2026-02-08T13:00:22,2,69,14,3,0.890625,1.0161389112472534,7.0747808,0.02326713304501027,0.01674686005571857,0.006520272989291698,1,5,0.0015027780027594417,0.006520272989291698,0.00017190800281241536,4816896.0,4014080.0
neu_mbv2_pattern_mining,2026-02-08T13:00:22,2,70,14,4,0.3333333333333333,3.4312992095947266,0.3411616,0.02691226586466655,0.017959119868464768,0.008953145996201783,1,5,0.001603940996574238,0.008953145996201783,0.00019197099027223885,225792.0,188160.0
neu_mbv2_pattern_mining,2026-02-08T13:00:23,3,66,14,0,1.0,2.2708351025357842e-05,7.0747808,0.23147106979740784,0.18860522977774963,0.04286584001965821,1,5,0.018234611983643845,0.04286584001965821,0.0006259109941311181,4816896.0,4014080.0
neu_mbv2_pattern_mining,2026-02-08T13:00:23,3,67,14,1,1.0,3.099615059909411e-05,7.0747808,0.03390041406964883,0.024525650078430772,0.00937476399121806,1,5,0.0021906860056333244,0.00937476399121806,0.0002618790022097528,4816896.0,4014080.0
neu_mbv2_pattern_mining,2026-02-08T13:00:23,3,68,14,2,1.0,4.672320210374892e-05,7.0747808,0.03303060194593854,0.0236970599507913,0.009333541995147243,1,5,0.0021444059966597706,0.009333541995147243,0.00022529999841935933,4816896.0,4014080.0
neu_mbv2_pattern_mining,2026-02-08T13:00:23,3,69,14,3,1.0,4.4391388655640185e-05,7.0747808,0.031640478322515264,0.022807600325904787,0.008832877996610478,1,5,0.002031421026913449,0.008832877996610478,0.0002493390056770295,4816896.0,4014080.0
neu_mbv2_pattern_mining,2026-02-08T13:00:23,3,70,14,4,1.0,0.001691234763711691,0.3411616,0.037476884957868606,0.026026279956568033,0.011450605001300573,1,5,0.002285191003466025,0.011450605001300573,0.00031743699219077826,225792.0,188160.0
neu_mbv2_pattern_mining,2026-02-08T13:00:24,4,66,14,0,1.0,0.00014656773419119418,7.0747808,0.20537378286826424,0.1710023998748511,0.034371382993413135,1,5,0.016563617013162002,0.034371382993413135,0.0005366229743231088,4816896.0,4014080.0
neu_mbv2_pattern_mining,2026-02-08T13:00:24,4,67,14,1,1.0,0.001993321580812335,7.0747808,0.02802802625228651,0.020377090258989483,0.0076509359932970256,1,5,0.0018082690075971186,0.0076509359932970256,0.0002294400183018297,4816896.0,4014080.0
neu_mbv2_pattern_mining,2026-02-08T13:00:24,4,68,14,2,1.0,0.006160086020827293,7.0747808,0.02775742209632881,0.020167370093986392,0.007590052002342418,1,5,0.0018059650028590113,0.007590052002342418,0.0002107720065396279,4816896.0,4014080.0
neu_mbv2_pattern_mining,2026-02-08T13:00:24,4,69,14,3,1.0,0.002341659041121602,7.0747808,0.027522685006260872,0.019883450004272163,0.007639235001988709,1,5,0.0017752179992385209,0.007639235001988709,0.00021312700118869543,4816896.0,4014080.0
neu_mbv2_pattern_mining,2026-02-08T13:00:24,4,70,14,4,1.0,0.16314071416854858,0.3411616,0.0366617921681609,0.025199740193784237,0.011462051974376664,1,5,0.002244208997581154,0.011462051974376664,0.0002757650217972696,225792.0,188160.0
neu_mbv2_pattern_mining,2026-02-08T13:00:25,0,71,15,0,1.0,7.082770025590435e-05,7.0747808,0.10099612694466487,0.07677365996642038,0.024222466978244483,1,5,0.007080539013259113,0.024222466978244483,0.0005968269833829254,4816896.0,4014080.0
neu_mbv2_pattern_mining,2026-02-08T13:00:26,0,72,15,1,1.0,6.047829629096668e-06,7.0747808,0.030995880049886182,0.023310770047828555,0.007685110002057627,1,5,0.002040405001025647,0.007685110002057627,0.0002906720037572086,4816896.0,4014080.0
neu_mbv2_pattern_mining,2026-02-08T13:00:26,0,73,15,2,0.96875,0.24527208507061005,7.0747808,0.03298449981957674,0.02435279981000349,0.008631700009573251,1,5,0.002166802005376667,0.008631700009573251,0.00026847797562368214,4816896.0,4014080.0
neu_mbv2_pattern_mining,2026-02-08T13:00:26,0,74,15,3,1.0,0.007508969400078058,7.0747808,0.031180584046524018,0.022715200029779226,0.008465384016744792,1,5,0.0020144169975537807,0.008465384016744792,0.0002571030054241419,4816896.0,4014080.0
neu_mbv2_pattern_mining,2026-02-08T13:00:26,0,75,15,4,0.75,0.4165700078010559,0.45154880000000003,0.033598434820305556,0.02483970980392769,0.008758725016377866,1,5,0.002178483991883695,0.008758725016377866,0.00030548698850907385,301056.0,250880.0
neu_mbv2_pattern_mining,2026-02-08T13:00:26,1,71,15,0,1.0,1.6097150364657864e-05,7.0747808,0.11604279809398577,0.09107418009079993,0.02496861800318584,1,5,0.008444809005595744,0.02496861800318584,0.0006626090034842491,4816896.0,4014080.0
neu_mbv2_pattern_mining,2026-02-08T13:00:26,1,72,15,1,1.0,0.00042992731323465705,7.0747808,0.024501627922290936,0.017912439943756908,0.006589187978534028,1,5,0.0015878249832894653,0.006589187978534028,0.0002034190110862255,4816896.0,4014080.0
neu_mbv2_pattern_mining,2026-02-08T13:00:26,1,73,15,2,1.0,0.00010697489778976887,7.0747808,0.025312937184935436,0.01859066018369049,0.006722277001244947,1,5,0.0016727260081097484,0.006722277001244947,0.00018634001025930047,4816896.0,4014080.0
neu_mbv2_pattern_mining,2026-02-08T13:00:26,1,74,15,3,0.921875,0.36992472410202026,7.0747808,0.022956779197556898,0.016477290191687644,0.0064794890058692545,1,5,0.0014794900198467076,0.0064794890058692545,0.00016823899932205677,4816896.0,4014080.0
neu_mbv2_pattern_mining,2026-02-08T13:00:26,1,75,15,4,0.6666666666666666,0.7219969630241394,0.3411616,0.026295653951819986,0.01769277994753793,0.008602874004282057,1,5,0.001588585990248248,0.008602874004282057,0.0001806920045055449,225792.0,188160.0
neu_mbv2_pattern_mining,2026-02-08T13:00:27,2,71,15,0,1.0,0.010301162488758564,7.0747808,0.21343529314617626,0.17092415015213192,0.04251114299404435,1,5,0.016359711007680744,0.04251114299404435,0.0007327040075324476,4816896.0,4014080.0
neu_mbv2_pattern_mining,2026-02-08T13:00:27,2,72,15,1,1.0,0.002751542255282402,7.0747808,0.03859655195265077,0.027984119951725006,0.010612432000925764,1,5,0.002497089997632429,0.010612432000925764,0.0003013219975400716,4816896.0,4014080.0
neu_mbv2_pattern_mining,2026-02-08T13:00:27,2,73,15,2,0.953125,0.5674200057983398,7.0747808,0.034921395941637456,0.02509490994270891,0.009826485998928547,1,5,0.0022681809787172824,0.009826485998928547,0.00024131001555360854,4816896.0,4014080.0
neu_mbv2_pattern_mining,2026-02-08T13:00:27,2,74,15,3,0.84375,0.5055888891220093,7.0747808,0.030710780032677576,0.021989980014041066,0.00872080001863651,1,5,0.0019787700148299336,0.00872080001863651,0.00022022798657417297,4816896.0,4014080.0
neu_mbv2_pattern_mining,2026-02-08T13:00:27,2,75,15,4,0.6666666666666666,1.7602019309997559,0.3411616,0.034417848772136495,0.023669779766350985,0.01074806900578551,1,5,0.0021289239812176675,0.01074806900578551,0.000238053995417431,225792.0,188160.0
neu_mbv2_pattern_mining,2026-02-08T13:00:28,3,71,15,0,1.0,0.0001034653905662708,7.0747808,0.12110933466465212,0.09589794964995235,0.025211385014699772,1,5,0.008933304983656853,0.025211385014699772,0.0006564899813383818,4816896.0,4014080.0
neu_mbv2_pattern_mining,2026-02-08T13:00:28,3,72,15,1,0.96875,0.17586475610733032,7.0747808,0.028221177111845464,0.02044885011855513,0.007772326993290335,1,5,0.001820486009819433,0.007772326993290335,0.00022439900203607976,4816896.0,4014080.0
neu_mbv2_pattern_mining,2026-02-08T13:00:28,3,73,15,2,0.984375,0.01492396742105484,7.0747808,0.028714574116747826,0.020776030141860247,0.00793854397488758,1,5,0.0018725070112850517,0.00793854397488758,0.00020509600290097296,4816896.0,4014080.0
neu_mbv2_pattern_mining,2026-02-08T13:00:28,3,74,15,3,0.90625,0.7692626714706421,7.0747808,0.024962462222902104,0.017998170224018395,0.006964291998883709,1,5,0.001610560022527352,0.006964291998883709,0.00018925699987448752,4816896.0,4014080.0
neu_mbv2_pattern_mining,2026-02-08T13:00:28,3,75,15,4,0.6666666666666666,2.5288150310516357,0.3411616,0.026279489684384316,0.018122839683201164,0.008156650001183152,1,5,0.0016358739812858403,0.008156650001183152,0.00017640998703427613,225792.0,188160.0
neu_mbv2_pattern_mining,2026-02-08T13:00:29,4,71,15,0,1.0,3.4197832974314224e-06,7.0747808,0.13145430258009583,0.1051427295897156,0.026311572990380228,1,5,0.00989241898059845,0.026311572990380228,0.0006218539783731103,4816896.0,4014080.0
neu_mbv2_pattern_mining,2026-02-08T13:00:29,4,72,15,1,1.0,9.11931274458766e-05,7.0747808,0.029141424893168733,0.02112983987899497,0.008011585014173761,1,5,0.0018859409901779145,0.008011585014173761,0.00022704299772158265,4816896.0,4014080.0
neu_mbv2_pattern_mining,2026-02-08T13:00:29,4,73,15,2,1.0,4.392291157273576e-05,7.0747808,0.023800932918675244,0.01727897993987426,0.006521952978800982,1,5,0.0015556800062768161,0.006521952978800982,0.00017221798771061003,4816896.0,4014080.0
neu_mbv2_pattern_mining,2026-02-08T13:00:29,4,74,15,3,1.0,6.254382606130093e-05,7.0747808,0.023428921937011182,0.01698017993476242,0.006448742002248764,1,5,0.0015306189889088273,0.006448742002248764,0.00016739900456741452,4816896.0,4014080.0
neu_mbv2_pattern_mining,2026-02-08T13:00:29,4,75,15,4,1.0,0.18687236309051514,0.3411616,0.02655525680165738,0.0181986897950992,0.00835656700655818,1,5,0.0016196299984585494,0.00835656700655818,0.0002002389810513705,225792.0,188160.0
neu_mbv2_pattern_mining,2026-02-08T13:00:31,0,76,16,0,1.0,0.00011993965017609298,7.0747808,0.12270693402388133,0.09667209000326693,0.0260348440206144,1,5,0.008994455012725666,0.0260348440206144,0.0006727539876010269,4816896.0,4014080.0
neu_mbv2_pattern_mining,2026-02-08T13:00:31,0,77,16,1,1.0,0.0004557874926831573,7.0747808,0.035804225044557825,0.027425260050222278,0.008378964994335547,1,5,0.0024440590059384704,0.008378964994335547,0.0002984669990837574,4816896.0,4014080.0
neu_mbv2_pattern_mining,2026-02-08T13:00:31,0,78,16,2,1.0,7.711517537245527e-05,7.0747808,0.031330564816016704,0.023080959799699485,0.008249605016317219,1,5,0.0020362649811431766,0.008249605016317219,0.000271830998826772,4816896.0,4014080.0
neu_mbv2_pattern_mining,2026-02-08T13:00:31,0,79,16,3,0.984375,0.11165326833724976,7.0747808,0.033313795167487115,0.02471503015840426,0.008598765009082854,1,5,0.0022002180048730224,0.008598765009082854,0.00027128501096740365,4816896.0,4014080.0
neu_mbv2_pattern_mining,2026-02-08T13:00:31,0,80,16,4,1.0,0.0002330220740986988,0.45154880000000003,0.03541873372159898,0.026591629721224308,0.008827104000374675,1,5,0.0023501249961555004,0.008827104000374675,0.0003090379759669304,301056.0,250880.0
neu_mbv2_pattern_mining,2026-02-08T13:00:32,1,76,16,0,1.0,0.0001897369947982952,7.0747808,0.1360552450933028,0.10944236011710018,0.026612884976202622,1,5,0.010375012003351003,0.026612884976202622,0.000569224008359015,4816896.0,4014080.0
neu_mbv2_pattern_mining,2026-02-08T13:00:32,1,77,16,1,0.984375,0.1830379068851471,7.0747808,0.031226392282405868,0.02276260027429089,0.008463792008114979,1,5,0.002009106014156714,0.008463792008114979,0.00026715401327237487,4816896.0,4014080.0
neu_mbv2_pattern_mining,2026-02-08T13:00:32,1,78,16,2,0.96875,0.1439308226108551,7.0747808,0.031123493885388598,0.0230565998936072,0.008066893991781399,1,5,0.00209106900729239,0.008066893991781399,0.00021459098206833005,4816896.0,4014080.0
neu_mbv2_pattern_mining,2026-02-08T13:00:32,1,79,16,3,0.890625,0.5550978779792786,7.0747808,0.02606095396913588,0.018776619981508702,0.007284333987627178,1,5,0.0016869230021256953,0.007284333987627178,0.00019073899602517486,4816896.0,4014080.0
neu_mbv2_pattern_mining,2026-02-08T13:00:32,1,80,16,4,1.0,0.22061961889266968,0.3411616,0.031040665868204087,0.02119510987540707,0.009845555992797017,1,5,0.0019155479967594147,0.009845555992797017,0.00020396299078129232,225792.0,188160.0
neu_mbv2_pattern_mining,2026-02-08T13:00:33,2,76,16,0,1.0,2.8033240596414544e-05,7.0747808,0.14604620408499613,0.1163455200730823,0.029700684011913836,1,5,0.01077544700819999,0.029700684011913836,0.00085910499910824,4816896.0,4014080.0
neu_mbv2_pattern_mining,2026-02-08T13:00:33,2,77,16,1,1.0,0.00040284954593516886,7.0747808,0.03919275483349338,0.029543929849751294,0.009648824983742088,1,5,0.0026431029837112874,0.009648824983742088,0.000311290001263842,4816896.0,4014080.0
neu_mbv2_pattern_mining,2026-02-08T13:00:33,2,78,16,2,1.0,0.005281333811581135,7.0747808,0.03305544366594404,0.024082839663606137,0.008972604002337903,1,5,0.0021574539714492857,0.008972604002337903,0.00025082999491132796,4816896.0,4014080.0
neu_mbv2_pattern_mining,2026-02-08T13:00:33,2,79,16,3,0.984375,0.02877272479236126,7.0747808,0.02921153389615938,0.02145020989701152,0.007761323999147862,1,5,0.0019337709818501025,0.007761323999147862,0.0002112500078510493,4816896.0,4014080.0
neu_mbv2_pattern_mining,2026-02-08T13:00:33,2,80,16,4,0.3333333333333333,3.4053471088409424,0.3411616,0.028098861919716,0.01957072992809117,0.008528131991624832,1,5,0.0017453939944971353,0.008528131991624832,0.00021167899831198156,225792.0,188160.0
neu_mbv2_pattern_mining,2026-02-08T13:00:34,3,76,16,0,1.0,9.307322034146637e-05,7.0747808,0.2374134047422558,0.19467972975689918,0.04273367498535663,1,5,0.018789096997352317,0.04273367498535663,0.0006788759783376008,4816896.0,4014080.0
neu_mbv2_pattern_mining,2026-02-08T13:00:34,3,77,16,1,1.0,9.035358743858524e-06,7.0747808,0.036905532906530425,0.0268454899196513,0.010060042986879125,1,5,0.00237065099645406,0.010060042986879125,0.0003138979955110699,4816896.0,4014080.0
neu_mbv2_pattern_mining,2026-02-08T13:00:34,3,78,16,2,1.0,0.014219358563423157,7.0747808,0.03430446426500566,0.024440960260108113,0.00986350400489755,1,5,0.0022033300192561,0.00986350400489755,0.00024076600675471127,4816896.0,4014080.0
neu_mbv2_pattern_mining,2026-02-08T13:00:34,3,79,16,3,1.0,0.0007739327265881002,7.0747808,0.030930978973628953,0.022162329987622797,0.008768648986006156,1,5,0.001993621001020074,0.008768648986006156,0.00022261199774220586,4816896.0,4014080.0
neu_mbv2_pattern_mining,2026-02-08T13:00:34,3,80,16,4,0.6666666666666666,0.43844571709632874,0.3411616,0.03307724485057406,0.02308517985511571,0.00999206499545835,1,5,0.0020909839950036258,0.00999206499545835,0.00021753399050794542,225792.0,188160.0
neu_mbv2_pattern_mining,2026-02-08T13:00:35,4,76,16,0,1.0,1.5709514627815224e-05,7.0747808,0.14300091119366698,0.11468202021205798,0.028318890981609002,1,5,0.010954095021588728,0.028318890981609002,0.00051410699961707,4816896.0,4014080.0
neu_mbv2_pattern_mining,2026-02-08T13:00:35,4,77,16,1,1.0,0.0001876401947811246,7.0747808,0.02946241805329919,0.02163355005905032,0.007828867994248867,1,5,0.001913076004711911,0.007828867994248867,0.0002502790011931211,4816896.0,4014080.0
neu_mbv2_pattern_mining,2026-02-08T13:00:35,4,78,16,2,1.0,4.80433227494359e-05,7.0747808,0.027066497888881713,0.019652569899335504,0.00741392798954621,1,5,0.0017383210069965571,0.00741392798954621,0.00022693598293699324,4816896.0,4014080.0
neu_mbv2_pattern_mining,2026-02-08T13:00:35,4,79,16,3,1.0,0.0019282236462458968,7.0747808,0.028194562037242576,0.020274870039429516,0.007919691997813061,1,5,0.0018160420004278421,0.007919691997813061,0.00021144500351510942,4816896.0,4014080.0
neu_mbv2_pattern_mining,2026-02-08T13:00:35,4,80,16,4,0.6666666666666666,0.7491018176078796,0.3411616,0.028496983868535608,0.019692489877343178,0.00880449399119243,1,5,0.0017688719963189214,0.00880449399119243,0.00020037699141539633,225792.0,188160.0
neu_mbv2_pattern_mining,2026-02-08T13:00:37,0,81,17,0,1.0,0.0001460019120713696,7.0747808,0.16809473099419847,0.13095520000206307,0.037139530992135406,1,5,0.012254186003701761,0.037139530992135406,0.0008413339965045452,4816896.0,4014080.0
neu_mbv2_pattern_mining,2026-02-08T13:00:37,0,82,17,1,1.0,0.006087771616876125,7.0747808,0.046183065947843716,0.03544381994288415,0.010739246004959568,1,5,0.003161465981975198,0.010739246004959568,0.0003829160123132169,4816896.0,4014080.0
neu_mbv2_pattern_mining,2026-02-08T13:00:37,0,83,17,2,1.0,5.92417927691713e-05,7.0747808,0.0408976819308009,0.030949639913160354,0.009948042017640546,1,5,0.0027183429920114577,0.009948042017640546,0.0003766209993045777,4816896.0,4014080.0
neu_mbv2_pattern_mining,2026-02-08T13:00:37,0,84,17,3,0.96875,0.4489611089229584,7.0747808,0.04163976793643087,0.03147056995658204,0.010169197979848832,1,5,0.002765954995993525,0.010169197979848832,0.00038110199966467917,4816896.0,4014080.0
neu_mbv2_pattern_mining,2026-02-08T13:00:37,0,85,17,4,1.0,0.08183113485574722,0.45154880000000003,0.042505604040343314,0.032107360020745546,0.010398244019597769,1,5,0.00282118798349984,0.010398244019597769,0.00038954801857471466,301056.0,250880.0
neu_mbv2_pattern_mining,2026-02-08T13:00:38,1,81,17,0,1.0,1.2665139365708455e-05,7.0747808,0.1633915989950765,0.1311040300060995,0.032287568988977,1,5,0.012406608992023394,0.032287568988977,0.0007037940085865557,4816896.0,4014080.0
neu_mbv2_pattern_mining,2026-02-08T13:00:38,1,82,17,1,1.0,3.370777267264202e-05,7.0747808,0.03972439229255542,0.029429970309138298,0.010294421983417124,1,5,0.00259831000585109,0.010294421983417124,0.00034468702506273985,4816896.0,4014080.0
neu_mbv2_pattern_mining,2026-02-08T13:00:38,1,83,17,2,1.0,3.3440763218095526e-05,7.0747808,0.034248857060447335,0.024856530071701854,0.00939232698874548,1,5,0.002225730015197769,0.00939232698874548,0.00025992299197241664,4816896.0,4014080.0
neu_mbv2_pattern_mining,2026-02-08T13:00:38,1,84,17,3,1.0,0.0007993071340024471,7.0747808,0.03018580621574074,0.021767020225524902,0.008418785990215838,1,5,0.0019566219998523593,0.008418785990215838,0.00022008002270013094,4816896.0,4014080.0
neu_mbv2_pattern_mining,2026-02-08T13:00:38,1,85,17,4,1.0,0.006217768881469965,0.3411616,0.03130064086872153,0.02212889987276867,0.00917174099595286,1,5,0.0020079009991604835,0.00917174099595286,0.00020498898811638355,225792.0,188160.0
neu_mbv2_pattern_mining,2026-02-08T13:00:39,2,81,17,0,1.0,1.4139034647087101e-05,7.0747808,0.11065701887127943,0.08779503987170756,0.022861978999571875,1,5,0.008304426999529824,0.022861978999571875,0.0004750769876409322,4816896.0,4014080.0
neu_mbv2_pattern_mining,2026-02-08T13:00:39,2,82,17,1,1.0,1.7099504475481808e-05,7.0747808,0.03377272718353197,0.024750220181886107,0.009022507001645863,1,5,0.002173492015572265,0.009022507001645863,0.0003015300026163459,4816896.0,4014080.0
neu_mbv2_pattern_mining,2026-02-08T13:00:39,2,83,17,2,1.0,0.00035002309596166015,7.0747808,0.03185050189495087,0.02324078988749534,0.008609712007455528,1,5,0.002094777999445796,0.008609712007455528,0.00022930098930373788,4816896.0,4014080.0
neu_mbv2_pattern_mining,2026-02-08T13:00:39,2,84,17,3,1.0,4.316592094255611e-05,7.0747808,0.02840793289942667,0.02049303991952911,0.007914892979897559,1,5,0.001845630002208054,0.007914892979897559,0.00020367398974485695,4816896.0,4014080.0
neu_mbv2_pattern_mining,2026-02-08T13:00:39,2,85,17,4,1.0,0.20654122531414032,0.3411616,0.027694477641489357,0.018784129642881453,0.008910347998607904,1,5,0.0016767399793025106,0.008910347998607904,0.00020167298498563468,225792.0,188160.0
neu_mbv2_pattern_mining,2026-02-08T13:00:40,3,81,17,0,1.0,1.146978229371598e-05,7.0747808,0.214524817885831,0.17291578988078982,0.04160902800504118,1,5,0.016654512990498915,0.04160902800504118,0.0006370659975800663,4816896.0,4014080.0
neu_mbv2_pattern_mining,2026-02-08T13:00:40,3,82,17,1,1.0,5.6270342611242086e-05,7.0747808,0.041193529847078025,0.029904749826528132,0.011288780020549893,1,5,0.002685705985641107,0.011288780020549893,0.00030476899701170623,4816896.0,4014080.0
neu_mbv2_pattern_mining,2026-02-08T13:00:40,3,83,17,2,1.0,5.075495573692024e-05,7.0747808,0.04000411689048633,0.02937582990853116,0.01062828698195517,1,5,0.0026702070026658475,0.01062828698195517,0.0002673759881872684,4816896.0,4014080.0
neu_mbv2_pattern_mining,2026-02-08T13:00:40,3,84,17,3,1.0,8.355925092473626e-05,7.0747808,0.03427923482377082,0.024569929810240865,0.009709305013529956,1,5,0.0022217239893507212,0.009709305013529956,0.00023526899167336524,4816896.0,4014080.0
neu_mbv2_pattern_mining,2026-02-08T13:00:40,3,85,17,4,1.0,0.021402588114142418,0.3411616,0.038037327089114115,0.0262159900739789,0.011821337015135214,1,5,0.0023702030011918396,0.011821337015135214,0.0002513960062060505,225792.0,188160.0
neu_mbv2_pattern_mining,2026-02-08T13:00:41,4,81,17,0,1.0,5.30287161382148e-06,7.0747808,0.14957119393511675,0.11893977993167937,0.030631414003437385,1,5,0.011080235010012984,0.030631414003437385,0.0008137429831549525,4816896.0,4014080.0
neu_mbv2_pattern_mining,2026-02-08T13:00:41,4,82,17,1,1.0,8.110347698675469e-05,7.0747808,0.031196702999295667,0.022682429989799857,0.00851427300949581,1,5,0.002014428988331929,0.00851427300949581,0.00025381401064805686,4816896.0,4014080.0
neu_mbv2_pattern_mining,2026-02-08T13:00:41,4,83,17,2,1.0,0.00047782680485397577,7.0747808,0.028212653123773634,0.020232330134604126,0.007980322989169508,1,5,0.0018165009969379753,0.007980322989169508,0.00020673201652243733,4816896.0,4014080.0
neu_mbv2_pattern_mining,2026-02-08T13:00:41,4,84,17,3,1.0,6.0164798924233764e-05,7.0747808,0.02277840077294968,0.01637836976442486,0.00640003100852482,1,5,0.001473354990594089,0.00640003100852482,0.00016448198584839702,4816896.0,4014080.0
neu_mbv2_pattern_mining,2026-02-08T13:00:41,4,85,17,4,0.6666666666666666,3.2604684829711914,0.3411616,0.027109173068311065,0.018461830040905625,0.00864734302740544,1,5,0.001656631997320801,0.00864734302740544,0.00018955100676976144,225792.0,188160.0
neu_mbv2_pattern_mining,2026-02-08T13:00:42,0,86,18,0,1.0,9.271825547330081e-05,7.0747808,0.10217746000853367,0.07753029000014067,0.024647170008393005,1,5,0.007152675010729581,0.024647170008393005,0.0006003539892844856,4816896.0,4014080.0
neu_mbv2_pattern_mining,2026-02-08T13:00:42,0,87,18,1,1.0,0.014161508530378342,7.0747808,0.03485769624239765,0.026074510242324322,0.008783186000073329,1,5,0.002295050013344735,0.008783186000073329,0.00031240101088769734,4816896.0,4014080.0
neu_mbv2_pattern_mining,2026-02-08T13:00:42,0,88,18,2,1.0,0.0004927248228341341,7.0747808,0.03372192880488001,0.025065569789148867,0.008656359015731141,1,5,0.002209476981079206,0.008656359015731141,0.00029707999783568084,4816896.0,4014080.0
neu_mbv2_pattern_mining,2026-02-08T13:00:42,0,89,18,3,1.0,0.001105529721826315,7.0747808,0.033648474025540054,0.02497045003110543,0.008678023994434625,1,5,0.0022042390191927552,0.008678023994434625,0.00029280598391778767,4816896.0,4014080.0
neu_mbv2_pattern_mining,2026-02-08T13:00:42,0,90,18,4,0.75,0.8430385589599609,0.45154880000000003,0.03684013901511207,0.026827940018847585,0.010012198996264488,1,5,0.0023776809975970536,0.010012198996264488,0.0003051130042877048,301056.0,250880.0
neu_mbv2_pattern_mining,2026-02-08T13:00:43,1,86,18,0,1.0,7.031152563286014e-06,7.0747808,0.11683632415952161,0.09314237016951665,0.023693953990004957,1,5,0.00873756900546141,0.023693953990004957,0.0005766680114902556,4816896.0,4014080.0
neu_mbv2_pattern_mining,2026-02-08T13:00:43,1,87,18,1,1.0,1.845003862399608e-05,7.0747808,0.028559386089909822,0.02167388011002913,0.006885505979880691,1,5,0.0018881149881053716,0.006885505979880691,0.0002792730228975415,4816896.0,4014080.0
neu_mbv2_pattern_mining,2026-02-08T13:00:43,1,88,18,2,1.0,8.931539196055382e-05,7.0747808,0.02966634719632566,0.02189267019275576,0.007773677003569901,1,5,0.0019310710194986314,0.007773677003569901,0.0002581959997769445,4816896.0,4014080.0
neu_mbv2_pattern_mining,2026-02-08T13:00:43,1,89,18,3,1.0,0.0014477139338850975,7.0747808,0.028800553729524836,0.020771869749296457,0.00802868398022838,1,5,0.0018555439892224967,0.00802868398022838,0.0002216429857071489,4816896.0,4014080.0
neu_mbv2_pattern_mining,2026-02-08T13:00:43,1,90,18,4,0.6666666666666666,0.3426051139831543,0.3411616,0.031764490966452286,0.020563279977068305,0.01120121098938398,1,5,0.0018571609980426729,0.01120121098938398,0.00019916699966415763,225792.0,188160.0
neu_mbv2_pattern_mining,2026-02-08T13:00:44,2,86,18,0,1.0,0.00016953080194070935,7.0747808,0.2261846789624542,0.18052511994028464,0.04565955902216956,1,5,0.0170955499925185,0.04565955902216956,0.0009569620015099645,4816896.0,4014080.0
neu_mbv2_pattern_mining,2026-02-08T13:00:44,2,87,18,1,0.96875,0.13990013301372528,7.0747808,0.044271667051361874,0.03263980004703626,0.011631867004325613,1,5,0.0028642120014410466,0.011631867004325613,0.00039976800326257944,4816896.0,4014080.0
neu_mbv2_pattern_mining,2026-02-08T13:00:44,2,88,18,2,1.0,0.0004664414736907929,7.0747808,0.040603392088087276,0.029788110114168376,0.0108152819739189,1,5,0.0026284040068276227,0.0108152819739189,0.0003504070045892149,4816896.0,4014080.0
neu_mbv2_pattern_mining,2026-02-08T13:00:44,2,89,18,3,0.984375,0.028547443449497223,7.0747808,0.03931973691214807,0.028828319918829948,0.010491416993318126,1,5,0.002591112977825105,0.010491416993318126,0.0002917190140578896,4816896.0,4014080.0
neu_mbv2_pattern_mining,2026-02-08T13:00:44,2,90,18,4,1.0,0.04012022539973259,0.3411616,0.035273937188321725,0.02397332020336762,0.011300616984954104,1,5,0.002160333009669557,0.011300616984954104,0.00023699901066720486,225792.0,188160.0
neu_mbv2_pattern_mining,2026-02-08T13:00:45,3,86,18,0,1.0,1.7571228454471566e-05,7.0747808,0.17741984422900714,0.14798511023400351,0.029434733995003626,1,5,0.014220596000086516,0.029434733995003626,0.0005779150233138353,4816896.0,4014080.0
neu_mbv2_pattern_mining,2026-02-08T13:00:45,3,87,18,1,1.0,4.082053419551812e-05,7.0747808,0.033850854117190465,0.024835900112520903,0.009014954004669562,1,5,0.0022166740091051906,0.009014954004669562,0.0002669160021468997,4816896.0,4014080.0
neu_mbv2_pattern_mining,2026-02-08T13:00:45,3,88,18,2,1.0,1.5522138710366562e-05,7.0747808,0.02751674281898886,0.019878379825968295,0.007638362993020564,1,5,0.0017678189906291664,0.007638362993020564,0.00022001899196766317,4816896.0,4014080.0
neu_mbv2_pattern_mining,2026-02-08T13:00:45,3,89,18,3,1.0,6.98943404131569e-05,7.0747808,0.026935835980111733,0.019423839985392988,0.007511995994718745,1,5,0.0017505949945189059,0.007511995994718745,0.0001917890040203929,4816896.0,4014080.0
neu_mbv2_pattern_mining,2026-02-08T13:00:45,3,90,18,4,1.0,0.12897874414920807,0.3411616,0.025347694754600525,0.01730531977955252,0.008042374975048006,1,5,0.0015529179945588112,0.008042374975048006,0.00017761398339644074,225792.0,188160.0
neu_mbv2_pattern_mining,2026-02-08T13:00:46,4,86,18,0,1.0,1.789936504792422e-05,7.0747808,0.23858051464776509,0.19020937965251505,0.04837113499525003,1,5,0.01827400497859344,0.04837113499525003,0.0007469329866580665,4816896.0,4014080.0
neu_mbv2_pattern_mining,2026-02-08T13:00:46,4,87,18,1,1.0,3.2446146178699564e-06,7.0747808,0.04451482309377752,0.032215960090979934,0.012298863002797589,1,5,0.0028818229911848903,0.012298863002797589,0.0003397730179131031,4816896.0,4014080.0
neu_mbv2_pattern_mining,2026-02-08T13:00:46,4,88,18,2,1.0,0.00019887980306521058,7.0747808,0.03288363936007954,0.023649460345041007,0.009234179015038535,1,5,0.002129654021700844,0.009234179015038535,0.0002352920128032565,4816896.0,4014080.0
neu_mbv2_pattern_mining,2026-02-08T13:00:46,4,89,18,3,1.0,1.4351107893162407e-05,7.0747808,0.029167424159822986,0.020920550159644336,0.00824687400017865,1,5,0.0018727010174188763,0.00824687400017865,0.00021935399854555726,4816896.0,4014080.0
neu_mbv2_pattern_mining,2026-02-08T13:00:46,4,90,18,4,1.0,0.04696360230445862,0.3411616,0.03610116013442166,0.026283950137440115,0.009817209996981546,1,5,0.0024050000065471977,0.009817209996981546,0.00022339500719681382,225792.0,188160.0
neu_mbv2_pattern_mining,2026-02-08T13:00:47,0,91,19,0,1.0,2.671445326996036e-05,7.0747808,0.09197554804268293,0.071269040054176,0.020706507988506928,1,5,0.0066532440250739455,0.020706507988506928,0.00047365998034365475,4816896.0,4014080.0
neu_mbv2_pattern_mining,2026-02-08T13:00:47,0,92,19,1,1.0,0.0005375636392273009,7.0747808,0.03517173303407617,0.026225110050290823,0.008946622983785346,1,5,0.002319655002793297,0.008946622983785346,0.0003028560022357851,4816896.0,4014080.0
neu_mbv2_pattern_mining,2026-02-08T13:00:47,0,93,19,2,1.0,9.368033352075145e-05,7.0747808,0.03240674897097051,0.02409167995210737,0.008315069018863142,1,5,0.002131741988705471,0.008315069018863142,0.00027742600650526583,4816896.0,4014080.0
neu_mbv2_pattern_mining,2026-02-08T13:00:47,0,94,19,3,1.0,0.011315006762742996,7.0747808,0.03113900890457444,0.023169929918367416,0.007969078986207023,1,5,0.0020263440092094243,0.007969078986207023,0.0002906489826273173,4816896.0,4014080.0
neu_mbv2_pattern_mining,2026-02-08T13:00:47,0,95,19,4,1.0,0.02167123556137085,0.45154880000000003,0.030233797064283863,0.022411170066334307,0.007822626997949556,1,5,0.0019860159954987466,0.007822626997949556,0.0002551010111346841,301056.0,250880.0
neu_mbv2_pattern_mining,2026-02-08T13:00:48,1,91,19,0,1.0,1.3191826838010456e-05,7.0747808,0.10869746506796218,0.08610382006736472,0.022593645000597462,1,5,0.008038008993025869,0.022593645000597462,0.0005723730137106031,4816896.0,4014080.0
neu_mbv2_pattern_mining,2026-02-08T13:00:48,1,92,19,1,1.0,0.00010692952491808683,7.0747808,0.03293103873147629,0.024568909720983356,0.008362129010492936,1,5,0.0021471049985848367,0.008362129010492936,0.0003097859735134989,4816896.0,4014080.0
neu_mbv2_pattern_mining,2026-02-08T13:00:48,1,93,19,2,1.0,0.006198958493769169,7.0747808,0.031871320970822126,0.023823259980417788,0.008048060990404338,1,5,0.002107906009769067,0.008048060990404338,0.00027441998827271163,4816896.0,4014080.0
neu_mbv2_pattern_mining,2026-02-08T13:00:48,1,94,19,3,1.0,0.0003284240374341607,7.0747808,0.030602658895077184,0.022891339904163033,0.007711318990914151,1,5,0.0020089799945708364,0.007711318990914151,0.00028015399584546685,4816896.0,4014080.0
neu_mbv2_pattern_mining,2026-02-08T13:00:48,1,95,19,4,0.0,1.374015212059021,0.3411616,0.03252863071975298,0.022792479721829295,0.009736150997923687,1,5,0.002016785991145298,0.009736150997923687,0.00026246198103763163,225792.0,188160.0
neu_mbv2_pattern_mining,2026-02-08T13:00:49,2,91,19,0,1.0,4.987059946870431e-05,7.0747808,0.13421920183463953,0.10843039985047653,0.025788801984163,1,5,0.010265664983307943,0.025788801984163,0.0005773750017397106,4816896.0,4014080.0
neu_mbv2_pattern_mining,2026-02-08T13:00:49,2,92,19,1,1.0,4.376514698378742e-05,7.0747808,0.03143387017189525,0.022919250186532736,0.008514619985362515,1,5,0.002016287005972117,0.008514619985362515,0.0002756380126811564,4816896.0,4014080.0
neu_mbv2_pattern_mining,2026-02-08T13:00:49,2,93,19,2,1.0,0.0001072749582817778,7.0747808,0.032548188988585025,0.024071939988061786,0.00847624900052324,1,5,0.00215550500433892,0.00847624900052324,0.00025168899446725845,4816896.0,4014080.0
neu_mbv2_pattern_mining,2026-02-08T13:00:49,2,94,19,3,1.0,0.0026609969791024923,7.0747808,0.02962362504331395,0.021445500024128705,0.008178125019185245,1,5,0.001863567013060674,0.008178125019185245,0.00028098298935219646,4816896.0,4014080.0
neu_mbv2_pattern_mining,2026-02-08T13:00:49,2,95,19,4,0.3333333333333333,2.438239812850952,0.3411616,0.036476977955317125,0.0251524499617517,0.011324527993565425,1,5,0.0022168470022734255,0.011324527993565425,0.0002983979939017445,225792.0,188160.0
neu_mbv2_pattern_mining,2026-02-08T13:00:50,3,91,19,0,1.0,5.392223556555109e-06,7.0747808,0.11174601980019361,0.08852771978126839,0.02321830001892522,1,5,0.008227741986047477,0.02321830001892522,0.0006250299920793623,4816896.0,4014080.0
neu_mbv2_pattern_mining,2026-02-08T13:00:50,3,92,19,1,1.0,8.152631380653474e-06,7.0747808,0.03016303898766637,0.022107149998191744,0.008055888989474624,1,5,0.0019492110004648566,0.008055888989474624,0.0002615039993543178,4816896.0,4014080.0
neu_mbv2_pattern_mining,2026-02-08T13:00:50,3,93,19,2,1.0,0.00011523121793288738,7.0747808,0.03017762571107596,0.022035319707356393,0.008142306003719568,1,5,0.0019466879894025624,0.008142306003719568,0.00025684398133307695,4816896.0,4014080.0
neu_mbv2_pattern_mining,2026-02-08T13:00:50,3,94,19,3,1.0,0.00018511427333578467,7.0747808,0.03171745201689191,0.022874650021549314,0.008842801995342597,1,5,0.0020328919927123934,0.008842801995342597,0.000254573009442538,4816896.0,4014080.0
neu_mbv2_pattern_mining,2026-02-08T13:00:50,3,95,19,4,1.0,0.18855102360248566,0.3411616,0.03923088707961142,0.02789824007777497,0.011332647001836449,1,5,0.0024620410113129765,0.011332647001836449,0.0003277829964645207,225792.0,188160.0
neu_mbv2_pattern_mining,2026-02-08T13:00:50,4,91,19,0,1.0,4.4262196752242744e-05,7.0747808,0.11780019497382455,0.09456494997721165,0.02323524499661289,1,5,0.008908543997677043,0.02323524499661289,0.0005479510000441223,4816896.0,4014080.0
neu_mbv2_pattern_mining,2026-02-08T13:00:51,4,92,19,1,1.0,0.00024188020324800164,7.0747808,0.03197222686139867,0.023372859868686646,0.008599366992712021,1,5,0.0020638869900722057,0.008599366992712021,0.00027339899679645896,4816896.0,4014080.0
neu_mbv2_pattern_mining,2026-02-08T13:00:51,4,93,19,2,1.0,0.003462185151875019,7.0747808,0.03151943610282615,0.02297944010933861,0.008539995993487537,1,5,0.002031003008596599,0.008539995993487537,0.00026694100233726203,4816896.0,4014080.0
neu_mbv2_pattern_mining,2026-02-08T13:00:51,4,94,19,3,1.0,0.0027904289308935404,7.0747808,0.03109989204676822,0.02260256005683914,0.00849733198992908,1,5,0.002007153001613915,0.00849733198992908,0.00025310300406999886,4816896.0,4014080.0
neu_mbv2_pattern_mining,2026-02-08T13:00:51,4,95,19,4,0.6666666666666666,0.9911330342292786,0.3411616,0.03902079601539299,0.027258780028205365,0.011762015987187624,1,5,0.0024068809871096164,0.011762015987187624,0.0003189970157109201,225792.0,188160.0
neu_mbv2_pattern_mining,2026-02-08T13:00:52,0,96,20,0,1.0,7.899760385043919e-05,7.0747808,0.1283066961041186,0.09696774010080844,0.03133895600331016,1,5,0.009053927002241835,0.03133895600331016,0.0006428470078390092,4816896.0,4014080.0
neu_mbv2_pattern_mining,2026-02-08T13:00:52,0,97,20,1,1.0,0.00024625175865367055,7.0747808,0.035912669729441404,0.026373719738330692,0.009538949991110712,1,5,0.0023333279823418707,0.009538949991110712,0.00030404399149119854,4816896.0,4014080.0
neu_mbv2_pattern_mining,2026-02-08T13:00:52,0,98,20,2,1.0,2.5188874133164063e-05,7.0747808,0.03665298386476934,0.026628199848346412,0.010024784016422927,1,5,0.0023338210012298077,0.010024784016422927,0.0003289989836048335,4816896.0,4014080.0
neu_mbv2_pattern_mining,2026-02-08T13:00:52,0,99,20,3,1.0,0.003961437381803989,7.0747808,0.03458201195462607,0.02513301995350048,0.009448992001125589,1,5,0.0022238419915083796,0.009448992001125589,0.00028946000384166837,4816896.0,4014080.0
neu_mbv2_pattern_mining,2026-02-08T13:00:52,0,100,20,4,0.25,4.94594669342041,0.45154880000000003,0.03617424092954025,0.025767009938135743,0.010407230991404504,1,5,0.002293453988386318,0.010407230991404504,0.0002832470054272562,301056.0,250880.0
neu_mbv2_pattern_mining,2026-02-08T13:00:53,1,96,20,0,1.0,1.541199890198186e-05,7.0747808,0.15446518626413308,0.12137563026044518,0.0330895560036879,1,5,0.011459906003437936,0.0330895560036879,0.0006776570226065814,4816896.0,4014080.0
neu_mbv2_pattern_mining,2026-02-08T13:00:53,1,97,20,1,1.0,0.0003936464781872928,7.0747808,0.0424288977519609,0.03111557976808399,0.011313317983876914,1,5,0.0027682959917001426,0.011313317983876914,0.00034326198510825634,4816896.0,4014080.0
neu_mbv2_pattern_mining,2026-02-08T13:00:53,1,98,20,2,0.96875,0.08231231570243835,7.0747808,0.0396367741341237,0.029289300146047026,0.010347473988076672,1,5,0.002591333002783358,0.010347473988076672,0.0003375970118213445,4816896.0,4014080.0
neu_mbv2_pattern_mining,2026-02-08T13:00:53,1,99,20,3,1.0,0.00019541835354175419,7.0747808,0.03968517924658954,0.029321090260054916,0.010364088986534625,1,5,0.002601495012640953,0.010364088986534625,0.00033061401336453855,4816896.0,4014080.0
neu_mbv2_pattern_mining,2026-02-08T13:00:53,1,100,20,4,0.3333333333333333,2.262723684310913,0.3411616,0.04247798505821265,0.029181200079619884,0.013296784978592768,1,5,0.002587641996797174,0.013296784978592768,0.00033047801116481423,225792.0,188160.0
neu_mbv2_pattern_mining,2026-02-08T13:00:54,2,96,20,0,1.0,9.54301231104182e-06,7.0747808,0.10937937485869043,0.08679397986270487,0.022585394995985553,1,5,0.008179702999768779,0.022585394995985553,0.0004996949865017086,4816896.0,4014080.0
neu_mbv2_pattern_mining,2026-02-08T13:00:54,2,97,20,1,1.0,5.0961243687197566e-05,7.0747808,0.03410758703830652,0.025225940044037998,0.008881646994268522,1,5,0.0022180329833645374,0.008881646994268522,0.0003045610210392624,4816896.0,4014080.0
neu_mbv2_pattern_mining,2026-02-08T13:00:54,2,98,20,2,1.0,0.0001431953423889354,7.0747808,0.03676705187535845,0.028297019889578223,0.008470031985780224,1,5,0.0025347709888592362,0.008470031985780224,0.0002949310000985861,4816896.0,4014080.0
neu_mbv2_pattern_mining,2026-02-08T13:00:54,2,99,20,3,0.984375,0.10379378497600555,7.0747808,0.0341027062095236,0.02531588019337505,0.008786826016148552,1,5,0.0022246410080697387,0.008786826016148552,0.00030694701126776636,4816896.0,4014080.0
neu_mbv2_pattern_mining,2026-02-08T13:00:54,2,100,20,4,1.0,0.11017077416181564,0.3411616,0.037889021914452314,0.026486619899515063,0.011402402014937252,1,5,0.002338933991268277,0.011402402014937252,0.0003097279986832291,225792.0,188160.0
neu_mbv2_pattern_mining,2026-02-08T13:00:55,3,96,20,0,1.0,3.502817344269715e-05,7.0747808,0.11695318826241419,0.0941536802565679,0.022799508005846292,1,5,0.008929647010518238,0.022799508005846292,0.0004857210151385516,4816896.0,4014080.0
neu_mbv2_pattern_mining,2026-02-08T13:00:55,3,97,20,1,0.9375,0.1137680932879448,7.0747808,0.033042117953300476,0.024764139961916953,0.008277977991383523,1,5,0.0021882640139665455,0.008277977991383523,0.00028814998222514987,4816896.0,4014080.0
neu_mbv2_pattern_mining,2026-02-08T13:00:55,3,98,20,2,0.984375,0.12047217041254044,7.0747808,0.030657467257697135,0.022949960257392377,0.0077075070003047585,1,5,0.0020126610179431736,0.0077075070003047585,0.000282335007796064,4816896.0,4014080.0
neu_mbv2_pattern_mining,2026-02-08T13:00:55,3,99,20,3,0.90625,0.3709832429885864,7.0747808,0.030868461180943996,0.023132350179366767,0.007736111001577228,1,5,0.0020350080158095807,0.007736111001577228,0.00027822700212709606,4816896.0,4014080.0
neu_mbv2_pattern_mining,2026-02-08T13:00:55,3,100,20,4,1.0,0.22904819250106812,0.3411616,0.0348447848809883,0.025240519898943603,0.009604264982044697,1,5,0.002237560984212905,0.009604264982044697,0.00028649100568145514,225792.0,188160.0
neu_mbv2_pattern_mining,2026-02-08T13:00:56,4,96,20,0,1.0,1.085428175429115e-05,7.0747808,0.13479734223801643,0.10828598024090752,0.026511361997108907,1,5,0.010346980998292565,0.026511361997108907,0.00048161702579818666,4816896.0,4014080.0
neu_mbv2_pattern_mining,2026-02-08T13:00:56,4,97,20,1,1.0,0.0001010426931316033,7.0747808,0.03654101808206178,0.027686000103130937,0.008855017978930846,1,5,0.0024716740008443594,0.008855017978930846,0.00029692600946873426,4816896.0,4014080.0
neu_mbv2_pattern_mining,2026-02-08T13:00:56,4,98,20,2,1.0,0.008310066536068916,7.0747808,0.033802526915678754,0.02499530994100496,0.008807216974673793,1,5,0.002201572002377361,0.008807216974673793,0.0002979589917231351,4816896.0,4014080.0
neu_mbv2_pattern_mining,2026-02-08T13:00:56,4,99,20,3,1.0,7.351614476647228e-05,7.0747808,0.034287334012333304,0.025527719990350306,0.008759614021982998,1,5,0.002240317000541836,0.008759614021982998,0.0003124549984931946,4816896.0,4014080.0
neu_mbv2_pattern_mining,2026-02-08T13:00:56,4,100,20,4,1.0,0.057047534734010696,0.3411616,0.027232457097852603,0.018796510121319443,0.00843594697653316,1,5,0.0016776080010458827,0.00843594697653316,0.0002020430110860616,225792.0,188160.0
neu_mbv2_pattern_mining,2026-02-08T13:00:57,0,101,21,0,1.0,0.00022864101629238576,7.0747808,0.1057893788383808,0.08267890982097015,0.02311046901741065,1,5,0.007787244976498187,0.02311046901741065,0.0004806460055988282,4816896.0,4014080.0
neu_mbv2_pattern_mining,2026-02-08T13:00:57,0,102,21,1,1.0,0.0007033396395854652,7.0747808,0.03035519804689102,0.022199740051291883,0.008155457995599136,1,5,0.001948296994669363,0.008155457995599136,0.0002716770104598254,4816896.0,4014080.0
neu_mbv2_pattern_mining,2026-02-08T13:00:57,0,103,21,2,0.984375,0.07459214329719543,7.0747808,0.03140852801152505,0.022895220026839525,0.008513307984685525,1,5,0.0020113920036237687,0.008513307984685525,0.00027812999906018376,4816896.0,4014080.0
neu_mbv2_pattern_mining,2026-02-08T13:00:57,0,104,21,3,1.0,0.0011276729637756944,7.0747808,0.032612386072287336,0.023675310076214373,0.008937075996072963,1,5,0.002094374009175226,0.008937075996072963,0.0002731569984462112,4816896.0,4014080.0
neu_mbv2_pattern_mining,2026-02-08T13:00:57,0,105,21,4,0.5,4.840361595153809,0.45154880000000003,0.03762766913860105,0.027396230143494904,0.010231438995106146,1,5,0.002423508994979784,0.010231438995106146,0.0003161140193697065,301056.0,250880.0
neu_mbv2_pattern_mining,2026-02-08T13:00:58,1,101,21,0,1.0,0.002656894735991955,7.0747808,0.14110970811452717,0.11287705012364313,0.028232657990884036,1,5,0.010700526996515691,0.028232657990884036,0.0005871780158486217,4816896.0,4014080.0
neu_mbv2_pattern_mining,2026-02-08T13:00:58,1,102,21,1,0.875,1.8203144073486328,7.0747808,0.03332419999060221,0.02438550000078976,0.008938699989812449,1,5,0.002125441998941824,0.008938699989812449,0.0003131080011371523,4816896.0,4014080.0
neu_mbv2_pattern_mining,2026-02-08T13:00:58,1,103,21,2,0.984375,0.03216696158051491,7.0747808,0.03275797003880143,0.024462190049234778,0.008295779989566654,1,5,0.002170431020203978,0.008295779989566654,0.00027578798471949995,4816896.0,4014080.0
neu_mbv2_pattern_mining,2026-02-08T13:00:58,1,104,21,3,0.984375,0.029187556356191635,7.0747808,0.030287944100564346,0.022642140102107078,0.007645803998457268,1,5,0.0019907180103473365,0.007645803998457268,0.00027349599986337125,4816896.0,4014080.0
neu_mbv2_pattern_mining,2026-02-08T13:00:58,1,105,21,4,0.3333333333333333,3.8324177265167236,0.3411616,0.03183051114319824,0.022133850143291056,0.00969666099990718,1,5,0.0019583110115490854,0.00969666099990718,0.00025507400278002024,225792.0,188160.0
neu_mbv2_pattern_mining,2026-02-08T13:00:59,2,101,21,0,1.0,0.00020059749658685178,7.0747808,0.20171181604382582,0.1596447400515899,0.042067075992235914,1,5,0.01525552399107255,0.042067075992235914,0.0007089500140864402,4816896.0,4014080.0
neu_mbv2_pattern_mining,2026-02-08T13:00:59,2,102,21,1,0.984375,0.03164160996675491,7.0747808,0.03976572331157513,0.02894598030252382,0.010819743009051308,1,5,0.0025524220254737884,0.010819743009051308,0.0003421760047785938,4816896.0,4014080.0
neu_mbv2_pattern_mining,2026-02-08T13:00:59,2,103,21,2,0.90625,0.511289119720459,7.0747808,0.03879668173613027,0.028600479708984494,0.010196202027145773,1,5,0.002542325993999839,0.010196202027145773,0.0003177219768986106,4816896.0,4014080.0
neu_mbv2_pattern_mining,2026-02-08T13:00:59,2,104,21,3,1.0,0.0011255083372816443,7.0747808,0.041288074979092926,0.03049054997973144,0.010797524999361485,1,5,0.0027235599991399795,0.010797524999361485,0.00032549499883316457,4816896.0,4014080.0
neu_mbv2_pattern_mining,2026-02-08T13:00:59,2,105,21,4,0.3333333333333333,2.0444672107696533,0.3411616,0.04102713998872787,0.028804239991586655,0.012222899997141212,1,5,0.002553994010668248,0.012222899997141212,0.0003264299884904176,225792.0,188160.0
neu_mbv2_pattern_mining,2026-02-08T13:01:00,3,101,21,0,1.0,4.1996987420134246e-05,7.0747808,0.18284026422770694,0.14566095022019,0.03717931400751695,1,5,0.013910234003560618,0.03717931400751695,0.0006558610184583813,4816896.0,4014080.0
neu_mbv2_pattern_mining,2026-02-08T13:01:00,3,102,21,1,1.0,0.001192780095152557,7.0747808,0.03876396085252054,0.02889959985623136,0.009864360996289179,1,5,0.002549125987570733,0.009864360996289179,0.00034083399805240333,4816896.0,4014080.0
neu_mbv2_pattern_mining,2026-02-08T13:01:00,3,103,21,2,1.0,0.019466500729322433,7.0747808,0.03994618309661746,0.02961721009342,0.010328973003197461,1,5,0.002637055004015565,0.010328973003197461,0.00032466600532643497,4816896.0,4014080.0
neu_mbv2_pattern_mining,2026-02-08T13:01:00,3,104,21,3,1.0,0.007153552491217852,7.0747808,0.036014802812132984,0.026710569800343364,0.00930423301178962,1,5,0.002367776003666222,0.00930423301178962,0.00030328097636811435,4816896.0,4014080.0
neu_mbv2_pattern_mining,2026-02-08T13:01:00,3,105,21,4,1.0,0.18199598789215088,0.3411616,0.03780464277951978,0.026631289802026004,0.011173352977493778,1,5,0.0023533999919891357,0.011173352977493778,0.0003097289882134646,225792.0,188160.0
neu_mbv2_pattern_mining,2026-02-08T13:01:01,4,101,21,0,1.0,7.855339936213568e-05,7.0747808,0.14667544377152808,0.11710220976965502,0.02957323400187306,1,5,0.011022744991350919,0.02957323400187306,0.0006874759856145829,4816896.0,4014080.0
neu_mbv2_pattern_mining,2026-02-08T13:01:01,4,102,21,1,0.953125,0.22578030824661255,7.0747808,0.03810166209586896,0.028502870118245482,0.009598791977623478,1,5,0.0025288910255767405,0.009598791977623478,0.00032139598624780774,4816896.0,4014080.0
neu_mbv2_pattern_mining,2026-02-08T13:01:01,4,103,21,2,0.96875,0.13979560136795044,7.0747808,0.03450231798342429,0.025736789975780994,0.008765528007643297,1,5,0.0022718489926774055,0.008765528007643297,0.0003018300049006939,4816896.0,4014080.0
neu_mbv2_pattern_mining,2026-02-08T13:01:01,4,104,21,3,0.90625,0.41242334246635437,7.0747808,0.03344842520891689,0.02498222020221874,0.008466205006698146,1,5,0.0021910350187681615,0.008466205006698146,0.0003071870014537126,4816896.0,4014080.0
neu_mbv2_pattern_mining,2026-02-08T13:01:01,4,105,21,4,0.6666666666666666,3.349923849105835,0.3411616,0.034812224039342254,0.02448468003422022,0.010327544005122036,1,5,0.0021577760053332895,0.010327544005122036,0.00029069199808873236,225792.0,188160.0
neu_mbv2_pattern_mining,2026-02-08T13:01:02,0,106,22,0,1.0,0.00011139761772938073,7.0747808,0.20781351899495348,0.15252495999448,0.05528855900047347,1,5,0.014385547983692959,0.05528855900047347,0.0008669480157550424,4816896.0,4014080.0
neu_mbv2_pattern_mining,2026-02-08T13:01:02,0,107,22,1,1.0,0.0021885663736611605,7.0747808,0.0455152700887993,0.03315556008601561,0.012359710002783686,1,5,0.002964746003272012,0.012359710002783686,0.0003508100053295493,4816896.0,4014080.0
neu_mbv2_pattern_mining,2026-02-08T13:01:02,0,108,22,2,0.96875,0.07833385467529297,7.0747808,0.039446712034987286,0.028727930039167404,0.010718781995819882,1,5,0.002549035008996725,0.010718781995819882,0.00032375799492001534,4816896.0,4014080.0
neu_mbv2_pattern_mining,2026-02-08T13:01:02,0,109,22,3,1.0,0.00018535013077780604,7.0747808,0.03959334723185748,0.028958580223843455,0.010634767008014023,1,5,0.002583973022410646,0.010634767008014023,0.00031188499997369945,4816896.0,4014080.0
neu_mbv2_pattern_mining,2026-02-08T13:01:02,0,110,22,4,0.5,2.920055389404297,0.45154880000000003,0.040811803977703676,0.030099099967628717,0.010712704010074958,1,5,0.002687909989617765,0.010712704010074958,0.0003220000071451068,301056.0,250880.0
neu_mbv2_pattern_mining,2026-02-08T13:01:03,1,106,22,0,1.0,3.384749288670719e-05,7.0747808,0.14150837194756605,0.10898003994952887,0.032528331998037174,1,5,0.01025423000101,0.032528331998037174,0.0006437739939428866,4816896.0,4014080.0
neu_mbv2_pattern_mining,2026-02-08T13:01:03,1,107,22,1,1.0,0.0008070591138675809,7.0747808,0.036274042911827564,0.02698550990317017,0.009288533008657396,1,5,0.002373683004407212,0.009288533008657396,0.0003248679859098047,4816896.0,4014080.0
neu_mbv2_pattern_mining,2026-02-08T13:01:03,1,108,22,2,0.953125,0.1426253616809845,7.0747808,0.038010828953702,0.028238859958946705,0.009771968994755298,1,5,0.002497584995580837,0.009771968994755298,0.00032630100031383336,4816896.0,4014080.0
neu_mbv2_pattern_mining,2026-02-08T13:01:03,1,109,22,3,1.0,0.00031277647940441966,7.0747808,0.03789666117518209,0.027993940166197717,0.009902721008984372,1,5,0.0024662140058353543,0.009902721008984372,0.0003331800107844174,4816896.0,4014080.0
neu_mbv2_pattern_mining,2026-02-08T13:01:03,1,110,22,4,0.3333333333333333,4.350861072540283,0.3411616,0.043784788955235854,0.03062489995500073,0.013159889000235125,1,5,0.002704829996218905,0.013159889000235125,0.000357659999281168,225792.0,188160.0
neu_mbv2_pattern_mining,2026-02-08T13:01:04,2,106,22,0,1.0,1.2784732462023385e-05,7.0747808,0.10635148905566894,0.08415418007643893,0.02219730897923,1,5,0.00793358898954466,0.02219730897923,0.0004818290180992335,4816896.0,4014080.0
neu_mbv2_pattern_mining,2026-02-08T13:01:04,2,107,22,1,0.984375,0.03558171167969704,7.0747808,0.02875741693424061,0.021768129954580218,0.006989286979660392,1,5,0.0019014730060007423,0.006989286979660392,0.00027533998945727944,4816896.0,4014080.0
neu_mbv2_pattern_mining,2026-02-08T13:01:04,2,108,22,2,1.0,0.0007084421813488007,7.0747808,0.02972089810646139,0.022320350108202547,0.007400547998258844,1,5,0.0019638130033854395,0.007400547998258844,0.00026822200743481517,4816896.0,4014080.0
neu_mbv2_pattern_mining,2026-02-08T13:01:04,2,109,22,3,0.96875,0.15151312947273254,7.0747808,0.029819798190146685,0.02258092019474134,0.007238877995405346,1,5,0.001994801015825942,0.007238877995405346,0.0002632910036481917,4816896.0,4014080.0
neu_mbv2_pattern_mining,2026-02-08T13:01:04,2,110,22,4,0.6666666666666666,0.5756149291992188,0.3411616,0.03304380507324822,0.02346577006392181,0.009578035009326413,1,5,0.00205275000189431,0.009578035009326413,0.0002938270044978708,225792.0,188160.0
neu_mbv2_pattern_mining,2026-02-08T13:01:05,3,106,22,0,1.0,3.084202398895286e-05,7.0747808,0.22098785513662733,0.17505582014564425,0.045932034990983084,1,5,0.016801840014522895,0.045932034990983084,0.0007037420000415295,4816896.0,4014080.0
neu_mbv2_pattern_mining,2026-02-08T13:01:05,3,107,22,1,1.0,3.330815889057703e-05,7.0747808,0.04001214497839101,0.02961849997518584,0.010393645003205165,1,5,0.002608959999633953,0.010393645003205165,0.00035288999788463116,4816896.0,4014080.0
neu_mbv2_pattern_mining,2026-02-08T13:01:05,3,108,22,2,1.0,0.00010514496534597129,7.0747808,0.04249997917213477,0.03153796016704291,0.010962019005091861,1,5,0.0027914380189031363,0.010962019005091861,0.00036235799780115485,4816896.0,4014080.0
neu_mbv2_pattern_mining,2026-02-08T13:01:05,3,109,22,3,0.984375,0.03328047692775726,7.0747808,0.039622606709599495,0.029306659707799554,0.010315947001799941,1,5,0.002582722983788699,0.010315947001799941,0.0003479429869912565,4816896.0,4014080.0
neu_mbv2_pattern_mining,2026-02-08T13:01:05,3,110,22,4,0.6666666666666666,0.2982178032398224,0.3411616,0.041537055163644254,0.029751830152235925,0.011785225011408329,1,5,0.002638861013110727,0.011785225011408329,0.00033632200211286545,225792.0,188160.0
neu_mbv2_pattern_mining,2026-02-08T13:01:06,4,106,22,0,1.0,0.00040933425771072507,7.0747808,0.11282411406864412,0.08942426007706672,0.023399853991577402,1,5,0.008421978011028841,0.023399853991577402,0.0005204479966778308,4816896.0,4014080.0
neu_mbv2_pattern_mining,2026-02-08T13:01:06,4,107,22,1,0.984375,0.047800641506910324,7.0747808,0.030971829342888668,0.02278350031701848,0.008188329025870189,1,5,0.0019909600086975843,0.008188329025870189,0.00028739002300426364,4816896.0,4014080.0
neu_mbv2_pattern_mining,2026-02-08T13:01:06,4,108,22,2,1.0,0.003246481064707041,7.0747808,0.032253060286166146,0.02334897028049454,0.008904090005671605,1,5,0.002058882004348561,0.008904090005671605,0.0002760150237008929,4816896.0,4014080.0
neu_mbv2_pattern_mining,2026-02-08T13:01:06,4,109,22,3,1.0,0.00032531394390389323,7.0747808,0.032773905812064186,0.02381587983109057,0.008958025980973616,1,5,0.0021026949980296195,0.008958025980973616,0.0002788929850794375,4816896.0,4014080.0
neu_mbv2_pattern_mining,2026-02-08T13:01:06,4,110,22,4,0.6666666666666666,1.055564522743225,0.3411616,0.03603923387709074,0.02494624990504235,0.011092983972048387,1,5,0.0022073829895816743,0.011092983972048387,0.0002872420009225607,225792.0,188160.0
neu_mbv2_pattern_mining,2026-02-08T13:01:07,0,111,23,0,1.0,0.0005074828513897955,7.0747808,0.15609095804393291,0.12302271003136411,0.0330682480125688,1,5,0.01162893298896961,0.0330682480125688,0.0006733380141668022,4816896.0,4014080.0
neu_mbv2_pattern_mining,2026-02-08T13:01:07,0,112,23,1,1.0,0.0013043254148215055,7.0747808,0.044463615340646356,0.03287308034487069,0.01159053499577567,1,5,0.003007042017998174,0.01159053499577567,0.0002802660164888948,4816896.0,4014080.0
neu_mbv2_pattern_mining,2026-02-08T13:01:07,0,113,23,2,0.984375,0.01631016470491886,7.0747808,0.03551279107341543,0.025668010057415813,0.009844781015999615,1,5,0.0022998719941824675,0.009844781015999615,0.00026692901155911386,4816896.0,4014080.0
neu_mbv2_pattern_mining,2026-02-08T13:01:07,0,114,23,3,1.0,0.00025500840274617076,7.0747808,0.035217028082115576,0.025227550067938864,0.009989478014176711,1,5,0.002266777999466285,0.009989478014176711,0.0002559770073276013,4816896.0,4014080.0
neu_mbv2_pattern_mining,2026-02-08T13:01:08,0,115,23,4,0.75,0.35803696513175964,0.45154880000000003,0.043707437871489674,0.030391099862754345,0.013316338008735329,1,5,0.0027240079944022,0.013316338008735329,0.0003151019918732345,301056.0,250880.0
neu_mbv2_pattern_mining,2026-02-08T13:01:08,1,111,23,0,1.0,5.6751203374005854e-05,7.0747808,0.12151722304406576,0.09772007004357874,0.023797153000487015,1,5,0.009277434990508482,0.023797153000487015,0.0004945720138493925,4816896.0,4014080.0
neu_mbv2_pattern_mining,2026-02-08T13:01:08,1,112,23,1,1.0,2.5445140636293218e-05,7.0747808,0.02964764492935501,0.021611629927065223,0.008036015002289787,1,5,0.0019141999946441501,0.008036015002289787,0.0002469629980623722,4816896.0,4014080.0
neu_mbv2_pattern_mining,2026-02-08T13:01:08,1,113,23,2,0.890625,0.238093763589859,7.0747808,0.032877837016712874,0.024072770029306412,0.008805066987406462,1,5,0.0021436630049720407,0.008805066987406462,0.0002636139979586005,4816896.0,4014080.0
neu_mbv2_pattern_mining,2026-02-08T13:01:08,1,114,23,3,1.0,0.00011798948980867863,7.0747808,0.03259221513872035,0.023705660132691264,0.008886555006029084,1,5,0.0021089189976919442,0.008886555006029084,0.0002616470155771822,4816896.0,4014080.0
neu_mbv2_pattern_mining,2026-02-08T13:01:08,1,115,23,4,0.3333333333333333,3.3288772106170654,0.3411616,0.038336708064889535,0.026498640072531998,0.011838067992357537,1,5,0.002354883006773889,0.011838067992357537,0.00029498100047931075,225792.0,188160.0
neu_mbv2_pattern_mining,2026-02-08T13:01:09,2,111,23,0,1.0,0.0043445760384202,7.0747808,0.1735916152538266,0.13871576025849208,0.03487585499533452,1,5,0.013214046019129455,0.03487585499533452,0.0006575300067197531,4816896.0,4014080.0
neu_mbv2_pattern_mining,2026-02-08T13:01:09,2,112,23,1,1.0,0.006433404982089996,7.0747808,0.03532156700384803,0.025883420021273196,0.009438146982574835,1,5,0.0022743039880879223,0.009438146982574835,0.00031403801403939724,4816896.0,4014080.0
neu_mbv2_pattern_mining,2026-02-08T13:01:09,2,113,23,2,0.984375,0.01674671098589897,7.0747808,0.033096900093369186,0.02393964008660987,0.009157260006759316,1,5,0.002157078997697681,0.009157260006759316,0.00023688501096330583,4816896.0,4014080.0
neu_mbv2_pattern_mining,2026-02-08T13:01:09,2,114,23,3,1.0,0.013722370378673077,7.0747808,0.034340024954872206,0.024306919949594885,0.01003310500527732,1,5,0.002170327992644161,0.01003310500527732,0.0002603640023153275,4816896.0,4014080.0
neu_mbv2_pattern_mining,2026-02-08T13:01:09,2,115,23,4,0.6666666666666666,3.0620298385620117,0.3411616,0.036896031291689724,0.025979630299843848,0.010916400991845876,1,5,0.0023324020148720592,0.010916400991845876,0.00026556101511232555,225792.0,188160.0
neu_mbv2_pattern_mining,2026-02-08T13:01:10,3,111,23,0,1.0,0.0005419572116807103,7.0747808,0.11968849101685919,0.09351624001283199,0.026172251004027203,1,5,0.00882143501075916,0.026172251004027203,0.0005301889905240387,4816896.0,4014080.0
neu_mbv2_pattern_mining,2026-02-08T13:01:10,3,112,23,1,0.953125,0.3404943346977234,7.0747808,0.02639202628051862,0.019072110299021006,0.007319915981497616,1,5,0.0017002620152197778,0.007319915981497616,0.00020694901468232274,4816896.0,4014080.0
neu_mbv2_pattern_mining,2026-02-08T13:01:10,3,113,23,2,1.0,0.0001632678904570639,7.0747808,0.026770638185553253,0.01946952019352466,0.007301117992028594,1,5,0.0017458120128139853,0.007301117992028594,0.00020114000653848052,4816896.0,4014080.0
neu_mbv2_pattern_mining,2026-02-08T13:01:10,3,114,23,3,1.0,0.013242190703749657,7.0747808,0.0266215420269873,0.01932607003254816,0.00729547199443914,1,5,0.0017257779836654663,0.00729547199443914,0.00020682901958934963,4816896.0,4014080.0
neu_mbv2_pattern_mining,2026-02-08T13:01:10,3,115,23,4,1.0,0.24474036693572998,0.3411616,0.029371348209679127,0.02035633020568639,0.009015018003992736,1,5,0.0017972950008697808,0.009015018003992736,0.00023833801969885826,225792.0,188160.0
neu_mbv2_pattern_mining,2026-02-08T13:01:11,4,111,23,0,0.984375,0.041798386722803116,7.0747808,0.1542049699346535,0.12050791992805898,0.03369705000659451,1,5,0.011449790006736293,0.03369705000659451,0.0006010019860696048,4816896.0,4014080.0
neu_mbv2_pattern_mining,2026-02-08T13:01:11,4,112,23,1,1.0,0.0019801631569862366,7.0747808,0.032230257987976074,0.023356949968729168,0.008873308019246906,1,5,0.002088907000143081,0.008873308019246906,0.00024678799672983587,4816896.0,4014080.0
neu_mbv2_pattern_mining,2026-02-08T13:01:11,4,113,23,2,0.84375,0.5042214393615723,7.0747808,0.031427892710780725,0.022646819707006216,0.008781073003774509,1,5,0.002031630981946364,0.008781073003774509,0.00023305098875425756,4816896.0,4014080.0
neu_mbv2_pattern_mining,2026-02-08T13:01:11,4,114,23,3,1.0,0.034277960658073425,7.0747808,0.0308067133591976,0.022505990345962346,0.008300723013235256,1,5,0.0020306690130382776,0.008300723013235256,0.00021993002155795693,4816896.0,4014080.0
neu_mbv2_pattern_mining,2026-02-08T13:01:11,4,115,23,4,1.0,0.007856952957808971,0.3411616,0.03617266195942648,0.025633159966673702,0.010539501992752776,1,5,0.0023215929977595806,0.010539501992752776,0.0002417229989077896,225792.0,188160.0
neu_mbv2_pattern_mining,2026-02-08T13:01:12,0,116,24,0,1.0,0.0017222496680915356,7.0747808,0.21107134196790867,0.15980085998307914,0.05127048198482953,1,5,0.015098142001079395,0.05127048198482953,0.0008819439972285181,4816896.0,4014080.0
neu_mbv2_pattern_mining,2026-02-08T13:01:13,0,117,24,1,0.890625,1.272623896598816,7.0747808,0.050987595051992685,0.03829933004453778,0.012688265007454902,1,5,0.0035008100094273686,0.012688265007454902,0.0003291229950264096,4816896.0,4014080.0
neu_mbv2_pattern_mining,2026-02-08T13:01:13,0,118,24,2,1.0,0.005839236080646515,7.0747808,0.035364119976293296,0.02552496996941045,0.009839150006882846,1,5,0.002286139002535492,0.009839150006882846,0.00026635799440555274,4816896.0,4014080.0
neu_mbv2_pattern_mining,2026-02-08T13:01:13,0,119,24,3,0.953125,0.23848938941955566,7.0747808,0.03525199380237609,0.025416099815629423,0.009835893986746669,1,5,0.0022874219866935164,0.009835893986746669,0.0002541879948694259,4816896.0,4014080.0
neu_mbv2_pattern_mining,2026-02-08T13:01:13,0,120,24,4,0.5,1.9460804462432861,0.45154880000000003,0.03586133607313968,0.025773110100999475,0.010088225972140208,1,5,0.002335913013666868,0.010088225972140208,0.00024139799643307924,301056.0,250880.0
neu_mbv2_pattern_mining,2026-02-08T13:01:13,1,116,24,0,1.0,0.0010023941285908222,7.0747808,0.19299097001203336,0.16094544000225142,0.03204553000978194,1,5,0.015514316997723654,0.03204553000978194,0.0005802270025014877,4816896.0,4014080.0
neu_mbv2_pattern_mining,2026-02-08T13:01:13,1,117,24,1,0.828125,2.3782527446746826,7.0747808,0.03865213313838467,0.02811442012898624,0.01053771300939843,1,5,0.002473997010383755,0.01053771300939843,0.000337445002514869,4816896.0,4014080.0
neu_mbv2_pattern_mining,2026-02-08T13:01:13,1,118,24,2,0.96875,0.0918755978345871,7.0747808,0.03447567694820464,0.024877639953047037,0.0095980369951576,1,5,0.002247849013656378,0.0095980369951576,0.00023991498164832592,4816896.0,4014080.0
neu_mbv2_pattern_mining,2026-02-08T13:01:14,1,119,24,3,0.953125,0.1296275556087494,7.0747808,0.03284619576879777,0.023631529766134918,0.009214666002662852,1,5,0.0021216029999777675,0.009214666002662852,0.0002415499766357243,4816896.0,4014080.0
neu_mbv2_pattern_mining,2026-02-08T13:01:14,1,120,24,4,0.0,7.731586933135986,0.3411616,0.03905107273021713,0.02652107970789075,0.01252999302232638,1,5,0.0023407489934470505,0.01252999302232638,0.00031135897734202445,225792.0,188160.0
neu_mbv2_pattern_mining,2026-02-08T13:01:14,2,116,24,0,1.0,8.402826642850414e-05,7.0747808,0.13821078813634813,0.1093129301443696,0.028897857991978526,1,5,0.01039143800153397,0.028897857991978526,0.00053985501290299,4816896.0,4014080.0
neu_mbv2_pattern_mining,2026-02-08T13:01:14,2,117,24,1,1.0,0.0017953966744244099,7.0747808,0.030148285819450393,0.02199591981479898,0.008152366004651412,1,5,0.001954926992766559,0.008152366004651412,0.00024466498871333897,4816896.0,4014080.0
neu_mbv2_pattern_mining,2026-02-08T13:01:14,2,118,24,2,0.984375,0.01739596202969551,7.0747808,0.030260667961556464,0.021846239978913218,0.008414427982643247,1,5,0.0019752189982682467,0.008414427982643247,0.00020940499962307513,4816896.0,4014080.0
neu_mbv2_pattern_mining,2026-02-08T13:01:14,2,119,24,3,1.0,0.00042370634037069976,7.0747808,0.02733240617089905,0.020025370176881552,0.007307035994017497,1,5,0.0018217650067526847,0.007307035994017497,0.00018077201093547046,4816896.0,4014080.0
neu_mbv2_pattern_mining,2026-02-08T13:01:14,2,120,24,4,0.6666666666666666,2.6073691844940186,0.3411616,0.029797542869346216,0.02074711985187605,0.009050423017470166,1,5,0.001882949989521876,0.009050423017470166,0.00019176199566572905,225792.0,188160.0
neu_mbv2_pattern_mining,2026-02-08T13:01:15,3,116,24,0,1.0,0.0012322841212153435,7.0747808,0.19836405495880172,0.1566176299820654,0.04174642497673631,1,5,0.014955535996705294,0.04174642497673631,0.0007062270015012473,4816896.0,4014080.0
neu_mbv2_pattern_mining,2026-02-08T13:01:15,3,117,24,1,0.671875,3.8033909797668457,7.0747808,0.036067726934561506,0.026054079935420305,0.010013646999141201,1,5,0.002330482006072998,0.010013646999141201,0.0002749259874690324,4816896.0,4014080.0
neu_mbv2_pattern_mining,2026-02-08T13:01:15,3,118,24,2,1.0,0.0005611117812804878,7.0747808,0.028441937785828486,0.020488549780566245,0.00795338800526224,1,5,0.001836993993492797,0.00795338800526224,0.00021186098456382751,4816896.0,4014080.0
neu_mbv2_pattern_mining,2026-02-08T13:01:15,3,119,24,3,0.84375,0.6339921951293945,7.0747808,0.026760596636449918,0.019260169647168368,0.00750042698928155,1,5,0.0017283609777223319,0.00750042698928155,0.00019765598699450493,4816896.0,4014080.0
neu_mbv2_pattern_mining,2026-02-08T13:01:15,3,120,24,4,0.6666666666666666,0.5887091755867004,0.3411616,0.033075162646127865,0.023678909637965262,0.009396253008162603,1,5,0.0021393129718489945,0.009396253008162603,0.0002285779919475317,225792.0,188160.0
neu_mbv2_pattern_mining,2026-02-08T13:01:16,4,116,24,0,1.0,0.0028114542365074158,7.0747808,0.13633603291236795,0.11040696990676224,0.025929063005605713,1,5,0.010380098014138639,0.025929063005605713,0.0006605989765375853,4816896.0,4014080.0
neu_mbv2_pattern_mining,2026-02-08T13:01:16,4,117,24,1,0.9375,0.8751700520515442,7.0747808,0.02850236213998869,0.02086743013933301,0.007634932000655681,1,5,0.0018577410082798451,0.007634932000655681,0.00022900200565345585,4816896.0,4014080.0
neu_mbv2_pattern_mining,2026-02-08T13:01:16,4,118,24,2,0.90625,0.22834095358848572,7.0747808,0.02406022301875055,0.01743328000884503,0.006626943009905517,1,5,0.0015497849963139743,0.006626943009905517,0.00019354300457052886,4816896.0,4014080.0
neu_mbv2_pattern_mining,2026-02-08T13:01:16,4,119,24,3,1.0,0.0017754659056663513,7.0747808,0.02437418990302831,0.017664789920672774,0.006709399982355535,1,5,0.0015808249881956726,0.006709399982355535,0.0001856540038716048,4816896.0,4014080.0
neu_mbv2_pattern_mining,2026-02-08T13:01:16,4,120,24,4,1.0,0.2315266728401184,0.3411616,0.02744407593854703,0.01863715995568782,0.00880691598285921,1,5,0.0016642200062051415,0.00880691598285921,0.00019949598936364055,225792.0,188160.0
neu_mbv2_pattern_mining,2026-02-08T13:01:18,0,121,25,0,1.0,0.0006008319323882461,7.0747808,0.10241359812789597,0.0785275301313959,0.02388606799650006,1,5,0.007218795013613999,0.02388606799650006,0.0006339579995255917,4816896.0,4014080.0
neu_mbv2_pattern_mining,2026-02-08T13:01:18,0,122,25,1,0.875,0.689081072807312,7.0747808,0.033405430061975494,0.025094760057982057,0.008310670003993437,1,5,0.00220889100455679,0.008310670003993437,0.00030058500124141574,4816896.0,4014080.0
neu_mbv2_pattern_mining,2026-02-08T13:01:18,0,123,25,2,1.0,0.002368099754676223,7.0747808,0.0304503301740624,0.022838720178697258,0.007611609995365143,1,5,0.001999686995986849,0.007611609995365143,0.00028418502188287675,4816896.0,4014080.0
neu_mbv2_pattern_mining,2026-02-08T13:01:18,0,124,25,3,1.0,0.0036255852319300175,7.0747808,0.03156372712692246,0.02358193014515564,0.00798179698176682,1,5,0.0020648300123866647,0.00798179698176682,0.0002933630021288991,4816896.0,4014080.0
neu_mbv2_pattern_mining,2026-02-08T13:01:18,0,125,25,4,0.5,3.4958481788635254,0.45154880000000003,0.034404610021738335,0.02516487002139911,0.009239740000339225,1,5,0.0022247130109462887,0.009239740000339225,0.00029177399119362235,301056.0,250880.0
neu_mbv2_pattern_mining,2026-02-08T13:01:19,1,121,25,0,1.0,0.0015611829003319144,7.0747808,0.11531454275245778,0.091941729770042,0.02337281298241578,1,5,0.008621063985629007,0.02337281298241578,0.000573108991375193,4816896.0,4014080.0
neu_mbv2_pattern_mining,2026-02-08T13:01:19,1,122,25,1,1.0,0.0023823732044547796,7.0747808,0.03329341110656969,0.025317780091427267,0.007975631015142426,1,5,0.0022382860188372433,0.007975631015142426,0.00029349199030548334,4816896.0,4014080.0
neu_mbv2_pattern_mining,2026-02-08T13:01:19,1,123,25,2,0.84375,0.9015199542045593,7.0747808,0.03225054786889814,0.024041789874900132,0.008208757993998006,1,5,0.0021084839827381074,0.008208757993998006,0.0002956950047519058,4816896.0,4014080.0
neu_mbv2_pattern_mining,2026-02-08T13:01:19,1,124,25,3,1.0,0.021186556667089462,7.0747808,0.03416934094275348,0.025245659926440567,0.008923681016312912,1,5,0.0022016240109223872,0.008923681016312912,0.00032294198172166944,4816896.0,4014080.0
neu_mbv2_pattern_mining,2026-02-08T13:01:19,1,125,25,4,1.0,0.0035681494046002626,0.3411616,0.037442967062816024,0.025661060062702745,0.011781907000113279,1,5,0.0022639670060016215,0.011781907000113279,0.00030213900026865304,225792.0,188160.0
neu_mbv2_pattern_mining,2026-02-08T13:01:20,2,121,25,0,0.984375,0.032183513045310974,7.0747808,0.1576382172643207,0.13088857027469203,0.026749646989628673,1,5,0.01237259100889787,0.026749646989628673,0.0007162660185713321,4816896.0,4014080.0
neu_mbv2_pattern_mining,2026-02-08T13:01:20,2,122,25,1,0.8125,1.2967774868011475,7.0747808,0.03802680262015201,0.028433199622668326,0.009593602997483686,1,5,0.0025008049851749092,0.009593602997483686,0.00034251497709192336,4816896.0,4014080.0
neu_mbv2_pattern_mining,2026-02-08T13:01:20,2,123,25,2,1.0,0.0029472929891198874,7.0747808,0.03531012206804007,0.02619014005176723,0.009119982016272843,1,5,0.0023053479962982237,0.009119982016272843,0.00031366600887849927,4816896.0,4014080.0
neu_mbv2_pattern_mining,2026-02-08T13:01:20,2,124,25,3,0.96875,0.27752140164375305,7.0747808,0.03546985806315206,0.026039420044980943,0.009430438018171117,1,5,0.0023065819987095892,0.009430438018171117,0.0002973600057885051,4816896.0,4014080.0
neu_mbv2_pattern_mining,2026-02-08T13:01:20,2,125,25,4,0.6666666666666666,2.321265935897827,0.3411616,0.0341991811292246,0.023202380107250065,0.010996801021974534,1,5,0.0020614470122382045,0.010996801021974534,0.000258790998486802,225792.0,188160.0
neu_mbv2_pattern_mining,2026-02-08T13:01:21,3,121,25,0,1.0,0.010810100473463535,7.0747808,0.1200000059325248,0.0958888599416241,0.024111145990900695,1,5,0.009012419992359355,0.024111145990900695,0.0005764660018030554,4816896.0,4014080.0
neu_mbv2_pattern_mining,2026-02-08T13:01:21,3,122,25,1,0.796875,1.2576086521148682,7.0747808,0.0331805249734316,0.02480163995642215,0.008378885017009452,1,5,0.0021727189887315035,0.008378885017009452,0.0003074450069107115,4816896.0,4014080.0
neu_mbv2_pattern_mining,2026-02-08T13:01:21,3,123,25,2,1.0,3.886255944962613e-05,7.0747808,0.03271673319977708,0.02445642021484673,0.008260312984930351,1,5,0.0021462780132424086,0.008260312984930351,0.0002993640082422644,4816896.0,4014080.0
neu_mbv2_pattern_mining,2026-02-08T13:01:21,3,124,25,3,0.90625,0.5295582413673401,7.0747808,0.03387005100375973,0.025128929992206395,0.008741121011553332,1,5,0.002206192002631724,0.008741121011553332,0.0003067009965889156,4816896.0,4014080.0
neu_mbv2_pattern_mining,2026-02-08T13:01:21,3,125,25,4,0.3333333333333333,1.7640827894210815,0.3411616,0.03584469377528876,0.02483598975231871,0.01100870402297005,1,5,0.002199787995778024,0.01100870402297005,0.0002838109794538468,225792.0,188160.0
neu_mbv2_pattern_mining,2026-02-08T13:01:21,4,121,25,0,1.0,0.0007719134446233511,7.0747808,0.11802588592399843,0.09173828992061317,0.02628759600338526,1,5,0.008514638990163803,0.02628759600338526,0.0006591900018975139,4816896.0,4014080.0
neu_mbv2_pattern_mining,2026-02-08T13:01:21,4,122,25,1,0.921875,0.40127670764923096,7.0747808,0.0334491538524162,0.025045799848157912,0.00840335400425829,1,5,0.002213753992691636,0.00840335400425829,0.00029082599212415516,4816896.0,4014080.0
neu_mbv2_pattern_mining,2026-02-08T13:01:22,4,123,25,2,1.0,0.00042777994531206787,7.0747808,0.03235825797310099,0.024037359980866313,0.008320897992234677,1,5,0.002112112008035183,0.008320897992234677,0.00029162399005144835,4816896.0,4014080.0
neu_mbv2_pattern_mining,2026-02-08T13:01:22,4,124,25,3,0.96875,0.06086479127407074,7.0747808,0.035307642770931125,0.026165619783569127,0.009142022987361997,1,5,0.0023163809964898974,0.009142022987361997,0.00030018098186701536,4816896.0,4014080.0
neu_mbv2_pattern_mining,2026-02-08T13:01:22,4,125,25,4,0.3333333333333333,5.70614767074585,0.3411616,0.03597187908599153,0.02500536007573828,0.01096651901025325,1,5,0.0022072849969845265,0.01096651901025325,0.0002932510105893016,225792.0,188160.0
neu_mbv2_pattern_mining,2026-02-08T13:01:23,0,126,26,0,0.984375,0.03426414355635643,7.0747808,0.19719715096289292,0.15330802998505533,0.04388912097783759,1,5,0.014628901990363374,0.04388912097783759,0.0007019010081421584,4816896.0,4014080.0
neu_mbv2_pattern_mining,2026-02-08T13:01:23,0,127,26,1,1.0,0.0009775998769327998,7.0747808,0.038952474045800045,0.02868954004952684,0.010262933996273205,1,5,0.0025484930083621293,0.010262933996273205,0.0003204609965905547,4816896.0,4014080.0
neu_mbv2_pattern_mining,2026-02-08T13:01:23,0,128,26,2,0.921875,0.20862208306789398,7.0747808,0.04061674312106334,0.029480330122169107,0.01113641299889423,1,5,0.0026323650090489537,0.01113641299889423,0.00031566800316795707,4816896.0,4014080.0
neu_mbv2_pattern_mining,2026-02-08T13:01:23,0,129,26,3,0.890625,0.27594050765037537,7.0747808,0.03688055605744012,0.026869770081248134,0.010010785976191983,1,5,0.002364832005696371,0.010010785976191983,0.00032214500242844224,4816896.0,4014080.0
neu_mbv2_pattern_mining,2026-02-08T13:01:23,0,130,26,4,1.0,0.01657768338918686,0.45154880000000003,0.038082090963143855,0.02759010996669531,0.010491980996448547,1,5,0.0024437349929939955,0.010491980996448547,0.0003152760036755353,301056.0,250880.0
neu_mbv2_pattern_mining,2026-02-08T13:01:24,1,126,26,0,1.0,0.0016876631416380405,7.0747808,0.18588898587040603,0.14672978984890506,0.039159196021500975,1,5,0.013952990993857384,0.039159196021500975,0.0007199879910331219,4816896.0,4014080.0
neu_mbv2_pattern_mining,2026-02-08T13:01:24,1,127,26,1,1.0,0.023002253845334053,7.0747808,0.043349789222702384,0.03242624021368101,0.010923549009021372,1,5,0.002925862994743511,0.010923549009021372,0.00031676102662459016,4816896.0,4014080.0
neu_mbv2_pattern_mining,2026-02-08T13:01:24,1,128,26,2,0.984375,0.0336432009935379,7.0747808,0.03568683605408296,0.025891840050462633,0.009794996003620327,1,5,0.002303129993379116,0.009794996003620327,0.0002860540116671473,4816896.0,4014080.0
neu_mbv2_pattern_mining,2026-02-08T13:01:24,1,129,26,3,1.0,0.0005825287662446499,7.0747808,0.03685700992355123,0.026956569927278906,0.009900439996272326,1,5,0.0023758809838909656,0.009900439996272326,0.00031977600883692503,4816896.0,4014080.0
neu_mbv2_pattern_mining,2026-02-08T13:01:24,1,130,26,4,1.0,0.24409089982509613,0.3411616,0.04716042312793434,0.033194280113093555,0.013966143014840782,1,5,0.0029946120048407465,0.013966143014840782,0.000324816006468609,225792.0,188160.0
neu_mbv2_pattern_mining,2026-02-08T13:01:25,2,126,26,0,1.0,0.007603161968290806,7.0747808,0.1616871471342165,0.12847194011555985,0.033215207018656656,1,5,0.0120816919952631,0.033215207018656656,0.000765502016292885,4816896.0,4014080.0
neu_mbv2_pattern_mining,2026-02-08T13:01:25,2,127,26,1,1.0,0.0007253696676343679,7.0747808,0.02811477129580453,0.021248580305837095,0.006866190989967436,1,5,0.001868565013865009,0.006866190989967436,0.00025629301671870053,4816896.0,4014080.0
neu_mbv2_pattern_mining,2026-02-08T13:01:25,2,128,26,2,0.96875,0.26234933733940125,7.0747808,0.02615027822321281,0.01904543023556471,0.0071048479876481,1,5,0.0016775710100773722,0.0071048479876481,0.00022697201347909868,4816896.0,4014080.0
neu_mbv2_pattern_mining,2026-02-08T13:01:25,2,129,26,3,0.953125,0.21913142502307892,7.0747808,0.030078722949838266,0.02234871994005516,0.007730003009783104,1,5,0.0019544759998098016,0.007730003009783104,0.0002803959941957146,4816896.0,4014080.0
neu_mbv2_pattern_mining,2026-02-08T13:01:25,2,130,26,4,0.3333333333333333,3.902501106262207,0.3411616,0.03321053794934414,0.023647189955227077,0.009563347994117066,1,5,0.0020842389785684645,0.009563347994117066,0.0002804800169542432,225792.0,188160.0
neu_mbv2_pattern_mining,2026-02-08T13:01:26,3,126,26,0,0.984375,0.012288662604987621,7.0747808,0.12025480889133178,0.09686170989880338,0.023393098992528394,1,5,0.009062744007678702,0.023393098992528394,0.0006234269822016358,4816896.0,4014080.0
neu_mbv2_pattern_mining,2026-02-08T13:01:26,3,127,26,1,1.0,0.000714608293492347,7.0747808,0.03150243594427593,0.02328528993530199,0.008217146008973941,1,5,0.0020393570011947304,0.008217146008973941,0.00028917199233546853,4816896.0,4014080.0
neu_mbv2_pattern_mining,2026-02-08T13:01:26,3,128,26,2,0.84375,0.9055812358856201,7.0747808,0.030631510948296636,0.022189519950188696,0.00844199099810794,1,5,0.0019645110005512834,0.00844199099810794,0.0002544409944675863,4816896.0,4014080.0
neu_mbv2_pattern_mining,2026-02-08T13:01:26,3,129,26,3,1.0,0.007244157139211893,7.0747808,0.0342179391591344,0.024813240161165595,0.009404698997968808,1,5,0.0021883510053157806,0.009404698997968808,0.00029297301080077887,4816896.0,4014080.0
neu_mbv2_pattern_mining,2026-02-08T13:01:26,3,130,26,4,1.0,0.04938683286309242,0.3411616,0.03918374082422815,0.02715941984206438,0.012024320982163772,1,5,0.0023763729841448367,0.012024320982163772,0.0003395690000616014,225792.0,188160.0
neu_mbv2_pattern_mining,2026-02-08T13:01:27,4,126,26,0,1.0,0.0005285676452331245,7.0747808,0.114177475014003,0.09061388002010062,0.02356359499390237,1,5,0.008432458998868242,0.02356359499390237,0.0006289290031418204,4816896.0,4014080.0
neu_mbv2_pattern_mining,2026-02-08T13:01:27,4,127,26,1,0.9375,0.24583077430725098,7.0747808,0.03057124704355374,0.022369390062522143,0.008201856981031597,1,5,0.0019596559868659824,0.008201856981031597,0.0002772830193862319,4816896.0,4014080.0
neu_mbv2_pattern_mining,2026-02-08T13:01:27,4,128,26,2,0.96875,0.09068193286657333,7.0747808,0.030061223020311445,0.021974800038151443,0.008086422982160002,1,5,0.0019477409950923175,0.008086422982160002,0.00024973900872282684,4816896.0,4014080.0
neu_mbv2_pattern_mining,2026-02-08T13:01:27,4,129,26,3,1.0,0.0019254630897194147,7.0747808,0.03142583975568414,0.022909949766471982,0.008515889989212155,1,5,0.002017049991991371,0.008515889989212155,0.0002739449846558273,4816896.0,4014080.0
neu_mbv2_pattern_mining,2026-02-08T13:01:27,4,130,26,4,0.3333333333333333,4.443453311920166,0.3411616,0.03421280701877549,0.023404620005749166,0.010808187013026327,1,5,0.002067383989924565,0.010808187013026327,0.00027307801065035164,225792.0,188160.0
neu_mbv2_pattern_mining,2026-02-08T13:01:28,0,131,27,0,1.0,0.00042551924707368016,7.0747808,0.10023990183253773,0.0762384498375468,0.02400145199499093,1,5,0.007059612980810925,0.02400145199499093,0.0005642320029437542,4816896.0,4014080.0
neu_mbv2_pattern_mining,2026-02-08T13:01:28,0,132,27,1,0.796875,0.9616179466247559,7.0747808,0.03367535103461705,0.024629370018374175,0.009045981016242877,1,5,0.002211793005699292,0.009045981016242877,0.00025114399613812566,4816896.0,4014080.0
neu_mbv2_pattern_mining,2026-02-08T13:01:28,0,133,27,2,1.0,0.00036119745345786214,7.0747808,0.03371684279409237,0.02454004978062585,0.009176793013466522,1,5,0.0021880709973629564,0.009176793013466522,0.0002659339806996286,4816896.0,4014080.0
neu_mbv2_pattern_mining,2026-02-08T13:01:28,0,134,27,3,0.953125,0.2256527990102768,7.0747808,0.03524669897160493,0.025665459979791194,0.009581238991813734,1,5,0.0022901670017745346,0.009581238991813734,0.00027637899620458484,4816896.0,4014080.0
neu_mbv2_pattern_mining,2026-02-08T13:01:28,0,135,27,4,1.0,0.0035701110027730465,0.45154880000000003,0.03687511174939573,0.027435099764261395,0.009440011985134333,1,5,0.0024450569762848318,0.009440011985134333,0.0002984530001413077,301056.0,250880.0
neu_mbv2_pattern_mining,2026-02-08T13:01:29,1,131,27,0,1.0,0.0007278616540133953,7.0747808,0.23132296730182134,0.18306685029529035,0.048256117006530985,1,5,0.017588751012226567,0.048256117006530985,0.0007179340173024684,4816896.0,4014080.0
neu_mbv2_pattern_mining,2026-02-08T13:01:29,1,132,27,1,0.984375,0.22938914597034454,7.0747808,0.04337385983671993,0.03148903982946649,0.011884820007253438,1,5,0.0028191749879624695,0.011884820007253438,0.00032972899498417974,4816896.0,4014080.0
neu_mbv2_pattern_mining,2026-02-08T13:01:29,1,133,27,2,1.0,0.0023578598629683256,7.0747808,0.03696498993667774,0.026526559959165752,0.010438429977511987,1,5,0.002382792008575052,0.010438429977511987,0.00026986398734152317,4816896.0,4014080.0
neu_mbv2_pattern_mining,2026-02-08T13:01:29,1,134,27,3,0.9375,0.16296705603599548,7.0747808,0.034756047069095075,0.024900840071495622,0.009855206997599453,1,5,0.002240533009171486,0.009855206997599453,0.00024955099797807634,4816896.0,4014080.0
neu_mbv2_pattern_mining,2026-02-08T13:01:29,1,135,27,4,0.0,6.983327865600586,0.3411616,0.03878935123793781,0.02610431023640558,0.012685041001532227,1,5,0.0023500760144088417,0.012685041001532227,0.0002603550092317164,225792.0,188160.0
neu_mbv2_pattern_mining,2026-02-08T13:01:30,2,131,27,0,1.0,4.492410153034143e-05,7.0747808,0.24162168192560785,0.19541699992259964,0.0462046820030082,1,5,0.018813094007782638,0.0462046820030082,0.0007286059844773263,4816896.0,4014080.0
neu_mbv2_pattern_mining,2026-02-08T13:01:30,2,132,27,1,1.0,5.019698164687725e-06,7.0747808,0.037569532985799015,0.02701774996239692,0.010551783023402095,1,5,0.0024030320055317134,0.010551783023402095,0.0002987429907079786,4816896.0,4014080.0
neu_mbv2_pattern_mining,2026-02-08T13:01:30,2,133,27,2,1.0,0.0003909617371391505,7.0747808,0.0366203720041085,0.02633358002640307,0.010286791977705434,1,5,0.0023638140119146556,0.010286791977705434,0.0002695439907256514,4816896.0,4014080.0
neu_mbv2_pattern_mining,2026-02-08T13:01:30,2,134,27,3,1.0,0.012925338000059128,7.0747808,0.03303390901419334,0.02554851002059877,0.007485398993594572,1,5,0.002294430014444515,0.007485398993594572,0.0002604209876153618,4816896.0,4014080.0
neu_mbv2_pattern_mining,2026-02-08T13:01:30,2,135,27,4,0.0,5.557674407958984,0.3411616,0.03697299584746361,0.02502294984878972,0.011950045998673886,1,5,0.002235708001535386,0.011950045998673886,0.0002665869833435863,225792.0,188160.0
neu_mbv2_pattern_mining,2026-02-08T13:01:31,3,131,27,0,1.0,0.00026619501295499504,7.0747808,0.11973303472041152,0.09504637971986085,0.024686655000550672,1,5,0.008892069978173822,0.024686655000550672,0.000612567993812263,4816896.0,4014080.0
neu_mbv2_pattern_mining,2026-02-08T13:01:31,3,132,27,1,1.0,0.0019582181703299284,7.0747808,0.02817668823990971,0.02047408022917807,0.0077026080107316375,1,5,0.0018111990066245198,0.0077026080107316375,0.00023620901629328728,4816896.0,4014080.0
neu_mbv2_pattern_mining,2026-02-08T13:01:31,3,133,27,2,1.0,0.00632859393954277,7.0747808,0.03216091400827281,0.023826730030123144,0.008334183978149667,1,5,0.0021687939879484475,0.008334183978149667,0.00021387901506386697,4816896.0,4014080.0
neu_mbv2_pattern_mining,2026-02-08T13:01:31,3,134,27,3,0.796875,1.668912649154663,7.0747808,0.02971788716968149,0.02135923015885055,0.008358657010830939,1,5,0.0019089970155619085,0.008358657010830939,0.00022692600032314658,4816896.0,4014080.0
neu_mbv2_pattern_mining,2026-02-08T13:01:31,3,135,27,4,0.6666666666666666,3.3968536853790283,0.3411616,0.03873472299892455,0.02609073999337852,0.012643983005546033,1,5,0.0023123339924495667,0.012643983005546033,0.0002967400068882853,225792.0,188160.0
neu_mbv2_pattern_mining,2026-02-08T13:01:32,4,131,27,0,1.0,0.00020392451551742852,7.0747808,0.12152141216211021,0.09737884014612064,0.024142572015989572,1,5,0.009297930024331436,0.024142572015989572,0.0004399539902806282,4816896.0,4014080.0
neu_mbv2_pattern_mining,2026-02-08T13:01:32,4,132,27,1,0.96875,0.21282698214054108,7.0747808,0.030904955900041386,0.022463779896497726,0.00844117600354366,1,5,0.002003089990466833,0.00844117600354366,0.00024328799918293953,4816896.0,4014080.0
neu_mbv2_pattern_mining,2026-02-08T13:01:32,4,133,27,2,0.984375,0.04763541370630264,7.0747808,0.029359011008637026,0.02104532002704218,0.008313690981594846,1,5,0.0018934890103992075,0.008313690981594846,0.00021104299230501056,4816896.0,4014080.0
neu_mbv2_pattern_mining,2026-02-08T13:01:32,4,134,27,3,0.828125,0.7209701538085938,7.0747808,0.029661804961506277,0.02140847995178774,0.008253325009718537,1,5,0.0019302089931443334,0.008253325009718537,0.00021063900203444064,4816896.0,4014080.0
neu_mbv2_pattern_mining,2026-02-08T13:01:32,4,135,27,4,1.0,0.0011372050503268838,0.3411616,0.0400739349424839,0.02692284993827343,0.013151085004210472,1,5,0.0024026879982557148,0.013151085004210472,0.0002895969955716282,225792.0,188160.0
neu_mbv2_pattern_mining,2026-02-08T13:01:33,0,136,28,0,1.0,0.000305836001643911,7.0747808,0.10450618877075613,0.07880231976741925,0.025703869003336877,1,5,0.007433174992911518,0.025703869003336877,0.00044705698383040726,4816896.0,4014080.0
neu_mbv2_pattern_mining,2026-02-08T13:01:33,0,137,28,1,1.0,0.002194796223193407,7.0747808,0.0268704752670601,0.019572060264181346,0.007298415002878755,1,5,0.0017554360092617571,0.007298415002878755,0.00020177001715637743,4816896.0,4014080.0
neu_mbv2_pattern_mining,2026-02-08T13:01:33,0,138,28,2,1.0,0.001138227991759777,7.0747808,0.025782199983950704,0.01863487996160984,0.007147320022340864,1,5,0.0016800689918454736,0.007147320022340864,0.0001834190043155104,4816896.0,4014080.0
neu_mbv2_pattern_mining,2026-02-08T13:01:33,0,139,28,3,0.96875,0.07250271737575531,7.0747808,0.02557182201417163,0.018449769995640963,0.007122052018530667,1,5,0.001661599992075935,0.007122052018530667,0.00018337700748816133,4816896.0,4014080.0
neu_mbv2_pattern_mining,2026-02-08T13:01:33,0,140,28,4,0.75,0.7420555949211121,0.45154880000000003,0.03153504594229162,0.022168919967953116,0.009366125974338502,1,5,0.002004228997975588,0.009366125974338502,0.00021266299881972373,301056.0,250880.0
neu_mbv2_pattern_mining,2026-02-08T13:01:34,1,136,28,0,1.0,2.9874034225940704e-05,7.0747808,0.2285857849929016,0.18262619996676221,0.04595958502613939,1,5,0.017642109014559537,0.04595958502613939,0.0006205109821166843,4816896.0,4014080.0
neu_mbv2_pattern_mining,2026-02-08T13:01:34,1,137,28,1,1.0,0.0001381732290610671,7.0747808,0.036086151987547055,0.026113839994650334,0.00997231199289672,1,5,0.002326187997823581,0.00997231199289672,0.0002851960016414523,4816896.0,4014080.0
neu_mbv2_pattern_mining,2026-02-08T13:01:34,1,138,28,2,1.0,0.00011457043729024008,7.0747808,0.037400687753688544,0.026958949747495353,0.01044173800619319,1,5,0.0024288419808726758,0.01044173800619319,0.00026705299387685955,4816896.0,4014080.0
neu_mbv2_pattern_mining,2026-02-08T13:01:34,1,139,28,3,0.921875,0.4442809820175171,7.0747808,0.0348559521662537,0.02504071017028764,0.009815241995966062,1,5,0.0022544960083905607,0.009815241995966062,0.00024957500863820314,4816896.0,4014080.0
neu_mbv2_pattern_mining,2026-02-08T13:01:34,1,140,28,4,0.6666666666666666,1.1094523668289185,0.3411616,0.043431917030829936,0.029395640012808144,0.014036277018021792,1,5,0.002689529996132478,0.014036277018021792,0.0002500340051483363,225792.0,188160.0
neu_mbv2_pattern_mining,2026-02-08T13:01:35,2,136,28,0,1.0,0.00013533502351492643,7.0747808,0.16656181687721983,0.13468619988998398,0.031875616987235844,1,5,0.012929436983540654,0.031875616987235844,0.000539183005457744,4816896.0,4014080.0
neu_mbv2_pattern_mining,2026-02-08T13:01:35,2,137,28,1,0.984375,0.020630422979593277,7.0747808,0.03135863417992368,0.023406160180456936,0.007952473999466747,1,5,0.0020491150207817554,0.007952473999466747,0.0002915009972639382,4816896.0,4014080.0
neu_mbv2_pattern_mining,2026-02-08T13:01:35,2,138,28,2,0.96875,0.05960322171449661,7.0747808,0.034717411006568,0.025621230015531182,0.009096180991036817,1,5,0.0022772639931645244,0.009096180991036817,0.0002848590083885938,4816896.0,4014080.0
neu_mbv2_pattern_mining,2026-02-08T13:01:35,2,139,28,3,0.984375,0.0387570783495903,7.0747808,0.03142493273480795,0.022688849712722003,0.00873608302208595,1,5,0.002031138981692493,0.00873608302208595,0.00023774598957970738,4816896.0,4014080.0
neu_mbv2_pattern_mining,2026-02-08T13:01:35,2,140,28,4,0.6666666666666666,1.1583774089813232,0.3411616,0.03710849833441898,0.02624707034556195,0.010861427988857031,1,5,0.0023263940238393843,0.010861427988857031,0.0002983130107168108,225792.0,188160.0
neu_mbv2_pattern_mining,2026-02-08T13:01:36,3,136,28,0,1.0,0.0049925330094993114,7.0747808,0.14198779268190265,0.11184839968336746,0.030139392998535186,1,5,0.010478366981260478,0.030139392998535186,0.0007064729870762676,4816896.0,4014080.0
neu_mbv2_pattern_mining,2026-02-08T13:01:36,3,137,28,1,0.859375,0.8327210545539856,7.0747808,0.032230165641522035,0.023387919645756483,0.008842245995765552,1,5,0.002070642978651449,0.008842245995765552,0.0002681489859241992,4816896.0,4014080.0
neu_mbv2_pattern_mining,2026-02-08T13:01:36,3,138,28,2,1.0,0.0005016078939661384,7.0747808,0.03312533115968108,0.02438251016428694,0.00874282099539414,1,5,0.002189788006944582,0.00874282099539414,0.00024846300948411226,4816896.0,4014080.0
neu_mbv2_pattern_mining,2026-02-08T13:01:36,3,139,28,3,0.984375,0.040663376450538635,7.0747808,0.028746869938913733,0.02084723993903026,0.007899629999883473,1,5,0.001860011019743979,0.007899629999883473,0.000224712974159047,4816896.0,4014080.0
neu_mbv2_pattern_mining,2026-02-08T13:01:36,3,140,28,4,1.0,0.07194461673498154,0.3411616,0.029558868089225143,0.02041380008449778,0.009145068004727364,1,5,0.0018153740093111992,0.009145068004727364,0.00022600599913857877,225792.0,188160.0
neu_mbv2_pattern_mining,2026-02-08T13:01:37,4,136,28,0,1.0,9.206554750562645e-06,7.0747808,0.13964985084021464,0.11756503983633593,0.022084811003878713,1,5,0.011336964991642162,0.022084811003878713,0.0004195389919914305,4816896.0,4014080.0
neu_mbv2_pattern_mining,2026-02-08T13:01:37,4,137,28,1,1.0,0.00011184489994775504,7.0747808,0.029590136924525723,0.022009919921401888,0.007580217003123835,1,5,0.001998232997721061,0.007580217003123835,0.0002027589944191277,4816896.0,4014080.0
neu_mbv2_pattern_mining,2026-02-08T13:01:37,4,138,28,2,1.0,1.2568404599733185e-05,7.0747808,0.026518798142205924,0.01901083014672622,0.007507967995479703,1,5,0.0017090179899241775,0.007507967995479703,0.00019206502474844456,4816896.0,4014080.0
neu_mbv2_pattern_mining,2026-02-08T13:01:37,4,139,28,3,0.984375,0.04117412865161896,7.0747808,0.027264705975539982,0.01940390997333452,0.007860796002205461,1,5,0.0017381340148858726,0.007860796002205461,0.0002022569824475795,4816896.0,4014080.0
neu_mbv2_pattern_mining,2026-02-08T13:01:37,4,140,28,4,0.3333333333333333,2.1758368015289307,0.3411616,0.030515121208736673,0.021530850208364427,0.008984271000372246,1,5,0.0019542899972293526,0.008984271000372246,0.00019879502360709012,225792.0,188160.0
neu_mbv2_pattern_mining,2026-02-08T13:01:38,0,141,29,0,1.0,2.1957155695417896e-05,7.0747808,0.09522027091588825,0.0726277899229899,0.022592480992898345,1,5,0.006784628989407793,0.022592480992898345,0.0004781500028911978,4816896.0,4014080.0
neu_mbv2_pattern_mining,2026-02-08T13:01:38,0,142,29,1,0.984375,0.018293196335434914,7.0747808,0.028174725885037333,0.02130098990164697,0.006873735983390361,1,5,0.0018545450002420694,0.006873735983390361,0.0002755539899226278,4816896.0,4014080.0
neu_mbv2_pattern_mining,2026-02-08T13:01:38,0,143,29,2,1.0,0.00014434530748985708,7.0747808,0.03174096974544227,0.023913429758977145,0.007827539986465126,1,5,0.002121650002663955,0.007827539986465126,0.0002696929732337594,4816896.0,4014080.0
neu_mbv2_pattern_mining,2026-02-08T13:01:38,0,144,29,3,0.890625,0.7632448673248291,7.0747808,0.033298760099569336,0.02494587010005489,0.008352889999514446,1,5,0.002187066012993455,0.008352889999514446,0.00030752099701203406,4816896.0,4014080.0
neu_mbv2_pattern_mining,2026-02-08T13:01:38,0,145,29,4,0.75,0.9520320892333984,0.45154880000000003,0.03516645877971314,0.026232389791402966,0.008934068988310173,1,5,0.0023301279870793223,0.008934068988310173,0.00029311099206097424,301056.0,250880.0
neu_mbv2_pattern_mining,2026-02-08T13:01:39,1,141,29,0,1.0,0.00016662958660162985,7.0747808,0.11703912285156548,0.09241225983714685,0.024626863014418632,1,5,0.008598121989052743,0.024626863014418632,0.0006431039946619421,4816896.0,4014080.0
neu_mbv2_pattern_mining,2026-02-08T13:01:39,1,142,29,1,1.0,0.0001034718006849289,7.0747808,0.035129905969370157,0.026276959979441017,0.00885294598992914,1,5,0.002324183995369822,0.00885294598992914,0.0003035120025742799,4816896.0,4014080.0
neu_mbv2_pattern_mining,2026-02-08T13:01:39,1,143,29,2,0.9375,0.20122262835502625,7.0747808,0.0334004582837224,0.0249272002838552,0.0084732579998672,1,5,0.002200817019911483,0.0084732579998672,0.00029190300847403705,4816896.0,4014080.0
neu_mbv2_pattern_mining,2026-02-08T13:01:39,1,144,29,3,0.875,0.3915160894393921,7.0747808,0.03518564099795185,0.02625585999339819,0.00892978100455366,1,5,0.002321259002201259,0.00892978100455366,0.0003043269971385598,4816896.0,4014080.0
neu_mbv2_pattern_mining,2026-02-08T13:01:39,1,145,29,4,0.6666666666666666,2.8288004398345947,0.3411616,0.03902495215879753,0.02745691017480567,0.011568041983991861,1,5,0.00241984601598233,0.011568041983991861,0.00032584500149823725,225792.0,188160.0
neu_mbv2_pattern_mining,2026-02-08T13:01:40,2,141,29,0,1.0,2.1563520931522362e-05,7.0747808,0.12097527590231039,0.09750525990966707,0.02347001599264331,1,5,0.00925940799061209,0.02347001599264331,0.0004911180003546178,4816896.0,4014080.0
neu_mbv2_pattern_mining,2026-02-08T13:01:40,2,142,29,1,1.0,1.106686977436766e-05,7.0747808,0.026900957978796214,0.020076759974472225,0.006824198004323989,1,5,0.0017489379970356822,0.006824198004323989,0.00025873800041154027,4816896.0,4014080.0
neu_mbv2_pattern_mining,2026-02-08T13:01:40,2,143,29,2,1.0,0.0005467724404297769,7.0747808,0.028919384931214154,0.021577519946731627,0.007341864984482527,1,5,0.0018761800020001829,0.007341864984482527,0.00028157199267297983,4816896.0,4014080.0
neu_mbv2_pattern_mining,2026-02-08T13:01:40,2,144,29,3,1.0,0.0005418986547738314,7.0747808,0.029037995031103492,0.02194289001636207,0.007095105014741421,1,5,0.001936501997988671,0.007095105014741421,0.00025778700364753604,4816896.0,4014080.0
neu_mbv2_pattern_mining,2026-02-08T13:01:40,2,145,29,4,0.6666666666666666,2.051622152328491,0.3411616,0.03169708634959534,0.02231827034847811,0.00937881600111723,1,5,0.0019640290120150894,0.00937881600111723,0.00026779802283272147,225792.0,188160.0
neu_mbv2_pattern_mining,2026-02-08T13:01:41,3,141,29,0,1.0,0.0002928152389358729,7.0747808,0.19897454892634414,0.160717919934541,0.038256628991803154,1,5,0.015431559004355222,0.038256628991803154,0.0006402329890988767,4816896.0,4014080.0
neu_mbv2_pattern_mining,2026-02-08T13:01:41,3,142,29,1,0.984375,0.013798996806144714,7.0747808,0.04003138214466162,0.029687700152862817,0.010343681991798803,1,5,0.0026186990144196898,0.010343681991798803,0.00035007100086659193,4816896.0,4014080.0
neu_mbv2_pattern_mining,2026-02-08T13:01:41,3,143,29,2,1.0,4.942753002978861e-05,7.0747808,0.03612382500432432,0.02657990000443533,0.009543924999888986,1,5,0.002357393008423969,0.009543924999888986,0.0003005969920195639,4816896.0,4014080.0
neu_mbv2_pattern_mining,2026-02-08T13:01:41,3,144,29,3,0.921875,0.3242592513561249,7.0747808,0.03206265589687973,0.023162759898696095,0.008899895998183638,1,5,0.0020790399867109954,0.008899895998183638,0.00023723600315861404,4816896.0,4014080.0
neu_mbv2_pattern_mining,2026-02-08T13:01:41,3,145,29,4,1.0,0.020550820976495743,0.3411616,0.033877643989399076,0.022853219998069108,0.011024423991329968,1,5,0.0020604190067388117,0.011024423991329968,0.00022490299306809902,225792.0,188160.0
neu_mbv2_pattern_mining,2026-02-08T13:01:42,4,141,29,0,1.0,7.152386388042942e-06,7.0747808,0.12005912317545153,0.09742601017933339,0.022633112996118143,1,5,0.009242647007340565,0.022633112996118143,0.0004999540105927736,4816896.0,4014080.0
neu_mbv2_pattern_mining,2026-02-08T13:01:42,4,142,29,1,1.0,0.004083225503563881,7.0747808,0.03187524387612939,0.023842339869588614,0.008032904006540775,1,5,0.0020983919966965914,0.008032904006540775,0.00028584199026227,4816896.0,4014080.0
neu_mbv2_pattern_mining,2026-02-08T13:01:42,4,143,29,2,1.0,0.00047303453902713954,7.0747808,0.0330013400525786,0.024593730049673468,0.00840761000290513,1,5,0.002163493016269058,0.00840761000290513,0.0002958799886982888,4816896.0,4014080.0
neu_mbv2_pattern_mining,2026-02-08T13:01:42,4,144,29,3,0.953125,0.13860061764717102,7.0747808,0.03182505498989485,0.02364929998293519,0.008175755006959662,1,5,0.002092165988869965,0.008175755006959662,0.00027276400942355394,4816896.0,4014080.0
neu_mbv2_pattern_mining,2026-02-08T13:01:42,4,145,29,4,0.6666666666666666,1.4972892999649048,0.3411616,0.03150631196331233,0.02219390997197479,0.009312401991337538,1,5,0.0019849789969157428,0.009312401991337538,0.00023441200028173625,225792.0,188160.0
neu_mbv2_pattern_mining,2026-02-08T13:01:43,0,146,30,0,1.0,0.0007239727419801056,7.0747808,0.10430004727095366,0.08076759026153013,0.023532457009423524,1,5,0.00757221900857985,0.023532457009423524,0.0005045400175731629,4816896.0,4014080.0
neu_mbv2_pattern_mining,2026-02-08T13:01:43,0,147,30,1,1.0,0.0070742350071668625,7.0747808,0.032866775000002235,0.02466461999574676,0.008202155004255474,1,5,0.0021755660127382725,0.008202155004255474,0.0002908959868364036,4816896.0,4014080.0
neu_mbv2_pattern_mining,2026-02-08T13:01:43,0,148,30,2,1.0,0.0006937331054359674,7.0747808,0.033769614761695266,0.025226939760614187,0.00854267500108108,1,5,0.002229110978078097,0.00854267500108108,0.00029358299798332155,4816896.0,4014080.0
neu_mbv2_pattern_mining,2026-02-08T13:01:43,0,149,30,3,1.0,0.027441127225756645,7.0747808,0.03553073594230227,0.02639779995661229,0.009132935985689983,1,5,0.002339883998502046,0.009132935985689983,0.000299895997159183,4816896.0,4014080.0
neu_mbv2_pattern_mining,2026-02-08T13:01:43,0,150,30,4,0.5,2.444072723388672,0.45154880000000003,0.03925624908879399,0.029443030070979148,0.009813219017814845,1,5,0.0026487020077183843,0.009813219017814845,0.00029560099937953055,301056.0,250880.0
neu_mbv2_pattern_mining,2026-02-08T13:01:44,1,146,30,0,1.0,1.3088144442008343e-05,7.0747808,0.21787371116806753,0.17482665018178523,0.043047060986282304,1,5,0.01680880499770865,0.043047060986282304,0.0006738600204698741,4816896.0,4014080.0
neu_mbv2_pattern_mining,2026-02-08T13:01:44,1,147,30,1,1.0,0.00012242574302945286,7.0747808,0.03783171487157233,0.0280108698643744,0.009820845007197931,1,5,0.0024678329937160015,0.009820845007197931,0.0003332539927214384,4816896.0,4014080.0
neu_mbv2_pattern_mining,2026-02-08T13:01:44,1,148,30,2,0.984375,0.04408054053783417,7.0747808,0.03836885403143242,0.02857293002307415,0.00979592400835827,1,5,0.0025326419854536653,0.00979592400835827,0.00032465101685374975,4816896.0,4014080.0
neu_mbv2_pattern_mining,2026-02-08T13:01:44,1,149,30,3,1.0,0.004244124982506037,7.0747808,0.03757473002769984,0.027882650028914213,0.00969207999878563,1,5,0.0024688729899935424,0.00969207999878563,0.0003193920128978789,4816896.0,4014080.0
neu_mbv2_pattern_mining,2026-02-08T13:01:44,1,150,30,4,0.6666666666666666,0.6995567679405212,0.3411616,0.037556701980065554,0.025883979978971183,0.011672722001094371,1,5,0.002310985990334302,0.011672722001094371,0.00027741200756281614,225792.0,188160.0
neu_mbv2_pattern_mining,2026-02-08T13:01:45,2,146,30,0,1.0,0.00015026463370304555,7.0747808,0.11819382858811878,0.09514526958810166,0.02304855900001712,1,5,0.009029897977598011,0.02304855900001712,0.00048462898121215403,4816896.0,4014080.0
neu_mbv2_pattern_mining,2026-02-08T13:01:45,2,147,30,1,0.984375,0.04928272217512131,7.0747808,0.034046185202896595,0.024871390196494758,0.009174795006401837,1,5,0.0021860730194021016,0.009174795006401837,0.0003010660002473742,4816896.0,4014080.0
neu_mbv2_pattern_mining,2026-02-08T13:01:45,2,148,30,2,1.0,0.00011916414950974286,7.0747808,0.03329440392553806,0.024847759923432022,0.00844664400210604,1,5,0.0021757269860245287,0.00844664400210604,0.0003090490063186735,4816896.0,4014080.0
neu_mbv2_pattern_mining,2026-02-08T13:01:45,2,149,30,3,0.921875,0.31509292125701904,7.0747808,0.03412498481338844,0.02511957980459556,0.009005405008792877,1,5,0.002200932998675853,0.009005405008792877,0.00031102498178370297,4816896.0,4014080.0
neu_mbv2_pattern_mining,2026-02-08T13:01:45,2,150,30,4,1.0,0.11112692952156067,0.3411616,0.036113210837356746,0.024952289822977036,0.01116092101437971,1,5,0.0022111200087238103,0.01116092101437971,0.0002841089735738933,225792.0,188160.0
neu_mbv2_pattern_mining,2026-02-08T13:01:46,3,146,30,0,1.0,0.0023067817091941833,7.0747808,0.209004054981051,0.17016022000461817,0.038843834976432845,1,5,0.01635622201138176,0.038843834976432845,0.0006597999890800565,4816896.0,4014080.0
neu_mbv2_pattern_mining,2026-02-08T13:01:46,3,147,30,1,1.0,0.00889569241553545,7.0747808,0.0330104453896638,0.023944170388858765,0.009066275000805035,1,5,0.002121492027072236,0.009066275000805035,0.0002729250118136406,4816896.0,4014080.0
neu_mbv2_pattern_mining,2026-02-08T13:01:46,3,148,30,2,1.0,0.002420147880911827,7.0747808,0.032289798284182325,0.023339740291703492,0.008950057992478833,1,5,0.002076744014630094,0.008950057992478833,0.00025723001454025507,4816896.0,4014080.0
neu_mbv2_pattern_mining,2026-02-08T13:01:46,3,149,30,3,0.984375,0.12222620844841003,7.0747808,0.028655792673816904,0.020646759658120573,0.008009033015696332,1,5,0.0018519059813115746,0.008009033015696332,0.00021276998450048268,4816896.0,4014080.0
neu_mbv2_pattern_mining,2026-02-08T13:01:46,3,150,30,4,1.0,0.02945578284561634,0.3411616,0.03155513701494783,0.0218213300104253,0.009733807004522532,1,5,0.001973107981029898,0.009733807004522532,0.000209025020012632,225792.0,188160.0
neu_mbv2_pattern_mining,2026-02-08T13:01:47,4,146,30,0,1.0,2.5294402803410776e-06,7.0747808,0.15207993480726145,0.12254807981662452,0.02953185499063693,1,5,0.011616468982538208,0.02953185499063693,0.0006383389991242439,4816896.0,4014080.0
neu_mbv2_pattern_mining,2026-02-08T13:01:47,4,147,30,1,1.0,1.447743306925986e-05,7.0747808,0.037017093040049076,0.02701071003684774,0.010006383003201336,1,5,0.0024091929954010993,0.010006383003201336,0.0002918780082836747,4816896.0,4014080.0
neu_mbv2_pattern_mining,2026-02-08T13:01:47,4,148,30,2,1.0,0.002137016272172332,7.0747808,0.03208557213656604,0.023126710148062557,0.008958861988503486,1,5,0.0020720369939226657,0.008958861988503486,0.00024063402088358998,4816896.0,4014080.0
neu_mbv2_pattern_mining,2026-02-08T13:01:47,4,149,30,3,1.0,0.00972692109644413,7.0747808,0.029060399916488677,0.020988649921491742,0.008071749994996935,1,5,0.0018785489955917,0.008071749994996935,0.00022031599655747414,4816896.0,4014080.0
neu_mbv2_pattern_mining,2026-02-08T13:01:47,4,150,30,4,0.6666666666666666,1.273465871810913,0.3411616,0.029936197941424325,0.02007895993301645,0.009857238008407876,1,5,0.001797122007701546,0.009857238008407876,0.00021077398560009897,225792.0,188160.0
neu_mbv2_pattern_mining,2026-02-08T13:01:48,0,151,31,0,1.0,0.0001386835501762107,7.0747808,0.13804583103046753,0.10434191004605964,0.03370392098440789,1,5,0.009789171017473564,0.03370392098440789,0.0006450199871324003,4816896.0,4014080.0
neu_mbv2_pattern_mining,2026-02-08T13:01:48,0,152,31,1,1.0,0.003790083108469844,7.0747808,0.03875924603198655,0.02889825002057478,0.009860996011411771,1,5,0.0025515949819236994,0.009860996011411771,0.00033823002013377845,4816896.0,4014080.0
neu_mbv2_pattern_mining,2026-02-08T13:01:48,0,153,31,2,1.0,0.0012442867737263441,7.0747808,0.04069718194659799,0.030368049920070916,0.010329132026527077,1,5,0.0027013749931938946,0.010329132026527077,0.000335429998813197,4816896.0,4014080.0
neu_mbv2_pattern_mining,2026-02-08T13:01:49,0,154,31,3,0.875,0.5816843509674072,7.0747808,0.0382287697866559,0.028404189797583967,0.009824579989071935,1,5,0.002516879001632333,0.009824579989071935,0.00032353997812606394,4816896.0,4014080.0
neu_mbv2_pattern_mining,2026-02-08T13:01:49,0,155,31,4,0.75,0.5155566334724426,0.45154880000000003,0.03742454492021352,0.02698925993172452,0.010435284988489002,1,5,0.002421109995339066,0.010435284988489002,0.00027781599783338606,301056.0,250880.0
neu_mbv2_pattern_mining,2026-02-08T13:01:49,1,151,31,0,1.0,1.8322823962080292e-05,7.0747808,0.16776611004024744,0.12884380004834384,0.0389223099919036,1,5,0.011972123000305146,0.0389223099919036,0.0009122570045292377,4816896.0,4014080.0
neu_mbv2_pattern_mining,2026-02-08T13:01:49,1,152,31,1,1.0,3.972927515860647e-05,7.0747808,0.04285572486696765,0.03179939987603575,0.011056324990931898,1,5,0.002809695986798033,0.011056324990931898,0.0003702440008055419,4816896.0,4014080.0
neu_mbv2_pattern_mining,2026-02-08T13:01:49,1,153,31,2,1.0,7.33194756321609e-05,7.0747808,0.03961528409854509,0.02926034008851275,0.010354944010032341,1,5,0.002592214004835114,0.010354944010032341,0.00033382000401616096,4816896.0,4014080.0
neu_mbv2_pattern_mining,2026-02-08T13:01:49,1,154,31,3,1.0,0.007453078404068947,7.0747808,0.0405932980356738,0.030179930035956204,0.010413367999717593,1,5,0.002665045001776889,0.010413367999717593,0.00035294800181873143,4816896.0,4014080.0
neu_mbv2_pattern_mining,2026-02-08T13:01:49,1,155,31,4,1.0,0.043839212507009506,0.3411616,0.03920219911378808,0.026391530118416995,0.012810668995371088,1,5,0.002340186998480931,0.012810668995371088,0.00029896601336076856,225792.0,188160.0
neu_mbv2_pattern_mining,2026-02-08T13:01:50,2,151,31,0,1.0,0.000148537423228845,7.0747808,0.21246146416524425,0.16888133017346263,0.04358013399178162,1,5,0.016135040001245216,0.04358013399178162,0.0007530930161010474,4816896.0,4014080.0
neu_mbv2_pattern_mining,2026-02-08T13:01:50,2,152,31,1,0.96875,0.2794855237007141,7.0747808,0.040015977720031515,0.029796989692840725,0.01021898802719079,1,5,0.002642745996126905,0.01021898802719079,0.00033695297315716743,4816896.0,4014080.0
neu_mbv2_pattern_mining,2026-02-08T13:01:50,2,153,31,2,1.0,0.00016901950584724545,7.0747808,0.04115865405765362,0.030246920068748295,0.010911733988905326,1,5,0.0026707829965744168,0.010911733988905326,0.0003539090103004128,4816896.0,4014080.0
neu_mbv2_pattern_mining,2026-02-08T13:01:50,2,154,31,3,0.9375,0.2848098874092102,7.0747808,0.03869581391336396,0.028476369916461408,0.010219443996902555,1,5,0.0024988189979922026,0.010219443996902555,0.0003488179936539382,4816896.0,4014080.0
neu_mbv2_pattern_mining,2026-02-08T13:01:50,2,155,31,4,1.0,0.06434819847345352,0.3411616,0.040395121701294556,0.027927739720325917,0.01246738198096864,1,5,0.0025011929974425584,0.01246738198096864,0.0002915809745900333,225792.0,188160.0
neu_mbv2_pattern_mining,2026-02-08T13:01:51,3,151,31,0,1.0,2.528049299144186e-05,7.0747808,0.11820438064751215,0.0940698996419087,0.024134481005603448,1,5,0.008782908989815041,0.024134481005603448,0.0006240809743758291,4816896.0,4014080.0
neu_mbv2_pattern_mining,2026-02-08T13:01:51,3,152,31,1,1.0,5.782693187939003e-05,7.0747808,0.028301126061705872,0.020658730063587427,0.007642395998118445,1,5,0.0018495540134608746,0.007642395998118445,0.00021631899289786816,4816896.0,4014080.0
neu_mbv2_pattern_mining,2026-02-08T13:01:51,3,153,31,2,1.0,0.00011575740063562989,7.0747808,0.023292838915949687,0.016722659929655492,0.006570178986294195,1,5,0.0014956429949961603,0.006570178986294195,0.00017662299796938896,4816896.0,4014080.0
neu_mbv2_pattern_mining,2026-02-08T13:01:51,3,154,31,3,1.0,0.0006225131801329553,7.0747808,0.022921863826923072,0.016444689827039838,0.0064771739998832345,1,5,0.0014758929901290685,0.0064771739998832345,0.0001685759925749153,4816896.0,4014080.0
neu_mbv2_pattern_mining,2026-02-08T13:01:51,3,155,31,4,1.0,0.07249870896339417,0.3411616,0.026324560079956427,0.01805656007491052,0.008268000005045906,1,5,0.0016114840109366924,0.008268000005045906,0.0001941719965543598,225792.0,188160.0
neu_mbv2_pattern_mining,2026-02-08T13:01:52,4,151,31,0,1.0,7.990561243786942e-06,7.0747808,0.15408681688131765,0.12333155988017097,0.030755257001146674,1,5,0.011811440985184163,0.030755257001146674,0.0005217150028329343,4816896.0,4014080.0
neu_mbv2_pattern_mining,2026-02-08T13:01:52,4,152,31,1,1.0,8.752123903832398e-06,7.0747808,0.033158165839267895,0.024464239832013845,0.00869392600725405,1,5,0.0021511149825528264,0.00869392600725405,0.00029530900064855814,4816896.0,4014080.0
neu_mbv2_pattern_mining,2026-02-08T13:01:52,4,153,31,2,1.0,0.0003688848519232124,7.0747808,0.029037876753136516,0.020973599748685956,0.00806427700445056,1,5,0.0018813539936672896,0.00806427700445056,0.00021600598120130599,4816896.0,4014080.0
neu_mbv2_pattern_mining,2026-02-08T13:01:52,4,154,31,3,1.0,0.0018041799776256084,7.0747808,0.02313285507261753,0.016589520091656595,0.006543334980960935,1,5,0.0014845730038359761,0.006543334980960935,0.00017437900532968342,4816896.0,4014080.0
neu_mbv2_pattern_mining,2026-02-08T13:01:52,4,155,31,4,0.6666666666666666,1.5735764503479004,0.3411616,0.026675999019062147,0.0181566399987787,0.008519359020283446,1,5,0.001636222004890442,0.008519359020283446,0.0001794419949874282,225792.0,188160.0
neu_mbv2_pattern_mining,2026-02-08T13:01:54,0,156,32,0,1.0,3.971059868490556e-06,7.0747808,0.10999679792439565,0.08442691992968321,0.025569877994712442,1,5,0.007895654009189457,0.025569877994712442,0.0005470379837788641,4816896.0,4014080.0
neu_mbv2_pattern_mining,2026-02-08T13:01:54,0,157,32,1,1.0,6.655458855675533e-05,7.0747808,0.030387885635718703,0.02363737963605672,0.006750505999661982,1,5,0.0021227049874141812,0.006750505999661982,0.0002410329761914909,4816896.0,4014080.0
neu_mbv2_pattern_mining,2026-02-08T13:01:54,0,158,32,2,1.0,0.009660440497100353,7.0747808,0.02328699591453187,0.01688738993834704,0.00639960597618483,1,5,0.0015086099738255143,0.00639960597618483,0.00018012902000918984,4816896.0,4014080.0
neu_mbv2_pattern_mining,2026-02-08T13:01:54,0,159,32,3,0.984375,0.053496889770030975,7.0747808,0.0251383030845318,0.017630890069995075,0.0075074130145367235,1,5,0.001565643004141748,0.0075074130145367235,0.0001974460028577596,4816896.0,4014080.0
neu_mbv2_pattern_mining,2026-02-08T13:01:54,0,160,32,4,0.5,2.403719902038574,0.45154880000000003,0.03405900520738214,0.024464230227749795,0.009594774979632348,1,5,0.0022042870114091784,0.009594774979632348,0.0002421360113658011,301056.0,250880.0
neu_mbv2_pattern_mining,2026-02-08T13:01:55,1,156,32,0,1.0,2.8945205485797487e-06,7.0747808,0.1842230408510659,0.14526741986628622,0.03895562098477967,1,5,0.01384589498047717,0.03895562098477967,0.0006808470061514527,4816896.0,4014080.0
neu_mbv2_pattern_mining,2026-02-08T13:01:55,1,157,32,1,1.0,6.376142846420407e-05,7.0747808,0.035966649738838896,0.026023159734904766,0.00994349000393413,1,5,0.002335765981115401,0.00994349000393413,0.0002665499923750758,4816896.0,4014080.0
neu_mbv2_pattern_mining,2026-02-08T13:01:55,1,158,32,2,1.0,0.021973734721541405,7.0747808,0.033899399160873145,0.024636030138935894,0.009263369021937251,1,5,0.0022067410172894597,0.009263369021937251,0.00025686199660412967,4816896.0,4014080.0
neu_mbv2_pattern_mining,2026-02-08T13:01:55,1,159,32,3,1.0,0.01249261200428009,7.0747808,0.033007492194883525,0.02373273018747568,0.009274762007407844,1,5,0.0021419550175778568,0.009274762007407844,0.00023131800116971135,4816896.0,4014080.0
neu_mbv2_pattern_mining,2026-02-08T13:01:55,1,160,32,4,0.6666666666666666,3.3586623668670654,0.3411616,0.03842264605918899,0.024998440057970583,0.013424206001218408,1,5,0.0022447590017691255,0.013424206001218408,0.0002550850040279329,225792.0,188160.0
neu_mbv2_pattern_mining,2026-02-08T13:01:55,2,156,32,0,1.0,0.00012740447709802538,7.0747808,0.17076184894540347,0.12987405993044376,0.04088778901495971,1,5,0.012073869991581887,0.04088778901495971,0.0009135360014624894,4816896.0,4014080.0
neu_mbv2_pattern_mining,2026-02-08T13:01:56,2,157,32,1,1.0,0.012854489497840405,7.0747808,0.04317284087301232,0.03171697986545041,0.011455861007561907,1,5,0.002835622988641262,0.011455861007561907,0.00033607499790377915,4816896.0,4014080.0
neu_mbv2_pattern_mining,2026-02-08T13:01:56,2,158,32,2,0.984375,0.01872103661298752,7.0747808,0.03757316098199226,0.026950669998768717,0.010622490983223543,1,5,0.0024239220074377954,0.010622490983223543,0.0002711449924390763,4816896.0,4014080.0
neu_mbv2_pattern_mining,2026-02-08T13:01:56,2,159,32,3,0.953125,0.07193396240472794,7.0747808,0.03644725607591681,0.026421640068292618,0.010025616007624194,1,5,0.002344158012419939,0.010025616007624194,0.00029800599440932274,4816896.0,4014080.0
neu_mbv2_pattern_mining,2026-02-08T13:01:56,2,160,32,4,0.6666666666666666,3.189856767654419,0.3411616,0.04120710288407281,0.02757154987193644,0.01363555301213637,1,5,0.002461936994222924,0.01363555301213637,0.00029521799297071993,225792.0,188160.0
neu_mbv2_pattern_mining,2026-02-08T13:01:56,3,156,32,0,1.0,1.6548021449125372e-05,7.0747808,0.16780706902500242,0.13177129003452137,0.03603577899048105,1,5,0.012575138011015952,0.03603577899048105,0.0006019909924361855,4816896.0,4014080.0
neu_mbv2_pattern_mining,2026-02-08T13:01:56,3,157,32,1,1.0,7.243029540404677e-05,7.0747808,0.038252419617492706,0.02765785960946232,0.010594560008030385,1,5,0.0024656019813846797,0.010594560008030385,0.0003001839795615524,4816896.0,4014080.0
neu_mbv2_pattern_mining,2026-02-08T13:01:56,3,158,32,2,0.96875,0.11742636561393738,7.0747808,0.034632904862519354,0.024825639848131686,0.009807265014387667,1,5,0.002230665006209165,0.009807265014387667,0.0002518989786040038,4816896.0,4014080.0
neu_mbv2_pattern_mining,2026-02-08T13:01:56,3,159,32,3,1.0,0.000595397490542382,7.0747808,0.03969296615105122,0.028715160151477903,0.01097780599957332,1,5,0.0025850530073512346,0.01097780599957332,0.00028646300779655576,4816896.0,4014080.0
neu_mbv2_pattern_mining,2026-02-08T13:01:57,3,160,32,4,0.6666666666666666,1.3185125589370728,0.3411616,0.04079026522231288,0.028332210204098374,0.012458055018214509,1,5,0.002527165022911504,0.012458055018214509,0.00030605599749833345,225792.0,188160.0
neu_mbv2_pattern_mining,2026-02-08T13:01:57,4,156,32,0,1.0,1.2196085663163103e-05,7.0747808,0.15041141427354887,0.11901861027581617,0.0313928039977327,1,5,0.011054264003178105,0.0313928039977327,0.0008475970244035125,4816896.0,4014080.0
neu_mbv2_pattern_mining,2026-02-08T13:01:57,4,157,32,1,1.0,3.467343412921764e-05,7.0747808,0.03775274779764004,0.027204259822610766,0.010548487975029275,1,5,0.0024429819895885885,0.010548487975029275,0.0002774439926724881,4816896.0,4014080.0
neu_mbv2_pattern_mining,2026-02-08T13:01:57,4,158,32,2,1.0,0.0017340384656563401,7.0747808,0.033260989119298756,0.023894410114735365,0.009366579004563391,1,5,0.002146198006812483,0.009366579004563391,0.00024324300466105342,4816896.0,4014080.0
neu_mbv2_pattern_mining,2026-02-08T13:01:57,4,159,32,3,1.0,0.0016850472893565893,7.0747808,0.033468854788225144,0.02412863977951929,0.009340215008705854,1,5,0.0021702209778595716,0.009340215008705854,0.0002426430000923574,4816896.0,4014080.0
neu_mbv2_pattern_mining,2026-02-08T13:01:57,4,160,32,4,1.0,0.01815049722790718,0.3411616,0.042676346172811463,0.030248580151237547,0.012427766021573916,1,5,0.0026982850104104728,0.012427766021573916,0.000326573004713282,225792.0,188160.0
neu_mbv2_pattern_mining,2026-02-08T13:01:59,0,161,33,0,1.0,2.1635700250044465e-05,7.0747808,0.10874652906204574,0.08406270004343241,0.024683829018613324,1,5,0.007765140006085858,0.024683829018613324,0.0006411299982573837,4816896.0,4014080.0
neu_mbv2_pattern_mining,2026-02-08T13:01:59,0,162,33,1,1.0,0.00018667533004190773,7.0747808,0.03376275164191611,0.02530936966650188,0.008453381975414231,1,5,0.0022270399786066264,0.008453381975414231,0.0003038969880435616,4816896.0,4014080.0
neu_mbv2_pattern_mining,2026-02-08T13:01:59,0,163,33,2,1.0,0.00350048765540123,7.0747808,0.03337060319609009,0.02496632019756362,0.008404282998526469,1,5,0.0022031280095689,0.008404282998526469,0.00029350401018746197,4816896.0,4014080.0
neu_mbv2_pattern_mining,2026-02-08T13:01:59,0,164,33,3,0.84375,0.7466098070144653,7.0747808,0.03384496795479208,0.025126099935732782,0.0087188680190593,1,5,0.0022228489979170263,0.0087188680190593,0.0002897609956562519,4816896.0,4014080.0
neu_mbv2_pattern_mining,2026-02-08T13:01:59,0,165,33,4,1.0,0.06905123591423035,0.45154880000000003,0.03266101502231322,0.02424067002721131,0.008420344995101914,1,5,0.002178772003389895,0.008420344995101914,0.0002452949993312359,301056.0,250880.0
neu_mbv2_pattern_mining,2026-02-08T13:01:59,1,161,33,0,1.0,1.4905589523550589e-05,7.0747808,0.23908632501843385,0.19703172001754865,0.042054605000885203,1,5,0.019067301996983588,0.042054605000885203,0.0006358700047712773,4816896.0,4014080.0
neu_mbv2_pattern_mining,2026-02-08T13:02:00,1,162,33,1,1.0,0.00012820209667552263,7.0747808,0.038401382276788354,0.028603790269698948,0.009797592007089406,1,5,0.0025281500129494816,0.009797592007089406,0.00033222901402041316,4816896.0,4014080.0
neu_mbv2_pattern_mining,2026-02-08T13:02:00,1,163,33,2,0.984375,0.017963053658604622,7.0747808,0.043024188082199544,0.031790430075488985,0.011233758006710559,1,5,0.0028327440086286515,0.011233758006710559,0.00034629899892024696,4816896.0,4014080.0
neu_mbv2_pattern_mining,2026-02-08T13:02:00,1,164,33,3,1.0,0.0029597997199743986,7.0747808,0.03527438678429462,0.025789289793465286,0.009485096990829334,1,5,0.0022963149822317064,0.009485096990829334,0.00028261399711482227,4816896.0,4014080.0
neu_mbv2_pattern_mining,2026-02-08T13:02:00,1,165,33,4,0.3333333333333333,2.7115442752838135,0.3411616,0.04000856197671965,0.02790038997773081,0.012108171998988837,1,5,0.002526611991925165,0.012108171998988837,0.000263427005847916,225792.0,188160.0
neu_mbv2_pattern_mining,2026-02-08T13:02:00,2,161,33,0,1.0,7.931710570119321e-05,7.0747808,0.11022760072955862,0.08699941972736269,0.023228181002195925,1,5,0.008154181996360421,0.023228181002195925,0.0005457599763758481,4816896.0,4014080.0
neu_mbv2_pattern_mining,2026-02-08T13:02:00,2,162,33,1,1.0,0.0005375785403884947,7.0747808,0.03528706423821859,0.026755310245789587,0.008531753992429003,1,5,0.002375910000409931,0.008531753992429003,0.0002996210241690278,4816896.0,4014080.0
neu_mbv2_pattern_mining,2026-02-08T13:02:00,2,163,33,2,0.96875,0.07519291341304779,7.0747808,0.03566438291454688,0.02665943989995867,0.009004943014588207,1,5,0.0023781759955454618,0.009004943014588207,0.00028776799445040524,4816896.0,4014080.0
neu_mbv2_pattern_mining,2026-02-08T13:02:01,2,164,33,3,1.0,0.00247007142752409,7.0747808,0.03129677614197135,0.023042540124151856,0.008254236017819494,1,5,0.0020271539979148656,0.008254236017819494,0.00027710001450031996,4816896.0,4014080.0
neu_mbv2_pattern_mining,2026-02-08T13:02:01,2,165,33,4,0.6666666666666666,2.36913800239563,0.3411616,0.03303033116389997,0.02283255016664043,0.010197780997259542,1,5,0.0020161080174148083,0.010197780997259542,0.0002671469992492348,225792.0,188160.0
neu_mbv2_pattern_mining,2026-02-08T13:02:01,3,161,33,0,1.0,1.6205536667257547e-05,7.0747808,0.125243032904109,0.10144995991140604,0.023793072992702946,1,5,0.009502600005362183,0.023793072992702946,0.0006423959857784212,4816896.0,4014080.0
neu_mbv2_pattern_mining,2026-02-08T13:02:01,3,162,33,1,1.0,0.00117097282782197,7.0747808,0.030079945805482566,0.022556829790119082,0.007523116015363485,1,5,0.001989224983844906,0.007523116015363485,0.0002664579951670021,4816896.0,4014080.0
neu_mbv2_pattern_mining,2026-02-08T13:02:01,3,163,33,2,1.0,0.011518812738358974,7.0747808,0.028444492811104283,0.021062409796286374,0.007382083014817908,1,5,0.0018986159993801266,0.007382083014817908,0.00020762498024851084,4816896.0,4014080.0
neu_mbv2_pattern_mining,2026-02-08T13:02:01,3,164,33,3,1.0,0.00604082690551877,7.0747808,0.026307741180062294,0.019002320186700672,0.007305420993361622,1,5,0.0017092220077756792,0.007305420993361622,0.00019101001089438796,4816896.0,4014080.0
neu_mbv2_pattern_mining,2026-02-08T13:02:01,3,165,33,4,1.0,0.13056312501430511,0.3411616,0.027781620912719518,0.019159489893354475,0.008622131019365042,1,5,0.0017254869744647294,0.008622131019365042,0.00019046201487071812,225792.0,188160.0
neu_mbv2_pattern_mining,2026-02-08T13:02:02,4,161,33,0,1.0,9.975326247513294e-05,7.0747808,0.11954620183678344,0.09457449981709942,0.024971702019684017,1,5,0.008816388988634571,0.024971702019684017,0.0006410609930753708,4816896.0,4014080.0
neu_mbv2_pattern_mining,2026-02-08T13:02:02,4,162,33,1,1.0,0.0005113435327075422,7.0747808,0.02800730595481582,0.02110122994054109,0.006906076014274731,1,5,0.0018487609922885895,0.006906076014274731,0.0002613620017655194,4816896.0,4014080.0
neu_mbv2_pattern_mining,2026-02-08T13:02:02,4,163,33,2,1.0,0.0034511173143982887,7.0747808,0.031170487782219425,0.023429159773513675,0.00774132800870575,1,5,0.002060543978586793,0.00774132800870575,0.00028237199876457453,4816896.0,4014080.0
neu_mbv2_pattern_mining,2026-02-08T13:02:02,4,164,33,3,0.96875,0.07185815274715424,7.0747808,0.028868869820144027,0.021734979818575084,0.007133890001568943,1,5,0.0018980359891429543,0.007133890001568943,0.00027546199271455407,4816896.0,4014080.0
neu_mbv2_pattern_mining,2026-02-08T13:02:02,4,165,33,4,0.3333333333333333,4.153934955596924,0.3411616,0.029485127102816477,0.019988740095868707,0.00949638700694777,1,5,0.001769258000422269,0.00949638700694777,0.00022961600916460156,225792.0,188160.0
neu_mbv2_pattern_mining,2026-02-08T13:02:04,0,166,34,0,1.0,0.0015715478220954537,7.0747808,0.178267780051101,0.13498796004569158,0.04327982000540942,1,5,0.012783849000697955,0.04327982000540942,0.0007149470038712025,4816896.0,4014080.0
neu_mbv2_pattern_mining,2026-02-08T13:02:04,0,167,34,1,0.984375,0.015784285962581635,7.0747808,0.04050184623338282,0.029225190228316933,0.011276656005065888,1,5,0.0025479769974481314,0.011276656005065888,0.00037454202538356185,4816896.0,4014080.0
neu_mbv2_pattern_mining,2026-02-08T13:02:04,0,168,34,2,0.96875,0.07157684862613678,7.0747808,0.04374246424413286,0.03251166024710983,0.011230803997023031,1,5,0.0028730820049531758,0.011230803997023031,0.00037808401975780725,4816896.0,4014080.0
neu_mbv2_pattern_mining,2026-02-08T13:02:04,0,169,34,3,0.984375,0.21321535110473633,7.0747808,0.041508864116622135,0.03046018013264984,0.011048683983972296,1,5,0.002714780013775453,0.011048683983972296,0.0003312379994895309,4816896.0,4014080.0
neu_mbv2_pattern_mining,2026-02-08T13:02:04,0,170,34,4,0.5,0.5596882104873657,0.45154880000000003,0.043682201037881896,0.031995250028558075,0.01168695100932382,1,5,0.0028569849964696914,0.01168695100932382,0.00034254000638611615,301056.0,250880.0
neu_mbv2_pattern_mining,2026-02-08T13:02:05,1,166,34,0,1.0,0.0007376515422947705,7.0747808,0.12016196982585825,0.09729327983222902,0.022868689993629232,1,5,0.009217158978572115,0.022868689993629232,0.0005121690046507865,4816896.0,4014080.0
neu_mbv2_pattern_mining,2026-02-08T13:02:05,1,167,34,1,0.921875,0.3678186535835266,7.0747808,0.028499095205916092,0.02149032021407038,0.007008774991845712,1,5,0.0018796990043483675,0.007008774991845712,0.0002693330170586705,4816896.0,4014080.0
neu_mbv2_pattern_mining,2026-02-08T13:02:05,1,168,34,2,1.0,0.0007019838085398078,7.0747808,0.030786945251747966,0.02315458026714623,0.007632364984601736,1,5,0.00203707700711675,0.007632364984601736,0.0002783810195978731,4816896.0,4014080.0
neu_mbv2_pattern_mining,2026-02-08T13:02:05,1,169,34,3,0.921875,0.3586476147174835,7.0747808,0.029040228720987216,0.021854379738215357,0.007185848982771859,1,5,0.0019229679892305285,0.007185848982771859,0.00026246998459100723,4816896.0,4014080.0
neu_mbv2_pattern_mining,2026-02-08T13:02:05,1,170,34,4,0.3333333333333333,1.1136354207992554,0.3411616,0.03330208582337946,0.023379089834634215,0.009922995988745242,1,5,0.0020581379940267652,0.009922995988745242,0.00027977098943665624,225792.0,188160.0
neu_mbv2_pattern_mining,2026-02-08T13:02:05,2,166,34,0,1.0,2.705461702134926e-05,7.0747808,0.1303465251403395,0.10197710013017058,0.028369425010168925,1,5,0.009511229989584535,0.028369425010168925,0.000686480023432523,4816896.0,4014080.0
neu_mbv2_pattern_mining,2026-02-08T13:02:05,2,167,34,1,0.984375,0.1270904690027237,7.0747808,0.03908797513577156,0.029042260139249265,0.010045714996522292,1,5,0.002570854005170986,0.010045714996522292,0.00033337200875394046,4816896.0,4014080.0
neu_mbv2_pattern_mining,2026-02-08T13:02:05,2,168,34,2,0.78125,0.8750556707382202,7.0747808,0.03902594282408245,0.028882869810331613,0.010143073013750836,1,5,0.002569998992839828,0.010143073013750836,0.00031828798819333315,4816896.0,4014080.0
neu_mbv2_pattern_mining,2026-02-08T13:02:05,2,169,34,3,1.0,0.00959551241248846,7.0747808,0.037156958918785676,0.027133839903399348,0.010023119015386328,1,5,0.002392228983808309,0.010023119015386328,0.000321155006531626,4816896.0,4014080.0
neu_mbv2_pattern_mining,2026-02-08T13:02:06,2,170,34,4,0.3333333333333333,1.1420845985412598,0.3411616,0.042032116994960234,0.029132950003258884,0.01289916699170135,1,5,0.0026049879961647093,0.01289916699170135,0.00030830700416117907,225792.0,188160.0
neu_mbv2_pattern_mining,2026-02-08T13:02:06,3,166,34,0,1.0,4.408817403600551e-06,7.0747808,0.18317619219305925,0.14559557021129876,0.03758062198176049,1,5,0.013865254004485905,0.03758062198176049,0.0006943030166439712,4816896.0,4014080.0
neu_mbv2_pattern_mining,2026-02-08T13:02:06,3,167,34,1,1.0,0.008640853688120842,7.0747808,0.03838809099397622,0.028589889989234507,0.009798201004741713,1,5,0.002523442992242053,0.009798201004741713,0.00033554600668139756,4816896.0,4014080.0
neu_mbv2_pattern_mining,2026-02-08T13:02:06,3,168,34,2,0.890625,0.41404828429222107,7.0747808,0.044363924069330096,0.03304398007458076,0.011319943994749337,1,5,0.002959331002784893,0.011319943994749337,0.00034506700467318296,4816896.0,4014080.0
neu_mbv2_pattern_mining,2026-02-08T13:02:06,3,169,34,3,1.0,0.008967544883489609,7.0747808,0.03941590487374924,0.029122899868525565,0.010293005005223677,1,5,0.0025818230060394853,0.010293005005223677,0.00033046698081307113,4816896.0,4014080.0
neu_mbv2_pattern_mining,2026-02-08T13:02:06,3,170,34,4,0.6666666666666666,1.8339438438415527,0.3411616,0.042463965102797374,0.02930526010459289,0.013158704998204485,1,5,0.0026146949967369437,0.013158704998204485,0.00031583101372234523,225792.0,188160.0
neu_mbv2_pattern_mining,2026-02-08T13:02:07,4,166,34,0,1.0,3.139418549835682e-05,7.0747808,0.2078798582078889,0.15973076020600274,0.04814909800188616,1,5,0.015298117999918759,0.04814909800188616,0.0006749580206815153,4816896.0,4014080.0
neu_mbv2_pattern_mining,2026-02-08T13:02:07,4,167,34,1,1.0,6.296689389273524e-05,7.0747808,0.03835996415000409,0.028613280155695975,0.009746683994308114,1,5,0.002515959000447765,0.009746683994308114,0.0003453690151218325,4816896.0,4014080.0
neu_mbv2_pattern_mining,2026-02-08T13:02:07,4,168,34,2,1.0,0.018886562436819077,7.0747808,0.03743694213335402,0.02799539011903107,0.009441552014322951,1,5,0.0024868770269677043,0.009441552014322951,0.00031266198493540287,4816896.0,4014080.0
neu_mbv2_pattern_mining,2026-02-08T13:02:07,4,169,34,3,1.0,7.604430720675737e-05,7.0747808,0.03414536500349641,0.025458419986534864,0.008686945016961545,1,5,0.002259077999042347,0.008686945016961545,0.0002867639996111393,4816896.0,4014080.0
neu_mbv2_pattern_mining,2026-02-08T13:02:07,4,170,34,4,0.6666666666666666,3.0254690647125244,0.3411616,0.03196864697383717,0.021931829978711903,0.010036816995125264,1,5,0.0019699060067068785,0.010036816995125264,0.00022327699116431177,225792.0,188160.0
neu_mbv2_pattern_mining,2026-02-08T13:02:09,0,171,35,0,1.0,5.2829404012300074e-05,7.0747808,0.11226377106504515,0.08734739007195458,0.02491638099309057,1,5,0.00808333299937658,0.02491638099309057,0.0006514060078188777,4816896.0,4014080.0
neu_mbv2_pattern_mining,2026-02-08T13:02:09,0,172,35,1,1.0,6.589505210286006e-05,7.0747808,0.029658713174285367,0.02209254016634077,0.007566173007944599,1,5,0.0019496290187817067,0.007566173007944599,0.00025962499785237014,4816896.0,4014080.0
neu_mbv2_pattern_mining,2026-02-08T13:02:09,0,173,35,2,0.9375,0.24093005061149597,7.0747808,0.03122248171712272,0.022632389736827463,0.008590091980295256,1,5,0.0019976249895989895,0.008590091980295256,0.0002656139840837568,4816896.0,4014080.0
neu_mbv2_pattern_mining,2026-02-08T13:02:09,0,174,35,3,1.0,0.006651917938143015,7.0747808,0.031220815988490358,0.022762599983252585,0.008458216005237773,1,5,0.002005769987590611,0.008458216005237773,0.0002704900107346475,4816896.0,4014080.0
neu_mbv2_pattern_mining,2026-02-08T13:02:09,0,175,35,4,0.75,1.1424384117126465,0.45154880000000003,0.036533337173750624,0.026701140159275383,0.009832197014475241,1,5,0.0023564629955217242,0.009832197014475241,0.00031365102040581405,301056.0,250880.0
neu_mbv2_pattern_mining,2026-02-08T13:02:09,1,171,35,0,1.0,4.623723361873999e-05,7.0747808,0.12336147687165067,0.0991793698631227,0.024182107008527964,1,5,0.009277816978283226,0.024182107008527964,0.0006401200080290437,4816896.0,4014080.0
neu_mbv2_pattern_mining,2026-02-08T13:02:09,1,172,35,1,0.984375,0.07510702311992645,7.0747808,0.029899300745455548,0.022003209742251784,0.007896091003203765,1,5,0.0019503679941408336,0.007896091003203765,0.00024995298008434474,4816896.0,4014080.0
neu_mbv2_pattern_mining,2026-02-08T13:02:09,1,173,35,2,1.0,0.00021554259001277387,7.0747808,0.026187969895545393,0.019117599877063185,0.007070370018482208,1,5,0.0016814199916552752,0.007070370018482208,0.00023033999605104327,4816896.0,4014080.0
neu_mbv2_pattern_mining,2026-02-08T13:02:09,1,174,35,3,0.96875,0.20768892765045166,7.0747808,0.024788327980786562,0.01809834997402504,0.006689978006761521,1,5,0.0015991280088201165,0.006689978006761521,0.00021070698858238757,4816896.0,4014080.0
neu_mbv2_pattern_mining,2026-02-08T13:02:09,1,175,35,4,0.6666666666666666,0.6115180850028992,0.3411616,0.027509508916409686,0.01863229990703985,0.008877209009369835,1,5,0.001641087990719825,0.008877209009369835,0.00022214199998416007,225792.0,188160.0
neu_mbv2_pattern_mining,2026-02-08T13:02:10,2,171,35,0,1.0,0.00485030934214592,7.0747808,0.14480570191517472,0.11535536992596462,0.0294503319892101,1,5,0.010784337995573878,0.0294503319892101,0.0007511989970225841,4816896.0,4014080.0
neu_mbv2_pattern_mining,2026-02-08T13:02:10,2,172,35,1,0.9375,0.3583197295665741,7.0747808,0.029429351969156414,0.02207612997153774,0.007353221997618675,1,5,0.0019382910104468465,0.007353221997618675,0.0002693219867069274,4816896.0,4014080.0
neu_mbv2_pattern_mining,2026-02-08T13:02:10,2,173,35,2,0.984375,0.042106956243515015,7.0747808,0.02647127624368295,0.019274290243629366,0.007196986000053585,1,5,0.0016975680191535503,0.007196986000053585,0.00022986100520938635,4816896.0,4014080.0
neu_mbv2_pattern_mining,2026-02-08T13:02:10,2,174,35,3,1.0,0.0016257293755188584,7.0747808,0.02787210192764178,0.02013727993471548,0.0077348219929263,1,5,0.001787063985830173,0.0077348219929263,0.00022666400764137506,4816896.0,4014080.0
neu_mbv2_pattern_mining,2026-02-08T13:02:10,2,175,35,4,0.3333333333333333,3.381885528564453,0.3411616,0.0311666049528867,0.021301039960235357,0.009865564992651343,1,5,0.001879029005067423,0.009865564992651343,0.00025107499095611274,225792.0,188160.0
neu_mbv2_pattern_mining,2026-02-08T13:02:11,3,171,35,0,1.0,5.303654324961826e-05,7.0747808,0.24011159208021127,0.19614254008047283,0.04396905199973844,1,5,0.01887616401654668,0.04396905199973844,0.0007380899915006012,4816896.0,4014080.0
neu_mbv2_pattern_mining,2026-02-08T13:02:11,3,172,35,1,1.0,0.00011917328083654866,7.0747808,0.042049462150316685,0.030503070156555623,0.011546391993761063,1,5,0.0026934660272672772,0.011546391993761063,0.00035684098838828504,4816896.0,4014080.0
neu_mbv2_pattern_mining,2026-02-08T13:02:11,3,173,35,2,1.0,0.00045774850877933204,7.0747808,0.040589090902358294,0.029342779889702797,0.011246311012655497,1,5,0.0026197779807262123,0.011246311012655497,0.00031450000824406743,4816896.0,4014080.0
neu_mbv2_pattern_mining,2026-02-08T13:02:11,3,174,35,3,0.984375,0.13590861856937408,7.0747808,0.038191267783986405,0.027555129781831056,0.010636138002155349,1,5,0.00246050299028866,0.010636138002155349,0.00029500998789444566,4816896.0,4014080.0
neu_mbv2_pattern_mining,2026-02-08T13:02:11,3,175,35,4,1.0,0.040087148547172546,0.3411616,0.04137083009118214,0.028399880102369934,0.012970949988812208,1,5,0.0025106859975494444,0.012970949988812208,0.000329302012687549,225792.0,188160.0
neu_mbv2_pattern_mining,2026-02-08T13:02:12,4,171,35,0,1.0,0.00014558047405444086,7.0747808,0.18959407808142714,0.15086797007825226,0.038726108003174886,1,5,0.014401645021280274,0.038726108003174886,0.0006851519865449518,4816896.0,4014080.0
neu_mbv2_pattern_mining,2026-02-08T13:02:12,4,172,35,1,1.0,0.013208608143031597,7.0747808,0.03617761793429963,0.02657859993632883,0.009599017997970805,1,5,0.0023484909906983376,0.009599017997970805,0.0003093690029345453,4816896.0,4014080.0
neu_mbv2_pattern_mining,2026-02-08T13:02:12,4,173,35,2,0.96875,0.059217847883701324,7.0747808,0.04089569512871094,0.029860550130251795,0.011035144998459145,1,5,0.0026624109887052327,0.011035144998459145,0.00032364402431994677,4816896.0,4014080.0
neu_mbv2_pattern_mining,2026-02-08T13:02:12,4,174,35,3,1.0,0.00017949943139683455,7.0747808,0.035873203101800755,0.025867290096357465,0.01000591300544329,1,5,0.0022905140067450702,0.01000591300544329,0.00029621500289067626,4816896.0,4014080.0
neu_mbv2_pattern_mining,2026-02-08T13:02:12,4,175,35,4,0.6666666666666666,3.4750287532806396,0.3411616,0.04334890269092284,0.029952129698358476,0.013396772992564365,1,5,0.002664926985744387,0.013396772992564365,0.0003302859840914607,225792.0,188160.0
neu_mbv2_pattern_mining,2026-02-08T13:02:13,0,176,36,0,1.0,0.003861810779199004,7.0747808,0.1073331474326551,0.08098351041553542,0.026349637017119676,1,5,0.00750330401933752,0.026349637017119676,0.000595047022216022,4816896.0,4014080.0
neu_mbv2_pattern_mining,2026-02-08T13:02:13,0,177,36,1,1.0,0.004276270512491465,7.0747808,0.031727801251690835,0.023172790242824703,0.008555011008866131,1,5,0.002054906013654545,0.008555011008866131,0.0002623730106279254,4816896.0,4014080.0
neu_mbv2_pattern_mining,2026-02-08T13:02:13,0,178,36,2,0.84375,1.058479905128479,7.0747808,0.030586897890316322,0.022202369873411953,0.008384528016904369,1,5,0.0019579219806473702,0.008384528016904369,0.0002623150066938251,4816896.0,4014080.0
neu_mbv2_pattern_mining,2026-02-08T13:02:14,0,179,36,3,1.0,0.004183963872492313,7.0747808,0.031506803788943216,0.023001179797574878,0.008505623991368338,1,5,0.00204385700635612,0.008505623991368338,0.00025626097340136766,4816896.0,4014080.0
neu_mbv2_pattern_mining,2026-02-08T13:02:14,0,180,36,4,0.5,3.199937105178833,0.45154880000000003,0.03312097617890686,0.02388651017099619,0.009234466007910669,1,5,0.0021312010067049414,0.009234466007910669,0.0002574500103946775,301056.0,250880.0
neu_mbv2_pattern_mining,2026-02-08T13:02:14,1,176,36,0,1.0,3.3862650070659583e-06,7.0747808,0.14378776273224503,0.11739903973648325,0.026388722995761782,1,5,0.011116011999547482,0.026388722995761782,0.0006238919741008431,4816896.0,4014080.0
neu_mbv2_pattern_mining,2026-02-08T13:02:14,1,177,36,1,1.0,4.836387961404398e-05,7.0747808,0.02616155697614886,0.01942180999321863,0.006739746982930228,1,5,0.0017006359994411469,0.006739746982930228,0.0002415449998807162,4816896.0,4014080.0
neu_mbv2_pattern_mining,2026-02-08T13:02:14,1,178,36,2,1.0,8.598229760536924e-05,7.0747808,0.029448860965203494,0.021674839954357594,0.0077740210108459,1,5,0.00191373800043948,0.0077740210108459,0.0002537459949962795,4816896.0,4014080.0
neu_mbv2_pattern_mining,2026-02-08T13:02:15,1,179,36,3,1.0,0.008783815428614616,7.0747808,0.028143456962425262,0.02043429994955659,0.007709157012868673,1,5,0.0018055160180665553,0.007709157012868673,0.00023791397688910365,4816896.0,4014080.0
neu_mbv2_pattern_mining,2026-02-08T13:02:15,1,180,36,4,0.6666666666666666,2.249457359313965,0.3411616,0.034987465012818575,0.023588920012116432,0.011398545000702143,1,5,0.002086716005578637,0.011398545000702143,0.0002721759956330061,225792.0,188160.0
neu_mbv2_pattern_mining,2026-02-08T13:02:15,2,176,36,0,1.0,9.399878035765141e-05,7.0747808,0.19265270279720426,0.15215534978779033,0.04049735300941393,1,5,0.014561827993020415,0.04049735300941393,0.0006537069857586175,4816896.0,4014080.0
neu_mbv2_pattern_mining,2026-02-08T13:02:15,2,177,36,1,0.9375,0.14319045841693878,7.0747808,0.03181024675723165,0.02354832977289334,0.008261916984338313,1,5,0.00206897797761485,0.008261916984338313,0.00028585499967448413,4816896.0,4014080.0
neu_mbv2_pattern_mining,2026-02-08T13:02:15,2,178,36,2,0.90625,0.5735615491867065,7.0747808,0.03469177903025411,0.025699590041767806,0.008992188988486305,1,5,0.0022868319938424975,0.008992188988486305,0.0002831270103342831,4816896.0,4014080.0
neu_mbv2_pattern_mining,2026-02-08T13:02:15,2,179,36,3,0.96875,0.14439573884010315,7.0747808,0.03245405727648176,0.02348315028939396,0.008970906987087801,1,5,0.002082059014355764,0.008970906987087801,0.00026625601458363235,4816896.0,4014080.0
neu_mbv2_pattern_mining,2026-02-08T13:02:15,2,180,36,4,0.3333333333333333,2.8924787044525146,0.3411616,0.04044214283931069,0.02513241983251646,0.01530972300679423,1,5,0.002216667984612286,0.01530972300679423,0.00029657399863936007,225792.0,188160.0
neu_mbv2_pattern_mining,2026-02-08T13:02:16,3,176,36,0,1.0,6.102388215367682e-05,7.0747808,0.15557549509685487,0.11706240009516478,0.03851309500169009,1,5,0.01099271498969756,0.03851309500169009,0.0007135250198189169,4816896.0,4014080.0
neu_mbv2_pattern_mining,2026-02-08T13:02:16,3,177,36,1,1.0,9.829258488025516e-05,7.0747808,0.03799779902328737,0.027902330039069057,0.010095468984218314,1,5,0.00246260900166817,0.010095468984218314,0.00032762400223873556,4816896.0,4014080.0
neu_mbv2_pattern_mining,2026-02-08T13:02:16,3,178,36,2,0.953125,0.1348494291305542,7.0747808,0.039746421010931954,0.02868390001822263,0.011062520992709324,1,5,0.002542598987929523,0.011062520992709324,0.00032579101389274,4816896.0,4014080.0
neu_mbv2_pattern_mining,2026-02-08T13:02:16,3,179,36,3,0.984375,0.05169304832816124,7.0747808,0.036197053763316944,0.02617929974803701,0.010017754015279934,1,5,0.0023159139964263886,0.010017754015279934,0.0003020159783773124,4816896.0,4014080.0
neu_mbv2_pattern_mining,2026-02-08T13:02:16,3,180,36,4,0.6666666666666666,0.8134188055992126,0.3411616,0.04324051964795217,0.030401879630517215,0.012838640017434955,1,5,0.002722837991314009,0.012838640017434955,0.0003173499717377126,225792.0,188160.0
neu_mbv2_pattern_mining,2026-02-08T13:02:17,4,176,36,0,1.0,5.021503602620214e-05,7.0747808,0.1360674331372138,0.10097276011947542,0.03509467301773839,1,5,0.009474844002397731,0.03509467301773839,0.0006224320095498115,4816896.0,4014080.0
neu_mbv2_pattern_mining,2026-02-08T13:02:17,4,177,36,1,1.0,0.0005784217501059175,7.0747808,0.03395893715787679,0.024904640158638358,0.009054296999238431,1,5,0.0021948400244582444,0.009054296999238431,0.00029562399140559137,4816896.0,4014080.0
neu_mbv2_pattern_mining,2026-02-08T13:02:17,4,178,36,2,1.0,0.017963455989956856,7.0747808,0.03526989187230356,0.02626634988700971,0.00900354198529385,1,5,0.0023519889800809324,0.00900354198529385,0.00027464600862003863,4816896.0,4014080.0
neu_mbv2_pattern_mining,2026-02-08T13:02:17,4,179,36,3,0.953125,0.1680571734905243,7.0747808,0.03306266712024808,0.024487230111844838,0.008575437008403242,1,5,0.0021779710077680647,0.008575437008403242,0.00027075200341641903,4816896.0,4014080.0
neu_mbv2_pattern_mining,2026-02-08T13:02:17,4,180,36,4,0.6666666666666666,0.5227105617523193,0.3411616,0.03538305114489049,0.024107450153678656,0.011275600991211832,1,5,0.0021433510119095445,0.011275600991211832,0.0002673940034583211,225792.0,188160.0
neu_mbv2_pattern_mining,2026-02-08T13:02:18,0,181,37,0,1.0,0.0003605402307584882,7.0747808,0.1301246061339043,0.09778544015716761,0.032339165976736695,1,5,0.009118568006670102,0.032339165976736695,0.0006599760090466589,4816896.0,4014080.0
neu_mbv2_pattern_mining,2026-02-08T13:02:18,0,182,37,1,0.96875,0.1394011527299881,7.0747808,0.031752956710988656,0.02321208972716704,0.008540866983821616,1,5,0.0020692769903689623,0.008540866983821616,0.0002519319823477417,4816896.0,4014080.0
neu_mbv2_pattern_mining,2026-02-08T13:02:19,0,183,37,2,0.984375,0.11868905276060104,7.0747808,0.030991993233328685,0.02272152021760121,0.008270473015727475,1,5,0.0020610030042007565,0.008270473015727475,0.00021114901755936444,4816896.0,4014080.0
neu_mbv2_pattern_mining,2026-02-08T13:02:19,0,184,37,3,0.8125,1.4293030500411987,7.0747808,0.027905858994927257,0.02042125997832045,0.007484599016606808,1,5,0.0018571169930510223,0.007484599016606808,0.00018500900478102267,4816896.0,4014080.0
neu_mbv2_pattern_mining,2026-02-08T13:02:19,0,185,37,4,0.75,2.9149341583251953,0.45154880000000003,0.027311993791954592,0.01939894980750978,0.007913043984444812,1,5,0.0017552999779582024,0.007913043984444812,0.00018459500279277563,301056.0,250880.0
neu_mbv2_pattern_mining,2026-02-08T13:02:19,1,181,37,0,0.984375,0.03503858298063278,7.0747808,0.11697168424143456,0.09397394023835659,0.02299774400307797,1,5,0.008929831004934385,0.02299774400307797,0.0004675630189012736,4816896.0,4014080.0
neu_mbv2_pattern_mining,2026-02-08T13:02:19,1,182,37,1,0.84375,1.0855364799499512,7.0747808,0.024153947917511687,0.017577449907548726,0.006576498009962961,1,5,0.0015690379950683564,0.006576498009962961,0.00018870699568651617,4816896.0,4014080.0
neu_mbv2_pattern_mining,2026-02-08T13:02:19,1,183,37,2,0.96875,0.18201503157615662,7.0747808,0.0235847627336625,0.017108069732785225,0.006476693000877276,1,5,0.0015395029913634062,0.006476693000877276,0.0001713039819151163,4816896.0,4014080.0
neu_mbv2_pattern_mining,2026-02-08T13:02:19,1,184,37,3,0.96875,0.18962077796459198,7.0747808,0.023658078076550737,0.016940390050876886,0.006717688025673851,1,5,0.0015205300005618483,0.006717688025673851,0.00017350900452584028,4816896.0,4014080.0
neu_mbv2_pattern_mining,2026-02-08T13:02:19,1,185,37,4,0.3333333333333333,1.3263236284255981,0.3411616,0.02726626509684138,0.01847831008490175,0.00878795501193963,1,5,0.0016502210055477917,0.00878795501193963,0.0001976100029423833,225792.0,188160.0
neu_mbv2_pattern_mining,2026-02-08T13:02:20,2,181,37,0,1.0,0.00010120755177922547,7.0747808,0.16365135996602476,0.13005440996494144,0.033596950001083314,1,5,0.012366664013825357,0.033596950001083314,0.0006387769826687872,4816896.0,4014080.0
neu_mbv2_pattern_mining,2026-02-08T13:02:20,2,182,37,1,1.0,0.00028610340086743236,7.0747808,0.03449697807081975,0.02507555007468909,0.00942142799613066,1,5,0.00224058999447152,0.00942142799613066,0.00026696501299738884,4816896.0,4014080.0
neu_mbv2_pattern_mining,2026-02-08T13:02:20,2,183,37,2,0.859375,0.4098142683506012,7.0747808,0.03356535595958121,0.023040999949444085,0.010524356010137126,1,5,0.00203448100364767,0.010524356010137126,0.0002696189912967384,4816896.0,4014080.0
neu_mbv2_pattern_mining,2026-02-08T13:02:20,2,184,37,3,0.90625,0.3314920663833618,7.0747808,0.03012047801166773,0.02172059001168236,0.008399887999985367,1,5,0.00195598800200969,0.008399887999985367,0.00021607099915854633,4816896.0,4014080.0
neu_mbv2_pattern_mining,2026-02-08T13:02:20,2,185,37,4,0.3333333333333333,1.1263450384140015,0.3411616,0.03910925902891904,0.026784380024764687,0.012324879004154354,1,5,0.0024327219871338457,0.012324879004154354,0.000245716015342623,225792.0,188160.0
neu_mbv2_pattern_mining,2026-02-08T13:02:21,3,181,37,0,1.0,7.742830348433927e-06,7.0747808,0.13059901888482273,0.10633428988512605,0.024264728999696672,1,5,0.010067944996990263,0.024264728999696672,0.000565483991522342,4816896.0,4014080.0
neu_mbv2_pattern_mining,2026-02-08T13:02:21,3,182,37,1,1.0,5.8186960814055055e-06,7.0747808,0.03131349597242661,0.02311635995283723,0.00819713601958938,1,5,0.0020356719905976206,0.00819713601958938,0.00027596400468610227,4816896.0,4014080.0
neu_mbv2_pattern_mining,2026-02-08T13:02:21,3,183,37,2,1.0,0.00028445199131965637,7.0747808,0.02888853708282113,0.02085540007101372,0.008033137011807412,1,5,0.0018569180101621896,0.008033137011807412,0.00022862199693918228,4816896.0,4014080.0
neu_mbv2_pattern_mining,2026-02-08T13:02:21,3,184,37,3,1.0,0.0020111820194870234,7.0747808,0.03264158085221425,0.02415253984509036,0.008489041007123888,1,5,0.002189909981098026,0.008489041007123888,0.0002253440034110099,4816896.0,4014080.0
neu_mbv2_pattern_mining,2026-02-08T13:02:21,3,185,37,4,0.0,4.40080451965332,0.3411616,0.036045745393494144,0.024864670413080603,0.011181074980413541,1,5,0.0022106180258560926,0.011181074980413541,0.0002758490154519677,225792.0,188160.0
neu_mbv2_pattern_mining,2026-02-08T13:02:22,4,181,37,0,1.0,0.0003041946911253035,7.0747808,0.11317631142446771,0.08845480042509735,0.024721510999370366,1,5,0.008268805016996339,0.024721510999370366,0.0005766750255133957,4816896.0,4014080.0
neu_mbv2_pattern_mining,2026-02-08T13:02:22,4,182,37,1,0.734375,2.431952476501465,7.0747808,0.03253816737560555,0.023555360385216773,0.00898280699038878,1,5,0.0021040910214651376,0.00898280699038878,0.00025144501705653965,4816896.0,4014080.0
neu_mbv2_pattern_mining,2026-02-08T13:02:22,4,183,37,2,1.0,0.0006891341181471944,7.0747808,0.030071549670537934,0.021679509663954377,0.008392040006583557,1,5,0.0019452849810477346,0.008392040006583557,0.0002226659853477031,4816896.0,4014080.0
neu_mbv2_pattern_mining,2026-02-08T13:02:22,4,184,37,3,1.0,0.03499000892043114,7.0747808,0.030583807994844392,0.02206270000897348,0.008521107985870913,1,5,0.0019812480022665113,0.008521107985870913,0.0002250219986308366,4816896.0,4014080.0
neu_mbv2_pattern_mining,2026-02-08T13:02:22,4,185,37,4,1.0,0.11640340089797974,0.3411616,0.035687678115209565,0.023854020109865814,0.01183365800534375,1,5,0.0021239150082692504,0.01183365800534375,0.00026148700271733105,225792.0,188160.0
neu_mbv2_pattern_mining,2026-02-08T13:02:23,0,186,38,0,1.0,0.00012412141950335354,7.0747808,0.10940722384839319,0.08439987985184416,0.025007343996549025,1,5,0.007769849005853757,0.025007343996549025,0.0006701389793306589,4816896.0,4014080.0
neu_mbv2_pattern_mining,2026-02-08T13:02:23,0,187,38,1,1.0,0.0009223355446010828,7.0747808,0.03590747478301637,0.02741855976637453,0.00848891501664184,1,5,0.0024512609816156328,0.00848891501664184,0.00029059499502182007,4816896.0,4014080.0
neu_mbv2_pattern_mining,2026-02-08T13:02:23,0,188,38,2,0.96875,0.10756731778383255,7.0747808,0.0336618832370732,0.025225310237146914,0.008436572999926284,1,5,0.0022205830027814955,0.008436572999926284,0.00030194802093319595,4816896.0,4014080.0
neu_mbv2_pattern_mining,2026-02-08T13:02:23,0,189,38,3,1.0,0.014180737547576427,7.0747808,0.0350214870122727,0.02615167002659291,0.00886981698567979,1,5,0.0022969410056248307,0.00886981698567979,0.0003182259970344603,4816896.0,4014080.0
neu_mbv2_pattern_mining,2026-02-08T13:02:23,0,190,38,4,1.0,0.0009537452715449035,0.45154880000000003,0.033656123239779845,0.024132460239343345,0.0095236630004365,1,5,0.002157537004677579,0.0095236630004365,0.0002557090192567557,301056.0,250880.0
neu_mbv2_pattern_mining,2026-02-08T13:02:24,1,186,38,0,1.0,0.0004173063498456031,7.0747808,0.16573798819445074,0.13122260017553344,0.03451538801891729,1,5,0.012315124011365697,0.03451538801891729,0.0008071360061876476,4816896.0,4014080.0
neu_mbv2_pattern_mining,2026-02-08T13:02:24,1,187,38,1,0.734375,1.607659935951233,7.0747808,0.041615332826040685,0.03021477983566001,0.011400552990380675,1,5,0.0027591679827310145,0.011400552990380675,0.00026231000083498657,4816896.0,4014080.0
neu_mbv2_pattern_mining,2026-02-08T13:02:24,1,188,38,2,1.0,0.006150024011731148,7.0747808,0.02452523889951408,0.01783927989890799,0.00668595900060609,1,5,0.0015609459951519966,0.00668595900060609,0.00022298199473880231,4816896.0,4014080.0
neu_mbv2_pattern_mining,2026-02-08T13:02:24,1,189,38,3,0.953125,0.10053154826164246,7.0747808,0.02410968579351902,0.017223869799636304,0.006885815993882716,1,5,0.0015331979957409203,0.006885815993882716,0.00018918898422271013,4816896.0,4014080.0
neu_mbv2_pattern_mining,2026-02-08T13:02:24,1,190,38,4,0.6666666666666666,1.126090407371521,0.3411616,0.02661596648977138,0.01778160047251731,0.00883436601725407,1,5,0.001592444023117423,0.00883436601725407,0.0001857160241343081,225792.0,188160.0
neu_mbv2_pattern_mining,2026-02-08T13:02:25,2,186,38,0,1.0,0.00015002713189460337,7.0747808,0.16093258309410885,0.12870536011178046,0.032227222982328385,1,5,0.012190055014798418,0.032227222982328385,0.0006804809963796288,4816896.0,4014080.0
neu_mbv2_pattern_mining,2026-02-08T13:02:25,2,187,38,1,1.0,0.00993029773235321,7.0747808,0.031401601067045704,0.023561980051454157,0.007839621015591547,1,5,0.0021029229974374175,0.007839621015591547,0.00025327500770799816,4816896.0,4014080.0
neu_mbv2_pattern_mining,2026-02-08T13:02:25,2,188,38,2,1.0,0.004006695933640003,7.0747808,0.027007587166735902,0.01955261017428711,0.007454976992448792,1,5,0.0017348180117551237,0.007454976992448792,0.00022044300567358732,4816896.0,4014080.0
neu_mbv2_pattern_mining,2026-02-08T13:02:25,2,189,38,3,0.9375,0.21627579629421234,7.0747808,0.025011466845171526,0.018247999832965434,0.0067634670122060925,1,5,0.0016440079780295491,0.0067634670122060925,0.00018079200526699424,4816896.0,4014080.0
neu_mbv2_pattern_mining,2026-02-08T13:02:25,2,190,38,4,1.0,0.12378058582544327,0.3411616,0.027253350795945153,0.018354829808231443,0.00889852098771371,1,5,0.0016543630044907331,0.00889852098771371,0.00018111997633241117,225792.0,188160.0
neu_mbv2_pattern_mining,2026-02-08T13:02:26,3,186,38,0,1.0,1.9936247554142028e-05,7.0747808,0.14091687486506999,0.11401439987821504,0.02690247498685494,1,5,0.010818378010299057,0.02690247498685494,0.0005830619775224477,4816896.0,4014080.0
neu_mbv2_pattern_mining,2026-02-08T13:02:26,3,187,38,1,0.984375,0.05093512684106827,7.0747808,0.03189665873651393,0.023332259734161198,0.00856439900235273,1,5,0.0020734029822051525,0.00856439900235273,0.0002598229912109673,4816896.0,4014080.0
neu_mbv2_pattern_mining,2026-02-08T13:02:26,3,188,38,2,1.0,0.004352086689323187,7.0747808,0.03419485219637863,0.025125020183622837,0.009069832012755796,1,5,0.0022138520143926144,0.009069832012755796,0.00029865000396966934,4816896.0,4014080.0
neu_mbv2_pattern_mining,2026-02-08T13:02:26,3,189,38,3,0.84375,0.5401437282562256,7.0747808,0.03318146904348396,0.024590340035501868,0.00859112900798209,1,5,0.002177585003664717,0.00859112900798209,0.0002814489998854697,4816896.0,4014080.0
neu_mbv2_pattern_mining,2026-02-08T13:02:26,3,190,38,4,0.3333333333333333,2.74200177192688,0.3411616,0.032568937953328714,0.02237167995190248,0.010197258001426235,1,5,0.00196616500033997,0.010197258001426235,0.0002710029948502779,225792.0,188160.0
neu_mbv2_pattern_mining,2026-02-08T13:02:27,4,186,38,0,1.0,0.0006719304365105927,7.0747808,0.18006951003917493,0.1414434300386347,0.03862608000054024,1,5,0.013402492011664435,0.03862608000054024,0.0007418509921990335,4816896.0,4014080.0
neu_mbv2_pattern_mining,2026-02-08T13:02:27,4,187,38,1,0.875,0.42764100432395935,7.0747808,0.04075027289218269,0.02949174988316372,0.011258523009018973,1,5,0.0026541109837125987,0.011258523009018973,0.00029506400460377336,4816896.0,4014080.0
neu_mbv2_pattern_mining,2026-02-08T13:02:27,4,188,38,2,1.0,0.00018400291446596384,7.0747808,0.037245415878714994,0.02674683986697346,0.010498576011741534,1,5,0.0024027629988268018,0.010498576011741534,0.0002719209878705442,4816896.0,4014080.0
neu_mbv2_pattern_mining,2026-02-08T13:02:27,4,189,38,3,1.0,0.009914075024425983,7.0747808,0.03707140899496153,0.026593410002533346,0.010477998992428184,1,5,0.0023943400010466576,0.010477998992428184,0.0002650009992066771,4816896.0,4014080.0
neu_mbv2_pattern_mining,2026-02-08T13:02:27,4,190,38,4,0.0,5.506140232086182,0.3411616,0.040914852783316746,0.028137829795014113,0.012777022988302633,1,5,0.0025043089990504086,0.012777022988302633,0.0003094739804510027,225792.0,188160.0
neu_mbv2_pattern_mining,2026-02-08T13:02:28,0,191,39,0,0.984375,0.04033450037240982,7.0747808,0.14552074691164307,0.11076005990616977,0.0347606870054733,1,5,0.01012524898396805,0.0347606870054733,0.0009507570066489279,4816896.0,4014080.0
neu_mbv2_pattern_mining,2026-02-08T13:02:28,0,192,39,1,1.0,0.017669279128313065,7.0747808,0.04211256676353514,0.031346499745268375,0.010766067018266767,1,5,0.0028014099807478487,0.010766067018266767,0.0003332399937789887,4816896.0,4014080.0
neu_mbv2_pattern_mining,2026-02-08T13:02:29,0,193,39,2,0.953125,0.20319198071956635,7.0747808,0.03457985824206844,0.02520410023862496,0.00937575800344348,1,5,0.0022351040097419173,0.00937575800344348,0.00028530601412057877,4816896.0,4014080.0
neu_mbv2_pattern_mining,2026-02-08T13:02:29,0,194,39,3,0.984375,0.2015054076910019,7.0747808,0.03368137712823227,0.024344680132344365,0.009336696995887905,1,5,0.002184497017879039,0.009336696995887905,0.00024997099535539746,4816896.0,4014080.0
neu_mbv2_pattern_mining,2026-02-08T13:02:29,0,195,39,4,0.75,1.6852706670761108,0.45154880000000003,0.0357077410153579,0.02548755001043901,0.010220191004918888,1,5,0.0023027640127111226,0.010220191004918888,0.0002459909883327782,301056.0,250880.0
neu_mbv2_pattern_mining,2026-02-08T13:02:29,1,191,39,0,1.0,1.411131233908236e-05,7.0747808,0.11601059799431823,0.09248729998944327,0.02352329800487496,1,5,0.008595326013164595,0.02352329800487496,0.0006534039857797325,4816896.0,4014080.0
neu_mbv2_pattern_mining,2026-02-08T13:02:29,1,192,39,1,1.0,0.00011426374840084463,7.0747808,0.032998873124597594,0.024633000139147043,0.008365872985450551,1,5,0.002175508998334408,0.008365872985450551,0.0002877910155802965,4816896.0,4014080.0
neu_mbv2_pattern_mining,2026-02-08T13:02:29,1,193,39,2,0.984375,0.021541474387049675,7.0747808,0.03187170211458579,0.02361632010433823,0.008255382010247558,1,5,0.0020714399870485067,0.008255382010247558,0.00029019202338531613,4816896.0,4014080.0
neu_mbv2_pattern_mining,2026-02-08T13:02:29,1,194,39,3,1.0,0.001008218270726502,7.0747808,0.03112039208645001,0.022641390096396208,0.008479001990053803,1,5,0.002010827010963112,0.008479001990053803,0.00025331199867650867,4816896.0,4014080.0
neu_mbv2_pattern_mining,2026-02-08T13:02:29,1,195,39,4,0.6666666666666666,0.3078678548336029,0.3411616,0.03331246186280623,0.023025469854474068,0.010286992008332163,1,5,0.0020980029948987067,0.010286992008332163,0.0002045439905487001,225792.0,188160.0
neu_mbv2_pattern_mining,2026-02-08T13:02:30,2,191,39,0,1.0,4.692828224506229e-05,7.0747808,0.1256932360411156,0.10237120004603639,0.023322035995079204,1,5,0.009649042011005804,0.023322035995079204,0.0005880779935978353,4816896.0,4014080.0
neu_mbv2_pattern_mining,2026-02-08T13:02:30,2,192,39,1,1.0,0.00014590600039809942,7.0747808,0.03329255888820626,0.02514308987883851,0.008149469009367749,1,5,0.0022254729992710054,0.008149469009367749,0.00028883598861284554,4816896.0,4014080.0
neu_mbv2_pattern_mining,2026-02-08T13:02:30,2,193,39,2,1.0,8.401878585573286e-05,7.0747808,0.02919759723590687,0.021873930236324668,0.007323666999582201,1,5,0.001928359008161351,0.007323666999582201,0.0002590340154711157,4816896.0,4014080.0
neu_mbv2_pattern_mining,2026-02-08T13:02:30,2,194,39,3,1.0,0.00011859201185870916,7.0747808,0.026906299957772717,0.020035259949509054,0.0068710400082636625,1,5,0.0017603669839445502,0.0068710400082636625,0.00024315901100635529,4816896.0,4014080.0
neu_mbv2_pattern_mining,2026-02-08T13:02:30,2,195,39,4,1.0,0.1948997527360916,0.3411616,0.028203705180203542,0.019508520199451596,0.008695184980751947,1,5,0.001723410008708015,0.008695184980751947,0.00022744201123714447,225792.0,188160.0
neu_mbv2_pattern_mining,2026-02-08T13:02:31,3,191,39,0,1.0,1.5131538020796143e-05,7.0747808,0.11106941316393204,0.08953700016718358,0.021532412996748462,1,5,0.008492046996252611,0.021532412996748462,0.0004616530204657465,4816896.0,4014080.0
neu_mbv2_pattern_mining,2026-02-08T13:02:31,3,192,39,1,1.0,4.04911843361333e-05,7.0747808,0.03278203203808516,0.024421910056844354,0.008360121981240809,1,5,0.0021544379997067153,0.008360121981240809,0.00028775300597772,4816896.0,4014080.0
neu_mbv2_pattern_mining,2026-02-08T13:02:31,3,193,39,2,0.921875,0.42525744438171387,7.0747808,0.032329617271898314,0.02404153026873246,0.008288087003165856,1,5,0.0021236340107861906,0.008288087003165856,0.0002805190160870552,4816896.0,4014080.0
neu_mbv2_pattern_mining,2026-02-08T13:02:31,3,194,39,3,1.0,0.010258768685162067,7.0747808,0.03035736209130846,0.0224991500726901,0.00785821201861836,1,5,0.001971313002286479,0.00785821201861836,0.00027860200498253107,4816896.0,4014080.0
neu_mbv2_pattern_mining,2026-02-08T13:02:31,3,195,39,4,0.3333333333333333,2.9789535999298096,0.3411616,0.033649897726718336,0.02333100972464308,0.010318888002075255,1,5,0.0021146939834579825,0.010318888002075255,0.0002184069890063256,225792.0,188160.0
neu_mbv2_pattern_mining,2026-02-08T13:02:32,4,191,39,0,1.0,0.005903070792555809,7.0747808,0.16227986305602826,0.13022925006225705,0.03205061299377121,1,5,0.012383013992803171,0.03205061299377121,0.0006399110134225339,4816896.0,4014080.0
neu_mbv2_pattern_mining,2026-02-08T13:02:32,4,192,39,1,0.984375,0.03530122712254524,7.0747808,0.032705577614251524,0.023777289607096463,0.00892828800715506,1,5,0.0021198419854044914,0.00892828800715506,0.0002578869753051549,4816896.0,4014080.0
neu_mbv2_pattern_mining,2026-02-08T13:02:32,4,193,39,2,0.984375,0.1332213133573532,7.0747808,0.028400823823176324,0.020460579835344106,0.007940243987832218,1,5,0.0018285869737155735,0.007940243987832218,0.00021747100981883705,4816896.0,4014080.0
neu_mbv2_pattern_mining,2026-02-08T13:02:32,4,194,39,3,1.0,0.0010126135312020779,7.0747808,0.024637571827042848,0.01775630982592702,0.006881262001115829,1,5,0.0015964540070854127,0.006881262001115829,0.00017917697550728917,4816896.0,4014080.0
neu_mbv2_pattern_mining,2026-02-08T13:02:32,4,195,39,4,0.6666666666666666,0.7673422694206238,0.3411616,0.028980564879020676,0.019863419875036925,0.009117145003983751,1,5,0.0017835419857874513,0.009117145003983751,0.00020280000171624124,225792.0,188160.0
neu_mbv2_pattern_mining,2026-02-08T13:02:33,0,196,40,0,1.0,0.0007155719795264304,7.0747808,0.10878214176045731,0.08507890976034105,0.02370323200011626,1,5,0.008009551995201036,0.02370323200011626,0.0004983389808330685,4816896.0,4014080.0
neu_mbv2_pattern_mining,2026-02-08T13:02:33,0,197,40,1,0.75,1.6360199451446533,7.0747808,0.032963981095235795,0.02478695008903742,0.008177031006198376,1,5,0.0021727000130340457,0.008177031006198376,0.00030599499586969614,4816896.0,4014080.0
neu_mbv2_pattern_mining,2026-02-08T13:02:33,0,198,40,2,0.875,0.7439627647399902,7.0747808,0.032511255820281804,0.024410089827142656,0.008101165993139148,1,5,0.002167010010452941,0.008101165993139148,0.0002739989722613245,4816896.0,4014080.0
neu_mbv2_pattern_mining,2026-02-08T13:02:33,0,199,40,3,0.984375,0.0482473187148571,7.0747808,0.03129877703031525,0.023448400024790317,0.007850377005524933,1,5,0.002057211007922888,0.007850377005524933,0.0002876289945561439,4816896.0,4014080.0
neu_mbv2_pattern_mining,2026-02-08T13:02:34,0,200,40,4,0.5,2.350228786468506,0.45154880000000003,0.03021516909939237,0.022373390092980117,0.007841779006412253,1,5,0.0019815730047412217,0.007841779006412253,0.00025576600455679,301056.0,250880.0
neu_mbv2_pattern_mining,2026-02-08T13:02:34,1,196,40,0,1.0,0.000667882792185992,7.0747808,0.19352761202026159,0.15078828000696376,0.042739332013297826,1,5,0.014329756988445297,0.042739332013297826,0.0007490710122510791,4816896.0,4014080.0
neu_mbv2_pattern_mining,2026-02-08T13:02:34,1,197,40,1,1.0,0.0002597788698039949,7.0747808,0.04076271108351648,0.030071430082898587,0.010691281000617892,1,5,0.0026805780071299523,0.010691281000617892,0.0003265650011599064,4816896.0,4014080.0
neu_mbv2_pattern_mining,2026-02-08T13:02:34,1,198,40,2,1.0,0.014672809280455112,7.0747808,0.034028800087980926,0.02475112007232383,0.009277680015657097,1,5,0.002227688004495576,0.009277680015657097,0.00024742400273680687,4816896.0,4014080.0
neu_mbv2_pattern_mining,2026-02-08T13:02:34,1,199,40,3,0.78125,2.25931978225708,7.0747808,0.03044311935082078,0.022798370337113738,0.007644749013707042,1,5,0.0020736880251206458,0.007644749013707042,0.00020614900859072804,4816896.0,4014080.0
neu_mbv2_pattern_mining,2026-02-08T13:02:35,1,200,40,4,0.6666666666666666,0.6254388689994812,0.3411616,0.028117435023887083,0.018540500022936612,0.00957693500095047,1,5,0.0016539450152777135,0.00957693500095047,0.0002001049870159477,225792.0,188160.0
neu_mbv2_pattern_mining,2026-02-08T13:02:35,2,196,40,0,1.0,0.0005341671057976782,7.0747808,0.17012656014412642,0.13483395014191046,0.03529261000221595,1,5,0.012611279002157971,0.03529261000221595,0.0008721160120330751,4816896.0,4014080.0
neu_mbv2_pattern_mining,2026-02-08T13:02:35,2,197,40,1,0.96875,0.04394490644335747,7.0747808,0.04184439804521389,0.031035580032039434,0.01080881801317446,1,5,0.002743182994890958,0.01080881801317446,0.0003603750083129853,4816896.0,4014080.0
neu_mbv2_pattern_mining,2026-02-08T13:02:35,2,198,40,2,1.0,0.009753420017659664,7.0747808,0.03913455695146695,0.028882439946755767,0.010252117004711181,1,5,0.0025387319910805672,0.010252117004711181,0.00034951200359500945,4816896.0,4014080.0
neu_mbv2_pattern_mining,2026-02-08T13:02:35,2,199,40,3,0.890625,0.5106922388076782,7.0747808,0.03762472080416046,0.02754044980974868,0.010084270994411781,1,5,0.0024151460092980415,0.010084270994411781,0.0003388989716768265,4816896.0,4014080.0
neu_mbv2_pattern_mining,2026-02-08T13:02:35,2,200,40,4,1.0,0.18226158618927002,0.3411616,0.04082262673182413,0.02842184971086681,0.012400777020957321,1,5,0.0025591489975340664,0.012400777020957321,0.00028303597355261445,225792.0,188160.0
neu_mbv2_pattern_mining,2026-02-08T13:02:36,3,196,40,0,1.0,2.0704088456113823e-05,7.0747808,0.1306638289242983,0.10649142990587279,0.024172399018425494,1,5,0.009993943007430062,0.024172399018425494,0.0006551999831572175,4816896.0,4014080.0
neu_mbv2_pattern_mining,2026-02-08T13:02:36,3,197,40,1,0.984375,0.017302360385656357,7.0747808,0.033341584872687235,0.02496342989616096,0.008378154976526275,1,5,0.0022069659898988903,0.008378154976526275,0.00028937699971720576,4816896.0,4014080.0
neu_mbv2_pattern_mining,2026-02-08T13:02:36,3,198,40,2,1.0,0.018183980137109756,7.0747808,0.03467001419630833,0.025928020186256617,0.008741994010051712,1,5,0.0022900600160937756,0.008741994010051712,0.0003027420025318861,4816896.0,4014080.0
neu_mbv2_pattern_mining,2026-02-08T13:02:36,3,199,40,3,1.0,0.0028894280549138784,7.0747808,0.03581755980849266,0.026665259792935103,0.009152300015557557,1,5,0.0023868099960964173,0.009152300015557557,0.000279715983197093,4816896.0,4014080.0
neu_mbv2_pattern_mining,2026-02-08T13:02:36,3,200,40,4,0.6666666666666666,1.1016346216201782,0.3411616,0.03452582994941622,0.02423116995487362,0.010294659994542599,1,5,0.002146582002751529,0.010294659994542599,0.00027653499273583293,225792.0,188160.0
neu_mbv2_pattern_mining,2026-02-08T13:02:37,4,196,40,0,1.0,9.669581231719349e-06,7.0747808,0.12433380002039485,0.09992320003220811,0.024410599988186732,1,5,0.009512885008007288,0.024410599988186732,0.0004794349952135235,4816896.0,4014080.0
neu_mbv2_pattern_mining,2026-02-08T13:02:37,4,197,40,1,0.9375,0.4578988552093506,7.0747808,0.0309594553837087,0.022950920392759144,0.008008534990949556,1,5,0.0020726070215459913,0.008008534990949556,0.00022248501772992313,4816896.0,4014080.0
neu_mbv2_pattern_mining,2026-02-08T13:02:37,4,198,40,2,0.984375,0.03119375742971897,7.0747808,0.026705549156758934,0.019165470148436725,0.007540079008322209,1,5,0.001725306996377185,0.007540079008322209,0.00019124001846648753,4816896.0,4014080.0
neu_mbv2_pattern_mining,2026-02-08T13:02:37,4,199,40,3,0.984375,0.0742272436618805,7.0747808,0.02398048638133332,0.017459930386394262,0.006520555994939059,1,5,0.0015773000195622444,0.006520555994939059,0.00016869301907718182,4816896.0,4014080.0
neu_mbv2_pattern_mining,2026-02-08T13:02:37,4,200,40,4,0.3333333333333333,2.7554562091827393,0.3411616,0.030832383228698745,0.02124250022461638,0.009589883004082367,1,5,0.0018783890118356794,0.009589883004082367,0.00024586101062595844,225792.0,188160.0
neu_mbv2_pattern_mining,2026-02-08T13:02:38,0,201,41,0,1.0,0.0006928068469278514,7.0747808,0.10536530084209517,0.08182194986147806,0.023543350980617106,1,5,0.007687498989980668,0.023543350980617106,0.0004946959961671382,4816896.0,4014080.0
neu_mbv2_pattern_mining,2026-02-08T13:02:39,0,202,41,1,0.984375,0.0479251965880394,7.0747808,0.03396813594736159,0.025477019953541458,0.00849111599382013,1,5,0.0022462260094471276,0.00849111599382013,0.0003014759859070182,4816896.0,4014080.0
neu_mbv2_pattern_mining,2026-02-08T13:02:39,0,203,41,2,1.0,0.0017978099640458822,7.0747808,0.033396086684660986,0.02500080969184637,0.008395276992814615,1,5,0.002203855983680114,0.008395276992814615,0.0002962249855045229,4816896.0,4014080.0
neu_mbv2_pattern_mining,2026-02-08T13:02:39,0,204,41,3,1.0,0.003069036640226841,7.0747808,0.03418827717541717,0.02540820016292855,0.008780077012488618,1,5,0.002228330005891621,0.008780077012488618,0.00031249001040123403,4816896.0,4014080.0
neu_mbv2_pattern_mining,2026-02-08T13:02:39,0,205,41,4,1.0,0.04335813969373703,0.45154880000000003,0.032996477850247175,0.023729509848635644,0.00926696800161153,1,5,0.002099093981087208,0.00926696800161153,0.0002738570037763566,301056.0,250880.0
neu_mbv2_pattern_mining,2026-02-08T13:02:39,1,201,41,0,1.0,0.00013592878531198949,7.0747808,0.1441510928561911,0.11543370987055823,0.028717382985632867,1,5,0.010721914994064718,0.028717382985632867,0.0008214559929911047,4816896.0,4014080.0
neu_mbv2_pattern_mining,2026-02-08T13:02:39,1,202,41,1,0.984375,0.011778677813708782,7.0747808,0.03710265376139432,0.027834249776788056,0.009268403984606266,1,5,0.00246288298512809,0.009268403984606266,0.0003205419925507158,4816896.0,4014080.0
neu_mbv2_pattern_mining,2026-02-08T13:02:39,1,203,41,2,1.0,0.00046035711420699954,7.0747808,0.035889856226276606,0.02668668021215126,0.009203176014125347,1,5,0.002345860004425049,0.009203176014125347,0.0003228080167900771,4816896.0,4014080.0
neu_mbv2_pattern_mining,2026-02-08T13:02:39,1,204,41,3,0.96875,0.05583921819925308,7.0747808,0.03382160884211771,0.024769959854893386,0.009051648987224326,1,5,0.002203523996286094,0.009051648987224326,0.00027347198920324445,4816896.0,4014080.0
neu_mbv2_pattern_mining,2026-02-08T13:02:40,1,205,41,4,1.0,0.25587376952171326,0.3411616,0.034826899878680706,0.02402246987912804,0.010804429999552667,1,5,0.0021548969962168485,0.010804429999552667,0.0002473499916959554,225792.0,188160.0
neu_mbv2_pattern_mining,2026-02-08T13:02:40,2,201,41,0,1.0,1.9487812096485868e-05,7.0747808,0.18063737818738446,0.1499317801790312,0.030705598008353263,1,5,0.014442144019994885,0.030705598008353263,0.0005510339979082346,4816896.0,4014080.0
neu_mbv2_pattern_mining,2026-02-08T13:02:40,2,202,41,1,1.0,0.0012027363991364837,7.0747808,0.030806927854428068,0.02287438983330503,0.007932538021123037,1,5,0.0020157280087005347,0.007932538021123037,0.0002717109746299684,4816896.0,4014080.0
neu_mbv2_pattern_mining,2026-02-08T13:02:40,2,203,41,2,1.0,0.0031044865027070045,7.0747808,0.034094960981747136,0.025241429975721985,0.00885353100602515,1,5,0.00227735101361759,0.00885353100602515,0.00024679198395460844,4816896.0,4014080.0
neu_mbv2_pattern_mining,2026-02-08T13:02:40,2,204,41,3,1.0,0.006020835135132074,7.0747808,0.030440481146797538,0.022010290122125298,0.00843019102467224,1,5,0.0019716829992830753,0.00843019102467224,0.00022934601292945445,4816896.0,4014080.0
neu_mbv2_pattern_mining,2026-02-08T13:02:40,2,205,41,4,1.0,0.0174043457955122,0.3411616,0.03197245314368047,0.02168836013879627,0.010284093004884198,1,5,0.001963176007848233,0.010284093004884198,0.000205660006031394,225792.0,188160.0
neu_mbv2_pattern_mining,2026-02-08T13:02:41,3,201,41,0,1.0,8.394668839173391e-06,7.0747808,0.16461576288565993,0.13002939987927675,0.03458636300638318,1,5,0.012357618979876861,0.03458636300638318,0.0006453210080508143,4816896.0,4014080.0
neu_mbv2_pattern_mining,2026-02-08T13:02:41,3,202,41,1,1.0,3.540769102983177e-05,7.0747808,0.03901356874848716,0.028646259743254632,0.010367309005232528,1,5,0.0025220819807145745,0.010367309005232528,0.0003425439936108887,4816896.0,4014080.0
neu_mbv2_pattern_mining,2026-02-08T13:02:41,3,203,41,2,1.0,0.0010886834934353828,7.0747808,0.03552076290361583,0.02581415988970548,0.009706603013910353,1,5,0.0023028590076137334,0.009706603013910353,0.0002785569813568145,4816896.0,4014080.0
neu_mbv2_pattern_mining,2026-02-08T13:02:41,3,204,41,3,1.0,0.0004420313343871385,7.0747808,0.03570878010941669,0.026639740099199116,0.009069040010217577,1,5,0.002374837000388652,0.009069040010217577,0.00028913700953125954,4816896.0,4014080.0
neu_mbv2_pattern_mining,2026-02-08T13:02:41,3,205,41,4,0.6666666666666666,2.5817904472351074,0.3411616,0.035203635721700266,0.024976149725262076,0.01022748599643819,1,5,0.002191070991102606,0.01022748599643819,0.0003065439814236015,225792.0,188160.0
neu_mbv2_pattern_mining,2026-02-08T13:02:42,4,201,41,0,1.0,7.48831735108979e-05,7.0747808,0.16951628780225292,0.13836148980772123,0.03115479799453169,1,5,0.013348279986530542,0.03115479799453169,0.00048786899424158037,4816896.0,4014080.0
neu_mbv2_pattern_mining,2026-02-08T13:02:42,4,202,41,1,1.0,0.007278452627360821,7.0747808,0.034842842957004905,0.025491169944871217,0.009351673012133688,1,5,0.0023044029949232936,0.009351673012133688,0.0002447139995638281,4816896.0,4014080.0
neu_mbv2_pattern_mining,2026-02-08T13:02:42,4,203,41,2,1.0,0.0016444283537566662,7.0747808,0.029583026916952804,0.021209089900366962,0.008373937016585842,1,5,0.001907833997393027,0.008373937016585842,0.00021307499264366925,4816896.0,4014080.0
neu_mbv2_pattern_mining,2026-02-08T13:02:42,4,204,41,3,0.984375,0.027566131204366684,7.0747808,0.027076178666902706,0.019474209693726152,0.007601968973176554,1,5,0.0017430089937988669,0.007601968973176554,0.00020441197557374835,4816896.0,4014080.0
neu_mbv2_pattern_mining,2026-02-08T13:02:42,4,205,41,4,0.3333333333333333,3.162480115890503,0.3411616,0.0315894560480956,0.02162335003959015,0.009966106008505449,1,5,0.0019099460041616112,0.009966106008505449,0.0002523889997974038,225792.0,188160.0
neu_mbv2_pattern_mining,2026-02-08T13:02:44,0,206,42,0,1.0,0.00030104772304184735,7.0747808,0.19200426497263834,0.14919217996066436,0.04281208501197398,1,5,0.014277120993938297,0.04281208501197398,0.0006420970021281391,4816896.0,4014080.0
neu_mbv2_pattern_mining,2026-02-08T13:02:44,0,207,42,1,0.984375,0.0200241357088089,7.0747808,0.03860820477711968,0.028761729772668332,0.00984647500445135,1,5,0.002546934993006289,0.00984647500445135,0.0003292379842605442,4816896.0,4014080.0
neu_mbv2_pattern_mining,2026-02-08T13:02:44,0,208,42,2,0.875,0.19660916924476624,7.0747808,0.04090796873788349,0.030167419754434377,0.010740548983449116,1,5,0.0026590849738568068,0.010740548983449116,0.00035765700158663094,4816896.0,4014080.0
neu_mbv2_pattern_mining,2026-02-08T13:02:44,0,209,42,3,0.96875,0.15066330134868622,7.0747808,0.034933745046146214,0.024996550055220723,0.00993719499092549,1,5,0.002240966015961021,0.00993719499092549,0.00025868898956105113,4816896.0,4014080.0
neu_mbv2_pattern_mining,2026-02-08T13:02:44,0,210,42,4,0.75,1.90773606300354,0.45154880000000003,0.03157474196632393,0.02250699995784089,0.009067742008483037,1,5,0.0020168220216874033,0.009067742008483037,0.00023387797409668565,301056.0,250880.0
neu_mbv2_pattern_mining,2026-02-08T13:02:44,1,206,42,0,1.0,2.1271698642522097e-05,7.0747808,0.11417359413462691,0.08977704012067989,0.024396554013947025,1,5,0.00833430900820531,0.024396554013947025,0.000643395003862679,4816896.0,4014080.0
neu_mbv2_pattern_mining,2026-02-08T13:02:44,1,207,42,1,1.0,0.000400504213757813,7.0747808,0.033438868063967675,0.024812610063236207,0.008626258000731468,1,5,0.002197227004216984,0.008626258000731468,0.00028403400210663676,4816896.0,4014080.0
neu_mbv2_pattern_mining,2026-02-08T13:02:45,1,208,42,2,1.0,0.01260979101061821,7.0747808,0.028660302312346175,0.020694120321422815,0.00796618199092336,1,5,0.0018477720150258392,0.00796618199092336,0.00022164001711644232,4816896.0,4014080.0
neu_mbv2_pattern_mining,2026-02-08T13:02:45,1,209,42,3,1.0,0.0003453390672802925,7.0747808,0.026886438892688602,0.019335979886818677,0.007550459005869925,1,5,0.001727965980535373,0.007550459005869925,0.00020563200814649463,4816896.0,4014080.0
neu_mbv2_pattern_mining,2026-02-08T13:02:45,1,210,42,4,0.6666666666666666,2.006225347518921,0.3411616,0.031051391182700172,0.020652380189858377,0.010399010992841795,1,5,0.0018540810269769281,0.010399010992841795,0.00021115699200890958,225792.0,188160.0
neu_mbv2_pattern_mining,2026-02-08T13:02:45,2,206,42,0,1.0,2.136189505108632e-05,7.0747808,0.11850201216293499,0.09355570015031844,0.024946312012616545,1,5,0.008698371006175876,0.024946312012616545,0.0006571990088559687,4816896.0,4014080.0
neu_mbv2_pattern_mining,2026-02-08T13:02:45,2,207,42,1,1.0,0.00018580873438622802,7.0747808,0.03371962017263286,0.0252286801696755,0.008490940002957359,1,5,0.002210653998190537,0.008490940002957359,0.0003122140187770128,4816896.0,4014080.0
neu_mbv2_pattern_mining,2026-02-08T13:02:45,2,208,42,2,1.0,0.001208276953548193,7.0747808,0.03105744899949059,0.022822949977125973,0.008234499022364616,1,5,0.0020088930032216012,0.008234499022364616,0.000273401994490996,4816896.0,4014080.0
neu_mbv2_pattern_mining,2026-02-08T13:02:45,2,209,42,3,1.0,7.238477701321244e-05,7.0747808,0.030233499041059986,0.021771180036012083,0.008462319005047902,1,5,0.0019370999943930656,0.008462319005047902,0.00024001800920814276,4816896.0,4014080.0
neu_mbv2_pattern_mining,2026-02-08T13:02:45,2,210,42,4,0.6666666666666666,2.9292919635772705,0.3411616,0.03520049396320246,0.02318526996532455,0.01201522399787791,1,5,0.0020854169852100313,0.01201522399787791,0.00023311001132242382,225792.0,188160.0
neu_mbv2_pattern_mining,2026-02-08T13:02:46,3,206,42,0,1.0,1.0606925570755266e-05,7.0747808,0.12946565297897905,0.10479143995326012,0.024674213025718927,1,5,0.009776215010788292,0.024674213025718927,0.0007029289845377207,4816896.0,4014080.0
neu_mbv2_pattern_mining,2026-02-08T13:02:46,3,207,42,1,1.0,5.8404857554705814e-05,7.0747808,0.03306401800364256,0.02499371999874711,0.008070298004895449,1,5,0.002209897997090593,0.008070298004895449,0.00028947400278411806,4816896.0,4014080.0
neu_mbv2_pattern_mining,2026-02-08T13:02:46,3,208,42,2,1.0,0.00011858152720378712,7.0747808,0.03421180506120436,0.02542372007155791,0.00878808498964645,1,5,0.0022496680030599236,0.00878808498964645,0.0002927040040958673,4816896.0,4014080.0
neu_mbv2_pattern_mining,2026-02-08T13:02:46,3,209,42,3,1.0,0.0012821811251342297,7.0747808,0.032061849982710555,0.023475589987356216,0.00858625999535434,1,5,0.0020877670031040907,0.00858625999535434,0.0002597919956315309,4816896.0,4014080.0
neu_mbv2_pattern_mining,2026-02-08T13:02:46,3,210,42,4,0.6666666666666666,1.398258090019226,0.3411616,0.036188708822010085,0.0249913998413831,0.011197308980626985,1,5,0.002180716983275488,0.011197308980626985,0.00031842300086282194,225792.0,188160.0
neu_mbv2_pattern_mining,2026-02-08T13:02:47,4,206,42,0,1.0,0.0004866682575084269,7.0747808,0.1238696820801124,0.0997000900679268,0.024169592012185603,1,5,0.009329184016678482,0.024169592012185603,0.0006408249901141971,4816896.0,4014080.0
neu_mbv2_pattern_mining,2026-02-08T13:02:47,4,207,42,1,1.0,0.00262109050527215,7.0747808,0.027218823175644502,0.01979926018975675,0.007419562985887751,1,5,0.0017579010163899511,0.007419562985887751,0.000222025002585724,4816896.0,4014080.0
neu_mbv2_pattern_mining,2026-02-08T13:02:47,4,208,42,2,0.96875,0.1355903148651123,7.0747808,0.025640895153628662,0.01869435014668852,0.006946545006940141,1,5,0.0016720540006645024,0.006946545006940141,0.0001973810140043497,4816896.0,4014080.0
neu_mbv2_pattern_mining,2026-02-08T13:02:47,4,209,42,3,0.984375,0.06800639629364014,7.0747808,0.02255372903891839,0.016214030038099736,0.006339699000818655,1,5,0.001455528021324426,0.006339699000818655,0.00016587498248554766,4816896.0,4014080.0
neu_mbv2_pattern_mining,2026-02-08T13:02:47,4,210,42,4,1.0,0.1991250365972519,0.3411616,0.025890790217090398,0.017512790218461305,0.008377999998629093,1,5,0.0015650590066798031,0.008377999998629093,0.00018622001516632736,225792.0,188160.0
neu_mbv2_pattern_mining,2026-02-08T13:02:49,0,211,43,0,1.0,4.297299892641604e-05,7.0747808,0.11422058488824405,0.08875278988853097,0.025467794999713078,1,5,0.008154807990649715,0.025467794999713078,0.0007204709982033819,4816896.0,4014080.0
neu_mbv2_pattern_mining,2026-02-08T13:02:49,0,212,43,1,1.0,3.552243288140744e-05,7.0747808,0.02907920509460382,0.02210828009992838,0.006970924994675443,1,5,0.0019432840053923428,0.006970924994675443,0.0002675440046004951,4816896.0,4014080.0
neu_mbv2_pattern_mining,2026-02-08T13:02:49,0,213,43,2,0.96875,0.06387079507112503,7.0747808,0.029900706111220643,0.022495450102724135,0.007405256008496508,1,5,0.0019859720196109265,0.007405256008496508,0.000263572990661487,4816896.0,4014080.0
neu_mbv2_pattern_mining,2026-02-08T13:02:49,0,214,43,3,1.0,0.04181955009698868,7.0747808,0.029880240035708994,0.022484780056402087,0.0073954599793069065,1,5,0.001980753004318103,0.0073954599793069065,0.0002677250013221055,4816896.0,4014080.0
neu_mbv2_pattern_mining,2026-02-08T13:02:49,0,215,43,4,0.25,4.2297515869140625,0.45154880000000003,0.03120984393171966,0.023327069939114153,0.007882773992605507,1,5,0.0020555749943014234,0.007882773992605507,0.0002771319996099919,301056.0,250880.0
neu_mbv2_pattern_mining,2026-02-08T13:02:49,1,211,43,0,1.0,3.411185025470331e-05,7.0747808,0.12695715395966545,0.10151880997000262,0.025438343989662826,1,5,0.009511990996543318,0.025438343989662826,0.0006398900004569441,4816896.0,4014080.0
neu_mbv2_pattern_mining,2026-02-08T13:02:49,1,212,43,1,1.0,3.823923907475546e-05,7.0747808,0.03223173393053003,0.02413976995740086,0.008091963973129168,1,5,0.002138987008947879,0.008091963973129168,0.00027498998679220676,4816896.0,4014080.0
neu_mbv2_pattern_mining,2026-02-08T13:02:50,1,213,43,2,0.96875,0.23170185089111328,7.0747808,0.03044115618104115,0.02295069018146023,0.00749046599958092,1,5,0.0020169060153421015,0.00749046599958092,0.0002781630028039217,4816896.0,4014080.0
neu_mbv2_pattern_mining,2026-02-08T13:02:50,1,214,43,3,0.953125,0.17932581901550293,7.0747808,0.03482820876524784,0.026152169739361852,0.008676039025885984,1,5,0.0023336999875027686,0.008676039025885984,0.0002815169864334166,4816896.0,4014080.0
neu_mbv2_pattern_mining,2026-02-08T13:02:50,1,215,43,4,0.6666666666666666,0.7433916926383972,0.3411616,0.03831931989407167,0.02675664989510551,0.011562669998966157,1,5,0.002358431986067444,0.011562669998966157,0.000317233003443107,225792.0,188160.0
neu_mbv2_pattern_mining,2026-02-08T13:02:50,2,211,43,0,1.0,8.869261364452541e-06,7.0747808,0.1341185634082649,0.10735957039287314,0.026758993015391752,1,5,0.010069152020150796,0.026758993015391752,0.0006668050191365182,4816896.0,4014080.0
neu_mbv2_pattern_mining,2026-02-08T13:02:50,2,212,43,1,1.0,0.0001770069357007742,7.0747808,0.03474836616078392,0.02596185018774122,0.008786515973042697,1,5,0.0022962270013522357,0.008786515973042697,0.0002999580174218863,4816896.0,4014080.0
neu_mbv2_pattern_mining,2026-02-08T13:02:50,2,213,43,2,1.0,0.0005866814171895385,7.0747808,0.03298896810156293,0.02457599010085687,0.008412978000706062,1,5,0.0021678500052075833,0.008412978000706062,0.00028974900487810373,4816896.0,4014080.0
neu_mbv2_pattern_mining,2026-02-08T13:02:50,2,214,43,3,1.0,0.0001896947796922177,7.0747808,0.03439013994648121,0.0256671299575828,0.008723009988898411,1,5,0.0022725370072294027,0.008723009988898411,0.0002941759885288775,4816896.0,4014080.0
neu_mbv2_pattern_mining,2026-02-08T13:02:50,2,215,43,4,0.6666666666666666,1.030212163925171,0.3411616,0.03863901036675088,0.026822930376511067,0.011816079990239814,1,5,0.002377084019826725,0.011816079990239814,0.0003052090178243816,225792.0,188160.0
neu_mbv2_pattern_mining,2026-02-08T13:02:51,3,211,43,0,1.0,6.610001491935691e-06,7.0747808,0.14637428906280547,0.11653199006104842,0.029842299001757056,1,5,0.011092681990703568,0.029842299001757056,0.000560517015401274,4816896.0,4014080.0
neu_mbv2_pattern_mining,2026-02-08T13:02:51,3,212,43,1,1.0,5.235321805230342e-05,7.0747808,0.034794772043824196,0.025624840054661036,0.00916993198916316,1,5,0.002256901003420353,0.00916993198916316,0.0003055830020457506,4816896.0,4014080.0
neu_mbv2_pattern_mining,2026-02-08T13:02:51,3,213,43,2,0.984375,0.01851293444633484,7.0747808,0.0356347817578353,0.02651217975653708,0.009122602001298219,1,5,0.00235347799025476,0.009122602001298219,0.0002977399853989482,4816896.0,4014080.0
neu_mbv2_pattern_mining,2026-02-08T13:02:51,3,214,43,3,1.0,0.010742929764091969,7.0747808,0.03671512895380147,0.02711873996304348,0.009596388990757987,1,5,0.0024091689847409725,0.009596388990757987,0.0003027050115633756,4816896.0,4014080.0
neu_mbv2_pattern_mining,2026-02-08T13:02:51,3,215,43,4,0.3333333333333333,3.6935415267944336,0.3411616,0.04057529493002221,0.027910679928027093,0.012664615001995116,1,5,0.0024784629931673408,0.012664615001995116,0.0003126049996353686,225792.0,188160.0
neu_mbv2_pattern_mining,2026-02-08T13:02:52,4,211,43,0,1.0,2.309454430360347e-05,7.0747808,0.1380183610599488,0.11154014006024227,0.026478220999706537,1,5,0.010435609001433477,0.026478220999706537,0.0007184050045907497,4816896.0,4014080.0
neu_mbv2_pattern_mining,2026-02-08T13:02:52,4,212,43,1,1.0,0.00023133979993872344,7.0747808,0.03252017986960709,0.02468925988068804,0.00783091998891905,1,5,0.002198317990405485,0.00783091998891905,0.0002706079976633191,4816896.0,4014080.0
neu_mbv2_pattern_mining,2026-02-08T13:02:52,4,213,43,2,1.0,0.028948213905096054,7.0747808,0.031047024996951222,0.02313712000614032,0.007909904990810901,1,5,0.0020441730157472193,0.007909904990810901,0.0002695389848668128,4816896.0,4014080.0
neu_mbv2_pattern_mining,2026-02-08T13:02:52,4,214,43,3,1.0,0.00639676209539175,7.0747808,0.030427351011894643,0.02273190999403596,0.007695441017858684,1,5,0.0020068770099896938,0.007695441017858684,0.00026631398941390216,4816896.0,4014080.0
neu_mbv2_pattern_mining,2026-02-08T13:02:52,4,215,43,4,1.0,0.06865772604942322,0.3411616,0.03148558811517432,0.02201207011239603,0.009473518002778292,1,5,0.0019356990233063698,0.009473518002778292,0.0002655079879332334,225792.0,188160.0
neu_mbv2_pattern_mining,2026-02-08T13:02:53,0,216,44,0,1.0,1.1351534340064973e-05,7.0747808,0.20721881606732495,0.16290636005578563,0.044312456011539325,1,5,0.01560271400376223,0.044312456011539325,0.0006879220018163323,4816896.0,4014080.0
neu_mbv2_pattern_mining,2026-02-08T13:02:54,0,217,44,1,1.0,0.0006784184370189905,7.0747808,0.03587076245457865,0.026331290428061038,0.009539472026517615,1,5,0.0023190810170490295,0.009539472026517615,0.00031404802575707436,4816896.0,4014080.0
neu_mbv2_pattern_mining,2026-02-08T13:02:54,0,218,44,2,1.0,0.0005121947033330798,7.0747808,0.037754000921268016,0.027387189911678433,0.010366811009589583,1,5,0.0024462089932058007,0.010366811009589583,0.0002925099979620427,4816896.0,4014080.0
neu_mbv2_pattern_mining,2026-02-08T13:02:54,0,219,44,3,1.0,0.005050822626799345,7.0747808,0.03705144379637204,0.027324349794071168,0.009727094002300873,1,5,0.0024173689889721572,0.009727094002300873,0.00031506599043495953,4816896.0,4014080.0
neu_mbv2_pattern_mining,2026-02-08T13:02:54,0,220,44,4,0.75,0.3489956557750702,0.45154880000000003,0.03749216196592897,0.027270739956293255,0.010221422009635717,1,5,0.002417657000478357,0.010221422009635717,0.00030941699515096843,301056.0,250880.0
neu_mbv2_pattern_mining,2026-02-08T13:02:54,1,216,44,0,1.0,7.038538751658052e-05,7.0747808,0.12316035581170581,0.09743190981680527,0.02572844599490054,1,5,0.009070981992408633,0.02572844599490054,0.0006722089892718941,4816896.0,4014080.0
neu_mbv2_pattern_mining,2026-02-08T13:02:54,1,217,44,1,1.0,0.0010874185245484114,7.0747808,0.028968501836061478,0.021951439848635346,0.007017061987426132,1,5,0.001926440978422761,0.007017061987426132,0.0002687030064407736,4816896.0,4014080.0
neu_mbv2_pattern_mining,2026-02-08T13:02:55,1,218,44,2,0.984375,0.020723700523376465,7.0747808,0.028153605002444237,0.021212249994277954,0.006941355008166283,1,5,0.0018648419936653227,0.006941355008166283,0.00025638300576247275,4816896.0,4014080.0
neu_mbv2_pattern_mining,2026-02-08T13:02:55,1,219,44,3,0.765625,1.3894871473312378,7.0747808,0.028475417027948424,0.02149181003915146,0.006983606988796964,1,5,0.0018920059956144542,0.006983606988796964,0.00025717500830069184,4816896.0,4014080.0
neu_mbv2_pattern_mining,2026-02-08T13:02:55,1,220,44,4,0.3333333333333333,1.8768242597579956,0.3411616,0.032618113997159526,0.02293327997904271,0.009684834018116817,1,5,0.0020218789868522435,0.009684834018116817,0.00027144901105202734,225792.0,188160.0
neu_mbv2_pattern_mining,2026-02-08T13:02:55,2,216,44,0,1.0,0.0024092807434499264,7.0747808,0.12647606362588704,0.10026156960520893,0.026214494020678103,1,5,0.009161509980913252,0.026214494020678103,0.0008646469796076417,4816896.0,4014080.0
neu_mbv2_pattern_mining,2026-02-08T13:02:55,2,217,44,1,0.90625,0.30229702591896057,7.0747808,0.03778991525177844,0.028165780240669847,0.009624135011108592,1,5,0.0025022200134117156,0.009624135011108592,0.000314358010655269,4816896.0,4014080.0
neu_mbv2_pattern_mining,2026-02-08T13:02:55,2,218,44,2,0.96875,0.21778933703899384,7.0747808,0.03449256793828681,0.025688479945529252,0.008804087992757559,1,5,0.0022718029795214534,0.008804087992757559,0.00029704501503147185,4816896.0,4014080.0
neu_mbv2_pattern_mining,2026-02-08T13:02:55,2,219,44,3,1.0,0.005384504795074463,7.0747808,0.03553037496749312,0.02628418995300308,0.009246185014490038,1,5,0.0023208050115499645,0.009246185014490038,0.0003076139837503433,4816896.0,4014080.0
neu_mbv2_pattern_mining,2026-02-08T13:02:55,2,220,44,4,0.3333333333333333,1.570150375366211,0.3411616,0.03825793825672008,0.026959320239257067,0.011298618017463014,1,5,0.002372098999330774,0.011298618017463014,0.0003238330245949328,225792.0,188160.0
neu_mbv2_pattern_mining,2026-02-08T13:02:56,3,216,44,0,1.0,7.805306086083874e-05,7.0747808,0.16547334296046756,0.13020712998695672,0.035266212973510846,1,5,0.012328501004958525,0.035266212973510846,0.0006922119937371463,4816896.0,4014080.0
neu_mbv2_pattern_mining,2026-02-08T13:02:56,3,217,44,1,0.984375,0.0666864663362503,7.0747808,0.04213923925999552,0.03125369024928659,0.010885549010708928,1,5,0.0027741390222217888,0.010885549010708928,0.00035123000270687044,4816896.0,4014080.0
neu_mbv2_pattern_mining,2026-02-08T13:02:56,3,218,44,2,1.0,0.00016288502956740558,7.0747808,0.036965106264688075,0.027279550267849118,0.009685555996838957,1,5,0.002407871012110263,0.009685555996838957,0.00032008401467464864,4816896.0,4014080.0
neu_mbv2_pattern_mining,2026-02-08T13:02:56,3,219,44,3,0.828125,2.9607810974121094,7.0747808,0.03705056183389388,0.027300439833197743,0.009750122000696138,1,5,0.002402523998171091,0.009750122000696138,0.0003275199851486832,4816896.0,4014080.0
neu_mbv2_pattern_mining,2026-02-08T13:02:56,3,220,44,4,0.3333333333333333,3.5077638626098633,0.3411616,0.03969353996217251,0.02757595997536555,0.012117579986806959,1,5,0.0024550539965275675,0.012117579986806959,0.0003025420010089874,225792.0,188160.0
neu_mbv2_pattern_mining,2026-02-08T13:02:57,4,216,44,0,1.0,0.00011066326260333881,7.0747808,0.24349154892843217,0.2006178899318911,0.04287365899654105,1,5,0.019389371998840943,0.04287365899654105,0.0006724169943481684,4816896.0,4014080.0
neu_mbv2_pattern_mining,2026-02-08T13:02:57,4,217,44,1,1.0,0.00035881041549146175,7.0747808,0.03673844088916667,0.026703669864218682,0.010034771024947986,1,5,0.002376721997279674,0.010034771024947986,0.0002936449891421944,4816896.0,4014080.0
neu_mbv2_pattern_mining,2026-02-08T13:02:57,4,218,44,2,1.0,0.016303762793540955,7.0747808,0.03771880769636482,0.028304739680606872,0.009414068015757948,1,5,0.0025743619771674275,0.009414068015757948,0.00025611199089325964,4816896.0,4014080.0
neu_mbv2_pattern_mining,2026-02-08T13:02:57,4,219,44,3,1.0,0.0068290443159639835,7.0747808,0.032384932826971635,0.02327292982954532,0.009112002997426316,1,5,0.0021039849962107837,0.009112002997426316,0.0002233079867437482,4816896.0,4014080.0
neu_mbv2_pattern_mining,2026-02-08T13:02:57,4,220,44,4,0.6666666666666666,4.750107765197754,0.3411616,0.032869811984710395,0.0222545099677518,0.010615302016958594,1,5,0.0020106360025238246,0.010615302016958594,0.00021481499425135553,225792.0,188160.0
neu_mbv2_pattern_mining,2026-02-08T13:02:59,0,221,45,0,1.0,0.01134695578366518,7.0747808,0.11451763124205172,0.08967690024292096,0.024840730999130756,1,5,0.008347587019670755,0.024840730999130756,0.0006201030046213418,4816896.0,4014080.0
neu_mbv2_pattern_mining,2026-02-08T13:02:59,0,222,45,1,1.0,0.010384014807641506,7.0747808,0.0283930309524294,0.021412899950519204,0.006980131001910195,1,5,0.00187589498818852,0.006980131001910195,0.00026539500686340034,4816896.0,4014080.0
neu_mbv2_pattern_mining,2026-02-08T13:02:59,0,223,45,2,0.953125,0.13059058785438538,7.0747808,0.032010455208364874,0.024010430206544697,0.008000025001820177,1,5,0.0021186410158406943,0.008000025001820177,0.0002824020048137754,4816896.0,4014080.0
neu_mbv2_pattern_mining,2026-02-08T13:02:59,0,224,45,3,0.96875,0.14639221131801605,7.0747808,0.03189432984800078,0.023908639850560576,0.007985689997440204,1,5,0.002105330000631511,0.007985689997440204,0.00028553398442454636,4816896.0,4014080.0
neu_mbv2_pattern_mining,2026-02-08T13:02:59,0,225,45,4,0.5,1.118053674697876,0.45154880000000003,0.03413088287925348,0.025074539880733937,0.00905634299851954,1,5,0.0022282949939835817,0.00905634299851954,0.00027915899408981204,301056.0,250880.0
neu_mbv2_pattern_mining,2026-02-08T13:03:00,1,221,45,0,1.0,0.0007757707498967648,7.0747808,0.1966929842310492,0.16686372022377327,0.029829264007275924,1,5,0.016163985012099147,0.029829264007275924,0.0005223870102781802,4816896.0,4014080.0
neu_mbv2_pattern_mining,2026-02-08T13:03:00,1,222,45,1,0.953125,0.19467860460281372,7.0747808,0.038821151974843815,0.028681209951173514,0.0101399420236703,1,5,0.002544685994507745,0.0101399420236703,0.0003234350006096065,4816896.0,4014080.0
neu_mbv2_pattern_mining,2026-02-08T13:03:00,1,223,45,2,0.984375,0.08000899106264114,7.0747808,0.03942847027792595,0.028914960275869817,0.010513510002056137,1,5,0.0025691500050015748,0.010513510002056137,0.0003223460225854069,4816896.0,4014080.0
neu_mbv2_pattern_mining,2026-02-08T13:03:00,1,224,45,3,0.984375,0.09453978389501572,7.0747808,0.03412222393671982,0.024612279958091676,0.009509943978628144,1,5,0.002195657987613231,0.009509943978628144,0.0002655700081959367,4816896.0,4014080.0
neu_mbv2_pattern_mining,2026-02-08T13:03:00,1,225,45,4,0.6666666666666666,0.894354522228241,0.3411616,0.03772047784877941,0.02542451984481886,0.01229595800396055,1,5,0.002296495978953317,0.01229595800396055,0.0002459560055285692,225792.0,188160.0
neu_mbv2_pattern_mining,2026-02-08T13:03:00,2,221,45,0,1.0,0.0006163230864331126,7.0747808,0.12073064610012807,0.09732311009429395,0.023407536005834118,1,5,0.009100360999582335,0.023407536005834118,0.0006319500098470598,4816896.0,4014080.0
neu_mbv2_pattern_mining,2026-02-08T13:03:00,2,222,45,1,1.0,0.0014099122490733862,7.0747808,0.033091688936110586,0.024774789926595986,0.0083168990095146,1,5,0.0021811850019730628,0.0083168990095146,0.00029629399068653584,4816896.0,4014080.0
neu_mbv2_pattern_mining,2026-02-08T13:03:00,2,223,45,2,1.0,0.00011698458547471091,7.0747808,0.031578569643897936,0.023374519660137594,0.008204049983760342,1,5,0.002056400990113616,0.008204049983760342,0.0002810509759001434,4816896.0,4014080.0
neu_mbv2_pattern_mining,2026-02-08T13:03:01,2,224,45,3,1.0,0.011339297518134117,7.0747808,0.03299982091994025,0.023781039926689118,0.00921878099325113,1,5,0.0021477149857673794,0.00921878099325113,0.0002303890069015324,4816896.0,4014080.0
neu_mbv2_pattern_mining,2026-02-08T13:03:01,2,225,45,4,0.6666666666666666,1.0298852920532227,0.3411616,0.03362828402896412,0.02289611002197489,0.010732174006989226,1,5,0.0020423009991645813,0.010732174006989226,0.00024731000303290784,225792.0,188160.0
neu_mbv2_pattern_mining,2026-02-08T13:03:01,3,221,45,0,1.0,0.002783083589747548,7.0747808,0.19497805493301712,0.15296311990823597,0.04201493502478115,1,5,0.014406280999537557,0.04201493502478115,0.0008900309912860394,4816896.0,4014080.0
neu_mbv2_pattern_mining,2026-02-08T13:03:01,3,222,45,1,1.0,0.0011152718216180801,7.0747808,0.04182022882741876,0.03114175982773304,0.01067846899968572,1,5,0.0027702319785021245,0.01067846899968572,0.00034394400427117944,4816896.0,4014080.0
neu_mbv2_pattern_mining,2026-02-08T13:03:01,3,223,45,2,1.0,0.007148411124944687,7.0747808,0.03600685280980542,0.026595679810270667,0.009411172999534756,1,5,0.0023642659944016486,0.009411172999534756,0.00029530198662541807,4816896.0,4014080.0
neu_mbv2_pattern_mining,2026-02-08T13:03:01,3,224,45,3,1.0,0.00311528192833066,7.0747808,0.03384840197395533,0.025055849982891232,0.008792551991064101,1,5,0.002212082006735727,0.008792551991064101,0.000293502991553396,4816896.0,4014080.0
neu_mbv2_pattern_mining,2026-02-08T13:03:01,3,225,45,4,0.6666666666666666,1.443099021911621,0.3411616,0.02882311402936466,0.020170880015939474,0.008652234013425186,1,5,0.001803327992092818,0.008652234013425186,0.0002137600095011294,225792.0,188160.0
neu_mbv2_pattern_mining,2026-02-08T13:03:02,4,221,45,0,1.0,5.46524825040251e-05,7.0747808,0.239481858065119,0.1950122500420548,0.04446960802306421,1,5,0.018799963989295065,0.04446960802306421,0.0007012610149104148,4816896.0,4014080.0
neu_mbv2_pattern_mining,2026-02-08T13:03:02,4,222,45,1,1.0,0.000835504150018096,7.0747808,0.0410143798799254,0.029859879869036376,0.011154500010889024,1,5,0.002668293978786096,0.011154500010889024,0.00031769400811754167,4816896.0,4014080.0
neu_mbv2_pattern_mining,2026-02-08T13:03:02,4,223,45,2,1.0,0.0005836243508383632,7.0747808,0.037682326015783474,0.027718560013454407,0.009963766002329066,1,5,0.0024982779868878424,0.009963766002329066,0.00027357801445759833,4816896.0,4014080.0
neu_mbv2_pattern_mining,2026-02-08T13:03:02,4,224,45,3,1.0,0.0027024338487535715,7.0747808,0.030139929032884538,0.021739880030509084,0.008400049002375454,1,5,0.0019380539888516068,0.008400049002375454,0.0002359340141993016,4816896.0,4014080.0
neu_mbv2_pattern_mining,2026-02-08T13:03:02,4,225,45,4,0.6666666666666666,0.7673203945159912,0.3411616,0.029680617211852223,0.02038613019976765,0.009294487012084574,1,5,0.0018399819964542985,0.009294487012084574,0.00019863102352246642,225792.0,188160.0
neu_mbv2_pattern_mining,2026-02-08T13:03:04,0,226,46,0,1.0,0.00011037314834538847,7.0747808,0.1094504639331717,0.08535956993000582,0.024090894003165886,1,5,0.007856515992898494,0.024090894003165886,0.0006794410001020879,4816896.0,4014080.0
neu_mbv2_pattern_mining,2026-02-08T13:03:04,0,227,46,1,1.0,0.04119275510311127,7.0747808,0.03237735989387147,0.02435990987578407,0.008017450018087402,1,5,0.0021506960038095713,0.008017450018087402,0.00028529498376883566,4816896.0,4014080.0
neu_mbv2_pattern_mining,2026-02-08T13:03:04,0,228,46,2,0.890625,1.1301696300506592,7.0747808,0.031070641009137034,0.0234784500207752,0.0075921909883618355,1,5,0.0020765789959114045,0.0075921909883618355,0.0002712660061661154,4816896.0,4014080.0
neu_mbv2_pattern_mining,2026-02-08T13:03:04,0,229,46,3,0.984375,0.019339829683303833,7.0747808,0.028479501692345366,0.021454479719977826,0.00702502197236754,1,5,0.0018901299918070436,0.00702502197236754,0.00025531798019073904,4816896.0,4014080.0
neu_mbv2_pattern_mining,2026-02-08T13:03:04,0,230,46,4,0.5,0.9943816661834717,0.45154880000000003,0.02738267311360687,0.020174040109850466,0.007208633003756404,1,5,0.0017874200129881501,0.007208633003756404,0.0002299839979968965,301056.0,250880.0
neu_mbv2_pattern_mining,2026-02-08T13:03:05,1,226,46,0,1.0,0.00033622432965785265,7.0747808,0.14129250193946064,0.11429289996158332,0.02699960197787732,1,5,0.010863853007322177,0.02699960197787732,0.0005654369888361543,4816896.0,4014080.0
neu_mbv2_pattern_mining,2026-02-08T13:03:05,1,227,46,1,0.921875,0.32908958196640015,7.0747808,0.03522826419794001,0.026374900189694017,0.00885336400824599,1,5,0.0023240700247697532,0.00885336400824599,0.0003134199941996485,4816896.0,4014080.0
neu_mbv2_pattern_mining,2026-02-08T13:03:05,1,228,46,2,0.984375,0.026030002161860466,7.0747808,0.03597921587061137,0.026730689860414714,0.009248526010196656,1,5,0.002362361003179103,0.009248526010196656,0.0003107079828623682,4816896.0,4014080.0
neu_mbv2_pattern_mining,2026-02-08T13:03:05,1,229,46,3,1.0,0.005629363469779491,7.0747808,0.03440201107878238,0.02562192006735131,0.008780091011431068,1,5,0.0022541240032296628,0.008780091011431068,0.00030806800350546837,4816896.0,4014080.0
neu_mbv2_pattern_mining,2026-02-08T13:03:05,1,230,46,4,0.6666666666666666,2.8469343185424805,0.3411616,0.0428062311548274,0.030256060126703233,0.012550171028124169,1,5,0.0027108920039609075,0.012550171028124169,0.0003147140087094158,225792.0,188160.0
neu_mbv2_pattern_mining,2026-02-08T13:03:06,2,226,46,0,1.0,1.9133851310471073e-05,7.0747808,0.11832751802285202,0.09378988004755229,0.02453763797529973,1,5,0.008739267999771982,0.02453763797529973,0.0006397200049832463,4816896.0,4014080.0
neu_mbv2_pattern_mining,2026-02-08T13:03:06,2,227,46,1,1.0,0.0010892704594880342,7.0747808,0.031661953893490136,0.02373753988649696,0.007924414006993175,1,5,0.00209111999720335,0.007924414006993175,0.00028263399144634604,4816896.0,4014080.0
neu_mbv2_pattern_mining,2026-02-08T13:03:06,2,228,46,2,1.0,0.007652025204151869,7.0747808,0.033030628197593614,0.02464061020873487,0.008390017988858745,1,5,0.002169018000131473,0.008390017988858745,0.00029504302074201405,4816896.0,4014080.0
neu_mbv2_pattern_mining,2026-02-08T13:03:06,2,229,46,3,0.875,0.49397149682044983,7.0747808,0.031252936052624136,0.023023200046736747,0.00822973600588739,1,5,0.0020324260112829506,0.00822973600588739,0.00026989399339072406,4816896.0,4014080.0
neu_mbv2_pattern_mining,2026-02-08T13:03:06,2,230,46,4,0.6666666666666666,0.343824177980423,0.3411616,0.034390131797408685,0.023250609810929745,0.01113952198647894,1,5,0.002079343976220116,0.01113952198647894,0.0002457170048728585,225792.0,188160.0
neu_mbv2_pattern_mining,2026-02-08T13:03:06,3,226,46,0,1.0,8.081932901404798e-05,7.0747808,0.1393319110502489,0.11207909003132954,0.02725282101891935,1,5,0.010614742990583181,0.02725282101891935,0.0005931660125497729,4816896.0,4014080.0
neu_mbv2_pattern_mining,2026-02-08T13:03:06,3,227,46,1,1.0,1.1592164810281247e-05,7.0747808,0.03454792394768447,0.025739099946804345,0.008808824000880122,1,5,0.002266313007567078,0.008808824000880122,0.0003075969871133566,4816896.0,4014080.0
neu_mbv2_pattern_mining,2026-02-08T13:03:06,3,228,46,2,0.953125,0.27764245867729187,7.0747808,0.03544857125962153,0.02626109024276957,0.009187481016851962,1,5,0.0023076290090102702,0.009187481016851962,0.0003184800152666867,4816896.0,4014080.0
neu_mbv2_pattern_mining,2026-02-08T13:03:07,3,229,46,3,0.953125,0.2070043534040451,7.0747808,0.035244722064817324,0.02604820008855313,0.009196521976264194,1,5,0.002289204014232382,0.009196521976264194,0.0003156159946229309,4816896.0,4014080.0
neu_mbv2_pattern_mining,2026-02-08T13:03:07,3,230,46,4,0.3333333333333333,1.6149605512619019,0.3411616,0.03708266673493199,0.02612592972582206,0.01095673700910993,1,5,0.0023517279769293964,0.01095673700910993,0.00026086499565280974,225792.0,188160.0
neu_mbv2_pattern_mining,2026-02-08T13:03:07,4,226,46,0,1.0,0.0004511258448474109,7.0747808,0.12922875414369628,0.10419863014249131,0.025030124001204967,1,5,0.009795718011446297,0.025030124001204967,0.0006241450028028339,4816896.0,4014080.0
neu_mbv2_pattern_mining,2026-02-08T13:03:07,4,227,46,1,0.9375,0.495779812335968,7.0747808,0.0381288290664088,0.02872198005206883,0.009406849014339969,1,5,0.002548115997342393,0.009406849014339969,0.00032408200786449015,4816896.0,4014080.0
neu_mbv2_pattern_mining,2026-02-08T13:03:07,4,228,46,2,0.90625,0.654970645904541,7.0747808,0.03327965203789063,0.023961440019775182,0.009318212018115446,1,5,0.002112457004841417,0.009318212018115446,0.0002836869971361011,4816896.0,4014080.0
neu_mbv2_pattern_mining,2026-02-08T13:03:07,4,229,46,3,1.0,0.03391216695308685,7.0747808,0.03223424492171034,0.02320361993042752,0.00903062499128282,1,5,0.0020855659968219697,0.00903062499128282,0.0002347959962207824,4816896.0,4014080.0
neu_mbv2_pattern_mining,2026-02-08T13:03:07,4,230,46,4,0.3333333333333333,2.896991491317749,0.3411616,0.033394232916180044,0.023067439906299114,0.01032679300988093,1,5,0.002070316986646503,0.01032679300988093,0.0002364270039834082,225792.0,188160.0
neu_mbv2_pattern_mining,2026-02-08T13:03:09,0,231,47,0,1.0,0.00013846493675373495,7.0747808,0.10168233601143584,0.07971924002049491,0.02196309599094093,1,5,0.007323946978431195,0.02196309599094093,0.0006479770236182958,4816896.0,4014080.0
neu_mbv2_pattern_mining,2026-02-08T13:03:09,0,232,47,1,1.0,0.0003920026356354356,7.0747808,0.03409192676190287,0.024629449762869626,0.009462476999033242,1,5,0.002174998982809484,0.009462476999033242,0.0002879459934774786,4816896.0,4014080.0
neu_mbv2_pattern_mining,2026-02-08T13:03:09,0,233,47,2,0.90625,0.4846029579639435,7.0747808,0.033211051020771265,0.024735780025366694,0.008475270995404571,1,5,0.0022141280060168356,0.008475270995404571,0.0002594499965198338,4816896.0,4014080.0
neu_mbv2_pattern_mining,2026-02-08T13:03:09,0,234,47,3,0.921875,0.15063893795013428,7.0747808,0.032840101106557995,0.023948060115799308,0.008892040990758687,1,5,0.0021202269999776036,0.008892040990758687,0.00027457901160232723,4816896.0,4014080.0
neu_mbv2_pattern_mining,2026-02-08T13:03:09,0,235,47,4,1.0,0.03823404014110565,0.45154880000000003,0.041822349769063294,0.030625389772467315,0.011196959996595979,1,5,0.0027201979828532785,0.011196959996595979,0.000342340994393453,301056.0,250880.0
neu_mbv2_pattern_mining,2026-02-08T13:03:10,1,231,47,0,1.0,3.209508940926753e-05,7.0747808,0.13777331510209478,0.11064796010032296,0.027125355001771823,1,5,0.01013186201453209,0.027125355001771823,0.000932933995500207,4816896.0,4014080.0
neu_mbv2_pattern_mining,2026-02-08T13:03:10,1,232,47,1,0.984375,0.06433530896902084,7.0747808,0.032331170252291486,0.023792240244802088,0.008538930007489398,1,5,0.002086890017380938,0.008538930007489398,0.0002923340070992708,4816896.0,4014080.0
neu_mbv2_pattern_mining,2026-02-08T13:03:10,1,233,47,2,1.0,0.0003210407157894224,7.0747808,0.03151436898042448,0.023047139984555542,0.008467228995868936,1,5,0.0020414259925018996,0.008467228995868936,0.00026328800595365465,4816896.0,4014080.0
neu_mbv2_pattern_mining,2026-02-08T13:03:10,1,234,47,3,1.0,0.008538372814655304,7.0747808,0.033482681843452156,0.024579489836469293,0.008903192006982863,1,5,0.002187395002692938,0.008903192006982863,0.0002705539809539914,4816896.0,4014080.0
neu_mbv2_pattern_mining,2026-02-08T13:03:10,1,235,47,4,1.0,0.02799411118030548,0.3411616,0.03804904132266529,0.02517874032491818,0.012870300997747108,1,5,0.002206991019193083,0.012870300997747108,0.000310883013298735,225792.0,188160.0
neu_mbv2_pattern_mining,2026-02-08T13:03:11,2,231,47,0,1.0,8.381259249290451e-05,7.0747808,0.13073927807272412,0.10420945007354021,0.026529827999183908,1,5,0.009727461991133168,0.026529827999183908,0.0006934830162208527,4816896.0,4014080.0
neu_mbv2_pattern_mining,2026-02-08T13:03:11,2,232,47,1,0.96875,0.1423138678073883,7.0747808,0.031944830931024626,0.023495859932154417,0.008448970998870209,1,5,0.0020732499833684415,0.008448970998870209,0.00027633600984700024,4816896.0,4014080.0
neu_mbv2_pattern_mining,2026-02-08T13:03:11,2,233,47,2,1.0,0.014871946536004543,7.0747808,0.03195169731043279,0.023089140304364264,0.008862557006068528,1,5,0.002042010019067675,0.008862557006068528,0.0002669040113687515,4816896.0,4014080.0
neu_mbv2_pattern_mining,2026-02-08T13:03:11,2,234,47,3,1.0,0.0005698867607861757,7.0747808,0.03201619192259386,0.02314454992301762,0.00887164199957624,1,5,0.002052412979537621,0.00887164199957624,0.00026204201276414096,4816896.0,4014080.0
neu_mbv2_pattern_mining,2026-02-08T13:03:11,2,235,47,4,0.6666666666666666,0.4303295314311981,0.3411616,0.03672848595306277,0.024780819949228317,0.011947666003834456,1,5,0.0022081549977883697,0.011947666003834456,0.000269926997134462,225792.0,188160.0
neu_mbv2_pattern_mining,2026-02-08T13:03:12,3,231,47,0,1.0,2.2114134480943903e-05,7.0747808,0.21259092801483348,0.16957849002210423,0.04301243799272925,1,5,0.016308680991642177,0.04301243799272925,0.0006491680105682462,4816896.0,4014080.0
neu_mbv2_pattern_mining,2026-02-08T13:03:12,3,232,47,1,1.0,0.0004173975612502545,7.0747808,0.035344227886525914,0.02581829990958795,0.009525927976937965,1,5,0.0022879349999129772,0.009525927976937965,0.00029389499104581773,4816896.0,4014080.0
neu_mbv2_pattern_mining,2026-02-08T13:03:12,3,233,47,2,0.90625,0.35506704449653625,7.0747808,0.03812710725469515,0.027502380253281444,0.010624727001413703,1,5,0.002442430006340146,0.010624727001413703,0.00030780801898799837,4816896.0,4014080.0
neu_mbv2_pattern_mining,2026-02-08T13:03:12,3,234,47,3,1.0,6.75753690302372e-05,7.0747808,0.038019383035134524,0.02745156001765281,0.010567823017481714,1,5,0.0024240589991677552,0.010567823017481714,0.0003210970025975257,4816896.0,4014080.0
neu_mbv2_pattern_mining,2026-02-08T13:03:12,3,235,47,4,0.6666666666666666,0.7598187923431396,0.3411616,0.04089034799835645,0.027765289996750653,0.013125058001605794,1,5,0.0024403549905400723,0.013125058001605794,0.00033617400913499296,225792.0,188160.0
neu_mbv2_pattern_mining,2026-02-08T13:03:13,4,231,47,0,1.0,3.1620380468666553e-05,7.0747808,0.18773581099230796,0.14248280000174418,0.04525301099056378,1,5,0.013568041002145037,0.04525301099056378,0.000680238998029381,4816896.0,4014080.0
neu_mbv2_pattern_mining,2026-02-08T13:03:13,4,232,47,1,1.0,0.0014750061091035604,7.0747808,0.04152599992812611,0.030055879906285554,0.011470120021840557,1,5,0.002647253015311435,0.011470120021840557,0.00035833497531712055,4816896.0,4014080.0
neu_mbv2_pattern_mining,2026-02-08T13:03:13,4,233,47,2,0.90625,0.525005042552948,7.0747808,0.04636734476662241,0.03419414977543056,0.012173194991191849,1,5,0.003055446984944865,0.012173194991191849,0.0003639679925981909,4816896.0,4014080.0
neu_mbv2_pattern_mining,2026-02-08T13:03:13,4,234,47,3,1.0,0.006649293936789036,7.0747808,0.0446668139193207,0.03306172991869971,0.011605084000620991,1,5,0.002954641997348517,0.011605084000620991,0.000351530994521454,4816896.0,4014080.0
neu_mbv2_pattern_mining,2026-02-08T13:03:13,4,235,47,4,0.3333333333333333,2.1341583728790283,0.3411616,0.04543187760282308,0.0316473696148023,0.013784507988020778,1,5,0.002806996984872967,0.013784507988020778,0.0003577399766072631,225792.0,188160.0
neu_mbv2_pattern_mining,2026-02-08T13:03:14,0,236,48,0,1.0,3.1730145565234125e-05,7.0747808,0.1501066849741619,0.11386566999135539,0.03624101498280652,1,5,0.010527790989726782,0.03624101498280652,0.0008587760094087571,4816896.0,4014080.0
neu_mbv2_pattern_mining,2026-02-08T13:03:14,0,237,48,1,1.0,0.000812811020296067,7.0747808,0.039258218923350796,0.02905311994254589,0.010205098980804905,1,5,0.002591061987914145,0.010205098980804905,0.0003142500063404441,4816896.0,4014080.0
neu_mbv2_pattern_mining,2026-02-08T13:03:14,0,238,48,2,1.0,0.0030362748075276613,7.0747808,0.033709738083416596,0.0244135400862433,0.009296197997173294,1,5,0.0021658320038113743,0.009296197997173294,0.00027552200481295586,4816896.0,4014080.0
neu_mbv2_pattern_mining,2026-02-08T13:03:14,0,239,48,3,0.984375,0.10502338409423828,7.0747808,0.03571092101628892,0.025923170032911003,0.009787750983377919,1,5,0.002310162002686411,0.009787750983377919,0.0002821550006046891,4816896.0,4014080.0
neu_mbv2_pattern_mining,2026-02-08T13:03:14,0,240,48,4,0.25,2.0202982425689697,0.45154880000000003,0.035819246782921255,0.02546435978729278,0.010354886995628476,1,5,0.002280143991811201,0.010354886995628476,0.00026629198691807687,301056.0,250880.0
neu_mbv2_pattern_mining,2026-02-08T13:03:15,1,236,48,0,1.0,4.396398799144663e-05,7.0747808,0.13130739011103287,0.10704954009270296,0.02425785001832992,1,5,0.010103770007845014,0.02425785001832992,0.0006011840014252812,4816896.0,4014080.0
neu_mbv2_pattern_mining,2026-02-08T13:03:15,1,237,48,1,1.0,0.0006177399773150682,7.0747808,0.027999275975162163,0.020648229983635247,0.007351045991526917,1,5,0.0018274280009791255,0.007351045991526917,0.00023739499738439918,4816896.0,4014080.0
neu_mbv2_pattern_mining,2026-02-08T13:03:15,1,238,48,2,0.953125,0.11756740510463715,7.0747808,0.027563138981349766,0.020006929989904165,0.007556208991445601,1,5,0.0017733160057105124,0.007556208991445601,0.00022737699327990413,4816896.0,4014080.0
neu_mbv2_pattern_mining,2026-02-08T13:03:15,1,239,48,3,1.0,0.000597756530623883,7.0747808,0.026511632750043646,0.019203619740437716,0.007308013009605929,1,5,0.0016984370013233274,0.007308013009605929,0.0002219249727204442,4816896.0,4014080.0
neu_mbv2_pattern_mining,2026-02-08T13:03:15,1,240,48,4,0.3333333333333333,1.3564499616622925,0.3411616,0.031645801034756005,0.021255250030662864,0.01039055100409314,1,5,0.0018881460127886385,0.01039055100409314,0.00023737899027764797,225792.0,188160.0
neu_mbv2_pattern_mining,2026-02-08T13:03:16,2,236,48,0,1.0,3.8388141547329724e-05,7.0747808,0.11208939194330014,0.08880184992449358,0.023287542018806562,1,5,0.00830995399155654,0.023287542018806562,0.000570231000892818,4816896.0,4014080.0
neu_mbv2_pattern_mining,2026-02-08T13:03:16,2,237,48,1,1.0,0.0035289712250232697,7.0747808,0.0305879503430333,0.02283484034705907,0.007753109995974228,1,5,0.0020280120079405606,0.007753109995974228,0.0002554720267653465,4816896.0,4014080.0
neu_mbv2_pattern_mining,2026-02-08T13:03:16,2,238,48,2,1.0,0.0031475815922021866,7.0747808,0.02934252211707644,0.02138987008947879,0.007952652027597651,1,5,0.0018957520078402013,0.007952652027597651,0.00024323500110767782,4816896.0,4014080.0
neu_mbv2_pattern_mining,2026-02-08T13:03:16,2,239,48,3,1.0,0.010318130254745483,7.0747808,0.03151842506485991,0.02244461007649079,0.009073814988369122,1,5,0.001980822009500116,0.009073814988369122,0.00026363899814896286,4816896.0,4014080.0
neu_mbv2_pattern_mining,2026-02-08T13:03:16,2,240,48,4,1.0,0.035059697926044464,0.3411616,0.034915409778477624,0.023937889782246202,0.010977519996231422,1,5,0.002124980994267389,0.010977519996231422,0.00026880798395723104,225792.0,188160.0
neu_mbv2_pattern_mining,2026-02-08T13:03:17,3,236,48,0,1.0,0.0017469897866249084,7.0747808,0.22325596617884003,0.17372713016811758,0.04952883601072244,1,5,0.016492430993821472,0.04952883601072244,0.0008802820229902864,4816896.0,4014080.0
neu_mbv2_pattern_mining,2026-02-08T13:03:17,3,237,48,1,0.921875,0.4841335415840149,7.0747808,0.03747913707047701,0.028671830077655613,0.008807306992821395,1,5,0.0024641630006954074,0.008807306992821395,0.00040302000707015395,4816896.0,4014080.0
neu_mbv2_pattern_mining,2026-02-08T13:03:17,3,238,48,2,1.0,0.0010331014636904001,7.0747808,0.0275589311204385,0.020547060121316463,0.0070118709991220385,1,5,0.001827436004532501,0.0070118709991220385,0.00022727000759914517,4816896.0,4014080.0
neu_mbv2_pattern_mining,2026-02-08T13:03:17,3,239,48,3,0.96875,0.15918903052806854,7.0747808,0.02686155799892731,0.019500839989632368,0.007360718009294942,1,5,0.0017217489948961884,0.007360718009294942,0.00022833500406704843,4816896.0,4014080.0
neu_mbv2_pattern_mining,2026-02-08T13:03:17,3,240,48,4,1.0,0.11456025391817093,0.3411616,0.030815377249382436,0.02111582027282566,0.009699556976556778,1,5,0.0018711870070546865,0.009699556976556778,0.00024039502022787929,225792.0,188160.0
neu_mbv2_pattern_mining,2026-02-08T13:03:18,4,236,48,0,1.0,1.0171565008931793e-05,7.0747808,0.14046061277622357,0.11483419977594167,0.0256264130002819,1,5,0.010834624990820885,0.0256264130002819,0.0006487949867732823,4816896.0,4014080.0
neu_mbv2_pattern_mining,2026-02-08T13:03:18,4,237,48,1,1.0,7.3699120548553765e-06,7.0747808,0.028963381104404107,0.02139679010724649,0.007566590997157618,1,5,0.0018938580178655684,0.007566590997157618,0.00024582099285908043,4816896.0,4014080.0
neu_mbv2_pattern_mining,2026-02-08T13:03:18,4,238,48,2,1.0,0.006345650181174278,7.0747808,0.0289671701611951,0.021216960158199072,0.0077502100029960275,1,5,0.0018781209946610034,0.0077502100029960275,0.00024357502115890384,4816896.0,4014080.0
neu_mbv2_pattern_mining,2026-02-08T13:03:18,4,239,48,3,1.0,0.04110972210764885,7.0747808,0.02750617903075181,0.02002605004236102,0.0074801289883907884,1,5,0.0017747009987942874,0.0074801289883907884,0.00022790400544181466,4816896.0,4014080.0
neu_mbv2_pattern_mining,2026-02-08T13:03:18,4,240,48,4,0.3333333333333333,2.8108508586883545,0.3411616,0.03657314492738806,0.024950249935500324,0.011622894991887733,1,5,0.0021991539979353547,0.011622894991887733,0.00029587099561467767,225792.0,188160.0
neu_mbv2_pattern_mining,2026-02-08T13:03:19,0,241,49,0,1.0,0.0002022110129473731,7.0747808,0.20104283769614995,0.15823763969819993,0.04280519799795002,1,5,0.015155425993725657,0.04280519799795002,0.0006683379760943353,4816896.0,4014080.0
neu_mbv2_pattern_mining,2026-02-08T13:03:19,0,242,49,1,1.0,0.007791159208863974,7.0747808,0.04251104811555706,0.030857220117468387,0.011653827998088673,1,5,0.0027315019979141653,0.011653827998088673,0.00035422001383267343,4816896.0,4014080.0
neu_mbv2_pattern_mining,2026-02-08T13:03:19,0,243,49,2,1.0,0.0281363595277071,7.0747808,0.04015832094592042,0.02939936995971948,0.010758950986200944,1,5,0.002612212992971763,0.010758950986200944,0.0003277240030001849,4816896.0,4014080.0
neu_mbv2_pattern_mining,2026-02-08T13:03:19,0,244,49,3,0.984375,0.1260484755039215,7.0747808,0.03908312023850158,0.028382520249579102,0.010700599988922477,1,5,0.0025305460148956627,0.010700599988922477,0.0003077060100622475,4816896.0,4014080.0
neu_mbv2_pattern_mining,2026-02-08T13:03:19,0,245,49,4,0.5,1.1354174613952637,0.45154880000000003,0.04128715515253134,0.029429900168906897,0.011857254983624443,1,5,0.0026373990112915635,0.011857254983624443,0.0003055910055991262,301056.0,250880.0
neu_mbv2_pattern_mining,2026-02-08T13:03:20,1,241,49,0,1.0,1.0651298907760065e-05,7.0747808,0.12169713110779412,0.09577215008903295,0.025924981018761173,1,5,0.008865824987879023,0.025924981018761173,0.0007113900210242718,4816896.0,4014080.0
neu_mbv2_pattern_mining,2026-02-08T13:03:20,1,242,49,1,1.0,9.677885100245476e-05,7.0747808,0.03133860602974892,0.02264754002681002,0.008691066002938896,1,5,0.0019997009949292988,0.008691066002938896,0.00026505300775170326,4816896.0,4014080.0
neu_mbv2_pattern_mining,2026-02-08T13:03:20,1,243,49,2,1.0,0.00897390116006136,7.0747808,0.029739763849647716,0.021443069854285568,0.008296693995362148,1,5,0.0019135169859509915,0.008296693995362148,0.0002307899994775653,4816896.0,4014080.0
neu_mbv2_pattern_mining,2026-02-08T13:03:20,1,244,49,3,1.0,0.010693092830479145,7.0747808,0.031550969812087715,0.022767229820601642,0.008783739991486073,1,5,0.0020076569926459342,0.008783739991486073,0.00026906598941423,4816896.0,4014080.0
neu_mbv2_pattern_mining,2026-02-08T13:03:20,1,245,49,4,0.6666666666666666,0.5737503170967102,0.3411616,0.037203043699264526,0.025197869690600783,0.012005174008663744,1,5,0.0022287469764705747,0.012005174008663744,0.0002910399925895035,225792.0,188160.0
neu_mbv2_pattern_mining,2026-02-08T13:03:21,2,241,49,0,1.0,0.00011725357762770727,7.0747808,0.16798458612174727,0.1387462401180528,0.02923834600369446,1,5,0.013216632010880858,0.02923834600369446,0.0006579920009244233,4816896.0,4014080.0
neu_mbv2_pattern_mining,2026-02-08T13:03:21,2,242,49,1,0.953125,0.29964423179626465,7.0747808,0.036917126999469474,0.026925290003418922,0.009991836996050552,1,5,0.0023859110078774393,0.009991836996050552,0.000306617992464453,4816896.0,4014080.0
neu_mbv2_pattern_mining,2026-02-08T13:03:21,2,243,49,2,1.0,7.047476537991315e-05,7.0747808,0.03386635004426353,0.024373820051550865,0.009492529992712662,1,5,0.0021551479876507074,0.009492529992712662,0.00028223401750437915,4816896.0,4014080.0
neu_mbv2_pattern_mining,2026-02-08T13:03:21,2,244,49,3,0.96875,0.059075143188238144,7.0747808,0.0340321576804854,0.02434235968394205,0.009689797996543348,1,5,0.0021509749931283295,0.009689797996543348,0.00028326097526587546,4816896.0,4014080.0
neu_mbv2_pattern_mining,2026-02-08T13:03:21,2,245,49,4,0.6666666666666666,0.2495884895324707,0.3411616,0.042614666192093864,0.029371910204645246,0.013242755987448618,1,5,0.0026393490261398256,0.013242755987448618,0.00029784199432469904,225792.0,188160.0
neu_mbv2_pattern_mining,2026-02-08T13:03:22,3,241,49,0,1.0,3.536633084877394e-05,7.0747808,0.12527184007922187,0.102654290094506,0.02261754998471588,1,5,0.009776688006240875,0.02261754998471588,0.000488741003209725,4816896.0,4014080.0
neu_mbv2_pattern_mining,2026-02-08T13:03:22,3,242,49,1,0.984375,0.030346881598234177,7.0747808,0.031213843991281465,0.023013559984974563,0.008200284006306902,1,5,0.002027307025855407,0.008200284006306902,0.0002740489726420492,4816896.0,4014080.0
neu_mbv2_pattern_mining,2026-02-08T13:03:22,3,243,49,2,1.0,0.0014833919703960419,7.0747808,0.026957076916005462,0.01960227993549779,0.007354796980507672,1,5,0.0017452210013289005,0.007354796980507672,0.0002150069922208786,4816896.0,4014080.0
neu_mbv2_pattern_mining,2026-02-08T13:03:22,3,244,49,3,0.984375,0.03561636433005333,7.0747808,0.023895789781818166,0.017239549779333174,0.006656240002484992,1,5,0.001537400996312499,0.006656240002484992,0.00018655398162081838,4816896.0,4014080.0
neu_mbv2_pattern_mining,2026-02-08T13:03:22,3,245,49,4,0.6666666666666666,4.2184062004089355,0.3411616,0.027482366072945297,0.01867048005806282,0.008811886014882475,1,5,0.0016563250101171434,0.008811886014882475,0.00021072299568913877,225792.0,188160.0
neu_mbv2_pattern_mining,2026-02-08T13:03:23,4,241,49,0,1.0,3.0620722100138664e-05,7.0747808,0.11862811614992097,0.09606241015717387,0.022565705992747098,1,5,0.009103343996684998,0.022565705992747098,0.0005028970190323889,4816896.0,4014080.0
neu_mbv2_pattern_mining,2026-02-08T13:03:23,4,242,49,1,1.0,0.0001643502473598346,7.0747808,0.029057328851195052,0.021609299874398857,0.007448028976796195,1,5,0.0018891579820774496,0.007448028976796195,0.0002717720053624362,4816896.0,4014080.0
neu_mbv2_pattern_mining,2026-02-08T13:03:23,4,243,49,2,1.0,7.562313840026036e-05,7.0747808,0.023825493030017242,0.017234580009244382,0.0065909130207728595,1,5,0.0015305220149457455,0.0065909130207728595,0.00019293598597869277,4816896.0,4014080.0
neu_mbv2_pattern_mining,2026-02-08T13:03:23,4,244,49,3,1.0,0.01015461701899767,7.0747808,0.026583608851069584,0.01985260983929038,0.006730999011779204,1,5,0.001727359980577603,0.006730999011779204,0.00025790100335143507,4816896.0,4014080.0
neu_mbv2_pattern_mining,2026-02-08T13:03:23,4,245,49,4,0.3333333333333333,2.452118158340454,0.3411616,0.030524893838446587,0.02173922985093668,0.008785663987509906,1,5,0.0019005390058737248,0.008785663987509906,0.0002733839792199433,225792.0,188160.0
neu_mbv2_pattern_mining,2026-02-08T13:03:24,0,246,50,0,0.984375,0.03954552859067917,7.0747808,0.11081215593731031,0.08568321994971484,0.02512893598759547,1,5,0.007889720989624038,0.02512893598759547,0.0006786010053474456,4816896.0,4014080.0
neu_mbv2_pattern_mining,2026-02-08T13:03:24,0,247,50,1,0.984375,0.07410132139921188,7.0747808,0.032825538772158325,0.02472348976880312,0.008102049003355205,1,5,0.0021804749849252403,0.008102049003355205,0.0002918739919550717,4816896.0,4014080.0
neu_mbv2_pattern_mining,2026-02-08T13:03:24,0,248,50,2,0.953125,0.21486297249794006,7.0747808,0.031330780853750184,0.02356866985792294,0.007762110995827243,1,5,0.0020699909946415573,0.007762110995827243,0.0002868759911507368,4816896.0,4014080.0
neu_mbv2_pattern_mining,2026-02-08T13:03:24,0,249,50,3,0.921875,0.3478369414806366,7.0747808,0.02881349204108119,0.02150390006136149,0.007309591979719698,1,5,0.00189614700502716,0.007309591979719698,0.0002542430011089891,4816896.0,4014080.0
neu_mbv2_pattern_mining,2026-02-08T13:03:24,0,250,50,4,0.75,1.8657790422439575,0.45154880000000003,0.026770112657686695,0.019384619663469493,0.007385492994217202,1,5,0.0017466199933551252,0.007385492994217202,0.00019184197299182415,301056.0,250880.0
neu_mbv2_pattern_mining,2026-02-08T13:03:25,1,246,50,0,1.0,5.2604504162445664e-05,7.0747808,0.11898727103834972,0.09525867004413158,0.02372860099421814,1,5,0.008877270010998473,0.02372860099421814,0.0006485969934146851,4816896.0,4014080.0
neu_mbv2_pattern_mining,2026-02-08T13:03:25,1,247,50,1,1.0,9.146165393758565e-05,7.0747808,0.028776572784408927,0.021829939796589315,0.006946632987819612,1,5,0.0019117659830953926,0.006946632987819612,0.0002712279965635389,4816896.0,4014080.0
neu_mbv2_pattern_mining,2026-02-08T13:03:25,1,248,50,2,1.0,0.0005723353242501616,7.0747808,0.028442865033866838,0.021457200055010617,0.006985664978856221,1,5,0.0018899930000770837,0.006985664978856221,0.00025572700542397797,4816896.0,4014080.0
neu_mbv2_pattern_mining,2026-02-08T13:03:25,1,249,50,3,0.953125,0.1300353854894638,7.0747808,0.02856757983681746,0.02157688984880224,0.00699068998801522,1,5,0.0019012659904547036,0.00699068998801522,0.0002564229944255203,4816896.0,4014080.0
neu_mbv2_pattern_mining,2026-02-08T13:03:25,1,250,50,4,0.6666666666666666,2.2017762660980225,0.3411616,0.031188222958007827,0.02218092995462939,0.009007293003378436,1,5,0.0019617560028564185,0.009007293003378436,0.00025633699260652065,225792.0,188160.0
neu_mbv2_pattern_mining,2026-02-08T13:03:26,2,246,50,0,1.0,3.7440033338498324e-05,7.0747808,0.1119811438547913,0.08933729986893013,0.022643843985861167,1,5,0.008457401010673493,0.022643843985861167,0.00047632897621951997,4816896.0,4014080.0
neu_mbv2_pattern_mining,2026-02-08T13:03:26,2,247,50,1,1.0,0.006545130163431168,7.0747808,0.032532923883991316,0.024233899894170463,0.008299023989820853,1,5,0.002138668001862243,0.008299023989820853,0.0002847219875548035,4816896.0,4014080.0
neu_mbv2_pattern_mining,2026-02-08T13:03:26,2,248,50,2,1.0,0.004662232473492622,7.0747808,0.030811405245913193,0.02322024025488645,0.007591164991026744,1,5,0.0020409620192367584,0.007591164991026744,0.0002810620062518865,4816896.0,4014080.0
neu_mbv2_pattern_mining,2026-02-08T13:03:26,2,249,50,3,0.84375,1.0775854587554932,7.0747808,0.028807560942368582,0.021681289945263416,0.007126270997105166,1,5,0.0019128959975205362,0.007126270997105166,0.0002552329970058054,4816896.0,4014080.0
neu_mbv2_pattern_mining,2026-02-08T13:03:26,2,250,50,4,0.0,3.4872207641601562,0.3411616,0.030496828898321837,0.022136209881864488,0.008360619016457349,1,5,0.0019272429926786572,0.008360619016457349,0.00028637799550779164,225792.0,188160.0
neu_mbv2_pattern_mining,2026-02-08T13:03:27,3,246,50,0,1.0,0.0014546619495376945,7.0747808,0.11393135687103495,0.08998137986054644,0.02394997701048851,1,5,0.008364945009816438,0.02394997701048851,0.000633192976238206,4816896.0,4014080.0
neu_mbv2_pattern_mining,2026-02-08T13:03:27,3,247,50,1,0.984375,0.04004528373479843,7.0747808,0.03039889663341455,0.022226159635465592,0.00817273699794896,1,5,0.0019609519804362208,0.00817273699794896,0.00026166398311033845,4816896.0,4014080.0
neu_mbv2_pattern_mining,2026-02-08T13:03:27,3,248,50,2,1.0,0.004015208687633276,7.0747808,0.033180894824909046,0.02470738982083276,0.008473505004076287,1,5,0.002171150001231581,0.008473505004076287,0.00029958898085169494,4816896.0,4014080.0
neu_mbv2_pattern_mining,2026-02-08T13:03:27,3,249,50,3,0.96875,0.09235981106758118,7.0747808,0.03217936176224612,0.024070599756669253,0.008108762005576864,1,5,0.0021200669871177524,0.008108762005576864,0.0002869929885491729,4816896.0,4014080.0
neu_mbv2_pattern_mining,2026-02-08T13:03:27,3,250,50,4,0.6666666666666666,0.80159991979599,0.3411616,0.03534433906315826,0.02524031006032601,0.010104029002832249,1,5,0.002229281992185861,0.010104029002832249,0.0002947490138467401,225792.0,188160.0
neu_mbv2_pattern_mining,2026-02-08T13:03:27,4,246,50,0,1.0,0.00010206026490777731,7.0747808,0.13469017593888566,0.10683022992452607,0.027859946014359593,1,5,0.010024207003880292,0.027859946014359593,0.0006588159885723144,4816896.0,4014080.0
neu_mbv2_pattern_mining,2026-02-08T13:03:27,4,247,50,1,1.0,2.1237749024294317e-05,7.0747808,0.03606268411385827,0.02628273010486737,0.009779954008990899,1,5,0.002321055013453588,0.009779954008990899,0.000307217997033149,4816896.0,4014080.0
neu_mbv2_pattern_mining,2026-02-08T13:03:28,4,248,50,2,0.96875,0.18377891182899475,7.0747808,0.03402754690614529,0.02423097990686074,0.00979656699928455,1,5,0.0021271560108289123,0.00979656699928455,0.00029594197985716164,4816896.0,4014080.0
neu_mbv2_pattern_mining,2026-02-08T13:03:28,4,249,50,3,0.984375,0.014876443892717361,7.0747808,0.03558876761235297,0.02630395960295573,0.009284808009397238,1,5,0.0023180089774541557,0.009284808009397238,0.0003123869828414172,4816896.0,4014080.0
neu_mbv2_pattern_mining,2026-02-08T13:03:28,4,250,50,4,0.3333333333333333,3.1744918823242188,0.3411616,0.03926359236356802,0.027338640356902033,0.01192495200666599,1,5,0.0024344850098714232,0.01192495200666599,0.00029937902581878006,225792.0,188160.0
neu_mbv2_pattern_mining,2026-02-08T13:03:29,0,251,51,0,1.0,2.8541820938698947e-05,7.0747808,0.11142476607346907,0.08453818009002134,0.02688658598344773,1,5,0.007759527012240142,0.02688658598344773,0.0006942909967619926,4816896.0,4014080.0
neu_mbv2_pattern_mining,2026-02-08T13:03:29,0,252,51,1,1.0,4.385349529911764e-05,7.0747808,0.037800309975864366,0.027579099987633526,0.01022120998823084,1,5,0.002431285014608875,0.01022120998823084,0.0003266249841544777,4816896.0,4014080.0
neu_mbv2_pattern_mining,2026-02-08T13:03:29,0,253,51,2,1.0,0.0024408046156167984,7.0747808,0.03483938434510492,0.025366040354128927,0.009473343990975991,1,5,0.0022427260119002312,0.009473343990975991,0.00029387802351266146,4816896.0,4014080.0
neu_mbv2_pattern_mining,2026-02-08T13:03:29,0,254,51,3,1.0,0.0007885820232331753,7.0747808,0.034728959057247266,0.025313670048490167,0.0094152890087571,1,5,0.002234376996057108,0.0094152890087571,0.0002969900087919086,4816896.0,4014080.0
neu_mbv2_pattern_mining,2026-02-08T13:03:29,0,255,51,4,1.0,0.023091500625014305,0.45154880000000003,0.04019983718171716,0.02880336018279195,0.011396476998925209,1,5,0.002584107016446069,0.011396476998925209,0.00029622900183312595,301056.0,250880.0
neu_mbv2_pattern_mining,2026-02-08T13:03:30,1,251,51,0,1.0,0.00045656165457330644,7.0747808,0.09479946465580724,0.07415636966470629,0.020643094991100952,1,5,0.006959134974749759,0.020643094991100952,0.00045650199172087014,4816896.0,4014080.0
neu_mbv2_pattern_mining,2026-02-08T13:03:30,1,252,51,1,1.0,0.0070578912273049355,7.0747808,0.025812423089519143,0.019240030087530613,0.00657239300198853,1,5,0.0016904800140764564,0.00657239300198853,0.00023352299467660487,4816896.0,4014080.0
neu_mbv2_pattern_mining,2026-02-08T13:03:30,1,253,51,2,1.0,0.004948148038238287,7.0747808,0.029908344062278047,0.02186583005823195,0.008042514004046097,1,5,0.001924465992487967,0.008042514004046097,0.00026211701333522797,4816896.0,4014080.0
neu_mbv2_pattern_mining,2026-02-08T13:03:30,1,254,51,3,0.96875,0.17921841144561768,7.0747808,0.029352629382628947,0.02135465038008988,0.007997979002539068,1,5,0.0018896970141213387,0.007997979002539068,0.0002457680238876492,4816896.0,4014080.0
neu_mbv2_pattern_mining,2026-02-08T13:03:30,1,255,51,4,0.6666666666666666,2.644263982772827,0.3411616,0.0365884879429359,0.025323019945062697,0.011265467997873202,1,5,0.002263208996737376,0.011265467997873202,0.00026909299776889384,225792.0,188160.0
neu_mbv2_pattern_mining,2026-02-08T13:03:31,2,251,51,0,1.0,3.3407526643713936e-05,7.0747808,0.1339072429400403,0.10855800996068865,0.025349232979351655,1,5,0.01021368900546804,0.025349232979351655,0.0006421119906008244,4816896.0,4014080.0
neu_mbv2_pattern_mining,2026-02-08T13:03:31,2,252,51,1,1.0,7.609980821143836e-05,7.0747808,0.0286738300928846,0.020919640082865953,0.007754190010018647,1,5,0.001837777002947405,0.007754190010018647,0.00025418700533919036,4816896.0,4014080.0
neu_mbv2_pattern_mining,2026-02-08T13:03:31,2,253,51,2,0.96875,0.1324305236339569,7.0747808,0.02962233719881624,0.0215898102032952,0.008032526995521039,1,5,0.0018926600168924779,0.008032526995521039,0.00026632100343704224,4816896.0,4014080.0
neu_mbv2_pattern_mining,2026-02-08T13:03:31,2,254,51,3,1.0,0.008419530466198921,7.0747808,0.02929761106497608,0.021232340077403933,0.008065270987572148,1,5,0.001877803006209433,0.008065270987572148,0.0002454310015309602,4816896.0,4014080.0
neu_mbv2_pattern_mining,2026-02-08T13:03:31,2,255,51,4,0.6666666666666666,0.7158214449882507,0.3411616,0.034559169987915084,0.02393294998910278,0.010626219998812303,1,5,0.0021225870004855096,0.010626219998812303,0.00027070799842476845,225792.0,188160.0
neu_mbv2_pattern_mining,2026-02-08T13:03:32,3,251,51,0,1.0,0.0002809605502989143,7.0747808,0.18992404028540477,0.14885104028508067,0.0410730000003241,1,5,0.014110870019067079,0.0410730000003241,0.0007742340094409883,4816896.0,4014080.0
neu_mbv2_pattern_mining,2026-02-08T13:03:32,3,252,51,1,0.953125,0.23248831927776337,7.0747808,0.038908843765966594,0.02881676977267489,0.010092073993291706,1,5,0.0025859299930743873,0.010092073993291706,0.0002957469841931015,4816896.0,4014080.0
neu_mbv2_pattern_mining,2026-02-08T13:03:32,3,253,51,2,1.0,0.006560678593814373,7.0747808,0.03180255083134398,0.02301704982528463,0.008785501006059349,1,5,0.0020610530045814812,0.008785501006059349,0.0002406519779469818,4816896.0,4014080.0
neu_mbv2_pattern_mining,2026-02-08T13:03:32,3,254,51,3,0.921875,0.28184786438941956,7.0747808,0.02892146975500509,0.02085756976157427,0.008063899993430823,1,5,0.0018462819862179458,0.008063899993430823,0.00023947498993948102,4816896.0,4014080.0
neu_mbv2_pattern_mining,2026-02-08T13:03:32,3,255,51,4,1.0,0.21650685369968414,0.3411616,0.0356242491689045,0.02466402016580105,0.01096022900310345,1,5,0.0021984850172884762,0.01096022900310345,0.0002679169992916286,225792.0,188160.0
neu_mbv2_pattern_mining,2026-02-08T13:03:32,4,251,51,0,1.0,3.847320476779714e-05,7.0747808,0.15667845495045185,0.12686008994933218,0.029818365001119673,1,5,0.012153407005826011,0.029818365001119673,0.0005326019891072065,4816896.0,4014080.0
neu_mbv2_pattern_mining,2026-02-08T13:03:32,4,252,51,1,0.984375,0.01198162604123354,7.0747808,0.0362736570823472,0.026917500072158873,0.009356157010188326,1,5,0.002414006012259051,0.009356157010188326,0.0002777439949568361,4816896.0,4014080.0
neu_mbv2_pattern_mining,2026-02-08T13:03:32,4,253,51,2,0.984375,0.10251381993293762,7.0747808,0.032442978059407324,0.023401780053973198,0.009041198005434126,1,5,0.002083519008010626,0.009041198005434126,0.00025665899738669395,4816896.0,4014080.0
neu_mbv2_pattern_mining,2026-02-08T13:03:32,4,254,51,3,0.984375,0.03512027487158775,7.0747808,0.03255644711316563,0.023523780109826475,0.009032667003339157,1,5,0.002090549998683855,0.009032667003339157,0.0002618280122987926,4816896.0,4014080.0
neu_mbv2_pattern_mining,2026-02-08T13:03:33,4,255,51,4,1.0,0.09649670124053955,0.3411616,0.05024166888324544,0.03554617986083031,0.014695489022415131,1,5,0.003218003985239193,0.014695489022415131,0.00033661400084383786,225792.0,188160.0
neu_mbv2_pattern_mining,2026-02-08T13:03:34,0,256,52,0,1.0,0.0024433976504951715,7.0747808,0.1069650128192734,0.08226571982959285,0.024699292989680544,1,5,0.007732099998975173,0.024699292989680544,0.0004944719839841127,4816896.0,4014080.0
neu_mbv2_pattern_mining,2026-02-08T13:03:34,0,257,52,1,0.90625,0.27563631534576416,7.0747808,0.03146089904475957,0.022754200035706162,0.008706699009053409,1,5,0.0020337110036052763,0.008706699009053409,0.0002417089999653399,4816896.0,4014080.0
neu_mbv2_pattern_mining,2026-02-08T13:03:34,0,258,52,2,1.0,0.011842338368296623,7.0747808,0.028741105779772624,0.020792159775737673,0.007948946004034951,1,5,0.001857208990259096,0.007948946004034951,0.00022200698731467128,4816896.0,4014080.0
neu_mbv2_pattern_mining,2026-02-08T13:03:34,0,259,52,3,1.0,0.01430421695113182,7.0747808,0.02562498892075382,0.018496449920348823,0.007128539000404999,1,5,0.0016646540025249124,0.007128539000404999,0.00018499098950996995,4816896.0,4014080.0
neu_mbv2_pattern_mining,2026-02-08T13:03:34,0,260,52,4,1.0,0.1009853407740593,0.45154880000000003,0.027495508082211018,0.019746370089706033,0.007749137992504984,1,5,0.0017798719927668571,0.007749137992504984,0.0001947650162037462,301056.0,250880.0
neu_mbv2_pattern_mining,2026-02-08T13:03:35,1,256,52,0,1.0,0.0007566126878373325,7.0747808,0.13534782812348567,0.1101201301207766,0.025227698002709076,1,5,0.01039575002505444,0.025227698002709076,0.0006162629870232195,4816896.0,4014080.0
neu_mbv2_pattern_mining,2026-02-08T13:03:35,1,257,52,1,0.953125,0.20467819273471832,7.0747808,0.028973153996048495,0.02114536997396499,0.007827784022083506,1,5,0.001883026008727029,0.007827784022083506,0.00023151098866946995,4816896.0,4014080.0
neu_mbv2_pattern_mining,2026-02-08T13:03:35,1,258,52,2,1.0,0.01291719637811184,7.0747808,0.026750580145744607,0.019474250148050487,0.00727632999769412,1,5,0.0017384839884471148,0.00727632999769412,0.00020894102635793388,4816896.0,4014080.0
neu_mbv2_pattern_mining,2026-02-08T13:03:35,1,259,52,3,0.984375,0.029151735827326775,7.0747808,0.026485924987355247,0.019369829969946295,0.007116095017408952,1,5,0.0017241100140381604,0.007116095017408952,0.00021287298295646906,4816896.0,4014080.0
neu_mbv2_pattern_mining,2026-02-08T13:03:35,1,260,52,4,0.6666666666666666,1.119046688079834,0.3411616,0.02835868002148345,0.019090290006715804,0.009268390014767647,1,5,0.001684426999418065,0.009268390014767647,0.00022460200125351548,225792.0,188160.0
neu_mbv2_pattern_mining,2026-02-08T13:03:36,2,256,52,0,1.0,0.00041260040597990155,7.0747808,0.13639233916183002,0.10880920017370954,0.02758313898812048,1,5,0.010353274003136903,0.02758313898812048,0.0005276460142340511,4816896.0,4014080.0
neu_mbv2_pattern_mining,2026-02-08T13:03:36,2,257,52,1,1.0,0.007070300634950399,7.0747808,0.03108269619406201,0.02259871020214632,0.008483985991915688,1,5,0.002022146014496684,0.008483985991915688,0.00023772500571794808,4816896.0,4014080.0
neu_mbv2_pattern_mining,2026-02-08T13:03:36,2,258,52,2,1.0,0.014462506398558617,7.0747808,0.029033812752459198,0.02092347975121811,0.008110333001241088,1,5,0.0018827459716703743,0.008110333001241088,0.00020960200345143676,4816896.0,4014080.0
neu_mbv2_pattern_mining,2026-02-08T13:03:36,2,259,52,3,0.96875,0.07671394944190979,7.0747808,0.030420221912208945,0.02228133991593495,0.008138881996273994,1,5,0.0019588989962358028,0.008138881996273994,0.00026923499535769224,4816896.0,4014080.0
neu_mbv2_pattern_mining,2026-02-08T13:03:36,2,260,52,4,0.3333333333333333,2.1438324451446533,0.3411616,0.034588466805871576,0.024088079808279872,0.010500386997591704,1,5,0.0021053249947726727,0.010500386997591704,0.00030348298605531454,225792.0,188160.0
neu_mbv2_pattern_mining,2026-02-08T13:03:37,3,256,52,0,1.0,0.009405686520040035,7.0747808,0.12496806622948498,0.10132659022929147,0.023641476000193506,1,5,0.009438837005291134,0.023641476000193506,0.0006938220176380128,4816896.0,4014080.0
neu_mbv2_pattern_mining,2026-02-08T13:03:37,3,257,52,1,0.984375,0.04577627778053284,7.0747808,0.028469243901781738,0.020699969900306314,0.007769274001475424,1,5,0.0018386549782007933,0.007769274001475424,0.00023134201182983816,4816896.0,4014080.0
neu_mbv2_pattern_mining,2026-02-08T13:03:37,3,258,52,2,1.0,0.002215125598013401,7.0747808,0.025914017838658765,0.018685679824557155,0.00722833801410161,1,5,0.001675352978054434,0.00722833801410161,0.00019321500440128148,4816896.0,4014080.0
neu_mbv2_pattern_mining,2026-02-08T13:03:37,3,259,52,3,0.953125,0.08718284964561462,7.0747808,0.026096777990460396,0.019206040014978498,0.006890737975481898,1,5,0.0017289539973717183,0.006890737975481898,0.00019165000412613153,4816896.0,4014080.0
neu_mbv2_pattern_mining,2026-02-08T13:03:37,3,260,52,4,0.6666666666666666,0.35869255661964417,0.3411616,0.027120862767333165,0.01826651976443827,0.008854343002894893,1,5,0.0016350119840353727,0.008854343002894893,0.00019163999240845442,225792.0,188160.0
neu_mbv2_pattern_mining,2026-02-08T13:03:37,4,256,52,0,1.0,0.00028833173564635217,7.0747808,0.12908430295647122,0.09993265994125977,0.029151643015211448,1,5,0.009382760006701574,0.029151643015211448,0.0006105059874244034,4816896.0,4014080.0
neu_mbv2_pattern_mining,2026-02-08T13:03:38,4,257,52,1,1.0,0.001821831101551652,7.0747808,0.03306767489993945,0.024414389918092638,0.00865328498184681,1,5,0.002160433999961242,0.00865328498184681,0.00028100499184802175,4816896.0,4014080.0
neu_mbv2_pattern_mining,2026-02-08T13:03:38,4,258,52,2,0.90625,0.5362239480018616,7.0747808,0.028570220922119915,0.020915319910272956,0.00765490101184696,1,5,0.0018844179867301136,0.00765490101184696,0.00020711400429718196,4816896.0,4014080.0
neu_mbv2_pattern_mining,2026-02-08T13:03:38,4,259,52,3,0.984375,0.1532553732395172,7.0747808,0.02491282092523761,0.017827629926614463,0.007085190998623148,1,5,0.0015907000051811337,0.007085190998623148,0.00019206298748031259,4816896.0,4014080.0
neu_mbv2_pattern_mining,2026-02-08T13:03:38,4,260,52,4,0.3333333333333333,2.5342814922332764,0.3411616,0.0328706419095397,0.022994219907559454,0.009876422001980245,1,5,0.002076759992633015,0.009876422001980245,0.00022266199812293053,225792.0,188160.0
neu_mbv2_pattern_mining,2026-02-08T13:03:39,0,261,53,0,1.0,2.1232135622994974e-05,7.0747808,0.13321288881707005,0.10166770982323214,0.03154517899383791,1,5,0.009477098996285349,0.03154517899383791,0.0006896719860378653,4816896.0,4014080.0
neu_mbv2_pattern_mining,2026-02-08T13:03:39,0,262,53,1,1.0,6.946190842427313e-05,7.0747808,0.027163149905391037,0.02029319992288947,0.006869949982501566,1,5,0.001787190994946286,0.006869949982501566,0.00024212899734266102,4816896.0,4014080.0
neu_mbv2_pattern_mining,2026-02-08T13:03:39,0,263,53,2,1.0,5.9832822444150224e-05,7.0747808,0.026274008327163756,0.019094930321443826,0.00717907800571993,1,5,0.0017018640064634383,0.00717907800571993,0.00020762902568094432,4816896.0,4014080.0
neu_mbv2_pattern_mining,2026-02-08T13:03:39,0,264,53,3,1.0,0.00012883705494459718,7.0747808,0.02612263400806114,0.01899814000353217,0.0071244940045289695,1,5,0.0016995850019156933,0.0071244940045289695,0.00020022899843752384,4816896.0,4014080.0
neu_mbv2_pattern_mining,2026-02-08T13:03:39,0,265,53,4,0.75,0.24309976398944855,0.45154880000000003,0.02598868979839608,0.018845409795176238,0.007143280003219843,1,5,0.001695604994893074,0.007143280003219843,0.00018893598462454975,301056.0,250880.0
neu_mbv2_pattern_mining,2026-02-08T13:03:40,1,261,53,0,1.0,9.895965922623873e-05,7.0747808,0.16434119828045368,0.1320075202966109,0.03233367798384279,1,5,0.012516195012722164,0.03233367798384279,0.0006845570169389248,4816896.0,4014080.0
neu_mbv2_pattern_mining,2026-02-08T13:03:40,1,262,53,1,1.0,3.3725533285178244e-05,7.0747808,0.040855560975614935,0.02951066999230534,0.011344890983309597,1,5,0.002695303992368281,0.011344890983309597,0.00025576300686225295,4816896.0,4014080.0
neu_mbv2_pattern_mining,2026-02-08T13:03:40,1,263,53,2,0.96875,0.2521795332431793,7.0747808,0.024686735006980598,0.018053870007861406,0.006632864999119192,1,5,0.0015972830005921423,0.006632864999119192,0.00020810400019399822,4816896.0,4014080.0
neu_mbv2_pattern_mining,2026-02-08T13:03:40,1,264,53,3,1.0,0.002376739401370287,7.0747808,0.025437455042265356,0.01842158002546057,0.0070158750168047845,1,5,0.0016513690061401576,0.0070158750168047845,0.00019078899640589952,4816896.0,4014080.0
neu_mbv2_pattern_mining,2026-02-08T13:03:40,1,265,53,4,0.3333333333333333,1.8813217878341675,0.3411616,0.02768962734262459,0.018535910348873585,0.009153716993751004,1,5,0.001656519016250968,0.009153716993751004,0.00019707201863639057,225792.0,188160.0
neu_mbv2_pattern_mining,2026-02-08T13:03:41,2,261,53,0,1.0,0.006320535205304623,7.0747808,0.13781166469561867,0.11182326968992129,0.025988395005697384,1,5,0.01054795298841782,0.025988395005697384,0.0006343739805743098,4816896.0,4014080.0
neu_mbv2_pattern_mining,2026-02-08T13:03:41,2,262,53,1,0.953125,0.2047329843044281,7.0747808,0.034699843206908554,0.02649479021783918,0.008205052989069372,1,5,0.0023494120105169713,0.008205052989069372,0.0003000670112669468,4816896.0,4014080.0
neu_mbv2_pattern_mining,2026-02-08T13:03:41,2,263,53,2,1.0,0.0033727900590747595,7.0747808,0.03471851017093286,0.025907840172294527,0.008810669998638332,1,5,0.0023011140001472086,0.008810669998638332,0.00028967001708224416,4816896.0,4014080.0
neu_mbv2_pattern_mining,2026-02-08T13:03:41,2,264,53,3,1.0,0.0023908449802547693,7.0747808,0.03202050816616975,0.023847760166972876,0.008172747999196872,1,5,0.0021377920056693256,0.008172747999196872,0.00024698401102796197,4816896.0,4014080.0
neu_mbv2_pattern_mining,2026-02-08T13:03:41,2,265,53,4,0.0,4.3196916580200195,0.3411616,0.035670602053869516,0.0247111200587824,0.010959481995087117,1,5,0.0022334730019792914,0.010959481995087117,0.00023763900389894843,225792.0,188160.0
neu_mbv2_pattern_mining,2026-02-08T13:03:42,3,261,53,0,1.0,7.207374437712133e-05,7.0747808,0.13188182990415953,0.10599506989819929,0.02588676000596024,1,5,0.009926954982802272,0.02588676000596024,0.0006725520070176572,4816896.0,4014080.0
neu_mbv2_pattern_mining,2026-02-08T13:03:42,3,262,53,1,0.96875,0.11873545497655869,7.0747808,0.03356433197041042,0.025415669952053577,0.008148662018356845,1,5,0.0022355719993356615,0.008148662018356845,0.00030599499586969614,4816896.0,4014080.0
neu_mbv2_pattern_mining,2026-02-08T13:03:42,3,263,53,2,1.0,0.0002040860999841243,7.0747808,0.03377635224023834,0.0253326102392748,0.008443742000963539,1,5,0.0022469070099759847,0.008443742000963539,0.0002863540139514953,4816896.0,4014080.0
neu_mbv2_pattern_mining,2026-02-08T13:03:42,3,264,53,3,1.0,0.00033449303009547293,7.0747808,0.03005413105711341,0.021879840060137212,0.008174290996976197,1,5,0.001948082004673779,0.008174290996976197,0.00023990200133994222,4816896.0,4014080.0
neu_mbv2_pattern_mining,2026-02-08T13:03:42,3,265,53,4,0.6666666666666666,3.127081871032715,0.3411616,0.036405488615855575,0.02534909959649667,0.011056389019358903,1,5,0.002304906985955313,0.011056389019358903,0.0002300029736943543,225792.0,188160.0
neu_mbv2_pattern_mining,2026-02-08T13:03:43,4,261,53,0,1.0,3.4109045373043045e-05,7.0747808,0.13183610120904632,0.1049149502068758,0.026921151002170518,1,5,0.00971938599832356,0.026921151002170518,0.0007721090223640203,4816896.0,4014080.0
neu_mbv2_pattern_mining,2026-02-08T13:03:43,4,262,53,1,1.0,2.324568640688085e-06,7.0747808,0.035479928861605003,0.02642768988152966,0.009052238980075344,1,5,0.002316951984539628,0.009052238980075344,0.0003258170036133379,4816896.0,4014080.0
neu_mbv2_pattern_mining,2026-02-08T13:03:43,4,263,53,2,1.0,0.0001811817055568099,7.0747808,0.032689231738913804,0.02432775974739343,0.008361471991520375,1,5,0.0021335039928089827,0.008361471991520375,0.0002992719819303602,4816896.0,4014080.0
neu_mbv2_pattern_mining,2026-02-08T13:03:43,4,264,53,3,1.0,0.0008248381200246513,7.0747808,0.03123277783743106,0.022708379838149995,0.008524397999281064,1,5,0.0020241419842932373,0.008524397999281064,0.00024669599952176213,4816896.0,4014080.0
neu_mbv2_pattern_mining,2026-02-08T13:03:43,4,265,53,4,0.6666666666666666,1.945974349975586,0.3411616,0.03446129904477857,0.023652520030736923,0.010808779014041647,1,5,0.002115064999088645,0.010808779014041647,0.00025018700398504734,225792.0,188160.0
neu_mbv2_pattern_mining,2026-02-08T13:03:45,0,266,54,0,1.0,0.0004728108469862491,7.0747808,0.19418392912484705,0.1455718101351522,0.048612118989694864,1,5,0.013367033010581508,0.048612118989694864,0.0011901480029337108,4816896.0,4014080.0
neu_mbv2_pattern_mining,2026-02-08T13:03:45,0,267,54,1,0.984375,0.020091576501727104,7.0747808,0.049884118227055296,0.036951390211470425,0.012932728015584871,1,5,0.0033122260065283626,0.012932728015584871,0.0003829130146186799,4816896.0,4014080.0
neu_mbv2_pattern_mining,2026-02-08T13:03:45,0,268,54,2,1.0,1.7633474271860905e-05,7.0747808,0.04394430812681094,0.032598290126770735,0.011346018000040203,1,5,0.0028860190068371594,0.011346018000040203,0.0003738100058399141,4816896.0,4014080.0
neu_mbv2_pattern_mining,2026-02-08T13:03:45,0,269,54,3,0.890625,0.5229741334915161,7.0747808,0.04120088697527535,0.03051917999982834,0.010681706975447014,1,5,0.0027128570072818547,0.010681706975447014,0.0003390609927009791,4816896.0,4014080.0
neu_mbv2_pattern_mining,2026-02-08T13:03:45,0,270,54,4,0.5,2.631500720977783,0.45154880000000003,0.04223438704502769,0.03127253003185615,0.010961857013171539,1,5,0.002781581017188728,0.010961857013171539,0.0003456719859968871,301056.0,250880.0
neu_mbv2_pattern_mining,2026-02-08T13:03:46,1,266,54,0,1.0,0.0011267834343016148,7.0747808,0.21765013385447673,0.16943328984780237,0.048216844006674364,1,5,0.016052499995566905,0.048216844006674364,0.0008908289892133325,4816896.0,4014080.0
neu_mbv2_pattern_mining,2026-02-08T13:03:46,1,267,54,1,0.875,0.8252773284912109,7.0747808,0.05139296760899015,0.038310739619191736,0.013082227989798412,1,5,0.003436829982092604,0.013082227989798412,0.00039424397982656956,4816896.0,4014080.0
neu_mbv2_pattern_mining,2026-02-08T13:03:46,1,268,54,2,0.765625,1.2571899890899658,7.0747808,0.04697185382246971,0.03476633981335908,0.01220551400911063,1,5,0.0031064159993547946,0.01220551400911063,0.00037021798198111355,4816896.0,4014080.0
neu_mbv2_pattern_mining,2026-02-08T13:03:46,1,269,54,3,0.875,0.18630661070346832,7.0747808,0.0440612853562925,0.03233605035347864,0.01172523500281386,1,5,0.0028794050158467144,0.01172523500281386,0.00035420001950114965,4816896.0,4014080.0
neu_mbv2_pattern_mining,2026-02-08T13:03:46,1,270,54,4,0.6666666666666666,1.1611415147781372,0.3411616,0.045923639030661434,0.0310617100331001,0.014861928997561336,1,5,0.0027792350156232715,0.014861928997561336,0.00032693598768673837,225792.0,188160.0
neu_mbv2_pattern_mining,2026-02-08T13:03:46,2,266,54,0,1.0,4.228087163937744e-06,7.0747808,0.23814306283020414,0.19414146983763203,0.044001592992572114,1,5,0.018784048996167257,0.044001592992572114,0.0006300979875959456,4816896.0,4014080.0
neu_mbv2_pattern_mining,2026-02-08T13:03:47,2,267,54,1,1.0,2.8293338800722267e-06,7.0747808,0.05224100803025067,0.04010492004454136,0.01213608798570931,1,5,0.0036426909791771322,0.01213608798570931,0.00036780102527700365,4816896.0,4014080.0
neu_mbv2_pattern_mining,2026-02-08T13:03:47,2,268,54,2,1.0,0.0003024083562195301,7.0747808,0.03974883889895864,0.028781509899999946,0.010967328998958692,1,5,0.0025409339868929237,0.010967328998958692,0.0003372170031070709,4816896.0,4014080.0
neu_mbv2_pattern_mining,2026-02-08T13:03:47,2,269,54,3,1.0,0.0004690094501711428,7.0747808,0.03450583899393678,0.02473517000908032,0.009770668984856457,1,5,0.002215154003351927,0.009770668984856457,0.00025836299755610526,4816896.0,4014080.0
neu_mbv2_pattern_mining,2026-02-08T13:03:47,2,270,54,4,0.3333333333333333,1.7406282424926758,0.3411616,0.03638727794168517,0.024686639953870326,0.011700637987814844,1,5,0.0022297359828371555,0.011700637987814844,0.00023892801254987717,225792.0,188160.0
neu_mbv2_pattern_mining,2026-02-08T13:03:47,3,266,54,0,1.0,1.6274505469482392e-05,7.0747808,0.21057901831227355,0.17121190030593425,0.0393671180063393,1,5,0.016449275019112974,0.0393671180063393,0.0006719150114804506,4816896.0,4014080.0
neu_mbv2_pattern_mining,2026-02-08T13:03:47,3,267,54,1,1.0,2.0330735424067825e-05,7.0747808,0.03589994084904902,0.026421799848321825,0.009478141000727192,1,5,0.0023383719963021576,0.009478141000727192,0.0003038079885300249,4816896.0,4014080.0
neu_mbv2_pattern_mining,2026-02-08T13:03:48,3,268,54,2,1.0,0.008462261408567429,7.0747808,0.03382170890108682,0.02431253989925608,0.009509169001830742,1,5,0.0021703100064769387,0.009509169001830742,0.0002609439834486693,4816896.0,4014080.0
neu_mbv2_pattern_mining,2026-02-08T13:03:48,3,269,54,3,1.0,0.0018074174877256155,7.0747808,0.03338990212068893,0.02406584011623636,0.009324062004452571,1,5,0.002176344016334042,0.009324062004452571,0.00023023999528959394,4816896.0,4014080.0
neu_mbv2_pattern_mining,2026-02-08T13:03:48,3,270,54,4,0.3333333333333333,1.4203548431396484,0.3411616,0.03049905807711184,0.021396320080384612,0.009102737996727228,1,5,0.0019165230041835457,0.009102737996727228,0.0002231090038549155,225792.0,188160.0
neu_mbv2_pattern_mining,2026-02-08T13:03:48,4,266,54,0,1.0,5.4526288295164704e-05,7.0747808,0.1151214704150334,0.09133720042882487,0.02378426998620853,1,5,0.008474760019453242,0.02378426998620853,0.0006589600234292448,4816896.0,4014080.0
neu_mbv2_pattern_mining,2026-02-08T13:03:48,4,267,54,1,1.0,0.00010563044634182006,7.0747808,0.033414325735066086,0.024680349742993712,0.008733975992072374,1,5,0.002168785984395072,0.008733975992072374,0.0002992489899042994,4816896.0,4014080.0
neu_mbv2_pattern_mining,2026-02-08T13:03:48,4,268,54,2,0.984375,0.11273786425590515,7.0747808,0.03042702208040282,0.021867080067750067,0.008559942012652755,1,5,0.0019568499992601573,0.008559942012652755,0.0002298580075148493,4816896.0,4014080.0
neu_mbv2_pattern_mining,2026-02-08T13:03:48,4,269,54,3,1.0,0.001707127084955573,7.0747808,0.030763336224481463,0.022212010226212442,0.008551325998269022,1,5,0.0020001790253445506,0.008551325998269022,0.00022102199727669358,4816896.0,4014080.0
neu_mbv2_pattern_mining,2026-02-08T13:03:48,4,270,54,4,0.6666666666666666,2.418771505355835,0.3411616,0.030870010989019647,0.021563810005318373,0.009306200983701274,1,5,0.001959551009349525,0.009306200983701274,0.00019682999118231237,225792.0,188160.0
neu_mbv2_pattern_mining,2026-02-08T13:03:50,0,271,55,0,1.0,0.0059538851492106915,7.0747808,0.10266418009996414,0.07932072010589764,0.023343459994066507,1,5,0.007327669009100646,0.023343459994066507,0.0006044030014891177,4816896.0,4014080.0
neu_mbv2_pattern_mining,2026-02-08T13:03:50,0,272,55,1,0.953125,0.065859355032444,7.0747808,0.030075840011704713,0.022033150016795844,0.00804268999490887,1,5,0.0019410660024732351,0.00804268999490887,0.00026224899920634925,4816896.0,4014080.0
neu_mbv2_pattern_mining,2026-02-08T13:03:50,0,273,55,2,1.0,0.0007815560675226152,7.0747808,0.03410625125980005,0.025422730250284076,0.008683521009515971,1,5,0.0022503800282720476,0.008683521009515971,0.00029189299675635993,4816896.0,4014080.0
neu_mbv2_pattern_mining,2026-02-08T13:03:50,0,274,55,3,1.0,0.005438489839434624,7.0747808,0.034059947851346806,0.025370199873577803,0.008689747977769002,1,5,0.0022455829894170165,0.008689747977769002,0.00029143699794076383,4816896.0,4014080.0
neu_mbv2_pattern_mining,2026-02-08T13:03:50,0,275,55,4,0.75,2.8372042179107666,0.45154880000000003,0.03525572078069672,0.026091009785886854,0.009164710994809866,1,5,0.0023092869960237294,0.009164710994809866,0.00029981398256495595,301056.0,250880.0
neu_mbv2_pattern_mining,2026-02-08T13:03:51,1,271,55,0,1.0,6.373621727107093e-05,7.0747808,0.12277354139951058,0.09877950040390715,0.023994040995603427,1,5,0.0092649040161632,0.023994040995603427,0.0006130460242275149,4816896.0,4014080.0
neu_mbv2_pattern_mining,2026-02-08T13:03:51,1,272,55,1,1.0,0.0019107954576611519,7.0747808,0.029430637805489823,0.021623119828291237,0.007807517977198586,1,5,0.001900848001241684,0.007807517977198586,0.0002614639815874398,4816896.0,4014080.0
neu_mbv2_pattern_mining,2026-02-08T13:03:51,1,273,55,2,1.0,3.611320425989106e-05,7.0747808,0.03104691399494186,0.022588360006920993,0.008458553988020867,1,5,0.001976457017008215,0.008458553988020867,0.00028237898368388414,4816896.0,4014080.0
neu_mbv2_pattern_mining,2026-02-08T13:03:51,1,274,55,3,1.0,0.0016789576038718224,7.0747808,0.034102454024832696,0.02550812001572922,0.008594334009103477,1,5,0.002240884001366794,0.008594334009103477,0.00030992800020612776,4816896.0,4014080.0
neu_mbv2_pattern_mining,2026-02-08T13:03:51,1,275,55,4,0.3333333333333333,1.746243953704834,0.3411616,0.03735017086728476,0.026274719857610762,0.011075451009673998,1,5,0.0023137890093494207,0.011075451009673998,0.00031368297641165555,225792.0,188160.0
neu_mbv2_pattern_mining,2026-02-08T13:03:52,2,271,55,0,1.0,2.7987745852442458e-05,7.0747808,0.10124106612056494,0.08191666012862697,0.019324405991937965,1,5,0.0077481979969888926,0.019324405991937965,0.0004434680158738047,4816896.0,4014080.0
neu_mbv2_pattern_mining,2026-02-08T13:03:52,2,272,55,1,1.0,0.007831170223653316,7.0747808,0.029067049268633127,0.02161899028578773,0.007448058982845396,1,5,0.0019047610112465918,0.007448058982845396,0.00025713801733218133,4816896.0,4014080.0
neu_mbv2_pattern_mining,2026-02-08T13:03:52,2,273,55,2,1.0,0.005747217684984207,7.0747808,0.028211436059791595,0.020517740049399436,0.007693696010392159,1,5,0.0017901629908010364,0.007693696010392159,0.0002616110141389072,4816896.0,4014080.0
neu_mbv2_pattern_mining,2026-02-08T13:03:52,2,274,55,3,0.984375,0.03422167897224426,7.0747808,0.03483098215656355,0.025803600146900862,0.009027382009662688,1,5,0.0022881100012455136,0.009027382009662688,0.0002922500134445727,4816896.0,4014080.0
neu_mbv2_pattern_mining,2026-02-08T13:03:52,2,275,55,4,0.3333333333333333,4.099301815032959,0.3411616,0.0370526792248711,0.02577724022557959,0.01127543899929151,1,5,0.0022763270244468004,0.01127543899929151,0.0003013969981111586,225792.0,188160.0
neu_mbv2_pattern_mining,2026-02-08T13:03:53,3,271,55,0,1.0,0.0006103160558268428,7.0747808,0.12416713425773196,0.10004396026488394,0.024123173992848024,1,5,0.009352251014206558,0.024123173992848024,0.0006521450122818351,4816896.0,4014080.0
neu_mbv2_pattern_mining,2026-02-08T13:03:53,3,272,55,1,0.953125,0.11950594186782837,7.0747808,0.030424709897488356,0.02245368988951668,0.007971020007971674,1,5,0.0019758999987971038,0.007971020007971674,0.0002694689901545644,4816896.0,4014080.0
neu_mbv2_pattern_mining,2026-02-08T13:03:53,3,273,55,2,0.921875,0.5023257732391357,7.0747808,0.02999867105972953,0.021868000039830804,0.008130671019898728,1,5,0.001935037988005206,0.008130671019898728,0.0002517620159778744,4816896.0,4014080.0
neu_mbv2_pattern_mining,2026-02-08T13:03:53,3,274,55,3,1.0,0.0017645384650677443,7.0747808,0.03484803999890573,0.025509929982945323,0.00933811001596041,1,5,0.0022225950087886304,0.00933811001596041,0.00032839798950590193,4816896.0,4014080.0
neu_mbv2_pattern_mining,2026-02-08T13:03:53,3,275,55,4,0.6666666666666666,0.7099921107292175,0.3411616,0.03821515102754347,0.027009210025426,0.01120594100211747,1,5,0.0023885229893494397,0.01120594100211747,0.0003123980131931603,225792.0,188160.0
neu_mbv2_pattern_mining,2026-02-08T13:03:53,4,271,55,0,1.0,4.010363045381382e-05,7.0747808,0.2205891429039184,0.17658297991147265,0.04400616299244575,1,5,0.016946686984738335,0.04400616299244575,0.0007116110064089298,4816896.0,4014080.0
neu_mbv2_pattern_mining,2026-02-08T13:03:53,4,272,55,1,1.0,5.729209078708664e-06,7.0747808,0.03943179495399818,0.028800489963032305,0.010631304990965873,1,5,0.002558770007453859,0.010631304990965873,0.00032127898884937167,4816896.0,4014080.0
neu_mbv2_pattern_mining,2026-02-08T13:03:53,4,273,55,2,0.796875,0.4174649119377136,7.0747808,0.03567403613124043,0.025828730140347034,0.009845305990893394,1,5,0.002300429012393579,0.009845305990893394,0.0002824440016411245,4816896.0,4014080.0
neu_mbv2_pattern_mining,2026-02-08T13:03:54,4,274,55,3,1.0,0.004312693141400814,7.0747808,0.036231990379747,0.026590370398480445,0.009641619981266558,1,5,0.002361912018386647,0.009641619981266558,0.0002971250214613974,4816896.0,4014080.0
neu_mbv2_pattern_mining,2026-02-08T13:03:54,4,275,55,4,0.3333333333333333,1.1415424346923828,0.3411616,0.03749879417591728,0.026472500176168978,0.011026293999748304,1,5,0.0023522789997514337,0.011026293999748304,0.0002949710178654641,225792.0,188160.0
neu_mbv2_pattern_mining,2026-02-08T13:03:55,0,276,56,0,1.0,0.00045191115350462496,7.0747808,0.15140762488590553,0.1151433598715812,0.03626426501432434,1,5,0.010676865000277758,0.03626426501432434,0.000837470986880362,4816896.0,4014080.0
neu_mbv2_pattern_mining,2026-02-08T13:03:55,0,277,56,1,0.9375,0.2129107117652893,7.0747808,0.0385431777976919,0.02808456978527829,0.010458608012413606,1,5,0.002510376973077655,0.010458608012413606,0.0002980800054501742,4816896.0,4014080.0
neu_mbv2_pattern_mining,2026-02-08T13:03:55,0,278,56,2,0.796875,0.4318946301937103,7.0747808,0.024884230166208,0.01829178014304489,0.00659245002316311,1,5,0.0016055050073191524,0.00659245002316311,0.00022367300698533654,4816896.0,4014080.0
neu_mbv2_pattern_mining,2026-02-08T13:03:55,0,279,56,3,0.984375,0.03887798264622688,7.0747808,0.023801958945114166,0.017309029935859144,0.006492929009255022,1,5,0.0015399600088130683,0.006492929009255022,0.0001909429847728461,4816896.0,4014080.0
neu_mbv2_pattern_mining,2026-02-08T13:03:55,0,280,56,4,0.75,0.23200416564941406,0.45154880000000003,0.026266047992976382,0.01870350999524817,0.007562537997728214,1,5,0.0016685820010025054,0.007562537997728214,0.00020176899852231145,301056.0,250880.0
neu_mbv2_pattern_mining,2026-02-08T13:03:56,1,276,56,0,1.0,0.003907677251845598,7.0747808,0.16076852809055708,0.12624360009795055,0.034524927992606536,1,5,0.011992582003585994,0.034524927992606536,0.0006317780062090605,4816896.0,4014080.0
neu_mbv2_pattern_mining,2026-02-08T13:03:56,1,277,56,1,0.921875,0.2932129502296448,7.0747808,0.035098582942737266,0.025551019934937358,0.009547563007799909,1,5,0.002257462008856237,0.009547563007799909,0.00029763998463749886,4816896.0,4014080.0
neu_mbv2_pattern_mining,2026-02-08T13:03:56,1,278,56,2,1.0,0.004880692344158888,7.0747808,0.035757640784140676,0.026199669810011983,0.009557970974128693,1,5,0.0023183960001915693,0.009557970974128693,0.00030157098080962896,4816896.0,4014080.0
neu_mbv2_pattern_mining,2026-02-08T13:03:56,1,279,56,3,0.875,0.32191890478134155,7.0747808,0.03427332523278892,0.025245380238629878,0.009027944994159043,1,5,0.002225823001936078,0.009027944994159043,0.0002987150219269097,4816896.0,4014080.0
neu_mbv2_pattern_mining,2026-02-08T13:03:56,1,280,56,4,1.0,0.5443820357322693,0.3411616,0.03438381708110683,0.023189400089904666,0.01119441699120216,1,5,0.0020631100051105022,0.01119441699120216,0.00025583000387996435,225792.0,188160.0
neu_mbv2_pattern_mining,2026-02-08T13:03:57,2,276,56,0,1.0,2.329010567336809e-05,7.0747808,0.162272103887517,0.12948655989021063,0.03278554399730638,1,5,0.012259366980288178,0.03278554399730638,0.0006892890087328851,4816896.0,4014080.0
neu_mbv2_pattern_mining,2026-02-08T13:03:57,2,277,56,1,1.0,5.859767406946048e-05,7.0747808,0.03660225207568146,0.027027940086554736,0.009574311989126727,1,5,0.0024101219896692783,0.009574311989126727,0.0002926720189861953,4816896.0,4014080.0
neu_mbv2_pattern_mining,2026-02-08T13:03:57,2,278,56,2,1.0,0.0010246711317449808,7.0747808,0.037061898794490844,0.0275068698101677,0.009555028984323144,1,5,0.0024626939848531038,0.009555028984323144,0.00028799299616366625,4816896.0,4014080.0
neu_mbv2_pattern_mining,2026-02-08T13:03:57,2,279,56,3,1.0,0.0006246474804356694,7.0747808,0.032059078046586365,0.023495350033044815,0.00856372801354155,1,5,0.002069520007353276,0.00856372801354155,0.0002800149959512055,4816896.0,4014080.0
neu_mbv2_pattern_mining,2026-02-08T13:03:57,2,280,56,4,0.6666666666666666,0.4635695219039917,0.3411616,0.038417190400650725,0.026633900415617973,0.011783289985032752,1,5,0.002363999024964869,0.011783289985032752,0.00029939101659692824,225792.0,188160.0
neu_mbv2_pattern_mining,2026-02-08T13:03:58,3,276,56,0,1.0,0.00031732284696772695,7.0747808,0.11972091198549606,0.09592351998435333,0.023797392001142725,1,5,0.00896430600550957,0.023797392001142725,0.0006280459929257631,4816896.0,4014080.0
neu_mbv2_pattern_mining,2026-02-08T13:03:58,3,277,56,1,0.9375,0.2684628963470459,7.0747808,0.03116981210769154,0.023115040094126016,0.008054772013565525,1,5,0.0020084620045963675,0.008054772013565525,0.0003030420048162341,4816896.0,4014080.0
neu_mbv2_pattern_mining,2026-02-08T13:03:58,3,278,56,2,1.0,0.0002449617604725063,7.0747808,0.029144601052394137,0.021125600032974035,0.008019001019420102,1,5,0.001884442986920476,0.008019001019420102,0.0002281170163769275,4816896.0,4014080.0
neu_mbv2_pattern_mining,2026-02-08T13:03:58,3,279,56,3,1.0,0.013650359585881233,7.0747808,0.029988882888574153,0.021607519884128124,0.00838136300444603,1,5,0.0019418279989622533,0.00838136300444603,0.00021892398945055902,4816896.0,4014080.0
neu_mbv2_pattern_mining,2026-02-08T13:03:58,3,280,56,4,0.6666666666666666,1.8680294752120972,0.3411616,0.03586270401137881,0.024489130009897053,0.011373574001481757,1,5,0.0021476789843291044,0.011373574001481757,0.0003012340166606009,225792.0,188160.0
neu_mbv2_pattern_mining,2026-02-08T13:03:59,4,276,56,0,1.0,2.2093863663030788e-05,7.0747808,0.12421109102433547,0.0976857400382869,0.02652535098604858,1,5,0.009137104003457353,0.02652535098604858,0.0006314700003713369,4816896.0,4014080.0
neu_mbv2_pattern_mining,2026-02-08T13:03:59,4,277,56,1,1.0,2.2383141185855493e-05,7.0747808,0.028408141632098705,0.020672919636126608,0.007735221995972097,1,5,0.0018548749794717878,0.007735221995972097,0.00021241698414087296,4816896.0,4014080.0
neu_mbv2_pattern_mining,2026-02-08T13:03:59,4,278,56,2,1.0,0.0004408071399666369,7.0747808,0.027198616124223918,0.01982879010029137,0.007369826023932546,1,5,0.0017772610008250922,0.007369826023932546,0.00020561800920404494,4816896.0,4014080.0
neu_mbv2_pattern_mining,2026-02-08T13:03:59,4,279,56,3,1.0,0.0003002752491738647,7.0747808,0.02732464493601583,0.019727259932551533,0.0075973850034642965,1,5,0.0017780920024961233,0.0075973850034642965,0.00019463399075902998,4816896.0,4014080.0
neu_mbv2_pattern_mining,2026-02-08T13:03:59,4,280,56,4,0.6666666666666666,0.9229790568351746,0.3411616,0.0352622760401573,0.024248730042017996,0.011013545998139307,1,5,0.002179553994210437,0.011013545998139307,0.0002453190099913627,225792.0,188160.0
neu_mbv2_pattern_mining,2026-02-08T13:04:00,0,281,57,0,1.0,0.0012730159796774387,7.0747808,0.10374510599649511,0.08009999000933021,0.0236451159871649,1,5,0.007521671999711543,0.0236451159871649,0.000488327001221478,4816896.0,4014080.0
neu_mbv2_pattern_mining,2026-02-08T13:04:00,0,282,57,1,0.96875,0.3770047128200531,7.0747808,0.031394321034895256,0.023459630028810352,0.007934691006084904,1,5,0.0020653920073527843,0.007934691006084904,0.00028057099552825093,4816896.0,4014080.0
neu_mbv2_pattern_mining,2026-02-08T13:04:00,0,283,57,2,0.90625,0.15049727261066437,7.0747808,0.03345882997382432,0.024862349964678288,0.008596480009146035,1,5,0.002193205989897251,0.008596480009146035,0.0002930290065705776,4816896.0,4014080.0
neu_mbv2_pattern_mining,2026-02-08T13:04:00,0,284,57,3,0.96875,0.16824673116207123,7.0747808,0.031958780251443386,0.02335784025490284,0.008600939996540546,1,5,0.002064614003757015,0.008600939996540546,0.0002711700217332691,4816896.0,4014080.0
neu_mbv2_pattern_mining,2026-02-08T13:04:00,0,285,57,4,0.75,1.469345211982727,0.45154880000000003,0.033635970088653266,0.024450900091324,0.009185069997329265,1,5,0.0021816100052092224,0.009185069997329265,0.0002634800039231777,301056.0,250880.0
neu_mbv2_pattern_mining,2026-02-08T13:04:01,1,281,57,0,1.0,8.171149238478392e-05,7.0747808,0.23662373900879174,0.19078279001405463,0.04584094899473712,1,5,0.018413112993584946,0.04584094899473712,0.0006651660078205168,4816896.0,4014080.0
neu_mbv2_pattern_mining,2026-02-08T13:04:01,1,282,57,1,1.0,6.382480205502361e-05,7.0747808,0.03744317390373908,0.027407649904489517,0.010035523999249563,1,5,0.002446358004817739,0.010035523999249563,0.0002944069856312126,4816896.0,4014080.0
neu_mbv2_pattern_mining,2026-02-08T13:04:01,1,283,57,2,0.984375,0.036739278584718704,7.0747808,0.03149285106337629,0.022633610060438514,0.008859241002937779,1,5,0.0020322400087025017,0.008859241002937779,0.00023112099734134972,4816896.0,4014080.0
neu_mbv2_pattern_mining,2026-02-08T13:04:01,1,284,57,3,0.984375,0.0933287963271141,7.0747808,0.03141703279106878,0.02306897978996858,0.008348053001100197,1,5,0.0020913629850838333,0.008348053001100197,0.00021553499391302466,4816896.0,4014080.0
neu_mbv2_pattern_mining,2026-02-08T13:04:01,1,285,57,4,0.3333333333333333,3.6420822143554688,0.3411616,0.036046429799171165,0.02491520979674533,0.011131220002425835,1,5,0.002258875989355147,0.011131220002425835,0.00023264499031938612,225792.0,188160.0
neu_mbv2_pattern_mining,2026-02-08T13:04:02,2,281,57,0,1.0,3.0459264962701127e-05,7.0747808,0.1995308320329059,0.15995405003195629,0.039576782000949606,1,5,0.015331214992329478,0.039576782000949606,0.0006641900108661503,4816896.0,4014080.0
neu_mbv2_pattern_mining,2026-02-08T13:04:02,2,282,57,1,1.0,0.0005516698001883924,7.0747808,0.034944389888551086,0.025525339879095554,0.009419050009455532,1,5,0.0022835790005046874,0.009419050009455532,0.000268954987404868,4816896.0,4014080.0
neu_mbv2_pattern_mining,2026-02-08T13:04:02,2,283,57,2,1.0,0.0013548461720347404,7.0747808,0.02894348494010046,0.02057884994428605,0.008364634995814413,1,5,0.0018302829994354397,0.008364634995814413,0.00022760199499316514,4816896.0,4014080.0
neu_mbv2_pattern_mining,2026-02-08T13:04:02,2,284,57,3,1.0,0.007266009692102671,7.0747808,0.027988878107862547,0.02007016009883955,0.007918718009022996,1,5,0.0018041720031760633,0.007918718009022996,0.00020284400670789182,4816896.0,4014080.0
neu_mbv2_pattern_mining,2026-02-08T13:04:02,2,285,57,4,0.6666666666666666,0.861200749874115,0.3411616,0.036986001825425774,0.025710339832585305,0.011275661992840469,1,5,0.002309770992724225,0.011275661992840469,0.00026126299053430557,225792.0,188160.0
neu_mbv2_pattern_mining,2026-02-08T13:04:03,3,281,57,0,1.0,2.5149565772153437e-05,7.0747808,0.22085847103153355,0.1787403700291179,0.04211810100241564,1,5,0.01723070500884205,0.04211810100241564,0.0006433319940697402,4816896.0,4014080.0
neu_mbv2_pattern_mining,2026-02-08T13:04:03,3,282,57,1,1.0,0.00020995480008423328,7.0747808,0.03589807791286148,0.026064839912578464,0.009833238000283018,1,5,0.0023112519993446767,0.009833238000283018,0.0002952319919131696,4816896.0,4014080.0
neu_mbv2_pattern_mining,2026-02-08T13:04:03,3,283,57,2,1.0,0.0007330672815442085,7.0747808,0.0349553796404507,0.02513404964702204,0.009821329993428662,1,5,0.002253619983093813,0.009821329993428662,0.0002597849816083908,4816896.0,4014080.0
neu_mbv2_pattern_mining,2026-02-08T13:04:03,3,284,57,3,0.765625,1.1814401149749756,7.0747808,0.03458588998182677,0.024820179969538003,0.009765710012288764,1,5,0.0022363750031217933,0.009765710012288764,0.00024564299383200705,4816896.0,4014080.0
neu_mbv2_pattern_mining,2026-02-08T13:04:03,3,285,57,4,0.6666666666666666,0.48253676295280457,0.3411616,0.04024861683137715,0.028115699824411422,0.012132917006965727,1,5,0.00254845098243095,0.012132917006965727,0.0002631190000101924,225792.0,188160.0
neu_mbv2_pattern_mining,2026-02-08T13:04:04,4,281,57,0,1.0,0.0003579491167329252,7.0747808,0.16097476697177626,0.12739091995172203,0.033583847020054236,1,5,0.012154233001638204,0.033583847020054236,0.0005848589935339987,4816896.0,4014080.0
neu_mbv2_pattern_mining,2026-02-08T13:04:04,4,282,57,1,1.0,0.002877781866118312,7.0747808,0.032906225766055286,0.02395976975094527,0.008946456015110016,1,5,0.0021394089853856713,0.008946456015110016,0.00025656798970885575,4816896.0,4014080.0
neu_mbv2_pattern_mining,2026-02-08T13:04:04,4,283,57,2,0.9375,0.2695702016353607,7.0747808,0.030983192613348365,0.022321729629766196,0.008661462983582169,1,5,0.002000024978769943,0.008661462983582169,0.00023214798420667648,4816896.0,4014080.0
neu_mbv2_pattern_mining,2026-02-08T13:04:04,4,284,57,3,1.0,0.0013500726781785488,7.0747808,0.031042503018397838,0.022294590016826987,0.00874791300157085,1,5,0.002000881009735167,0.00874791300157085,0.0002285779919475317,4816896.0,4014080.0
neu_mbv2_pattern_mining,2026-02-08T13:04:04,4,285,57,4,1.0,0.03371383622288704,0.3411616,0.0385062150307931,0.026734760031104088,0.011771454999689013,1,5,0.002419891010504216,0.011771454999689013,0.00025358499260619283,225792.0,188160.0
neu_mbv2_pattern_mining,2026-02-08T13:04:05,0,286,58,0,1.0,4.287610136088915e-05,7.0747808,0.10681907014804892,0.083077110175509,0.023741959972539917,1,5,0.007543993997387588,0.023741959972539917,0.0007637170201633126,4816896.0,4014080.0
neu_mbv2_pattern_mining,2026-02-08T13:04:05,0,287,58,1,1.0,0.00648145005106926,7.0747808,0.034901703882496804,0.02608913986478001,0.008812564017716795,1,5,0.0023054599878378212,0.008812564017716795,0.00030345399864017963,4816896.0,4014080.0
neu_mbv2_pattern_mining,2026-02-08T13:04:05,0,288,58,2,1.0,0.00025795167312026024,7.0747808,0.032970439875498414,0.024586629879195243,0.008383809996303171,1,5,0.0021686239924747497,0.008383809996303171,0.00029003899544477463,4816896.0,4014080.0
neu_mbv2_pattern_mining,2026-02-08T13:04:05,0,289,58,3,1.0,0.005863345228135586,7.0747808,0.031184049847070128,0.022684779833070934,0.008499270013999194,1,5,0.002012876997468993,0.008499270013999194,0.0002556009858381003,4816896.0,4014080.0
neu_mbv2_pattern_mining,2026-02-08T13:04:05,0,290,58,4,0.75,0.5819898247718811,0.45154880000000003,0.03323662487673573,0.024052409862633795,0.009184215014101937,1,5,0.0021879889827687293,0.009184215014101937,0.00021725200349465013,301056.0,250880.0
neu_mbv2_pattern_mining,2026-02-08T13:04:06,1,286,58,0,1.0,1.4132541764411144e-05,7.0747808,0.12658710693358444,0.10212455992586911,0.02446254700771533,1,5,0.009574285999406129,0.02446254700771533,0.0006381699931807816,4816896.0,4014080.0
neu_mbv2_pattern_mining,2026-02-08T13:04:06,1,287,58,1,1.0,0.00020201460574753582,7.0747808,0.024701892165467143,0.018049770151264966,0.0066521220142021775,1,5,0.001595198002178222,0.0066521220142021775,0.0002097790129482746,4816896.0,4014080.0
neu_mbv2_pattern_mining,2026-02-08T13:04:06,1,288,58,2,0.890625,0.9241207838058472,7.0747808,0.02370988280745223,0.0171316898195073,0.006578192987944931,1,5,0.0015303999825846404,0.006578192987944931,0.0001827689993660897,4816896.0,4014080.0
neu_mbv2_pattern_mining,2026-02-08T13:04:06,1,289,58,3,1.0,0.003450700780376792,7.0747808,0.02337299904320389,0.01686742005404085,0.006505578989163041,1,5,0.0015143420023377985,0.006505578989163041,0.00017240000306628644,4816896.0,4014080.0
neu_mbv2_pattern_mining,2026-02-08T13:04:06,1,290,58,4,0.3333333333333333,4.3146185874938965,0.3411616,0.026950534956995398,0.01808661996619776,0.008863914990797639,1,5,0.0016027319943532348,0.008863914990797639,0.00020593000226654112,225792.0,188160.0
neu_mbv2_pattern_mining,2026-02-08T13:04:07,2,286,58,0,1.0,4.522428298514569e-06,7.0747808,0.11651499971048906,0.09338686970295385,0.02312813000753522,1,5,0.00883038598112762,0.02312813000753522,0.0005083009891677648,4816896.0,4014080.0
neu_mbv2_pattern_mining,2026-02-08T13:04:07,2,287,58,1,1.0,0.00014360083150677383,7.0747808,0.024587543011875823,0.01799074001610279,0.006596802995773032,1,5,0.0015852999931667,0.006596802995773032,0.00021377400844357908,4816896.0,4014080.0
neu_mbv2_pattern_mining,2026-02-08T13:04:07,2,288,58,2,1.0,0.000508765340782702,7.0747808,0.02750194291002117,0.020233489922247827,0.007268452987773344,1,5,0.00182156398659572,0.007268452987773344,0.00020178500562906265,4816896.0,4014080.0
neu_mbv2_pattern_mining,2026-02-08T13:04:07,2,289,58,3,1.0,7.911997090559453e-05,7.0747808,0.02376524099963717,0.017098789976444095,0.006666451023193076,1,5,0.0015344569983426481,0.006666451023193076,0.0001754219993017614,4816896.0,4014080.0
neu_mbv2_pattern_mining,2026-02-08T13:04:07,2,290,58,4,1.0,0.05787383019924164,0.3411616,0.025675218959804624,0.01754630997311324,0.008128908986691386,1,5,0.0015815200167708099,0.008128908986691386,0.000173110980540514,225792.0,188160.0
neu_mbv2_pattern_mining,2026-02-08T13:04:08,3,286,58,0,1.0,0.0017259928863495588,7.0747808,0.16512723921914585,0.12928894022479653,0.035838298994349316,1,5,0.012303911003982648,0.035838298994349316,0.0006249830184970051,4816896.0,4014080.0
neu_mbv2_pattern_mining,2026-02-08T13:04:08,3,287,58,1,0.953125,0.14388129115104675,7.0747808,0.03425724522094242,0.0248083402402699,0.009448904980672523,1,5,0.0022034150024410337,0.009448904980672523,0.0002774190215859562,4816896.0,4014080.0
neu_mbv2_pattern_mining,2026-02-08T13:04:08,3,288,58,2,1.0,0.019181644544005394,7.0747808,0.03171450496301986,0.022873209964018315,0.008841294999001548,1,5,0.0020369680132716894,0.008841294999001548,0.0002503529831301421,4816896.0,4014080.0
neu_mbv2_pattern_mining,2026-02-08T13:04:08,3,289,58,3,1.0,0.002389470813795924,7.0747808,0.02936869111726992,0.02105507010128349,0.008313621015986428,1,5,0.001890390005428344,0.008313621015986428,0.00021511700470000505,4816896.0,4014080.0
neu_mbv2_pattern_mining,2026-02-08T13:04:08,3,290,58,4,0.3333333333333333,3.668630838394165,0.3411616,0.02933052199659869,0.0204650399973616,0.00886548199923709,1,5,0.0018472610099706799,0.00886548199923709,0.00019924298976548016,225792.0,188160.0
neu_mbv2_pattern_mining,2026-02-08T13:04:09,4,286,58,0,1.0,0.0001421396154910326,7.0747808,0.1571408759627957,0.1276862999657169,0.02945457599707879,1,5,0.012250314990524203,0.02945457599707879,0.0005183150060474873,4816896.0,4014080.0
neu_mbv2_pattern_mining,2026-02-08T13:04:09,4,287,58,1,1.0,0.0014443410327658057,7.0747808,0.026801277184858918,0.019590080191846937,0.007211196993011981,1,5,0.0017307020025327802,0.007211196993011981,0.00022830601665191352,4816896.0,4014080.0
neu_mbv2_pattern_mining,2026-02-08T13:04:09,4,288,58,2,0.96875,0.03367267921566963,7.0747808,0.023549944016849622,0.01695482002105564,0.006595123995793983,1,5,0.001519582001492381,0.006595123995793983,0.00017590000061318278,4816896.0,4014080.0
neu_mbv2_pattern_mining,2026-02-08T13:04:09,4,289,58,3,0.953125,0.31357574462890625,7.0747808,0.023193749104393646,0.016706880123820156,0.00648686898057349,1,5,0.001502608007285744,0.00648686898057349,0.00016808000509627163,4816896.0,4014080.0
neu_mbv2_pattern_mining,2026-02-08T13:04:09,4,290,58,4,0.3333333333333333,3.0584018230438232,0.3411616,0.026159514032769948,0.018065680051222444,0.008093833981547505,1,5,0.001616505003767088,0.008093833981547505,0.0001900630013551563,225792.0,188160.0
neu_mbv2_pattern_mining,2026-02-08T13:04:11,0,291,59,0,1.0,4.653425276046619e-05,7.0747808,0.12478410886251368,0.09863110986771062,0.026152998994803056,1,5,0.00914502699743025,0.026152998994803056,0.000718083989340812,4816896.0,4014080.0
neu_mbv2_pattern_mining,2026-02-08T13:04:11,0,292,59,1,0.984375,0.13307137787342072,7.0747808,0.033838141069281846,0.02555490005761385,0.008283241011667997,1,5,0.002255141007481143,0.008283241011667997,0.0003003489982802421,4816896.0,4014080.0
neu_mbv2_pattern_mining,2026-02-08T13:04:11,0,293,59,2,1.0,0.004865365568548441,7.0747808,0.03344024086254649,0.025344599853269756,0.008095641009276733,1,5,0.0022297250106930733,0.008095641009276733,0.0003047349746339023,4816896.0,4014080.0
neu_mbv2_pattern_mining,2026-02-08T13:04:11,0,294,59,3,1.0,0.00041769183008000255,7.0747808,0.034145496028941125,0.02576197002781555,0.008383526001125574,1,5,0.0022673500061500818,0.008383526001125574,0.0003088469966314733,4816896.0,4014080.0
neu_mbv2_pattern_mining,2026-02-08T13:04:11,0,295,59,4,0.25,1.7977662086486816,0.45154880000000003,0.036481346061918885,0.027139410085510463,0.009341935976408422,1,5,0.002401036996161565,0.009341935976408422,0.00031290401238948107,301056.0,250880.0
neu_mbv2_pattern_mining,2026-02-08T13:04:12,1,291,59,0,1.0,1.1837931197078433e-05,7.0747808,0.18836593988817185,0.14806480990955606,0.04030112997861579,1,5,0.013657431991305202,0.04030112997861579,0.0011490489996504039,4816896.0,4014080.0
neu_mbv2_pattern_mining,2026-02-08T13:04:12,1,292,59,1,1.0,0.00025845819618552923,7.0747808,0.03976867866003886,0.030744039686396718,0.00902463897364214,1,5,0.0026771529810503125,0.00902463897364214,0.0003972509875893593,4816896.0,4014080.0
neu_mbv2_pattern_mining,2026-02-08T13:04:12,1,293,59,2,1.0,0.0063119325786828995,7.0747808,0.0409953409107402,0.03174468991346657,0.009250650997273624,1,5,0.002782972005661577,0.009250650997273624,0.0003914969856850803,4816896.0,4014080.0
neu_mbv2_pattern_mining,2026-02-08T13:04:12,1,294,59,3,0.984375,0.04974077269434929,7.0747808,0.04073997208615765,0.03143606008961797,0.009303911996539682,1,5,0.00275322500965558,0.009303911996539682,0.00039038099930621684,4816896.0,4014080.0
neu_mbv2_pattern_mining,2026-02-08T13:04:12,1,295,59,4,0.6666666666666666,0.3317948877811432,0.3411616,0.04222281201509759,0.028892580012325197,0.01333023200277239,1,5,0.0024958990106824785,0.01333023200277239,0.0003933589905500412,225792.0,188160.0
neu_mbv2_pattern_mining,2026-02-08T13:04:13,2,291,59,0,1.0,3.662033486762084e-05,7.0747808,0.1861342612246517,0.14472260023467243,0.04141166098997928,1,5,0.01358901901403442,0.04141166098997928,0.0008832410094328225,4816896.0,4014080.0
neu_mbv2_pattern_mining,2026-02-08T13:04:13,2,292,59,1,1.0,0.0037843682803213596,7.0747808,0.04224650689866394,0.03136043989798054,0.010886067000683397,1,5,0.0027739649813156575,0.010886067000683397,0.0003620790084823966,4816896.0,4014080.0
neu_mbv2_pattern_mining,2026-02-08T13:04:13,2,293,59,2,1.0,0.0005851523019373417,7.0747808,0.03807136582327075,0.028266949811950326,0.009804416011320427,1,5,0.0025097199832089245,0.009804416011320427,0.00031697499798610806,4816896.0,4014080.0
neu_mbv2_pattern_mining,2026-02-08T13:04:13,2,294,59,3,1.0,0.012963427230715752,7.0747808,0.03480717574711889,0.02549877972342074,0.009308396023698151,1,5,0.002264615992316976,0.009308396023698151,0.00028526198002509773,4816896.0,4014080.0
neu_mbv2_pattern_mining,2026-02-08T13:04:13,2,295,59,4,0.6666666666666666,2.765840530395508,0.3411616,0.03420297973207198,0.02293374971486628,0.0112692300172057,1,5,0.00206698797410354,0.0112692300172057,0.00022638699738308787,225792.0,188160.0
neu_mbv2_pattern_mining,2026-02-08T13:04:13,3,291,59,0,1.0,9.055793270817958e-06,7.0747808,0.15529549311031587,0.12447498011169955,0.030820512998616323,1,5,0.011905678984476253,0.030820512998616323,0.0005418190266937017,4816896.0,4014080.0
neu_mbv2_pattern_mining,2026-02-08T13:04:13,3,292,59,1,1.0,0.0001894599263323471,7.0747808,0.02906265005003661,0.021819660032633692,0.007242990017402917,1,5,0.0019056939927395433,0.007242990017402917,0.0002762720105238259,4816896.0,4014080.0
neu_mbv2_pattern_mining,2026-02-08T13:04:14,3,293,59,2,1.0,0.005230522248893976,7.0747808,0.03138353626127355,0.023482680262532085,0.007900855998741463,1,5,0.002081005019135773,0.007900855998741463,0.00026726300711743534,4816896.0,4014080.0
neu_mbv2_pattern_mining,2026-02-08T13:04:14,3,294,59,3,0.890625,0.4899331033229828,7.0747808,0.03152711407165043,0.023612070071976632,0.007915043999673799,1,5,0.0020731260010506958,0.007915043999673799,0.0002880810061469674,4816896.0,4014080.0
neu_mbv2_pattern_mining,2026-02-08T13:04:14,3,295,59,4,0.6666666666666666,0.6463056206703186,0.3411616,0.03240215592086315,0.02258783992147073,0.00981431599939242,1,5,0.001996609993511811,0.00981431599939242,0.00026217399863526225,225792.0,188160.0
neu_mbv2_pattern_mining,2026-02-08T13:04:14,4,291,59,0,1.0,1.4911254766047932e-05,7.0747808,0.13096734520513564,0.10537014022702351,0.02559720497811213,1,5,0.009878148004645482,0.02559720497811213,0.0006588660180568695,4816896.0,4014080.0
neu_mbv2_pattern_mining,2026-02-08T13:04:14,4,292,59,1,1.0,0.0005314520676620305,7.0747808,0.028826246736571193,0.021734429756179452,0.007091816980391741,1,5,0.0018999649910256267,0.007091816980391741,0.00027347798459231853,4816896.0,4014080.0
neu_mbv2_pattern_mining,2026-02-08T13:04:14,4,293,59,2,1.0,0.0006120323669165373,7.0747808,0.03112499916460365,0.023364800144918263,0.007760199019685388,1,5,0.002061172010144219,0.007760199019685388,0.0002753080043476075,4816896.0,4014080.0
neu_mbv2_pattern_mining,2026-02-08T13:04:14,4,294,59,3,0.984375,0.024794435128569603,7.0747808,0.02908664508140646,0.021761920070275664,0.007324725011130795,1,5,0.0019120959914289415,0.007324725011130795,0.00026409601559862494,4816896.0,4014080.0
neu_mbv2_pattern_mining,2026-02-08T13:04:14,4,295,59,4,0.6666666666666666,0.8868100643157959,0.3411616,0.032296141056576744,0.02257165004266426,0.009724491013912484,1,5,0.001979069988010451,0.009724491013912484,0.00027809501625597477,225792.0,188160.0
neu_mbv2_pattern_mining,2026-02-08T13:04:16,0,296,60,0,1.0,8.444877494184766e-06,7.0747808,0.1584537630842533,0.11920796008780599,0.03924580299644731,1,5,0.01109662200906314,0.03924580299644731,0.0008241739997174591,4816896.0,4014080.0
neu_mbv2_pattern_mining,2026-02-08T13:04:16,0,297,60,1,1.0,0.0014082577545195818,7.0747808,0.030784811795456335,0.022867139778099954,0.00791767201735638,1,5,0.0020109879842493683,0.00791767201735638,0.0002757259935606271,4816896.0,4014080.0
neu_mbv2_pattern_mining,2026-02-08T13:04:16,0,298,60,2,1.0,0.005281798541545868,7.0747808,0.03101585866534151,0.02251633966807276,0.008499518997268751,1,5,0.001997808984015137,0.008499518997268751,0.00025382498279213905,4816896.0,4014080.0
neu_mbv2_pattern_mining,2026-02-08T13:04:16,0,299,60,3,0.984375,0.0789196640253067,7.0747808,0.03001865214901045,0.021903210144955665,0.008115442004054785,1,5,0.0019399350276216865,0.008115442004054785,0.00025038598687388003,4816896.0,4014080.0
neu_mbv2_pattern_mining,2026-02-08T13:04:16,0,300,60,4,0.5,2.243661642074585,0.45154880000000003,0.029832104773959145,0.021548599761445075,0.00828350501251407,1,5,0.0019112879817839712,0.00828350501251407,0.00024357199436053634,301056.0,250880.0
neu_mbv2_pattern_mining,2026-02-08T13:04:17,1,296,60,0,1.0,3.4051856346195564e-05,7.0747808,0.15497650086763315,0.11986339988652617,0.03511310098110698,1,5,0.011207219009520486,0.03511310098110698,0.0007791209791321307,4816896.0,4014080.0
neu_mbv2_pattern_mining,2026-02-08T13:04:17,1,297,60,1,1.0,0.0002688551612664014,7.0747808,0.03953175898641348,0.029008249985054135,0.010523509001359344,1,5,0.0025815090048126876,0.010523509001359344,0.0003193159936927259,4816896.0,4014080.0
neu_mbv2_pattern_mining,2026-02-08T13:04:17,1,298,60,2,1.0,0.005843931809067726,7.0747808,0.037190745963016525,0.026617179973982275,0.01057356598903425,1,5,0.002365274995099753,0.01057356598903425,0.0002964430022984743,4816896.0,4014080.0
neu_mbv2_pattern_mining,2026-02-08T13:04:17,1,299,60,3,0.96875,0.07264457643032074,7.0747808,0.036820599663769826,0.026699379668571055,0.010121219995198771,1,5,0.002362337982049212,0.010121219995198771,0.00030759998480789363,4816896.0,4014080.0
neu_mbv2_pattern_mining,2026-02-08T13:04:17,1,300,60,4,0.6666666666666666,2.3216705322265625,0.3411616,0.04136603677761741,0.02821271977154538,0.01315331700607203,1,5,0.0025155759940389544,0.01315331700607203,0.00030569598311558366,225792.0,188160.0
neu_mbv2_pattern_mining,2026-02-08T13:04:18,2,296,60,0,1.0,1.9270395569037646e-05,7.0747808,0.11815708311041817,0.09212194010615349,0.026035143004264683,1,5,0.00863919101539068,0.026035143004264683,0.0005730029952246696,4816896.0,4014080.0
neu_mbv2_pattern_mining,2026-02-08T13:04:18,2,297,60,1,1.0,4.248966433806345e-05,7.0747808,0.0323377228633035,0.024125129857566208,0.00821259300573729,1,5,0.002099813980748877,0.00821259300573729,0.00031269900500774384,4816896.0,4014080.0
neu_mbv2_pattern_mining,2026-02-08T13:04:18,2,298,60,2,0.984375,0.01735609397292137,7.0747808,0.030885821266565472,0.02237860026070848,0.00850722100585699,1,5,0.001979179010959342,0.00850722100585699,0.000258681015111506,4816896.0,4014080.0
neu_mbv2_pattern_mining,2026-02-08T13:04:18,2,299,60,3,0.984375,0.051397599279880524,7.0747808,0.027597859036177397,0.020615090033970773,0.0069827690022066236,1,5,0.0018053620005957782,0.0069827690022066236,0.0002561470028012991,4816896.0,4014080.0
neu_mbv2_pattern_mining,2026-02-08T13:04:18,2,300,60,4,0.3333333333333333,2.2330219745635986,0.3411616,0.0314926092105452,0.022330430219881237,0.00916217899066396,1,5,0.001966613024706021,0.00916217899066396,0.0002664299972821027,225792.0,188160.0
neu_mbv2_pattern_mining,2026-02-08T13:04:19,3,296,60,0,1.0,1.8390601326245815e-05,7.0747808,0.1491402788378764,0.11188821983523667,0.037252059002639726,1,5,0.010468474996741861,0.037252059002639726,0.0007203469867818058,4816896.0,4014080.0
neu_mbv2_pattern_mining,2026-02-08T13:04:19,3,297,60,1,1.0,3.667772762128152e-05,7.0747808,0.04412027870421298,0.032963679695967585,0.011156599008245394,1,5,0.00294178698095493,0.011156599008245394,0.0003545809886418283,4816896.0,4014080.0
neu_mbv2_pattern_mining,2026-02-08T13:04:19,3,298,60,2,1.0,0.0018595857545733452,7.0747808,0.04143175616627559,0.03049434017157182,0.01093741599470377,1,5,0.0027117560093756765,0.01093741599470377,0.0003376780077815056,4816896.0,4014080.0
neu_mbv2_pattern_mining,2026-02-08T13:04:19,3,299,60,3,0.984375,0.09244357794523239,7.0747808,0.03920368364197202,0.02886881964514032,0.0103348639968317,1,5,0.002544867980759591,0.0103348639968317,0.00034201398375444114,4816896.0,4014080.0
neu_mbv2_pattern_mining,2026-02-08T13:04:19,3,300,60,4,0.3333333333333333,3.0317325592041016,0.3411616,0.045590097055537626,0.03187252004863694,0.013717577006900683,1,5,0.00282617102493532,0.013717577006900683,0.0003610809799283743,225792.0,188160.0
neu_mbv2_pattern_mining,2026-02-08T13:04:19,4,296,60,0,1.0,1.7113547073677182e-05,7.0747808,0.12791139699402265,0.10287356999469921,0.025037826999323443,1,5,0.009626832004869357,0.025037826999323443,0.0006605249946005642,4816896.0,4014080.0
neu_mbv2_pattern_mining,2026-02-08T13:04:20,4,297,60,1,1.0,0.00030481431167572737,7.0747808,0.031072190846316516,0.023294499842450023,0.007777691003866494,1,5,0.0020472119795158505,0.007777691003866494,0.0002822380047291517,4816896.0,4014080.0
neu_mbv2_pattern_mining,2026-02-08T13:04:20,4,298,60,2,0.9375,0.24222248792648315,7.0747808,0.03334499479387887,0.024864589795470238,0.00848040499840863,1,5,0.002189160994021222,0.00848040499840863,0.0002972979855258018,4816896.0,4014080.0
neu_mbv2_pattern_mining,2026-02-08T13:04:20,4,299,60,3,1.0,0.0016050522681325674,7.0747808,0.03381054601049982,0.02525107003748417,0.008559475973015651,1,5,0.0022264209983404726,0.008559475973015651,0.0002986860054079443,4816896.0,4014080.0
neu_mbv2_pattern_mining,2026-02-08T13:04:20,4,300,60,4,0.6666666666666666,0.9684674143791199,0.3411616,0.0402323717426043,0.02802099974360317,0.01221137199900113,1,5,0.002493763982784003,0.01221137199900113,0.00030833599157631397,225792.0,188160.0
neu_mbv2_pattern_mining,2026-02-08T13:04:21,0,301,61,0,1.0,3.0074952519498765e-05,7.0747808,0.11107882813666947,0.0865334301488474,0.02454539798782207,1,5,0.008026411989703774,0.02454539798782207,0.0006269310251809657,4816896.0,4014080.0
neu_mbv2_pattern_mining,2026-02-08T13:04:21,0,302,61,1,0.984375,0.031489212065935135,7.0747808,0.031070551340235397,0.02346933033550158,0.007601221004733816,1,5,0.002061661012703553,0.007601221004733816,0.0002852720208466053,4816896.0,4014080.0
neu_mbv2_pattern_mining,2026-02-08T13:04:21,0,303,61,2,0.984375,0.019444094970822334,7.0747808,0.032247434224700555,0.02401557023404166,0.008231863990658894,1,5,0.0021066510234959424,0.008231863990658894,0.00029490599990822375,4816896.0,4014080.0
neu_mbv2_pattern_mining,2026-02-08T13:04:21,0,304,61,3,0.96875,0.14353486895561218,7.0747808,0.032671466149622574,0.024396910157520324,0.00827455599210225,1,5,0.0021453160152304918,0.00827455599210225,0.00029437500052154064,4816896.0,4014080.0
neu_mbv2_pattern_mining,2026-02-08T13:04:21,0,305,61,4,1.0,0.09587378054857254,0.45154880000000003,0.034228427917696536,0.024936659901868552,0.009291768015827984,1,5,0.002200143993832171,0.009291768015827984,0.00029352199635468423,301056.0,250880.0
neu_mbv2_pattern_mining,2026-02-08T13:04:22,1,301,61,0,1.0,7.37730078981258e-05,7.0747808,0.1101770279055927,0.08766507991822436,0.02251194798736833,1,5,0.008270874997833744,0.02251194798736833,0.0004956329939886928,4816896.0,4014080.0
neu_mbv2_pattern_mining,2026-02-08T13:04:22,1,302,61,1,1.0,0.0006503674667328596,7.0747808,0.02586155984317884,0.01917205983772874,0.0066895000054501,1,5,0.0016987459966912866,0.0066895000054501,0.00021845998708158731,4816896.0,4014080.0
neu_mbv2_pattern_mining,2026-02-08T13:04:22,1,303,61,2,1.0,0.0005571004003286362,7.0747808,0.02358230366371572,0.017057149671018124,0.0065251539926975965,1,5,0.0015273919852916151,0.0065251539926975965,0.00017832298181019723,4816896.0,4014080.0
neu_mbv2_pattern_mining,2026-02-08T13:04:22,1,304,61,3,1.0,0.010981681756675243,7.0747808,0.023398816934786737,0.016967059927992523,0.006431757006794214,1,5,0.001516779011581093,0.006431757006794214,0.0001799269812181592,4816896.0,4014080.0
neu_mbv2_pattern_mining,2026-02-08T13:04:22,1,305,61,4,1.0,0.014515060000121593,0.3411616,0.026777872786624357,0.017867809801828116,0.008910062984796241,1,5,0.0015863899898249656,0.008910062984796241,0.00020039099035784602,225792.0,188160.0
neu_mbv2_pattern_mining,2026-02-08T13:04:23,2,301,61,0,1.0,0.0006200112402439117,7.0747808,0.14129332793527283,0.10758941993117332,0.0337039080040995,1,5,0.010163819999434054,0.0337039080040995,0.0005951219936832786,4816896.0,4014080.0
neu_mbv2_pattern_mining,2026-02-08T13:04:23,2,302,61,1,0.8125,1.1557822227478027,7.0747808,0.03703249429236166,0.0271303002955392,0.009902193996822461,1,5,0.002448028011713177,0.009902193996822461,0.00026500201784074306,4816896.0,4014080.0
neu_mbv2_pattern_mining,2026-02-08T13:04:23,2,303,61,2,1.0,0.003120909910649061,7.0747808,0.03159062881604768,0.022437739826273173,0.00915288898977451,1,5,0.0020185599860269576,0.00915288898977451,0.00022521399660035968,4816896.0,4014080.0
neu_mbv2_pattern_mining,2026-02-08T13:04:23,2,304,61,3,1.0,0.021512474864721298,7.0747808,0.028819790139095858,0.020575440139509737,0.00824434999958612,1,5,0.001845849008532241,0.00824434999958612,0.00021169500541873276,4816896.0,4014080.0
neu_mbv2_pattern_mining,2026-02-08T13:04:23,2,305,61,4,0.6666666666666666,3.209069013595581,0.3411616,0.033006860030582175,0.02249921002658084,0.010507650004001334,1,5,0.0019831770041491836,0.010507650004001334,0.0002667439985089004,225792.0,188160.0
neu_mbv2_pattern_mining,2026-02-08T13:04:24,3,301,61,0,1.0,1.2318612789385952e-05,7.0747808,0.11940416367724538,0.0948835996678099,0.024520564009435475,1,5,0.008858200977556407,0.024520564009435475,0.0006301589892245829,4816896.0,4014080.0
neu_mbv2_pattern_mining,2026-02-08T13:04:24,3,302,61,1,1.0,4.6379009290831164e-05,7.0747808,0.027406370907556266,0.020401669899001718,0.007004701008554548,1,5,0.0018112659745384008,0.007004701008554548,0.000228901015361771,4816896.0,4014080.0
neu_mbv2_pattern_mining,2026-02-08T13:04:24,3,303,61,2,1.0,0.00126050622202456,7.0747808,0.023255306237842888,0.01680177025264129,0.006453535985201597,1,5,0.0014964310103096068,0.006453535985201597,0.00018374601495452225,4816896.0,4014080.0
neu_mbv2_pattern_mining,2026-02-08T13:04:24,3,304,61,3,1.0,0.00021327979629859328,7.0747808,0.022848784079542384,0.01640750007936731,0.006441284000175074,1,5,0.0014726549852639437,0.006441284000175074,0.0001680950226727873,4816896.0,4014080.0
neu_mbv2_pattern_mining,2026-02-08T13:04:24,3,305,61,4,0.0,3.8128280639648438,0.3411616,0.028843912994489074,0.01999606000026688,0.008847852994222194,1,5,0.0017485349962953478,0.008847852994222194,0.00025107100373134017,225792.0,188160.0
neu_mbv2_pattern_mining,2026-02-08T13:04:25,4,301,61,0,1.0,7.80811024014838e-06,7.0747808,0.2056074502179399,0.1683125802082941,0.03729487000964582,1,5,0.01626043301075697,0.03729487000964582,0.0005708250100724399,4816896.0,4014080.0
neu_mbv2_pattern_mining,2026-02-08T13:04:25,4,302,61,1,1.0,8.623900612292346e-06,7.0747808,0.04241527908015996,0.03196664009010419,0.01044863899005577,1,5,0.002898915990954265,0.01044863899005577,0.00029774801805615425,4816896.0,4014080.0
neu_mbv2_pattern_mining,2026-02-08T13:04:25,4,303,61,2,1.0,0.00267453258857131,7.0747808,0.03341129401815124,0.024542750034015626,0.008868543984135613,1,5,0.002223126997705549,0.008868543984135613,0.00023114800569601357,4816896.0,4014080.0
neu_mbv2_pattern_mining,2026-02-08T13:04:25,4,304,61,3,1.0,0.0009139783214777708,7.0747808,0.03097882811562158,0.02270274009788409,0.008276088017737493,1,5,0.0020577260002028197,0.008276088017737493,0.00021254800958558917,4816896.0,4014080.0
neu_mbv2_pattern_mining,2026-02-08T13:04:25,4,305,61,4,0.6666666666666666,0.4718608856201172,0.3411616,0.033861719188280404,0.022875050199218094,0.01098666898906231,1,5,0.002019717008806765,0.01098666898906231,0.00026778801111504436,225792.0,188160.0
neu_mbv2_pattern_mining,2026-02-08T13:04:26,0,306,62,0,1.0,0.0005795900360681117,7.0747808,0.11325178109109402,0.08770615007961169,0.025545631011482328,1,5,0.008091485011391342,0.025545631011482328,0.0006791299965698272,4816896.0,4014080.0
neu_mbv2_pattern_mining,2026-02-08T13:04:26,0,307,62,1,0.875,0.5856113433837891,7.0747808,0.029950092895887792,0.022843139886390418,0.007106953009497374,1,5,0.002005173999350518,0.007106953009497374,0.0002791399892885238,4816896.0,4014080.0
neu_mbv2_pattern_mining,2026-02-08T13:04:26,0,308,62,2,1.0,0.007431421894580126,7.0747808,0.031602986506186426,0.02317944949027151,0.008423537015914917,1,5,0.002002176974201575,0.008423537015914917,0.00031576797482557595,4816896.0,4014080.0
neu_mbv2_pattern_mining,2026-02-08T13:04:27,0,309,62,3,1.0,0.021458681672811508,7.0747808,0.03182130880304612,0.02391047979472205,0.007910829008324072,1,5,0.0021026129834353924,0.007910829008324072,0.00028843499603681266,4816896.0,4014080.0
neu_mbv2_pattern_mining,2026-02-08T13:04:27,0,310,62,4,1.0,0.03838536888360977,0.45154880000000003,0.033789498993428424,0.02525793999666348,0.008531558996764943,1,5,0.0022326610051095486,0.008531558996764943,0.00029313299455679953,301056.0,250880.0
neu_mbv2_pattern_mining,2026-02-08T13:04:27,1,306,62,0,1.0,4.201314732199535e-05,7.0747808,0.13268417195649818,0.10668917995644733,0.025994992000050843,1,5,0.01000903599197045,0.025994992000050843,0.0006598820036742836,4816896.0,4014080.0
neu_mbv2_pattern_mining,2026-02-08T13:04:27,1,307,62,1,1.0,0.0006682919338345528,7.0747808,0.03459410878713243,0.026051619788631797,0.00854248899850063,1,5,0.00230280400137417,0.00854248899850063,0.0003023579774890095,4816896.0,4014080.0
neu_mbv2_pattern_mining,2026-02-08T13:04:27,1,308,62,2,0.953125,0.19384577870368958,7.0747808,0.032116530172061175,0.02421172015601769,0.007904810016043484,1,5,0.0021251180151011795,0.007904810016043484,0.0002960540005005896,4816896.0,4014080.0
neu_mbv2_pattern_mining,2026-02-08T13:04:27,1,309,62,3,0.953125,0.31570732593536377,7.0747808,0.031999581202398986,0.02406561019597575,0.007933971006423235,1,5,0.0021215480228420347,0.007933971006423235,0.00028501299675554037,4816896.0,4014080.0
neu_mbv2_pattern_mining,2026-02-08T13:04:27,1,310,62,4,0.6666666666666666,3.5629634857177734,0.3411616,0.03446569392690435,0.02381183992838487,0.01065385399851948,1,5,0.002086444990709424,0.01065385399851948,0.000294739002129063,225792.0,188160.0
neu_mbv2_pattern_mining,2026-02-08T13:04:28,2,306,62,0,1.0,0.006599589250981808,7.0747808,0.16128554331953637,0.12712686031591147,0.0341586830036249,1,5,0.012049500015564263,0.0341586830036249,0.0006631860160268843,4816896.0,4014080.0
neu_mbv2_pattern_mining,2026-02-08T13:04:28,2,307,62,1,1.0,0.011028248816728592,7.0747808,0.03768955421401188,0.028228080191183835,0.009461474022828043,1,5,0.0024994190025608987,0.009461474022828043,0.00032338901655748487,4816896.0,4014080.0
neu_mbv2_pattern_mining,2026-02-08T13:04:28,2,308,62,2,0.953125,0.0925731435418129,7.0747808,0.03922033708659001,0.029339120083022863,0.009881217003567144,1,5,0.0026033509930130094,0.009881217003567144,0.00033056101528927684,4816896.0,4014080.0
neu_mbv2_pattern_mining,2026-02-08T13:04:28,2,309,62,3,0.9375,0.1107361912727356,7.0747808,0.03550312394509092,0.026524169952608645,0.008978953992482275,1,5,0.0023321459884755313,0.008978953992482275,0.00032027100678533316,4816896.0,4014080.0
neu_mbv2_pattern_mining,2026-02-08T13:04:28,2,310,62,4,0.6666666666666666,0.2987683117389679,0.3411616,0.03751255784300156,0.02593933983007446,0.0115732180129271,1,5,0.002291570999659598,0.0115732180129271,0.00030236298334784806,225792.0,188160.0
neu_mbv2_pattern_mining,2026-02-08T13:04:29,3,306,62,0,1.0,0.006612392142415047,7.0747808,0.1505933740409091,0.1213956400169991,0.029197734023910016,1,5,0.011457551998319104,0.029197734023910016,0.0006820120033808053,4816896.0,4014080.0
neu_mbv2_pattern_mining,2026-02-08T13:04:29,3,307,62,1,0.796875,1.2475454807281494,7.0747808,0.03573940024944022,0.026753920246846974,0.008985480002593249,1,5,0.0023642150044906884,0.008985480002593249,0.00031117702019400895,4816896.0,4014080.0
neu_mbv2_pattern_mining,2026-02-08T13:04:29,3,308,62,2,0.984375,0.019628703594207764,7.0747808,0.03568391295266338,0.026522499974817038,0.00916141297784634,1,5,0.0023369480040855706,0.00916141297784634,0.0003153019933961332,4816896.0,4014080.0
neu_mbv2_pattern_mining,2026-02-08T13:04:29,3,309,62,3,1.0,0.0027770414017140865,7.0747808,0.035388402291573584,0.026208270282950252,0.009180132008623332,1,5,0.002311086020199582,0.009180132008623332,0.00030974100809544325,4816896.0,4014080.0
neu_mbv2_pattern_mining,2026-02-08T13:04:29,3,310,62,4,0.3333333333333333,3.6537678241729736,0.3411616,0.03657206389470957,0.02530425990698859,0.011267803987720981,1,5,0.0022498249891214073,0.011267803987720981,0.0002806010015774518,225792.0,188160.0
neu_mbv2_pattern_mining,2026-02-08T13:04:30,4,306,62,0,1.0,0.00015228852862492204,7.0747808,0.1801159676979296,0.141443099710159,0.03867286798777059,1,5,0.013256409991299734,0.03867286798777059,0.0008878999797161669,4816896.0,4014080.0
neu_mbv2_pattern_mining,2026-02-08T13:04:30,4,307,62,1,1.0,0.005102404393255711,7.0747808,0.045042184909107164,0.0333794899052009,0.011662695003906265,1,5,0.002984764985740185,0.011662695003906265,0.0003531840047799051,4816896.0,4014080.0
neu_mbv2_pattern_mining,2026-02-08T13:04:30,4,308,62,2,1.0,0.0012361607514321804,7.0747808,0.0391659349843394,0.028943009965587407,0.010222925018751994,1,5,0.0025677400117274374,0.010222925018751994,0.00032656098483130336,4816896.0,4014080.0
neu_mbv2_pattern_mining,2026-02-08T13:04:30,4,309,62,3,1.0,0.0032165762968361378,7.0747808,0.03592874194146134,0.02593565994175151,0.00999308199970983,1,5,0.002314443001523614,0.00999308199970983,0.00027912299265153706,4816896.0,4014080.0
neu_mbv2_pattern_mining,2026-02-08T13:04:30,4,310,62,4,0.6666666666666666,1.2005383968353271,0.3411616,0.040027376904617995,0.027265629905741662,0.012761746998876333,1,5,0.002435523987514898,0.012761746998876333,0.000291039003059268,225792.0,188160.0
neu_mbv2_pattern_mining,2026-02-08T13:04:32,0,311,63,0,0.96875,0.11128291487693787,7.0747808,0.1262448869238142,0.0978045299416408,0.028440356982173398,1,5,0.009076143993297592,0.028440356982173398,0.0007043090008664876,4816896.0,4014080.0
neu_mbv2_pattern_mining,2026-02-08T13:04:32,0,312,63,1,0.984375,0.017564257606863976,7.0747808,0.02687157684704289,0.02002378983888775,0.006847787008155137,1,5,0.0018029799975920469,0.006847787008155137,0.00019939898629672825,4816896.0,4014080.0
neu_mbv2_pattern_mining,2026-02-08T13:04:32,0,313,63,2,0.921875,0.23792466521263123,7.0747808,0.023882111971033737,0.01740706997225061,0.0064750419987831265,1,5,0.0015602709900122136,0.0064750419987831265,0.00018043600721284747,4816896.0,4014080.0
neu_mbv2_pattern_mining,2026-02-08T13:04:32,0,314,63,3,0.921875,0.20186010003089905,7.0747808,0.023534314008429646,0.01712261000648141,0.006411704001948237,1,5,0.0015464909956790507,0.006411704001948237,0.00016577000496909022,4816896.0,4014080.0
neu_mbv2_pattern_mining,2026-02-08T13:04:32,0,315,63,4,0.75,2.937309741973877,0.45154880000000003,0.02533728306298144,0.017873790056910366,0.007463493006071076,1,5,0.0016069939883891493,0.007463493006071076,0.00018038501730188727,301056.0,250880.0
neu_mbv2_pattern_mining,2026-02-08T13:04:33,1,311,63,0,0.984375,0.03392237052321434,7.0747808,0.12428681371966377,0.10046314971987158,0.02382366399979219,1,5,0.00934096597484313,0.02382366399979219,0.0007053489971440285,4816896.0,4014080.0
neu_mbv2_pattern_mining,2026-02-08T13:04:33,1,312,63,1,1.0,0.00017879910592455417,7.0747808,0.02951428116648458,0.021704230166506022,0.007810050999978557,1,5,0.0019177190260961652,0.007810050999978557,0.00025270399055443704,4816896.0,4014080.0
neu_mbv2_pattern_mining,2026-02-08T13:04:33,1,313,63,2,0.890625,0.5868664979934692,7.0747808,0.029037673317361623,0.02165899029932916,0.007378683018032461,1,5,0.0019399510056246072,0.007378683018032461,0.00022594802430830896,4816896.0,4014080.0
neu_mbv2_pattern_mining,2026-02-08T13:04:33,1,314,63,3,0.984375,0.04364065080881119,7.0747808,0.025340319029055536,0.01847420004196465,0.006866118987090886,1,5,0.0016354550025425851,0.006866118987090886,0.00021196500165387988,4816896.0,4014080.0
neu_mbv2_pattern_mining,2026-02-08T13:04:33,1,315,63,4,0.3333333333333333,2.898348808288574,0.3411616,0.030645139719126746,0.02046978974249214,0.010175349976634607,1,5,0.001811441994505003,0.010175349976634607,0.00023553697974421084,225792.0,188160.0
neu_mbv2_pattern_mining,2026-02-08T13:04:34,2,311,63,0,0.984375,0.09376955032348633,7.0747808,0.1256525539793074,0.10267386998748407,0.022978683991823345,1,5,0.00974221300566569,0.022978683991823345,0.0005251739930827171,4816896.0,4014080.0
neu_mbv2_pattern_mining,2026-02-08T13:04:34,2,312,63,1,0.984375,0.051803138107061386,7.0747808,0.030565561930416152,0.02265079994685948,0.007914761983556673,1,5,0.0020187110058031976,0.007914761983556673,0.00024636898888275027,4816896.0,4014080.0
neu_mbv2_pattern_mining,2026-02-08T13:04:34,2,313,63,2,0.921875,0.2613285779953003,7.0747808,0.027171320776687935,0.01974450977286324,0.007426811003824696,1,5,0.001746267982525751,0.007426811003824696,0.0002281829947605729,4816896.0,4014080.0
neu_mbv2_pattern_mining,2026-02-08T13:04:34,2,314,63,3,0.828125,0.6122732162475586,7.0747808,0.026120679889572784,0.019106869876850396,0.007013810012722388,1,5,0.0017015329794958234,0.007013810012722388,0.00020915400818921626,4816896.0,4014080.0
neu_mbv2_pattern_mining,2026-02-08T13:04:34,2,315,63,4,0.3333333333333333,1.6961374282836914,0.3411616,0.029091677046380937,0.020127790048718452,0.008963886997662485,1,5,0.0017748310056049377,0.008963886997662485,0.00023794799926690757,225792.0,188160.0
neu_mbv2_pattern_mining,2026-02-08T13:04:34,3,311,63,0,1.0,0.00024982288596220315,7.0747808,0.1591754352557473,0.12425386026734486,0.034921574988402426,1,5,0.01180045900400728,0.034921574988402426,0.0006249270227272063,4816896.0,4014080.0
neu_mbv2_pattern_mining,2026-02-08T13:04:35,3,312,63,1,1.0,0.00290304864756763,7.0747808,0.03208392110536806,0.02345195011002943,0.008631970995338634,1,5,0.0020656170090660453,0.008631970995338634,0.00027957800193689764,4816896.0,4014080.0
neu_mbv2_pattern_mining,2026-02-08T13:04:35,3,313,63,2,1.0,0.0017484270501881838,7.0747808,0.032759442809037864,0.023775379813741893,0.008984062995295972,1,5,0.0020960199763067067,0.008984062995295972,0.0002815180050674826,4816896.0,4014080.0
neu_mbv2_pattern_mining,2026-02-08T13:04:35,3,314,63,3,0.984375,0.034380506724119186,7.0747808,0.0311916010978166,0.022631660103797913,0.008559940994018689,1,5,0.002004637004574761,0.008559940994018689,0.00025852900580503047,4816896.0,4014080.0
neu_mbv2_pattern_mining,2026-02-08T13:04:35,3,315,63,4,0.3333333333333333,1.5521446466445923,0.3411616,0.03717241590493359,0.025674779899418354,0.011497636005515233,1,5,0.002270625001983717,0.011497636005515233,0.0002968529879581183,225792.0,188160.0
neu_mbv2_pattern_mining,2026-02-08T13:04:35,4,311,63,0,1.0,0.0020305898506194353,7.0747808,0.1458156050357502,0.11485241004265845,0.030963194993091747,1,5,0.01085694000357762,0.030963194993091747,0.000628301000688225,4816896.0,4014080.0
neu_mbv2_pattern_mining,2026-02-08T13:04:35,4,312,63,1,1.0,0.00030884009902365506,7.0747808,0.034154283930547535,0.025131299917120486,0.009022984013427049,1,5,0.0022091139981057495,0.009022984013427049,0.00030401599360629916,4816896.0,4014080.0
neu_mbv2_pattern_mining,2026-02-08T13:04:35,4,313,63,2,0.953125,0.224430650472641,7.0747808,0.03487584210233763,0.025296150124631822,0.009579691977705806,1,5,0.0022351999941747636,0.009579691977705806,0.00029441501828841865,4816896.0,4014080.0
neu_mbv2_pattern_mining,2026-02-08T13:04:36,4,314,63,3,0.984375,0.06474259495735168,7.0747808,0.034108745312551036,0.02463240030920133,0.009476345003349707,1,5,0.0021760610106866807,0.009476345003349707,0.0002871790202334523,4816896.0,4014080.0
neu_mbv2_pattern_mining,2026-02-08T13:04:36,4,315,63,4,0.6666666666666666,1.9610451459884644,0.3411616,0.037884727207710966,0.026163660222664475,0.011721066985046491,1,5,0.002322600019397214,0.011721066985046491,0.0002937660028692335,225792.0,188160.0
neu_mbv2_pattern_mining,2026-02-08T13:04:37,0,316,64,0,1.0,2.7622965717455372e-05,7.0747808,0.10266292587039061,0.07845235988497734,0.024210565985413268,1,5,0.007249719987157732,0.024210565985413268,0.0005955160013400018,4816896.0,4014080.0
neu_mbv2_pattern_mining,2026-02-08T13:04:37,0,317,64,1,1.0,0.005228047259151936,7.0747808,0.0244063280406408,0.017838850035332143,0.006567478005308658,1,5,0.0015931339876260608,0.006567478005308658,0.0001907510159071535,4816896.0,4014080.0
neu_mbv2_pattern_mining,2026-02-08T13:04:37,0,318,64,2,0.96875,0.043412160128355026,7.0747808,0.023150825960328802,0.01677110994933173,0.006379716010997072,1,5,0.0015068879874888808,0.006379716010997072,0.0001702230074442923,4816896.0,4014080.0
neu_mbv2_pattern_mining,2026-02-08T13:04:37,0,319,64,3,1.0,0.0008858087239786983,7.0747808,0.025369374867295846,0.01846081984695047,0.006908555020345375,1,5,0.0016454939905088395,0.006908555020345375,0.00020058799418620765,4816896.0,4014080.0
neu_mbv2_pattern_mining,2026-02-08T13:04:37,0,320,64,4,0.75,0.854873538017273,0.45154880000000003,0.02732263971120119,0.019295689708087593,0.008026950003113598,1,5,0.0017339919868391007,0.008026950003113598,0.0001955769839696586,301056.0,250880.0
neu_mbv2_pattern_mining,2026-02-08T13:04:38,1,316,64,0,1.0,0.0008500467520207167,7.0747808,0.1916650508355815,0.15374816983239725,0.037916881003184244,1,5,0.014785017992835492,0.037916881003184244,0.0005897989904042333,4816896.0,4014080.0
neu_mbv2_pattern_mining,2026-02-08T13:04:38,1,317,64,1,1.0,0.012805458158254623,7.0747808,0.03870686196023598,0.028993019950576127,0.009713842009659857,1,5,0.0025525410019326955,0.009713842009659857,0.00034676099312491715,4816896.0,4014080.0
neu_mbv2_pattern_mining,2026-02-08T13:04:38,1,318,64,2,1.0,0.00013501285866368562,7.0747808,0.037008566927397624,0.02739524992648512,0.009613317000912502,1,5,0.0024046869948506355,0.009613317000912502,0.0003348379977978766,4816896.0,4014080.0
neu_mbv2_pattern_mining,2026-02-08T13:04:38,1,319,64,3,0.96875,0.17495396733283997,7.0747808,0.034582389605930075,0.025148479617200792,0.009433909988729283,1,5,0.002252302976557985,0.009433909988729283,0.00026254498516209424,4816896.0,4014080.0
neu_mbv2_pattern_mining,2026-02-08T13:04:38,1,320,64,4,1.0,0.1367197185754776,0.3411616,0.03791469824500382,0.026775630249176174,0.011139067995827645,1,5,0.0023926350113470107,0.011139067995827645,0.0002849280135706067,225792.0,188160.0
neu_mbv2_pattern_mining,2026-02-08T13:04:39,2,316,64,0,1.0,0.0038971274625509977,7.0747808,0.1399990647623781,0.1123598197591491,0.027639245003229007,1,5,0.010667258989997208,0.027639245003229007,0.0005687229859177023,4816896.0,4014080.0
neu_mbv2_pattern_mining,2026-02-08T13:04:39,2,317,64,1,0.90625,0.4013479948043823,7.0747808,0.03722093833494,0.028587020351551473,0.008633917983388528,1,5,0.0024870090128388256,0.008633917983388528,0.00037169302231632173,4816896.0,4014080.0
neu_mbv2_pattern_mining,2026-02-08T13:04:39,2,318,64,2,0.96875,0.08044521510601044,7.0747808,0.03355847095372155,0.025010429963003844,0.008548040990717709,1,5,0.002185340999858454,0.008548040990717709,0.00031570199644193053,4816896.0,4014080.0
neu_mbv2_pattern_mining,2026-02-08T13:04:39,2,319,64,3,0.984375,0.02986663021147251,7.0747808,0.03317290113773197,0.024310070148203522,0.008862830989528447,1,5,0.0021382420090958476,0.008862830989528447,0.0002927650057245046,4816896.0,4014080.0
neu_mbv2_pattern_mining,2026-02-08T13:04:40,2,320,64,4,0.6666666666666666,0.45805373787879944,0.3411616,0.03983617594349198,0.026762149936985224,0.013074026006506756,1,5,0.0023546619922854006,0.013074026006506756,0.0003215530014131218,225792.0,188160.0
neu_mbv2_pattern_mining,2026-02-08T13:04:40,3,316,64,0,1.0,0.00013859287719242275,7.0747808,0.13163054379401729,0.10412735980935395,0.027503183984663337,1,5,0.00966710498323664,0.027503183984663337,0.0007456309976987541,4816896.0,4014080.0
neu_mbv2_pattern_mining,2026-02-08T13:04:40,3,317,64,1,0.984375,0.16782085597515106,7.0747808,0.03612971500842832,0.02682783000636846,0.009301885002059862,1,5,0.00237473301240243,0.009301885002059862,0.00030804998823441565,4816896.0,4014080.0
neu_mbv2_pattern_mining,2026-02-08T13:04:40,3,318,64,2,0.890625,0.3927765488624573,7.0747808,0.032167957921046764,0.02350141992792487,0.008666537993121892,1,5,0.002079973986838013,0.008666537993121892,0.0002701680059544742,4816896.0,4014080.0
neu_mbv2_pattern_mining,2026-02-08T13:04:40,3,319,64,3,0.90625,0.289884090423584,7.0747808,0.03389605911797844,0.02475826011504978,0.00913779900292866,1,5,0.002183564007282257,0.00913779900292866,0.00029226200422272086,4816896.0,4014080.0
neu_mbv2_pattern_mining,2026-02-08T13:04:40,3,320,64,4,0.6666666666666666,0.8854287266731262,0.3411616,0.03754090491565876,0.025637749931775033,0.011903154983883724,1,5,0.0022683769930154085,0.011903154983883724,0.00029539800016209483,225792.0,188160.0
neu_mbv2_pattern_mining,2026-02-08T13:04:41,4,316,64,0,1.0,0.0038559958338737488,7.0747808,0.11991168829263188,0.09538771031657234,0.02452397797605954,1,5,0.008921960019506514,0.02452397797605954,0.0006168110121507198,4816896.0,4014080.0
neu_mbv2_pattern_mining,2026-02-08T13:04:41,4,317,64,1,1.0,0.007715776562690735,7.0747808,0.03207102895248681,0.023796049936208874,0.008274979016277939,1,5,0.002097499993396923,0.008274979016277939,0.00028210500022396445,4816896.0,4014080.0
neu_mbv2_pattern_mining,2026-02-08T13:04:41,4,318,64,2,0.890625,0.4091939926147461,7.0747808,0.032239800988463685,0.02404277998721227,0.008197021001251414,1,5,0.0021431049972306937,0.008197021001251414,0.00026117300149053335,4816896.0,4014080.0
neu_mbv2_pattern_mining,2026-02-08T13:04:41,4,319,64,3,1.0,0.013808850198984146,7.0747808,0.031547266873531044,0.02297342987731099,0.008573836996220052,1,5,0.0020298970048315823,0.008573836996220052,0.0002674459828995168,4816896.0,4014080.0
neu_mbv2_pattern_mining,2026-02-08T13:04:41,4,320,64,4,0.6666666666666666,0.9233043789863586,0.3411616,0.03652008716017008,0.024974080151878297,0.011546007008291781,1,5,0.002173016022425145,0.011546007008291781,0.0003243919927626848,225792.0,188160.0
neu_mbv2_pattern_mining,2026-02-08T13:04:43,0,321,65,0,0.984375,0.034439168870449066,7.0747808,0.11822400003438815,0.09056448005139828,0.027659519982989877,1,5,0.008459389006020501,0.027659519982989877,0.0005970589991193265,4816896.0,4014080.0
neu_mbv2_pattern_mining,2026-02-08T13:04:43,0,322,65,1,0.984375,0.026096729561686516,7.0747808,0.03310914529720321,0.024135760322678834,0.008973384974524379,1,5,0.0021597350132651627,0.008973384974524379,0.0002538410190027207,4816896.0,4014080.0
neu_mbv2_pattern_mining,2026-02-08T13:04:43,0,323,65,2,1.0,0.013152403756976128,7.0747808,0.03548907415824942,0.025917210150510073,0.00957186400773935,1,5,0.002360406011575833,0.00957186400773935,0.0002313150034751743,4816896.0,4014080.0
neu_mbv2_pattern_mining,2026-02-08T13:04:43,0,324,65,3,0.984375,0.06514193117618561,7.0747808,0.029829763021552935,0.021550410019699484,0.008279353001853451,1,5,0.0019272349891252816,0.008279353001853451,0.00022780601284466684,4816896.0,4014080.0
neu_mbv2_pattern_mining,2026-02-08T13:04:43,0,325,65,4,0.75,0.585375189781189,0.45154880000000003,0.027363421831978485,0.019674119830597192,0.007689302001381293,1,5,0.001770439004758373,0.007689302001381293,0.0001969729783013463,301056.0,250880.0
neu_mbv2_pattern_mining,2026-02-08T13:04:44,1,321,65,0,1.0,4.826010808756109e-06,7.0747808,0.13839789130724967,0.10980088030919433,0.02859701099805534,1,5,0.010270858008880168,0.02859701099805534,0.0007092300220392644,4816896.0,4014080.0
neu_mbv2_pattern_mining,2026-02-08T13:04:44,1,322,65,1,1.0,8.068640454439446e-06,7.0747808,0.03796731267357245,0.028349329659249634,0.009617983014322817,1,5,0.0024966799828689545,0.009617983014322817,0.0003382529830560088,4816896.0,4014080.0
neu_mbv2_pattern_mining,2026-02-08T13:04:44,1,323,65,2,1.0,0.0001250705390702933,7.0747808,0.03333374296198599,0.024283539969474077,0.009050202992511913,1,5,0.0021616620069835335,0.009050202992511913,0.0002666919899638742,4816896.0,4014080.0
neu_mbv2_pattern_mining,2026-02-08T13:04:44,1,324,65,3,1.0,4.732639717985876e-05,7.0747808,0.03362047820701264,0.024979830195661634,0.008640648011351004,1,5,0.0021950350201223046,0.008640648011351004,0.00030294799944385886,4816896.0,4014080.0
neu_mbv2_pattern_mining,2026-02-08T13:04:44,1,325,65,4,0.3333333333333333,1.610162615776062,0.3411616,0.03860299527877942,0.026813210279215127,0.01178978499956429,1,5,0.0023704910126980394,0.01178978499956429,0.0003108300152234733,225792.0,188160.0
neu_mbv2_pattern_mining,2026-02-08T13:04:45,2,321,65,0,1.0,9.738439075590577e-06,7.0747808,0.17091244526091032,0.13141615025233477,0.039496295008575544,1,5,0.012469145003706217,0.039496295008575544,0.0006724700215272605,4816896.0,4014080.0
neu_mbv2_pattern_mining,2026-02-08T13:04:45,2,322,65,1,1.0,0.0001835410948842764,7.0747808,0.04085016489261761,0.029939989908598363,0.01091017498401925,1,5,0.0026453720056451857,0.01091017498401925,0.00034862698521465063,4816896.0,4014080.0
neu_mbv2_pattern_mining,2026-02-08T13:04:45,2,323,65,2,0.90625,0.4427839517593384,7.0747808,0.04013844014843926,0.029303810151759535,0.010834629996679723,1,5,0.002607669011922553,0.010834629996679723,0.0003227120032534003,4816896.0,4014080.0
neu_mbv2_pattern_mining,2026-02-08T13:04:45,2,324,65,3,1.0,0.0029454936739057302,7.0747808,0.041957644949434325,0.03076099994359538,0.011196645005838946,1,5,0.0027531060040928423,0.011196645005838946,0.0003229939902666956,4816896.0,4014080.0
neu_mbv2_pattern_mining,2026-02-08T13:04:45,2,325,65,4,1.0,0.12396267801523209,0.3411616,0.04618929387652315,0.03181126987328753,0.014378024003235623,1,5,0.002859069994883612,0.014378024003235623,0.0003220569924451411,225792.0,188160.0
neu_mbv2_pattern_mining,2026-02-08T13:04:45,3,321,65,0,1.0,1.2513751244114246e-05,7.0747808,0.12416265910724178,0.10004856012528762,0.024114098981954157,1,5,0.00942377100000158,0.024114098981954157,0.0005810850125271827,4816896.0,4014080.0
neu_mbv2_pattern_mining,2026-02-08T13:04:45,3,322,65,1,1.0,2.4000075427466072e-05,7.0747808,0.029902200069045648,0.022036010050214827,0.007866190018830821,1,5,0.0019416669965721667,0.007866190018830821,0.000261934008449316,4816896.0,4014080.0
neu_mbv2_pattern_mining,2026-02-08T13:04:46,3,323,65,2,1.0,0.00011822441592812538,7.0747808,0.029595132858958095,0.02139458985766396,0.008200543001294136,1,5,0.001893345994176343,0.008200543001294136,0.00024611299159005284,4816896.0,4014080.0
neu_mbv2_pattern_mining,2026-02-08T13:04:46,3,324,65,3,0.984375,0.026486938819289207,7.0747808,0.031460646918276325,0.023180269927252084,0.00828037699102424,1,5,0.002050504001090303,0.00828037699102424,0.00026752299163490534,4816896.0,4014080.0
neu_mbv2_pattern_mining,2026-02-08T13:04:46,3,325,65,4,0.6666666666666666,1.8480052947998047,0.3411616,0.03547390198218636,0.02440117998048663,0.01107272200169973,1,5,0.002164461009670049,0.01107272200169973,0.0002756569883786142,225792.0,188160.0
neu_mbv2_pattern_mining,2026-02-08T13:04:46,4,321,65,0,1.0,0.00018604256911203265,7.0747808,0.24734688710304908,0.20515395008260384,0.04219293702044524,1,5,0.019876902020769194,0.04219293702044524,0.0006384929874911904,4816896.0,4014080.0
neu_mbv2_pattern_mining,2026-02-08T13:04:46,4,322,65,1,1.0,0.0008321647765114903,7.0747808,0.02955106398439966,0.021915010001976043,0.0076360539824236184,1,5,0.0019150779990013689,0.0076360539824236184,0.0002764230011962354,4816896.0,4014080.0
neu_mbv2_pattern_mining,2026-02-08T13:04:46,4,323,65,2,0.96875,0.09843777120113373,7.0747808,0.027245221921475604,0.01969723991351202,0.007547982007963583,1,5,0.0017389029962942004,0.007547982007963583,0.0002308209950570017,4816896.0,4014080.0
neu_mbv2_pattern_mining,2026-02-08T13:04:46,4,324,65,3,0.984375,0.03852998465299606,7.0747808,0.030107549129752442,0.021665260137524456,0.008442288992227986,1,5,0.0019025020010303706,0.008442288992227986,0.000264024012722075,4816896.0,4014080.0
neu_mbv2_pattern_mining,2026-02-08T13:04:46,4,325,65,4,0.3333333333333333,3.3857905864715576,0.3411616,0.027300394867779687,0.01899692986626178,0.008303465001517907,1,5,0.0016938369954004884,0.008303465001517907,0.00020585599122568965,225792.0,188160.0
neu_mbv2_pattern_mining,2026-02-08T13:04:48,0,326,66,0,1.0,9.66298466664739e-06,7.0747808,0.13380204304121435,0.10652722005033866,0.02727482299087569,1,5,0.00991100599640049,0.02727482299087569,0.0007417160086333752,4816896.0,4014080.0
neu_mbv2_pattern_mining,2026-02-08T13:04:48,0,327,66,1,1.0,9.011669317260385e-05,7.0747808,0.028254344942979515,0.020663329923991114,0.007591015018988401,1,5,0.0018083949980791658,0.007591015018988401,0.0002579379943199456,4816896.0,4014080.0
neu_mbv2_pattern_mining,2026-02-08T13:04:48,0,328,66,2,1.0,0.01937079429626465,7.0747808,0.031003887328552082,0.023287810327019542,0.00771607700153254,1,5,0.0020435050246305764,0.00771607700153254,0.0002852760080713779,4816896.0,4014080.0
neu_mbv2_pattern_mining,2026-02-08T13:04:48,0,329,66,3,0.984375,0.02791360393166542,7.0747808,0.024030281871091574,0.01747020985931158,0.006560072011779994,1,5,0.0015610539994668216,0.006560072011779994,0.00018596698646433651,4816896.0,4014080.0
neu_mbv2_pattern_mining,2026-02-08T13:04:48,0,330,66,4,0.75,1.440199375152588,0.45154880000000003,0.027615976956440136,0.020576539973262697,0.007039436983177438,1,5,0.0018209670088253915,0.007039436983177438,0.00023668698850087821,301056.0,250880.0
neu_mbv2_pattern_mining,2026-02-08T13:04:49,1,326,66,0,1.0,0.0001226654276251793,7.0747808,0.1328298303997144,0.10406448040157557,0.028765349998138845,1,5,0.009706399025162682,0.028765349998138845,0.0007000490149948746,4816896.0,4014080.0
neu_mbv2_pattern_mining,2026-02-08T13:04:49,1,327,66,1,1.0,0.003504133317619562,7.0747808,0.028021168982377276,0.020718029991257936,0.00730313899111934,1,5,0.001825865008868277,0.00730313899111934,0.0002459379902575165,4816896.0,4014080.0
neu_mbv2_pattern_mining,2026-02-08T13:04:49,1,328,66,2,1.0,0.00013881578342989087,7.0747808,0.0313848061778117,0.023489220184274018,0.00789558599353768,1,5,0.002070747024845332,0.00789558599353768,0.0002781749935820699,4816896.0,4014080.0
neu_mbv2_pattern_mining,2026-02-08T13:04:49,1,329,66,3,0.96875,0.0873657688498497,7.0747808,0.03070294574717991,0.022999489738140255,0.007703456009039655,1,5,0.002020693995291367,0.007703456009039655,0.00027925497852265835,4816896.0,4014080.0
neu_mbv2_pattern_mining,2026-02-08T13:04:49,1,330,66,4,0.6666666666666666,0.8357420563697815,0.3411616,0.03466928593115881,0.02362044993788004,0.011048835993278772,1,5,0.0020861740049440414,0.011048835993278772,0.00027587098884396255,225792.0,188160.0
neu_mbv2_pattern_mining,2026-02-08T13:04:50,2,326,66,0,1.0,4.5503638830268756e-06,7.0747808,0.12975197285413742,0.10505691985599697,0.024695052998140454,1,5,0.00974540997412987,0.024695052998140454,0.0007602820114698261,4816896.0,4014080.0
neu_mbv2_pattern_mining,2026-02-08T13:04:50,2,327,66,1,1.0,0.0005733321886509657,7.0747808,0.03092471623676829,0.023047200229484588,0.007877516007283702,1,5,0.002040379011305049,0.007877516007283702,0.00026434101164340973,4816896.0,4014080.0
neu_mbv2_pattern_mining,2026-02-08T13:04:50,2,328,66,2,0.984375,0.0581219308078289,7.0747808,0.030023279832676053,0.021914609824307263,0.00810867000836879,1,5,0.0019388599903322756,0.00810867000836879,0.00025260099209845066,4816896.0,4014080.0
neu_mbv2_pattern_mining,2026-02-08T13:04:50,2,329,66,3,0.984375,0.013457007706165314,7.0747808,0.03342144831549376,0.02480472030583769,0.008616728009656072,1,5,0.002198965026764199,0.008616728009656072,0.00028150700381956995,4816896.0,4014080.0
neu_mbv2_pattern_mining,2026-02-08T13:04:50,2,330,66,4,0.6666666666666666,4.104416847229004,0.3411616,0.03589289844967425,0.024925210454966873,0.010967687994707376,1,5,0.002198668022174388,0.010967687994707376,0.0002938530233222991,225792.0,188160.0
neu_mbv2_pattern_mining,2026-02-08T13:04:51,3,326,66,0,1.0,0.0016366636846214533,7.0747808,0.13657874506316148,0.11104917008196935,0.025529574981192127,1,5,0.010314604005543515,0.025529574981192127,0.00079031300265342,4816896.0,4014080.0
neu_mbv2_pattern_mining,2026-02-08T13:04:51,3,327,66,1,0.984375,0.08076954632997513,7.0747808,0.03036478511057794,0.022393320105038583,0.007971465005539358,1,5,0.0019749210041482,0.007971465005539358,0.0002644110063556582,4816896.0,4014080.0
neu_mbv2_pattern_mining,2026-02-08T13:04:51,3,328,66,2,1.0,0.0012763261329382658,7.0747808,0.035070742131210864,0.026893560134340078,0.008177181996870786,1,5,0.002427405008347705,0.008177181996870786,0.00026195100508630276,4816896.0,4014080.0
neu_mbv2_pattern_mining,2026-02-08T13:04:51,3,329,66,3,0.953125,0.1472625434398651,7.0747808,0.029479292134055868,0.021331600146368146,0.008147691987687722,1,5,0.0019170799932908267,0.008147691987687722,0.00021608002134598792,4816896.0,4014080.0
neu_mbv2_pattern_mining,2026-02-08T13:04:51,3,330,66,4,0.6666666666666666,1.0430032014846802,0.3411616,0.0369699859584216,0.02595658996142447,0.011013395996997133,1,5,0.0022787869966123253,0.011013395996997133,0.0003168719995301217,225792.0,188160.0
neu_mbv2_pattern_mining,2026-02-08T13:04:52,4,326,66,0,1.0,0.005972620099782944,7.0747808,0.11551321862498298,0.09196094964863732,0.02355226897634566,1,5,0.008582566981203854,0.02355226897634566,0.0006135279836598784,4816896.0,4014080.0
neu_mbv2_pattern_mining,2026-02-08T13:04:52,4,327,66,1,1.0,0.010273338295519352,7.0747808,0.03473547412431799,0.025840850139502436,0.008894623984815553,1,5,0.0022925900120753795,0.008894623984815553,0.0002914950018748641,4816896.0,4014080.0
neu_mbv2_pattern_mining,2026-02-08T13:04:52,4,328,66,2,1.0,0.016561606898903847,7.0747808,0.030538721970515326,0.02240939997136593,0.008129321999149397,1,5,0.001985996001167223,0.008129321999149397,0.00025494399596937,4816896.0,4014080.0
neu_mbv2_pattern_mining,2026-02-08T13:04:52,4,329,66,3,1.0,0.016810979694128036,7.0747808,0.03047902212711051,0.02218981011537835,0.008289212011732161,1,5,0.001960106019396335,0.008289212011732161,0.0002588749921415001,4816896.0,4014080.0
neu_mbv2_pattern_mining,2026-02-08T13:04:52,4,330,66,4,1.0,0.06335990875959396,0.3411616,0.03225369309075177,0.021609640098176897,0.01064405299257487,1,5,0.0019096879987046123,0.01064405299257487,0.0002512760111130774,225792.0,188160.0
neu_mbv2_pattern_mining,2026-02-08T13:04:53,0,331,67,0,1.0,3.326781006762758e-05,7.0747808,0.14534405391896144,0.11968701990554109,0.025657034013420343,1,5,0.01141758999438025,0.025657034013420343,0.0005511119961738586,4816896.0,4014080.0
neu_mbv2_pattern_mining,2026-02-08T13:04:53,0,332,67,1,1.0,0.0014016882050782442,7.0747808,0.03054619304020889,0.022105090029072016,0.008441103011136875,1,5,0.001927898993017152,0.008441103011136875,0.0002826100098900497,4816896.0,4014080.0
neu_mbv2_pattern_mining,2026-02-08T13:04:53,0,333,67,2,1.0,0.014072692953050137,7.0747808,0.025825774268014356,0.01912001025630161,0.006705764011712745,1,5,0.0017066900036297739,0.006705764011712745,0.0002053110220003873,4816896.0,4014080.0
neu_mbv2_pattern_mining,2026-02-08T13:04:53,0,334,67,3,1.0,0.014922124333679676,7.0747808,0.02403414057334885,0.017446829588152468,0.006587310985196382,1,5,0.0015377059753518552,0.006587310985196382,0.00020697698346339166,4816896.0,4014080.0
neu_mbv2_pattern_mining,2026-02-08T13:04:53,0,335,67,4,0.75,1.017084002494812,0.45154880000000003,0.02782790709170513,0.02082860009977594,0.006999306991929188,1,5,0.001842450990807265,0.006999306991929188,0.00024040901917032897,301056.0,250880.0
neu_mbv2_pattern_mining,2026-02-08T13:04:54,1,331,67,0,1.0,2.556133404141292e-05,7.0747808,0.11057669701403938,0.08736399002373219,0.023212706990307197,1,5,0.008270074991742149,0.023212706990307197,0.00046632401063106954,4816896.0,4014080.0
neu_mbv2_pattern_mining,2026-02-08T13:04:54,1,332,67,1,1.0,0.000548947136849165,7.0747808,0.03425264486577362,0.02557509986218065,0.008677545003592968,1,5,0.0022439299791585654,0.008677545003592968,0.0003135800070594996,4816896.0,4014080.0
neu_mbv2_pattern_mining,2026-02-08T13:04:54,1,333,67,2,0.890625,0.8506834506988525,7.0747808,0.032909500325331464,0.02471899031661451,0.008190510008716956,1,5,0.002186029014410451,0.008190510008716956,0.0002858700172509998,4816896.0,4014080.0
neu_mbv2_pattern_mining,2026-02-08T13:04:54,1,334,67,3,0.984375,0.01656607910990715,7.0747808,0.02942454014555551,0.0213494201307185,0.008075120014837012,1,5,0.0018956770072691143,0.008075120014837012,0.00023926500580273569,4816896.0,4014080.0
neu_mbv2_pattern_mining,2026-02-08T13:04:54,1,335,67,4,0.3333333333333333,2.2428603172302246,0.3411616,0.033554835186805576,0.02258584019728005,0.010968994989525527,1,5,0.001997243001824245,0.010968994989525527,0.0002613410179037601,225792.0,188160.0
neu_mbv2_pattern_mining,2026-02-08T13:04:55,2,331,67,0,1.0,2.9458136850735173e-05,7.0747808,0.14656465908046812,0.11933244008105248,0.027232218999415636,1,5,0.011143701005494222,0.027232218999415636,0.0007895430026110262,4816896.0,4014080.0
neu_mbv2_pattern_mining,2026-02-08T13:04:55,2,332,67,1,0.984375,0.02276219241321087,7.0747808,0.029899758024839684,0.02184871002100408,0.008051048003835604,1,5,0.001926746015669778,0.008051048003835604,0.0002581249864306301,4816896.0,4014080.0
neu_mbv2_pattern_mining,2026-02-08T13:04:55,2,333,67,2,1.0,0.0012306524440646172,7.0747808,0.02932532108388841,0.021329020091798156,0.007996300992090255,1,5,0.0018905379984062165,0.007996300992090255,0.00024236401077359915,4816896.0,4014080.0
neu_mbv2_pattern_mining,2026-02-08T13:04:55,2,334,67,3,1.0,0.0020492111798375845,7.0747808,0.031031542224809527,0.02259037020849064,0.008441172016318887,1,5,0.001995062018977478,0.008441172016318887,0.00026397500187158585,4816896.0,4014080.0
neu_mbv2_pattern_mining,2026-02-08T13:04:55,2,335,67,4,0.3333333333333333,1.4276331663131714,0.3411616,0.03455797320930287,0.023432870220858604,0.011125102988444269,1,5,0.002071663999231532,0.011125102988444269,0.00027162302285432816,225792.0,188160.0
neu_mbv2_pattern_mining,2026-02-08T13:04:56,3,331,67,0,1.0,4.0662289393367246e-05,7.0747808,0.21867876005126163,0.17837705003330484,0.04030171001795679,1,5,0.017188939993502572,0.04030171001795679,0.0006487650098279119,4816896.0,4014080.0
neu_mbv2_pattern_mining,2026-02-08T13:04:56,3,332,67,1,0.953125,0.2879107594490051,7.0747808,0.04094028432155028,0.029439950303640217,0.011500334017910063,1,5,0.00259585800813511,0.011500334017910063,0.0003481370222289115,4816896.0,4014080.0
neu_mbv2_pattern_mining,2026-02-08T13:04:56,3,333,67,2,1.0,0.007614142261445522,7.0747808,0.04025936784455553,0.029067249852232635,0.011192117992322892,1,5,0.002601215004688129,0.011192117992322892,0.0003055099805351347,4816896.0,4014080.0
neu_mbv2_pattern_mining,2026-02-08T13:04:56,3,334,67,3,1.0,0.003423953428864479,7.0747808,0.03879875992424786,0.02812591992551461,0.010672839998733252,1,5,0.002530375000787899,0.010672839998733252,0.00028221699176356196,4816896.0,4014080.0
neu_mbv2_pattern_mining,2026-02-08T13:04:56,3,335,67,4,0.3333333333333333,1.160469651222229,0.3411616,0.04342381612514146,0.030268430127762258,0.013155385997379199,1,5,0.002722894016187638,0.013155385997379199,0.00030394899658858776,225792.0,188160.0
neu_mbv2_pattern_mining,2026-02-08T13:04:56,4,331,67,0,1.0,3.941731119994074e-05,7.0747808,0.14132710485137068,0.11385183985112235,0.027475265000248328,1,5,0.010741837992100045,0.027475265000248328,0.0006433459930121899,4816896.0,4014080.0
neu_mbv2_pattern_mining,2026-02-08T13:04:56,4,332,67,1,0.921875,0.18528221547603607,7.0747808,0.03294569798163138,0.02394634997472167,0.008999348006909713,1,5,0.0021017850085627288,0.008999348006909713,0.00029284998890943825,4816896.0,4014080.0
neu_mbv2_pattern_mining,2026-02-08T13:04:56,4,333,67,2,1.0,0.011995390057563782,7.0747808,0.03415386303095147,0.025103630032390356,0.009050232998561114,1,5,0.0021997099975124,0.009050232998561114,0.00031065300572663546,4816896.0,4014080.0
neu_mbv2_pattern_mining,2026-02-08T13:04:56,4,334,67,3,1.0,0.009775923565030098,7.0747808,0.02849158295430243,0.021743109973613173,0.006748472980689257,1,5,0.0019284189911559224,0.006748472980689257,0.00024589200620539486,4816896.0,4014080.0
neu_mbv2_pattern_mining,2026-02-08T13:04:56,4,335,67,4,0.3333333333333333,4.970624923706055,0.3411616,0.02765222985181026,0.01848288986366242,0.00916933998814784,1,5,0.00163413499831222,0.00916933998814784,0.0002141539880540222,225792.0,188160.0
neu_mbv2_pattern_mining,2026-02-08T13:04:58,0,336,68,0,1.0,8.622273162472993e-05,7.0747808,0.13700641333707608,0.10847900033695623,0.02852741300011985,1,5,0.01011532501433976,0.02852741300011985,0.0007325750193558633,4816896.0,4014080.0
neu_mbv2_pattern_mining,2026-02-08T13:04:58,0,337,68,1,1.0,0.00011258124868618324,7.0747808,0.026569967332761735,0.01963852031622082,0.006931447016540915,1,5,0.0017281660111621022,0.006931447016540915,0.00023568602045997977,4816896.0,4014080.0
neu_mbv2_pattern_mining,2026-02-08T13:04:58,0,338,68,2,0.9375,0.40822410583496094,7.0747808,0.024789573159068823,0.018007880134973675,0.006781693024095148,1,5,0.0015876129909884185,0.006781693024095148,0.00021317502250894904,4816896.0,4014080.0
neu_mbv2_pattern_mining,2026-02-08T13:04:58,0,339,68,3,0.96875,0.12733198702335358,7.0747808,0.028431738872313872,0.020786839886568487,0.007644898985745385,1,5,0.0018403790018055588,0.007644898985745385,0.00023830498685128987,4816896.0,4014080.0
neu_mbv2_pattern_mining,2026-02-08T13:04:58,0,340,68,4,0.75,0.5522415637969971,0.45154880000000003,0.030938382842577994,0.02198526985011995,0.008953112992458045,1,5,0.0019455339934211224,0.008953112992458045,0.0002529929915908724,301056.0,250880.0
neu_mbv2_pattern_mining,2026-02-08T13:04:59,1,336,68,0,1.0,0.0001382455084240064,7.0747808,0.15530342803685926,0.12221818004036322,0.03308524799649604,1,5,0.011532193020684645,0.03308524799649604,0.0006896249833516777,4816896.0,4014080.0
neu_mbv2_pattern_mining,2026-02-08T13:04:59,1,337,68,1,0.953125,0.43717244267463684,7.0747808,0.035192969924537465,0.025684729916974902,0.009508240007562563,1,5,0.0022643209958914667,0.009508240007562563,0.0003041519958060235,4816896.0,4014080.0
neu_mbv2_pattern_mining,2026-02-08T13:04:59,1,338,68,2,0.9375,0.1982116401195526,7.0747808,0.03624549283995293,0.026247619825880975,0.009997873014071956,1,5,0.002322963991900906,0.009997873014071956,0.0003017979906871915,4816896.0,4014080.0
neu_mbv2_pattern_mining,2026-02-08T13:04:59,1,339,68,3,0.921875,0.5339101552963257,7.0747808,0.03664965298958123,0.026370470004621893,0.010279182984959334,1,5,0.002328837988898158,0.010279182984959334,0.00030820901156403124,4816896.0,4014080.0
neu_mbv2_pattern_mining,2026-02-08T13:04:59,1,340,68,4,1.0,0.2174067497253418,0.3411616,0.04209212522255257,0.028392420208547264,0.013699705014005303,1,5,0.002526633004890755,0.013699705014005303,0.0003126090159639716,225792.0,188160.0
neu_mbv2_pattern_mining,2026-02-08T13:05:00,2,336,68,0,1.0,3.5585020668804646e-05,7.0747808,0.15664502594154328,0.1250871899537742,0.03155783598776907,1,5,0.011851653980556875,0.03155783598776907,0.0006570650148205459,4816896.0,4014080.0
neu_mbv2_pattern_mining,2026-02-08T13:05:00,2,337,68,1,0.984375,0.011992494575679302,7.0747808,0.03019666625186801,0.02189625025494024,0.008300415996927768,1,5,0.0019235850195400417,0.008300415996927768,0.00026604000595398247,4816896.0,4014080.0
neu_mbv2_pattern_mining,2026-02-08T13:05:00,2,338,68,2,0.984375,0.01642504706978798,7.0747808,0.0290902950509917,0.02088020002702251,0.008210095023969188,1,5,0.0018486889894120395,0.008210095023969188,0.00023933101329021156,4816896.0,4014080.0
neu_mbv2_pattern_mining,2026-02-08T13:05:00,2,339,68,3,0.984375,0.028449198231101036,7.0747808,0.027859029971295968,0.02113616996211931,0.006722860009176657,1,5,0.0019119229982607067,0.006722860009176657,0.00020169399795122445,4816896.0,4014080.0
neu_mbv2_pattern_mining,2026-02-08T13:05:00,2,340,68,4,0.0,4.07211446762085,0.3411616,0.02644718502415344,0.017736360023263842,0.0087108250008896,1,5,0.0015800760011188686,0.0087108250008896,0.0001935600012075156,225792.0,188160.0
neu_mbv2_pattern_mining,2026-02-08T13:05:01,3,336,68,0,1.0,6.7777541516989e-06,7.0747808,0.1818450287100859,0.15084470971487463,0.031000318995211273,1,5,0.014499778975732625,0.031000318995211273,0.000584691995754838,4816896.0,4014080.0
neu_mbv2_pattern_mining,2026-02-08T13:05:01,3,337,68,1,0.984375,0.05941170081496239,7.0747808,0.029252617910970002,0.021067209891043603,0.008185408019926399,1,5,0.001828512002248317,0.008185408019926399,0.00027820898685604334,4816896.0,4014080.0
neu_mbv2_pattern_mining,2026-02-08T13:05:01,3,338,68,2,1.0,0.00015119095041882247,7.0747808,0.032512634265003726,0.023547950258944184,0.008964684006059542,1,5,0.002078222023556009,0.008964684006059542,0.0002765730023384094,4816896.0,4014080.0
neu_mbv2_pattern_mining,2026-02-08T13:05:01,3,339,68,3,0.984375,0.0229756161570549,7.0747808,0.032267855131067336,0.023647200141567737,0.008620654989499599,1,5,0.002089547022478655,0.008620654989499599,0.0002751729916781187,4816896.0,4014080.0
neu_mbv2_pattern_mining,2026-02-08T13:05:01,3,340,68,4,1.0,0.036917753517627716,0.3411616,0.037983551126671955,0.026181460125371814,0.011802091001300141,1,5,0.0023106370063032955,0.011802091001300141,0.0003075090062338859,225792.0,188160.0
neu_mbv2_pattern_mining,2026-02-08T13:05:01,4,336,68,0,1.0,1.9069400877924636e-05,7.0747808,0.17654025999945588,0.14092274999711663,0.03561751000233926,1,5,0.013429232989437878,0.03561751000233926,0.0006630420102737844,4816896.0,4014080.0
neu_mbv2_pattern_mining,2026-02-08T13:05:01,4,337,68,1,1.0,0.0019215972861275077,7.0747808,0.029537843132857233,0.021855120139662176,0.007682722993195057,1,5,0.0019077940087299794,0.007682722993195057,0.00027771800523623824,4816896.0,4014080.0
neu_mbv2_pattern_mining,2026-02-08T13:05:01,4,338,68,2,0.9375,0.33063632249832153,7.0747808,0.027159222023328766,0.019631570030469447,0.007527651992859319,1,5,0.0017285319918300956,0.007527651992859319,0.0002346250112168491,4816896.0,4014080.0
neu_mbv2_pattern_mining,2026-02-08T13:05:01,4,339,68,3,1.0,0.005042152479290962,7.0747808,0.030596397031331435,0.02274058002512902,0.007855817006202415,1,5,0.002009174000704661,0.007855817006202415,0.000264884001808241,4816896.0,4014080.0
neu_mbv2_pattern_mining,2026-02-08T13:05:02,4,340,68,4,1.0,0.20556007325649261,0.3411616,0.028533170523587614,0.019553699530661106,0.008979470992926508,1,5,0.0017542239802423865,0.008979470992926508,0.00020114597282372415,225792.0,188160.0
neu_mbv2_pattern_mining,2026-02-08T13:05:03,0,341,69,0,0.984375,0.07375730574131012,7.0747808,0.11528696594177745,0.08786816993961111,0.027418796002166346,1,5,0.008206930011510849,0.027418796002166346,0.0005798869824502617,4816896.0,4014080.0
neu_mbv2_pattern_mining,2026-02-08T13:05:03,0,342,69,1,0.984375,0.0314977765083313,7.0747808,0.025212174805346876,0.018454539822414517,0.006757634982932359,1,5,0.001625884004170075,0.006757634982932359,0.00021956997807137668,4816896.0,4014080.0
neu_mbv2_pattern_mining,2026-02-08T13:05:03,0,343,69,2,0.90625,0.5364113450050354,7.0747808,0.027066852984717116,0.020184559980407357,0.0068822930043097585,1,5,0.0017570740019436926,0.0068822930043097585,0.00026138199609704316,4816896.0,4014080.0
neu_mbv2_pattern_mining,2026-02-08T13:05:03,0,344,69,3,0.9375,0.3689435124397278,7.0747808,0.027280986250843853,0.020443500252440572,0.006837485998403281,1,5,0.0017795750172808766,0.006837485998403281,0.00026477500796318054,4816896.0,4014080.0
neu_mbv2_pattern_mining,2026-02-08T13:05:03,0,345,69,4,0.5,1.0812114477157593,0.45154880000000003,0.027701619896106422,0.020311799889896065,0.007389820006210357,1,5,0.0017874010081868619,0.007389820006210357,0.00024377898080274463,301056.0,250880.0
neu_mbv2_pattern_mining,2026-02-08T13:05:04,1,341,69,0,1.0,0.0011208918876945972,7.0747808,0.2167655300872866,0.17667289008386433,0.040092640003422275,1,5,0.01705134499934502,0.040092640003422275,0.0006159440090414137,4816896.0,4014080.0
neu_mbv2_pattern_mining,2026-02-08T13:05:04,1,342,69,1,1.0,0.018345143646001816,7.0747808,0.03513790408032946,0.02581756009021774,0.009320343990111724,1,5,0.0022794200049247593,0.009320343990111724,0.00030233600409701467,4816896.0,4014080.0
neu_mbv2_pattern_mining,2026-02-08T13:05:04,1,343,69,2,0.859375,0.46961289644241333,7.0747808,0.040850537799997255,0.029594999796245247,0.011255538003752008,1,5,0.0026321259792894125,0.011255538003752008,0.0003273740003351122,4816896.0,4014080.0
neu_mbv2_pattern_mining,2026-02-08T13:05:04,1,344,69,3,0.96875,0.11148611456155777,7.0747808,0.03852199119864963,0.02801095019094646,0.01051104100770317,1,5,0.0024750540032982826,0.01051104100770317,0.00032604101579636335,4816896.0,4014080.0
neu_mbv2_pattern_mining,2026-02-08T13:05:04,1,345,69,4,1.0,0.17784857749938965,0.3411616,0.043066315818578005,0.02888714981963858,0.014179165998939425,1,5,0.002568612981121987,0.014179165998939425,0.0003201020008418709,225792.0,188160.0
neu_mbv2_pattern_mining,2026-02-08T13:05:05,2,341,69,0,1.0,0.001235960517078638,7.0747808,0.10972341400338337,0.08879064000211656,0.020932774001266807,1,5,0.008476195012917742,0.020932774001266807,0.00040286898729391396,4816896.0,4014080.0
neu_mbv2_pattern_mining,2026-02-08T13:05:05,2,342,69,1,1.0,0.012652628123760223,7.0747808,0.02217606719932519,0.016225690196733922,0.005950377002591267,1,5,0.0014456170029006898,0.005950377002591267,0.00017695201677270234,4816896.0,4014080.0
neu_mbv2_pattern_mining,2026-02-08T13:05:05,2,343,69,2,0.96875,0.057072799652814865,7.0747808,0.02227085389313288,0.016936149913817644,0.005334703979315236,1,5,0.0014830919972155243,0.005334703979315236,0.0002105229941662401,4816896.0,4014080.0
neu_mbv2_pattern_mining,2026-02-08T13:05:05,2,344,69,3,1.0,0.00926161278039217,7.0747808,0.025381202227436006,0.018947580247186124,0.006433621980249882,1,5,0.0016658180102240294,0.006433621980249882,0.000228940014494583,4816896.0,4014080.0
neu_mbv2_pattern_mining,2026-02-08T13:05:05,2,345,69,4,0.3333333333333333,4.256956577301025,0.3411616,0.028462649061111733,0.01929207006469369,0.009170578996418044,1,5,0.0017028970178216696,0.009170578996418044,0.00022630998864769936,225792.0,188160.0
neu_mbv2_pattern_mining,2026-02-08T13:05:05,3,341,69,0,1.0,0.007459801621735096,7.0747808,0.09469912605709396,0.07355106004979461,0.02114806600729935,1,5,0.006798342015827075,0.02114806600729935,0.0005567639891523868,4816896.0,4014080.0
neu_mbv2_pattern_mining,2026-02-08T13:05:05,3,342,69,1,0.96875,0.15006761252880096,7.0747808,0.029993024916620925,0.022418659937102348,0.0075743649795185775,1,5,0.001981178007554263,0.0075743649795185775,0.0002606879861559719,4816896.0,4014080.0
neu_mbv2_pattern_mining,2026-02-08T13:05:06,3,343,69,2,0.875,0.4437583386898041,7.0747808,0.026581850077491254,0.019248010066803545,0.007333840010687709,1,5,0.0017331730050500482,0.007333840010687709,0.00019162800163030624,4816896.0,4014080.0
neu_mbv2_pattern_mining,2026-02-08T13:05:06,3,344,69,3,0.9375,0.2637357711791992,7.0747808,0.02714068378554657,0.0192906497977674,0.00785003398777917,1,5,0.0017272289842367172,0.00785003398777917,0.00020183599554002285,4816896.0,4014080.0
neu_mbv2_pattern_mining,2026-02-08T13:05:06,3,345,69,4,0.6666666666666666,1.3463636636734009,0.3411616,0.03363870605244301,0.022331890068016946,0.011306815984426066,1,5,0.002007567003602162,0.011306815984426066,0.00022562200319953263,225792.0,188160.0
neu_mbv2_pattern_mining,2026-02-08T13:05:06,4,341,69,0,1.0,3.9019556425046176e-05,7.0747808,0.16673469010856934,0.13132446008967236,0.03541023001889698,1,5,0.012372918019536883,0.03541023001889698,0.000759527989430353,4816896.0,4014080.0
neu_mbv2_pattern_mining,2026-02-08T13:05:06,4,342,69,1,1.0,3.742052285815589e-05,7.0747808,0.03818610977032222,0.02751576976152137,0.01067034000880085,1,5,0.0024648669932503253,0.01067034000880085,0.0002867099829018116,4816896.0,4014080.0
neu_mbv2_pattern_mining,2026-02-08T13:05:06,4,343,69,2,1.0,0.0005101793794892728,7.0747808,0.03507827327121049,0.025192310276906937,0.009885962994303554,1,5,0.0022693680075462908,0.009885962994303554,0.000249863020144403,4816896.0,4014080.0
neu_mbv2_pattern_mining,2026-02-08T13:05:06,4,344,69,3,1.0,0.0002716772723942995,7.0747808,0.035052661289228126,0.025136630283668637,0.009916031005559489,1,5,0.002264344017021358,0.009916031005559489,0.0002493190113455057,4816896.0,4014080.0
neu_mbv2_pattern_mining,2026-02-08T13:05:06,4,345,69,4,0.6666666666666666,1.6782039403915405,0.3411616,0.03934336584643461,0.026595259841997176,0.012748106004437432,1,5,0.0023948869784362614,0.012748106004437432,0.0002646390057634562,225792.0,188160.0
neu_mbv2_pattern_mining,2026-02-08T13:05:08,0,346,70,0,1.0,0.003132201498374343,7.0747808,0.10793889980413951,0.08382454980164766,0.024114350002491847,1,5,0.007752440986223519,0.024114350002491847,0.0006300139939412475,4816896.0,4014080.0
neu_mbv2_pattern_mining,2026-02-08T13:05:08,0,347,70,1,0.828125,1.1369967460632324,7.0747808,0.029885981988627464,0.021838289976585656,0.008047692012041807,1,5,0.0019398480071686208,0.008047692012041807,0.00024398099048994482,4816896.0,4014080.0
neu_mbv2_pattern_mining,2026-02-08T13:05:08,0,348,70,2,1.0,0.002390292938798666,7.0747808,0.030524987843818963,0.022130569850560278,0.008394417993258685,1,5,0.0019687679887283593,0.008394417993258685,0.00024428899632766843,4816896.0,4014080.0
neu_mbv2_pattern_mining,2026-02-08T13:05:08,0,349,70,3,1.0,0.0025780415162444115,7.0747808,0.03121030714828521,0.022482910135295242,0.008727397012989968,1,5,0.001974473998416215,0.008727397012989968,0.000273817015113309,4816896.0,4014080.0
neu_mbv2_pattern_mining,2026-02-08T13:05:08,0,350,70,4,0.75,0.4547331929206848,0.45154880000000003,0.02971093126689084,0.021111820242367685,0.008599111024523154,1,5,0.0018850490159820765,0.008599111024523154,0.00022613300825469196,301056.0,250880.0
neu_mbv2_pattern_mining,2026-02-08T13:05:09,1,346,70,0,1.0,0.0002487559395376593,7.0747808,0.12524590594694018,0.0999458899605088,0.02530001598643139,1,5,0.00939129397738725,0.02530001598643139,0.0006032950186636299,4816896.0,4014080.0
neu_mbv2_pattern_mining,2026-02-08T13:05:09,1,347,70,1,1.0,1.6566846170462668e-05,7.0747808,0.02745886391494423,0.0201899599051103,0.007268904009833932,1,5,0.0017860810039564967,0.007268904009833932,0.00023291498655453324,4816896.0,4014080.0
neu_mbv2_pattern_mining,2026-02-08T13:05:09,1,348,70,2,0.953125,0.2453646957874298,7.0747808,0.024957816902315244,0.01797381992219016,0.0069839969801250845,1,5,0.0016186459979508072,0.0069839969801250845,0.00017873599426820874,4816896.0,4014080.0
neu_mbv2_pattern_mining,2026-02-08T13:05:09,1,349,70,3,1.0,0.00811101496219635,7.0747808,0.02445882387110032,0.017690449894871563,0.006768373976228759,1,5,0.0016014779976103455,0.006768373976228759,0.0001675669918768108,4816896.0,4014080.0
neu_mbv2_pattern_mining,2026-02-08T13:05:09,1,350,70,4,0.6666666666666666,1.6488761901855469,0.3411616,0.027990271628368646,0.018916059634648263,0.009074211993720382,1,5,0.0017067419830709696,0.009074211993720382,0.00018486398039385676,225792.0,188160.0
neu_mbv2_pattern_mining,2026-02-08T13:05:09,2,346,70,0,1.0,6.750263855792582e-05,7.0747808,0.13972237112466246,0.11058936011977494,0.02913301100488752,1,5,0.010360437008785084,0.02913301100488752,0.0006984990031924099,4816896.0,4014080.0
neu_mbv2_pattern_mining,2026-02-08T13:05:09,2,347,70,1,1.0,0.0002971604699268937,7.0747808,0.03326178601128049,0.02474665001500398,0.008515135996276513,1,5,0.002202989999204874,0.008515135996276513,0.0002716750022955239,4816896.0,4014080.0
neu_mbv2_pattern_mining,2026-02-08T13:05:09,2,348,70,2,0.953125,0.15788234770298004,7.0747808,0.029779660777421668,0.021314539771992713,0.008465121005428955,1,5,0.0019151869928464293,0.008465121005428955,0.00021626698435284197,4816896.0,4014080.0
neu_mbv2_pattern_mining,2026-02-08T13:05:09,2,349,70,3,0.984375,0.051771752536296844,7.0747808,0.02980221380130388,0.021578369778580964,0.008223844022722915,1,5,0.0019470869738142937,0.008223844022722915,0.00021075000404380262,4816896.0,4014080.0
neu_mbv2_pattern_mining,2026-02-08T13:05:10,2,350,70,4,1.0,0.1134120523929596,0.3411616,0.03498560609295964,0.02348706009797752,0.011498545994982123,1,5,0.0021202820062171668,0.011498545994982123,0.00022842400358058512,225792.0,188160.0
neu_mbv2_pattern_mining,2026-02-08T13:05:10,3,346,70,0,1.0,0.00016744385357014835,7.0747808,0.11452109765377827,0.09094120963709429,0.02357988801668398,1,5,0.008525025972630829,0.02357988801668398,0.0005690949910786003,4816896.0,4014080.0
neu_mbv2_pattern_mining,2026-02-08T13:05:10,3,347,70,1,0.90625,0.646085262298584,7.0747808,0.029632470977958292,0.021530899975914508,0.008101571002043784,1,5,0.0019213090126868337,0.008101571002043784,0.00023178098490461707,4816896.0,4014080.0
neu_mbv2_pattern_mining,2026-02-08T13:05:10,3,348,70,2,0.921875,0.314598947763443,7.0747808,0.0302228749205824,0.02184390992624685,0.008378964994335547,1,5,0.0019510040001478046,0.008378964994335547,0.00023338699247688055,4816896.0,4014080.0
neu_mbv2_pattern_mining,2026-02-08T13:05:10,3,349,70,3,1.0,0.031441472470760345,7.0747808,0.030293194693513215,0.021866279712412506,0.008426914981100708,1,5,0.0019530579738784581,0.008426914981100708,0.0002335699973627925,4816896.0,4014080.0
neu_mbv2_pattern_mining,2026-02-08T13:05:10,3,350,70,4,0.6666666666666666,1.5113009214401245,0.3411616,0.03753627082915045,0.02552528982050717,0.012010981008643284,1,5,0.0022946359822526574,0.012010981008643284,0.00025789299979805946,225792.0,188160.0
neu_mbv2_pattern_mining,2026-02-08T13:05:11,4,346,70,0,1.0,0.0001832262787502259,7.0747808,0.17755110198049806,0.13741636998020113,0.040134732000296935,1,5,0.01290450498345308,0.040134732000296935,0.0008371320145670325,4816896.0,4014080.0
neu_mbv2_pattern_mining,2026-02-08T13:05:11,4,347,70,1,0.984375,0.06397317349910736,7.0747808,0.03543809085385874,0.02582836983492598,0.00960972101893276,1,5,0.0022922269999980927,0.00960972101893276,0.0002906099834945053,4816896.0,4014080.0
neu_mbv2_pattern_mining,2026-02-08T13:05:11,4,348,70,2,0.984375,0.02104986645281315,7.0747808,0.033205156127223745,0.02387203014222905,0.009333125984994695,1,5,0.002139218006050214,0.009333125984994695,0.00024798500817269087,4816896.0,4014080.0
neu_mbv2_pattern_mining,2026-02-08T13:05:11,4,349,70,3,1.0,0.003682970069348812,7.0747808,0.03324319387320429,0.023918979859445244,0.009324214013759047,1,5,0.0021560959867201746,0.009324214013759047,0.00023580199922434986,4816896.0,4014080.0
neu_mbv2_pattern_mining,2026-02-08T13:05:11,4,350,70,4,0.6666666666666666,0.9172086119651794,0.3411616,0.03781158188940026,0.025439639866817743,0.012371942022582516,1,5,0.002275429986184463,0.012371942022582516,0.00026853400049731135,225792.0,188160.0
neu_mbv2_pattern_mining,2026-02-08T13:05:13,0,351,71,0,1.0,1.3702494470635429e-05,7.0747808,0.0965365328011103,0.0733155498164706,0.023220982984639704,1,5,0.006853273982414976,0.023220982984639704,0.00047828099923208356,4816896.0,4014080.0
neu_mbv2_pattern_mining,2026-02-08T13:05:13,0,352,71,1,0.984375,0.01792527362704277,7.0747808,0.030990149010904133,0.022545190004166216,0.008444959006737918,1,5,0.002018097002292052,0.008444959006737918,0.00023642199812456965,4816896.0,4014080.0
neu_mbv2_pattern_mining,2026-02-08T13:05:13,0,353,71,2,1.0,0.0001382826012559235,7.0747808,0.030393713852390647,0.021753489854745567,0.00864022399764508,1,5,0.0019445689977146685,0.00864022399764508,0.00023077998775988817,4816896.0,4014080.0
neu_mbv2_pattern_mining,2026-02-08T13:05:13,0,354,71,3,1.0,0.0023479838855564594,7.0747808,0.028610917972400784,0.020698629959952086,0.007912288012448698,1,5,0.0018564539786893874,0.007912288012448698,0.00021340901730582118,4816896.0,4014080.0
neu_mbv2_pattern_mining,2026-02-08T13:05:13,0,355,71,4,1.0,0.06773824989795685,0.45154880000000003,0.03177374613005668,0.02236552012618631,0.009408226003870368,1,5,0.002003989997319877,0.009408226003870368,0.00023256201529875398,301056.0,250880.0
neu_mbv2_pattern_mining,2026-02-08T13:05:13,1,351,71,0,1.0,0.00010833154374267906,7.0747808,0.10480253910645843,0.08373679011128843,0.021065748995169997,1,5,0.00791734701488167,0.021065748995169997,0.00045633199624717236,4816896.0,4014080.0
neu_mbv2_pattern_mining,2026-02-08T13:05:13,1,352,71,1,0.953125,0.15464697778224945,7.0747808,0.0293200129235629,0.021557729924097657,0.007762282999465242,1,5,0.001906162011437118,0.007762282999465242,0.00024961098097264767,4816896.0,4014080.0
neu_mbv2_pattern_mining,2026-02-08T13:05:13,1,353,71,2,1.0,0.003998998552560806,7.0747808,0.0292152501642704,0.021210260165389627,0.008004989998880774,1,5,0.0018692180165089667,0.008004989998880774,0.00025180800002999604,4816896.0,4014080.0
neu_mbv2_pattern_mining,2026-02-08T13:05:13,1,354,71,3,0.984375,0.04746367782354355,7.0747808,0.0360987291787751,0.027373740158509463,0.008724989020265639,1,5,0.002442512020934373,0.008724989020265639,0.00029486199491657317,4816896.0,4014080.0
neu_mbv2_pattern_mining,2026-02-08T13:05:13,1,355,71,4,1.0,0.16240982711315155,0.3411616,0.037644567870302126,0.026220929867122322,0.011423638003179803,1,5,0.002321734995348379,0.011423638003179803,0.0003003579913638532,225792.0,188160.0
neu_mbv2_pattern_mining,2026-02-08T13:05:14,2,351,71,0,1.0,0.0006038398132659495,7.0747808,0.12923590990249068,0.10363426990807056,0.02560163999442011,1,5,0.009879380988422781,0.02560163999442011,0.0004840460023842752,4816896.0,4014080.0
neu_mbv2_pattern_mining,2026-02-08T13:05:14,2,352,71,1,0.984375,0.028386922553181648,7.0747808,0.02582242724020034,0.019262810237705708,0.006559617002494633,1,5,0.001683087000856176,0.006559617002494633,0.00024319402291439474,4816896.0,4014080.0
neu_mbv2_pattern_mining,2026-02-08T13:05:14,2,353,71,2,1.0,9.021176811074838e-05,7.0747808,0.023284781898837537,0.016931649879552424,0.006353132019285113,1,5,0.001494684984209016,0.006353132019285113,0.00019848000374622643,4816896.0,4014080.0
neu_mbv2_pattern_mining,2026-02-08T13:05:14,2,354,71,3,1.0,0.011138496920466423,7.0747808,0.02399199118372053,0.017425480182282627,0.0065665110014379025,1,5,0.0015453060041181743,0.0065665110014379025,0.00019724201411008835,4816896.0,4014080.0
neu_mbv2_pattern_mining,2026-02-08T13:05:14,2,355,71,4,0.3333333333333333,1.241712212562561,0.3411616,0.029383069835603237,0.0201572198420763,0.009225849993526936,1,5,0.0017854439793154597,0.009225849993526936,0.00023027800489217043,225792.0,188160.0
neu_mbv2_pattern_mining,2026-02-08T13:05:15,3,351,71,0,1.0,0.00024375724024139345,7.0747808,0.11529403508757241,0.09284263011068106,0.022451404976891354,1,5,0.008677044999785721,0.022451404976891354,0.0006072180112823844,4816896.0,4014080.0
neu_mbv2_pattern_mining,2026-02-08T13:05:15,3,352,71,1,1.0,0.0006372313946485519,7.0747808,0.029423051280900836,0.02204961027018726,0.007373441010713577,1,5,0.001976588013349101,0.007373441010713577,0.00022837301366962492,4816896.0,4014080.0
neu_mbv2_pattern_mining,2026-02-08T13:05:15,3,353,71,2,1.0,0.00032079729135148227,7.0747808,0.02202383175608702,0.015961399767547846,0.006062431988539174,1,5,0.0014076999796088785,0.006062431988539174,0.0001884399971459061,4816896.0,4014080.0
neu_mbv2_pattern_mining,2026-02-08T13:05:15,3,354,71,3,0.984375,0.024395933374762535,7.0747808,0.02587074605980888,0.019302940054330975,0.006567806005477905,1,5,0.0016987290000542998,0.006567806005477905,0.00023156500537879765,4816896.0,4014080.0
neu_mbv2_pattern_mining,2026-02-08T13:05:15,3,355,71,4,0.6666666666666666,0.4966532289981842,0.3411616,0.031873707892373204,0.023028829891700298,0.008844878000672907,1,5,0.0020571039931382984,0.008844878000672907,0.00024577899603173137,225792.0,188160.0
neu_mbv2_pattern_mining,2026-02-08T13:05:16,4,351,71,0,1.0,1.4499615645036101e-05,7.0747808,0.12799480406101793,0.10322318004909903,0.024771624011918902,1,5,0.009782212000573054,0.024771624011918902,0.0005401060043368489,4816896.0,4014080.0
neu_mbv2_pattern_mining,2026-02-08T13:05:16,4,352,71,1,1.0,7.496277248719707e-05,7.0747808,0.0342346966790501,0.024695699685253203,0.0095389969937969,1,5,0.0021624009823426604,0.0095389969937969,0.00030716898618265986,4816896.0,4014080.0
neu_mbv2_pattern_mining,2026-02-08T13:05:16,4,353,71,2,1.0,0.0008817312773317099,7.0747808,0.03157501097302884,0.02273118996527046,0.008843821007758379,1,5,0.002043468994088471,0.008843821007758379,0.00022965000243857503,4816896.0,4014080.0
neu_mbv2_pattern_mining,2026-02-08T13:05:16,4,354,71,3,1.0,6.240116636035964e-05,7.0747808,0.033077876025345176,0.023757710005156696,0.00932016602018848,1,5,0.0021396710071712732,0.00932016602018848,0.00023609999334439635,4816896.0,4014080.0
neu_mbv2_pattern_mining,2026-02-08T13:05:16,4,355,71,4,0.6666666666666666,0.6389808058738708,0.3411616,0.03672791505232453,0.024738250067457557,0.011989664984866977,1,5,0.002240998001070693,0.011989664984866977,0.00023282700567506254,225792.0,188160.0
neu_mbv2_pattern_mining,2026-02-08T13:05:17,0,356,72,0,1.0,0.0005332475411705673,7.0747808,0.13903720016242005,0.1044144801562652,0.03462272000615485,1,5,0.009952112013706937,0.03462272000615485,0.0004893360019195825,4816896.0,4014080.0
neu_mbv2_pattern_mining,2026-02-08T13:05:17,0,357,72,1,1.0,0.015882138162851334,7.0747808,0.025665219727670774,0.018741589738056064,0.00692362998961471,1,5,0.0016713279765099287,0.00692362998961471,0.00020283099729567766,4816896.0,4014080.0
neu_mbv2_pattern_mining,2026-02-08T13:05:17,0,358,72,2,1.0,0.000410612701671198,7.0747808,0.026634688110789284,0.019312720105517656,0.0073219680052716285,1,5,0.0017281070176977664,0.0073219680052716285,0.00020316499285399914,4816896.0,4014080.0
neu_mbv2_pattern_mining,2026-02-08T13:05:17,0,359,72,3,1.0,0.0019000027095898986,7.0747808,0.03240935780922882,0.023709609813522547,0.008699747995706275,1,5,0.002111865993356332,0.008699747995706275,0.00025909498799592257,4816896.0,4014080.0
neu_mbv2_pattern_mining,2026-02-08T13:05:17,0,360,72,4,0.25,1.8551080226898193,0.45154880000000003,0.03518244531005621,0.025784600293263793,0.009397845016792417,1,5,0.0022822790197096765,0.009397845016792417,0.0002961810096167028,301056.0,250880.0
neu_mbv2_pattern_mining,2026-02-08T13:05:18,1,356,72,0,1.0,1.885142773971893e-05,7.0747808,0.1362942159466911,0.10921031993348151,0.027083896013209596,1,5,0.010173204995226115,0.027083896013209596,0.0007478269981220365,4816896.0,4014080.0
neu_mbv2_pattern_mining,2026-02-08T13:05:18,1,357,72,1,1.0,0.004858643282204866,7.0747808,0.03597380791325122,0.02604170993436128,0.009932097978889942,1,5,0.002323724009329453,0.009932097978889942,0.0002804469841066748,4816896.0,4014080.0
neu_mbv2_pattern_mining,2026-02-08T13:05:18,1,358,72,2,0.90625,0.2541102468967438,7.0747808,0.03330302512040362,0.02433648012811318,0.008966544992290437,1,5,0.0021654970187228173,0.008966544992290437,0.00026815099408850074,4816896.0,4014080.0
neu_mbv2_pattern_mining,2026-02-08T13:05:18,1,359,72,3,0.96875,0.12683594226837158,7.0747808,0.028955869318451732,0.020706770301330835,0.008249099017120898,1,5,0.0018587920058052987,0.008249099017120898,0.00021188502432778478,4816896.0,4014080.0
neu_mbv2_pattern_mining,2026-02-08T13:05:18,1,360,72,4,0.3333333333333333,2.7792365550994873,0.3411616,0.03187382488977164,0.021637679892592132,0.010236144997179508,1,5,0.0019493959844112396,0.010236144997179508,0.00021437200484797359,225792.0,188160.0
neu_mbv2_pattern_mining,2026-02-08T13:05:19,2,356,72,0,1.0,5.812088056700304e-05,7.0747808,0.1913634328811895,0.1597403798950836,0.031623052986105904,1,5,0.015400645992485806,0.031623052986105904,0.0005733919970225543,4816896.0,4014080.0
neu_mbv2_pattern_mining,2026-02-08T13:05:19,2,357,72,1,1.0,0.0022932381834834814,7.0747808,0.033793005684856325,0.024385669676121324,0.009407336008735001,1,5,0.0021788769809063524,0.009407336008735001,0.00025968998670578003,4816896.0,4014080.0
neu_mbv2_pattern_mining,2026-02-08T13:05:19,2,358,72,2,1.0,0.00026248308131471276,7.0747808,0.03535097595886327,0.02526077994843945,0.010090196010423824,1,5,0.0022575510083697736,0.010090196010423824,0.0002685269864741713,4816896.0,4014080.0
neu_mbv2_pattern_mining,2026-02-08T13:05:19,2,359,72,3,0.984375,0.027775904163718224,7.0747808,0.0327733485319186,0.02351871953578666,0.009254628996131942,1,5,0.0021171709813643247,0.009254628996131942,0.00023470097221434116,4816896.0,4014080.0
neu_mbv2_pattern_mining,2026-02-08T13:05:19,2,360,72,4,1.0,0.010410371236503124,0.3411616,0.04173070611432195,0.029046070121694356,0.012684635992627591,1,5,0.0026433910243213177,0.012684635992627591,0.00026121598784811795,225792.0,188160.0
neu_mbv2_pattern_mining,2026-02-08T13:05:20,3,356,72,0,1.0,3.9370286685880274e-05,7.0747808,0.14156652113888413,0.11396306013921276,0.02760346099967137,1,5,0.010831658000824973,0.02760346099967137,0.0005646480130963027,4816896.0,4014080.0
neu_mbv2_pattern_mining,2026-02-08T13:05:20,3,357,72,1,1.0,0.001953393453732133,7.0747808,0.032778031105408445,0.023870310105849057,0.008907720999559388,1,5,0.0021246480173431337,0.008907720999559388,0.00026238299324177206,4816896.0,4014080.0
neu_mbv2_pattern_mining,2026-02-08T13:05:20,3,358,72,2,0.953125,0.202906996011734,7.0747808,0.028916174109326676,0.020940930116921663,0.007975243992405012,1,5,0.0018697990162763745,0.007975243992405012,0.00022429399541579187,4816896.0,4014080.0
neu_mbv2_pattern_mining,2026-02-08T13:05:20,3,359,72,3,1.0,0.003352412488311529,7.0747808,0.0286745177290868,0.020931849721819162,0.007742668007267639,1,5,0.0018675119790714234,0.007742668007267639,0.00022567299311049283,4816896.0,4014080.0
neu_mbv2_pattern_mining,2026-02-08T13:05:20,3,360,72,4,1.0,0.05102967098355293,0.3411616,0.026216030033538118,0.018281840020790696,0.007934190012747422,1,5,0.0016404979978688061,0.007934190012747422,0.0001876860042102635,225792.0,188160.0
neu_mbv2_pattern_mining,2026-02-08T13:05:21,4,356,72,0,1.0,0.00047877911129035056,7.0747808,0.22202968096826226,0.1794843899551779,0.04254529101308435,1,5,0.01731066600768827,0.04254529101308435,0.0006377729878295213,4816896.0,4014080.0
neu_mbv2_pattern_mining,2026-02-08T13:05:21,4,357,72,1,1.0,0.0038126478902995586,7.0747808,0.034373373026028275,0.024830990005284548,0.009542383020743728,1,5,0.0022090490092523396,0.009542383020743728,0.0002740499912761152,4816896.0,4014080.0
neu_mbv2_pattern_mining,2026-02-08T13:05:21,4,358,72,2,1.0,0.0008019885281100869,7.0747808,0.04000514492508955,0.028521209897007793,0.01148393502808176,1,5,0.0025771450018510222,0.01148393502808176,0.0002749759878497571,4816896.0,4014080.0
neu_mbv2_pattern_mining,2026-02-08T13:05:21,4,359,72,3,0.953125,0.16158732771873474,7.0747808,0.0384621188568417,0.027323619870003313,0.011138498986838385,1,5,0.0024701409856788814,0.011138498986838385,0.0002622210013214499,4816896.0,4014080.0
neu_mbv2_pattern_mining,2026-02-08T13:05:21,4,360,72,4,0.6666666666666666,2.7892067432403564,0.3411616,0.04287325905170292,0.029565870063379407,0.01330738898832351,1,5,0.002694565017009154,0.01330738898832351,0.00026202198932878673,225792.0,188160.0
neu_mbv2_pattern_mining,2026-02-08T13:05:22,0,361,73,0,1.0,0.000419569609221071,7.0747808,0.10704434182844125,0.0835259398445487,0.023518401983892545,1,5,0.007752020988846198,0.023518401983892545,0.0006005729956086725,4816896.0,4014080.0
neu_mbv2_pattern_mining,2026-02-08T13:05:22,0,362,73,1,0.921875,0.2111838161945343,7.0747808,0.031242680124705657,0.023014770122244954,0.008227910002460703,1,5,0.0020328270038589835,0.008227910002460703,0.0002686500083655119,4816896.0,4014080.0
neu_mbv2_pattern_mining,2026-02-08T13:05:22,0,363,73,2,0.953125,0.34643253684043884,7.0747808,0.028756427112966776,0.020817620097659528,0.007938807015307248,1,5,0.0018760999955702573,0.007938807015307248,0.00020566201419569552,4816896.0,4014080.0
neu_mbv2_pattern_mining,2026-02-08T13:05:22,0,364,73,3,0.984375,0.020606812089681625,7.0747808,0.029694631783058867,0.02139089978300035,0.008303732000058517,1,5,0.0019267559982836246,0.008303732000058517,0.00021233398001641035,4816896.0,4014080.0
neu_mbv2_pattern_mining,2026-02-08T13:05:22,0,365,73,4,0.75,1.9222337007522583,0.45154880000000003,0.03183909805375151,0.02343447005841881,0.008404627995332703,1,5,0.002152033004676923,0.008404627995332703,0.00019141400116495788,301056.0,250880.0
neu_mbv2_pattern_mining,2026-02-08T13:05:23,1,361,73,0,1.0,1.1145215466967784e-05,7.0747808,0.15180826711002737,0.12300455011427402,0.028803716995753348,1,5,0.011785333015723154,0.028803716995753348,0.0005151219957042485,4816896.0,4014080.0
neu_mbv2_pattern_mining,2026-02-08T13:05:23,1,362,73,1,1.0,1.407446961820824e-05,7.0747808,0.026173137972364202,0.019094099989160895,0.007079037983203307,1,5,0.0016634450003039092,0.007079037983203307,0.00024596499861218035,4816896.0,4014080.0
neu_mbv2_pattern_mining,2026-02-08T13:05:23,1,363,73,2,1.0,0.0005440401728264987,7.0747808,0.0268972032063175,0.019820300221908838,0.007076902984408662,1,5,0.0017559330153744668,0.007076902984408662,0.00022609700681641698,4816896.0,4014080.0
neu_mbv2_pattern_mining,2026-02-08T13:05:23,1,364,73,3,0.984375,0.11312840133905411,7.0747808,0.023488044244004413,0.016953380254562944,0.006534663989441469,1,5,0.0015144750068429857,0.006534663989441469,0.00018086301861330867,4816896.0,4014080.0
neu_mbv2_pattern_mining,2026-02-08T13:05:23,1,365,73,4,1.0,0.2924506366252899,0.3411616,0.028849888942204416,0.019635579956229776,0.00921430898597464,1,5,0.0017583179869689047,0.00921430898597464,0.00020524000865407288,225792.0,188160.0
neu_mbv2_pattern_mining,2026-02-08T13:05:24,2,361,73,0,1.0,3.630199444160098e-06,7.0747808,0.2359071530518122,0.19284095003968105,0.043066203012131155,1,5,0.01862775001791306,0.043066203012131155,0.0006563449860550463,4816896.0,4014080.0
neu_mbv2_pattern_mining,2026-02-08T13:05:24,2,362,73,1,1.0,4.219968104735017e-05,7.0747808,0.03579613412148319,0.02587507013231516,0.009921063989168033,1,5,0.0023058880178723484,0.009921063989168033,0.00028161899535916746,4816896.0,4014080.0
neu_mbv2_pattern_mining,2026-02-08T13:05:24,2,363,73,2,1.0,0.0013856132281944156,7.0747808,0.03706636300194077,0.026605780003592372,0.0104605829983484,1,5,0.002394854003796354,0.0104605829983484,0.00026572399656288326,4816896.0,4014080.0
neu_mbv2_pattern_mining,2026-02-08T13:05:24,2,364,73,3,1.0,0.0026071493048220873,7.0747808,0.03779765794752166,0.027316829946357757,0.0104808280011639,1,5,0.002473483997164294,0.0104808280011639,0.00025819899747148156,4816896.0,4014080.0
neu_mbv2_pattern_mining,2026-02-08T13:05:24,2,365,73,4,0.3333333333333333,1.9528579711914062,0.3411616,0.038547394156921655,0.026560400146991014,0.01198699400993064,1,5,0.0023884040128905326,0.01198699400993064,0.00026763600180856884,225792.0,188160.0
neu_mbv2_pattern_mining,2026-02-08T13:05:25,3,361,73,0,1.0,0.00013513225712813437,7.0747808,0.12031767977168784,0.09669509978266433,0.023622579989023507,1,5,0.009188108990201727,0.023622579989023507,0.0004814009880647063,4816896.0,4014080.0
neu_mbv2_pattern_mining,2026-02-08T13:05:25,3,362,73,1,1.0,0.0023672732058912516,7.0747808,0.03231662802863866,0.023388160043396056,0.008928467985242605,1,5,0.002078602003166452,0.008928467985242605,0.0002602140011731535,4816896.0,4014080.0
neu_mbv2_pattern_mining,2026-02-08T13:05:25,3,363,73,2,0.984375,0.07779195159673691,7.0747808,0.030289620044641197,0.021922900050412863,0.008366719994228333,1,5,0.0019669309840537608,0.008366719994228333,0.00022535902098752558,4816896.0,4014080.0
neu_mbv2_pattern_mining,2026-02-08T13:05:25,3,364,73,3,0.984375,0.060298699885606766,7.0747808,0.033252403838559985,0.024424459843430668,0.008827943995129317,1,5,0.0022163809917401522,0.008827943995129317,0.00022606499260291457,4816896.0,4014080.0
neu_mbv2_pattern_mining,2026-02-08T13:05:25,3,365,73,4,1.0,0.019732577726244926,0.3411616,0.03441605108673684,0.0241310300771147,0.010285021009622142,1,5,0.00217572198016569,0.010285021009622142,0.00023738102754577994,225792.0,188160.0
neu_mbv2_pattern_mining,2026-02-08T13:05:26,4,361,73,0,1.0,7.264159648912027e-05,7.0747808,0.13660138691193424,0.10858127992833033,0.02802010698360391,1,5,0.010145881999051198,0.02802010698360391,0.0007122459937818348,4816896.0,4014080.0
neu_mbv2_pattern_mining,2026-02-08T13:05:26,4,362,73,1,1.0,0.00019840951426886022,7.0747808,0.02753836617921479,0.020020950178150088,0.007517416001064703,1,5,0.001764465996529907,0.007517416001064703,0.00023762902128510177,4816896.0,4014080.0
neu_mbv2_pattern_mining,2026-02-08T13:05:26,4,363,73,2,0.953125,0.23638105392456055,7.0747808,0.026538820035057142,0.01909073005663231,0.007448089978424832,1,5,0.0016904259973671287,0.007448089978424832,0.00021864700829610229,4816896.0,4014080.0
neu_mbv2_pattern_mining,2026-02-08T13:05:26,4,364,73,3,0.96875,0.055084407329559326,7.0747808,0.02873850491596386,0.021336209902074188,0.00740229501388967,1,5,0.001921471004607156,0.00740229501388967,0.00021214998560026288,4816896.0,4014080.0
neu_mbv2_pattern_mining,2026-02-08T13:05:26,4,365,73,4,0.6666666666666666,1.5861362218856812,0.3411616,0.0262834042950999,0.01804086030460894,0.008242543990490958,1,5,0.0016146390116773546,0.008242543990490958,0.00018944701878353953,225792.0,188160.0
neu_mbv2_pattern_mining,2026-02-08T13:05:27,0,366,74,0,1.0,8.230860657931771e-06,7.0747808,0.09687591009424068,0.07499697007006034,0.021878940024180338,1,5,0.006919595994986594,0.021878940024180338,0.0005801010120194405,4816896.0,4014080.0
neu_mbv2_pattern_mining,2026-02-08T13:05:27,0,367,74,1,0.984375,0.03511318936944008,7.0747808,0.025581207271898165,0.019066830282099545,0.00651437698979862,1,5,0.0016786790220066905,0.00651437698979862,0.000228004006203264,4816896.0,4014080.0
neu_mbv2_pattern_mining,2026-02-08T13:05:27,0,368,74,2,1.0,0.017015734687447548,7.0747808,0.021869700227398425,0.01584858022397384,0.006021120003424585,1,5,0.0014231130189727992,0.006021120003424585,0.00016174500342458487,4816896.0,4014080.0
neu_mbv2_pattern_mining,2026-02-08T13:05:27,0,369,74,3,0.984375,0.06557446718215942,7.0747808,0.021386246953625232,0.015507719945162535,0.005878527008462697,1,5,0.001398883992806077,0.005878527008462697,0.00015188800171017647,4816896.0,4014080.0
neu_mbv2_pattern_mining,2026-02-08T13:05:27,0,370,74,4,0.25,1.072666883468628,0.45154880000000003,0.020412940793903545,0.014700509782414883,0.005712431011488661,1,5,0.0013310469803400338,0.005712431011488661,0.00013900399790145457,301056.0,250880.0
neu_mbv2_pattern_mining,2026-02-08T13:05:28,1,366,74,0,1.0,9.05777960724663e-06,7.0747808,0.10963272387743928,0.08782522985711694,0.021807494020322338,1,5,0.008145262981997803,0.021807494020322338,0.0006372600037138909,4816896.0,4014080.0
neu_mbv2_pattern_mining,2026-02-08T13:05:28,1,367,74,1,0.984375,0.05563949793577194,7.0747808,0.029725197062361985,0.021748690051026642,0.007976507011335343,1,5,0.0019441140175331384,0.007976507011335343,0.00023075498756952584,4816896.0,4014080.0
neu_mbv2_pattern_mining,2026-02-08T13:05:28,1,368,74,2,0.984375,0.032153695821762085,7.0747808,0.026869470195379108,0.019257340172771364,0.007612130022607744,1,5,0.0017347210086882114,0.007612130022607744,0.000191013008588925,4816896.0,4014080.0
neu_mbv2_pattern_mining,2026-02-08T13:05:28,1,369,74,3,0.984375,0.054864972829818726,7.0747808,0.02462213803664781,0.01777386001776904,0.006848278018878773,1,5,0.00160633897758089,0.006848278018878773,0.0001710470241960138,4816896.0,4014080.0
neu_mbv2_pattern_mining,2026-02-08T13:05:28,1,370,74,4,0.3333333333333333,5.472174167633057,0.3411616,0.026019586191978306,0.017532780184410512,0.008486806007567793,1,5,0.0015720960218459368,0.008486806007567793,0.00018118199659511447,225792.0,188160.0
neu_mbv2_pattern_mining,2026-02-08T13:05:29,2,366,74,0,0.984375,0.011683108285069466,7.0747808,0.11219676095061004,0.08882730995537713,0.02336945099523291,1,5,0.008392760995775461,0.02336945099523291,0.000489969999762252,4816896.0,4014080.0
neu_mbv2_pattern_mining,2026-02-08T13:05:29,2,367,74,1,1.0,0.0003777656820602715,7.0747808,0.029071561119053513,0.02109090011799708,0.007980661001056433,1,5,0.0018808390013873577,0.007980661001056433,0.0002282510104123503,4816896.0,4014080.0
neu_mbv2_pattern_mining,2026-02-08T13:05:29,2,368,74,2,0.984375,0.15078771114349365,7.0747808,0.03171813813969493,0.023908390139695257,0.007809747999999672,1,5,0.002181104995543137,0.007809747999999672,0.0002097340184263885,4816896.0,4014080.0
neu_mbv2_pattern_mining,2026-02-08T13:05:29,2,369,74,3,1.0,0.03219956159591675,7.0747808,0.029710168164456263,0.021465890167746693,0.00824427799670957,1,5,0.0019367430068086833,0.00824427799670957,0.000209846009965986,4816896.0,4014080.0
neu_mbv2_pattern_mining,2026-02-08T13:05:29,2,370,74,4,0.0,1.8063420057296753,0.3411616,0.034633484901860356,0.024236039898823947,0.01039744500303641,1,5,0.0021750919986516237,0.01039744500303641,0.00024851199123077095,225792.0,188160.0
neu_mbv2_pattern_mining,2026-02-08T13:05:29,3,366,74,0,1.0,7.355363777605817e-06,7.0747808,0.1189307089371141,0.09501035994617268,0.02392034899094142,1,5,0.008839795016683638,0.02392034899094142,0.0006612409779336303,4816896.0,4014080.0
neu_mbv2_pattern_mining,2026-02-08T13:05:29,3,367,74,1,1.0,0.0013841813197359443,7.0747808,0.03005883056903258,0.022032609558664262,0.008026221010368317,1,5,0.001954688981641084,0.008026221010368317,0.0002485719742253423,4816896.0,4014080.0
neu_mbv2_pattern_mining,2026-02-08T13:05:30,3,368,74,2,1.0,0.000733359600417316,7.0747808,0.03047153478837572,0.022460899781435728,0.008010635006939992,1,5,0.00200289097847417,0.008010635006939992,0.00024319899966940284,4816896.0,4014080.0
neu_mbv2_pattern_mining,2026-02-08T13:05:30,3,369,74,3,1.0,0.00013942265650257468,7.0747808,0.02794687674031593,0.020345199736766517,0.007601677003549412,1,5,0.0018321489915251732,0.007601677003549412,0.00020237098215147853,4816896.0,4014080.0
neu_mbv2_pattern_mining,2026-02-08T13:05:30,3,370,74,4,0.6666666666666666,2.131171464920044,0.3411616,0.03511849988717586,0.023802309879101813,0.011316190008074045,1,5,0.0020868490100838244,0.011316190008074045,0.0002933819778263569,225792.0,188160.0
neu_mbv2_pattern_mining,2026-02-08T13:05:30,4,366,74,0,1.0,2.330186362087261e-05,7.0747808,0.12905085884267464,0.1041398398228921,0.024911019019782543,1,5,0.009787744987988845,0.024911019019782543,0.0006262389943003654,4816896.0,4014080.0
neu_mbv2_pattern_mining,2026-02-08T13:05:30,4,367,74,1,1.0,0.009243031032383442,7.0747808,0.029593029932584614,0.021488679922185838,0.008104350010398775,1,5,0.0019262059940956533,0.008104350010398775,0.00022266199812293053,4816896.0,4014080.0
neu_mbv2_pattern_mining,2026-02-08T13:05:30,4,368,74,2,1.0,0.00016552896704524755,7.0747808,0.028931852109963074,0.020836020121350884,0.00809583198861219,1,5,0.0018761780229397118,0.00809583198861219,0.00020742398919537663,4816896.0,4014080.0
neu_mbv2_pattern_mining,2026-02-08T13:05:30,4,369,74,3,0.984375,0.02699812687933445,7.0747808,0.02954236010555178,0.021642940118908882,0.007899419986642897,1,5,0.001960077992407605,0.007899419986642897,0.00020421601948328316,4816896.0,4014080.0
neu_mbv2_pattern_mining,2026-02-08T13:05:30,4,370,74,4,0.6666666666666666,0.6435624957084656,0.3411616,0.03288648487068713,0.022836109856143594,0.010050375014543533,1,5,0.00207583699375391,0.010050375014543533,0.00020777399186044931,225792.0,188160.0
neu_mbv2_pattern_mining,2026-02-08T13:05:32,0,371,75,0,1.0,1.5084552615007851e-05,7.0747808,0.11783725328859873,0.09021106030559167,0.02762619298300706,1,5,0.008487180020892993,0.02762619298300706,0.0005339260096661747,4816896.0,4014080.0
neu_mbv2_pattern_mining,2026-02-08T13:05:32,0,372,75,1,0.984375,0.06245623528957367,7.0747808,0.03545405701152049,0.025954500015359372,0.009499556996161118,1,5,0.0023003089881967753,0.009499556996161118,0.00029514101333916187,4816896.0,4014080.0
neu_mbv2_pattern_mining,2026-02-08T13:05:32,0,373,75,2,1.0,0.012195862829685211,7.0747808,0.0328604560054373,0.023660860024392605,0.009199595981044695,1,5,0.002128630003426224,0.009199595981044695,0.0002374559990130365,4816896.0,4014080.0
neu_mbv2_pattern_mining,2026-02-08T13:05:32,0,374,75,3,0.96875,0.13588273525238037,7.0747808,0.0327399859088473,0.02358956990065053,0.009150416008196771,1,5,0.0021168109960854053,0.009150416008196771,0.00024214599397964776,4816896.0,4014080.0
neu_mbv2_pattern_mining,2026-02-08T13:05:32,0,375,75,4,0.5,3.0648419857025146,0.45154880000000003,0.03608175422414206,0.026023780228570104,0.010057973995571956,1,5,0.002350685012061149,0.010057973995571956,0.0002516930107958615,301056.0,250880.0
neu_mbv2_pattern_mining,2026-02-08T13:05:32,1,371,75,0,1.0,1.7124224541475996e-05,7.0747808,0.1088796911353711,0.0859468401176855,0.022932851017685607,1,5,0.0080826040066313,0.022932851017685607,0.0005120800051372498,4816896.0,4014080.0
neu_mbv2_pattern_mining,2026-02-08T13:05:33,1,372,75,1,1.0,7.463307701982558e-05,7.0747808,0.02557926592999138,0.018993949925061315,0.006585316004930064,1,5,0.0016590660088695586,0.006585316004930064,0.00024032898363657296,4816896.0,4014080.0
neu_mbv2_pattern_mining,2026-02-08T13:05:33,1,373,75,2,1.0,0.00048524350859224796,7.0747808,0.029265814024256542,0.021323550026863813,0.007942263997392729,1,5,0.0018753010081127286,0.007942263997392729,0.00025705399457365274,4816896.0,4014080.0
neu_mbv2_pattern_mining,2026-02-08T13:05:33,1,374,75,3,1.0,0.005744807422161102,7.0747808,0.02571951792924665,0.018626099918037653,0.007093418011208996,1,5,0.0016540460055693984,0.007093418011208996,0.0002085639862343669,4816896.0,4014080.0
neu_mbv2_pattern_mining,2026-02-08T13:05:33,1,375,75,4,0.6666666666666666,0.3036913275718689,0.3411616,0.030179055960616097,0.020449309959076345,0.009729746001539752,1,5,0.0018500849837437272,0.009729746001539752,0.0001948460121639073,225792.0,188160.0
neu_mbv2_pattern_mining,2026-02-08T13:05:33,2,371,75,0,1.0,0.008322062902152538,7.0747808,0.1350452702899929,0.10738757031504065,0.027657699974952266,1,5,0.01010079201660119,0.027657699974952266,0.0006379650149028748,4816896.0,4014080.0
neu_mbv2_pattern_mining,2026-02-08T13:05:33,2,372,75,1,0.96875,0.052691150456666946,7.0747808,0.031103196990443394,0.022531430004164577,0.008571766986278817,1,5,0.002024993998929858,0.008571766986278817,0.00022814900148659945,4816896.0,4014080.0
neu_mbv2_pattern_mining,2026-02-08T13:05:33,2,373,75,2,0.890625,0.33212989568710327,7.0747808,0.029755257128272206,0.021452580112963915,0.00830267701530829,1,5,0.0019376530253794044,0.00830267701530829,0.00020760498591698706,4816896.0,4014080.0
neu_mbv2_pattern_mining,2026-02-08T13:05:33,2,374,75,3,1.0,0.01545785740017891,7.0747808,0.02913985218037851,0.02087079017655924,0.008269062003819272,1,5,0.001886909012682736,0.008269062003819272,0.00020017000497318804,4816896.0,4014080.0
neu_mbv2_pattern_mining,2026-02-08T13:05:33,2,375,75,4,0.6666666666666666,1.0161492824554443,0.3411616,0.036066490109078586,0.02545752009609714,0.010608970012981445,1,5,0.0023250110098160803,0.010608970012981445,0.00022074099979363382,225792.0,188160.0
neu_mbv2_pattern_mining,2026-02-08T13:05:34,3,371,75,0,1.0,1.7516595107736066e-05,7.0747808,0.09789289388572797,0.07695779990172014,0.020935093984007835,1,5,0.007226635003462434,0.020935093984007835,0.0004691449867095798,4816896.0,4014080.0
neu_mbv2_pattern_mining,2026-02-08T13:05:34,3,372,75,1,1.0,2.0825551473535597e-05,7.0747808,0.029010345839196816,0.02228612982435152,0.006724216014845297,1,5,0.0019875910074915737,0.006724216014845297,0.00024102197494357824,4816896.0,4014080.0
neu_mbv2_pattern_mining,2026-02-08T13:05:34,3,373,75,2,1.0,0.00035524487611837685,7.0747808,0.022978908935328946,0.016555289912503213,0.006423619022825733,1,5,0.001483483996707946,0.006423619022825733,0.0001720449945423752,4816896.0,4014080.0
neu_mbv2_pattern_mining,2026-02-08T13:05:34,3,374,75,3,1.0,0.0002532407233957201,7.0747808,0.022712280129780993,0.016340000147465616,0.006372279982315376,1,5,0.0014693340053781867,0.006372279982315376,0.00016466600936837494,4816896.0,4014080.0
neu_mbv2_pattern_mining,2026-02-08T13:05:34,3,375,75,4,0.0,3.915637731552124,0.3411616,0.025774560985155404,0.017497329972684383,0.00827723101247102,1,5,0.0015762459952384233,0.00827723101247102,0.000173487002030015,225792.0,188160.0
neu_mbv2_pattern_mining,2026-02-08T13:05:35,4,371,75,0,1.0,3.943271076423116e-05,7.0747808,0.12037800473626703,0.09619751974241808,0.02418048499384895,1,5,0.00898393098032102,0.02418048499384895,0.0006358209939207882,4816896.0,4014080.0
neu_mbv2_pattern_mining,2026-02-08T13:05:35,4,372,75,1,1.0,0.0005851798341609538,7.0747808,0.0299576009856537,0.022482200001832098,0.007475400983821601,1,5,0.00200338801369071,0.007475400983821601,0.0002448319864924997,4816896.0,4014080.0
neu_mbv2_pattern_mining,2026-02-08T13:05:35,4,373,75,2,1.0,0.030317053198814392,7.0747808,0.03096983820432797,0.023240370210260153,0.007729467994067818,1,5,0.002105123014189303,0.007729467994067818,0.00021891400683671236,4816896.0,4014080.0
neu_mbv2_pattern_mining,2026-02-08T13:05:35,4,374,75,3,1.0,0.005059146322309971,7.0747808,0.027085411333246157,0.01954962033778429,0.007535790995461866,1,5,0.0017332780116703361,0.007535790995461866,0.0002216840221080929,4816896.0,4014080.0
neu_mbv2_pattern_mining,2026-02-08T13:05:35,4,375,75,4,0.0,3.716313600540161,0.3411616,0.03146932696108706,0.02152247994672507,0.009946847014361992,1,5,0.0019226169970352203,0.009946847014361992,0.00022963099763728678,225792.0,188160.0
neu_mbv2_pattern_mining,2026-02-08T13:05:36,0,376,76,0,1.0,6.694473267998546e-05,7.0747808,0.09870759007753804,0.07443267008056864,0.024274919996969402,1,5,0.0068863650085404515,0.024274919996969402,0.0005569019995164126,4816896.0,4014080.0
neu_mbv2_pattern_mining,2026-02-08T13:05:36,0,377,76,1,1.0,0.013666624203324318,7.0747808,0.025539723050314933,0.018932810053229332,0.006606912997085601,1,5,0.0016590169980190694,0.006606912997085601,0.00023426400730386376,4816896.0,4014080.0
neu_mbv2_pattern_mining,2026-02-08T13:05:36,0,378,76,2,1.0,0.006764775607734919,7.0747808,0.02396377210970968,0.017534260114189237,0.006429511995520443,1,5,0.0015432139916811138,0.006429511995520443,0.0002102120197378099,4816896.0,4014080.0
neu_mbv2_pattern_mining,2026-02-08T13:05:36,0,379,76,3,0.984375,0.07182156294584274,7.0747808,0.02395896494272165,0.01754016993800178,0.006418795004719868,1,5,0.0015583790082018822,0.006418795004719868,0.00019563798559829593,4816896.0,4014080.0
neu_mbv2_pattern_mining,2026-02-08T13:05:36,0,380,76,4,0.75,2.5985913276672363,0.45154880000000003,0.024814957927446812,0.017933929921127856,0.006881028006318957,1,5,0.0016196549986489117,0.006881028006318957,0.00017373799346387386,301056.0,250880.0
neu_mbv2_pattern_mining,2026-02-08T13:05:37,1,376,76,0,1.0,1.5354642528109252e-05,7.0747808,0.11675695504527539,0.09210307005560026,0.024653884989675134,1,5,0.008620495005743578,0.024653884989675134,0.0005898119998164475,4816896.0,4014080.0
neu_mbv2_pattern_mining,2026-02-08T13:05:37,1,377,76,1,1.0,6.418992416001856e-05,7.0747808,0.03162820774014108,0.02278499974636361,0.008843207993777469,1,5,0.0020117209933232516,0.008843207993777469,0.0002667789813131094,4816896.0,4014080.0
neu_mbv2_pattern_mining,2026-02-08T13:05:37,1,378,76,2,0.96875,0.06761961430311203,7.0747808,0.027573979023145512,0.019891760020982474,0.007682219002163038,1,5,0.0017960090190172195,0.007682219002163038,0.00019316698308102787,4816896.0,4014080.0
neu_mbv2_pattern_mining,2026-02-08T13:05:37,1,379,76,3,1.0,0.0039410642348229885,7.0747808,0.024776344886049628,0.01793423987692222,0.006842105009127408,1,5,0.0016247709863819182,0.006842105009127408,0.0001686530013103038,4816896.0,4014080.0
neu_mbv2_pattern_mining,2026-02-08T13:05:37,1,380,76,4,0.3333333333333333,2.6920621395111084,0.3411616,0.027511457941727713,0.0185499299550429,0.008961527986684814,1,5,0.0016681969864293933,0.008961527986684814,0.00018679600907489657,225792.0,188160.0
neu_mbv2_pattern_mining,2026-02-08T13:05:38,2,376,76,0,1.0,0.0003458710853010416,7.0747808,0.10909960401477292,0.08690463000675663,0.02219497400801629,1,5,0.008164664002833888,0.02219497400801629,0.0005257989978417754,4816896.0,4014080.0
neu_mbv2_pattern_mining,2026-02-08T13:05:38,2,377,76,1,1.0,0.0025720216799527407,7.0747808,0.02952155185630545,0.021797579829581082,0.007723972026724368,1,5,0.0019183839904144406,0.007723972026724368,0.00026137399254366755,4816896.0,4014080.0
neu_mbv2_pattern_mining,2026-02-08T13:05:38,2,378,76,2,0.984375,0.18736359477043152,7.0747808,0.027880143985385075,0.02005324000492692,0.007826903980458155,1,5,0.0017980349948629737,0.007826903980458155,0.0002072890056297183,4816896.0,4014080.0
neu_mbv2_pattern_mining,2026-02-08T13:05:38,2,379,76,3,0.984375,0.05941101908683777,7.0747808,0.028009212139295414,0.020145100133959204,0.00786411200533621,1,5,0.0018044220050796866,0.00786411200533621,0.00021008800831623375,4816896.0,4014080.0
neu_mbv2_pattern_mining,2026-02-08T13:05:38,2,380,76,4,1.0,0.14493480324745178,0.3411616,0.03321269998559728,0.022494489967357367,0.010718210018239915,1,5,0.0020258759905118495,0.010718210018239915,0.0002235730062238872,225792.0,188160.0
neu_mbv2_pattern_mining,2026-02-08T13:05:39,3,376,76,0,1.0,4.9872960516950116e-05,7.0747808,0.15875460897223093,0.13120265997713432,0.02755194899509661,1,5,0.012455810996470973,0.02755194899509661,0.0006644550012424588,4816896.0,4014080.0
neu_mbv2_pattern_mining,2026-02-08T13:05:39,3,377,76,1,1.0,0.00010833732085302472,7.0747808,0.028714087675325572,0.020888459694106132,0.00782562798121944,1,5,0.0018214869778603315,0.00782562798121944,0.00026735899155028164,4816896.0,4014080.0
neu_mbv2_pattern_mining,2026-02-08T13:05:39,3,378,76,2,1.0,0.0007008563261479139,7.0747808,0.02658418013015762,0.019393110123928636,0.007191070006228983,1,5,0.0017156440007966012,0.007191070006228983,0.00022366701159626245,4816896.0,4014080.0
neu_mbv2_pattern_mining,2026-02-08T13:05:39,3,379,76,3,1.0,0.002931870985776186,7.0747808,0.023240178066771477,0.016710500058252364,0.006529678008519113,1,5,0.0015004260058049113,0.006529678008519113,0.00017062400002032518,4816896.0,4014080.0
neu_mbv2_pattern_mining,2026-02-08T13:05:39,3,380,76,4,0.3333333333333333,3.679568290710449,0.3411616,0.02539648994570598,0.017325039952993393,0.008071449992712587,1,5,0.0015568719827570021,0.008071449992712587,0.00017563201254233718,225792.0,188160.0
neu_mbv2_pattern_mining,2026-02-08T13:05:40,4,376,76,0,1.0,3.799113619606942e-05,7.0747808,0.13715018890798092,0.11036757990950719,0.026782608998473734,1,5,0.010399355000117794,0.026782608998473734,0.0006374029908329248,4816896.0,4014080.0
neu_mbv2_pattern_mining,2026-02-08T13:05:40,4,377,76,1,1.0,0.0011413670144975185,7.0747808,0.032811326876981184,0.023420949873980135,0.00939037700300105,1,5,0.0020809510024264455,0.00939037700300105,0.000261143984971568,4816896.0,4014080.0
neu_mbv2_pattern_mining,2026-02-08T13:05:40,4,378,76,2,1.0,0.0006637663464061916,7.0747808,0.0330110011564102,0.023716750147286803,0.0092942510091234,1,5,0.0021468480117619038,0.0092942510091234,0.0002248270029667765,4816896.0,4014080.0
neu_mbv2_pattern_mining,2026-02-08T13:05:40,4,379,76,3,0.96875,0.08111122995615005,7.0747808,0.03472100893850438,0.025049599935300648,0.009671409003203735,1,5,0.002254122984595597,0.009671409003203735,0.00025083700893446803,4816896.0,4014080.0
neu_mbv2_pattern_mining,2026-02-08T13:05:40,4,380,76,4,0.6666666666666666,1.129271149635315,0.3411616,0.03453820903087035,0.02374684001551941,0.010791369015350938,1,5,0.002143299992894754,0.010791369015350938,0.00023138400865718722,225792.0,188160.0
neu_mbv2_pattern_mining,2026-02-08T13:05:41,0,381,77,0,1.0,0.00021250243298709393,7.0747808,0.10341208102181554,0.07921857002656907,0.02419351099524647,1,5,0.00729526299983263,0.02419351099524647,0.0006265940028242767,4816896.0,4014080.0
neu_mbv2_pattern_mining,2026-02-08T13:05:41,0,382,77,1,0.96875,0.10175106674432755,7.0747808,0.028297771845245734,0.020663919858634472,0.007633851986611262,1,5,0.0018454119854141027,0.007633851986611262,0.00022098000044934452,4816896.0,4014080.0
neu_mbv2_pattern_mining,2026-02-08T13:05:41,0,383,77,2,1.0,0.0035315672867000103,7.0747808,0.026752083183964714,0.019384210172574967,0.007367873011389747,1,5,0.0017249860102310777,0.007367873011389747,0.00021343500702641904,4816896.0,4014080.0
neu_mbv2_pattern_mining,2026-02-08T13:05:41,0,384,77,3,0.953125,0.22196421027183533,7.0747808,0.026784789457451552,0.01937929046107456,0.007405498996376991,1,5,0.001716787024633959,0.007405498996376991,0.00022114202147349715,4816896.0,4014080.0
neu_mbv2_pattern_mining,2026-02-08T13:05:41,0,385,77,4,0.75,0.33964166045188904,0.45154880000000003,0.030637187912361696,0.022520179918501526,0.00811700799386017,1,5,0.0020221470040269196,0.00811700799386017,0.000229870987823233,301056.0,250880.0
neu_mbv2_pattern_mining,2026-02-08T13:05:42,1,381,77,0,1.0,2.4083797143248376e-06,7.0747808,0.131490366125945,0.10454505012603477,0.026945315999910235,1,5,0.009791210002731532,0.026945315999910235,0.0006632950098719448,4816896.0,4014080.0
neu_mbv2_pattern_mining,2026-02-08T13:05:42,1,382,77,1,1.0,3.311691398266703e-05,7.0747808,0.02912620484130457,0.02160768985049799,0.00751851499080658,1,5,0.001913224987220019,0.00751851499080658,0.00024754399782978,4816896.0,4014080.0
neu_mbv2_pattern_mining,2026-02-08T13:05:42,1,383,77,2,1.0,0.005287293344736099,7.0747808,0.02813867889926769,0.020485979912336916,0.007652698986930773,1,5,0.0018493479874450713,0.007652698986930773,0.00019925000378862023,4816896.0,4014080.0
neu_mbv2_pattern_mining,2026-02-08T13:05:42,1,384,77,3,1.0,0.0010887037497013807,7.0747808,0.026757493265904486,0.01923373027238995,0.007523762993514538,1,5,0.0017312290146946907,0.007523762993514538,0.00019214401254430413,4816896.0,4014080.0
neu_mbv2_pattern_mining,2026-02-08T13:05:42,1,385,77,4,0.6666666666666666,1.5835970640182495,0.3411616,0.03128864188329317,0.021295209880918264,0.009993432002374902,1,5,0.0019095349998679012,0.009993432002374902,0.00021998598822392523,225792.0,188160.0
neu_mbv2_pattern_mining,2026-02-08T13:05:43,2,381,77,0,1.0,3.116768129984848e-05,7.0747808,0.11649947304977104,0.09357692004414275,0.022922553005628288,1,5,0.008768291998421773,0.022922553005628288,0.000589400005992502,4816896.0,4014080.0
neu_mbv2_pattern_mining,2026-02-08T13:05:43,2,382,77,1,0.984375,0.0535983182489872,7.0747808,0.02858923387248069,0.02175106987124309,0.006838164001237601,1,5,0.001794771000277251,0.006838164001237601,0.00038033598684705794,4816896.0,4014080.0
neu_mbv2_pattern_mining,2026-02-08T13:05:43,2,383,77,2,0.859375,0.886783242225647,7.0747808,0.02588815617491491,0.018870810163207352,0.007017346011707559,1,5,0.0016972410085145384,0.007017346011707559,0.0001898400078061968,4816896.0,4014080.0
neu_mbv2_pattern_mining,2026-02-08T13:05:43,2,384,77,3,1.0,0.0014696967555209994,7.0747808,0.025702387909404933,0.01850695989560336,0.007195428013801575,1,5,0.001667467993684113,0.007195428013801575,0.00018322799587622285,4816896.0,4014080.0
neu_mbv2_pattern_mining,2026-02-08T13:05:43,2,385,77,4,1.0,0.13541032373905182,0.3411616,0.03268372607999481,0.022803120082244277,0.009880605997750536,1,5,0.0020671579986810684,0.009880605997750536,0.00021315400954335928,225792.0,188160.0
neu_mbv2_pattern_mining,2026-02-08T13:05:43,3,381,77,0,1.0,2.7726000553229824e-05,7.0747808,0.22095707026892342,0.16841515025589615,0.052541920013027266,1,5,0.015742378018330783,0.052541920013027266,0.0010991370072588325,4816896.0,4014080.0
neu_mbv2_pattern_mining,2026-02-08T13:05:44,3,382,77,1,1.0,0.004466338083148003,7.0747808,0.040966964967083186,0.030013539944775403,0.010953425022307783,1,5,0.002701558987610042,0.010953425022307783,0.00029979500686749816,4816896.0,4014080.0
neu_mbv2_pattern_mining,2026-02-08T13:05:44,3,383,77,2,0.9375,0.14382784068584442,7.0747808,0.034949567867442966,0.025086519890464842,0.009863047976978123,1,5,0.002260617009596899,0.009863047976978123,0.0002480349794495851,4816896.0,4014080.0
neu_mbv2_pattern_mining,2026-02-08T13:05:44,3,384,77,3,0.953125,0.16657859086990356,7.0747808,0.034826818184228614,0.025002320180647075,0.009824498003581539,1,5,0.0022514419979415834,0.009824498003581539,0.0002487900201231241,4816896.0,4014080.0
neu_mbv2_pattern_mining,2026-02-08T13:05:44,3,385,77,4,0.6666666666666666,1.6612540483474731,0.3411616,0.03916889597894624,0.026292359980288893,0.012876535998657346,1,5,0.0023817399924155325,0.012876535998657346,0.00024749600561335683,225792.0,188160.0
neu_mbv2_pattern_mining,2026-02-08T13:05:44,4,381,77,0,1.0,2.9597044886031654e-06,7.0747808,0.11723699182039127,0.09372262982651591,0.023514361993875355,1,5,0.00878879998344928,0.023514361993875355,0.000583462999202311,4816896.0,4014080.0
neu_mbv2_pattern_mining,2026-02-08T13:05:44,4,382,77,1,1.0,4.8886362492339686e-05,7.0747808,0.02743654593359679,0.019973799935542047,0.007462745998054743,1,5,0.0017655859992373735,0.007462745998054743,0.00023179399431683123,4816896.0,4014080.0
neu_mbv2_pattern_mining,2026-02-08T13:05:44,4,383,77,2,1.0,0.0032049508299678564,7.0747808,0.026435467036208138,0.01900353003293276,0.0074319370032753795,1,5,0.0016876180015970021,0.0074319370032753795,0.00021273500169627368,4816896.0,4014080.0
neu_mbv2_pattern_mining,2026-02-08T13:05:44,4,384,77,3,1.0,0.011226180009543896,7.0747808,0.026208801893517375,0.018838119867723435,0.00737068202579394,1,5,0.0016793359827715904,0.00737068202579394,0.00020447600400075316,4816896.0,4014080.0
neu_mbv2_pattern_mining,2026-02-08T13:05:44,4,385,77,4,0.6666666666666666,0.3679817020893097,0.3411616,0.0310053312277887,0.02208158024586737,0.00892375098192133,1,5,0.0019896160229109228,0.00892375098192133,0.0002185420016758144,225792.0,188160.0
neu_mbv2_pattern_mining,2026-02-08T13:05:46,0,386,78,0,1.0,0.0007375585264526308,7.0747808,0.12278132306528278,0.09429038007510826,0.028490942990174517,1,5,0.008881321991793811,0.028490942990174517,0.0005477160157170147,4816896.0,4014080.0
neu_mbv2_pattern_mining,2026-02-08T13:05:46,0,387,78,1,1.0,0.00024194706929847598,7.0747808,0.032783123024273664,0.02365305001148954,0.009130073012784123,1,5,0.002105805993778631,0.009130073012784123,0.00025949900737032294,4816896.0,4014080.0
neu_mbv2_pattern_mining,2026-02-08T13:05:46,0,388,78,2,0.921875,0.3695124387741089,7.0747808,0.032785097922896966,0.024426399904768914,0.008358698018128052,1,5,0.0022217039950191975,0.008358698018128052,0.00022093599545769393,4816896.0,4014080.0
neu_mbv2_pattern_mining,2026-02-08T13:05:46,0,389,78,3,0.953125,0.09955659508705139,7.0747808,0.029355973936617374,0.02110956993419677,0.008246404002420604,1,5,0.0019002259941771626,0.008246404002420604,0.00021073099924251437,4816896.0,4014080.0
neu_mbv2_pattern_mining,2026-02-08T13:05:46,0,390,78,4,0.5,1.6701815128326416,0.45154880000000003,0.032923071150435135,0.02346059016417712,0.009462480986258015,1,5,0.0021228590048849583,0.009462480986258015,0.0002232000115327537,301056.0,250880.0
neu_mbv2_pattern_mining,2026-02-08T13:05:47,1,386,78,0,1.0,0.00014428922440856695,7.0747808,0.1321079441695474,0.10236057016300038,0.029747374006547034,1,5,0.009529778995784,0.029747374006547034,0.0007062780205160379,4816896.0,4014080.0
neu_mbv2_pattern_mining,2026-02-08T13:05:47,1,387,78,1,1.0,0.00016575169865973294,7.0747808,0.03454114668420516,0.02553994971094653,0.00900119697325863,1,5,0.0022581519733648747,0.00900119697325863,0.0002958429977297783,4816896.0,4014080.0
neu_mbv2_pattern_mining,2026-02-08T13:05:47,1,388,78,2,0.9375,0.26898735761642456,7.0747808,0.03093422672827728,0.02221922972239554,0.008714997005881742,1,5,0.00199448099010624,0.008714997005881742,0.000227441982133314,4816896.0,4014080.0
neu_mbv2_pattern_mining,2026-02-08T13:05:47,1,389,78,3,0.984375,0.034999631345272064,7.0747808,0.03448713378747925,0.025288619799539447,0.009198513987939805,1,5,0.0022944019874557853,0.009198513987939805,0.0002344599924981594,4816896.0,4014080.0
neu_mbv2_pattern_mining,2026-02-08T13:05:47,1,390,78,4,0.3333333333333333,4.678930759429932,0.3411616,0.04092019205563702,0.027560330054257065,0.013359862001379952,1,5,0.0024991550017148256,0.013359862001379952,0.0002568780037108809,225792.0,188160.0
neu_mbv2_pattern_mining,2026-02-08T13:05:47,2,386,78,0,1.0,0.0006571442936547101,7.0747808,0.11204498112783767,0.08863040013238788,0.023414580995449796,1,5,0.00824983700294979,0.023414580995449796,0.0006132030102889985,4816896.0,4014080.0
neu_mbv2_pattern_mining,2026-02-08T13:05:47,2,387,78,1,0.96875,0.1799173355102539,7.0747808,0.032412372005637735,0.02363134000916034,0.008781031996477395,1,5,0.0020867860002908856,0.008781031996477395,0.0002763480006251484,4816896.0,4014080.0
neu_mbv2_pattern_mining,2026-02-08T13:05:47,2,388,78,2,1.0,0.0006459128926508129,7.0747808,0.029864112031646073,0.021680030040442944,0.00818408199120313,1,5,0.001976520026801154,0.00818408199120313,0.00019148297724314034,4816896.0,4014080.0
neu_mbv2_pattern_mining,2026-02-08T13:05:48,2,389,78,3,0.9375,0.25937706232070923,7.0747808,0.02589444414479658,0.01839163014665246,0.00750281399814412,1,5,0.0016489010013174266,0.00750281399814412,0.00019026201334781945,4816896.0,4014080.0
neu_mbv2_pattern_mining,2026-02-08T13:05:48,2,390,78,4,1.0,0.19535696506500244,0.3411616,0.028837053978350013,0.019529109995346516,0.009307943983003497,1,5,0.0017519959947094321,0.009307943983003497,0.0002009150048252195,225792.0,188160.0
neu_mbv2_pattern_mining,2026-02-08T13:05:48,3,386,78,0,1.0,1.530475856270641e-05,7.0747808,0.1278478878957685,0.10224122990621254,0.02560665798955597,1,5,0.00970140699064359,0.02560665798955597,0.0005227159999776632,4816896.0,4014080.0
neu_mbv2_pattern_mining,2026-02-08T13:05:48,3,387,78,1,1.0,0.00024848291650414467,7.0747808,0.03040082787629217,0.021912489901296794,0.008488337974995375,1,5,0.0019149259896948934,0.008488337974995375,0.0002763230004347861,4816896.0,4014080.0
neu_mbv2_pattern_mining,2026-02-08T13:05:48,3,388,78,2,1.0,0.0053627984598279,7.0747808,0.024146173032931983,0.01752932003000751,0.006616853002924472,1,5,0.001550404995214194,0.006616853002924472,0.00020252700778655708,4816896.0,4014080.0
neu_mbv2_pattern_mining,2026-02-08T13:05:48,3,389,78,3,1.0,0.005205512512475252,7.0747808,0.023334877099841833,0.016844870115164667,0.006490006984677166,1,5,0.0015125860227271914,0.006490006984677166,0.0001719009887892753,4816896.0,4014080.0
neu_mbv2_pattern_mining,2026-02-08T13:05:48,3,390,78,4,0.6666666666666666,0.2760486304759979,0.3411616,0.026051348686451092,0.017791819700505584,0.008259528985945508,1,5,0.0015946079802233726,0.008259528985945508,0.00018457398982718587,225792.0,188160.0
neu_mbv2_pattern_mining,2026-02-08T13:05:49,4,386,78,0,1.0,1.578574847371783e-05,7.0747808,0.1569449398375582,0.12393844983307645,0.03300649000448175,1,5,0.011949293984798715,0.03300649000448175,0.0004445509985089302,4816896.0,4014080.0
neu_mbv2_pattern_mining,2026-02-08T13:05:49,4,387,78,1,1.0,0.0011294225696474314,7.0747808,0.024043093842919916,0.01745772984577343,0.006585363997146487,1,5,0.0015538419829681516,0.006585363997146487,0.0001919310016091913,4816896.0,4014080.0
neu_mbv2_pattern_mining,2026-02-08T13:05:49,4,388,78,2,0.96875,0.10621187090873718,7.0747808,0.025262138835387304,0.018218059849459678,0.0070440789859276265,1,5,0.0016393039841204882,0.0070440789859276265,0.00018250200082547963,4816896.0,4014080.0
neu_mbv2_pattern_mining,2026-02-08T13:05:49,4,389,78,3,0.984375,0.02938123792409897,7.0747808,0.026032651774585247,0.018760989769361913,0.007271662005223334,1,5,0.0016898459871299565,0.007271662005223334,0.00018625298980623484,4816896.0,4014080.0
neu_mbv2_pattern_mining,2026-02-08T13:05:49,4,390,78,4,0.3333333333333333,4.960484981536865,0.3411616,0.030870359856635332,0.02088279987219721,0.009987559984438121,1,5,0.0018721999949775636,0.009987559984438121,0.00021607999224215746,225792.0,188160.0
neu_mbv2_pattern_mining,2026-02-08T13:05:51,0,391,79,0,1.0,0.00015338239609263837,7.0747808,0.10063711009570397,0.07725761010078713,0.02337949999491684,1,5,0.007124060997739434,0.02337949999491684,0.0006017000123392791,4816896.0,4014080.0
neu_mbv2_pattern_mining,2026-02-08T13:05:51,0,392,79,1,1.0,0.003240459132939577,7.0747808,0.02822287500021048,0.02072130999295041,0.007501565007260069,1,5,0.001834669994423166,0.007501565007260069,0.00023746100487187505,4816896.0,4014080.0
neu_mbv2_pattern_mining,2026-02-08T13:05:51,0,393,79,2,0.96875,0.07517339289188385,7.0747808,0.025471879896940663,0.018460119899827987,0.0070117599971126765,1,5,0.001643818977754563,0.0070117599971126765,0.0002021930122282356,4816896.0,4014080.0
neu_mbv2_pattern_mining,2026-02-08T13:05:51,0,394,79,3,1.0,0.003934139385819435,7.0747808,0.024720756016904488,0.01800108002498746,0.006719675991917029,1,5,0.0016063679940998554,0.006719675991917029,0.0001937400083988905,4816896.0,4014080.0
neu_mbv2_pattern_mining,2026-02-08T13:05:51,0,395,79,4,0.25,3.225222587585449,0.45154880000000003,0.025857430999167264,0.01854672998888418,0.007310701010283083,1,5,0.00163970299763605,0.007310701010283083,0.0002149700012523681,301056.0,250880.0
neu_mbv2_pattern_mining,2026-02-08T13:05:51,1,391,79,0,1.0,0.00016404436610173434,7.0747808,0.11800020703230985,0.09624447004171088,0.02175573699059896,1,5,0.009032443020259961,0.02175573699059896,0.0005920039839111269,4816896.0,4014080.0
neu_mbv2_pattern_mining,2026-02-08T13:05:51,1,392,79,1,0.984375,0.21159592270851135,7.0747808,0.028765931114321575,0.02178935013944283,0.006976580974878743,1,5,0.001911910017952323,0.006976580974878743,0.00026702499599196017,4816896.0,4014080.0
neu_mbv2_pattern_mining,2026-02-08T13:05:51,1,393,79,2,1.0,0.001555587281472981,7.0747808,0.02441626976360567,0.017761179769877344,0.006655089993728325,1,5,0.0015776989748701453,0.006655089993728325,0.00019841900211758912,4816896.0,4014080.0
neu_mbv2_pattern_mining,2026-02-08T13:05:51,1,394,79,3,0.96875,0.0837438702583313,7.0747808,0.023435776820406318,0.016919619811233133,0.006516157009173185,1,5,0.0015206419921014458,0.006516157009173185,0.00017131998902186751,4816896.0,4014080.0
neu_mbv2_pattern_mining,2026-02-08T13:05:51,1,395,79,4,1.0,0.22793513536453247,0.3411616,0.026858168828766793,0.01793671981431544,0.008921449014451355,1,5,0.0016034090076573193,0.008921449014451355,0.00019026297377422452,225792.0,188160.0
neu_mbv2_pattern_mining,2026-02-08T13:05:52,2,391,79,0,1.0,0.005523487459868193,7.0747808,0.11770558392163366,0.09353556990390643,0.024170014017727226,1,5,0.008594354992965236,0.024170014017727226,0.0007592019974254072,4816896.0,4014080.0
neu_mbv2_pattern_mining,2026-02-08T13:05:52,2,392,79,1,0.921875,0.22638607025146484,7.0747808,0.02923117793397978,0.021341989922802895,0.007889188011176884,1,5,0.0019060719932895154,0.007889188011176884,0.00022812699899077415,4816896.0,4014080.0
neu_mbv2_pattern_mining,2026-02-08T13:05:52,2,393,79,2,1.0,0.07837650924921036,7.0747808,0.02874148907721974,0.020597350085154176,0.008144138992065564,1,5,0.0018498480203561485,0.008144138992065564,0.0002098869881592691,4816896.0,4014080.0
neu_mbv2_pattern_mining,2026-02-08T13:05:52,2,394,79,3,0.984375,0.05660213530063629,7.0747808,0.03382729709846899,0.0247335500898771,0.00909374700859189,1,5,0.002247886994155124,0.00909374700859189,0.00022546801483258605,4816896.0,4014080.0
neu_mbv2_pattern_mining,2026-02-08T13:05:52,2,395,79,4,0.6666666666666666,2.374255895614624,0.3411616,0.033359563938574865,0.02233620994957164,0.011023353989003226,1,5,0.0020071089966222644,0.011023353989003226,0.00022651199833489954,225792.0,188160.0
neu_mbv2_pattern_mining,2026-02-08T13:05:53,3,391,79,0,1.0,0.000242902067839168,7.0747808,0.15583247574977577,0.12330357974860817,0.032528896001167595,1,5,0.011691822990542278,0.032528896001167595,0.0006385349843185395,4816896.0,4014080.0
neu_mbv2_pattern_mining,2026-02-08T13:05:53,3,392,79,1,0.921875,0.8786539435386658,7.0747808,0.03592527791624889,0.025975969911087304,0.009949308005161583,1,5,0.002314712997758761,0.009949308005161583,0.0002828839933499694,4816896.0,4014080.0
neu_mbv2_pattern_mining,2026-02-08T13:05:53,3,393,79,2,1.0,0.00056873430730775,7.0747808,0.02238550191395916,0.016188299923669547,0.006197201990289614,1,5,0.0014307060046121478,0.006197201990289614,0.00018812398775480688,4816896.0,4014080.0
neu_mbv2_pattern_mining,2026-02-08T13:05:53,3,394,79,3,0.96875,0.13226157426834106,7.0747808,0.022211179020814598,0.016012080013751984,0.006199099007062614,1,5,0.0014174130046740174,0.006199099007062614,0.00018379499670118093,4816896.0,4014080.0
neu_mbv2_pattern_mining,2026-02-08T13:05:53,3,395,79,4,0.6666666666666666,2.750181198120117,0.3411616,0.025651824165834114,0.016987470153253525,0.008664354012580588,1,5,0.0014993009972386062,0.008664354012580588,0.00019944601808674634,225792.0,188160.0
neu_mbv2_pattern_mining,2026-02-08T13:05:54,4,391,79,0,1.0,1.5906261978670955e-05,7.0747808,0.1103527941450011,0.0899772101547569,0.020375583990244195,1,5,0.00850977300433442,0.020375583990244195,0.0004879480111412704,4816896.0,4014080.0
neu_mbv2_pattern_mining,2026-02-08T13:05:54,4,392,79,1,1.0,4.1723316826391965e-05,7.0747808,0.023912056029075757,0.017539800028316677,0.00637225600075908,1,5,0.0015362639969680458,0.00637225600075908,0.00021771600586362183,4816896.0,4014080.0
neu_mbv2_pattern_mining,2026-02-08T13:05:54,4,393,79,2,1.0,0.00010219577961834148,7.0747808,0.0234218341356609,0.017358880140818655,0.006062953994842246,1,5,0.0015308299916796386,0.006062953994842246,0.00020505802240222692,4816896.0,4014080.0
neu_mbv2_pattern_mining,2026-02-08T13:05:54,4,394,79,3,1.0,0.009615927003324032,7.0747808,0.018655828840564936,0.013493959850165993,0.005161868990398943,1,5,0.0012075899867340922,0.005161868990398943,0.00014180599828250706,4816896.0,4014080.0
neu_mbv2_pattern_mining,2026-02-08T13:05:54,4,395,79,4,0.3333333333333333,4.431976795196533,0.3411616,0.021208791207754984,0.014311490231193602,0.006897300976561382,1,5,0.0012875100073870271,0.006897300976561382,0.00014363901573233306,225792.0,188160.0
neu_mbv2_pattern_mining,2026-02-08T13:05:55,0,396,80,0,1.0,0.00012057703133905306,7.0747808,0.1117618698917795,0.08539120986824855,0.026370660023530945,1,5,0.008058995997998863,0.026370660023530945,0.00048012498882599175,4816896.0,4014080.0
neu_mbv2_pattern_mining,2026-02-08T13:05:55,0,397,80,1,0.984375,0.048137862235307693,7.0747808,0.02830474023357965,0.020654350228141993,0.007650390005437657,1,5,0.0018400420085527003,0.007650390005437657,0.00022539301426149905,4816896.0,4014080.0
neu_mbv2_pattern_mining,2026-02-08T13:05:55,0,398,80,2,1.0,0.009098591282963753,7.0747808,0.027212400193093345,0.01962010021088645,0.007592299982206896,1,5,0.0017680940218269825,0.007592299982206896,0.00019391599926166236,4816896.0,4014080.0
neu_mbv2_pattern_mining,2026-02-08T13:05:55,0,399,80,3,0.96875,0.11895328760147095,7.0747808,0.028974800108699128,0.020906990102957934,0.008067810005741194,1,5,0.0018854480003938079,0.008067810005741194,0.00020525100990198553,4816896.0,4014080.0
neu_mbv2_pattern_mining,2026-02-08T13:05:55,0,400,80,4,0.75,1.4128128290176392,0.45154880000000003,0.031448528287000954,0.022437390289269388,0.009011137997731566,1,5,0.0020310470135882497,0.009011137997731566,0.0002126920153386891,301056.0,250880.0
neu_mbv2_pattern_mining,2026-02-08T13:05:56,1,396,80,0,1.0,0.00036082896986044943,7.0747808,0.12952179316198453,0.10343941015889868,0.02608238300308585,1,5,0.009783449000678957,0.02608238300308585,0.0005604920152109116,4816896.0,4014080.0
neu_mbv2_pattern_mining,2026-02-08T13:05:56,1,397,80,1,0.890625,0.5241888761520386,7.0747808,0.030812747863819823,0.02241610985947773,0.008396638004342094,1,5,0.001992192992474884,0.008396638004342094,0.00024941799347288907,4816896.0,4014080.0
neu_mbv2_pattern_mining,2026-02-08T13:05:56,1,398,80,2,1.0,0.0011436333879828453,7.0747808,0.03329417103668675,0.02404422004474327,0.009249950991943479,1,5,0.0021606709924526513,0.009249950991943479,0.0002437510120216757,4816896.0,4014080.0
neu_mbv2_pattern_mining,2026-02-08T13:05:56,1,399,80,3,1.0,0.021537229418754578,7.0747808,0.034476672881282866,0.025283469876740128,0.009193203004542738,1,5,0.0022941700008232147,0.009193203004542738,0.00023417698685079813,4816896.0,4014080.0
neu_mbv2_pattern_mining,2026-02-08T13:05:56,1,400,80,4,0.3333333333333333,1.330540657043457,0.3411616,0.03716120918397792,0.02481332019669935,0.012347888987278566,1,5,0.0022261120029725134,0.012347888987278566,0.00025522001669742167,225792.0,188160.0
neu_mbv2_pattern_mining,2026-02-08T13:05:57,2,396,80,0,1.0,0.000971880741417408,7.0747808,0.13253353498294018,0.10560249997070059,0.02693103501223959,1,5,0.00999540599877946,0.02693103501223959,0.0005648439982905984,4816896.0,4014080.0
neu_mbv2_pattern_mining,2026-02-08T13:05:57,2,397,80,1,0.984375,0.0357118658721447,7.0747808,0.03266603092197329,0.02379126992309466,0.008874760998878628,1,5,0.0021157150040380657,0.008874760998878628,0.00026341198827140033,4816896.0,4014080.0
neu_mbv2_pattern_mining,2026-02-08T13:05:57,2,398,80,2,1.0,0.0006928604561835527,7.0747808,0.022830911068012938,0.016569870058447123,0.006261041009565815,1,5,0.001475045020924881,0.006261041009565815,0.00018194198491983116,4816896.0,4014080.0
neu_mbv2_pattern_mining,2026-02-08T13:05:57,2,399,80,3,0.96875,0.10560233891010284,7.0747808,0.022469136689323932,0.01621725969016552,0.006251876999158412,1,5,0.0014431729796342552,0.006251876999158412,0.0001785529893822968,4816896.0,4014080.0
neu_mbv2_pattern_mining,2026-02-08T13:05:57,2,400,80,4,0.3333333333333333,6.144744873046875,0.3411616,0.02748631694703363,0.018977349973283708,0.00850896697374992,1,5,0.0016809460066724569,0.00850896697374992,0.00021678899065591395,225792.0,188160.0
neu_mbv2_pattern_mining,2026-02-08T13:05:58,3,396,80,0,1.0,7.4038048296642955e-06,7.0747808,0.16784877076861449,0.1341274697915651,0.033721300977049395,1,5,0.012793776986654848,0.033721300977049395,0.0006189699925016612,4816896.0,4014080.0
neu_mbv2_pattern_mining,2026-02-08T13:05:58,3,397,80,1,0.96875,0.22555547952651978,7.0747808,0.032409043866209686,0.02339292987016961,0.009016113996040076,1,5,0.002084075997117907,0.009016113996040076,0.00025521698989905417,4816896.0,4014080.0
neu_mbv2_pattern_mining,2026-02-08T13:05:58,3,398,80,2,0.96875,0.05664768069982529,7.0747808,0.03508993799914606,0.02525149000575766,0.0098384479933884,1,5,0.0022757230035495013,0.0098384479933884,0.00024942599702626467,4816896.0,4014080.0
neu_mbv2_pattern_mining,2026-02-08T13:05:58,3,399,80,3,1.0,0.00544355995953083,7.0747808,0.03294891997938976,0.02368062996538356,0.009268290014006197,1,5,0.0021358189987950027,0.009268290014006197,0.00023224399774335325,4816896.0,4014080.0
neu_mbv2_pattern_mining,2026-02-08T13:05:58,3,400,80,4,0.6666666666666666,1.1956082582473755,0.3411616,0.03610684507293627,0.025211010070051998,0.010895835002884269,1,5,0.0022654400090686977,0.010895835002884269,0.0002556609979365021,225792.0,188160.0
neu_mbv2_pattern_mining,2026-02-08T13:05:59,4,396,80,0,1.0,5.759186024079099e-06,7.0747808,0.21795976485009305,0.1755508198402822,0.04240894500981085,1,5,0.016922535985941067,0.04240894500981085,0.0006325459980871528,4816896.0,4014080.0
neu_mbv2_pattern_mining,2026-02-08T13:05:59,4,397,80,1,1.0,1.9122340745525435e-05,7.0747808,0.03654651087708771,0.02638034988194704,0.010166160995140672,1,5,0.0023481700045522302,0.010166160995140672,0.0002898649836424738,4816896.0,4014080.0
neu_mbv2_pattern_mining,2026-02-08T13:05:59,4,398,80,2,0.875,0.3186567425727844,7.0747808,0.03747370990458876,0.026891439920291305,0.010582269984297454,1,5,0.0024181139888241887,0.010582269984297454,0.00027103000320494175,4816896.0,4014080.0
neu_mbv2_pattern_mining,2026-02-08T13:05:59,4,399,80,3,1.0,0.039354171603918076,7.0747808,0.026324780890718102,0.018956259882543236,0.0073685210081748664,1,5,0.001699257001746446,0.0073685210081748664,0.0001963689865078777,4816896.0,4014080.0
neu_mbv2_pattern_mining,2026-02-08T13:05:59,4,400,80,4,0.6666666666666666,2.3829314708709717,0.3411616,0.03003987472038716,0.020779739716090262,0.009260135004296899,1,5,0.0018592019914649427,0.009260135004296899,0.0002187719801440835,225792.0,188160.0
neu_mbv2_pattern_mining,2026-02-08T13:06:00,0,401,81,0,1.0,0.004264929797500372,7.0747808,0.1106214800674934,0.08524528006091714,0.025376200006576255,1,5,0.00798500599921681,0.025376200006576255,0.000539522006874904,4816896.0,4014080.0
neu_mbv2_pattern_mining,2026-02-08T13:06:00,0,402,81,1,1.0,0.006006971932947636,7.0747808,0.03169299359433353,0.023369409609586,0.008323583984747529,1,5,0.002063437976175919,0.008323583984747529,0.00027350298478268087,4816896.0,4014080.0
neu_mbv2_pattern_mining,2026-02-08T13:06:00,0,403,81,2,0.96875,0.16988134384155273,7.0747808,0.023714070906862617,0.017193809908349067,0.0065202609985135496,1,5,0.0015311210008803755,0.0065202609985135496,0.0001882599899545312,4816896.0,4014080.0
neu_mbv2_pattern_mining,2026-02-08T13:06:00,0,404,81,3,1.0,0.006024505011737347,7.0747808,0.023488473932957277,0.017000529915094376,0.006487944017862901,1,5,0.0015310609887819737,0.006487944017862901,0.00016899200272746384,4816896.0,4014080.0
neu_mbv2_pattern_mining,2026-02-08T13:06:00,0,405,81,4,0.25,1.633588194847107,0.45154880000000003,0.024459419946651906,0.017606439942028373,0.006852980004623532,1,5,0.0015890650101937354,0.006852980004623532,0.000171578984009102,301056.0,250880.0
neu_mbv2_pattern_mining,2026-02-08T13:06:01,1,401,81,0,1.0,0.003855617716908455,7.0747808,0.11399258227902465,0.09170512028504163,0.022287461993983015,1,5,0.008696353004779667,0.022287461993983015,0.00047415902372449636,4816896.0,4014080.0
neu_mbv2_pattern_mining,2026-02-08T13:06:01,1,402,81,1,0.84375,0.6163510084152222,7.0747808,0.024147564981831238,0.017613219970371574,0.0065343450114596635,1,5,0.0015604690124746412,0.0065343450114596635,0.0002008529845625162,4816896.0,4014080.0
neu_mbv2_pattern_mining,2026-02-08T13:06:01,1,403,81,2,1.0,0.00403209775686264,7.0747808,0.02340432201162912,0.016936390020418912,0.006467931991210207,1,5,0.0015163280186243355,0.006467931991210207,0.0001773109834175557,4816896.0,4014080.0
neu_mbv2_pattern_mining,2026-02-08T13:06:01,1,404,81,3,0.953125,0.10376167297363281,7.0747808,0.025059581152163446,0.018132080149371177,0.006927501002792269,1,5,0.0016360740119125694,0.006927501002792269,0.0001771340030245483,4816896.0,4014080.0
neu_mbv2_pattern_mining,2026-02-08T13:06:01,1,405,81,4,0.6666666666666666,2.8205726146698,0.3411616,0.02961212719674222,0.019913730211555958,0.009698396985186264,1,5,0.0017907140136230737,0.009698396985186264,0.00020065900753252208,225792.0,188160.0
neu_mbv2_pattern_mining,2026-02-08T13:06:02,2,401,81,0,1.0,1.3304176718520466e-05,7.0747808,0.11673074017744511,0.09105224016821012,0.025678500009234995,1,5,0.00856447100522928,0.025678500009234995,0.0005407530115917325,4816896.0,4014080.0
neu_mbv2_pattern_mining,2026-02-08T13:06:02,2,402,81,1,1.0,1.4445199667534325e-05,7.0747808,0.03219851775793359,0.023153849761001766,0.009044667996931821,1,5,0.002049681992502883,0.009044667996931821,0.0002657029835972935,4816896.0,4014080.0
neu_mbv2_pattern_mining,2026-02-08T13:06:02,2,403,81,2,1.0,0.000173040185472928,7.0747808,0.03295100200921297,0.023691079986747354,0.009259922022465616,1,5,0.0021436020033434033,0.009259922022465616,0.0002255059953313321,4816896.0,4014080.0
neu_mbv2_pattern_mining,2026-02-08T13:06:02,2,404,81,3,1.0,0.0015736361965537071,7.0747808,0.03161316315527074,0.023041340173222125,0.008571822982048616,1,5,0.0021252290171105415,0.008571822982048616,0.000178905000211671,4816896.0,4014080.0
neu_mbv2_pattern_mining,2026-02-08T13:06:02,2,405,81,4,0.6666666666666666,0.9388710856437683,0.3411616,0.031550568295642734,0.022111460275482386,0.009439108020160347,1,5,0.001971580000827089,0.009439108020160347,0.00023956602672114968,225792.0,188160.0
neu_mbv2_pattern_mining,2026-02-08T13:06:02,3,401,81,0,0.984375,0.03087605908513069,7.0747808,0.09430008323397487,0.07391503022518009,0.020385053008794785,1,5,0.006866534997243434,0.020385053008794785,0.0005249680252745748,4816896.0,4014080.0
neu_mbv2_pattern_mining,2026-02-08T13:06:02,3,402,81,1,1.0,0.009959431365132332,7.0747808,0.022542530903592706,0.01543972990475595,0.007102800998836756,1,5,0.0013224270078353584,0.007102800998836756,0.00022154598264023662,4816896.0,4014080.0
neu_mbv2_pattern_mining,2026-02-08T13:06:02,3,403,81,2,0.828125,0.5027816295623779,7.0747808,0.02361982996808365,0.017011559975799173,0.006608269992284477,1,5,0.001525700994534418,0.006608269992284477,0.00017545500304549932,4816896.0,4014080.0
neu_mbv2_pattern_mining,2026-02-08T13:06:02,3,404,81,3,0.921875,0.22101500630378723,7.0747808,0.025564568990375847,0.018928229983430356,0.006636339006945491,1,5,0.0017084639985114336,0.006636339006945491,0.00018435899983160198,4816896.0,4014080.0
neu_mbv2_pattern_mining,2026-02-08T13:06:02,3,405,81,4,0.6666666666666666,0.32536450028419495,0.3411616,0.025644360721344128,0.01782019971869886,0.007824161002645269,1,5,0.0016045619850046933,0.007824161002645269,0.00017745798686519265,225792.0,188160.0
neu_mbv2_pattern_mining,2026-02-08T13:06:03,4,401,81,0,1.0,9.168292308459058e-05,7.0747808,0.16012887086253613,0.12519488984253258,0.03493398102000356,1,5,0.011887753993505612,0.03493398102000356,0.0006317349907476455,4816896.0,4014080.0
neu_mbv2_pattern_mining,2026-02-08T13:06:03,4,402,81,1,1.0,0.0007478072075173259,7.0747808,0.0337031930394005,0.02434847003314644,0.009354723006254062,1,5,0.0021709429856855422,0.009354723006254062,0.00026390401762910187,4816896.0,4014080.0
neu_mbv2_pattern_mining,2026-02-08T13:06:03,4,403,81,2,1.0,0.000964594422839582,7.0747808,0.03748705922043882,0.026965550205204636,0.010521509015234187,1,5,0.002415888011455536,0.010521509015234187,0.0002806670090649277,4816896.0,4014080.0
neu_mbv2_pattern_mining,2026-02-08T13:06:03,4,404,81,3,0.953125,0.15066690742969513,7.0747808,0.03229557495797053,0.022916659945622087,0.009378915012348443,1,5,0.0020459959923755378,0.009378915012348443,0.0002456700021866709,4816896.0,4014080.0
neu_mbv2_pattern_mining,2026-02-08T13:06:03,4,405,81,4,1.0,0.10154139250516891,0.3411616,0.03601258227718063,0.025107720284722745,0.010904861992457882,1,5,0.002275210019433871,0.010904861992457882,0.00023556200903840363,225792.0,188160.0
neu_mbv2_pattern_mining,2026-02-08T13:06:05,0,406,82,0,1.0,0.0003149309486616403,7.0747808,0.16941116220550612,0.13389935018494725,0.035511812020558864,1,5,0.012846374011132866,0.035511812020558864,0.0005435610073618591,4816896.0,4014080.0
neu_mbv2_pattern_mining,2026-02-08T13:06:05,0,407,82,1,0.953125,0.33038151264190674,7.0747808,0.029681199288461357,0.02164801029721275,0.008033188991248608,1,5,0.0019396910211071372,0.008033188991248608,0.00022511000861413777,4816896.0,4014080.0
neu_mbv2_pattern_mining,2026-02-08T13:06:05,0,408,82,2,1.0,0.0012710579903796315,7.0747808,0.0293093282089103,0.02138388023013249,0.007925447978777811,1,5,0.001922342024045065,0.007925447978777811,0.000216045998968184,4816896.0,4014080.0
neu_mbv2_pattern_mining,2026-02-08T13:06:05,0,409,82,3,0.9375,0.16942386329174042,7.0747808,0.03220154909649864,0.023988230095710605,0.008213319000788033,1,5,0.0021156790025997907,0.008213319000788033,0.00028314400697126985,4816896.0,4014080.0
neu_mbv2_pattern_mining,2026-02-08T13:06:05,0,410,82,4,0.75,1.7573341131210327,0.45154880000000003,0.03413150119013153,0.025647790171205997,0.008483711018925533,1,5,0.002293704019393772,0.008483711018925533,0.00027107499772682786,301056.0,250880.0
neu_mbv2_pattern_mining,2026-02-08T13:06:05,1,406,82,0,1.0,0.0001639239490032196,7.0747808,0.1169968010217417,0.08952370000770316,0.027473101014038548,1,5,0.008220085001084954,0.027473101014038548,0.000732284999685362,4816896.0,4014080.0
neu_mbv2_pattern_mining,2026-02-08T13:06:05,1,407,82,1,1.0,0.0016505112871527672,7.0747808,0.024508330854587257,0.018029309867415577,0.00647902098717168,1,5,0.0016153159958776087,0.00647902098717168,0.00018761499086394906,4816896.0,4014080.0
neu_mbv2_pattern_mining,2026-02-08T13:06:05,1,408,82,2,1.0,0.00021368253510445356,7.0747808,0.02307664099498652,0.016697690007276833,0.006378950987709686,1,5,0.0015022410079836845,0.006378950987709686,0.00016752799274399877,4816896.0,4014080.0
neu_mbv2_pattern_mining,2026-02-08T13:06:06,1,409,82,3,0.953125,0.08101765811443329,7.0747808,0.025452397880144417,0.018715639889705926,0.006736757990438491,1,5,0.001634254993405193,0.006736757990438491,0.00023730899556539953,4816896.0,4014080.0
neu_mbv2_pattern_mining,2026-02-08T13:06:06,1,410,82,4,0.3333333333333333,3.4726040363311768,0.3411616,0.029987140733283013,0.02098799974191934,0.008999140991363674,1,5,0.0018398949760012329,0.008999140991363674,0.000258904998190701,225792.0,188160.0
neu_mbv2_pattern_mining,2026-02-08T13:06:06,2,406,82,0,1.0,6.951757677597925e-05,7.0747808,0.23680139583302662,0.19156898983055726,0.04523240600246936,1,5,0.018483266001567245,0.04523240600246936,0.0006736329814884812,4816896.0,4014080.0
neu_mbv2_pattern_mining,2026-02-08T13:06:06,2,407,82,1,1.0,0.0019374270923435688,7.0747808,0.037126698036445305,0.027086850022897124,0.01003984801354818,1,5,0.0024004850129131228,0.01003984801354818,0.00030819998937658966,4816896.0,4014080.0
neu_mbv2_pattern_mining,2026-02-08T13:06:06,2,408,82,2,0.953125,0.33398327231407166,7.0747808,0.03494442588998936,0.025084879889618605,0.009859546000370756,1,5,0.0022483649954665452,0.009859546000370756,0.0002601229934953153,4816896.0,4014080.0
neu_mbv2_pattern_mining,2026-02-08T13:06:06,2,409,82,3,1.0,0.002958567813038826,7.0747808,0.036712743050884455,0.02633241005241871,0.010380332998465747,1,5,0.002385822997894138,0.010380332998465747,0.0002474180073477328,4816896.0,4014080.0
neu_mbv2_pattern_mining,2026-02-08T13:06:06,2,410,82,4,0.3333333333333333,1.3362473249435425,0.3411616,0.036537624342599884,0.0247859803494066,0.011751643993193284,1,5,0.002212595019955188,0.011751643993193284,0.00026600301498547196,225792.0,188160.0
neu_mbv2_pattern_mining,2026-02-08T13:06:07,3,406,82,0,1.0,0.00011152008664794266,7.0747808,0.12559369506197982,0.09915525006363168,0.026438444998348132,1,5,0.009355927992146462,0.026438444998348132,0.0005595970142167062,4816896.0,4014080.0
neu_mbv2_pattern_mining,2026-02-08T13:06:07,3,407,82,1,1.0,0.0010024926159530878,7.0747808,0.028361683303955942,0.020700960303656757,0.0076607230002991855,1,5,0.0018517020216677338,0.0076607230002991855,0.0002183940086979419,4816896.0,4014080.0
neu_mbv2_pattern_mining,2026-02-08T13:06:07,3,408,82,2,0.984375,0.03531770408153534,7.0747808,0.03328465291997418,0.023997449898160994,0.009287203021813184,1,5,0.0021541960013564676,0.009287203021813184,0.0002455489884596318,4816896.0,4014080.0
neu_mbv2_pattern_mining,2026-02-08T13:06:07,3,409,82,3,1.0,0.011719700880348682,7.0747808,0.030913038121070713,0.022197260113898665,0.008715778007172048,1,5,0.0019984980172012,0.008715778007172048,0.00022122799418866634,4816896.0,4014080.0
neu_mbv2_pattern_mining,2026-02-08T13:06:07,3,410,82,4,1.0,0.13127629458904266,0.3411616,0.03660574203240685,0.024917580012697726,0.011688162019709125,1,5,0.002246335003292188,0.011688162019709125,0.0002454229979775846,225792.0,188160.0
neu_mbv2_pattern_mining,2026-02-08T13:06:08,4,406,82,0,1.0,0.0002084755542455241,7.0747808,0.12032537395134568,0.09551594994263723,0.024809424008708447,1,5,0.009002468985272571,0.024809424008708447,0.000549126008991152,4816896.0,4014080.0
neu_mbv2_pattern_mining,2026-02-08T13:06:08,4,407,82,1,0.8125,1.1412633657455444,7.0747808,0.026569537760224193,0.01985853974474594,0.006710998015478253,1,5,0.0017767319804988801,0.006710998015478253,0.00020912199397571385,4816896.0,4014080.0
neu_mbv2_pattern_mining,2026-02-08T13:06:08,4,408,82,2,0.9375,0.31099897623062134,7.0747808,0.024602275749202818,0.018137289735022932,0.006464986014179885,1,5,0.0016426669899374247,0.006464986014179885,0.00017106198356486857,4816896.0,4014080.0
neu_mbv2_pattern_mining,2026-02-08T13:06:08,4,409,82,3,1.0,0.002431205939501524,7.0747808,0.028145108051830903,0.02056216006167233,0.007582947990158573,1,5,0.00186423200648278,0.007582947990158573,0.000191983999684453,4816896.0,4014080.0
neu_mbv2_pattern_mining,2026-02-08T13:06:08,4,410,82,4,0.0,2.674286127090454,0.3411616,0.03063543696771376,0.020535399962682277,0.010100037005031481,1,5,0.0018510890076868236,0.010100037005031481,0.0002024509885814041,225792.0,188160.0
neu_mbv2_pattern_mining,2026-02-08T13:06:09,0,411,83,0,1.0,0.0007456562598235905,7.0747808,0.13159903688938357,0.09951863990863785,0.03208039698074572,1,5,0.009357138013001531,0.03208039698074572,0.0005947259778622538,4816896.0,4014080.0
neu_mbv2_pattern_mining,2026-02-08T13:06:10,0,412,83,1,1.0,0.001960531808435917,7.0747808,0.029026897042058408,0.021024220040999353,0.008002677001059055,1,5,0.0018784849962685257,0.008002677001059055,0.00022393700783140957,4816896.0,4014080.0
neu_mbv2_pattern_mining,2026-02-08T13:06:10,0,413,83,2,0.921875,0.20669442415237427,7.0747808,0.033336893015075475,0.024113830004353076,0.009223063010722399,1,5,0.0021774540073238313,0.009223063010722399,0.0002339289931114763,4816896.0,4014080.0
neu_mbv2_pattern_mining,2026-02-08T13:06:10,0,414,83,3,1.0,0.003736443817615509,7.0747808,0.0358712712477427,0.026076650246977806,0.009794621000764892,1,5,0.002372918010223657,0.009794621000764892,0.00023474701447412372,4816896.0,4014080.0
neu_mbv2_pattern_mining,2026-02-08T13:06:10,0,415,83,4,0.75,1.7935539484024048,0.45154880000000003,0.034501856949646026,0.02477425994584337,0.009727597003802657,1,5,0.0022351779916789383,0.009727597003802657,0.0002422480029053986,301056.0,250880.0
neu_mbv2_pattern_mining,2026-02-08T13:06:10,1,411,83,0,1.0,0.0002893841592594981,7.0747808,0.2463894979446195,0.19729894993361086,0.04909054801100865,1,5,0.019033318996662274,0.04909054801100865,0.0006965759966988117,4816896.0,4014080.0
neu_mbv2_pattern_mining,2026-02-08T13:06:10,1,412,83,1,0.984375,0.0816510021686554,7.0747808,0.04177504114340991,0.030271570140030235,0.011503471003379673,1,5,0.00270181501400657,0.011503471003379673,0.0003253419999964535,4816896.0,4014080.0
neu_mbv2_pattern_mining,2026-02-08T13:06:10,1,413,83,2,1.0,0.011690713465213776,7.0747808,0.03745493007590994,0.02677270007552579,0.010682230000384152,1,5,0.0024107639910653234,0.010682230000384152,0.0002665060164872557,4816896.0,4014080.0
neu_mbv2_pattern_mining,2026-02-08T13:06:10,1,414,83,3,1.0,0.05237043648958206,7.0747808,0.03567434908472933,0.025658640079200268,0.010015709005529061,1,5,0.0023135310038924217,0.010015709005529061,0.00025233300402760506,4816896.0,4014080.0
neu_mbv2_pattern_mining,2026-02-08T13:06:11,1,415,83,4,1.0,0.09571180492639542,0.3411616,0.040703349106479436,0.02769459009869024,0.013008759007789195,1,5,0.0025273770152125508,0.013008759007789195,0.0002420819946564734,225792.0,188160.0
neu_mbv2_pattern_mining,2026-02-08T13:06:11,2,411,83,0,1.0,0.0001288056664634496,7.0747808,0.11280490687931888,0.08912769990274683,0.02367720697657205,1,5,0.008444222999969497,0.02367720697657205,0.0004685469903051853,4816896.0,4014080.0
neu_mbv2_pattern_mining,2026-02-08T13:06:11,2,412,83,1,0.984375,0.05887831002473831,7.0747808,0.028421295690350235,0.020671469683293253,0.007749826007056981,1,5,0.0018261949880979955,0.007749826007056981,0.0002409519802313298,4816896.0,4014080.0
neu_mbv2_pattern_mining,2026-02-08T13:06:11,2,413,83,2,1.0,0.004849356133490801,7.0747808,0.03062372384010814,0.02182773983804509,0.00879598400206305,1,5,0.0019663650018628687,0.00879598400206305,0.00021640898194164038,4816896.0,4014080.0
neu_mbv2_pattern_mining,2026-02-08T13:06:11,2,414,83,3,1.0,0.007512150332331657,7.0747808,0.029539682058384642,0.02117833006195724,0.008361351996427402,1,5,0.0019080610072705895,0.008361351996427402,0.00020977199892513454,4816896.0,4014080.0
neu_mbv2_pattern_mining,2026-02-08T13:06:11,2,415,83,4,0.3333333333333333,3.983308792114258,0.3411616,0.03753973898710683,0.02629588998388499,0.01124384900322184,1,5,0.0023340889893006533,0.01124384900322184,0.0002955000090878457,225792.0,188160.0
neu_mbv2_pattern_mining,2026-02-08T13:06:12,3,411,83,0,1.0,1.1402784366509877e-05,7.0747808,0.14586000877898186,0.11601983977016062,0.02984016900882125,1,5,0.010941988992271945,0.02984016900882125,0.0006599949847441167,4816896.0,4014080.0
neu_mbv2_pattern_mining,2026-02-08T13:06:12,3,412,83,1,1.0,1.0197320079896599e-05,7.0747808,0.03068611878552474,0.022301949793472886,0.008384168992051855,1,5,0.001987374998861924,0.008384168992051855,0.0002428199804853648,4816896.0,4014080.0
neu_mbv2_pattern_mining,2026-02-08T13:06:12,3,413,83,2,1.0,0.001224846113473177,7.0747808,0.034753026062389836,0.02520559006370604,0.009547435998683795,1,5,0.0022848970256745815,0.009547435998683795,0.0002356619806960225,4816896.0,4014080.0
neu_mbv2_pattern_mining,2026-02-08T13:06:12,3,414,83,3,1.0,0.0009780754335224628,7.0747808,0.034545248752692714,0.025274139770772308,0.009271108981920406,1,5,0.0022156829945743084,0.009271108981920406,0.0003117309825029224,4816896.0,4014080.0
neu_mbv2_pattern_mining,2026-02-08T13:06:12,3,415,83,4,0.3333333333333333,2.466693162918091,0.3411616,0.03744474079576321,0.0264636697829701,0.010981071012793109,1,5,0.0023386809916701168,0.010981071012793109,0.0003076859866268933,225792.0,188160.0
neu_mbv2_pattern_mining,2026-02-08T13:06:13,4,411,83,0,1.0,0.0002518816909287125,7.0747808,0.1641458157391753,0.13681878976058215,0.027327025978593156,1,5,0.013186730997404084,0.027327025978593156,0.0004951479786541313,4816896.0,4014080.0
neu_mbv2_pattern_mining,2026-02-08T13:06:13,4,412,83,1,1.0,0.000411776069086045,7.0747808,0.034685888851527125,0.02562546986155212,0.009060418989975005,1,5,0.002315949008334428,0.009060418989975005,0.00024659797782078385,4816896.0,4014080.0
neu_mbv2_pattern_mining,2026-02-08T13:06:13,4,413,83,2,1.0,0.003166620619595051,7.0747808,0.029923068126663566,0.021673350129276514,0.008249717997387052,1,5,0.0019639800011646003,0.008249717997387052,0.00020335501176305115,4816896.0,4014080.0
neu_mbv2_pattern_mining,2026-02-08T13:06:13,4,414,83,3,1.0,0.0024102639872580767,7.0747808,0.029702535684918985,0.02196340967202559,0.007739126012893394,1,5,0.0019508999830577523,0.007739126012893394,0.00024544098414480686,4816896.0,4014080.0
neu_mbv2_pattern_mining,2026-02-08T13:06:13,4,415,83,4,0.3333333333333333,4.4953155517578125,0.3411616,0.031341422989498824,0.022150959994178265,0.009190462995320559,1,5,0.001972008991288021,0.009190462995320559,0.00024308700812980533,225792.0,188160.0
neu_mbv2_pattern_mining,2026-02-08T13:06:14,0,416,84,0,1.0,0.00039608730003237724,7.0747808,0.19040488102473319,0.14740290003828704,0.04300198098644614,1,5,0.014072467020014301,0.04300198098644614,0.0006678229838144034,4816896.0,4014080.0
neu_mbv2_pattern_mining,2026-02-08T13:06:14,0,417,84,1,0.984375,0.1476851850748062,7.0747808,0.03444038366433233,0.0248662696685642,0.00957411399576813,1,5,0.0022258859826251864,0.00957411399576813,0.0002607409842312336,4816896.0,4014080.0
neu_mbv2_pattern_mining,2026-02-08T13:06:14,0,418,84,2,1.0,0.0009937359718605876,7.0747808,0.03808002022560686,0.027463770238682628,0.010616249986924231,1,5,0.0024614510184619576,0.010616249986924231,0.0002849260054063052,4816896.0,4014080.0
neu_mbv2_pattern_mining,2026-02-08T13:06:15,0,419,84,3,0.984375,0.02282867580652237,7.0747808,0.03473562982981093,0.024864169827196747,0.009871460002614185,1,5,0.0022503859945572913,0.009871460002614185,0.00023603098816238344,4816896.0,4014080.0
neu_mbv2_pattern_mining,2026-02-08T13:06:15,0,420,84,4,1.0,0.056636035442352295,0.45154880000000003,0.03419558552559465,0.024564869527239352,0.0096307159983553,1,5,0.002222822979092598,0.0096307159983553,0.00023366397363133729,301056.0,250880.0
neu_mbv2_pattern_mining,2026-02-08T13:06:15,1,416,84,0,1.0,1.7496648069936782e-05,7.0747808,0.11741118796635419,0.09358534996863455,0.023825837997719646,1,5,0.008776186994509771,0.023825837997719646,0.0005823480023536831,4816896.0,4014080.0
neu_mbv2_pattern_mining,2026-02-08T13:06:15,1,417,84,1,0.984375,0.017648445442318916,7.0747808,0.033852015127195045,0.02446196012897417,0.009390054998220876,1,5,0.002185902005294338,0.009390054998220876,0.0002602940076030791,4816896.0,4014080.0
neu_mbv2_pattern_mining,2026-02-08T13:06:15,1,418,84,2,1.0,0.0016524895327165723,7.0747808,0.03301533704507165,0.023755040019750595,0.009260297025321051,1,5,0.002142395998816937,0.009260297025321051,0.0002331080031581223,4816896.0,4014080.0
neu_mbv2_pattern_mining,2026-02-08T13:06:15,1,419,84,3,1.0,0.02117256075143814,7.0747808,0.032607109140371904,0.0232977801351808,0.009309329005191103,1,5,0.0020951610058546066,0.009309329005191103,0.0002346170076634735,4816896.0,4014080.0
neu_mbv2_pattern_mining,2026-02-08T13:06:15,1,420,84,4,0.6666666666666666,1.4252313375473022,0.3411616,0.038003559689968824,0.025503119686618447,0.012500440003350377,1,5,0.0022597109782509506,0.012500440003350377,0.00029060099041089416,225792.0,188160.0
neu_mbv2_pattern_mining,2026-02-08T13:06:16,2,416,84,0,0.984375,0.014067018404603004,7.0747808,0.13529585296055302,0.10292916995240375,0.032366683008149266,1,5,0.0095778219983913,0.032366683008149266,0.000715094996849075,4816896.0,4014080.0
neu_mbv2_pattern_mining,2026-02-08T13:06:16,2,417,84,1,0.984375,0.03381333127617836,7.0747808,0.03458295197924599,0.025534309970680624,0.009048642008565366,1,5,0.0022527800174430013,0.009048642008565366,0.00030065097962506115,4816896.0,4014080.0
neu_mbv2_pattern_mining,2026-02-08T13:06:16,2,418,84,2,0.96875,0.06363091617822647,7.0747808,0.033233730122447014,0.02391584013821557,0.009317889984231442,1,5,0.002168523002183065,0.009317889984231442,0.00022306101163849235,4816896.0,4014080.0
neu_mbv2_pattern_mining,2026-02-08T13:06:16,2,419,84,3,0.984375,0.04325147718191147,7.0747808,0.0360894959885627,0.02632982999784872,0.009759665990713984,1,5,0.002325337001821026,0.009759665990713984,0.00030764599796384573,4816896.0,4014080.0
neu_mbv2_pattern_mining,2026-02-08T13:06:16,2,420,84,4,0.6666666666666666,2.5935304164886475,0.3411616,0.04013290477450937,0.027469459746498615,0.012663445028010756,1,5,0.0024518619757145643,0.012663445028010756,0.00029508399893529713,225792.0,188160.0
neu_mbv2_pattern_mining,2026-02-08T13:06:17,3,416,84,0,1.0,9.359071555081755e-06,7.0747808,0.2106610610790085,0.1701565700932406,0.040504490985767916,1,5,0.01634184701833874,0.040504490985767916,0.000673809990985319,4816896.0,4014080.0
neu_mbv2_pattern_mining,2026-02-08T13:06:17,3,417,84,1,1.0,1.116386556532234e-05,7.0747808,0.04033617809182033,0.02855188009561971,0.011784297996200621,1,5,0.0024563409970141947,0.011784297996200621,0.0003988470125477761,4816896.0,4014080.0
neu_mbv2_pattern_mining,2026-02-08T13:06:17,3,418,84,2,1.0,3.806538006756455e-05,7.0747808,0.04399245503009297,0.0317781200283207,0.01221433500177227,1,5,0.002844047994585708,0.01221433500177227,0.0003337640082463622,4816896.0,4014080.0
neu_mbv2_pattern_mining,2026-02-08T13:06:17,3,419,84,3,1.0,2.0583258447004482e-05,7.0747808,0.039342709904303774,0.02858077990822494,0.010761929996078834,1,5,0.0025650399911683053,0.010761929996078834,0.00029303799965418875,4816896.0,4014080.0
neu_mbv2_pattern_mining,2026-02-08T13:06:17,3,420,84,4,0.6666666666666666,2.287092924118042,0.3411616,0.038687853899318725,0.026204499881714582,0.012483354017604142,1,5,0.002364290994592011,0.012483354017604142,0.00025615899357944727,225792.0,188160.0
neu_mbv2_pattern_mining,2026-02-08T13:06:18,4,416,84,0,1.0,0.0003055487759411335,7.0747808,0.11665613696095534,0.09150825993856415,0.025147877022391185,1,5,0.008528923004632816,0.025147877022391185,0.0006219029892235994,4816896.0,4014080.0
neu_mbv2_pattern_mining,2026-02-08T13:06:18,4,417,84,1,0.9375,0.22303372621536255,7.0747808,0.029381389991613105,0.021665189997293055,0.00771619999432005,1,5,0.0019196580105926841,0.00771619999432005,0.00024686098913662136,4816896.0,4014080.0
neu_mbv2_pattern_mining,2026-02-08T13:06:18,4,418,84,2,1.0,0.003805343061685562,7.0747808,0.02340418510721065,0.01687606010818854,0.006528124999022111,1,5,0.0015118409937713295,0.006528124999022111,0.00017576501704752445,4816896.0,4014080.0
neu_mbv2_pattern_mining,2026-02-08T13:06:18,4,419,84,3,0.953125,0.2831837236881256,7.0747808,0.022839188895886764,0.016394369886256754,0.0064448190096300095,1,5,0.0014724390057381243,0.0064448190096300095,0.0001669979828875512,4816896.0,4014080.0
neu_mbv2_pattern_mining,2026-02-08T13:06:18,4,420,84,4,0.6666666666666666,1.5753941535949707,0.3411616,0.03000003274064511,0.02102346974425018,0.008976562996394932,1,5,0.001864422985818237,0.008976562996394932,0.00023792398860678077,225792.0,188160.0
neu_mbv2_pattern_mining,2026-02-08T13:06:19,0,421,85,0,1.0,2.730105734372046e-05,7.0747808,0.17729332533781417,0.1369357103249058,0.040357615012908354,1,5,0.013028115004999563,0.040357615012908354,0.0006654560274910182,4816896.0,4014080.0
neu_mbv2_pattern_mining,2026-02-08T13:06:20,0,422,85,1,1.0,0.00019946422253269702,7.0747808,0.037154081190237775,0.02735403017140925,0.009800051018828526,1,5,0.0024052640073932707,0.009800051018828526,0.0003301390097476542,4816896.0,4014080.0
neu_mbv2_pattern_mining,2026-02-08T13:06:20,0,423,85,2,0.828125,0.7943190336227417,7.0747808,0.03681147002498619,0.0268971300101839,0.009914340014802292,1,5,0.002410838002106175,0.009914340014802292,0.00027887499891221523,4816896.0,4014080.0
neu_mbv2_pattern_mining,2026-02-08T13:06:20,0,424,85,3,1.0,0.002146731596440077,7.0747808,0.02787898195674643,0.020247219945304096,0.0076317620114423335,1,5,0.0018270660075359046,0.0076317620114423335,0.00019765598699450493,4816896.0,4014080.0
neu_mbv2_pattern_mining,2026-02-08T13:06:20,0,425,85,4,0.75,1.0570012331008911,0.45154880000000003,0.024905716913053766,0.017771869897842407,0.007133847015211359,1,5,0.0016054539883043617,0.007133847015211359,0.00017173300147987902,301056.0,250880.0
neu_mbv2_pattern_mining,2026-02-08T13:06:20,1,421,85,0,1.0,3.192801887053065e-05,7.0747808,0.18767220905283466,0.14897115004714578,0.038701059005688876,1,5,0.014196625008480623,0.038701059005688876,0.000700489996233955,4816896.0,4014080.0
neu_mbv2_pattern_mining,2026-02-08T13:06:20,1,422,85,1,1.0,0.0005921348929405212,7.0747808,0.03669996710959822,0.026756850129459053,0.009943116980139166,1,5,0.0024102790048345923,0.009943116980139166,0.000265406008111313,4816896.0,4014080.0
neu_mbv2_pattern_mining,2026-02-08T13:06:20,1,423,85,2,1.0,0.00047492916928604245,7.0747808,0.0320721393218264,0.02375693031353876,0.008315209008287638,1,5,0.002163577009923756,0.008315209008287638,0.00021211602143011987,4816896.0,4014080.0
neu_mbv2_pattern_mining,2026-02-08T13:06:20,1,424,85,3,0.96875,0.06628702580928802,7.0747808,0.029549338010838255,0.02175909001380205,0.007790247997036204,1,5,0.001986738992854953,0.007790247997036204,0.00018917000852525234,4816896.0,4014080.0
neu_mbv2_pattern_mining,2026-02-08T13:06:20,1,425,85,4,0.6666666666666666,1.3942807912826538,0.3411616,0.03104495001025498,0.021054829994682223,0.009990120015572757,1,5,0.001896744011901319,0.009990120015572757,0.00020873898756690323,225792.0,188160.0
neu_mbv2_pattern_mining,2026-02-08T13:06:21,2,421,85,0,1.0,0.00021888224000576884,7.0747808,0.2404179821605794,0.19633431016700342,0.04408367199357599,1,5,0.01896572799887508,0.04408367199357599,0.0006677030178252608,4816896.0,4014080.0
neu_mbv2_pattern_mining,2026-02-08T13:06:21,2,422,85,1,0.984375,0.025024164468050003,7.0747808,0.049740801769075915,0.03755528974579647,0.012185512023279443,1,5,0.003438140993239358,0.012185512023279443,0.0003173879813402891,4816896.0,4014080.0
neu_mbv2_pattern_mining,2026-02-08T13:06:21,2,423,85,2,0.953125,0.131272554397583,7.0747808,0.040696581068914384,0.02931680006440729,0.011379781004507095,1,5,0.0026211290096398443,0.011379781004507095,0.0003105509968008846,4816896.0,4014080.0
neu_mbv2_pattern_mining,2026-02-08T13:06:21,2,424,85,3,0.984375,0.08321716636419296,7.0747808,0.03828535677166656,0.02772808977169916,0.010557266999967396,1,5,0.0025062569766305387,0.010557266999967396,0.00026655200053937733,4816896.0,4014080.0
neu_mbv2_pattern_mining,2026-02-08T13:06:21,2,425,85,4,1.0,0.2952815294265747,0.3411616,0.041039758012630045,0.02837123000063002,0.012668528012000024,1,5,0.0025637609942350537,0.012668528012000024,0.00027336200582794845,225792.0,188160.0
neu_mbv2_pattern_mining,2026-02-08T13:06:22,3,421,85,0,1.0,2.568703712313436e-05,7.0747808,0.24348187010036781,0.1947561401175335,0.04872572998283431,1,5,0.018786355998599902,0.04872572998283431,0.0006892580131534487,4816896.0,4014080.0
neu_mbv2_pattern_mining,2026-02-08T13:06:22,3,422,85,1,0.921875,0.23264634609222412,7.0747808,0.044639467843808234,0.03240425983676687,0.012235208007041365,1,5,0.002907958987634629,0.012235208007041365,0.00033246699604205787,4816896.0,4014080.0
neu_mbv2_pattern_mining,2026-02-08T13:06:22,3,423,85,2,1.0,0.00022245118452701718,7.0747808,0.03740727296099067,0.026803149958141148,0.01060412300284952,1,5,0.002412978996289894,0.01060412300284952,0.0002673359995242208,4816896.0,4014080.0
neu_mbv2_pattern_mining,2026-02-08T13:06:22,3,424,85,3,1.0,0.019815433770418167,7.0747808,0.03515844000503421,0.025267780001740903,0.009890660003293306,1,5,0.0022634409833699465,0.009890660003293306,0.0002633370168041438,4816896.0,4014080.0
neu_mbv2_pattern_mining,2026-02-08T13:06:22,3,425,85,4,0.6666666666666666,3.4253365993499756,0.3411616,0.03885458703734912,0.02658215002156794,0.012272437015781179,1,5,0.0024072960077319294,0.012272437015781179,0.00025091899442486465,225792.0,188160.0
neu_mbv2_pattern_mining,2026-02-08T13:06:23,4,421,85,0,1.0,3.687286880449392e-05,7.0747808,0.17374208895489573,0.14094237994868308,0.03279970900621265,1,5,0.01360885301255621,0.03279970900621265,0.00048538498231209815,4816896.0,4014080.0
neu_mbv2_pattern_mining,2026-02-08T13:06:23,4,422,85,1,1.0,0.000287383736576885,7.0747808,0.025983186962548643,0.01909045997308567,0.006892726989462972,1,5,0.0017209890065714717,0.006892726989462972,0.00018805699073709548,4816896.0,4014080.0
neu_mbv2_pattern_mining,2026-02-08T13:06:23,4,423,85,2,1.0,0.008952300064265728,7.0747808,0.023097139783203602,0.016619459784124047,0.006477679999079555,1,5,0.001493488991400227,0.006477679999079555,0.0001684569870121777,4816896.0,4014080.0
neu_mbv2_pattern_mining,2026-02-08T13:06:23,4,424,85,3,0.984375,0.025840051472187042,7.0747808,0.02318091588676907,0.016755799879319966,0.006425116007449105,1,5,0.0015114920097403228,0.006425116007449105,0.00016408797819167376,4816896.0,4014080.0
neu_mbv2_pattern_mining,2026-02-08T13:06:23,4,425,85,4,1.0,0.049159154295921326,0.3411616,0.025796420115511864,0.017606370092835277,0.008190050022676587,1,5,0.0015856940008234233,0.008190050022676587,0.00017494300846010447,225792.0,188160.0
neu_mbv2_pattern_mining,2026-02-08T13:06:24,0,426,86,0,1.0,7.01952594681643e-05,7.0747808,0.12927183171268553,0.09872977971099317,0.030542052001692355,1,5,0.00912643998162821,0.030542052001692355,0.0007465379894711077,4816896.0,4014080.0
neu_mbv2_pattern_mining,2026-02-08T13:06:24,0,427,86,1,1.0,0.0005973437218926847,7.0747808,0.03235850215423852,0.023702210164628923,0.008656291989609599,1,5,0.002084950014250353,0.008656291989609599,0.0002852710022125393,4816896.0,4014080.0
neu_mbv2_pattern_mining,2026-02-08T13:06:24,0,428,86,2,1.0,0.00034337531542405486,7.0747808,0.03347333907731809,0.02482698007952422,0.008646358997793868,1,5,0.002176827983930707,0.008646358997793868,0.0003058700240217149,4816896.0,4014080.0
neu_mbv2_pattern_mining,2026-02-08T13:06:24,0,429,86,3,0.9375,0.10292553156614304,7.0747808,0.031271015119273216,0.022479910112451762,0.008791105006821454,1,5,0.0020061900140717626,0.008791105006821454,0.00024180099717341363,4816896.0,4014080.0
neu_mbv2_pattern_mining,2026-02-08T13:06:25,0,430,86,4,0.5,4.882960319519043,0.45154880000000003,0.03215832493151538,0.022725799935869873,0.009432524995645508,1,5,0.0020287809893488884,0.009432524995645508,0.00024379900423809886,301056.0,250880.0
neu_mbv2_pattern_mining,2026-02-08T13:06:25,1,426,86,0,1.0,1.554863411001861e-05,7.0747808,0.20094915010849945,0.15668361011194065,0.0442655399965588,1,5,0.014921713009243831,0.0442655399965588,0.0007466480019502342,4816896.0,4014080.0
neu_mbv2_pattern_mining,2026-02-08T13:06:25,1,427,86,1,1.0,0.0011366395046934485,7.0747808,0.041350145009346306,0.0298602000111714,0.011489944998174906,1,5,0.0026736959989648312,0.011489944998174906,0.0003123240021523088,4816896.0,4014080.0
neu_mbv2_pattern_mining,2026-02-08T13:06:25,1,428,86,2,1.0,0.0010672904318198562,7.0747808,0.03780479880515486,0.027203509816899896,0.010601288988254964,1,5,0.0024498239799868315,0.010601288988254964,0.000270527001703158,4816896.0,4014080.0
neu_mbv2_pattern_mining,2026-02-08T13:06:25,1,429,86,3,1.0,0.0002221576578449458,7.0747808,0.03744508506497368,0.02692559006391093,0.01051949500106275,1,5,0.00242201000219211,0.01051949500106275,0.0002705490041989833,4816896.0,4014080.0
neu_mbv2_pattern_mining,2026-02-08T13:06:25,1,430,86,4,1.0,0.05202648043632507,0.3411616,0.04233311983989552,0.028376499831210822,0.013956620008684695,1,5,0.002561851986683905,0.013956620008684695,0.00027579799643717706,225792.0,188160.0
neu_mbv2_pattern_mining,2026-02-08T13:06:26,2,426,86,0,1.0,1.5239267668221146e-05,7.0747808,0.11879721016157418,0.09631715016439557,0.022480059997178614,1,5,0.009050132997799665,0.022480059997178614,0.0005815820186398923,4816896.0,4014080.0
neu_mbv2_pattern_mining,2026-02-08T13:06:26,2,427,86,1,1.0,0.00024040591961238533,7.0747808,0.024761928158113733,0.01809419016353786,0.006667737994575873,1,5,0.0015743630065117031,0.006667737994575873,0.00023505600984208286,4816896.0,4014080.0
neu_mbv2_pattern_mining,2026-02-08T13:06:26,2,428,86,2,0.984375,0.09007204324007034,7.0747808,0.023363611049717292,0.016808880027383566,0.006554731022333726,1,5,0.0015101500030141324,0.006554731022333726,0.0001707379997242242,4816896.0,4014080.0
neu_mbv2_pattern_mining,2026-02-08T13:06:26,2,429,86,3,1.0,0.00030162770417518914,7.0747808,0.022961999929975718,0.016448349924758077,0.006513650005217642,1,5,0.0014803209924139082,0.006513650005217642,0.00016451400006189942,4816896.0,4014080.0
neu_mbv2_pattern_mining,2026-02-08T13:06:26,2,430,86,4,0.6666666666666666,2.927079916000366,0.3411616,0.026006997970398515,0.017701729957479984,0.008305268012918532,1,5,0.0015965490019880235,0.008305268012918532,0.00017362399375997484,225792.0,188160.0
neu_mbv2_pattern_mining,2026-02-08T13:06:27,3,426,86,0,1.0,0.00010836189903784543,7.0747808,0.10822542704408988,0.08622716006357223,0.021998266980517656,1,5,0.008040970016736537,0.021998266980517656,0.0005817459896206856,4816896.0,4014080.0
neu_mbv2_pattern_mining,2026-02-08T13:06:27,3,427,86,1,0.953125,0.1599547117948532,7.0747808,0.02853840487659909,0.02098225988447666,0.007556144992122427,1,5,0.0018489589856471866,0.007556144992122427,0.00024926700280047953,4816896.0,4014080.0
neu_mbv2_pattern_mining,2026-02-08T13:06:27,3,428,86,2,1.0,0.003971764352172613,7.0747808,0.029856459092115983,0.021440380078274757,0.008416079013841227,1,5,0.0019398510048631579,0.008416079013841227,0.0002041870029643178,4816896.0,4014080.0
neu_mbv2_pattern_mining,2026-02-08T13:06:27,3,429,86,3,0.984375,0.05077137053012848,7.0747808,0.029645856004208326,0.021273570018820465,0.008372285985387862,1,5,0.0019144329999107867,0.008372285985387862,0.0002129240019712597,4816896.0,4014080.0
neu_mbv2_pattern_mining,2026-02-08T13:06:27,3,430,86,4,1.0,0.0512373261153698,0.3411616,0.034966673993039876,0.02386703999945894,0.011099633993580937,1,5,0.0021477609989233315,0.011099633993580937,0.00023894300102256238,225792.0,188160.0
neu_mbv2_pattern_mining,2026-02-08T13:06:28,4,426,86,0,1.0,4.619296760211e-06,7.0747808,0.136711814586306,0.11204557958990335,0.024666234996402636,1,5,0.010599844972603023,0.024666234996402636,0.0006047129863873124,4816896.0,4014080.0
neu_mbv2_pattern_mining,2026-02-08T13:06:28,4,427,86,1,1.0,1.1629545042524114e-05,7.0747808,0.028678996895905584,0.021140039898455143,0.007538956997450441,1,5,0.0018660719797480851,0.007538956997450441,0.00024793201009742916,4816896.0,4014080.0
neu_mbv2_pattern_mining,2026-02-08T13:06:28,4,428,86,2,1.0,1.0938950254058e-05,7.0747808,0.02834934418206103,0.020585580205079168,0.007763763976981863,1,5,0.0018288220162503421,0.007763763976981863,0.00022973600425757468,4816896.0,4014080.0
neu_mbv2_pattern_mining,2026-02-08T13:06:28,4,429,86,3,1.0,0.0001579141680849716,7.0747808,0.0313908708631061,0.023182389850262552,0.00820848101284355,1,5,0.002031474985415116,0.00820848101284355,0.0002867639996111393,4816896.0,4014080.0
neu_mbv2_pattern_mining,2026-02-08T13:06:28,4,430,86,4,0.6666666666666666,0.7532081007957458,0.3411616,0.034291058080270886,0.024685600074008107,0.00960545800626278,1,5,0.0021726019913330674,0.00960545800626278,0.0002959580160677433,225792.0,188160.0
neu_mbv2_pattern_mining,2026-02-08T13:06:29,0,431,87,0,0.984375,0.012721718288958073,7.0747808,0.12408220619545318,0.09528459020657465,0.028797615988878533,1,5,0.00876257600612007,0.028797615988878533,0.000765883014537394,4816896.0,4014080.0
neu_mbv2_pattern_mining,2026-02-08T13:06:29,0,432,87,1,0.796875,0.39683592319488525,7.0747808,0.028056487790308893,0.020608969789464027,0.007447518000844866,1,5,0.0018305739795323461,0.007447518000844866,0.00023032299941405654,4816896.0,4014080.0
neu_mbv2_pattern_mining,2026-02-08T13:06:30,0,433,87,2,1.0,0.0135932806879282,7.0747808,0.027344499831087887,0.020067959849257022,0.007276539981830865,1,5,0.0017787399992812425,0.007276539981830865,0.00022805598564445972,4816896.0,4014080.0
neu_mbv2_pattern_mining,2026-02-08T13:06:30,0,434,87,3,1.0,0.018280930817127228,7.0747808,0.025412702903850004,0.018449499912094325,0.006963202991755679,1,5,0.0016233960050158203,0.006963202991755679,0.00022155398619361222,4816896.0,4014080.0
neu_mbv2_pattern_mining,2026-02-08T13:06:30,0,435,87,4,1.0,0.34419146180152893,0.45154880000000003,0.028204005036968738,0.02094547002343461,0.007258535013534129,1,5,0.0018402730056550354,0.007258535013534129,0.00025427399668842554,301056.0,250880.0
neu_mbv2_pattern_mining,2026-02-08T13:06:30,1,431,87,0,1.0,8.706896551302634e-06,7.0747808,0.1583414851629641,0.12772948015481234,0.030612005008151755,1,5,0.012260412011528388,0.030612005008151755,0.0005125360039528459,4816896.0,4014080.0
neu_mbv2_pattern_mining,2026-02-08T13:06:30,1,432,87,1,1.0,2.564468013588339e-05,7.0747808,0.03529125504428521,0.02632810006616637,0.008963154978118837,1,5,0.002324543980648741,0.008963154978118837,0.000308266025967896,4816896.0,4014080.0
neu_mbv2_pattern_mining,2026-02-08T13:06:30,1,433,87,2,1.0,0.0009090426610782743,7.0747808,0.03699880201020278,0.027610980032477528,0.009387821977725253,1,5,0.002457099995808676,0.009387821977725253,0.0003039980074390769,4816896.0,4014080.0
neu_mbv2_pattern_mining,2026-02-08T13:06:30,1,434,87,3,0.921875,0.28294235467910767,7.0747808,0.03607428914983757,0.026840160135179758,0.00923412901465781,1,5,0.002393853006651625,0.00923412901465781,0.00029016300686635077,4816896.0,4014080.0
neu_mbv2_pattern_mining,2026-02-08T13:06:30,1,435,87,4,0.6666666666666666,0.5335728526115417,0.3411616,0.03281498220167123,0.022839970188215375,0.009975012013455853,1,5,0.002000623004278168,0.009975012013455853,0.0002833740145433694,225792.0,188160.0
neu_mbv2_pattern_mining,2026-02-08T13:06:31,2,431,87,0,1.0,1.3953213056083769e-05,7.0747808,0.11361258596298285,0.0904903799528256,0.023122206010157242,1,5,0.008572101010940969,0.023122206010157242,0.0004769369843415916,4816896.0,4014080.0
neu_mbv2_pattern_mining,2026-02-08T13:06:31,2,432,87,1,1.0,0.004153369460254908,7.0747808,0.028351402113912627,0.021434650116134435,0.006916751997778192,1,5,0.0018826849991455674,0.006916751997778192,0.0002607800124678761,4816896.0,4014080.0
neu_mbv2_pattern_mining,2026-02-08T13:06:31,2,433,87,2,1.0,0.014306915923953056,7.0747808,0.031035374180646613,0.023277430154848844,0.007757944025797769,1,5,0.0020601760188583285,0.007757944025797769,0.0002675669966265559,4816896.0,4014080.0
neu_mbv2_pattern_mining,2026-02-08T13:06:31,2,434,87,3,0.96875,0.06713235378265381,7.0747808,0.0304579148942139,0.02277391991810873,0.0076839949761051685,1,5,0.002005856978939846,0.0076839949761051685,0.000271535012871027,4816896.0,4014080.0
neu_mbv2_pattern_mining,2026-02-08T13:06:31,2,435,87,4,0.6666666666666666,1.5907912254333496,0.3411616,0.03201260499190539,0.02253323997138068,0.00947936502052471,1,5,0.0019752520020119846,0.00947936502052471,0.0002780719951260835,225792.0,188160.0
neu_mbv2_pattern_mining,2026-02-08T13:06:32,3,431,87,0,1.0,1.9117840565741062e-05,7.0747808,0.11787569976877421,0.09406240977114066,0.023813289997633547,1,5,0.008736821997445077,0.023813289997633547,0.0006694189796689898,4816896.0,4014080.0
neu_mbv2_pattern_mining,2026-02-08T13:06:32,3,432,87,1,0.984375,0.04213110730051994,7.0747808,0.02491141002974473,0.01833891001297161,0.00657250001677312,1,5,0.0016118180064950138,0.00657250001677312,0.00022207299480214715,4816896.0,4014080.0
neu_mbv2_pattern_mining,2026-02-08T13:06:32,3,433,87,2,1.0,0.00045556307304650545,7.0747808,0.023562415270134807,0.017024680273607373,0.006537734996527433,1,5,0.0015084890183061361,0.006537734996527433,0.0001939790090546012,4816896.0,4014080.0
neu_mbv2_pattern_mining,2026-02-08T13:06:32,3,434,87,3,0.8125,0.4532494843006134,7.0747808,0.026493969140574336,0.019685960141941905,0.006808008998632431,1,5,0.0017148300248663872,0.006808008998632431,0.00025376598932780325,4816896.0,4014080.0
neu_mbv2_pattern_mining,2026-02-08T13:06:32,3,435,87,4,0.3333333333333333,3.212904214859009,0.3411616,0.031075299018993974,0.021915730030741543,0.009159568988252431,1,5,0.001923417003126815,0.009159568988252431,0.0002681559999473393,225792.0,188160.0
neu_mbv2_pattern_mining,2026-02-08T13:06:33,4,431,87,0,1.0,0.0009030817309394479,7.0747808,0.12188510791747831,0.09821885993005708,0.02366624798742123,1,5,0.00925770599860698,0.02366624798742123,0.000564179994398728,4816896.0,4014080.0
neu_mbv2_pattern_mining,2026-02-08T13:06:33,4,432,87,1,0.953125,0.13913488388061523,7.0747808,0.03166755801066756,0.023516840010415763,0.0081507180002518,1,5,0.002079219004372135,0.0081507180002518,0.00027246499666944146,4816896.0,4014080.0
neu_mbv2_pattern_mining,2026-02-08T13:06:33,4,433,87,2,1.0,0.00013375785783864558,7.0747808,0.029474958777427673,0.021374999778345227,0.008099958999082446,1,5,0.001878394978120923,0.008099958999082446,0.0002591049997135997,4816896.0,4014080.0
neu_mbv2_pattern_mining,2026-02-08T13:06:33,4,434,87,3,1.0,0.009200962260365486,7.0747808,0.029391073010629043,0.021322410029824823,0.00806866298080422,1,5,0.0018899969873018563,0.00806866298080422,0.00024224401568062603,4816896.0,4014080.0
neu_mbv2_pattern_mining,2026-02-08T13:06:33,4,435,87,4,0.6666666666666666,2.0596253871917725,0.3411616,0.0352094538975507,0.024270899884868413,0.010938554012682289,1,5,0.0021210629784036428,0.010938554012682289,0.00030602701008319855,225792.0,188160.0
neu_mbv2_pattern_mining,2026-02-08T13:06:34,0,436,88,0,1.0,0.0001609742466825992,7.0747808,0.12205833915504627,0.09335044014733285,0.028707899007713422,1,5,0.008495222020428628,0.028707899007713422,0.000839821994304657,4816896.0,4014080.0
neu_mbv2_pattern_mining,2026-02-08T13:06:34,0,437,88,1,0.984375,0.04662027955055237,7.0747808,0.03286327523528598,0.024144970229826868,0.008718305005459115,1,5,0.0021267350239213556,0.008718305005459115,0.00028776199906133115,4816896.0,4014080.0
neu_mbv2_pattern_mining,2026-02-08T13:06:34,0,438,88,2,0.96875,0.0656147375702858,7.0747808,0.025104767904849723,0.01829260989325121,0.0068121580115985125,1,5,0.0016222049889620394,0.0068121580115985125,0.0002070560003630817,4816896.0,4014080.0
neu_mbv2_pattern_mining,2026-02-08T13:06:34,0,439,88,3,0.9375,0.2186262309551239,7.0747808,0.031796785129699856,0.02262026013340801,0.009176524996291846,1,5,0.002001154003664851,0.009176524996291846,0.0002608720096759498,4816896.0,4014080.0
neu_mbv2_pattern_mining,2026-02-08T13:06:34,0,440,88,4,0.75,0.47211945056915283,0.45154880000000003,0.042216259898850694,0.03157439990900457,0.010641859989846125,1,5,0.0028460169851314276,0.010641859989846125,0.00031142300576902926,301056.0,250880.0
neu_mbv2_pattern_mining,2026-02-08T13:06:35,1,436,88,0,1.0,4.827828524867073e-05,7.0747808,0.11349118806538172,0.09066786005860195,0.022823328006779775,1,5,0.008489314001053572,0.022823328006779775,0.0005774720048066229,4816896.0,4014080.0
neu_mbv2_pattern_mining,2026-02-08T13:06:35,1,437,88,1,0.984375,0.015570676885545254,7.0747808,0.026929770276183262,0.019781490263994783,0.007148280012188479,1,5,0.0016908500110730529,0.007148280012188479,0.00028729901532642543,4816896.0,4014080.0
neu_mbv2_pattern_mining,2026-02-08T13:06:35,1,438,88,2,1.0,0.00011138620902784169,7.0747808,0.027167693187948316,0.019900500192306936,0.0072671929956413805,1,5,0.0017624000029172748,0.0072671929956413805,0.00022765001631341875,4816896.0,4014080.0
neu_mbv2_pattern_mining,2026-02-08T13:06:35,1,439,88,3,0.90625,0.7635987401008606,7.0747808,0.026812328811502084,0.019718959811143577,0.007093369000358507,1,5,0.0017368299886584282,0.007093369000358507,0.00023506599245592952,4816896.0,4014080.0
neu_mbv2_pattern_mining,2026-02-08T13:06:35,1,440,88,4,1.0,0.007978136651217937,0.3411616,0.03180650816648267,0.02134622016455978,0.01046028800192289,1,5,0.0018942840106319636,0.01046028800192289,0.00024033800582401454,225792.0,188160.0
neu_mbv2_pattern_mining,2026-02-08T13:06:36,2,436,88,0,1.0,0.00014422176172956824,7.0747808,0.22632902214536443,0.1735527001437731,0.052776322001591325,1,5,0.01645890300278552,0.052776322001591325,0.0008963670115917921,4816896.0,4014080.0
neu_mbv2_pattern_mining,2026-02-08T13:06:36,2,437,88,1,1.0,0.01138252206146717,7.0747808,0.04481828087591566,0.032553029886912555,0.012265250989003107,1,5,0.0029211390065029263,0.012265250989003107,0.0003341639821883291,4816896.0,4014080.0
neu_mbv2_pattern_mining,2026-02-08T13:06:36,2,438,88,2,1.0,0.0017017261125147343,7.0747808,0.03482536808587611,0.026160030101891607,0.0086653379839845,1,5,0.002355892997002229,0.0086653379839845,0.0002601100131869316,4816896.0,4014080.0
neu_mbv2_pattern_mining,2026-02-08T13:06:36,2,439,88,3,0.921875,0.3327299654483795,7.0747808,0.03627563387271948,0.026809969858732074,0.009465664013987407,1,5,0.0024041440046858042,0.009465664013987407,0.0002768529811874032,4816896.0,4014080.0
neu_mbv2_pattern_mining,2026-02-08T13:06:36,2,440,88,4,0.6666666666666666,2.3556299209594727,0.3411616,0.03590113695827313,0.024282789963763207,0.01161834699450992,1,5,0.0021700169891119003,0.01161834699450992,0.0002582620072644204,225792.0,188160.0
neu_mbv2_pattern_mining,2026-02-08T13:06:37,3,436,88,0,1.0,1.2586948287207633e-05,7.0747808,0.18103694095043465,0.13972910994198173,0.04130783100845292,1,5,0.013307435991009697,0.04130783100845292,0.000665475003188476,4816896.0,4014080.0
neu_mbv2_pattern_mining,2026-02-08T13:06:37,3,437,88,1,0.984375,0.01740463823080063,7.0747808,0.03755907801678404,0.026810790004674345,0.010748288012109697,1,5,0.0023568439937662333,0.010748288012109697,0.0003242350067012012,4816896.0,4014080.0
neu_mbv2_pattern_mining,2026-02-08T13:06:37,3,438,88,2,1.0,0.0007771212258376181,7.0747808,0.037353730120230466,0.02728468010900542,0.010069050011225045,1,5,0.0024224930093623698,0.010069050011225045,0.00030597500153817236,4816896.0,4014080.0
neu_mbv2_pattern_mining,2026-02-08T13:06:37,3,439,88,3,1.0,0.0014958437532186508,7.0747808,0.03441943324287422,0.024972960236482322,0.009446473006391898,1,5,0.0022088390251155943,0.009446473006391898,0.00028845699853263795,4816896.0,4014080.0
neu_mbv2_pattern_mining,2026-02-08T13:06:37,3,440,88,4,0.0,4.646979808807373,0.3411616,0.03837202495196834,0.026431739970576018,0.011940284981392324,1,5,0.002334489981876686,0.011940284981392324,0.0003086840151809156,225792.0,188160.0
neu_mbv2_pattern_mining,2026-02-08T13:06:38,4,436,88,0,1.0,0.00024186994414776564,7.0747808,0.11065974592929706,0.0872701799380593,0.02338956599123776,1,5,0.008227359998272732,0.02338956599123776,0.0004996579955331981,4816896.0,4014080.0
neu_mbv2_pattern_mining,2026-02-08T13:06:38,4,437,88,1,1.0,5.6658722314750776e-05,7.0747808,0.029615689301863313,0.02169949031667784,0.007916198985185474,1,5,0.001895737019367516,0.007916198985185474,0.0002742120123002678,4816896.0,4014080.0
neu_mbv2_pattern_mining,2026-02-08T13:06:38,4,438,88,2,1.0,0.00030923043959774077,7.0747808,0.031219821248669177,0.022666310251224786,0.008553510997444391,1,5,0.0019822920148726553,0.008553510997444391,0.00028433901024982333,4816896.0,4014080.0
neu_mbv2_pattern_mining,2026-02-08T13:06:38,4,439,88,3,0.984375,0.018274640664458275,7.0747808,0.03161548008210957,0.02306153008248657,0.008553949999623,1,5,0.0020403290109243244,0.008553949999623,0.0002658239973243326,4816896.0,4014080.0
neu_mbv2_pattern_mining,2026-02-08T13:06:38,4,440,88,4,0.3333333333333333,3.061899185180664,0.3411616,0.03717414874699898,0.025448239757679403,0.011725908989319578,1,5,0.0022300429991446435,0.011725908989319578,0.00031478097662329674,225792.0,188160.0
neu_mbv2_pattern_mining,2026-02-08T13:06:39,0,441,89,0,1.0,0.0004188056045677513,7.0747808,0.14838898315792903,0.10639792017173022,0.04199106298619881,1,5,0.009902941004838794,0.04199106298619881,0.0007368510123342276,4816896.0,4014080.0
neu_mbv2_pattern_mining,2026-02-08T13:06:39,0,442,89,1,0.828125,0.3885735869407654,7.0747808,0.03756397787947208,0.02808091987390071,0.009483058005571365,1,5,0.00249051398714073,0.009483058005571365,0.00031757800024934113,4816896.0,4014080.0
neu_mbv2_pattern_mining,2026-02-08T13:06:39,0,443,89,2,1.0,0.00014325133815873414,7.0747808,0.03084374708123505,0.022412390098907053,0.008431356982327998,1,5,0.001973181002540514,0.008431356982327998,0.0002680580073501915,4816896.0,4014080.0
neu_mbv2_pattern_mining,2026-02-08T13:06:39,0,444,89,3,1.0,0.00431664427742362,7.0747808,0.033087724848883227,0.02417463983874768,0.008913085010135546,1,5,0.0021365429856814444,0.008913085010135546,0.0002809209981933236,4816896.0,4014080.0
neu_mbv2_pattern_mining,2026-02-08T13:06:39,0,445,89,4,0.75,0.7900148034095764,0.45154880000000003,0.03273227563477121,0.02334460965357721,0.009387665981194004,1,5,0.0020535689836833626,0.009387665981194004,0.00028089198167435825,301056.0,250880.0
neu_mbv2_pattern_mining,2026-02-08T13:06:40,1,441,89,0,1.0,0.00010679462138796225,7.0747808,0.11416810812079348,0.09097063011722639,0.023197478003567085,1,5,0.008488635008689016,0.023197478003567085,0.0006084280030336231,4816896.0,4014080.0
neu_mbv2_pattern_mining,2026-02-08T13:06:40,1,442,89,1,0.984375,0.019503416493535042,7.0747808,0.025519002054352313,0.018907430057879537,0.006611571996472776,1,5,0.001648489007493481,0.006611571996472776,0.0002422539982944727,4816896.0,4014080.0
neu_mbv2_pattern_mining,2026-02-08T13:06:40,1,443,89,2,0.953125,0.08907066285610199,7.0747808,0.025756419985555112,0.018828629981726408,0.006927790003828704,1,5,0.0016615820059087127,0.006927790003828704,0.00022128099226392806,4816896.0,4014080.0
neu_mbv2_pattern_mining,2026-02-08T13:06:40,1,444,89,3,0.90625,0.2709627151489258,7.0747808,0.025257517001591623,0.01764993998222053,0.007607577019371092,1,5,0.0015375759976450354,0.007607577019371092,0.00022741800057701766,4816896.0,4014080.0
neu_mbv2_pattern_mining,2026-02-08T13:06:40,1,445,89,4,0.3333333333333333,2.492274761199951,0.3411616,0.03035267919767648,0.021186240192037076,0.009166439005639404,1,5,0.0018552020192146301,0.009166439005639404,0.00026342199998907745,225792.0,188160.0
neu_mbv2_pattern_mining,2026-02-08T13:06:41,2,441,89,0,1.0,0.00012700172374024987,7.0747808,0.12132916707196273,0.09543602005578578,0.025893147016176954,1,5,0.008775993017479777,0.025893147016176954,0.0007676089880988002,4816896.0,4014080.0
neu_mbv2_pattern_mining,2026-02-08T13:06:41,2,442,89,1,1.0,0.004312844946980476,7.0747808,0.027101191895781085,0.020293089910410345,0.00680810198537074,1,5,0.0017594060045666993,0.00680810198537074,0.0002699029864743352,4816896.0,4014080.0
neu_mbv2_pattern_mining,2026-02-08T13:06:41,2,443,89,2,1.0,0.007758686318993568,7.0747808,0.028689094149740413,0.02090743015287444,0.007781663996865973,1,5,0.0018258990021422505,0.007781663996865973,0.00026484401314519346,4816896.0,4014080.0
neu_mbv2_pattern_mining,2026-02-08T13:06:41,2,444,89,3,1.0,0.0014528650790452957,7.0747808,0.029978293168824166,0.021659890189766884,0.008318402979057282,1,5,0.0019342360028531402,0.008318402979057282,0.00023175301612354815,4816896.0,4014080.0
neu_mbv2_pattern_mining,2026-02-08T13:06:41,2,445,89,4,0.6666666666666666,2.9082086086273193,0.3411616,0.030349139706231654,0.021176529699005187,0.009172610007226467,1,5,0.0018621719791553915,0.009172610007226467,0.0002554809907451272,225792.0,188160.0
neu_mbv2_pattern_mining,2026-02-08T13:06:42,3,441,89,0,1.0,1.7846236005425453e-05,7.0747808,0.11543591332156211,0.09229752031387761,0.0231383930076845,1,5,0.00867509501404129,0.0231383930076845,0.0005546570173464715,4816896.0,4014080.0
neu_mbv2_pattern_mining,2026-02-08T13:06:42,3,442,89,1,1.0,8.129174239002168e-05,7.0747808,0.030176164815202355,0.022197509824763983,0.007978654990438372,1,5,0.0019692729983944446,0.007978654990438372,0.00025047798408195376,4816896.0,4014080.0
neu_mbv2_pattern_mining,2026-02-08T13:06:42,3,443,89,2,1.0,0.004358161706477404,7.0747808,0.026056586124468595,0.018777690129354596,0.007278895995113999,1,5,0.0016762269951868802,0.007278895995113999,0.00020154201774857938,4816896.0,4014080.0
neu_mbv2_pattern_mining,2026-02-08T13:06:42,3,444,89,3,1.0,0.004021794535219669,7.0747808,0.02498626892338507,0.01808664994314313,0.006899618980241939,1,5,0.0016306790057569742,0.006899618980241939,0.00017798598855733871,4816896.0,4014080.0
neu_mbv2_pattern_mining,2026-02-08T13:06:42,3,445,89,4,0.6666666666666666,0.7071883678436279,0.3411616,0.030260692088631913,0.021519240108318627,0.008741451980313286,1,5,0.0019027480157092214,0.008741451980313286,0.0002491759951226413,225792.0,188160.0
neu_mbv2_pattern_mining,2026-02-08T13:06:42,4,441,89,0,1.0,2.3131604393711314e-05,7.0747808,0.1543655190616846,0.12164529005531222,0.03272022900637239,1,5,0.011585165018914267,0.03272022900637239,0.0005793639866169542,4816896.0,4014080.0
neu_mbv2_pattern_mining,2026-02-08T13:06:42,4,442,89,1,1.0,0.0006622516084462404,7.0747808,0.030676910013426095,0.022549080022145063,0.008127829991281033,1,5,0.0020265250059310347,0.008127829991281033,0.00022838299628347158,4816896.0,4014080.0
neu_mbv2_pattern_mining,2026-02-08T13:06:42,4,443,89,2,1.0,0.0005437207291834056,7.0747808,0.027601744834100828,0.019966859836131334,0.007634884997969493,1,5,0.001795890973880887,0.007634884997969493,0.0002007950097322464,4816896.0,4014080.0
neu_mbv2_pattern_mining,2026-02-08T13:06:43,4,444,89,3,0.953125,0.22969357669353485,7.0747808,0.03081528513575904,0.02287920011440292,0.00793608502135612,1,5,0.0020129960030317307,0.00793608502135612,0.00027492400840856135,4816896.0,4014080.0
neu_mbv2_pattern_mining,2026-02-08T13:06:43,4,445,89,4,1.0,0.01256544515490532,0.3411616,0.033978055289480835,0.024220490304287523,0.009757564985193312,1,5,0.002139743010047823,0.009757564985193312,0.0002823060203809291,225792.0,188160.0
neu_mbv2_pattern_mining,2026-02-08T13:06:44,0,446,90,0,1.0,0.005776394624263048,7.0747808,0.1041973260580562,0.07968574005644768,0.02451158600160852,1,5,0.007369108992861584,0.02451158600160852,0.0005994650127831846,4816896.0,4014080.0
neu_mbv2_pattern_mining,2026-02-08T13:06:44,0,447,90,1,0.984375,0.024595322087407112,7.0747808,0.034769900143146515,0.025948150141630322,0.008821750001516193,1,5,0.002291056007379666,0.008821750001516193,0.0003037590067833662,4816896.0,4014080.0
neu_mbv2_pattern_mining,2026-02-08T13:06:44,0,448,90,2,0.984375,0.07690857350826263,7.0747808,0.03551039189915173,0.026657409907784313,0.008852981991367415,1,5,0.0023478579823859036,0.008852981991367415,0.0003178830083925277,4816896.0,4014080.0
neu_mbv2_pattern_mining,2026-02-08T13:06:44,0,449,90,3,0.984375,0.034697432070970535,7.0747808,0.032655591901857406,0.024032529909163713,0.008623061992693692,1,5,0.00212454199208878,0.008623061992693692,0.00027871099882759154,4816896.0,4014080.0
neu_mbv2_pattern_mining,2026-02-08T13:06:44,0,450,90,4,0.75,1.442180871963501,0.45154880000000003,0.033403043024009094,0.02441335003823042,0.008989692985778674,1,5,0.0021985000057611614,0.008989692985778674,0.00024283499806188047,301056.0,250880.0
neu_mbv2_pattern_mining,2026-02-08T13:06:45,1,446,90,0,1.0,2.5435187126277015e-05,7.0747808,0.1534843660192564,0.12058583000907674,0.03289853601017967,1,5,0.011441260983701795,0.03289853601017967,0.0006173220172058791,4816896.0,4014080.0
neu_mbv2_pattern_mining,2026-02-08T13:06:45,1,447,90,1,0.96875,0.08229897171258926,7.0747808,0.030039606790523976,0.02244282979518175,0.007596776995342225,1,5,0.001969678996829316,0.007596776995342225,0.0002746039826888591,4816896.0,4014080.0
neu_mbv2_pattern_mining,2026-02-08T13:06:45,1,448,90,2,1.0,0.000676258816383779,7.0747808,0.029650227806996554,0.022175329795572907,0.007474898011423647,1,5,0.0019800209847744554,0.007474898011423647,0.00023751199478283525,4816896.0,4014080.0
neu_mbv2_pattern_mining,2026-02-08T13:06:45,1,449,90,3,1.0,0.004484301898628473,7.0747808,0.03425463690655306,0.023777039896231145,0.010477597010321915,1,5,0.0020634809916373342,0.010477597010321915,0.00031422299798578024,4816896.0,4014080.0
neu_mbv2_pattern_mining,2026-02-08T13:06:45,1,450,90,4,1.0,0.40428876876831055,0.3411616,0.03600520401960239,0.024917970004025847,0.011087234015576541,1,5,0.002192229003412649,0.011087234015576541,0.00029956799698993564,225792.0,188160.0
neu_mbv2_pattern_mining,2026-02-08T13:06:46,2,446,90,0,1.0,2.9382179491221905e-05,7.0747808,0.17934172600507736,0.14310225000372157,0.0362394760013558,1,5,0.013719748996663839,0.0362394760013558,0.0005904760037083179,4816896.0,4014080.0
neu_mbv2_pattern_mining,2026-02-08T13:06:46,2,447,90,1,0.984375,0.08693026006221771,7.0747808,0.03432427087682299,0.025257979868911207,0.009066291007911786,1,5,0.0022119139903225005,0.009066291007911786,0.0003138839965686202,4816896.0,4014080.0
neu_mbv2_pattern_mining,2026-02-08T13:06:46,2,448,90,2,1.0,0.012229329906404018,7.0747808,0.04664890523417853,0.0335637602256611,0.01308514500851743,1,5,0.0030246630194596946,0.01308514500851743,0.00033171300310641527,4816896.0,4014080.0
neu_mbv2_pattern_mining,2026-02-08T13:06:46,2,449,90,3,0.984375,0.029524710029363632,7.0747808,0.03167620478780009,0.022953229781705886,0.008722975006094202,1,5,0.002038049977272749,0.008722975006094202,0.00025727300089783967,4816896.0,4014080.0
neu_mbv2_pattern_mining,2026-02-08T13:06:46,2,450,90,4,0.6666666666666666,0.9914022088050842,0.3411616,0.04059600588516332,0.028692059859167784,0.011903946025995538,1,5,0.0025493110006209463,0.011903946025995538,0.00031989498529583216,225792.0,188160.0
neu_mbv2_pattern_mining,2026-02-08T13:06:46,3,446,90,0,1.0,1.4163818377710413e-05,7.0747808,0.1871449777390808,0.14241727971239015,0.04472769802669063,1,5,0.01347336798789911,0.04472769802669063,0.0007683599833399057,4816896.0,4014080.0
neu_mbv2_pattern_mining,2026-02-08T13:06:47,3,447,90,1,1.0,4.7042536607477814e-05,7.0747808,0.032912867318373173,0.024262770311906934,0.00865009700646624,1,5,0.0021288640273269266,0.00865009700646624,0.0002974130038637668,4816896.0,4014080.0
neu_mbv2_pattern_mining,2026-02-08T13:06:47,3,448,90,2,1.0,0.0007506466354243457,7.0747808,0.03698381484718993,0.02682575985090807,0.010158054996281862,1,5,0.002386751992162317,0.010158054996281862,0.00029582399292849004,4816896.0,4014080.0
neu_mbv2_pattern_mining,2026-02-08T13:06:47,3,449,90,3,0.953125,0.11542906612157822,7.0747808,0.036837436025962234,0.02671747002750635,0.010119965998455882,1,5,0.0023521549883298576,0.010119965998455882,0.00031959201442077756,4816896.0,4014080.0
neu_mbv2_pattern_mining,2026-02-08T13:06:47,3,450,90,4,1.0,0.03423039987683296,0.3411616,0.03946183025254868,0.027440140256658196,0.012021689995890483,1,5,0.0024548110086470842,0.012021689995890483,0.0002892030170187354,225792.0,188160.0
neu_mbv2_pattern_mining,2026-02-08T13:06:47,4,446,90,0,1.0,3.368498801137321e-05,7.0747808,0.17124883315409534,0.13533926015952602,0.035909572994569317,1,5,0.012869544996647164,0.035909572994569317,0.0006643810193054378,4816896.0,4014080.0
neu_mbv2_pattern_mining,2026-02-08T13:06:47,4,447,90,1,0.875,0.2119835913181305,7.0747808,0.03749726410023868,0.02740032010478899,0.010096943995449692,1,5,0.0024084750039037317,0.010096943995449692,0.0003315570065751672,4816896.0,4014080.0
neu_mbv2_pattern_mining,2026-02-08T13:06:47,4,448,90,2,1.0,0.00025181446108035743,7.0747808,0.03474424121668562,0.0252735402318649,0.009470700984820724,1,5,0.002235428022686392,0.009470700984820724,0.00029192600050009787,4816896.0,4014080.0
neu_mbv2_pattern_mining,2026-02-08T13:06:48,4,449,90,3,1.0,0.0009942216565832496,7.0747808,0.034405626938678324,0.024923839955590665,0.009481786983087659,1,5,0.002190539991715923,0.009481786983087659,0.0003018440038431436,4816896.0,4014080.0
neu_mbv2_pattern_mining,2026-02-08T13:06:48,4,450,90,4,0.6666666666666666,2.9513165950775146,0.3411616,0.03797577723162249,0.026020970253739506,0.011954806977882981,1,5,0.0023096750082913786,0.011954806977882981,0.000292422017082572,225792.0,188160.0
neu_mbv2_pattern_mining,2026-02-08T13:06:49,0,451,91,0,1.0,0.000520191271789372,7.0747808,0.13062297707074322,0.09448377008084208,0.03613920698990114,1,5,0.008766186016146094,0.03613920698990114,0.0006821909919381142,4816896.0,4014080.0
neu_mbv2_pattern_mining,2026-02-08T13:06:49,0,452,91,1,1.0,0.004078267607837915,7.0747808,0.0554729298746679,0.03940325987059623,0.016069670004071668,1,5,0.0032852149743121117,0.016069670004071668,0.0006551110127475113,4816896.0,4014080.0
neu_mbv2_pattern_mining,2026-02-08T13:06:49,0,453,91,2,1.0,0.0007376468856818974,7.0747808,0.03766514075687155,0.027780239761341363,0.009884900995530188,1,5,0.002456595975672826,0.009884900995530188,0.00032142800046131015,4816896.0,4014080.0
neu_mbv2_pattern_mining,2026-02-08T13:06:49,0,454,91,3,0.96875,0.12830612063407898,7.0747808,0.03254757582908496,0.02366562985116616,0.008881945977918804,1,5,0.0020986049785278738,0.008881945977918804,0.00026795800658874214,4816896.0,4014080.0
neu_mbv2_pattern_mining,2026-02-08T13:06:49,0,455,91,4,0.75,0.6404358744621277,0.45154880000000003,0.0326254227256868,0.023278389708139002,0.009347033017547801,1,5,0.0020633369858842343,0.009347033017547801,0.0002645019849296659,301056.0,250880.0
neu_mbv2_pattern_mining,2026-02-08T13:06:50,1,451,91,0,1.0,0.00019126813276670873,7.0747808,0.10058503301115707,0.07976872002473101,0.020816312986426055,1,5,0.007460547989467159,0.020816312986426055,0.0005163240130059421,4816896.0,4014080.0
neu_mbv2_pattern_mining,2026-02-08T13:06:50,1,452,91,1,0.953125,0.2557141184806824,7.0747808,0.025274841696955264,0.018553539703134447,0.006721301993820816,1,5,0.0016148979775607586,0.006721301993820816,0.00024045599275268614,4816896.0,4014080.0
neu_mbv2_pattern_mining,2026-02-08T13:06:50,1,453,91,2,1.0,0.000291064236080274,7.0747808,0.024713275022804737,0.018159920000471175,0.006553355022333562,1,5,0.0016062310023698956,0.006553355022333562,0.0002097609976772219,4816896.0,4014080.0
neu_mbv2_pattern_mining,2026-02-08T13:06:50,1,454,91,3,0.984375,0.02231423743069172,7.0747808,0.023986525076907128,0.017311020055785775,0.006675505021121353,1,5,0.0015518699947278947,0.006675505021121353,0.00017923201085068285,4816896.0,4014080.0
neu_mbv2_pattern_mining,2026-02-08T13:06:50,1,455,91,4,0.0,2.9083445072174072,0.3411616,0.02790412583271973,0.018572429835330695,0.009331695997389033,1,5,0.0016481670027133077,0.009331695997389033,0.00020907598081976175,225792.0,188160.0
neu_mbv2_pattern_mining,2026-02-08T13:06:51,2,451,91,0,1.0,2.941252023447305e-05,7.0747808,0.11465510312700644,0.08944705012254417,0.025208053004462272,1,5,0.008343088993569836,0.025208053004462272,0.0006016160186845809,4816896.0,4014080.0
neu_mbv2_pattern_mining,2026-02-08T13:06:51,2,452,91,1,1.0,0.002333272248506546,7.0747808,0.024982034956337884,0.018309839942958206,0.006672195013379678,1,5,0.001616583002032712,0.006672195013379678,0.0002144009922631085,4816896.0,4014080.0
neu_mbv2_pattern_mining,2026-02-08T13:06:51,2,453,91,2,0.953125,0.25651243329048157,7.0747808,0.024825914209941402,0.018011930224020034,0.006813983985921368,1,5,0.0016317770059686154,0.006813983985921368,0.000169416016433388,4816896.0,4014080.0
neu_mbv2_pattern_mining,2026-02-08T13:06:51,2,454,91,3,0.984375,0.01772693358361721,7.0747808,0.023172578105004504,0.01665643008891493,0.0065161480160895735,1,5,0.001495295000495389,0.0065161480160895735,0.00017034800839610398,4816896.0,4014080.0
neu_mbv2_pattern_mining,2026-02-08T13:06:51,2,455,91,4,0.3333333333333333,2.5916035175323486,0.3411616,0.027009611832909286,0.018230679852422327,0.00877893198048696,1,5,0.0016222309786826372,0.00877893198048696,0.00020083700655959547,225792.0,188160.0
neu_mbv2_pattern_mining,2026-02-08T13:06:52,3,451,91,0,1.0,5.9148616855964065e-05,7.0747808,0.24854399514151737,0.20582849014317617,0.0427155049983412,1,5,0.01998302200809121,0.0427155049983412,0.0005998270062264055,4816896.0,4014080.0
neu_mbv2_pattern_mining,2026-02-08T13:06:52,3,452,91,1,1.0,8.540847920812666e-05,7.0747808,0.034548959927633405,0.025106309913098812,0.009442650014534593,1,5,0.0022341499861795455,0.009442650014534593,0.0002764810051303357,4816896.0,4014080.0
neu_mbv2_pattern_mining,2026-02-08T13:06:52,3,453,91,2,1.0,0.002038398291915655,7.0747808,0.037042621232103556,0.02709845022764057,0.009944171004462987,1,5,0.002426368009764701,0.009944171004462987,0.0002834770129993558,4816896.0,4014080.0
neu_mbv2_pattern_mining,2026-02-08T13:06:52,3,454,91,3,1.0,0.001779601676389575,7.0747808,0.03526088802027516,0.025751270004548132,0.009509618015727028,1,5,0.002283912996063009,0.009509618015727028,0.00029121400439180434,4816896.0,4014080.0
neu_mbv2_pattern_mining,2026-02-08T13:06:52,3,455,91,4,0.6666666666666666,0.6916194558143616,0.3411616,0.03934615894104354,0.02681187994312495,0.012534278997918591,1,5,0.002407919993856922,0.012534278997918591,0.0002732680004555732,225792.0,188160.0
neu_mbv2_pattern_mining,2026-02-08T13:06:53,4,451,91,0,1.0,7.5025964179076254e-06,7.0747808,0.13202710208133794,0.10713046009186655,0.02489664198947139,1,5,0.010215671005425975,0.02489664198947139,0.0004973750037606806,4816896.0,4014080.0
neu_mbv2_pattern_mining,2026-02-08T13:06:53,4,452,91,1,1.0,2.4033262889133766e-05,7.0747808,0.02511766488896683,0.018311789899598807,0.0068058749893680215,1,5,0.001615183980902657,0.0068058749893680215,0.0002159950090572238,4816896.0,4014080.0
neu_mbv2_pattern_mining,2026-02-08T13:06:53,4,453,91,2,1.0,0.00015238717605825514,7.0747808,0.023779921903042123,0.017256939900107682,0.006522982002934441,1,5,0.0015455920074600726,0.006522982002934441,0.00018010198255069554,4816896.0,4014080.0
neu_mbv2_pattern_mining,2026-02-08T13:06:53,4,454,91,3,0.96875,0.08367621898651123,7.0747808,0.02297444816213101,0.01652858016313985,0.006445867998991162,1,5,0.0014833479945082217,0.006445867998991162,0.00016951002180576324,4816896.0,4014080.0
neu_mbv2_pattern_mining,2026-02-08T13:06:53,4,455,91,4,0.6666666666666666,0.6376327872276306,0.3411616,0.028015388030325994,0.019062130013480783,0.008953258016845211,1,5,0.0017135230009444058,0.008953258016845211,0.00019269000040367246,225792.0,188160.0
neu_mbv2_pattern_mining,2026-02-08T13:06:54,0,456,92,0,1.0,0.00020693551050499082,7.0747808,0.21201170983840711,0.1655940298223868,0.04641768001602031,1,5,0.01583182398462668,0.04641768001602031,0.0007275789976119995,4816896.0,4014080.0
neu_mbv2_pattern_mining,2026-02-08T13:06:54,0,457,92,1,0.984375,0.021008281037211418,7.0747808,0.04245414328761399,0.03092036029556766,0.011533782992046326,1,5,0.0027096480189356953,0.011533782992046326,0.00038238801062107086,4816896.0,4014080.0
neu_mbv2_pattern_mining,2026-02-08T13:06:54,0,458,92,2,1.0,0.002334832213819027,7.0747808,0.03896216518478468,0.0288030001684092,0.010159165016375482,1,5,0.002554306003730744,0.010159165016375482,0.00032599401311017573,4816896.0,4014080.0
neu_mbv2_pattern_mining,2026-02-08T13:06:54,0,459,92,3,0.921875,0.1859091818332672,7.0747808,0.03469465670059435,0.02484452968928963,0.009850127011304721,1,5,0.0022166769776958972,0.009850127011304721,0.0002677759912330657,4816896.0,4014080.0
neu_mbv2_pattern_mining,2026-02-08T13:06:54,0,460,92,4,0.75,1.4884099960327148,0.45154880000000003,0.031131998752243817,0.02221827977336943,0.008913718978874385,1,5,0.002001368993660435,0.008913718978874385,0.00022045898367650807,301056.0,250880.0
neu_mbv2_pattern_mining,2026-02-08T13:06:55,1,456,92,0,1.0,2.7461641366244294e-05,7.0747808,0.12208550260402262,0.09742775961058214,0.02465774299344048,1,5,0.009107776975724846,0.02465774299344048,0.0006349989853333682,4816896.0,4014080.0
neu_mbv2_pattern_mining,2026-02-08T13:06:55,1,457,92,1,1.0,0.0008728893008083105,7.0747808,0.02989176317350939,0.022249680187087506,0.007642082986421883,1,5,0.0019481620111037046,0.007642082986421883,0.00027680600760504603,4816896.0,4014080.0
neu_mbv2_pattern_mining,2026-02-08T13:06:55,1,458,92,2,1.0,0.004674096591770649,7.0747808,0.028816848003771156,0.021317159989848733,0.007499688013922423,1,5,0.0018840949924197048,0.007499688013922423,0.0002476210065651685,4816896.0,4014080.0
neu_mbv2_pattern_mining,2026-02-08T13:06:55,1,459,92,3,1.0,0.00020155053061898798,7.0747808,0.02851631341036409,0.02088778041070327,0.00762853299966082,1,5,0.0018496620177756995,0.00762853299966082,0.00023911602329462767,4816896.0,4014080.0
neu_mbv2_pattern_mining,2026-02-08T13:06:55,1,460,92,4,0.6666666666666666,3.0874412059783936,0.3411616,0.035095064231427386,0.02418033021967858,0.010914734011748806,1,5,0.002116784016834572,0.010914734011748806,0.0003012490051332861,225792.0,188160.0
neu_mbv2_pattern_mining,2026-02-08T13:06:56,2,456,92,0,1.0,5.177320781513117e-05,7.0747808,0.1552106441813521,0.12335238017840311,0.031858264002949,1,5,0.011765978997573256,0.031858264002949,0.0005692590202670544,4816896.0,4014080.0
neu_mbv2_pattern_mining,2026-02-08T13:06:56,2,457,92,1,1.0,0.0017331801354885101,7.0747808,0.03240905512939207,0.023465320118702948,0.008943735010689124,1,5,0.0020904570119455457,0.008943735010689124,0.00025607499992474914,4816896.0,4014080.0
neu_mbv2_pattern_mining,2026-02-08T13:06:56,2,458,92,2,0.984375,0.049710504710674286,7.0747808,0.025923752109520137,0.018698940111789852,0.007224811997730285,1,5,0.0016625619900878519,0.007224811997730285,0.00020733202109113336,4816896.0,4014080.0
neu_mbv2_pattern_mining,2026-02-08T13:06:56,2,459,92,3,0.984375,0.17767556011676788,7.0747808,0.026727115793619305,0.019480759801808745,0.00724635599181056,1,5,0.0017622269806452096,0.00724635599181056,0.00018584899953566492,4816896.0,4014080.0
neu_mbv2_pattern_mining,2026-02-08T13:06:56,2,460,92,4,1.0,0.004860634449869394,0.3411616,0.02959371020551771,0.02009058021940291,0.0095031299861148,1,5,0.0018006710160989314,0.0095031299861148,0.0002083870058413595,225792.0,188160.0
neu_mbv2_pattern_mining,2026-02-08T13:06:57,3,456,92,0,1.0,5.0431550334906206e-05,7.0747808,0.15450023821904324,0.1207725002313964,0.03372773798764683,1,5,0.011456507025286555,0.03372773798764683,0.0006207429978530854,4816896.0,4014080.0
neu_mbv2_pattern_mining,2026-02-08T13:06:57,3,457,92,1,1.0,0.0034886221401393414,7.0747808,0.03246247716015205,0.02349189016968012,0.00897058699047193,1,5,0.002077856013784185,0.00897058699047193,0.0002713330031838268,4816896.0,4014080.0
neu_mbv2_pattern_mining,2026-02-08T13:06:57,3,458,92,2,1.0,0.0005372246960178018,7.0747808,0.02988832985283807,0.0215195698547177,0.008368759998120368,1,5,0.0019343229942023754,0.008368759998120368,0.00021763399126939476,4816896.0,4014080.0
neu_mbv2_pattern_mining,2026-02-08T13:06:57,3,459,92,3,0.984375,0.01569603569805622,7.0747808,0.029477443895302713,0.021181459887884557,0.008295984007418156,1,5,0.0019062589854001999,0.008295984007418156,0.00021188700338825583,4816896.0,4014080.0
neu_mbv2_pattern_mining,2026-02-08T13:06:57,3,460,92,4,0.6666666666666666,0.605295717716217,0.3411616,0.035653736704261974,0.02364837971981615,0.012005356984445825,1,5,0.0021111349924467504,0.012005356984445825,0.0002537029795348644,225792.0,188160.0
neu_mbv2_pattern_mining,2026-02-08T13:06:58,4,456,92,0,1.0,5.8866011386271566e-05,7.0747808,0.1304356741893571,0.10083860019221902,0.029597073997138068,1,5,0.009272868017433211,0.029597073997138068,0.0008109920017886907,4816896.0,4014080.0
neu_mbv2_pattern_mining,2026-02-08T13:06:58,4,457,92,1,1.0,0.002406294224783778,7.0747808,0.03138026996748522,0.02318376995390281,0.008196500013582408,1,5,0.0020409339922480285,0.008196500013582408,0.00027744300314225256,4816896.0,4014080.0
neu_mbv2_pattern_mining,2026-02-08T13:06:58,4,458,92,2,0.953125,0.13375887274742126,7.0747808,0.028184397873701528,0.020448039867915213,0.007736358005786315,1,5,0.0018092559766955674,0.007736358005786315,0.00023554801009595394,4816896.0,4014080.0
neu_mbv2_pattern_mining,2026-02-08T13:06:58,4,459,92,3,0.984375,0.027032233774662018,7.0747808,0.029632695048348978,0.021535480045713484,0.008097215002635494,1,5,0.0019044200016651303,0.008097215002635494,0.00024912800290621817,4816896.0,4014080.0
neu_mbv2_pattern_mining,2026-02-08T13:06:58,4,460,92,4,0.3333333333333333,2.0081405639648438,0.3411616,0.034565254754852504,0.023616769758518785,0.010948484996333718,1,5,0.0020703809859696776,0.010948484996333718,0.00029129598988220096,225792.0,188160.0
neu_mbv2_pattern_mining,2026-02-08T13:06:59,0,461,93,0,1.0,8.206427992263343e-06,7.0747808,0.13097380002727732,0.10064870002679527,0.030325100000482053,1,5,0.009108754020417109,0.030325100000482053,0.0009561159822624177,4816896.0,4014080.0
neu_mbv2_pattern_mining,2026-02-08T13:06:59,0,462,93,1,1.0,0.000276519131148234,7.0747808,0.029680272040423006,0.021822550042998046,0.00785772199742496,1,5,0.0019182320102117956,0.00785772199742496,0.000264022994088009,4816896.0,4014080.0
neu_mbv2_pattern_mining,2026-02-08T13:06:59,0,463,93,2,1.0,0.0014049983583390713,7.0747808,0.032681009237421677,0.023413270246237516,0.00926773899118416,1,5,0.002057586010778323,0.00926773899118416,0.0002837410138454288,4816896.0,4014080.0
neu_mbv2_pattern_mining,2026-02-08T13:06:59,0,464,93,3,1.0,0.0015175568405538797,7.0747808,0.04462082587997429,0.03383284987648949,0.0107879760034848,1,5,0.0030393349879886955,0.0107879760034848,0.0003439499996602535,4816896.0,4014080.0
neu_mbv2_pattern_mining,2026-02-08T13:06:59,0,465,93,4,0.75,0.5455611348152161,0.45154880000000003,0.03321055896230973,0.024352729960810393,0.00885782900149934,1,5,0.0021581680048257113,0.00885782900149934,0.00027710499125532806,301056.0,250880.0
neu_mbv2_pattern_mining,2026-02-08T13:07:00,1,461,93,0,1.0,6.111298716859892e-05,7.0747808,0.12010971523704939,0.0953787102480419,0.024731004989007488,1,5,0.008879510016413406,0.024731004989007488,0.0006583610083907843,4816896.0,4014080.0
neu_mbv2_pattern_mining,2026-02-08T13:07:00,1,462,93,1,0.984375,0.02371481992304325,7.0747808,0.025927079987013713,0.019070499984081835,0.006856580002931878,1,5,0.0016608519945293665,0.006856580002931878,0.00024619800387881696,4816896.0,4014080.0
neu_mbv2_pattern_mining,2026-02-08T13:07:00,1,463,93,2,1.0,0.00044386371155269444,7.0747808,0.025426231033634394,0.018604100041557103,0.006822130992077291,1,5,0.0016336150001734495,0.006822130992077291,0.00022679500398226082,4816896.0,4014080.0
neu_mbv2_pattern_mining,2026-02-08T13:07:00,1,464,93,3,0.953125,0.2113255262374878,7.0747808,0.028136654087575153,0.020253710099495947,0.007882943988079205,1,5,0.0017925029969774187,0.007882943988079205,0.00023286801297217607,4816896.0,4014080.0
neu_mbv2_pattern_mining,2026-02-08T13:07:00,1,465,93,4,1.0,0.20216327905654907,0.3411616,0.0347763100580778,0.024497770064044744,0.010278539994033054,1,5,0.0021996180003043264,0.010278539994033054,0.00025015900610014796,225792.0,188160.0
neu_mbv2_pattern_mining,2026-02-08T13:07:01,2,461,93,0,1.0,0.0001245746825588867,7.0747808,0.1691830430936534,0.13419396011158824,0.034989082982065156,1,5,0.012745779997203499,0.034989082982065156,0.0006736160139553249,4816896.0,4014080.0
neu_mbv2_pattern_mining,2026-02-08T13:07:01,2,462,93,1,0.984375,0.1234075129032135,7.0747808,0.03599144209874794,0.026337160088587552,0.009654282010160387,1,5,0.0023205929901450872,0.009654282010160387,0.000313123018713668,4816896.0,4014080.0
neu_mbv2_pattern_mining,2026-02-08T13:07:01,2,463,93,2,1.0,0.0002812286838889122,7.0747808,0.03674405787023716,0.02661718986928463,0.010126868000952527,1,5,0.002361366990953684,0.010126868000952527,0.00030035199597477913,4816896.0,4014080.0
neu_mbv2_pattern_mining,2026-02-08T13:07:01,2,464,93,3,0.984375,0.11394044756889343,7.0747808,0.036418511997908354,0.02630925999255851,0.010109252005349845,1,5,0.0023360910126939416,0.010109252005349845,0.0002948349865619093,4816896.0,4014080.0
neu_mbv2_pattern_mining,2026-02-08T13:07:01,2,465,93,4,0.0,1.8136345148086548,0.3411616,0.040960753278341144,0.028690130275208503,0.012270623003132641,1,5,0.0025476190203335136,0.012270623003132641,0.0003213940071873367,225792.0,188160.0
neu_mbv2_pattern_mining,2026-02-08T13:07:02,3,461,93,0,1.0,7.67999081290327e-05,7.0747808,0.24785282410448417,0.1937972501036711,0.05405557400081307,1,5,0.01854187500430271,0.05405557400081307,0.0008378500060644001,4816896.0,4014080.0
neu_mbv2_pattern_mining,2026-02-08T13:07:02,3,462,93,1,0.953125,0.1433740258216858,7.0747808,0.043806851987028494,0.03195541998138651,0.011851432005641982,1,5,0.002877998980693519,0.011851432005641982,0.00031754301744513214,4816896.0,4014080.0
neu_mbv2_pattern_mining,2026-02-08T13:07:02,3,463,93,2,1.0,0.0005434739869087934,7.0747808,0.03791858584736474,0.02747514983639121,0.010443436010973528,1,5,0.002444846002617851,0.010443436010973528,0.00030266898102127016,4816896.0,4014080.0
neu_mbv2_pattern_mining,2026-02-08T13:07:02,3,464,93,3,0.890625,1.412850022315979,7.0747808,0.03820527112111449,0.028090320120099932,0.01011495100101456,1,5,0.0024644540098961443,0.01011495100101456,0.0003445780021138489,4816896.0,4014080.0
neu_mbv2_pattern_mining,2026-02-08T13:07:02,3,465,93,4,0.6666666666666666,2.165081024169922,0.3411616,0.041121486137853935,0.02905744011513889,0.012064046022715047,1,5,0.002551676006987691,0.012064046022715047,0.0003540680045261979,225792.0,188160.0
neu_mbv2_pattern_mining,2026-02-08T13:07:03,4,461,93,0,1.0,0.0002257328014820814,7.0747808,0.14366064916248433,0.11448541015852243,0.029175239003961906,1,5,0.010853662010049447,0.029175239003961906,0.0005948790058027953,4816896.0,4014080.0
neu_mbv2_pattern_mining,2026-02-08T13:07:03,4,462,93,1,1.0,0.01614515855908394,7.0747808,0.03633366822032258,0.02685330022359267,0.00948036799672991,1,5,0.0023715760034974664,0.00948036799672991,0.00031375401886180043,4816896.0,4014080.0
neu_mbv2_pattern_mining,2026-02-08T13:07:03,4,463,93,2,1.0,0.001286618411540985,7.0747808,0.034006268775556237,0.02546421979786828,0.008542048977687955,1,5,0.0022382609895430505,0.008542048977687955,0.00030816099024377763,4816896.0,4014080.0
neu_mbv2_pattern_mining,2026-02-08T13:07:03,4,464,93,3,1.0,0.018368763849139214,7.0747808,0.03140355410869233,0.023403720115311444,0.00799983399338089,1,5,0.00206775899278,0.00799983399338089,0.0002726130187511444,4816896.0,4014080.0
neu_mbv2_pattern_mining,2026-02-08T13:07:03,4,465,93,4,0.6666666666666666,0.8372740149497986,0.3411616,0.03535854915389791,0.02528022014303133,0.010078329010866582,1,5,0.002245170995593071,0.010078329010866582,0.0002828510187100619,225792.0,188160.0
neu_mbv2_pattern_mining,2026-02-08T13:07:04,0,466,94,0,0.984375,0.0342363603413105,7.0747808,0.09949188388418406,0.07500754989450797,0.024484333989676088,1,5,0.006917107995832339,0.024484333989676088,0.0005836469936184585,4816896.0,4014080.0
neu_mbv2_pattern_mining,2026-02-08T13:07:04,0,467,94,1,0.96875,0.10506938397884369,7.0747808,0.032961525837890804,0.02441108983475715,0.008550436003133655,1,5,0.0021566030045505613,0.008550436003133655,0.0002845059789251536,4816896.0,4014080.0
neu_mbv2_pattern_mining,2026-02-08T13:07:04,0,468,94,2,1.0,0.003076053224503994,7.0747808,0.03192992997355759,0.023481649986933917,0.008448279986623675,1,5,0.002069623995339498,0.008448279986623675,0.00027854100335389376,4816896.0,4014080.0
neu_mbv2_pattern_mining,2026-02-08T13:07:04,0,469,94,3,1.0,0.024210458621382713,7.0747808,0.03251419894513674,0.0240508999559097,0.008463298989227042,1,5,0.002109573018969968,0.008463298989227042,0.00029551697662100196,4816896.0,4014080.0
neu_mbv2_pattern_mining,2026-02-08T13:07:04,0,470,94,4,0.5,2.8332455158233643,0.45154880000000003,0.03634108978440054,0.025719239783938974,0.010621850000461563,1,5,0.0023870439908932894,0.010621850000461563,0.00018487998750060797,301056.0,250880.0
neu_mbv2_pattern_mining,2026-02-08T13:07:05,1,466,94,0,1.0,0.000229391036555171,7.0747808,0.1540960229758639,0.12104449997423217,0.03305152300163172,1,5,0.011463809001725167,0.03305152300163172,0.0006406409956980497,4816896.0,4014080.0
neu_mbv2_pattern_mining,2026-02-08T13:07:05,1,467,94,1,1.0,0.0004945026594214141,7.0747808,0.03882471803808585,0.028196100029163063,0.010628618008922786,1,5,0.0025157950003631413,0.010628618008922786,0.00030381500255316496,4816896.0,4014080.0
neu_mbv2_pattern_mining,2026-02-08T13:07:05,1,468,94,2,0.984375,0.15550430119037628,7.0747808,0.033286656136624515,0.023951060138642788,0.009335595997981727,1,5,0.0021543140173889697,0.009335595997981727,0.00024079199647530913,4816896.0,4014080.0
neu_mbv2_pattern_mining,2026-02-08T13:07:05,1,469,94,3,0.984375,0.01875254511833191,7.0747808,0.03130430888268165,0.022501309867948294,0.00880299901473336,1,5,0.002026062982622534,0.00880299901473336,0.00022406800417229533,4816896.0,4014080.0
neu_mbv2_pattern_mining,2026-02-08T13:07:05,1,470,94,4,0.0,4.073826313018799,0.3411616,0.03469169698655605,0.023534409992862493,0.01115728699369356,1,5,0.002109352994011715,0.01115728699369356,0.00024408800527453423,225792.0,188160.0
neu_mbv2_pattern_mining,2026-02-08T13:07:06,2,466,94,0,1.0,0.00022766822075936943,7.0747808,0.24380969878984615,0.19900222978321835,0.0448074690066278,1,5,0.019285966991446912,0.0448074690066278,0.0006142559868749231,4816896.0,4014080.0
neu_mbv2_pattern_mining,2026-02-08T13:07:06,2,467,94,1,1.0,0.000638992409221828,7.0747808,0.039690088044153526,0.028297340031713247,0.011392748012440279,1,5,0.002500566013623029,0.011392748012440279,0.00032916798954829574,4816896.0,4014080.0
neu_mbv2_pattern_mining,2026-02-08T13:07:06,2,468,94,2,0.9375,0.1604141891002655,7.0747808,0.039377949899062514,0.028456689906306565,0.01092125999275595,1,5,0.0025912529963534325,0.01092125999275595,0.00025441599427722394,4816896.0,4014080.0
neu_mbv2_pattern_mining,2026-02-08T13:07:06,2,469,94,3,0.984375,0.13785769045352936,7.0747808,0.03426589601440355,0.024824540014378726,0.009441356000024825,1,5,0.00224449101369828,0.009441356000024825,0.0002379629877395928,4816896.0,4014080.0
neu_mbv2_pattern_mining,2026-02-08T13:07:06,2,470,94,4,0.6666666666666666,0.5017377734184265,0.3411616,0.03735415020491928,0.02511070022592321,0.012243449978996068,1,5,0.0022539980127476156,0.012243449978996068,0.00025707200984470546,225792.0,188160.0
neu_mbv2_pattern_mining,2026-02-08T13:07:07,3,466,94,0,1.0,2.1323048713384196e-05,7.0747808,0.1333664289850276,0.10875453997869045,0.02461188900633715,1,5,0.010287351993611082,0.02461188900633715,0.0005881020042579621,4816896.0,4014080.0
neu_mbv2_pattern_mining,2026-02-08T13:07:07,3,467,94,1,1.0,1.8208402252639644e-05,7.0747808,0.028588990244315937,0.02085655025439337,0.007732439989922568,1,5,0.0018517390126362443,0.007732439989922568,0.0002339160128030926,4816896.0,4014080.0
neu_mbv2_pattern_mining,2026-02-08T13:07:07,3,468,94,2,0.984375,0.1715952605009079,7.0747808,0.027906365983653814,0.020310789986979216,0.007595575996674597,1,5,0.001842039986513555,0.007595575996674597,0.00018903901218436658,4816896.0,4014080.0
neu_mbv2_pattern_mining,2026-02-08T13:07:07,3,469,94,3,1.0,0.0007763227331452072,7.0747808,0.025874391285469756,0.01836240029660985,0.007511990988859907,1,5,0.0016457120073027909,0.007511990988859907,0.000190528022358194,4816896.0,4014080.0
neu_mbv2_pattern_mining,2026-02-08T13:07:07,3,470,94,4,1.0,0.054262932389974594,0.3411616,0.02870156813878566,0.019393580150790513,0.009307987987995148,1,5,0.001713728008326143,0.009307987987995148,0.00022563000675290823,225792.0,188160.0
neu_mbv2_pattern_mining,2026-02-08T13:07:08,4,466,94,0,1.0,6.588883115909994e-05,7.0747808,0.23827822910971008,0.1905873601208441,0.047690868988865986,1,5,0.018385328992735595,0.047690868988865986,0.0006734070193488151,4816896.0,4014080.0
neu_mbv2_pattern_mining,2026-02-08T13:07:08,4,467,94,1,1.0,7.184990681707859e-05,7.0747808,0.03426553896861151,0.024845169973559678,0.009420368995051831,1,5,0.0022026310034561902,0.009420368995051831,0.00028188599389977753,4816896.0,4014080.0
neu_mbv2_pattern_mining,2026-02-08T13:07:08,4,468,94,2,0.96875,0.0746404379606247,7.0747808,0.04016361734829843,0.029325530340429395,0.010838087007869035,1,5,0.0025986810214817524,0.010838087007869035,0.00033387201256118715,4816896.0,4014080.0
neu_mbv2_pattern_mining,2026-02-08T13:07:08,4,469,94,3,0.96875,0.1356072574853897,7.0747808,0.036435732879908755,0.026397249894216657,0.010038482985692099,1,5,0.002337127982173115,0.010038482985692099,0.00030259700724855065,4816896.0,4014080.0
neu_mbv2_pattern_mining,2026-02-08T13:07:08,4,470,94,4,0.6666666666666666,1.894673466682434,0.3411616,0.040264552808366716,0.027485019818414003,0.012779532989952713,1,5,0.002410340995993465,0.012779532989952713,0.0003381609858479351,225792.0,188160.0
neu_mbv2_pattern_mining,2026-02-08T13:07:09,0,471,95,0,1.0,0.004766817204654217,7.0747808,0.1431698850065004,0.1098805500078015,0.033289334998698905,1,5,0.010274778003804386,0.033289334998698905,0.0007132769969757646,4816896.0,4014080.0
neu_mbv2_pattern_mining,2026-02-08T13:07:09,0,472,95,1,0.921875,0.18215659260749817,7.0747808,0.03839694752241485,0.028247769514564425,0.010149178007850423,1,5,0.0024992099788505584,0.010149178007850423,0.0003255669726058841,4816896.0,4014080.0
neu_mbv2_pattern_mining,2026-02-08T13:07:09,0,473,95,2,1.0,0.01361154206097126,7.0747808,0.0365267431770917,0.0265693201799877,0.009957422997104004,1,5,0.002348109002923593,0.009957422997104004,0.00030882301507517695,4816896.0,4014080.0
neu_mbv2_pattern_mining,2026-02-08T13:07:09,0,474,95,3,0.90625,1.0959115028381348,7.0747808,0.034646929358132184,0.025289040349889547,0.009357889008242637,1,5,0.002227425022283569,0.009357889008242637,0.0003014790127053857,4816896.0,4014080.0
neu_mbv2_pattern_mining,2026-02-08T13:07:10,0,475,95,4,0.25,6.050823211669922,0.45154880000000003,0.03901525872061029,0.02809991972753778,0.01091533899307251,1,5,0.0024987279903143644,0.01091533899307251,0.00031126398243941367,301056.0,250880.0
neu_mbv2_pattern_mining,2026-02-08T13:07:10,1,471,95,0,1.0,1.4730227121617645e-05,7.0747808,0.11459838089649566,0.08985080989077687,0.024747571005718783,1,5,0.008340084983501583,0.024747571005718783,0.0006449960055761039,4816896.0,4014080.0
neu_mbv2_pattern_mining,2026-02-08T13:07:10,1,472,95,1,1.0,1.6965967006399296e-05,7.0747808,0.02518297897768207,0.018539669981691986,0.006643308995990083,1,5,0.0016324000025633723,0.006643308995990083,0.00022156699560582638,4816896.0,4014080.0
neu_mbv2_pattern_mining,2026-02-08T13:07:10,1,473,95,2,1.0,0.0022806201595813036,7.0747808,0.029058560176054016,0.021206450182944536,0.00785210999310948,1,5,0.0018809050088748336,0.00785210999310948,0.00023974000941962004,4816896.0,4014080.0
neu_mbv2_pattern_mining,2026-02-08T13:07:10,1,474,95,3,1.0,0.0022339075803756714,7.0747808,0.027099730068584904,0.019743620068766177,0.007356109999818727,1,5,0.0017468460137024522,0.007356109999818727,0.0002275159931741655,4816896.0,4014080.0
neu_mbv2_pattern_mining,2026-02-08T13:07:10,1,475,95,4,0.3333333333333333,2.552959680557251,0.3411616,0.03194356372114271,0.021429379703477025,0.010514184017665684,1,5,0.001890913990791887,0.010514184017665684,0.00025202397955581546,225792.0,188160.0
neu_mbv2_pattern_mining,2026-02-08T13:07:11,2,471,95,0,1.0,2.3049029550747946e-05,7.0747808,0.1265226029790938,0.09908845997415483,0.02743414300493896,1,5,0.009333316993433982,0.02743414300493896,0.0005755290039815009,4816896.0,4014080.0
neu_mbv2_pattern_mining,2026-02-08T13:07:11,2,472,95,1,1.0,0.00011345648090355098,7.0747808,0.03557203119271435,0.026264460175298154,0.009307571017416194,1,5,0.002350827999180183,0.009307571017416194,0.0002756180183496326,4816896.0,4014080.0
neu_mbv2_pattern_mining,2026-02-08T13:07:11,2,473,95,2,1.0,0.0016346198972314596,7.0747808,0.025434761017095298,0.01882846001535654,0.006606301001738757,1,5,0.0016642739938106388,0.006606301001738757,0.00021857200772501528,4816896.0,4014080.0
neu_mbv2_pattern_mining,2026-02-08T13:07:11,2,474,95,3,1.0,0.016066841781139374,7.0747808,0.028757983905961737,0.020796259923372418,0.00796172398258932,1,5,0.0018410249904263765,0.00796172398258932,0.0002386010019108653,4816896.0,4014080.0
neu_mbv2_pattern_mining,2026-02-08T13:07:11,2,475,95,4,0.3333333333333333,3.0589370727539062,0.3411616,0.03275033217505552,0.022125480172690004,0.010624852002365515,1,5,0.0019571690063457936,0.010624852002365515,0.0002553790109232068,225792.0,188160.0
neu_mbv2_pattern_mining,2026-02-08T13:07:12,3,471,95,0,1.0,7.5119323810213245e-06,7.0747808,0.12726020714035258,0.10312143014743924,0.024138776992913336,1,5,0.00931531100650318,0.024138776992913336,0.0009968320082407445,4816896.0,4014080.0
neu_mbv2_pattern_mining,2026-02-08T13:07:12,3,472,95,1,1.0,2.3372751456918195e-05,7.0747808,0.0251824711158406,0.01853093010140583,0.00665154101443477,1,5,0.001643591996980831,0.00665154101443477,0.0002095010131597519,4816896.0,4014080.0
neu_mbv2_pattern_mining,2026-02-08T13:07:12,3,473,95,2,1.0,0.00020070085884071887,7.0747808,0.028094427922042087,0.02046337991487235,0.007631048007169738,1,5,0.0018086339987348765,0.007631048007169738,0.00023770399275235832,4816896.0,4014080.0
neu_mbv2_pattern_mining,2026-02-08T13:07:12,3,474,95,3,1.0,0.0002287720562890172,7.0747808,0.0286126833234448,0.020884730329271406,0.007727952994173393,1,5,0.0018456120160408318,0.007727952994173393,0.0002428610168863088,4816896.0,4014080.0
neu_mbv2_pattern_mining,2026-02-08T13:07:12,3,475,95,4,0.3333333333333333,2.690896987915039,0.3411616,0.03373751079197973,0.02347999979974702,0.01025751099223271,1,5,0.002102742000715807,0.01025751099223271,0.0002452579792588949,225792.0,188160.0
neu_mbv2_pattern_mining,2026-02-08T13:07:13,4,471,95,0,1.0,0.0006283990805968642,7.0747808,0.1339074339484796,0.10763130994746462,0.026276124001014978,1,5,0.010150329006137326,0.026276124001014978,0.0006128019886091352,4816896.0,4014080.0
neu_mbv2_pattern_mining,2026-02-08T13:07:13,4,472,95,1,0.984375,0.07784083485603333,7.0747808,0.0320654287643265,0.02351852977881208,0.008546898985514417,1,5,0.00205336298677139,0.008546898985514417,0.0002984899911098182,4816896.0,4014080.0
neu_mbv2_pattern_mining,2026-02-08T13:07:13,4,473,95,2,1.0,9.881994628813118e-05,7.0747808,0.042355143872555345,0.030158039880916476,0.012197103991638869,1,5,0.002696092997211963,0.012197103991638869,0.0003197109908796847,4816896.0,4014080.0
neu_mbv2_pattern_mining,2026-02-08T13:07:13,4,474,95,3,0.90625,0.33630502223968506,7.0747808,0.033441982755903155,0.024805549765005708,0.008636432990897447,1,5,0.002213117986684665,0.008636432990897447,0.0002674369898159057,4816896.0,4014080.0
neu_mbv2_pattern_mining,2026-02-08T13:07:13,4,475,95,4,0.6666666666666666,0.2698768079280853,0.3411616,0.030638323223683983,0.021165860234759748,0.009472462988924235,1,5,0.0018702990200836211,0.009472462988924235,0.00024628700339235365,225792.0,188160.0
neu_mbv2_pattern_mining,2026-02-08T13:07:14,0,476,96,0,1.0,1.3784319889964536e-05,7.0747808,0.1929006420832593,0.14833838009508327,0.04456226198817603,1,5,0.014168986002914608,0.04456226198817603,0.0006648520065937191,4816896.0,4014080.0
neu_mbv2_pattern_mining,2026-02-08T13:07:14,0,477,96,1,1.0,8.755351882427931e-05,7.0747808,0.030672497261548415,0.022446400253102183,0.008226097008446231,1,5,0.0019695380178745836,0.008226097008446231,0.00027510200743563473,4816896.0,4014080.0
neu_mbv2_pattern_mining,2026-02-08T13:07:14,0,478,96,2,1.0,0.006368769332766533,7.0747808,0.03604705131147057,0.02628271031426266,0.00976434099720791,1,5,0.002336650009965524,0.00976434099720791,0.00029162102146074176,4816896.0,4014080.0
neu_mbv2_pattern_mining,2026-02-08T13:07:14,0,479,96,3,1.0,0.008726855739951134,7.0747808,0.03846696697291918,0.028122579969931394,0.010344387002987787,1,5,0.0025102899817284197,0.010344387002987787,0.0003019680152647197,4816896.0,4014080.0
neu_mbv2_pattern_mining,2026-02-08T13:07:14,0,480,96,4,0.5,2.2806215286254883,0.45154880000000003,0.03595126114669256,0.02623836015118286,0.009712900995509699,1,5,0.0023414870083797723,0.009712900995509699,0.0002823490067385137,301056.0,250880.0
neu_mbv2_pattern_mining,2026-02-08T13:07:15,1,476,96,0,1.0,1.9768902348005213e-05,7.0747808,0.11427105087204836,0.09007438988192007,0.024196660990128294,1,5,0.008396277000429109,0.024196660990128294,0.0006111619877628982,4816896.0,4014080.0
neu_mbv2_pattern_mining,2026-02-08T13:07:15,1,477,96,1,0.96875,0.044738635420799255,7.0747808,0.03130789104034193,0.023099200043361634,0.008208690996980295,1,5,0.002026325004408136,0.008208690996980295,0.0002835949999280274,4816896.0,4014080.0
neu_mbv2_pattern_mining,2026-02-08T13:07:15,1,478,96,2,0.984375,0.027444520965218544,7.0747808,0.027803041855804622,0.020185599860269576,0.007617441995535046,1,5,0.0017872729804366827,0.007617441995535046,0.00023128700559027493,4816896.0,4014080.0
neu_mbv2_pattern_mining,2026-02-08T13:07:15,1,479,96,3,0.96875,0.05206839367747307,7.0747808,0.028441140108043328,0.020770780101884156,0.0076703600061591715,1,5,0.0018370059842709452,0.0076703600061591715,0.00024007202591747046,4816896.0,4014080.0
neu_mbv2_pattern_mining,2026-02-08T13:07:15,1,480,96,4,0.6666666666666666,0.6821863651275635,0.3411616,0.03203150728950277,0.02282089029904455,0.00921061699045822,1,5,0.0020386110118124634,0.00921061699045822,0.00024347801809199154,225792.0,188160.0
neu_mbv2_pattern_mining,2026-02-08T13:07:16,2,476,96,0,1.0,0.0009683032985776663,7.0747808,0.11564153907238506,0.09269711008528247,0.022944428987102583,1,5,0.008794763998594135,0.022944428987102583,0.00047494700993411243,4816896.0,4014080.0
neu_mbv2_pattern_mining,2026-02-08T13:07:16,2,477,96,1,0.984375,0.03896679729223251,7.0747808,0.028273671166971326,0.02046658017206937,0.007807090994901955,1,5,0.0017923080013133585,0.007807090994901955,0.00025435001589357853,4816896.0,4014080.0
neu_mbv2_pattern_mining,2026-02-08T13:07:16,2,478,96,2,1.0,0.0030148071236908436,7.0747808,0.026091043080668896,0.01896636007586494,0.0071246830048039556,1,5,0.0016810320084914565,0.0071246830048039556,0.00021560399909503758,4816896.0,4014080.0
neu_mbv2_pattern_mining,2026-02-08T13:07:16,2,479,96,3,1.0,0.009794293902814388,7.0747808,0.02472574496641755,0.017888029979076236,0.0068377149873413146,1,5,0.001590522995684296,0.0068377149873413146,0.00019828000222332776,4816896.0,4014080.0
neu_mbv2_pattern_mining,2026-02-08T13:07:16,2,480,96,4,0.6666666666666666,1.7494045495986938,0.3411616,0.027224530873354524,0.01839676988311112,0.008827760990243405,1,5,0.001626509998459369,0.008827760990243405,0.00021316698985174298,225792.0,188160.0
neu_mbv2_pattern_mining,2026-02-08T13:07:17,3,476,96,0,1.0,0.0001328749058302492,7.0747808,0.12311389172100462,0.09931628970662132,0.0237976020143833,1,5,0.009280394995585084,0.0237976020143833,0.0006512339750770479,4816896.0,4014080.0
neu_mbv2_pattern_mining,2026-02-08T13:07:17,3,477,96,1,0.984375,0.07552140951156616,7.0747808,0.030400082119740546,0.022316540125757456,0.00808354199398309,1,5,0.001974801009055227,0.00808354199398309,0.00025685300352051854,4816896.0,4014080.0
neu_mbv2_pattern_mining,2026-02-08T13:07:17,3,478,96,2,0.9375,0.2954930365085602,7.0747808,0.02830553796957247,0.020607229962479323,0.0076983080070931464,1,5,0.0018257620104122907,0.0076983080070931464,0.00023496098583564162,4816896.0,4014080.0
neu_mbv2_pattern_mining,2026-02-08T13:07:17,3,479,96,3,1.0,0.011646839790046215,7.0747808,0.027341625973349437,0.019678359967656434,0.0076632660056930035,1,5,0.0017593399970792234,0.0076632660056930035,0.00020849599968641996,4816896.0,4014080.0
neu_mbv2_pattern_mining,2026-02-08T13:07:17,3,480,96,4,0.6666666666666666,1.7977927923202515,0.3411616,0.03501733602024615,0.024609410029370338,0.01040792599087581,1,5,0.0022007260122336447,0.01040792599087581,0.00026021499070338905,225792.0,188160.0
neu_mbv2_pattern_mining,2026-02-08T13:07:18,4,476,96,0,1.0,6.069672235753387e-05,7.0747808,0.12935507475049235,0.10064702975796536,0.028708044992526993,1,5,0.009472044999711215,0.028708044992526993,0.0005926579760853201,4816896.0,4014080.0
neu_mbv2_pattern_mining,2026-02-08T13:07:18,4,477,96,1,1.0,0.00016370104276575148,7.0747808,0.03292141904239543,0.024577220028731972,0.008344199013663456,1,5,0.002177211019443348,0.008344199013663456,0.00028051098342984915,4816896.0,4014080.0
neu_mbv2_pattern_mining,2026-02-08T13:07:18,4,478,96,2,1.0,0.011158729903399944,7.0747808,0.030666544829728082,0.022975659812800586,0.007690885016927496,1,5,0.0020446539856493473,0.007690885016927496,0.0002529119956307113,4816896.0,4014080.0
neu_mbv2_pattern_mining,2026-02-08T13:07:18,4,479,96,3,0.984375,0.021895281970500946,7.0747808,0.030763090995606035,0.022728740004822612,0.008034350990783423,1,5,0.0020264770137146115,0.008034350990783423,0.00024639698676764965,4816896.0,4014080.0
neu_mbv2_pattern_mining,2026-02-08T13:07:18,4,480,96,4,0.6666666666666666,0.7702219486236572,0.3411616,0.035598571033915505,0.02440768002998084,0.011190891003934667,1,5,0.002163433004170656,0.011190891003934667,0.0002773349988274276,225792.0,188160.0
neu_mbv2_pattern_mining,2026-02-08T13:07:19,0,481,97,0,1.0,9.393728396389633e-05,7.0747808,0.16613411510479636,0.12823274009861052,0.037901375006185845,1,5,0.01216499600559473,0.037901375006185845,0.0006582780042663217,4816896.0,4014080.0
neu_mbv2_pattern_mining,2026-02-08T13:07:19,0,482,97,1,0.96875,0.060237009078264236,7.0747808,0.038576439081225544,0.028713390056509525,0.00986304902471602,1,5,0.0025419619923923165,0.00986304902471602,0.000329377013258636,4816896.0,4014080.0
neu_mbv2_pattern_mining,2026-02-08T13:07:19,0,483,97,2,0.953125,0.08952006697654724,7.0747808,0.039039535127812997,0.02922506013419479,0.009814474993618205,1,5,0.0026127989985980093,0.009814474993618205,0.0003097070148214698,4816896.0,4014080.0
neu_mbv2_pattern_mining,2026-02-08T13:07:19,0,484,97,3,1.0,0.0008932175696827471,7.0747808,0.035697331943083555,0.026674059918150306,0.009023272024933249,1,5,0.0023738059971947223,0.009023272024933249,0.0002935999946203083,4816896.0,4014080.0
neu_mbv2_pattern_mining,2026-02-08T13:07:19,0,485,97,4,0.75,0.4396173655986786,0.45154880000000003,0.03410219802754,0.024987380020320415,0.009114818007219583,1,5,0.002228497003670782,0.009114818007219583,0.0002702409983612597,301056.0,250880.0
neu_mbv2_pattern_mining,2026-02-08T13:07:20,1,481,97,0,1.0,6.530283826577943e-06,7.0747808,0.11527185494196601,0.09090581996133551,0.024366034980630502,1,5,0.00839093400281854,0.024366034980630502,0.0006996479933150113,4816896.0,4014080.0
neu_mbv2_pattern_mining,2026-02-08T13:07:20,1,482,97,1,1.0,6.273265171330422e-05,7.0747808,0.034121179167414084,0.025696410157252103,0.008424769010161981,1,5,0.002274604019476101,0.008424769010161981,0.0002950369962491095,4816896.0,4014080.0
neu_mbv2_pattern_mining,2026-02-08T13:07:20,1,483,97,2,1.0,0.007129302714020014,7.0747808,0.03134270859300159,0.02347053959965706,0.00787216899334453,1,5,0.002075496973702684,0.00787216899334453,0.0002715569862630218,4816896.0,4014080.0
neu_mbv2_pattern_mining,2026-02-08T13:07:20,1,484,97,3,0.96875,0.08810316026210785,7.0747808,0.029415711906040087,0.022105739917606115,0.007309971988433972,1,5,0.001952755992533639,0.007309971988433972,0.00025781799922697246,4816896.0,4014080.0
neu_mbv2_pattern_mining,2026-02-08T13:07:20,1,485,97,4,0.6666666666666666,0.6262298822402954,0.3411616,0.033556219073943794,0.023701050085946918,0.009855168987996876,1,5,0.002089331013849005,0.009855168987996876,0.00028077399474568665,225792.0,188160.0
neu_mbv2_pattern_mining,2026-02-08T13:07:21,2,481,97,0,1.0,4.67334539280273e-05,7.0747808,0.16262457924312912,0.12897621025331318,0.033648368989815935,1,5,0.012262944015674293,0.033648368989815935,0.0006346770096570253,4816896.0,4014080.0
neu_mbv2_pattern_mining,2026-02-08T13:07:21,2,482,97,1,0.984375,0.011482241563498974,7.0747808,0.040252144157420844,0.02917238016379997,0.011079763993620872,1,5,0.0026360720221418887,0.011079763993620872,0.0002811659942381084,4816896.0,4014080.0
neu_mbv2_pattern_mining,2026-02-08T13:07:21,2,483,97,2,1.0,0.04190189018845558,7.0747808,0.027326448005624115,0.02039951999904588,0.006926928006578237,1,5,0.0017776429885998368,0.006926928006578237,0.00026230901130475104,4816896.0,4014080.0
neu_mbv2_pattern_mining,2026-02-08T13:07:21,2,484,97,3,1.0,0.0014579372946172953,7.0747808,0.02651938088820316,0.01979194988962263,0.00672743099858053,1,5,0.001740473002428189,0.00672743099858053,0.00023872198653407395,4816896.0,4014080.0
neu_mbv2_pattern_mining,2026-02-08T13:07:21,2,485,97,4,0.3333333333333333,4.051661968231201,0.3411616,0.029194953996920958,0.01932840998051688,0.009866544016404077,1,5,0.001716002996545285,0.009866544016404077,0.0002168380015064031,225792.0,188160.0
neu_mbv2_pattern_mining,2026-02-08T13:07:22,3,481,97,0,1.0,4.72465981147252e-05,7.0747808,0.11651006297324784,0.09199321997584775,0.02451684299740009,1,5,0.00851861498085782,0.02451684299740009,0.0006807070167269558,4816896.0,4014080.0
neu_mbv2_pattern_mining,2026-02-08T13:07:22,3,482,97,1,0.96875,0.08965863287448883,7.0747808,0.028771160839824006,0.021090619848109782,0.007680540991714224,1,5,0.0018510779773350805,0.007680540991714224,0.00025798400747589767,4816896.0,4014080.0
neu_mbv2_pattern_mining,2026-02-08T13:07:22,3,483,97,2,0.984375,0.0413796603679657,7.0747808,0.02436622921959497,0.017491720209363848,0.006874509010231122,1,5,0.0015724550175946206,0.006874509010231122,0.0001767170033417642,4816896.0,4014080.0
neu_mbv2_pattern_mining,2026-02-08T13:07:22,3,484,97,3,0.96875,0.1295967698097229,7.0747808,0.022709661774570122,0.016369919758290052,0.00633974201628007,1,5,0.001472940988605842,0.00633974201628007,0.00016405098722316325,4816896.0,4014080.0
neu_mbv2_pattern_mining,2026-02-08T13:07:22,3,485,97,4,0.6666666666666666,1.2109767198562622,0.3411616,0.026798891136422753,0.018389240140095353,0.0084096509963274,1,5,0.0016473090217914432,0.0084096509963274,0.00019161499221809208,225792.0,188160.0
neu_mbv2_pattern_mining,2026-02-08T13:07:23,4,481,97,0,1.0,0.00022213331249076873,7.0747808,0.18706539433333091,0.1462956503382884,0.04076974399504252,1,5,0.013977267022710294,0.04076974399504252,0.0006522980111185461,4816896.0,4014080.0
neu_mbv2_pattern_mining,2026-02-08T13:07:23,4,482,97,1,1.0,2.9463059036061168e-05,7.0747808,0.033999193023191765,0.02459868002915755,0.009400512994034216,1,5,0.002190947998315096,0.009400512994034216,0.000268920004600659,4816896.0,4014080.0
neu_mbv2_pattern_mining,2026-02-08T13:07:23,4,483,97,2,0.90625,0.6060279607772827,7.0747808,0.03367162588983774,0.02421082986984402,0.009460796019993722,1,5,0.0021562789916060865,0.009460796019993722,0.00026480399537831545,4816896.0,4014080.0
neu_mbv2_pattern_mining,2026-02-08T13:07:23,4,484,97,3,1.0,0.0010267447214573622,7.0747808,0.03281346516450867,0.0235593001707457,0.00925416499376297,1,5,0.002122756006428972,0.00925416499376297,0.00023317401064559817,4816896.0,4014080.0
neu_mbv2_pattern_mining,2026-02-08T13:07:23,4,485,97,4,0.6666666666666666,2.413078784942627,0.3411616,0.03944463390507735,0.02607609989354387,0.013368534011533484,1,5,0.0022884189966134727,0.013368534011533484,0.0003191909927409142,225792.0,188160.0
neu_mbv2_pattern_mining,2026-02-08T13:07:24,0,486,98,0,1.0,0.001108107389882207,7.0747808,0.21157547834445722,0.15981467033270746,0.05176080801174976,1,5,0.015156678011408076,0.05176080801174976,0.0008247890218626708,4816896.0,4014080.0
neu_mbv2_pattern_mining,2026-02-08T13:07:24,0,487,98,1,0.953125,0.17147296667099,7.0747808,0.047415440203621984,0.034663200203794986,0.012752239999826998,1,5,0.0031498270109295845,0.012752239999826998,0.0003164930094499141,4816896.0,4014080.0
neu_mbv2_pattern_mining,2026-02-08T13:07:24,0,488,98,2,1.0,0.004447000101208687,7.0747808,0.03633850265759975,0.025812819658312947,0.0105256829992868,1,5,0.0022683499846607447,0.0105256829992868,0.00031293198117055,4816896.0,4014080.0
neu_mbv2_pattern_mining,2026-02-08T13:07:24,0,489,98,3,0.890625,0.5220460891723633,7.0747808,0.036195823980960995,0.02623114996822551,0.009964674012735486,1,5,0.0023436860064975917,0.009964674012735486,0.00027942899032495916,4816896.0,4014080.0
neu_mbv2_pattern_mining,2026-02-08T13:07:25,0,490,98,4,0.75,0.7185443043708801,0.45154880000000003,0.036342546954983845,0.02611717995023355,0.010225367004750296,1,5,0.0023398369958158582,0.010225367004750296,0.00027188099920749664,301056.0,250880.0
neu_mbv2_pattern_mining,2026-02-08T13:07:25,1,486,98,0,1.0,3.421653445911943e-06,7.0747808,0.14800734535674565,0.11612525035161525,0.031882095005130395,1,5,0.011005561013007537,0.031882095005130395,0.0006069640221539885,4816896.0,4014080.0
neu_mbv2_pattern_mining,2026-02-08T13:07:25,1,487,98,1,1.0,0.0015430781058967113,7.0747808,0.03875998989678919,0.028107299876865,0.010652690019924194,1,5,0.0024847039894666523,0.010652690019924194,0.0003260259982198477,4816896.0,4014080.0
neu_mbv2_pattern_mining,2026-02-08T13:07:25,1,488,98,2,1.0,0.0014294421998783946,7.0747808,0.033435415680287406,0.024471509677823633,0.008963906002463773,1,5,0.0021595489815808833,0.008963906002463773,0.00028760198620148003,4816896.0,4014080.0
neu_mbv2_pattern_mining,2026-02-08T13:07:25,1,489,98,3,1.0,0.0005170974181964993,7.0747808,0.03399765506037511,0.025110520073212683,0.008887134987162426,1,5,0.002239869994809851,0.008887134987162426,0.00027118201251141727,4816896.0,4014080.0
neu_mbv2_pattern_mining,2026-02-08T13:07:25,1,490,98,4,1.0,0.17771250009536743,0.3411616,0.038954882009420544,0.026435600011609495,0.01251928199781105,1,5,0.0023608799965586513,0.01251928199781105,0.00028268000460229814,225792.0,188160.0
neu_mbv2_pattern_mining,2026-02-08T13:07:26,2,486,98,0,1.0,5.0329363148193806e-05,7.0747808,0.12177483513369225,0.09404467011336237,0.027730165020329878,1,5,0.008625639020465314,0.027730165020329878,0.0007788279908709228,4816896.0,4014080.0
neu_mbv2_pattern_mining,2026-02-08T13:07:26,2,487,98,1,0.96875,0.11302512884140015,7.0747808,0.034442651143763214,0.025471000117249787,0.008971651026513427,1,5,0.002262580004753545,0.008971651026513427,0.00028452000697143376,4816896.0,4014080.0
neu_mbv2_pattern_mining,2026-02-08T13:07:26,2,488,98,2,1.0,0.0014548285398632288,7.0747808,0.030537602928234264,0.022095119929872453,0.008442482998361811,1,5,0.001953895000042394,0.008442482998361811,0.0002556169929448515,4816896.0,4014080.0
neu_mbv2_pattern_mining,2026-02-08T13:07:26,2,489,98,3,0.953125,0.20140740275382996,7.0747808,0.0345153515227139,0.025557369517628103,0.008957982005085796,1,5,0.0022793589741922915,0.008957982005085796,0.00027637797757051885,4816896.0,4014080.0
neu_mbv2_pattern_mining,2026-02-08T13:07:26,2,490,98,4,0.6666666666666666,0.5374827980995178,0.3411616,0.036297976825153455,0.02493613981641829,0.011361837008735165,1,5,0.0021890899806749076,0.011361837008735165,0.00030452400096692145,225792.0,188160.0
neu_mbv2_pattern_mining,2026-02-08T13:07:27,3,486,98,0,1.0,2.029538700298872e-05,7.0747808,0.17614665417931974,0.1355235601658933,0.04062309401342645,1,5,0.012723252002615482,0.04062309401342645,0.000829104013973847,4816896.0,4014080.0
neu_mbv2_pattern_mining,2026-02-08T13:07:27,3,487,98,1,1.0,0.00020505365682765841,7.0747808,0.04307106896885671,0.03175043995724991,0.011320629011606798,1,5,0.002819313987856731,0.011320629011606798,0.00035573000786826015,4816896.0,4014080.0
neu_mbv2_pattern_mining,2026-02-08T13:07:27,3,488,98,2,1.0,0.006310794502496719,7.0747808,0.03849851226550527,0.027840790280606598,0.010657721984898672,1,5,0.0024633280117996037,0.010657721984898672,0.00032075101626105607,4816896.0,4014080.0
neu_mbv2_pattern_mining,2026-02-08T13:07:27,3,489,98,3,1.0,0.00037303881254047155,7.0747808,0.03631702400161885,0.026321879995521158,0.00999514400609769,1,5,0.002330596005776897,0.00999514400609769,0.0003015919937752187,4816896.0,4014080.0
neu_mbv2_pattern_mining,2026-02-08T13:07:27,3,490,98,4,0.6666666666666666,0.2869003117084503,0.3411616,0.04092292382847518,0.027987579815089703,0.012935344013385475,1,5,0.002487898978870362,0.012935344013385475,0.0003108590026386082,225792.0,188160.0
neu_mbv2_pattern_mining,2026-02-08T13:07:28,4,486,98,0,1.0,6.369828042807057e-05,7.0747808,0.165017912077019,0.12733245006529614,0.03768546201172285,1,5,0.012088929011952132,0.03768546201172285,0.0006443159945774823,4816896.0,4014080.0
neu_mbv2_pattern_mining,2026-02-08T13:07:28,4,487,98,1,1.0,0.0007850461406633258,7.0747808,0.03791063709650189,0.027802420081570745,0.010108217014931142,1,5,0.002458625996951014,0.010108217014931142,0.00032161601120606065,4816896.0,4014080.0
neu_mbv2_pattern_mining,2026-02-08T13:07:28,4,488,98,2,1.0,0.00012798148964066058,7.0747808,0.036687088053440675,0.02722264005569741,0.009464447997743264,1,5,0.0024281789956148714,0.009464447997743264,0.00029408500995486975,4816896.0,4014080.0
neu_mbv2_pattern_mining,2026-02-08T13:07:28,4,489,98,3,1.0,0.00030758167849853635,7.0747808,0.03604516404448077,0.026006870029959828,0.010038294014520943,1,5,0.0022995820036157966,0.010038294014520943,0.0003011049993801862,4816896.0,4014080.0
neu_mbv2_pattern_mining,2026-02-08T13:07:28,4,490,98,4,1.0,0.06898171454668045,0.3411616,0.038097551150713116,0.026226600166410208,0.011870950984302908,1,5,0.0023145579907577485,0.011870950984302908,0.0003081020258832723,225792.0,188160.0
neu_mbv2_pattern_mining,2026-02-08T13:07:29,0,491,99,0,1.0,0.007172266021370888,7.0747808,0.10271313090925105,0.07885628991061822,0.023856840998632833,1,5,0.007273342984262854,0.023856840998632833,0.0006122860067989677,4816896.0,4014080.0
neu_mbv2_pattern_mining,2026-02-08T13:07:29,0,492,99,1,1.0,0.00023017878993414342,7.0747808,0.03151869692374021,0.023233919928316027,0.008284776995424181,1,5,0.002053860982414335,0.008284776995424181,0.0002695310104172677,4816896.0,4014080.0
neu_mbv2_pattern_mining,2026-02-08T13:07:29,0,493,99,2,0.96875,0.17784088850021362,7.0747808,0.030378191208001226,0.022264690196607262,0.008113501011393964,1,5,0.0019515980093274266,0.008113501011393964,0.00027487101033329964,4816896.0,4014080.0
neu_mbv2_pattern_mining,2026-02-08T13:07:29,0,494,99,3,0.9375,0.24412310123443604,7.0747808,0.03096758123137988,0.022261130216065794,0.008706451015314087,1,5,0.001968649012269452,0.008706451015314087,0.0002574640093371272,4816896.0,4014080.0
neu_mbv2_pattern_mining,2026-02-08T13:07:29,0,495,99,4,0.75,1.7166062593460083,0.45154880000000003,0.032464886899106205,0.023704929917585105,0.0087599569815211,1,5,0.0021111319947522134,0.0087599569815211,0.0002593609970062971,301056.0,250880.0
neu_mbv2_pattern_mining,2026-02-08T13:07:30,1,491,99,0,1.0,0.0027632955461740494,7.0747808,0.1807907660258934,0.1438723100000061,0.03691845602588728,1,5,0.013737697998294607,0.03691845602588728,0.0006495330017060041,4816896.0,4014080.0
neu_mbv2_pattern_mining,2026-02-08T13:07:30,1,492,99,1,0.984375,0.02788841910660267,7.0747808,0.038052111194701865,0.027913130179513246,0.01013898101518862,1,5,0.002477600995916873,0.01013898101518862,0.00031371202203445137,4816896.0,4014080.0
neu_mbv2_pattern_mining,2026-02-08T13:07:30,1,493,99,2,1.0,0.0018855445086956024,7.0747808,0.03626419973443262,0.026218859711661935,0.010045340022770688,1,5,0.002310972980922088,0.010045340022770688,0.00031091299024410546,4816896.0,4014080.0
neu_mbv2_pattern_mining,2026-02-08T13:07:30,1,494,99,3,1.0,0.007368806749582291,7.0747808,0.03968099708436057,0.029342150082811713,0.010338847001548856,1,5,0.002596331003587693,0.010338847001548856,0.00033788400469347835,4816896.0,4014080.0
neu_mbv2_pattern_mining,2026-02-08T13:07:30,1,495,99,4,0.6666666666666666,0.6337689161300659,0.3411616,0.042361993895610794,0.029802279896102846,0.012559713999507949,1,5,0.0026272149989381433,0.012559713999507949,0.0003530129906721413,225792.0,188160.0
neu_mbv2_pattern_mining,2026-02-08T13:07:31,2,491,99,0,1.0,0.0008396279299631715,7.0747808,0.13535571901593357,0.10641086002578959,0.028944858990143985,1,5,0.009969589009415358,0.028944858990143985,0.0006714969931636006,4816896.0,4014080.0
neu_mbv2_pattern_mining,2026-02-08T13:07:31,2,492,99,1,1.0,0.00013585829583462328,7.0747808,0.03066328907152638,0.022942500072531402,0.007720788998994976,1,5,0.0020175290119368583,0.007720788998994976,0.0002767209953162819,4816896.0,4014080.0
neu_mbv2_pattern_mining,2026-02-08T13:07:31,2,493,99,2,0.984375,0.019470231607556343,7.0747808,0.03310768600204028,0.024671290011610836,0.008436395990429446,1,5,0.0021743769757449627,0.008436395990429446,0.0002927520254161209,4816896.0,4014080.0
neu_mbv2_pattern_mining,2026-02-08T13:07:31,2,494,99,3,0.859375,0.5919224619865417,7.0747808,0.034581963293021545,0.025713160284794867,0.008868803008226678,1,5,0.0022637880174443126,0.008868803008226678,0.00030752801103517413,4816896.0,4014080.0
neu_mbv2_pattern_mining,2026-02-08T13:07:31,2,495,99,4,1.0,0.07185890525579453,0.3411616,0.036155427573248744,0.02498541056411341,0.011170017009135336,1,5,0.002217659028246999,0.011170017009135336,0.00028088202816434205,225792.0,188160.0
neu_mbv2_pattern_mining,2026-02-08T13:07:32,3,491,99,0,1.0,5.552252696361393e-05,7.0747808,0.14232037984766066,0.11381208983948454,0.028508290008176118,1,5,0.010698552010580897,0.028508290008176118,0.0006826569733675569,4816896.0,4014080.0
neu_mbv2_pattern_mining,2026-02-08T13:07:32,3,492,99,1,0.96875,0.13780875504016876,7.0747808,0.036065762251382694,0.026883070240728557,0.009182692010654137,1,5,0.002384798019193113,0.009182692010654137,0.00030350900487974286,4816896.0,4014080.0
neu_mbv2_pattern_mining,2026-02-08T13:07:32,3,493,99,2,1.0,0.0004318315186537802,7.0747808,0.032747431920142844,0.024393539933953434,0.00835389198618941,1,5,0.002156606991775334,0.00835389198618941,0.00028274700162000954,4816896.0,4014080.0
neu_mbv2_pattern_mining,2026-02-08T13:07:32,3,494,99,3,0.984375,0.03237267956137657,7.0747808,0.03007601189892739,0.02218757988885045,0.00788843201007694,1,5,0.0019429829844739288,0.00788843201007694,0.00027577500441111624,4816896.0,4014080.0
neu_mbv2_pattern_mining,2026-02-08T13:07:32,3,495,99,4,0.6666666666666666,0.4178050756454468,0.3411616,0.030778309155721217,0.021109050139784813,0.009669259015936404,1,5,0.001876637019449845,0.009669259015936404,0.00023426799452863634,225792.0,188160.0
neu_mbv2_pattern_mining,2026-02-08T13:07:33,4,491,99,0,1.0,1.2525753845693544e-05,7.0747808,0.17923721598344855,0.1431537899770774,0.036083426006371155,1,5,0.013610635010991246,0.036083426006371155,0.000704743986716494,4816896.0,4014080.0
neu_mbv2_pattern_mining,2026-02-08T13:07:33,4,492,99,1,1.0,0.00011068345338571817,7.0747808,0.03441249075694941,0.025208789738826454,0.009203701018122956,1,5,0.002219552989117801,0.009203701018122956,0.0003013259847648442,4816896.0,4014080.0
neu_mbv2_pattern_mining,2026-02-08T13:07:33,4,493,99,2,1.0,0.017449991777539253,7.0747808,0.0331872999377083,0.02444248995743692,0.008744809980271384,1,5,0.0021403520077001303,0.008744809980271384,0.0003038969880435616,4816896.0,4014080.0
neu_mbv2_pattern_mining,2026-02-08T13:07:33,4,494,99,3,1.0,0.0007812915137037635,7.0747808,0.031788269989192486,0.023468779982067645,0.008319490007124841,1,5,0.002050351002253592,0.008319490007124841,0.00029652699595317245,4816896.0,4014080.0
neu_mbv2_pattern_mining,2026-02-08T13:07:33,4,495,99,4,1.0,0.030864251777529716,0.3411616,0.034492029197281227,0.023471650201827288,0.011020378995453939,1,5,0.0020663489995058626,0.011020378995453939,0.0002808160206768662,225792.0,188160.0
neu_mbv2_pattern_mining,2026-02-08T13:07:35,0,496,100,0,1.0,5.558937118621543e-05,7.0747808,0.10822683793958277,0.08329998992849141,0.02492684801109135,1,5,0.007701135007664561,0.02492684801109135,0.0006288639851845801,4816896.0,4014080.0
neu_mbv2_pattern_mining,2026-02-08T13:07:35,0,497,100,1,1.0,0.011446988210082054,7.0747808,0.03366740114870481,0.025042130146175623,0.008625271002529189,1,5,0.002219776011770591,0.008625271002529189,0.00028443700284697115,4816896.0,4014080.0
neu_mbv2_pattern_mining,2026-02-08T13:07:35,0,498,100,2,1.0,0.008076355792582035,7.0747808,0.02817166200838983,0.020476659992709756,0.007695002015680075,1,5,0.0018336409993935376,0.007695002015680075,0.00021402499987743795,4816896.0,4014080.0
neu_mbv2_pattern_mining,2026-02-08T13:07:35,0,499,100,3,1.0,0.013340294361114502,7.0747808,0.028597944125067443,0.02060816012090072,0.007989784004166722,1,5,0.0018499150173738599,0.007989784004166722,0.00021090099471621215,4816896.0,4014080.0
neu_mbv2_pattern_mining,2026-02-08T13:07:35,0,500,100,4,0.5,2.24843168258667,0.45154880000000003,0.030044198298128322,0.021234210289549083,0.00880998800857924,1,5,0.0018807970045600086,0.00880998800857924,0.0002426240243948996,301056.0,250880.0
neu_mbv2_pattern_mining,2026-02-08T13:07:36,1,496,100,0,1.0,2.1984262275509536e-05,7.0747808,0.23499745698063634,0.19418773998040706,0.040809717000229284,1,5,0.018778319004923105,0.040809717000229284,0.0006404549931176007,4816896.0,4014080.0
neu_mbv2_pattern_mining,2026-02-08T13:07:36,1,497,100,1,1.0,0.0004746363265439868,7.0747808,0.03331114281900227,0.024443809816148132,0.008867333002854139,1,5,0.002177627000492066,0.008867333002854139,0.00026675398112274706,4816896.0,4014080.0
neu_mbv2_pattern_mining,2026-02-08T13:07:36,1,498,100,2,1.0,0.0032516091596335173,7.0747808,0.03775587698328309,0.027972969983238727,0.00978290700004436,1,5,0.002554815000621602,0.00978290700004436,0.00024248199770227075,4816896.0,4014080.0
neu_mbv2_pattern_mining,2026-02-08T13:07:36,1,499,100,3,1.0,0.0030922265723347664,7.0747808,0.03081282725906931,0.022119910281617194,0.008692916977452114,1,5,0.001992060017073527,0.008692916977452114,0.00021993101108819246,4816896.0,4014080.0
neu_mbv2_pattern_mining,2026-02-08T13:07:36,1,500,100,4,0.0,2.098994255065918,0.3411616,0.03614288562675938,0.024800169630907476,0.011342715995851904,1,5,0.002246851974632591,0.011342715995851904,0.00023316498845815659,225792.0,188160.0
neu_mbv2_pattern_mining,2026-02-08T13:07:37,2,496,100,0,1.0,0.0005455859936773777,7.0747808,0.1684814027394168,0.13659095973707736,0.03189044300233945,1,5,0.013161782990209758,0.03189044300233945,0.0004973129834979773,4816896.0,4014080.0
neu_mbv2_pattern_mining,2026-02-08T13:07:37,2,497,100,1,1.0,0.0019394734408706427,7.0747808,0.029299141897354275,0.02129000989953056,0.008009131997823715,1,5,0.0019026289810426533,0.008009131997823715,0.00022637200891040266,4816896.0,4014080.0
neu_mbv2_pattern_mining,2026-02-08T13:07:37,2,498,100,2,0.921875,0.3309471011161804,7.0747808,0.02692452707560733,0.019358090066816658,0.007566437008790672,1,5,0.0017405980033800006,0.007566437008790672,0.0001952110033016652,4816896.0,4014080.0
neu_mbv2_pattern_mining,2026-02-08T13:07:37,2,499,100,3,1.0,0.004311962518841028,7.0747808,0.02816868940135464,0.020282230398152024,0.007886459003202617,1,5,0.0018250600260216743,0.007886459003202617,0.00020316301379352808,4816896.0,4014080.0
neu_mbv2_pattern_mining,2026-02-08T13:07:37,2,500,100,4,0.3333333333333333,2.1137397289276123,0.3411616,0.03435029982938431,0.022811619855929166,0.011538679973455146,1,5,0.002067587978672236,0.011538679973455146,0.0002135740069206804,225792.0,188160.0
neu_mbv2_pattern_mining,2026-02-08T13:07:37,3,496,100,0,1.0,0.00021215950255282223,7.0747808,0.23502485096105374,0.19131545996060595,0.043709391000447795,1,5,0.018497971002943814,0.043709391000447795,0.0006335749931167811,4816896.0,4014080.0
neu_mbv2_pattern_mining,2026-02-08T13:07:37,3,497,100,1,0.9375,0.5011642575263977,7.0747808,0.04062009509652853,0.029089160088915378,0.011530935007613152,1,5,0.0025739200063981116,0.011530935007613152,0.0003349960024934262,4816896.0,4014080.0
neu_mbv2_pattern_mining,2026-02-08T13:07:38,3,498,100,2,1.0,0.0016657181549817324,7.0747808,0.04983098997035995,0.03613153996411711,0.013699450006242841,1,5,0.0029980539984535426,0.013699450006242841,0.0006150999979581684,4816896.0,4014080.0
neu_mbv2_pattern_mining,2026-02-08T13:07:38,3,499,100,3,1.0,0.047355104237794876,7.0747808,0.03804035810753703,0.02791611012071371,0.01012424798682332,1,5,0.0024538149882573634,0.01012424798682332,0.00033779602381400764,4816896.0,4014080.0
neu_mbv2_pattern_mining,2026-02-08T13:07:38,3,500,100,4,0.6666666666666666,0.4433716833591461,0.3411616,0.038042542641051114,0.026218169659841806,0.011824372981209308,1,5,0.0023327769886236638,0.011824372981209308,0.0002890399773605168,225792.0,188160.0
neu_mbv2_pattern_mining,2026-02-08T13:07:38,4,496,100,0,1.0,8.759730917518027e-06,7.0747808,0.12438020479748957,0.09936881979228929,0.025011385005200282,1,5,0.009300261997850612,0.025011385005200282,0.0006366199813783169,4816896.0,4014080.0
neu_mbv2_pattern_mining,2026-02-08T13:07:38,4,497,100,1,1.0,0.001734575955197215,7.0747808,0.030674965179059654,0.022749710187781602,0.007925254991278052,1,5,0.0019917850149795413,0.007925254991278052,0.0002831860037986189,4816896.0,4014080.0
neu_mbv2_pattern_mining,2026-02-08T13:07:38,4,498,100,2,1.0,0.0017128613544628024,7.0747808,0.0307519240595866,0.02245348005089909,0.008298444008687511,1,5,0.0019466840021777898,0.008298444008687511,0.00029866400291211903,4816896.0,4014080.0
neu_mbv2_pattern_mining,2026-02-08T13:07:38,4,499,100,3,0.96875,0.30746254324913025,7.0747808,0.03258487908169627,0.024410650075878948,0.008174229005817324,1,5,0.002191259991377592,0.008174229005817324,0.0002498050162103027,4816896.0,4014080.0
neu_mbv2_pattern_mining,2026-02-08T13:07:38,4,500,100,4,1.0,0.1453692764043808,0.3411616,0.03327048788196407,0.023485719866584986,0.009784768015379086,1,5,0.0020793879812117666,0.009784768015379086,0.00026918400544673204,225792.0,188160.0
