exp_name,timestamp,client_idx,global_round,epoch,batch_idx,acc,loss,comm_time,comp_time,comp_time_client,comp_time_server,cut1,cut2,t_front,t_middle,t_back,smashed1_numel,smashed2_numel
neu_mbv2_pattern_mining,2026-02-08T11:30:32,0,1,1,0,0.1875,1.8971073627471924,0.0,4.886975199915469,4.886975199915469,0.0,0,0,0.37174295997829176,0.0,0.1169545600132551,0.0,0.0
neu_mbv2_pattern_mining,2026-02-08T11:30:32,0,2,1,1,0.96875,0.6352853775024414,0.0,0.09091644024010748,0.09091644024010748,0.0,0,0,0.0008597400155849755,0.0,0.008231904008425772,0.0,0.0
neu_mbv2_pattern_mining,2026-02-08T11:30:32,0,3,1,2,0.984375,0.16777311265468597,0.0,0.08211011998355389,0.08211011998355389,0.0,0,0,0.0006131269910838455,0.0,0.007597885007271543,0.0,0.0
neu_mbv2_pattern_mining,2026-02-08T11:30:32,0,4,1,3,0.96875,0.11138228327035904,0.0,0.07947980979224667,0.07947980979224667,0.0,0,0,0.0005762749933637679,0.0,0.007371705985860899,0.0,0.0
neu_mbv2_pattern_mining,2026-02-08T11:30:32,0,5,1,4,0.75,0.6611998677253723,0.0,0.2687300799880177,0.2687300799880177,0.0,0,0,0.0025946669920813292,0.0,0.02427834100672044,0.0,0.0
neu_mbv2_pattern_mining,2026-02-08T11:30:33,1,1,1,0,0.09375,1.9916820526123047,0.0,0.38100656995084137,0.38100656995084137,0.0,0,0,0.004693549999501556,0.0,0.03340710699558258,0.0,0.0
neu_mbv2_pattern_mining,2026-02-08T11:30:33,1,2,1,1,0.671875,0.9801725149154663,0.0,0.09278525016270578,0.09278525016270578,0.0,0,0,0.0006732660112902522,0.0,0.008605259004980326,0.0,0.0
neu_mbv2_pattern_mining,2026-02-08T11:30:33,1,3,1,2,0.921875,0.3565785884857178,0.0,0.1019293101853691,0.1019293101853691,0.0,0,0,0.0007435670122504234,0.0,0.009449364006286487,0.0,0.0
neu_mbv2_pattern_mining,2026-02-08T11:30:33,1,4,1,3,0.96875,0.13164448738098145,0.0,0.09993326995754614,0.09993326995754614,0.0,0,0,0.0007284040038939565,0.0,0.009264922991860658,0.0,0.0
neu_mbv2_pattern_mining,2026-02-08T11:30:33,1,5,1,4,1.0,0.28076624870300293,0.0,0.3246419600327499,0.3246419600327499,0.0,0,0,0.0036117369891144335,0.0,0.02885245901416056,0.0,0.0
neu_mbv2_pattern_mining,2026-02-08T11:30:33,2,1,1,0,0.15625,1.9353867769241333,0.0,0.35619748960016295,0.35619748960016295,0.0,0,0,0.00405204197159037,0.0,0.031567706988425925,0.0,0.0
neu_mbv2_pattern_mining,2026-02-08T11:30:33,2,2,1,1,0.9375,0.7301957607269287,0.0,0.11915454000700265,0.11915454000700265,0.0,0,0,0.0008261729963123798,0.0,0.011089281004387885,0.0,0.0
neu_mbv2_pattern_mining,2026-02-08T11:30:33,2,3,1,2,0.96875,0.2879384756088257,0.0,0.11480220011435449,0.11480220011435449,0.0,0,0,0.000834739999845624,0.0,0.010645480011589825,0.0,0.0
neu_mbv2_pattern_mining,2026-02-08T11:30:34,2,4,1,3,0.984375,0.0843377560377121,0.0,0.10408603004179895,0.10408603004179895,0.0,0,0,0.0007490889984183013,0.0,0.009659514005761594,0.0,0.0
neu_mbv2_pattern_mining,2026-02-08T11:30:34,2,5,1,4,1.0,0.08051684498786926,0.0,0.14433738018851727,0.14433738018851727,0.0,0,0,0.0008457500080112368,0.0,0.01358798801084049,0.0,0.0
neu_mbv2_pattern_mining,2026-02-08T11:30:34,3,1,1,0,0.1875,1.8980488777160645,0.0,0.4442863800795749,0.4442863800795749,0.0,0,0,0.004681386024458334,0.0,0.039747251983499154,0.0,0.0
neu_mbv2_pattern_mining,2026-02-08T11:30:34,3,2,1,1,0.859375,0.7228026986122131,0.0,0.14266764977946877,0.14266764977946877,0.0,0,0,0.001130716991610825,0.0,0.013136047986336052,0.0,0.0
neu_mbv2_pattern_mining,2026-02-08T11:30:34,3,3,1,2,0.9375,0.26026275753974915,0.0,0.12782812002114952,0.12782812002114952,0.0,0,0,0.0009881570003926754,0.0,0.011794655001722276,0.0,0.0
neu_mbv2_pattern_mining,2026-02-08T11:30:34,3,4,1,3,0.96875,0.1430792659521103,0.0,0.1338493000366725,0.1338493000366725,0.0,0,0,0.0010580149828456342,0.0,0.012326915020821616,0.0,0.0
neu_mbv2_pattern_mining,2026-02-08T11:30:34,3,5,1,4,0.0,3.2413132190704346,0.0,0.16234033973887563,0.16234033973887563,0.0,0,0,0.000984277983661741,0.0,0.015249755990225822,0.0,0.0
neu_mbv2_pattern_mining,2026-02-08T11:30:35,4,1,1,0,0.25,1.8189327716827393,0.0,0.6496814399724826,0.6496814399724826,0.0,0,0,0.006851183017715812,0.0,0.05811696097953245,0.0,0.0
neu_mbv2_pattern_mining,2026-02-08T11:30:35,4,2,1,1,0.796875,0.7842026352882385,0.0,0.14726180990692228,0.14726180990692228,0.0,0,0,0.0011450309830252081,0.0,0.01358115000766702,0.0,0.0
neu_mbv2_pattern_mining,2026-02-08T11:30:35,4,3,1,2,0.90625,0.2605952322483063,0.0,0.13659791002282873,0.13659791002282873,0.0,0,0,0.0010765490005724132,0.0,0.01258324200171046,0.0,0.0
neu_mbv2_pattern_mining,2026-02-08T11:30:35,4,4,1,3,0.96875,0.139001727104187,0.0,0.1504714900511317,0.1504714900511317,0.0,0,0,0.0010967050038743764,0.0,0.013950444001238793,0.0,0.0
neu_mbv2_pattern_mining,2026-02-08T11:30:35,4,5,1,4,0.0,1.4940365552902222,0.0,0.1567295301356353,0.1567295301356353,0.0,0,0,0.0009780130058061332,0.0,0.014694940007757396,0.0,0.0
neu_mbv2_pattern_mining,2026-02-08T11:30:36,0,6,2,0,1.0,0.027760690078139305,0.0,0.5225066599086858,0.5225066599086858,0.0,0,0,0.0031912940030451864,0.0,0.0490593719878234,0.0,0.0
neu_mbv2_pattern_mining,2026-02-08T11:30:36,0,7,2,1,0.859375,1.5660717487335205,0.0,0.14259422023314983,0.14259422023314983,0.0,0,0,0.0010129610018339008,0.0,0.013246461021481082,0.0,0.0
neu_mbv2_pattern_mining,2026-02-08T11:30:36,0,8,2,2,0.96875,0.11279027163982391,0.0,0.14496315008727834,0.14496315008727834,0.0,0,0,0.0010518190101720393,0.0,0.013444495998555794,0.0,0.0
neu_mbv2_pattern_mining,2026-02-08T11:30:36,0,9,2,3,0.9375,0.1859191507101059,0.0,0.13567364978371188,0.13567364978371188,0.0,0,0,0.0009751519828569144,0.0,0.012592212995514274,0.0,0.0
neu_mbv2_pattern_mining,2026-02-08T11:30:36,0,10,2,4,0.75,0.503740131855011,0.0,0.14476747979642823,0.14476747979642823,0.0,0,0,0.0009133079729508609,0.0,0.013563440006691962,0.0,0.0
neu_mbv2_pattern_mining,2026-02-08T11:30:37,1,6,2,0,0.96875,0.08462946861982346,0.0,0.3153190098237246,0.3153190098237246,0.0,0,0,0.003373269981238991,0.0,0.02815863100113347,0.0,0.0
neu_mbv2_pattern_mining,2026-02-08T11:30:37,1,7,2,1,0.6875,1.7648392915725708,0.0,0.1050822701654397,0.1050822701654397,0.0,0,0,0.0006229749997146428,0.0,0.009885252016829327,0.0,0.0
neu_mbv2_pattern_mining,2026-02-08T11:30:37,1,8,2,2,0.96875,0.12412917613983154,0.0,0.09825815010117367,0.09825815010117367,0.0,0,0,0.0006891019875183702,0.0,0.009136713022598997,0.0,0.0
neu_mbv2_pattern_mining,2026-02-08T11:30:37,1,9,2,3,0.859375,0.3637459874153137,0.0,0.10553303000051528,0.10553303000051528,0.0,0,0,0.0007404189964290708,0.0,0.009812884003622457,0.0,0.0
neu_mbv2_pattern_mining,2026-02-08T11:30:37,1,10,2,4,0.3333333333333333,1.415317416191101,0.0,0.1388455502456054,0.1388455502456054,0.0,0,0,0.0007781170133966953,0.0,0.013106438011163846,0.0,0.0
neu_mbv2_pattern_mining,2026-02-08T11:30:38,2,6,2,0,1.0,0.023821964859962463,0.0,0.6113623801502399,0.6113623801502399,0.0,0,0,0.0069308710226323456,0.0,0.054205366992391646,0.0,0.0
neu_mbv2_pattern_mining,2026-02-08T11:30:38,2,7,2,1,0.75,1.2644667625427246,0.0,0.14154035976389423,0.14154035976389423,0.0,0,0,0.0008928719907999039,0.0,0.01326116398558952,0.0,0.0
neu_mbv2_pattern_mining,2026-02-08T11:30:38,2,8,2,2,0.953125,0.11640186607837677,0.0,0.13992549007525668,0.13992549007525668,0.0,0,0,0.0009743729897309095,0.0,0.013018176017794758,0.0,0.0
neu_mbv2_pattern_mining,2026-02-08T11:30:38,2,9,2,3,0.8125,1.0769810676574707,0.0,0.17653728049481288,0.17653728049481288,0.0,0,0,0.0009662640222813934,0.0,0.016687464027199894,0.0,0.0
neu_mbv2_pattern_mining,2026-02-08T11:30:38,2,10,2,4,0.6666666666666666,0.9015259742736816,0.0,0.15382828016299754,0.15382828016299754,0.0,0,0,0.0008908820163924247,0.0,0.01449194599990733,0.0,0.0
neu_mbv2_pattern_mining,2026-02-08T11:30:39,3,6,2,0,1.0,0.025660527870059013,0.0,0.31193904986139387,0.31193904986139387,0.0,0,0,0.003190416988218203,0.0,0.028003487997921184,0.0,0.0
neu_mbv2_pattern_mining,2026-02-08T11:30:39,3,7,2,1,0.890625,0.7494322657585144,0.0,0.08274046005681157,0.08274046005681157,0.0,0,0,0.0006129299872554839,0.0,0.007661116018425673,0.0,0.0
neu_mbv2_pattern_mining,2026-02-08T11:30:39,3,8,2,2,0.953125,0.11782374233007431,0.0,0.10803148994455114,0.10803148994455114,0.0,0,0,0.0007790540112182498,0.0,0.010024094983236864,0.0,0.0
neu_mbv2_pattern_mining,2026-02-08T11:30:39,3,9,2,3,0.84375,0.8709653615951538,0.0,0.10306020005373284,0.10306020005373284,0.0,0,0,0.0007296849798876792,0.0,0.009576335025485605,0.0,0.0
neu_mbv2_pattern_mining,2026-02-08T11:30:39,3,10,2,4,0.6666666666666666,1.2600778341293335,0.0,0.133305549970828,0.133305549970828,0.0,0,0,0.0007628140156157315,0.0,0.012567740981467068,0.0,0.0
neu_mbv2_pattern_mining,2026-02-08T11:30:39,4,6,2,0,1.0,0.018398858606815338,0.0,0.41611152002587914,0.41611152002587914,0.0,0,0,0.004435500013642013,0.0,0.0371756519889459,0.0,0.0
neu_mbv2_pattern_mining,2026-02-08T11:30:39,4,7,2,1,0.921875,0.4556921422481537,0.0,0.09374383982503787,0.09374383982503787,0.0,0,0,0.0007096609915606678,0.0,0.008664722990943119,0.0,0.0
neu_mbv2_pattern_mining,2026-02-08T11:30:39,4,8,2,2,0.953125,0.12678121030330658,0.0,0.10442708007758483,0.10442708007758483,0.0,0,0,0.000726041995221749,0.0,0.009716666012536734,0.0,0.0
neu_mbv2_pattern_mining,2026-02-08T11:30:39,4,9,2,3,0.875,0.5236437320709229,0.0,0.10495504015125334,0.10495504015125334,0.0,0,0,0.0007499790226574987,0.0,0.009745524992467836,0.0,0.0
neu_mbv2_pattern_mining,2026-02-08T11:30:39,4,10,2,4,1.0,0.08771178871393204,0.0,0.14038132008863613,0.14038132008863613,0.0,0,0,0.0007693700026720762,0.0,0.013268762006191537,0.0,0.0
neu_mbv2_pattern_mining,2026-02-08T11:30:41,0,11,3,0,0.96875,0.06975854188203812,0.0,0.4661157596274279,0.4661157596274279,0.0,0,0,0.002739769988693297,0.0,0.043871805974049494,0.0,0.0
neu_mbv2_pattern_mining,2026-02-08T11:30:41,0,12,3,1,0.890625,0.28674542903900146,0.0,0.129338430124335,0.129338430124335,0.0,0,0,0.001179109007352963,0.0,0.011754734005080536,0.0,0.0
neu_mbv2_pattern_mining,2026-02-08T11:30:41,0,13,3,2,0.984375,0.04180876165628433,0.0,0.114601350214798,0.114601350214798,0.0,0,0,0.0008282840135507286,0.0,0.010631851007929072,0.0,0.0
neu_mbv2_pattern_mining,2026-02-08T11:30:41,0,14,3,3,0.9375,0.150005042552948,0.0,0.10256294015562162,0.10256294015562162,0.0,0,0,0.0007293219969142228,0.0,0.009526972018647939,0.0,0.0
neu_mbv2_pattern_mining,2026-02-08T11:30:41,0,15,3,4,0.5,1.6809782981872559,0.0,0.12523412995506078,0.12523412995506078,0.0,0,0,0.0008270549878943712,0.0,0.011696358007611707,0.0,0.0
neu_mbv2_pattern_mining,2026-02-08T11:30:41,1,11,3,0,1.0,0.02510434202849865,0.0,0.4456209499039687,0.4456209499039687,0.0,0,0,0.00636792098521255,0.0,0.03819417400518432,0.0,0.0
neu_mbv2_pattern_mining,2026-02-08T11:30:41,1,12,3,1,0.953125,0.11396640539169312,0.0,0.09568067966029048,0.09568067966029048,0.0,0,0,0.0007052869768813252,0.0,0.008862780989147723,0.0,0.0
neu_mbv2_pattern_mining,2026-02-08T11:30:41,1,13,3,2,0.828125,0.853131890296936,0.0,0.12132982985349372,0.12132982985349372,0.0,0,0,0.0008389309805352241,0.0,0.011294052004814148,0.0,0.0
neu_mbv2_pattern_mining,2026-02-08T11:30:41,1,14,3,3,0.9375,0.12723587453365326,0.0,0.11469681019661948,0.11469681019661948,0.0,0,0,0.000803621020168066,0.0,0.010666059999493882,0.0,0.0
neu_mbv2_pattern_mining,2026-02-08T11:30:42,1,15,3,4,1.0,0.1765606850385666,0.0,0.1449306498398073,0.1449306498398073,0.0,0,0,0.0008102799765765667,0.0,0.013682785007404163,0.0,0.0
neu_mbv2_pattern_mining,2026-02-08T11:30:42,2,11,3,0,0.984375,0.03854493051767349,0.0,0.6322264301707037,0.6322264301707037,0.0,0,0,0.006512810999993235,0.0,0.05670983201707713,0.0,0.0
neu_mbv2_pattern_mining,2026-02-08T11:30:42,2,12,3,1,0.921875,0.26754462718963623,0.0,0.14014537999173626,0.14014537999173626,0.0,0,0,0.0010863089992199093,0.0,0.012928228999953717,0.0,0.0
neu_mbv2_pattern_mining,2026-02-08T11:30:42,2,13,3,2,1.0,0.008635291829705238,0.0,0.139060819929,0.139060819929,0.0,0,0,0.0009713119943626225,0.0,0.012934769998537377,0.0,0.0
neu_mbv2_pattern_mining,2026-02-08T11:30:42,2,14,3,3,0.984375,0.20118063688278198,0.0,0.13806573988404125,0.13806573988404125,0.0,0,0,0.000927854998735711,0.0,0.012878718989668414,0.0,0.0
neu_mbv2_pattern_mining,2026-02-08T11:30:42,2,15,3,4,1.0,0.009524145163595676,0.0,0.16682590008713305,0.16682590008713305,0.0,0,0,0.0009651689906604588,0.0,0.015717421018052846,0.0,0.0
neu_mbv2_pattern_mining,2026-02-08T11:30:43,3,11,3,0,1.0,0.010344551876187325,0.0,0.3205593698658049,0.3205593698658049,0.0,0,0,0.003263231978053227,0.0,0.028792705008527264,0.0,0.0
neu_mbv2_pattern_mining,2026-02-08T11:30:43,3,12,3,1,0.96875,0.10533568263053894,0.0,0.08888328971806914,0.08888328971806914,0.0,0,0,0.000763823976740241,0.0,0.008124504995066673,0.0,0.0
neu_mbv2_pattern_mining,2026-02-08T11:30:43,3,13,3,2,0.921875,0.2780440151691437,0.0,0.10362950997659937,0.10362950997659937,0.0,0,0,0.0008659489976707846,0.0,0.009497001999989152,0.0,0.0
neu_mbv2_pattern_mining,2026-02-08T11:30:43,3,14,3,3,1.0,0.001551030552946031,0.0,0.08792062988504767,0.08792062988504767,0.0,0,0,0.0006910469965077937,0.0,0.008101015991996974,0.0,0.0
neu_mbv2_pattern_mining,2026-02-08T11:30:43,3,15,3,4,0.3333333333333333,0.9650185704231262,0.0,0.10652961995219812,0.10652961995219812,0.0,0,0,0.0006828769983258098,0.0,0.009970084996894002,0.0,0.0
neu_mbv2_pattern_mining,2026-02-08T11:30:44,4,11,3,0,0.984375,0.025398172438144684,0.0,0.507269210065715,0.507269210065715,0.0,0,0,0.005308352003339678,0.0,0.04541856900323182,0.0,0.0
neu_mbv2_pattern_mining,2026-02-08T11:30:44,4,12,3,1,0.953125,0.08801448345184326,0.0,0.1468110000132583,0.1468110000132583,0.0,0,0,0.0008524450240656734,0.0,0.013828654977260157,0.0,0.0
neu_mbv2_pattern_mining,2026-02-08T11:30:44,4,13,3,2,0.921875,0.2189064919948578,0.0,0.13164517033146694,0.13164517033146694,0.0,0,0,0.0010468280233908445,0.0,0.01211768900975585,0.0,0.0
neu_mbv2_pattern_mining,2026-02-08T11:30:44,4,14,3,3,0.984375,0.044399362057447433,0.0,0.12862379953730851,0.12862379953730851,0.0,0,0,0.0010232239728793502,0.0,0.011839155980851501,0.0,0.0
neu_mbv2_pattern_mining,2026-02-08T11:30:44,4,15,3,4,0.6666666666666666,1.3620500564575195,0.0,0.1475245601614006,0.1475245601614006,0.0,0,0,0.0011502809938974679,0.0,0.01360217502224259,0.0,0.0
neu_mbv2_pattern_mining,2026-02-08T11:30:45,0,16,4,0,0.96875,0.0521005317568779,0.0,0.4279390600277111,0.4279390600277111,0.0,0,0,0.0026018999924417585,0.0,0.04019200601032935,0.0,0.0
neu_mbv2_pattern_mining,2026-02-08T11:30:45,0,17,4,1,0.96875,0.046134963631629944,0.0,0.12371524004265666,0.12371524004265666,0.0,0,0,0.0008565690077375621,0.0,0.011514954996528104,0.0,0.0
neu_mbv2_pattern_mining,2026-02-08T11:30:45,0,18,4,2,0.953125,0.21479737758636475,0.0,0.12089672003639862,0.12089672003639862,0.0,0,0,0.0008273760031443089,0.0,0.011262296000495553,0.0,0.0
neu_mbv2_pattern_mining,2026-02-08T11:30:45,0,19,4,3,0.953125,0.11096309125423431,0.0,0.12073617981513962,0.12073617981513962,0.0,0,0,0.0008580299909226596,0.0,0.011215587990591303,0.0,0.0
neu_mbv2_pattern_mining,2026-02-08T11:30:45,0,20,4,4,0.5,0.7815117239952087,0.0,0.12257835973287001,0.12257835973287001,0.0,0,0,0.000813929975265637,0.0,0.011443905998021364,0.0,0.0
neu_mbv2_pattern_mining,2026-02-08T11:30:46,1,16,4,0,1.0,0.0046548862010240555,0.0,0.6222001896821894,0.6222001896821894,0.0,0,0,0.005864605976967141,0.0,0.056355412991251796,0.0,0.0
neu_mbv2_pattern_mining,2026-02-08T11:30:46,1,17,4,1,0.921875,0.19703006744384766,0.0,0.1381478301482275,0.1381478301482275,0.0,0,0,0.0009931990061886609,0.0,0.01282158400863409,0.0,0.0
neu_mbv2_pattern_mining,2026-02-08T11:30:46,1,18,4,2,1.0,0.006642078049480915,0.0,0.12756807991536334,0.12756807991536334,0.0,0,0,0.0009019199933391064,0.0,0.011854887998197228,0.0,0.0
neu_mbv2_pattern_mining,2026-02-08T11:30:46,1,19,4,3,0.890625,0.4201500117778778,0.0,0.1272557198535651,0.1272557198535651,0.0,0,0,0.0008849620062392205,0.0,0.01184060997911729,0.0,0.0
neu_mbv2_pattern_mining,2026-02-08T11:30:46,1,20,4,4,1.0,0.170765683054924,0.0,0.15962162025971338,0.15962162025971338,0.0,0,0,0.0009961540054064244,0.0,0.014966008020564914,0.0,0.0
neu_mbv2_pattern_mining,2026-02-08T11:30:47,2,16,4,0,0.984375,0.03082030639052391,0.0,0.5585921401507221,0.5585921401507221,0.0,0,0,0.006314722006209195,0.0,0.04954449200886302,0.0,0.0
neu_mbv2_pattern_mining,2026-02-08T11:30:47,2,17,4,1,0.984375,0.20167699456214905,0.0,0.11808595998445526,0.11808595998445526,0.0,0,0,0.0008610019867774099,0.0,0.010947594011668116,0.0,0.0
neu_mbv2_pattern_mining,2026-02-08T11:30:47,2,18,4,2,0.984375,0.056531187146902084,0.0,0.1313269100501202,0.1313269100501202,0.0,0,0,0.000904877990251407,0.0,0.012227813014760613,0.0,0.0
neu_mbv2_pattern_mining,2026-02-08T11:30:47,2,19,4,3,0.984375,0.03641192242503166,0.0,0.12780566001310945,0.12780566001310945,0.0,0,0,0.000892960000783205,0.0,0.01188760600052774,0.0,0.0
neu_mbv2_pattern_mining,2026-02-08T11:30:47,2,20,4,4,0.3333333333333333,0.7844237685203552,0.0,0.13780604000203311,0.13780604000203311,0.0,0,0,0.0008160829893313348,0.0,0.012964521010871977,0.0,0.0
neu_mbv2_pattern_mining,2026-02-08T11:30:47,3,16,4,0,1.0,0.0009395020897500217,0.0,0.38554714003112167,0.38554714003112167,0.0,0,0,0.004454446985619143,0.0,0.034100267017493024,0.0,0.0
neu_mbv2_pattern_mining,2026-02-08T11:30:47,3,17,4,1,1.0,0.0073815882205963135,0.0,0.10095812991494313,0.10095812991494313,0.0,0,0,0.0007303000020328909,0.0,0.009365512989461422,0.0,0.0
neu_mbv2_pattern_mining,2026-02-08T11:30:47,3,18,4,2,0.984375,0.024012064561247826,0.0,0.1006305098417215,0.1006305098417215,0.0,0,0,0.000837920990306884,0.0,0.009225129993865266,0.0,0.0
neu_mbv2_pattern_mining,2026-02-08T11:30:47,3,19,4,3,0.96875,0.041678208857774734,0.0,0.09520809981040657,0.09520809981040657,0.0,0,0,0.0007960399962030351,0.0,0.008724769984837621,0.0,0.0
neu_mbv2_pattern_mining,2026-02-08T11:30:47,3,20,4,4,0.3333333333333333,0.9493017792701721,0.0,0.10634737001964822,0.10634737001964822,0.0,0,0,0.0006182850047480315,0.0,0.010016451997216791,0.0,0.0
neu_mbv2_pattern_mining,2026-02-08T11:30:48,4,16,4,0,1.0,0.0019701423589140177,0.0,0.4064539700630121,0.4064539700630121,0.0,0,0,0.004744214005768299,0.0,0.03590118300053291,0.0,0.0
neu_mbv2_pattern_mining,2026-02-08T11:30:48,4,17,4,1,0.828125,0.7977065443992615,0.0,0.1289096599793993,0.1289096599793993,0.0,0,0,0.0008097050013020635,0.0,0.012081260996637866,0.0,0.0
neu_mbv2_pattern_mining,2026-02-08T11:30:48,4,18,4,2,0.984375,0.05071118101477623,0.0,0.12184313993202522,0.12184313993202522,0.0,0,0,0.0008783929806668311,0.0,0.011305921012535691,0.0,0.0
neu_mbv2_pattern_mining,2026-02-08T11:30:48,4,19,4,3,0.90625,0.7151398658752441,0.0,0.1055244798772037,0.1055244798772037,0.0,0,0,0.0008634669939056039,0.0,0.009688980993814766,0.0,0.0
neu_mbv2_pattern_mining,2026-02-08T11:30:48,4,20,4,4,0.6666666666666666,2.9396140575408936,0.0,0.11236272985115647,0.11236272985115647,0.0,0,0,0.0007719160057604313,0.0,0.010464356979355216,0.0,0.0
neu_mbv2_pattern_mining,2026-02-08T11:30:49,0,21,5,0,1.0,0.0009731696918606758,0.0,0.597591390251182,0.597591390251182,0.0,0,0,0.003170304000377655,0.0,0.05658883502474055,0.0,0.0
neu_mbv2_pattern_mining,2026-02-08T11:30:49,0,22,5,1,1.0,0.0055677322670817375,0.0,0.15186463977443054,0.15186463977443054,0.0,0,0,0.0010904079827014357,0.0,0.014096055994741619,0.0,0.0
neu_mbv2_pattern_mining,2026-02-08T11:30:49,0,23,5,2,0.9375,0.38571658730506897,0.0,0.13107753009535372,0.13107753009535372,0.0,0,0,0.000932905008085072,0.0,0.0121748480014503,0.0,0.0
neu_mbv2_pattern_mining,2026-02-08T11:30:49,0,24,5,3,1.0,0.006961725186556578,0.0,0.1218773701111786,0.1218773701111786,0.0,0,0,0.0008627760107629001,0.0,0.01132496100035496,0.0,0.0
neu_mbv2_pattern_mining,2026-02-08T11:30:49,0,25,5,4,0.75,1.7724491357803345,0.0,0.13496942003257573,0.13496942003257573,0.0,0,0,0.0008554520027246326,0.0,0.01264149000053294,0.0,0.0
neu_mbv2_pattern_mining,2026-02-08T11:30:50,1,21,5,0,1.0,0.0032023845706135035,0.0,0.35557067982153967,0.35557067982153967,0.0,0,0,0.004329255985794589,0.0,0.031227811996359378,0.0,0.0
neu_mbv2_pattern_mining,2026-02-08T11:30:50,1,22,5,1,0.96875,0.24324177205562592,0.0,0.10639460990205407,0.10639460990205407,0.0,0,0,0.0007881229976192117,0.0,0.009851337992586195,0.0,0.0
neu_mbv2_pattern_mining,2026-02-08T11:30:50,1,23,5,2,0.96875,0.21230487525463104,0.0,0.10909983015153557,0.10909983015153557,0.0,0,0,0.0007756950217299163,0.0,0.01013428799342364,0.0,0.0
neu_mbv2_pattern_mining,2026-02-08T11:30:50,1,24,5,3,0.84375,1.228832721710205,0.0,0.10872031998587772,0.10872031998587772,0.0,0,0,0.0007936340116430074,0.0,0.010078397986944765,0.0,0.0
neu_mbv2_pattern_mining,2026-02-08T11:30:50,1,25,5,4,0.6666666666666666,1.1701399087905884,0.0,0.14138789993012324,0.14138789993012324,0.0,0,0,0.0007731730001978576,0.0,0.013365616992814466,0.0,0.0
neu_mbv2_pattern_mining,2026-02-08T11:30:51,2,21,5,0,1.0,0.001295319409109652,0.0,0.3018025399069302,0.3018025399069302,0.0,0,0,0.0034025429922621697,0.0,0.026777710998430848,0.0,0.0
neu_mbv2_pattern_mining,2026-02-08T11:30:51,2,22,5,1,0.9375,0.20293587446212769,0.0,0.08598845975939184,0.08598845975939184,0.0,0,0,0.0007452459831256419,0.0,0.007853599992813542,0.0,0.0
neu_mbv2_pattern_mining,2026-02-08T11:30:51,2,23,5,2,0.90625,0.1702718734741211,0.0,0.08079652005108073,0.08079652005108073,0.0,0,0,0.000569297990296036,0.0,0.007510354014812037,0.0,0.0
neu_mbv2_pattern_mining,2026-02-08T11:30:51,2,24,5,3,1.0,0.00303034414537251,0.0,0.09340544987935573,0.09340544987935573,0.0,0,0,0.000679785996908322,0.0,0.008660758991027251,0.0,0.0
neu_mbv2_pattern_mining,2026-02-08T11:30:51,2,25,5,4,0.3333333333333333,0.8963808417320251,0.0,0.12886881013400853,0.12886881013400853,0.0,0,0,0.0007564350089523941,0.0,0.012130446004448459,0.0,0.0
neu_mbv2_pattern_mining,2026-02-08T11:30:51,3,21,5,0,1.0,0.0018372557824477553,0.0,0.6048440598533489,0.6048440598533489,0.0,0,0,0.0057938369864132255,0.0,0.05469056899892166,0.0,0.0
neu_mbv2_pattern_mining,2026-02-08T11:30:51,3,22,5,1,0.9375,0.5344454050064087,0.0,0.16197540011489764,0.16197540011489764,0.0,0,0,0.0011696230212692171,0.0,0.015027916990220547,0.0,0.0
neu_mbv2_pattern_mining,2026-02-08T11:30:51,3,23,5,2,0.9375,0.22602379322052002,0.0,0.14021925017004833,0.14021925017004833,0.0,0,0,0.0009845590102486312,0.0,0.013037366006756201,0.0,0.0
neu_mbv2_pattern_mining,2026-02-08T11:30:52,3,24,5,3,0.921875,0.39914220571517944,0.0,0.1481486001284793,0.1481486001284793,0.0,0,0,0.0009816820092964917,0.0,0.013833178003551438,0.0,0.0
neu_mbv2_pattern_mining,2026-02-08T11:30:52,3,25,5,4,0.6666666666666666,1.2144078016281128,0.0,0.153942110191565,0.153942110191565,0.0,0,0,0.0008823840180411935,0.0,0.014511827001115307,0.0,0.0
neu_mbv2_pattern_mining,2026-02-08T11:30:52,4,21,5,0,1.0,0.000911874114535749,0.0,0.42660513980081305,0.42660513980081305,0.0,0,0,0.004794652981217951,0.0,0.037865860998863354,0.0,0.0
neu_mbv2_pattern_mining,2026-02-08T11:30:52,4,22,5,1,0.921875,0.5967989563941956,0.0,0.1189340601558797,0.1189340601558797,0.0,0,0,0.0008663829939905554,0.0,0.011027023021597415,0.0,0.0
neu_mbv2_pattern_mining,2026-02-08T11:30:52,4,23,5,2,1.0,0.01727869361639023,0.0,0.10444526007631794,0.10444526007631794,0.0,0,0,0.0007543069950770587,0.0,0.009690219012554735,0.0,0.0
neu_mbv2_pattern_mining,2026-02-08T11:30:52,4,24,5,3,0.921875,0.19931893050670624,0.0,0.09418139030458406,0.09418139030458406,0.0,0,0,0.0006735330098308623,0.0,0.008744606020627543,0.0,0.0
neu_mbv2_pattern_mining,2026-02-08T11:30:52,4,25,5,4,0.6666666666666666,1.1699060201644897,0.0,0.10760206001577899,0.10760206001577899,0.0,0,0,0.0006768530001863837,0.0,0.010083353001391515,0.0,0.0
neu_mbv2_pattern_mining,2026-02-08T11:30:53,0,26,6,0,1.0,0.005573964677751064,0.0,0.5155963799916208,0.5155963799916208,0.0,0,0,0.0032606069871690124,0.0,0.048299031011993065,0.0,0.0
neu_mbv2_pattern_mining,2026-02-08T11:30:53,0,27,6,1,0.84375,0.9038668870925903,0.0,0.1582258997950703,0.1582258997950703,0.0,0,0,0.0011888009903486818,0.0,0.014633788989158347,0.0,0.0
neu_mbv2_pattern_mining,2026-02-08T11:30:53,0,28,6,2,0.984375,0.014620558358728886,0.0,0.13950196967925876,0.13950196967925876,0.0,0,0,0.0011091789929196239,0.0,0.012841017975006253,0.0,0.0
neu_mbv2_pattern_mining,2026-02-08T11:30:54,0,29,6,3,0.984375,0.053326565772295,0.0,0.15125313017051667,0.15125313017051667,0.0,0,0,0.0009890850051306188,0.0,0.014136228011921048,0.0,0.0
neu_mbv2_pattern_mining,2026-02-08T11:30:54,0,30,6,4,0.5,0.716464638710022,0.0,0.13489058008417487,0.13489058008417487,0.0,0,0,0.0010640890104696155,0.0,0.012424968997947872,0.0,0.0
neu_mbv2_pattern_mining,2026-02-08T11:30:54,1,26,6,0,0.953125,0.204077810049057,0.0,0.4769683998893015,0.4769683998893015,0.0,0,0,0.006108336994657293,0.0,0.04158850299427286,0.0,0.0
neu_mbv2_pattern_mining,2026-02-08T11:30:54,1,27,6,1,0.921875,0.31524425745010376,0.0,0.09970428014639765,0.09970428014639765,0.0,0,0,0.0007476549944840372,0.0,0.009222773020155728,0.0,0.0
neu_mbv2_pattern_mining,2026-02-08T11:30:54,1,28,6,2,0.828125,0.8238446116447449,0.0,0.1275002199690789,0.1275002199690789,0.0,0,0,0.0009078709990717471,0.0,0.011842150997836143,0.0,0.0
neu_mbv2_pattern_mining,2026-02-08T11:30:54,1,29,6,3,0.953125,0.3693772852420807,0.0,0.11902661004569381,0.11902661004569381,0.0,0,0,0.0008304660150315613,0.0,0.01107219498953782,0.0,0.0
neu_mbv2_pattern_mining,2026-02-08T11:30:54,1,30,6,4,0.6666666666666666,1.0831812620162964,0.0,0.14814524009125307,0.14814524009125307,0.0,0,0,0.0008243760094046593,0.0,0.013990147999720648,0.0,0.0
neu_mbv2_pattern_mining,2026-02-08T11:30:55,2,26,6,0,1.0,0.002362719504162669,0.0,0.39261895028175786,0.39261895028175786,0.0,0,0,0.005086392018711194,0.0,0.03417550300946459,0.0,0.0
neu_mbv2_pattern_mining,2026-02-08T11:30:55,2,27,6,1,0.9375,0.19161012768745422,0.0,0.09249672992154956,0.09249672992154956,0.0,0,0,0.0006568440003320575,0.0,0.008592828991822898,0.0,0.0
neu_mbv2_pattern_mining,2026-02-08T11:30:55,2,28,6,2,1.0,0.005749819800257683,0.0,0.08930786978453398,0.08930786978453398,0.0,0,0,0.0006498379807453603,0.0,0.008280948997708037,0.0,0.0
neu_mbv2_pattern_mining,2026-02-08T11:30:55,2,29,6,3,0.859375,1.3239779472351074,0.0,0.08273008977994323,0.08273008977994323,0.0,0,0,0.0006099909951444715,0.0,0.007663017982849851,0.0,0.0
neu_mbv2_pattern_mining,2026-02-08T11:30:55,2,30,6,4,0.0,4.472836971282959,0.0,0.10350995988119394,0.10350995988119394,0.0,0,0,0.0005937280075158924,0.0,0.009757267980603501,0.0,0.0
neu_mbv2_pattern_mining,2026-02-08T11:30:56,3,26,6,0,1.0,0.000310068775434047,0.0,0.32239600986940786,0.32239600986940786,0.0,0,0,0.0040535019943490624,0.0,0.028186098992591724,0.0,0.0
neu_mbv2_pattern_mining,2026-02-08T11:30:56,3,27,6,1,0.859375,1.1368132829666138,0.0,0.08914482983527705,0.08914482983527705,0.0,0,0,0.0007101599767338485,0.0,0.008204323006793857,0.0,0.0
neu_mbv2_pattern_mining,2026-02-08T11:30:56,3,28,6,2,1.0,0.0006368421600200236,0.0,0.09478811989538372,0.09478811989538372,0.0,0,0,0.0006809800106566399,0.0,0.008797831978881732,0.0,0.0
neu_mbv2_pattern_mining,2026-02-08T11:30:56,3,29,6,3,0.875,0.2812197208404541,0.0,0.0981663801940158,0.0981663801940158,0.0,0,0,0.0007027200190350413,0.0,0.009113918000366539,0.0,0.0
neu_mbv2_pattern_mining,2026-02-08T11:30:56,3,30,6,4,1.0,0.013841889798641205,0.0,0.12652770994463935,0.12652770994463935,0.0,0,0,0.0007148139993660152,0.0,0.01193795699509792,0.0,0.0
neu_mbv2_pattern_mining,2026-02-08T11:30:56,4,26,6,0,1.0,0.0011424990370869637,0.0,0.36542579997330904,0.36542579997330904,0.0,0,0,0.004320709005696699,0.0,0.032221870991634205,0.0,0.0
neu_mbv2_pattern_mining,2026-02-08T11:30:56,4,27,6,1,0.921875,0.23705248534679413,0.0,0.1058117501088418,0.1058117501088418,0.0,0,0,0.0008308240212500095,0.0,0.009750350989634171,0.0,0.0
neu_mbv2_pattern_mining,2026-02-08T11:30:56,4,28,6,2,1.0,0.0026487507857382298,0.0,0.09298956982092932,0.09298956982092932,0.0,0,0,0.0006468929932452738,0.0,0.008652063988847658,0.0,0.0
neu_mbv2_pattern_mining,2026-02-08T11:30:56,4,29,6,3,0.953125,0.1923680603504181,0.0,0.08730509987799451,0.08730509987799451,0.0,0,0,0.0007202439883258194,0.0,0.008010265999473631,0.0,0.0
neu_mbv2_pattern_mining,2026-02-08T11:30:56,4,30,6,4,1.0,0.015575737692415714,0.0,0.10851889004698023,0.10851889004698023,0.0,0,0,0.0006275850173551589,0.0,0.010224303987342864,0.0,0.0
neu_mbv2_pattern_mining,2026-02-08T11:30:58,0,31,7,0,1.0,0.00010591468162601814,0.0,0.4559057601727545,0.4559057601727545,0.0,0,0,0.0034360110003035516,0.0,0.0421545650169719,0.0,0.0
neu_mbv2_pattern_mining,2026-02-08T11:30:58,0,32,7,1,1.0,0.0022903538774698973,0.0,0.11068859021179378,0.11068859021179378,0.0,0,0,0.0008974550000857562,0.0,0.010171404021093622,0.0,0.0
neu_mbv2_pattern_mining,2026-02-08T11:30:58,0,33,7,2,1.0,4.384081330499612e-05,0.0,0.10161464015254751,0.10161464015254751,0.0,0,0,0.0007445740047842264,0.0,0.009416890010470524,0.0,0.0
neu_mbv2_pattern_mining,2026-02-08T11:30:58,0,34,7,3,0.890625,1.1694023609161377,0.0,0.0890929697197862,0.0890929697197862,0.0,0,0,0.0006397999823093414,0.0,0.008269496989669278,0.0,0.0
neu_mbv2_pattern_mining,2026-02-08T11:30:58,0,35,7,4,0.5,2.3989124298095703,0.0,0.09167993994196877,0.09167993994196877,0.0,0,0,0.0006597519968636334,0.0,0.008508241997333243,0.0,0.0
neu_mbv2_pattern_mining,2026-02-08T11:30:58,1,31,7,0,0.96875,0.09544637799263,0.0,0.2988533800817095,0.2988533800817095,0.0,0,0,0.0031137920159380883,0.0,0.02677154599223286,0.0,0.0
neu_mbv2_pattern_mining,2026-02-08T11:30:58,1,32,7,1,0.890625,0.3000663220882416,0.0,0.08264575008070096,0.08264575008070096,0.0,0,0,0.0006221230141818523,0.0,0.007642451993888244,0.0,0.0
neu_mbv2_pattern_mining,2026-02-08T11:30:58,1,33,7,2,0.96875,0.06950796395540237,0.0,0.09388789010699838,0.09388789010699838,0.0,0,0,0.0008516260131727904,0.0,0.008537162997527048,0.0,0.0
neu_mbv2_pattern_mining,2026-02-08T11:30:58,1,34,7,3,0.953125,0.11816579103469849,0.0,0.09402787982253358,0.09402787982253358,0.0,0,0,0.0006705769919790328,0.0,0.008732210990274325,0.0,0.0
neu_mbv2_pattern_mining,2026-02-08T11:30:59,1,35,7,4,0.3333333333333333,4.373374938964844,0.0,0.12373291974654421,0.12373291974654421,0.0,0,0,0.0007086469850037247,0.0,0.011664644989650697,0.0,0.0
neu_mbv2_pattern_mining,2026-02-08T11:30:59,2,31,7,0,1.0,0.0007523648091591895,0.0,0.43939081981079653,0.43939081981079653,0.0,0,0,0.005043846991611645,0.0,0.03889523498946801,0.0,0.0
neu_mbv2_pattern_mining,2026-02-08T11:30:59,2,32,7,1,0.984375,0.08811866492033005,0.0,0.10256837005726993,0.10256837005726993,0.0,0,0,0.0007847750093787909,0.0,0.009472061996348202,0.0,0.0
neu_mbv2_pattern_mining,2026-02-08T11:30:59,2,33,7,2,0.984375,0.10470262914896011,0.0,0.1118009802303277,0.1118009802303277,0.0,0,0,0.0008459310047328472,0.0,0.010334167018299922,0.0,0.0
neu_mbv2_pattern_mining,2026-02-08T11:30:59,2,34,7,3,0.921875,0.507396936416626,0.0,0.1146368298213929,0.1146368298213929,0.0,0,0,0.0009630639979150146,0.0,0.010500618984224275,0.0,0.0
neu_mbv2_pattern_mining,2026-02-08T11:30:59,2,35,7,4,0.6666666666666666,2.898099899291992,0.0,0.14368326985277236,0.14368326985277236,0.0,0,0,0.0008110420021694154,0.0,0.01355728498310782,0.0,0.0
neu_mbv2_pattern_mining,2026-02-08T11:31:00,3,31,7,0,1.0,0.0006005981704220176,0.0,0.5180957703851163,0.5180957703851163,0.0,0,0,0.005063767021056265,0.0,0.04674581001745537,0.0,0.0
neu_mbv2_pattern_mining,2026-02-08T11:31:00,3,32,7,1,0.984375,0.04542810097336769,0.0,0.14271050022216514,0.14271050022216514,0.0,0,0,0.0009498950093984604,0.0,0.013321155012818053,0.0,0.0
neu_mbv2_pattern_mining,2026-02-08T11:31:00,3,33,7,2,1.0,6.815762026235461e-05,0.0,0.1442246901569888,0.1442246901569888,0.0,0,0,0.0009912560053635389,0.0,0.013431213010335341,0.0,0.0
neu_mbv2_pattern_mining,2026-02-08T11:31:00,3,34,7,3,0.9375,0.17613278329372406,0.0,0.12225665966980159,0.12225665966980159,0.0,0,0,0.0008711239788681269,0.0,0.011354541988112032,0.0,0.0
neu_mbv2_pattern_mining,2026-02-08T11:31:00,3,35,7,4,0.6666666666666666,1.6778653860092163,0.0,0.14601934992242604,0.14601934992242604,0.0,0,0,0.000847412011353299,0.0,0.013754522980889305,0.0,0.0
neu_mbv2_pattern_mining,2026-02-08T11:31:01,4,31,7,0,0.984375,0.017434136942029,0.0,0.39684042043518275,0.39684042043518275,0.0,0,0,0.003921156021533534,0.0,0.03576288602198474,0.0,0.0
neu_mbv2_pattern_mining,2026-02-08T11:31:01,4,32,7,1,0.96875,0.11686388403177261,0.0,0.12358912004856393,0.12358912004856393,0.0,0,0,0.0007716859981883317,0.0,0.011587226006668061,0.0,0.0
neu_mbv2_pattern_mining,2026-02-08T11:31:01,4,33,7,2,1.0,0.0030026347376406193,0.0,0.10999360005371273,0.10999360005371273,0.0,0,0,0.000790090998634696,0.0,0.010209269006736577,0.0,0.0
neu_mbv2_pattern_mining,2026-02-08T11:31:01,4,34,7,3,0.96875,0.11573725193738937,0.0,0.11848586989799514,0.11848586989799514,0.0,0,0,0.0008928120078053325,0.0,0.010955774981994182,0.0,0.0
neu_mbv2_pattern_mining,2026-02-08T11:31:01,4,35,7,4,0.6666666666666666,0.4951634705066681,0.0,0.13602755003375933,0.13602755003375933,0.0,0,0,0.0008855579944793135,0.0,0.012717197008896619,0.0,0.0
neu_mbv2_pattern_mining,2026-02-08T11:31:02,0,36,8,0,1.0,0.00014730420662090182,0.0,0.29973526019603014,0.29973526019603014,0.0,0,0,0.0021447720064315945,0.0,0.02782875401317142,0.0,0.0
neu_mbv2_pattern_mining,2026-02-08T11:31:02,0,37,8,1,1.0,0.006132114678621292,0.0,0.09118396992562339,0.09118396992562339,0.0,0,0,0.0009305359853897244,0.0,0.008187861007172614,0.0,0.0
neu_mbv2_pattern_mining,2026-02-08T11:31:02,0,38,8,2,1.0,0.012428025715053082,0.0,0.08062334993155673,0.08062334993155673,0.0,0,0,0.0005873079935554415,0.0,0.007475026999600232,0.0,0.0
neu_mbv2_pattern_mining,2026-02-08T11:31:02,0,39,8,3,1.0,0.004305582493543625,0.0,0.08001574984518811,0.08001574984518811,0.0,0,0,0.000593959994148463,0.0,0.007407614990370348,0.0,0.0
neu_mbv2_pattern_mining,2026-02-08T11:31:02,0,40,8,4,0.5,3.298576831817627,0.0,0.08389274007640779,0.08389274007640779,0.0,0,0,0.0005794400058221072,0.0,0.007809834001818672,0.0,0.0
neu_mbv2_pattern_mining,2026-02-08T11:31:03,1,36,8,0,1.0,0.00041560144745744765,0.0,0.35025737015530467,0.35025737015530467,0.0,0,0,0.004272690013749525,0.0,0.030753047001780942,0.0,0.0
neu_mbv2_pattern_mining,2026-02-08T11:31:03,1,37,8,1,1.0,0.0003509504604153335,0.0,0.11735149018932134,0.11735149018932134,0.0,0,0,0.0008234380220528692,0.0,0.010911710996879265,0.0,0.0
neu_mbv2_pattern_mining,2026-02-08T11:31:03,1,38,8,2,0.984375,0.02676401101052761,0.0,0.10902751993853599,0.10902751993853599,0.0,0,0,0.0007630269974470139,0.0,0.010139724996406585,0.0,0.0
neu_mbv2_pattern_mining,2026-02-08T11:31:03,1,39,8,3,0.953125,0.20339980721473694,0.0,0.10281965980539098,0.10281965980539098,0.0,0,0,0.0007401429757010192,0.0,0.00954182300483808,0.0,0.0
neu_mbv2_pattern_mining,2026-02-08T11:31:03,1,40,8,4,1.0,0.034437719732522964,0.0,0.1367175896302797,0.1367175896302797,0.0,0,0,0.0007720269786659628,0.0,0.012899731984362006,0.0,0.0
neu_mbv2_pattern_mining,2026-02-08T11:31:04,2,36,8,0,1.0,7.04793565091677e-05,0.0,0.614878430205863,0.614878430205863,0.0,0,0,0.006721142999595031,0.0,0.054766700020991266,0.0,0.0
neu_mbv2_pattern_mining,2026-02-08T11:31:04,2,37,8,1,1.0,0.0050566475838422775,0.0,0.13263522007036954,0.13263522007036954,0.0,0,0,0.0009217910119332373,0.0,0.012341730995103717,0.0,0.0
neu_mbv2_pattern_mining,2026-02-08T11:31:04,2,38,8,2,0.953125,0.5693739056587219,0.0,0.09237436985131353,0.09237436985131353,0.0,0,0,0.0007575129857286811,0.0,0.008479923999402672,0.0,0.0
neu_mbv2_pattern_mining,2026-02-08T11:31:04,2,39,8,3,1.0,0.0004025334492325783,0.0,0.11548017006134614,0.11548017006134614,0.0,0,0,0.0009211800061166286,0.0,0.010626837000017986,0.0,0.0
neu_mbv2_pattern_mining,2026-02-08T11:31:04,2,40,8,4,0.6666666666666666,0.7477534413337708,0.0,0.14131101983366534,0.14131101983366534,0.0,0,0,0.000788072997238487,0.0,0.013343028986128047,0.0,0.0
neu_mbv2_pattern_mining,2026-02-08T11:31:04,3,36,8,0,1.0,0.0002154943358618766,0.0,0.4633678199024871,0.4633678199024871,0.0,0,0,0.00486526099848561,0.0,0.0414715209917631,0.0,0.0
neu_mbv2_pattern_mining,2026-02-08T11:31:04,3,37,8,1,1.0,7.228873437270522e-05,0.0,0.10578236018773168,0.10578236018773168,0.0,0,0,0.000764121999964118,0.0,0.00981411401880905,0.0,0.0
neu_mbv2_pattern_mining,2026-02-08T11:31:04,3,38,8,2,1.0,0.00020525445870589465,0.0,0.10900627006776631,0.10900627006776631,0.0,0,0,0.000769691017922014,0.0,0.010130935988854617,0.0,0.0
neu_mbv2_pattern_mining,2026-02-08T11:31:04,3,39,8,3,1.0,8.045780123211443e-05,0.0,0.12365512986434624,0.12365512986434624,0.0,0,0,0.0009732749895192683,0.0,0.011392237996915355,0.0,0.0
neu_mbv2_pattern_mining,2026-02-08T11:31:04,3,40,8,4,0.3333333333333333,4.353029251098633,0.0,0.13107282982673496,0.13107282982673496,0.0,0,0,0.0007867539825383574,0.0,0.012320529000135139,0.0,0.0
neu_mbv2_pattern_mining,2026-02-08T11:31:05,4,36,8,0,1.0,0.0010175976203754544,0.0,0.5025749199558049,0.5025749199558049,0.0,0,0,0.005547709995880723,0.0,0.04470978199969977,0.0,0.0
neu_mbv2_pattern_mining,2026-02-08T11:31:05,4,37,8,1,1.0,9.243863314623013e-05,0.0,0.12118636019295081,0.12118636019295081,0.0,0,0,0.000955393014010042,0.0,0.01116324300528504,0.0,0.0
neu_mbv2_pattern_mining,2026-02-08T11:31:05,4,38,8,2,0.984375,0.0661507099866867,0.0,0.12567551981192082,0.12567551981192082,0.0,0,0,0.0009219950006809086,0.0,0.011645556980511174,0.0,0.0
neu_mbv2_pattern_mining,2026-02-08T11:31:05,4,39,8,3,1.0,0.0059036556631326675,0.0,0.12529745959909633,0.12529745959909633,0.0,0,0,0.0008995329844765365,0.0,0.011630212975433096,0.0,0.0
neu_mbv2_pattern_mining,2026-02-08T11:31:05,4,40,8,4,1.0,0.013056762516498566,0.0,0.15053291979711503,0.15053291979711503,0.0,0,0,0.0008801039948593825,0.0,0.01417318798485212,0.0,0.0
neu_mbv2_pattern_mining,2026-02-08T11:31:06,0,41,9,0,1.0,5.250889444141649e-05,0.0,0.4020255000796169,0.4020255000796169,0.0,0,0,0.0023103500134311616,0.0,0.03789219999453053,0.0,0.0
neu_mbv2_pattern_mining,2026-02-08T11:31:06,0,42,9,1,0.984375,0.01226989459246397,0.0,0.13010398019105196,0.13010398019105196,0.0,0,0,0.0010162620164919645,0.0,0.011994136002613232,0.0,0.0
neu_mbv2_pattern_mining,2026-02-08T11:31:06,0,43,9,2,0.96875,0.32092222571372986,0.0,0.11626605031779036,0.11626605031779036,0.0,0,0,0.0008203230099752545,0.0,0.010806282021803781,0.0,0.0
neu_mbv2_pattern_mining,2026-02-08T11:31:07,0,44,9,3,0.890625,0.5526533722877502,0.0,0.10883002018090338,0.10883002018090338,0.0,0,0,0.0007735600229352713,0.0,0.010109441995155066,0.0,0.0
neu_mbv2_pattern_mining,2026-02-08T11:31:07,0,45,9,4,0.75,1.1793948411941528,0.0,0.10234035027679056,0.10234035027679056,0.0,0,0,0.0006784920115023851,0.0,0.00955554301617667,0.0,0.0
neu_mbv2_pattern_mining,2026-02-08T11:31:07,1,41,9,0,1.0,2.170951665902976e-05,0.0,0.5451291598728858,0.5451291598728858,0.0,0,0,0.005769148992840201,0.0,0.04874376699444838,0.0,0.0
neu_mbv2_pattern_mining,2026-02-08T11:31:07,1,42,9,1,1.0,4.5421817048918456e-05,0.0,0.13956921000499278,0.13956921000499278,0.0,0,0,0.0009586210071574897,0.0,0.012998299993341789,0.0,0.0
neu_mbv2_pattern_mining,2026-02-08T11:31:07,1,43,9,2,0.984375,0.014517388306558132,0.0,0.12022320966934785,0.12022320966934785,0.0,0,0,0.0008518009854014963,0.0,0.011170519981533289,0.0,0.0
neu_mbv2_pattern_mining,2026-02-08T11:31:07,1,44,9,3,1.0,0.012442165054380894,0.0,0.12195682007586583,0.12195682007586583,0.0,0,0,0.0008367990085389465,0.0,0.011358882999047637,0.0,0.0
neu_mbv2_pattern_mining,2026-02-08T11:31:07,1,45,9,4,1.0,0.023225493729114532,0.0,0.14066893025301397,0.14066893025301397,0.0,0,0,0.0008069410105235875,0.0,0.01325995201477781,0.0,0.0
neu_mbv2_pattern_mining,2026-02-08T11:31:08,2,41,9,0,1.0,1.7025662600644864e-05,0.0,0.48721291997935623,0.48721291997935623,0.0,0,0,0.005310295993695036,0.0,0.04341099600424059,0.0,0.0
neu_mbv2_pattern_mining,2026-02-08T11:31:08,2,42,9,1,1.0,0.00039394371560774744,0.0,0.11774575017625466,0.11774575017625466,0.0,0,0,0.0008302170026581734,0.0,0.010944358014967293,0.0,0.0
neu_mbv2_pattern_mining,2026-02-08T11:31:08,2,43,9,2,1.0,0.0001206945744343102,0.0,0.12210619985125959,0.12210619985125959,0.0,0,0,0.0008682729967404157,0.0,0.011342346988385543,0.0,0.0
neu_mbv2_pattern_mining,2026-02-08T11:31:08,2,44,9,3,0.953125,0.23498229682445526,0.0,0.12573495012475178,0.12573495012475178,0.0,0,0,0.0007946310215629637,0.0,0.011778863990912214,0.0,0.0
neu_mbv2_pattern_mining,2026-02-08T11:31:08,2,45,9,4,0.3333333333333333,2.0751962661743164,0.0,0.13649743981659412,0.13649743981659412,0.0,0,0,0.0007937389891594648,0.0,0.012856004992499948,0.0,0.0
neu_mbv2_pattern_mining,2026-02-08T11:31:09,3,41,9,0,1.0,2.8476095394580625e-05,0.0,0.3148454098845832,0.3148454098845832,0.0,0,0,0.0036011429911013693,0.0,0.02788339799735695,0.0,0.0
neu_mbv2_pattern_mining,2026-02-08T11:31:09,3,42,9,1,0.984375,0.06582298129796982,0.0,0.09486627008300275,0.09486627008300275,0.0,0,0,0.0007484969974029809,0.0,0.008738130010897294,0.0,0.0
neu_mbv2_pattern_mining,2026-02-08T11:31:09,3,43,9,2,0.984375,0.029354022815823555,0.0,0.10079478000989184,0.10079478000989184,0.0,0,0,0.0007270390051417053,0.0,0.009352438995847479,0.0,0.0
neu_mbv2_pattern_mining,2026-02-08T11:31:09,3,44,9,3,0.96875,0.062183476984500885,0.0,0.09387647005496547,0.09387647005496547,0.0,0,0,0.0006553640123456717,0.0,0.008732282993150875,0.0,0.0
neu_mbv2_pattern_mining,2026-02-08T11:31:09,3,45,9,4,0.3333333333333333,4.284743785858154,0.0,0.1196524701663293,0.1196524701663293,0.0,0,0,0.0007067219994496554,0.0,0.011258525017183274,0.0,0.0
neu_mbv2_pattern_mining,2026-02-08T11:31:09,4,41,9,0,1.0,0.00014961200940888375,0.0,0.5191986297722906,0.5191986297722906,0.0,0,0,0.006860920984763652,0.0,0.04505894199246541,0.0,0.0
neu_mbv2_pattern_mining,2026-02-08T11:31:09,4,42,9,1,1.0,0.0001743704196996987,0.0,0.12115368997910991,0.12115368997910991,0.0,0,0,0.0008617229759693146,0.0,0.011253646021941677,0.0,0.0
neu_mbv2_pattern_mining,2026-02-08T11:31:09,4,43,9,2,1.0,2.5034969439730048e-05,0.0,0.09012422000523657,0.09012422000523657,0.0,0,0,0.0006413449882529676,0.0,0.008371077012270689,0.0,0.0
neu_mbv2_pattern_mining,2026-02-08T11:31:10,4,44,9,3,1.0,9.238350321538746e-05,0.0,0.09106863988563418,0.09106863988563418,0.0,0,0,0.0006554849969688803,0.0,0.008451378991594538,0.0,0.0
neu_mbv2_pattern_mining,2026-02-08T11:31:10,4,45,9,4,0.6666666666666666,2.956936836242676,0.0,0.14002148993313313,0.14002148993313313,0.0,0,0,0.0008183409809134901,0.0,0.013183808012399822,0.0,0.0
neu_mbv2_pattern_mining,2026-02-08T11:31:11,0,46,10,0,1.0,0.006720494478940964,0.0,0.5663533697952516,0.5663533697952516,0.0,0,0,0.003653540974482894,0.0,0.05298179600504227,0.0,0.0
neu_mbv2_pattern_mining,2026-02-08T11:31:11,0,47,10,1,0.96875,0.09735029935836792,0.0,0.1561597900581546,0.1561597900581546,0.0,0,0,0.001228053995873779,0.0,0.014387925009941682,0.0,0.0
neu_mbv2_pattern_mining,2026-02-08T11:31:11,0,48,10,2,0.984375,0.01646849699318409,0.0,0.13693818007595837,0.13693818007595837,0.0,0,0,0.0009086049976758659,0.0,0.012785213009919971,0.0,0.0
neu_mbv2_pattern_mining,2026-02-08T11:31:11,0,49,10,3,0.90625,0.8346436619758606,0.0,0.11507005983730778,0.11507005983730778,0.0,0,0,0.0008225129859056324,0.0,0.010684492997825146,0.0,0.0
neu_mbv2_pattern_mining,2026-02-08T11:31:11,0,50,10,4,0.25,2.861203670501709,0.0,0.10043204994872212,0.10043204994872212,0.0,0,0,0.0006853590020909905,0.0,0.009357845992781222,0.0,0.0
neu_mbv2_pattern_mining,2026-02-08T11:31:12,1,46,10,0,1.0,3.5712626413442194e-05,0.0,0.5161907098954543,0.5161907098954543,0.0,0,0,0.0056708999909460545,0.0,0.04594817099859938,0.0,0.0
neu_mbv2_pattern_mining,2026-02-08T11:31:12,1,47,10,1,1.0,0.00019286517635919154,0.0,0.12445528991520405,0.12445528991520405,0.0,0,0,0.0008866139978636056,0.0,0.0115589149936568,0.0,0.0
neu_mbv2_pattern_mining,2026-02-08T11:31:12,1,48,10,2,1.0,7.698747504036874e-05,0.0,0.13105194986565039,0.13105194986565039,0.0,0,0,0.0009221049840562046,0.0,0.012183090002508834,0.0,0.0
neu_mbv2_pattern_mining,2026-02-08T11:31:12,1,49,10,3,1.0,0.007430505473166704,0.0,0.12190382985863835,0.12190382985863835,0.0,0,0,0.000877487997058779,0.0,0.011312894988805056,0.0,0.0
neu_mbv2_pattern_mining,2026-02-08T11:31:12,1,50,10,4,0.3333333333333333,2.4723825454711914,0.0,0.15209828008664772,0.15209828008664772,0.0,0,0,0.0008455819915980101,0.0,0.014364246017066762,0.0,0.0
neu_mbv2_pattern_mining,2026-02-08T11:31:12,2,46,10,0,1.0,0.00011514266225276515,0.0,0.6031952399644069,0.6031952399644069,0.0,0,0,0.00542947300709784,0.0,0.05489005098934285,0.0,0.0
neu_mbv2_pattern_mining,2026-02-08T11:31:12,2,47,10,1,1.0,0.00045410904567688704,0.0,0.14088864991208538,0.14088864991208538,0.0,0,0,0.0009927790088113397,0.0,0.013096085982397199,0.0,0.0
neu_mbv2_pattern_mining,2026-02-08T11:31:12,2,48,10,2,1.0,0.004045446403324604,0.0,0.11512037977809086,0.11512037977809086,0.0,0,0,0.0007927839760668576,0.0,0.010719254001742229,0.0,0.0
neu_mbv2_pattern_mining,2026-02-08T11:31:13,2,49,10,3,0.984375,0.028880735859274864,0.0,0.11641112039797008,0.11641112039797008,0.0,0,0,0.0008360310166608542,0.0,0.010805081023136154,0.0,0.0
neu_mbv2_pattern_mining,2026-02-08T11:31:13,2,50,10,4,0.6666666666666666,0.49968329071998596,0.0,0.145531150046736,0.145531150046736,0.0,0,0,0.0008507989987265319,0.0,0.013702316005947068,0.0,0.0
neu_mbv2_pattern_mining,2026-02-08T11:31:13,3,46,10,0,1.0,7.427913715218892e-06,0.0,0.32647562999045476,0.32647562999045476,0.0,0,0,0.004803274990990758,0.0,0.02784428800805472,0.0,0.0
neu_mbv2_pattern_mining,2026-02-08T11:31:13,3,47,10,1,1.0,5.0885966629721224e-05,0.0,0.08918714971514419,0.08918714971514419,0.0,0,0,0.000675784976920113,0.0,0.008242929994594306,0.0,0.0
neu_mbv2_pattern_mining,2026-02-08T11:31:13,3,48,10,2,1.0,2.7977970603387803e-05,0.0,0.07999774970812723,0.07999774970812723,0.0,0,0,0.0005649729864671826,0.0,0.00743480198434554,0.0,0.0
neu_mbv2_pattern_mining,2026-02-08T11:31:13,3,49,10,3,1.0,8.923302084440365e-05,0.0,0.08076908008661121,0.08076908008661121,0.0,0,0,0.0005690309917554259,0.0,0.007507877016905695,0.0,0.0
neu_mbv2_pattern_mining,2026-02-08T11:31:13,3,50,10,4,0.6666666666666666,2.6115939617156982,0.0,0.10377326980233192,0.10377326980233192,0.0,0,0,0.0005872109904885292,0.0,0.009790115989744663,0.0,0.0
neu_mbv2_pattern_mining,2026-02-08T11:31:14,4,46,10,0,1.0,4.425537554197945e-06,0.0,0.5390606302535161,0.5390606302535161,0.0,0,0,0.006770876003429294,0.0,0.04713518702192232,0.0,0.0
neu_mbv2_pattern_mining,2026-02-08T11:31:14,4,47,10,1,1.0,6.68395878165029e-05,0.0,0.12348497024504468,0.12348497024504468,0.0,0,0,0.0008873869956005365,0.0,0.011461110028903931,0.0,0.0
neu_mbv2_pattern_mining,2026-02-08T11:31:14,4,48,10,2,1.0,0.00023087406589183956,0.0,0.08270577993243933,0.08270577993243933,0.0,0,0,0.0005830070003867149,0.0,0.007687570992857218,0.0,0.0
neu_mbv2_pattern_mining,2026-02-08T11:31:14,4,49,10,3,1.0,0.0017908744048327208,0.0,0.0797120199422352,0.0797120199422352,0.0,0,0,0.0005753799923695624,0.0,0.007395822001853958,0.0,0.0
neu_mbv2_pattern_mining,2026-02-08T11:31:14,4,50,10,4,0.6666666666666666,0.7753724455833435,0.0,0.09787034010514617,0.09787034010514617,0.0,0,0,0.0005817670025862753,0.0,0.009205267007928342,0.0,0.0
neu_mbv2_pattern_mining,2026-02-08T11:31:15,0,51,11,0,1.0,0.00015080189041327685,0.0,0.3583775000879541,0.3583775000879541,0.0,0,0,0.0026068389997817576,0.0,0.03323091100901365,0.0,0.0
neu_mbv2_pattern_mining,2026-02-08T11:31:15,0,52,11,1,1.0,0.00011619582073763013,0.0,0.119039130222518,0.119039130222518,0.0,0,0,0.0008536580135114491,0.0,0.01105025500874035,0.0,0.0
neu_mbv2_pattern_mining,2026-02-08T11:31:15,0,53,11,2,0.9375,0.25579822063446045,0.0,0.1228158301091753,0.1228158301091753,0.0,0,0,0.0011409750150050968,0.0,0.011140607995912433,0.0,0.0
neu_mbv2_pattern_mining,2026-02-08T11:31:15,0,54,11,3,1.0,0.0004596004437189549,0.0,0.0912731999414973,0.0912731999414973,0.0,0,0,0.0007421810005325824,0.0,0.008385138993617147,0.0,0.0
neu_mbv2_pattern_mining,2026-02-08T11:31:15,0,55,11,4,0.75,0.5643610954284668,0.0,0.08962252992205322,0.08962252992205322,0.0,0,0,0.0005798600031994283,0.0,0.008382392989005893,0.0,0.0
neu_mbv2_pattern_mining,2026-02-08T11:31:16,1,51,11,0,1.0,0.0013522993540391326,0.0,0.30878518969984725,0.30878518969984725,0.0,0,0,0.003574267990188673,0.0,0.027304250979796052,0.0,0.0
neu_mbv2_pattern_mining,2026-02-08T11:31:16,1,52,11,1,0.84375,0.9189927577972412,0.0,0.10915853985352442,0.10915853985352442,0.0,0,0,0.0008047719893511385,0.0,0.010111081996001303,0.0,0.0
neu_mbv2_pattern_mining,2026-02-08T11:31:16,1,53,11,2,0.984375,0.19129671156406403,0.0,0.10492219968000427,0.10492219968000427,0.0,0,0,0.0007457969768438488,0.0,0.009746422991156578,0.0,0.0
neu_mbv2_pattern_mining,2026-02-08T11:31:16,1,54,11,3,0.984375,0.11848960816860199,0.0,0.10371259006205946,0.10371259006205946,0.0,0,0,0.0007181529945228249,0.0,0.009653106011683121,0.0,0.0
neu_mbv2_pattern_mining,2026-02-08T11:31:16,1,55,11,4,0.3333333333333333,2.535032272338867,0.0,0.1551592702162452,0.1551592702162452,0.0,0,0,0.0009627260151319206,0.0,0.0145532010064926,0.0,0.0
neu_mbv2_pattern_mining,2026-02-08T11:31:17,2,51,11,0,1.0,8.113864896586165e-05,0.0,0.6863257702207193,0.6863257702207193,0.0,0,0,0.00701128100627102,0.0,0.06162129601580091,0.0,0.0
neu_mbv2_pattern_mining,2026-02-08T11:31:17,2,52,11,1,1.0,9.883056191029027e-05,0.0,0.15508430980844423,0.15508430980844423,0.0,0,0,0.0010845309880096465,0.0,0.014423899992834777,0.0,0.0
neu_mbv2_pattern_mining,2026-02-08T11:31:17,2,53,11,2,1.0,0.0002653778938110918,0.0,0.13848848000634462,0.13848848000634462,0.0,0,0,0.0009768859890755266,0.0,0.012871962011558935,0.0,0.0
neu_mbv2_pattern_mining,2026-02-08T11:31:17,2,54,11,3,0.96875,0.06310413777828217,0.0,0.10920962988166139,0.10920962988166139,0.0,0,0,0.0007470989949069917,0.0,0.010173863993259147,0.0,0.0
neu_mbv2_pattern_mining,2026-02-08T11:31:17,2,55,11,4,0.6666666666666666,3.9908578395843506,0.0,0.1349911099532619,0.1349911099532619,0.0,0,0,0.0007614130154252052,0.0,0.012737697979900986,0.0,0.0
neu_mbv2_pattern_mining,2026-02-08T11:31:18,3,51,11,0,1.0,2.6508543669478968e-05,0.0,0.32181827002204955,0.32181827002204955,0.0,0,0,0.0034536000166554004,0.0,0.028728226985549554,0.0,0.0
neu_mbv2_pattern_mining,2026-02-08T11:31:18,3,52,11,1,1.0,7.615041977260262e-05,0.0,0.08297422988107428,0.08297422988107428,0.0,0,0,0.0006029319774825126,0.0,0.007694491010624915,0.0,0.0
neu_mbv2_pattern_mining,2026-02-08T11:31:18,3,53,11,2,1.0,1.506928037997568e-05,0.0,0.1042156497715041,0.1042156497715041,0.0,0,0,0.0007554699841421098,0.0,0.0096660949930083,0.0,0.0
neu_mbv2_pattern_mining,2026-02-08T11:31:18,3,54,11,3,1.0,9.937771392287686e-05,0.0,0.09837665013037622,0.09837665013037622,0.0,0,0,0.0006980120087973773,0.0,0.009139653004240245,0.0,0.0
neu_mbv2_pattern_mining,2026-02-08T11:31:18,3,55,11,4,1.0,0.07539136707782745,0.0,0.13373827998293564,0.13373827998293564,0.0,0,0,0.0008306509989779443,0.0,0.01254317699931562,0.0,0.0
neu_mbv2_pattern_mining,2026-02-08T11:31:18,4,51,11,0,1.0,0.000391251320252195,0.0,0.4807467499631457,0.4807467499631457,0.0,0,0,0.004963195999152958,0.0,0.04311147899716161,0.0,0.0
neu_mbv2_pattern_mining,2026-02-08T11:31:18,4,52,11,1,0.953125,0.123185895383358,0.0,0.11649438994936645,0.11649438994936645,0.0,0,0,0.0008152700029313564,0.0,0.010834168992005289,0.0,0.0
neu_mbv2_pattern_mining,2026-02-08T11:31:18,4,53,11,2,1.0,0.0005932669155299664,0.0,0.12108884024200961,0.12108884024200961,0.0,0,0,0.0009120410250034183,0.0,0.011196842999197543,0.0,0.0
neu_mbv2_pattern_mining,2026-02-08T11:31:19,4,54,11,3,0.953125,0.21631118655204773,0.0,0.12400179984979331,0.12400179984979331,0.0,0,0,0.0010062429937534034,0.0,0.011393936991225928,0.0,0.0
neu_mbv2_pattern_mining,2026-02-08T11:31:19,4,55,11,4,0.6666666666666666,1.3792229890823364,0.0,0.14942868001526222,0.14942868001526222,0.0,0,0,0.0008071630145423114,0.0,0.01413570498698391,0.0,0.0
neu_mbv2_pattern_mining,2026-02-08T11:31:20,0,56,12,0,1.0,0.0013424416538327932,0.0,0.3763824497582391,0.3763824497582391,0.0,0,0,0.002162734977900982,0.0,0.03547550999792293,0.0,0.0
neu_mbv2_pattern_mining,2026-02-08T11:31:20,0,57,12,1,1.0,0.007111037615686655,0.0,0.13317367993295193,0.13317367993295193,0.0,0,0,0.0009542320040054619,0.0,0.01236313598928973,0.0,0.0
neu_mbv2_pattern_mining,2026-02-08T11:31:20,0,58,12,2,0.984375,0.02109432779252529,0.0,0.1170267301495187,0.1170267301495187,0.0,0,0,0.0008449919987469912,0.0,0.010857681016204879,0.0,0.0
neu_mbv2_pattern_mining,2026-02-08T11:31:20,0,59,12,3,1.0,0.0002824375405907631,0.0,0.12240946991369128,0.12240946991369128,0.0,0,0,0.000984126003459096,0.0,0.011256820987910032,0.0,0.0
neu_mbv2_pattern_mining,2026-02-08T11:31:20,0,60,12,4,0.5,1.5043317079544067,0.0,0.1182003298890777,0.1182003298890777,0.0,0,0,0.0009365949954371899,0.0,0.01088343799347058,0.0,0.0
neu_mbv2_pattern_mining,2026-02-08T11:31:20,1,56,12,0,1.0,2.3834196326788515e-05,0.0,0.553167199541349,0.553167199541349,0.0,0,0,0.009272818977478892,0.0,0.046043900976656005,0.0,0.0
neu_mbv2_pattern_mining,2026-02-08T11:31:20,1,57,12,1,1.0,0.003462577471509576,0.0,0.08235353016061708,0.08235353016061708,0.0,0,0,0.0006038600113242865,0.0,0.007631493004737422,0.0,0.0
neu_mbv2_pattern_mining,2026-02-08T11:31:20,1,58,12,2,1.0,0.0034882426261901855,0.0,0.07974285021191463,0.07974285021191463,0.0,0,0,0.0005698130116797984,0.0,0.0074044720095116645,0.0,0.0
neu_mbv2_pattern_mining,2026-02-08T11:31:21,1,59,12,3,0.96875,0.05125846341252327,0.0,0.079020359844435,0.079020359844435,0.0,0,0,0.0005710819968953729,0.0,0.007330953987548128,0.0,0.0
neu_mbv2_pattern_mining,2026-02-08T11:31:21,1,60,12,4,0.6666666666666666,0.8863551616668701,0.0,0.10055276972707361,0.10055276972707361,0.0,0,0,0.0006788579921703786,0.0,0.009376418980536982,0.0,0.0
neu_mbv2_pattern_mining,2026-02-08T11:31:21,2,56,12,0,1.0,0.0025279740802943707,0.0,0.29898964014137164,0.29898964014137164,0.0,0,0,0.0031416770070791245,0.0,0.02675728700705804,0.0,0.0
neu_mbv2_pattern_mining,2026-02-08T11:31:21,2,57,12,1,0.828125,1.2658066749572754,0.0,0.11365968006430194,0.11365968006430194,0.0,0,0,0.0008536170062143356,0.0,0.010512351000215858,0.0,0.0
neu_mbv2_pattern_mining,2026-02-08T11:31:21,2,58,12,2,1.0,0.007268628105521202,0.0,0.10444533982081339,0.10444533982081339,0.0,0,0,0.0007365609926637262,0.0,0.009707972989417613,0.0,0.0
neu_mbv2_pattern_mining,2026-02-08T11:31:21,2,59,12,3,0.953125,0.11235969513654709,0.0,0.10335900005884469,0.10335900005884469,0.0,0,0,0.0007161230023484677,0.0,0.009619777003536,0.0,0.0
neu_mbv2_pattern_mining,2026-02-08T11:31:21,2,60,12,4,0.6666666666666666,2.0311310291290283,0.0,0.10789706982905045,0.10789706982905045,0.0,0,0,0.0006767449958715588,0.0,0.010112961987033486,0.0,0.0
neu_mbv2_pattern_mining,2026-02-08T11:31:22,3,56,12,0,1.0,1.1232459655730054e-05,0.0,0.3037620900431648,0.3037620900431648,0.0,0,0,0.0033205119834747165,0.0,0.027055697020841762,0.0,0.0
neu_mbv2_pattern_mining,2026-02-08T11:31:22,3,57,12,1,1.0,0.00021348506561480463,0.0,0.10381640982814133,0.10381640982814133,0.0,0,0,0.0008297449967358261,0.0,0.009551895986078307,0.0,0.0
neu_mbv2_pattern_mining,2026-02-08T11:31:22,3,58,12,2,0.984375,0.19467313587665558,0.0,0.09303110971814021,0.09303110971814021,0.0,0,0,0.0008239699818659574,0.0,0.008479140989948064,0.0,0.0
neu_mbv2_pattern_mining,2026-02-08T11:31:22,3,59,12,3,1.0,8.875715138856322e-05,0.0,0.08030323020648211,0.08030323020648211,0.0,0,0,0.0005646730132866651,0.0,0.007465650007361546,0.0,0.0
neu_mbv2_pattern_mining,2026-02-08T11:31:22,3,60,12,4,1.0,0.09811574220657349,0.0,0.09581594000337645,0.09581594000337645,0.0,0,0,0.0005661759932991117,0.0,0.009015418007038534,0.0,0.0
neu_mbv2_pattern_mining,2026-02-08T11:31:23,4,56,12,0,1.0,6.558067980222404e-06,0.0,0.6008848600322381,0.6008848600322381,0.0,0,0,0.0068118550116196275,0.0,0.05327663099160418,0.0,0.0
neu_mbv2_pattern_mining,2026-02-08T11:31:23,4,57,12,1,0.984375,0.012168964371085167,0.0,0.1270939299138263,0.1270939299138263,0.0,0,0,0.0009366110025439411,0.0,0.011772781988838688,0.0,0.0
neu_mbv2_pattern_mining,2026-02-08T11:31:23,4,58,12,2,1.0,0.013384727761149406,0.0,0.1390399702358991,0.1390399702358991,0.0,0,0,0.0010431070113554597,0.0,0.01286089001223445,0.0,0.0
neu_mbv2_pattern_mining,2026-02-08T11:31:23,4,59,12,3,1.0,8.880998939275742e-05,0.0,0.13400797033682466,0.13400797033682466,0.0,0,0,0.001065176009433344,0.0,0.012335621024249122,0.0,0.0
neu_mbv2_pattern_mining,2026-02-08T11:31:23,4,60,12,4,1.0,0.3239841163158417,0.0,0.14028344012331218,0.14028344012331218,0.0,0,0,0.0008079300168901682,0.0,0.01322041399544105,0.0,0.0
neu_mbv2_pattern_mining,2026-02-08T11:31:24,0,61,13,0,0.984375,0.06514987349510193,0.0,0.2995176598778926,0.2995176598778926,0.0,0,0,0.0020690489909611642,0.0,0.027882716996828094,0.0,0.0
neu_mbv2_pattern_mining,2026-02-08T11:31:24,0,62,13,1,0.9375,0.17785364389419556,0.0,0.08613647980382666,0.08613647980382666,0.0,0,0,0.000643507984932512,0.0,0.007970139995450154,0.0,0.0
neu_mbv2_pattern_mining,2026-02-08T11:31:24,0,63,13,2,0.9375,0.23030918836593628,0.0,0.08968116977484897,0.08968116977484897,0.0,0,0,0.0006506659847218543,0.0,0.008317450992763042,0.0,0.0
neu_mbv2_pattern_mining,2026-02-08T11:31:24,0,64,13,3,1.0,0.0002722530043683946,0.0,0.0954893499147147,0.0954893499147147,0.0,0,0,0.0007593900081701577,0.0,0.008789544983301312,0.0,0.0
neu_mbv2_pattern_mining,2026-02-08T11:31:24,0,65,13,4,1.0,0.08370223641395569,0.0,0.09789131989236921,0.09789131989236921,0.0,0,0,0.0006574080034624785,0.0,0.009131723985774443,0.0,0.0
neu_mbv2_pattern_mining,2026-02-08T11:31:25,1,61,13,0,1.0,0.00011136547254864126,0.0,0.2888843498658389,0.2888843498658389,0.0,0,0,0.003199586004484445,0.0,0.025688848982099444,0.0,0.0
neu_mbv2_pattern_mining,2026-02-08T11:31:25,1,62,13,1,1.0,1.481058461649809e-05,0.0,0.08252880012150854,0.08252880012150854,0.0,0,0,0.0006346220034174621,0.0,0.007618258008733392,0.0,0.0
neu_mbv2_pattern_mining,2026-02-08T11:31:25,1,63,13,2,0.921875,0.3668380677700043,0.0,0.10236691974569112,0.10236691974569112,0.0,0,0,0.0007109689759090543,0.0,0.009525722998660058,0.0,0.0
neu_mbv2_pattern_mining,2026-02-08T11:31:25,1,64,13,3,1.0,0.0005879067466594279,0.0,0.11214708007173613,0.11214708007173613,0.0,0,0,0.0008228340011555701,0.0,0.010391874006018043,0.0,0.0
neu_mbv2_pattern_mining,2026-02-08T11:31:25,1,65,13,4,0.6666666666666666,0.4461480379104614,0.0,0.13003800966544077,0.13003800966544077,0.0,0,0,0.0007438009779434651,0.0,0.012259999988600612,0.0,0.0
neu_mbv2_pattern_mining,2026-02-08T11:31:25,2,61,13,0,1.0,0.003101639449596405,0.0,0.3055201697861776,0.3055201697861776,0.0,0,0,0.0034170250000897795,0.0,0.027134991978527978,0.0,0.0
neu_mbv2_pattern_mining,2026-02-08T11:31:25,2,62,13,1,1.0,0.0003087773220613599,0.0,0.08406590030062944,0.08406590030062944,0.0,0,0,0.0006446000188589096,0.0,0.007761990011204034,0.0,0.0
neu_mbv2_pattern_mining,2026-02-08T11:31:25,2,63,13,2,0.828125,0.8060010671615601,0.0,0.084116340149194,0.084116340149194,0.0,0,0,0.0005907090089749545,0.0,0.007820925005944446,0.0,0.0
neu_mbv2_pattern_mining,2026-02-08T11:31:26,2,64,13,3,0.984375,0.046221181750297546,0.0,0.07944486977066845,0.07944486977066845,0.0,0,0,0.0005688849778380245,0.0,0.00737560199922882,0.0,0.0
neu_mbv2_pattern_mining,2026-02-08T11:31:26,2,65,13,4,0.3333333333333333,3.7053604125976562,0.0,0.1038493201485835,0.1038493201485835,0.0,0,0,0.0005896390066482127,0.0,0.009795293008210137,0.0,0.0
neu_mbv2_pattern_mining,2026-02-08T11:31:26,3,61,13,0,1.0,6.2022013480600435e-06,0.0,0.5272298399358988,0.5272298399358988,0.0,0,0,0.005547440989175811,0.0,0.04717554300441407,0.0,0.0
neu_mbv2_pattern_mining,2026-02-08T11:31:26,3,62,13,1,1.0,2.8808917704736814e-05,0.0,0.132825699984096,0.132825699984096,0.0,0,0,0.0009598339966032654,0.0,0.012322736001806334,0.0,0.0
neu_mbv2_pattern_mining,2026-02-08T11:31:26,3,63,13,2,1.0,0.000652557413559407,0.0,0.1310639301664196,0.1310639301664196,0.0,0,0,0.0009239220235031098,0.0,0.01218247099313885,0.0,0.0
neu_mbv2_pattern_mining,2026-02-08T11:31:26,3,64,13,3,1.0,8.323705696966499e-05,0.0,0.08686906017828733,0.08686906017828733,0.0,0,0,0.0007199810061138123,0.0,0.00796692501171492,0.0,0.0
neu_mbv2_pattern_mining,2026-02-08T11:31:26,3,65,13,4,1.0,0.028289228677749634,0.0,0.10344100999645889,0.10344100999645889,0.0,0,0,0.0007039420015644282,0.0,0.00964015899808146,0.0,0.0
neu_mbv2_pattern_mining,2026-02-08T11:31:27,4,61,13,0,1.0,0.0018911671359091997,0.0,0.6150646199239418,0.6150646199239418,0.0,0,0,0.00706144401920028,0.0,0.0544450179731939,0.0,0.0
neu_mbv2_pattern_mining,2026-02-08T11:31:27,4,62,13,1,1.0,0.0005036267102696002,0.0,0.16300249000778422,0.16300249000778422,0.0,0,0,0.0011646899802144617,0.0,0.01513555902056396,0.0,0.0
neu_mbv2_pattern_mining,2026-02-08T11:31:27,4,63,13,2,1.0,7.244318112498149e-05,0.0,0.08695294003700837,0.08695294003700837,0.0,0,0,0.0007202370034065098,0.0,0.007975057000294328,0.0,0.0
neu_mbv2_pattern_mining,2026-02-08T11:31:27,4,64,13,3,0.984375,0.01649342104792595,0.0,0.08676850993651897,0.08676850993651897,0.0,0,0,0.0007344179903157055,0.0,0.007942433003336191,0.0,0.0
neu_mbv2_pattern_mining,2026-02-08T11:31:27,4,65,13,4,0.6666666666666666,2.8604938983917236,0.0,0.09896048984955996,0.09896048984955996,0.0,0,0,0.000577255996176973,0.0,0.009318792988779023,0.0,0.0
neu_mbv2_pattern_mining,2026-02-08T11:31:28,0,66,14,0,1.0,0.0001165747016784735,0.0,0.42435714043676853,0.42435714043676853,0.0,0,0,0.002679423021618277,0.0,0.039756291022058576,0.0,0.0
neu_mbv2_pattern_mining,2026-02-08T11:31:28,0,67,14,1,1.0,0.00017744791693985462,0.0,0.1314212998840958,0.1314212998840958,0.0,0,0,0.0010909409902524203,0.0,0.012051188998157158,0.0,0.0
neu_mbv2_pattern_mining,2026-02-08T11:31:28,0,68,14,2,0.984375,0.023576850071549416,0.0,0.12261642958037555,0.12261642958037555,0.0,0,0,0.0008755849848967046,0.0,0.01138605797314085,0.0,0.0
neu_mbv2_pattern_mining,2026-02-08T11:31:28,0,69,14,3,0.96875,0.1323530375957489,0.0,0.11768881988245994,0.11768881988245994,0.0,0,0,0.000859736988786608,0.0,0.010909144999459386,0.0,0.0
neu_mbv2_pattern_mining,2026-02-08T11:31:28,0,70,14,4,0.5,0.8357188701629639,0.0,0.11191206984221935,0.11191206984221935,0.0,0,0,0.0008192610112018883,0.0,0.010371945973020047,0.0,0.0
neu_mbv2_pattern_mining,2026-02-08T11:31:29,1,66,14,0,1.0,1.6853642591740936e-05,0.0,0.3126411998528056,0.3126411998528056,0.0,0,0,0.0033415909856557846,0.0,0.027922528999624774,0.0,0.0
neu_mbv2_pattern_mining,2026-02-08T11:31:29,1,67,14,1,1.0,0.0003494069678708911,0.0,0.11707836005371064,0.11707836005371064,0.0,0,0,0.0010787129867821932,0.0,0.01062912301858887,0.0,0.0
neu_mbv2_pattern_mining,2026-02-08T11:31:29,1,68,14,2,1.0,0.00029961709515191615,0.0,0.1093708403641358,0.1093708403641358,0.0,0,0,0.0009289730223827064,0.0,0.010008111014030874,0.0,0.0
neu_mbv2_pattern_mining,2026-02-08T11:31:29,1,69,14,3,1.0,7.050452404655516e-05,0.0,0.1203851102036424,0.1203851102036424,0.0,0,0,0.0008364420209545642,0.0,0.011202068999409676,0.0,0.0
neu_mbv2_pattern_mining,2026-02-08T11:31:29,1,70,14,4,1.0,0.0031827110797166824,0.0,0.18639874004293233,0.18639874004293233,0.0,0,0,0.0009542859916109592,0.0,0.017685588012682274,0.0,0.0
neu_mbv2_pattern_mining,2026-02-08T11:31:30,2,66,14,0,1.0,0.00637667765840888,0.0,0.3265423601260409,0.3265423601260409,0.0,0,0,0.003975019004428759,0.0,0.02867921700817533,0.0,0.0
neu_mbv2_pattern_mining,2026-02-08T11:31:30,2,67,14,1,1.0,0.0034084580838680267,0.0,0.10971374984364957,0.10971374984364957,0.0,0,0,0.000887653004610911,0.0,0.010083721979754046,0.0,0.0
neu_mbv2_pattern_mining,2026-02-08T11:31:30,2,68,14,2,0.984375,0.033987611532211304,0.0,0.09969364997232333,0.09969364997232333,0.0,0,0,0.0007412380073219538,0.0,0.009228126989910379,0.0,0.0
neu_mbv2_pattern_mining,2026-02-08T11:31:30,2,69,14,3,0.953125,0.22846809029579163,0.0,0.091448109888006,0.091448109888006,0.0,0,0,0.0006505509954877198,0.0,0.00849425999331288,0.0,0.0
neu_mbv2_pattern_mining,2026-02-08T11:31:30,2,70,14,4,0.3333333333333333,3.7608156204223633,0.0,0.11088875005953014,0.11088875005953014,0.0,0,0,0.0006303270056378096,0.0,0.010458548000315204,0.0,0.0
neu_mbv2_pattern_mining,2026-02-08T11:31:30,3,66,14,0,1.0,0.0015441986033692956,0.0,0.37753722979687154,0.37753722979687154,0.0,0,0,0.004341414984082803,0.0,0.03341230799560435,0.0,0.0
neu_mbv2_pattern_mining,2026-02-08T11:31:30,3,67,14,1,0.890625,0.48125505447387695,0.0,0.12471106019802392,0.12471106019802392,0.0,0,0,0.0008995850221253932,0.0,0.011571520997676998,0.0,0.0
neu_mbv2_pattern_mining,2026-02-08T11:31:31,3,68,14,2,1.0,0.00038753970875404775,0.0,0.1167180499760434,0.1167180499760434,0.0,0,0,0.0008065490110311657,0.0,0.010865255986573175,0.0,0.0
neu_mbv2_pattern_mining,2026-02-08T11:31:31,3,69,14,3,0.984375,0.0413312092423439,0.0,0.12282720010261983,0.12282720010261983,0.0,0,0,0.0008534509979654104,0.0,0.011429269012296572,0.0,0.0
neu_mbv2_pattern_mining,2026-02-08T11:31:31,3,70,14,4,0.6666666666666666,1.4151777029037476,0.0,0.13990382984047756,0.13990382984047756,0.0,0,0,0.0008236309804487973,0.0,0.013166752003598958,0.0,0.0
neu_mbv2_pattern_mining,2026-02-08T11:31:31,4,66,14,0,1.0,0.00019881085609085858,0.0,0.4611290100729093,0.4611290100729093,0.0,0,0,0.006054944999050349,0.0,0.04005795600824058,0.0,0.0
neu_mbv2_pattern_mining,2026-02-08T11:31:31,4,67,14,1,1.0,0.0002965198364108801,0.0,0.11798306019045413,0.11798306019045413,0.0,0,0,0.0008321280183736235,0.0,0.010966178000671789,0.0,0.0
neu_mbv2_pattern_mining,2026-02-08T11:31:31,4,68,14,2,0.96875,0.06022452935576439,0.0,0.12360847002128139,0.12360847002128139,0.0,0,0,0.0008436350035481155,0.0,0.011517211998580024,0.0,0.0
neu_mbv2_pattern_mining,2026-02-08T11:31:31,4,69,14,3,1.0,0.00011250721581745893,0.0,0.11619411990977824,0.11619411990977824,0.0,0,0,0.0008213960099965334,0.0,0.01079801598098129,0.0,0.0
neu_mbv2_pattern_mining,2026-02-08T11:31:31,4,70,14,4,1.0,0.008612170815467834,0.0,0.15479439025511965,0.15479439025511965,0.0,0,0,0.0009268890134990215,0.0,0.014552550012012944,0.0,0.0
neu_mbv2_pattern_mining,2026-02-08T11:31:33,0,71,15,0,1.0,6.882545858388767e-05,0.0,0.2909780602203682,0.2909780602203682,0.0,0,0,0.0020052150066476315,0.0,0.02709259101538919,0.0,0.0
neu_mbv2_pattern_mining,2026-02-08T11:31:33,0,72,15,1,1.0,0.005027451552450657,0.0,0.08671959978528321,0.08671959978528321,0.0,0,0,0.0007457209867425263,0.0,0.007926238991785794,0.0,0.0
neu_mbv2_pattern_mining,2026-02-08T11:31:33,0,73,15,2,1.0,0.0005935064982622862,0.0,0.08206825965316966,0.08206825965316966,0.0,0,0,0.0005939969851169735,0.0,0.007612828980199993,0.0,0.0
neu_mbv2_pattern_mining,2026-02-08T11:31:33,0,74,15,3,0.9375,0.5345802903175354,0.0,0.10784910002257675,0.10784910002257675,0.0,0,0,0.0008109500049613416,0.0,0.009973959997296333,0.0,0.0
neu_mbv2_pattern_mining,2026-02-08T11:31:33,0,75,15,4,1.0,0.000901069724932313,0.0,0.10845168988453224,0.10845168988453224,0.0,0,0,0.0007372520049102604,0.0,0.010107916983542964,0.0,0.0
neu_mbv2_pattern_mining,2026-02-08T11:31:33,1,71,15,0,1.0,1.1112982974736951e-05,0.0,0.5900423199636862,0.5900423199636862,0.0,0,0,0.006761928991181776,0.0,0.05224230300518684,0.0,0.0
neu_mbv2_pattern_mining,2026-02-08T11:31:33,1,72,15,1,1.0,0.0002766712277662009,0.0,0.14741635008249432,0.14741635008249432,0.0,0,0,0.001197150006191805,0.0,0.013544485002057627,0.0,0.0
neu_mbv2_pattern_mining,2026-02-08T11:31:33,1,73,15,2,1.0,5.449981017591199e-06,0.0,0.14409444003831595,0.14409444003831595,0.0,0,0,0.0011235139972995967,0.0,0.013285930006531999,0.0,0.0
neu_mbv2_pattern_mining,2026-02-08T11:31:33,1,74,15,3,0.984375,0.05831968039274216,0.0,0.11584395979298279,0.11584395979298279,0.0,0,0,0.0008167159976437688,0.0,0.01076767998165451,0.0,0.0
neu_mbv2_pattern_mining,2026-02-08T11:31:34,1,75,15,4,0.3333333333333333,4.022466659545898,0.0,0.1296441798331216,0.1296441798331216,0.0,0,0,0.0007233390060719103,0.0,0.01224107897724025,0.0,0.0
neu_mbv2_pattern_mining,2026-02-08T11:31:34,2,71,15,0,1.0,0.0001642866845941171,0.0,0.4653319201315753,0.4653319201315753,0.0,0,0,0.006407017994206399,0.0,0.04012617401895113,0.0,0.0
neu_mbv2_pattern_mining,2026-02-08T11:31:34,2,72,15,1,1.0,4.235347296344116e-05,0.0,0.12049719982314855,0.12049719982314855,0.0,0,0,0.0010215469810646027,0.0,0.011028173001250252,0.0,0.0
neu_mbv2_pattern_mining,2026-02-08T11:31:34,2,73,15,2,0.984375,0.011936651542782784,0.0,0.12348687974736094,0.12348687974736094,0.0,0,0,0.0008561529975850135,0.0,0.011492534977151081,0.0,0.0
neu_mbv2_pattern_mining,2026-02-08T11:31:34,2,74,15,3,0.96875,0.05835242569446564,0.0,0.12260244984645396,0.12260244984645396,0.0,0,0,0.000857907987665385,0.0,0.011402336996980011,0.0,0.0
neu_mbv2_pattern_mining,2026-02-08T11:31:34,2,75,15,4,0.6666666666666666,1.261164903640747,0.0,0.1464558401494287,0.1464558401494287,0.0,0,0,0.0008223209879361093,0.0,0.01382326302700676,0.0,0.0
neu_mbv2_pattern_mining,2026-02-08T11:31:35,3,71,15,0,1.0,2.6712685212260112e-05,0.0,0.6767427199520171,0.6767427199520171,0.0,0,0,0.006665392982540652,0.0,0.061008879012661055,0.0,0.0
neu_mbv2_pattern_mining,2026-02-08T11:31:35,3,72,15,1,1.0,2.856174251064658e-05,0.0,0.15286918001947924,0.15286918001947924,0.0,0,0,0.0010598860098980367,0.0,0.014227031992049888,0.0,0.0
neu_mbv2_pattern_mining,2026-02-08T11:31:35,3,73,15,2,1.0,0.0004915187018923461,0.0,0.14971574011724442,0.14971574011724442,0.0,0,0,0.0009789839969016612,0.0,0.013992590014822781,0.0,0.0
neu_mbv2_pattern_mining,2026-02-08T11:31:35,3,74,15,3,1.0,0.00041469073039479554,0.0,0.15544613008387387,0.15544613008387387,0.0,0,0,0.0010131699964404106,0.0,0.014531443011946976,0.0,0.0
neu_mbv2_pattern_mining,2026-02-08T11:31:35,3,75,15,4,0.6666666666666666,2.152346134185791,0.0,0.16207663022214547,0.16207663022214547,0.0,0,0,0.0009738450171425939,0.0,0.015233818005071953,0.0,0.0
neu_mbv2_pattern_mining,2026-02-08T11:31:36,4,71,15,0,1.0,1.2936356142745353e-05,0.0,0.32432778971269727,0.32432778971269727,0.0,0,0,0.0035950889869127423,0.0,0.028837689984356984,0.0,0.0
neu_mbv2_pattern_mining,2026-02-08T11:31:36,4,72,15,1,1.0,3.0891165806679055e-05,0.0,0.10430129012092948,0.10430129012092948,0.0,0,0,0.000757619010983035,0.0,0.009672510001109913,0.0,0.0
neu_mbv2_pattern_mining,2026-02-08T11:31:36,4,73,15,2,1.0,5.260594480205327e-05,0.0,0.1075854297960177,0.1075854297960177,0.0,0,0,0.00076299998909235,0.0,0.00999554299050942,0.0,0.0
neu_mbv2_pattern_mining,2026-02-08T11:31:36,4,74,15,3,1.0,2.6188481569988653e-06,0.0,0.1111087398021482,0.1111087398021482,0.0,0,0,0.0008528489852324128,0.0,0.010258024994982406,0.0,0.0
neu_mbv2_pattern_mining,2026-02-08T11:31:36,4,75,15,4,0.6666666666666666,1.850028157234192,0.0,0.13197297987062484,0.13197297987062484,0.0,0,0,0.0008961169805843383,0.0,0.012301181006478146,0.0,0.0
neu_mbv2_pattern_mining,2026-02-08T11:31:37,0,76,16,0,1.0,0.0005254673305898905,0.0,0.598698069807142,0.598698069807142,0.0,0,0,0.003810747992247343,0.0,0.05605905898846686,0.0,0.0
neu_mbv2_pattern_mining,2026-02-08T11:31:38,0,77,16,1,0.953125,0.1750202625989914,0.0,0.18039078044239432,0.18039078044239432,0.0,0,0,0.001210122019983828,0.0,0.016828956024255604,0.0,0.0
neu_mbv2_pattern_mining,2026-02-08T11:31:38,0,78,16,2,1.0,0.005115288309752941,0.0,0.1625411500572227,0.1625411500572227,0.0,0,0,0.0011509670002851635,0.0,0.015103148005437106,0.0,0.0
neu_mbv2_pattern_mining,2026-02-08T11:31:38,0,79,16,3,1.0,6.13332522334531e-05,0.0,0.14196146017638966,0.14196146017638966,0.0,0,0,0.0009636050090193748,0.0,0.013232541008619592,0.0,0.0
neu_mbv2_pattern_mining,2026-02-08T11:31:38,0,80,16,4,0.5,2.9700005054473877,0.0,0.15201711998088285,0.15201711998088285,0.0,0,0,0.0010275619861204177,0.0,0.014174150011967868,0.0,0.0
neu_mbv2_pattern_mining,2026-02-08T11:31:38,1,76,16,0,1.0,0.0020154668018221855,0.0,0.31950475997291505,0.31950475997291505,0.0,0,0,0.0038569329772144556,0.0,0.02809354302007705,0.0,0.0
neu_mbv2_pattern_mining,2026-02-08T11:31:38,1,77,16,1,0.953125,0.13273000717163086,0.0,0.08892212033970281,0.08892212033970281,0.0,0,0,0.0006915820122230798,0.0,0.008200630021747202,0.0,0.0
neu_mbv2_pattern_mining,2026-02-08T11:31:38,1,78,16,2,1.0,0.0002068297762889415,0.0,0.0879951601382345,0.0879951601382345,0.0,0,0,0.0006477250135503709,0.0,0.008151791000273079,0.0,0.0
neu_mbv2_pattern_mining,2026-02-08T11:31:38,1,79,16,3,0.984375,0.03290719538927078,0.0,0.09817446989472955,0.09817446989472955,0.0,0,0,0.000688011001329869,0.0,0.009129435988143086,0.0,0.0
neu_mbv2_pattern_mining,2026-02-08T11:31:38,1,80,16,4,0.6666666666666666,2.1798715591430664,0.0,0.1287331699859351,0.1287331699859351,0.0,0,0,0.0007194209902081639,0.0,0.012153896008385345,0.0,0.0
neu_mbv2_pattern_mining,2026-02-08T11:31:39,2,76,16,0,1.0,5.6716366088949144e-05,0.0,0.284266080125235,0.284266080125235,0.0,0,0,0.0031474310089834034,0.0,0.0252791770035401,0.0,0.0
neu_mbv2_pattern_mining,2026-02-08T11:31:39,2,77,16,1,0.984375,0.10580669343471527,0.0,0.08461887016892433,0.08461887016892433,0.0,0,0,0.0007877880125306547,0.0,0.0076740990043617785,0.0,0.0
neu_mbv2_pattern_mining,2026-02-08T11:31:39,2,78,16,2,0.984375,0.2224745899438858,0.0,0.09960204974049702,0.09960204974049702,0.0,0,0,0.0007232609787024558,0.0,0.009236943995347247,0.0,0.0
neu_mbv2_pattern_mining,2026-02-08T11:31:39,2,79,16,3,1.0,0.012049902230501175,0.0,0.09864606021437794,0.09864606021437794,0.0,0,0,0.0007034000009298325,0.0,0.009161206020507962,0.0,0.0
neu_mbv2_pattern_mining,2026-02-08T11:31:39,2,80,16,4,0.0,3.2099990844726562,0.0,0.12808720028260723,0.12808720028260723,0.0,0,0,0.0006827360193710774,0.0,0.012125984008889645,0.0,0.0
neu_mbv2_pattern_mining,2026-02-08T11:31:40,3,76,16,0,1.0,1.1876753887918312e-05,0.0,0.4990583300241269,0.4990583300241269,0.0,0,0,0.005451129021821544,0.0,0.04445470398059115,0.0,0.0
neu_mbv2_pattern_mining,2026-02-08T11:31:40,3,77,16,1,1.0,0.0001849696272984147,0.0,0.11815089004812762,0.11815089004812762,0.0,0,0,0.0008430680027231574,0.0,0.010972021002089605,0.0,0.0
neu_mbv2_pattern_mining,2026-02-08T11:31:40,3,78,16,2,1.0,0.0054056160151958466,0.0,0.12861647992394865,0.12861647992394865,0.0,0,0,0.000905065011465922,0.0,0.011956582980928943,0.0,0.0
neu_mbv2_pattern_mining,2026-02-08T11:31:40,3,79,16,3,1.0,2.131575092789717e-05,0.0,0.11476077983388677,0.11476077983388677,0.0,0,0,0.0008039499807637185,0.0,0.010672128002624959,0.0,0.0
neu_mbv2_pattern_mining,2026-02-08T11:31:40,3,80,16,4,0.6666666666666666,1.2679858207702637,0.0,0.12851823004893959,0.12851823004893959,0.0,0,0,0.0007116610067896545,0.0,0.012140161998104304,0.0,0.0
neu_mbv2_pattern_mining,2026-02-08T11:31:41,4,76,16,0,1.0,0.0003101250622421503,0.0,0.41220317012630403,0.41220317012630403,0.0,0,0,0.004587659001117572,0.0,0.03663265801151283,0.0,0.0
neu_mbv2_pattern_mining,2026-02-08T11:31:41,4,77,16,1,0.984375,0.041456498205661774,0.0,0.12057501007802784,0.12057501007802784,0.0,0,0,0.0009242910018656403,0.0,0.011133210005937144,0.0,0.0
neu_mbv2_pattern_mining,2026-02-08T11:31:41,4,78,16,2,1.0,0.0015813501086086035,0.0,0.1170644600642845,0.1170644600642845,0.0,0,0,0.0008381229999940842,0.0,0.010868323006434366,0.0,0.0
neu_mbv2_pattern_mining,2026-02-08T11:31:41,4,79,16,3,0.8125,1.7892460823059082,0.0,0.10933446959825233,0.10933446959825233,0.0,0,0,0.0007857449818402529,0.0,0.01014770197798498,0.0,0.0
neu_mbv2_pattern_mining,2026-02-08T11:31:41,4,80,16,4,1.0,0.008274034596979618,0.0,0.1222119401791133,0.1222119401791133,0.0,0,0,0.0007248320034705102,0.0,0.01149636201444082,0.0,0.0
neu_mbv2_pattern_mining,2026-02-08T11:31:42,0,81,17,0,1.0,0.0005657448782585561,0.0,0.3981573000783101,0.3981573000783101,0.0,0,0,0.002559415006544441,0.0,0.037256315001286566,0.0,0.0
neu_mbv2_pattern_mining,2026-02-08T11:31:42,0,82,17,1,0.96875,0.07001283019781113,0.0,0.12725214008241892,0.12725214008241892,0.0,0,0,0.0009252949967049062,0.0,0.011799919011536986,0.0,0.0
neu_mbv2_pattern_mining,2026-02-08T11:31:42,0,83,17,2,1.0,0.0015137908048927784,0.0,0.12319957982981578,0.12319957982981578,0.0,0,0,0.0009969449893105775,0.0,0.011323012993671,0.0,0.0
neu_mbv2_pattern_mining,2026-02-08T11:31:42,0,84,17,3,0.890625,0.974498987197876,0.0,0.12703020998742431,0.12703020998742431,0.0,0,0,0.0010390440002083778,0.0,0.011663976998534054,0.0,0.0
neu_mbv2_pattern_mining,2026-02-08T11:31:42,0,85,17,4,0.75,2.045740842819214,0.0,0.12128661037422717,0.12128661037422717,0.0,0,0,0.0008179480209946632,0.0,0.011310713016428053,0.0,0.0
neu_mbv2_pattern_mining,2026-02-08T11:31:43,1,81,17,0,1.0,0.0007399676833301783,0.0,0.6320971398963593,0.6320971398963593,0.0,0,0,0.007000986981438473,0.0,0.05620872700819746,0.0,0.0
neu_mbv2_pattern_mining,2026-02-08T11:31:43,1,82,17,1,0.875,1.168089747428894,0.0,0.13353346002986655,0.13353346002986655,0.0,0,0,0.0009777969971764833,0.0,0.012375549005810171,0.0,0.0
neu_mbv2_pattern_mining,2026-02-08T11:31:43,1,83,17,2,1.0,3.7723311834270135e-05,0.0,0.10407613997813314,0.10407613997813314,0.0,0,0,0.0007392450061161071,0.0,0.009668368991697207,0.0,0.0
neu_mbv2_pattern_mining,2026-02-08T11:31:43,1,84,17,3,0.9375,0.17991796135902405,0.0,0.10155387979466468,0.10155387979466468,0.0,0,0,0.000743005977710709,0.0,0.009412382001755759,0.0,0.0
neu_mbv2_pattern_mining,2026-02-08T11:31:43,1,85,17,4,0.6666666666666666,0.27566665410995483,0.0,0.1196697197156027,0.1196697197156027,0.0,0,0,0.0006554609863087535,0.0,0.011311510985251516,0.0,0.0
neu_mbv2_pattern_mining,2026-02-08T11:31:44,2,81,17,0,1.0,4.666469249059446e-05,0.0,0.4934406001120806,0.4934406001120806,0.0,0,0,0.005349283019313589,0.0,0.04399477699189447,0.0,0.0
neu_mbv2_pattern_mining,2026-02-08T11:31:44,2,82,17,1,1.0,8.175260154530406e-05,0.0,0.13053129019681364,0.13053129019681364,0.0,0,0,0.0009429430065210909,0.0,0.012110186013160273,0.0,0.0
neu_mbv2_pattern_mining,2026-02-08T11:31:44,2,83,17,2,0.984375,0.016084808856248856,0.0,0.13122332020429894,0.13122332020429894,0.0,0,0,0.0009401240095030516,0.0,0.012182208010926843,0.0,0.0
neu_mbv2_pattern_mining,2026-02-08T11:31:44,2,84,17,3,1.0,0.0024353426415473223,0.0,0.13485914998454973,0.13485914998454973,0.0,0,0,0.0010599310044199228,0.0,0.01242598399403505,0.0,0.0
neu_mbv2_pattern_mining,2026-02-08T11:31:44,2,85,17,4,0.3333333333333333,2.789545774459839,0.0,0.18322880991036072,0.18322880991036072,0.0,0,0,0.001014545006910339,0.0,0.017308335984125733,0.0,0.0
neu_mbv2_pattern_mining,2026-02-08T11:31:44,3,81,17,0,1.0,5.4719577747164294e-05,0.0,0.4498881899053231,0.4498881899053231,0.0,0,0,0.005238109006313607,0.0,0.0397507099842187,0.0,0.0
neu_mbv2_pattern_mining,2026-02-08T11:31:44,3,82,17,1,0.984375,0.035118620842695236,0.0,0.13771843980066478,0.13771843980066478,0.0,0,0,0.000973146001342684,0.0,0.012798697978723794,0.0,0.0
neu_mbv2_pattern_mining,2026-02-08T11:31:44,3,83,17,2,0.953125,0.11630166321992874,0.0,0.1241820800350979,0.1241820800350979,0.0,0,0,0.000898637023055926,0.0,0.011519570980453864,0.0,0.0
neu_mbv2_pattern_mining,2026-02-08T11:31:44,3,84,17,3,0.734375,2.3107845783233643,0.0,0.12409949005814269,0.12409949005814269,0.0,0,0,0.0008695349970366806,0.0,0.011540414008777589,0.0,0.0
neu_mbv2_pattern_mining,2026-02-08T11:31:44,3,85,17,4,1.0,0.019176321104168892,0.0,0.1446332602063194,0.1446332602063194,0.0,0,0,0.0008650440140627325,0.0,0.013598282006569207,0.0,0.0
neu_mbv2_pattern_mining,2026-02-08T11:31:45,4,81,17,0,1.0,2.0402783775352873e-05,0.0,0.31351187033578753,0.31351187033578753,0.0,0,0,0.003320998017443344,0.0,0.02803018901613541,0.0,0.0
neu_mbv2_pattern_mining,2026-02-08T11:31:45,4,82,17,1,1.0,2.2301121134660207e-05,0.0,0.10908498981734738,0.10908498981734738,0.0,0,0,0.000829842989332974,0.0,0.010078655992401764,0.0,0.0
neu_mbv2_pattern_mining,2026-02-08T11:31:45,4,83,17,2,0.984375,0.0654495507478714,0.0,0.10458147997269407,0.10458147997269407,0.0,0,0,0.0007394900021608919,0.0,0.009718657995108515,0.0,0.0
neu_mbv2_pattern_mining,2026-02-08T11:31:45,4,84,17,3,1.0,0.00028868066146969795,0.0,0.11057012976380065,0.11057012976380065,0.0,0,0,0.0007867669919505715,0.0,0.010270245984429494,0.0,0.0
neu_mbv2_pattern_mining,2026-02-08T11:31:45,4,85,17,4,1.0,0.005119630601257086,0.0,0.1297047600382939,0.1297047600382939,0.0,0,0,0.0007612799818161875,0.0,0.012209196022013202,0.0,0.0
neu_mbv2_pattern_mining,2026-02-08T11:31:46,0,86,18,0,1.0,0.00011931803601328284,0.0,0.6113966900738887,0.6113966900738887,0.0,0,0,0.00401314502232708,0.0,0.057126523985061795,0.0,0.0
neu_mbv2_pattern_mining,2026-02-08T11:31:46,0,87,18,1,1.0,0.00046456846757791936,0.0,0.15848505980102345,0.15848505980102345,0.0,0,0,0.001338579982984811,0.0,0.014509925997117534,0.0,0.0
neu_mbv2_pattern_mining,2026-02-08T11:31:46,0,88,18,2,1.0,0.00046352724893949926,0.0,0.13276437035528943,0.13276437035528943,0.0,0,0,0.0010135980264749378,0.0,0.012262839009054005,0.0,0.0
neu_mbv2_pattern_mining,2026-02-08T11:31:46,0,89,18,3,0.953125,0.44805753231048584,0.0,0.1165773201500997,0.1165773201500997,0.0,0,0,0.0008185810002032667,0.0,0.010839151014806703,0.0,0.0
neu_mbv2_pattern_mining,2026-02-08T11:31:46,0,90,18,4,0.75,1.149135708808899,0.0,0.11462713999208063,0.11462713999208063,0.0,0,0,0.0008044700080063194,0.0,0.010658243991201743,0.0,0.0
neu_mbv2_pattern_mining,2026-02-08T11:31:47,1,86,18,0,1.0,6.577403109986335e-05,0.0,0.4263748400262557,0.4263748400262557,0.0,0,0,0.0048232000262942165,0.0,0.03781428397633135,0.0,0.0
neu_mbv2_pattern_mining,2026-02-08T11:31:47,1,87,18,1,0.984375,0.016393594443798065,0.0,0.12243547971593216,0.12243547971593216,0.0,0,0,0.0009374719811603427,0.0,0.011306075990432873,0.0,0.0
neu_mbv2_pattern_mining,2026-02-08T11:31:47,1,88,18,2,1.0,0.02468310296535492,0.0,0.13442494004266337,0.13442494004266337,0.0,0,0,0.001009761996101588,0.0,0.012432732008164749,0.0,0.0
neu_mbv2_pattern_mining,2026-02-08T11:31:47,1,89,18,3,0.984375,0.07562750577926636,0.0,0.13392823020694777,0.13392823020694777,0.0,0,0,0.0010063149966299534,0.0,0.012386508024064824,0.0,0.0
neu_mbv2_pattern_mining,2026-02-08T11:31:47,1,90,18,4,0.6666666666666666,0.6407822966575623,0.0,0.16472120973048732,0.16472120973048732,0.0,0,0,0.0008602719753980637,0.0,0.015611848997650668,0.0,0.0
neu_mbv2_pattern_mining,2026-02-08T11:31:48,2,86,18,0,1.0,0.00014752546849194914,0.0,0.386978629976511,0.386978629976511,0.0,0,0,0.003494620992569253,0.0,0.03520324200508185,0.0,0.0
neu_mbv2_pattern_mining,2026-02-08T11:31:48,2,87,18,1,1.0,0.001978662796318531,0.0,0.11956864007515833,0.11956864007515833,0.0,0,0,0.0008836649940349162,0.0,0.011073199013480917,0.0,0.0
neu_mbv2_pattern_mining,2026-02-08T11:31:48,2,88,18,2,1.0,0.00048845075070858,0.0,0.11008231027517468,0.11008231027517468,0.0,0,0,0.0007783090113662183,0.0,0.01022992201615125,0.0,0.0
neu_mbv2_pattern_mining,2026-02-08T11:31:48,2,89,18,3,0.921875,0.28201577067375183,0.0,0.11573717987630516,0.11573717987630516,0.0,0,0,0.0009345849975943565,0.0,0.01063913299003616,0.0,0.0
neu_mbv2_pattern_mining,2026-02-08T11:31:48,2,90,18,4,0.6666666666666666,2.460283041000366,0.0,0.14428094000322744,0.14428094000322744,0.0,0,0,0.0009142070193774998,0.0,0.013513886980945244,0.0,0.0
neu_mbv2_pattern_mining,2026-02-08T11:31:49,3,86,18,0,1.0,0.00036985205952078104,0.0,0.5095705500571057,0.5095705500571057,0.0,0,0,0.0053892429859843105,0.0,0.04556781201972626,0.0,0.0
neu_mbv2_pattern_mining,2026-02-08T11:31:49,3,87,18,1,1.0,0.00024716052575968206,0.0,0.13451766018988565,0.13451766018988565,0.0,0,0,0.0009655320027377456,0.0,0.012486234016250819,0.0,0.0
neu_mbv2_pattern_mining,2026-02-08T11:31:49,3,88,18,2,0.96875,0.059476643800735474,0.0,0.12201038043713197,0.12201038043713197,0.0,0,0,0.0008645490161143243,0.0,0.011336489027598873,0.0,0.0
neu_mbv2_pattern_mining,2026-02-08T11:31:49,3,89,18,3,1.0,0.0011519994586706161,0.0,0.12311200960539281,0.12311200960539281,0.0,0,0,0.0008667959773447365,0.0,0.011444404983194545,0.0,0.0
neu_mbv2_pattern_mining,2026-02-08T11:31:49,3,90,18,4,0.3333333333333333,2.9868717193603516,0.0,0.14191336988005787,0.14191336988005787,0.0,0,0,0.00079349399311468,0.0,0.013397842994891107,0.0,0.0
neu_mbv2_pattern_mining,2026-02-08T11:31:49,4,86,18,0,1.0,0.006995552219450474,0.0,0.5135565000819042,0.5135565000819042,0.0,0,0,0.007318276999285445,0.0,0.04403737300890498,0.0,0.0
neu_mbv2_pattern_mining,2026-02-08T11:31:49,4,87,18,1,1.0,0.0006143301725387573,0.0,0.14456437987973914,0.14456437987973914,0.0,0,0,0.0010460439953021705,0.0,0.013410393992671743,0.0,0.0
neu_mbv2_pattern_mining,2026-02-08T11:31:49,4,88,18,2,0.96875,0.09003865718841553,0.0,0.13490571989677846,0.13490571989677846,0.0,0,0,0.0009498120052739978,0.0,0.012540759984403849,0.0,0.0
neu_mbv2_pattern_mining,2026-02-08T11:31:50,4,89,18,3,0.984375,0.06190532073378563,0.0,0.13428190984996036,0.13428190984996036,0.0,0,0,0.0011104379955213517,0.0,0.012317752989474684,0.0,0.0
neu_mbv2_pattern_mining,2026-02-08T11:31:50,4,90,18,4,1.0,0.006310520227998495,0.0,0.1699154797825031,0.1699154797825031,0.0,0,0,0.0012735819909721613,0.0,0.01571796598727815,0.0,0.0
neu_mbv2_pattern_mining,2026-02-08T11:31:51,0,91,19,0,1.0,8.189794243662618e-06,0.0,0.5357634896063246,0.5357634896063246,0.0,0,0,0.0033819209784269333,0.0,0.050194427982205525,0.0,0.0
neu_mbv2_pattern_mining,2026-02-08T11:31:51,0,92,19,1,1.0,0.0001621696719666943,0.0,0.1083264296175912,0.1083264296175912,0.0,0,0,0.000834513979498297,0.0,0.009998128982260823,0.0,0.0
neu_mbv2_pattern_mining,2026-02-08T11:31:51,0,93,19,2,1.0,0.009925972670316696,0.0,0.08203573001082987,0.08203573001082987,0.0,0,0,0.0006053399993106723,0.0,0.007598233001772314,0.0,0.0
neu_mbv2_pattern_mining,2026-02-08T11:31:51,0,94,19,3,1.0,0.01317044161260128,0.0,0.08398156991461292,0.08398156991461292,0.0,0,0,0.0006241640076041222,0.0,0.00777399298385717,0.0,0.0
neu_mbv2_pattern_mining,2026-02-08T11:31:51,0,95,19,4,0.25,4.998106956481934,0.0,0.09239983017323539,0.09239983017323539,0.0,0,0,0.0007768120267428458,0.0,0.008463170990580693,0.0,0.0
neu_mbv2_pattern_mining,2026-02-08T11:31:52,1,91,19,0,1.0,0.000281528482446447,0.0,0.5792686602217145,0.5792686602217145,0.0,0,0,0.0071373840037267655,0.0,0.05078948201844469,0.0,0.0
neu_mbv2_pattern_mining,2026-02-08T11:31:52,1,92,19,1,0.984375,0.15632368624210358,0.0,0.12860857998020947,0.12860857998020947,0.0,0,0,0.0009392669890075922,0.0,0.011921591009013355,0.0,0.0
neu_mbv2_pattern_mining,2026-02-08T11:31:52,1,93,19,2,1.0,0.0023378883488476276,0.0,0.14118774008238688,0.14118774008238688,0.0,0,0,0.0010210530017502606,0.0,0.013097721006488428,0.0,0.0
neu_mbv2_pattern_mining,2026-02-08T11:31:52,1,94,19,3,0.984375,0.03215363621711731,0.0,0.1306701998692006,0.1306701998692006,0.0,0,0,0.0009275070042349398,0.0,0.012139512982685119,0.0,0.0
neu_mbv2_pattern_mining,2026-02-08T11:31:52,1,95,19,4,1.0,0.2549043595790863,0.0,0.15864979999605566,0.15864979999605566,0.0,0,0,0.0009053699905052781,0.0,0.014959610009100288,0.0,0.0
neu_mbv2_pattern_mining,2026-02-08T11:31:53,2,91,19,0,1.0,3.544942956068553e-05,0.0,0.40718091011513025,0.40718091011513025,0.0,0,0,0.0046842030133120716,0.0,0.03603388799820095,0.0,0.0
neu_mbv2_pattern_mining,2026-02-08T11:31:53,2,92,19,1,1.0,0.0005380279617384076,0.0,0.11309493012959138,0.11309493012959138,0.0,0,0,0.0009782529959920794,0.0,0.010331240016967058,0.0,0.0
neu_mbv2_pattern_mining,2026-02-08T11:31:53,2,93,19,2,1.0,7.662854477530345e-05,0.0,0.10040391993243247,0.10040391993243247,0.0,0,0,0.0007306399929802865,0.0,0.00930975200026296,0.0,0.0
neu_mbv2_pattern_mining,2026-02-08T11:31:53,2,94,19,3,0.984375,0.025136735290288925,0.0,0.09912246983731166,0.09912246983731166,0.0,0,0,0.000715057976776734,0.0,0.009197189006954432,0.0,0.0
neu_mbv2_pattern_mining,2026-02-08T11:31:53,2,95,19,4,0.6666666666666666,1.792990803718567,0.0,0.1364438803284429,0.1364438803284429,0.0,0,0,0.0008113520161714405,0.0,0.01283303601667285,0.0,0.0
neu_mbv2_pattern_mining,2026-02-08T11:31:54,3,91,19,0,1.0,0.006535193417221308,0.0,0.3111873602028936,0.3111873602028936,0.0,0,0,0.003433774021686986,0.0,0.027684961998602375,0.0,0.0
neu_mbv2_pattern_mining,2026-02-08T11:31:54,3,92,19,1,0.984375,0.035006679594516754,0.0,0.08573742990847677,0.08573742990847677,0.0,0,0,0.0006531990075018257,0.0,0.007920543983345851,0.0,0.0
neu_mbv2_pattern_mining,2026-02-08T11:31:54,3,93,19,2,1.0,0.0015458035049960017,0.0,0.09669307008152828,0.09669307008152828,0.0,0,0,0.0007161780085880309,0.0,0.008953128999564797,0.0,0.0
neu_mbv2_pattern_mining,2026-02-08T11:31:54,3,94,19,3,0.96875,0.12763012945652008,0.0,0.10030751029262319,0.10030751029262319,0.0,0,0,0.000685544015141204,0.0,0.009345207014121115,0.0,0.0
neu_mbv2_pattern_mining,2026-02-08T11:31:54,3,95,19,4,0.6666666666666666,0.6126372218132019,0.0,0.1344568602507934,0.1344568602507934,0.0,0,0,0.0007746960036456585,0.0,0.012670990021433681,0.0,0.0
neu_mbv2_pattern_mining,2026-02-08T11:31:55,4,91,19,0,1.0,1.1614715731411707e-05,0.0,0.3230343901668675,0.3230343901668675,0.0,0,0,0.004431397013831884,0.0,0.02787204200285487,0.0,0.0
neu_mbv2_pattern_mining,2026-02-08T11:31:55,4,92,19,1,1.0,0.00011304856889182702,0.0,0.08425583015196025,0.08425583015196025,0.0,0,0,0.0006265970005188137,0.0,0.007798986014677212,0.0,0.0
neu_mbv2_pattern_mining,2026-02-08T11:31:55,4,93,19,2,1.0,0.004373786970973015,0.0,0.08203481993405148,0.08203481993405148,0.0,0,0,0.0005988329940009862,0.0,0.007604648999404162,0.0,0.0
neu_mbv2_pattern_mining,2026-02-08T11:31:55,4,94,19,3,1.0,2.4785909772617742e-05,0.0,0.09646321006584913,0.09646321006584913,0.0,0,0,0.0008018249936867505,0.0,0.008844496012898162,0.0,0.0
neu_mbv2_pattern_mining,2026-02-08T11:31:55,4,95,19,4,0.6666666666666666,0.2597653567790985,0.0,0.11797404993558303,0.11797404993558303,0.0,0,0,0.0008793819870334119,0.0,0.01091802300652489,0.0,0.0
neu_mbv2_pattern_mining,2026-02-08T11:31:56,0,96,20,0,1.0,0.00017857039347290993,0.0,0.31213806971209124,0.31213806971209124,0.0,0,0,0.001803024992113933,0.0,0.02941078197909519,0.0,0.0
neu_mbv2_pattern_mining,2026-02-08T11:31:56,0,97,20,1,0.984375,0.049557656049728394,0.0,0.08955407014582306,0.08955407014582306,0.0,0,0,0.0007367850048467517,0.0,0.008218622009735554,0.0,0.0
neu_mbv2_pattern_mining,2026-02-08T11:31:56,0,98,20,2,0.984375,0.0720004066824913,0.0,0.09030871995491907,0.09030871995491907,0.0,0,0,0.0006596320017706603,0.0,0.008371239993721247,0.0,0.0
neu_mbv2_pattern_mining,2026-02-08T11:31:56,0,99,20,3,1.0,0.005711185745894909,0.0,0.09442852024221793,0.09442852024221793,0.0,0,0,0.000650867004878819,0.0,0.008791985019342974,0.0,0.0
neu_mbv2_pattern_mining,2026-02-08T11:31:56,0,100,20,4,1.0,0.08555607497692108,0.0,0.09992911975132301,0.09992911975132301,0.0,0,0,0.0007245739980135113,0.0,0.00926833797711879,0.0,0.0
neu_mbv2_pattern_mining,2026-02-08T11:31:57,1,96,20,0,1.0,9.526102803647518e-05,0.0,0.33899194007972255,0.33899194007972255,0.0,0,0,0.0036868219904135913,0.0,0.030212372017558664,0.0,0.0
neu_mbv2_pattern_mining,2026-02-08T11:31:57,1,97,20,1,1.0,0.00014402181841433048,0.0,0.09017336997203529,0.09017336997203529,0.0,0,0,0.0006835800013504922,0.0,0.008333756995853037,0.0,0.0
neu_mbv2_pattern_mining,2026-02-08T11:31:57,1,98,20,2,1.0,6.054630648577586e-05,0.0,0.10089672985486686,0.10089672985486686,0.0,0,0,0.0007252510113175958,0.0,0.00936442197416909,0.0,0.0
neu_mbv2_pattern_mining,2026-02-08T11:31:57,1,99,20,3,0.953125,0.26717379689216614,0.0,0.10259461996611208,0.10259461996611208,0.0,0,0,0.0007445740047842264,0.0,0.009514887991826981,0.0,0.0
neu_mbv2_pattern_mining,2026-02-08T11:31:57,1,100,20,4,0.3333333333333333,4.618019104003906,0.0,0.13506567978765815,0.13506567978765815,0.0,0,0,0.0007466219831258059,0.0,0.01275994599564001,0.0,0.0
neu_mbv2_pattern_mining,2026-02-08T11:31:58,2,96,20,0,1.0,5.3167008445598185e-05,0.0,0.5153704201802611,0.5153704201802611,0.0,0,0,0.0059280910063534975,0.0,0.045608951011672616,0.0,0.0
neu_mbv2_pattern_mining,2026-02-08T11:31:58,2,97,20,1,1.0,0.0004473517183214426,0.0,0.12892675964394584,0.12892675964394584,0.0,0,0,0.001021298987325281,0.0,0.011871376977069303,0.0,0.0
neu_mbv2_pattern_mining,2026-02-08T11:31:58,2,98,20,2,1.0,0.004543005488812923,0.0,0.13672658998984843,0.13672658998984843,0.0,0,0,0.0009522509935777634,0.0,0.01272040800540708,0.0,0.0
neu_mbv2_pattern_mining,2026-02-08T11:31:58,2,99,20,3,1.0,0.0007688547484576702,0.0,0.11580457998206839,0.11580457998206839,0.0,0,0,0.0008001159876585007,0.0,0.010780342010548338,0.0,0.0
neu_mbv2_pattern_mining,2026-02-08T11:31:58,2,100,20,4,0.6666666666666666,1.498681902885437,0.0,0.14490500994725153,0.14490500994725153,0.0,0,0,0.00083683300181292,0.0,0.013653667992912233,0.0,0.0
neu_mbv2_pattern_mining,2026-02-08T11:31:59,3,96,20,0,1.0,5.058765964349732e-06,0.0,0.5534008698305115,0.5534008698305115,0.0,0,0,0.005990483972709626,0.0,0.049349603010341525,0.0,0.0
neu_mbv2_pattern_mining,2026-02-08T11:31:59,3,97,20,1,1.0,6.7966466303914785e-06,0.0,0.12621731002582237,0.12621731002582237,0.0,0,0,0.0009461599984206259,0.0,0.011675571004161611,0.0,0.0
neu_mbv2_pattern_mining,2026-02-08T11:31:59,3,98,20,2,1.0,3.642163937911391e-05,0.0,0.13154320971807465,0.13154320971807465,0.0,0,0,0.0009323979902546853,0.0,0.01222192298155278,0.0,0.0
neu_mbv2_pattern_mining,2026-02-08T11:31:59,3,99,20,3,1.0,6.56192860333249e-05,0.0,0.1231144301709719,0.1231144301709719,0.0,0,0,0.0009181310015264899,0.0,0.0113933120155707,0.0,0.0
neu_mbv2_pattern_mining,2026-02-08T11:31:59,3,100,20,4,0.6666666666666666,1.209009051322937,0.0,0.1524924801196903,0.1524924801196903,0.0,0,0,0.0008556150132790208,0.0,0.014393632998690009,0.0,0.0
neu_mbv2_pattern_mining,2026-02-08T11:31:59,4,96,20,0,1.0,4.298945896152873e-06,0.0,0.480036290246062,0.480036290246062,0.0,0,0,0.005221505009103566,0.0,0.04278212401550263,0.0,0.0
neu_mbv2_pattern_mining,2026-02-08T11:32:00,4,97,20,1,1.0,2.3326660084421746e-05,0.0,0.11926174018299207,0.11926174018299207,0.0,0,0,0.0008650300151202828,0.0,0.011061144003178924,0.0,0.0
neu_mbv2_pattern_mining,2026-02-08T11:32:00,4,98,20,2,1.0,4.577839717967436e-05,0.0,0.13380215998040512,0.13380215998040512,0.0,0,0,0.0009954429988283664,0.0,0.012384772999212146,0.0,0.0
neu_mbv2_pattern_mining,2026-02-08T11:32:00,4,99,20,3,1.0,0.010838276706635952,0.0,0.13748422992648557,0.13748422992648557,0.0,0,0,0.0010607159929350019,0.0,0.012687706999713555,0.0,0.0
neu_mbv2_pattern_mining,2026-02-08T11:32:00,4,100,20,4,1.0,0.004139462485909462,0.0,0.17851092998171225,0.17851092998171225,0.0,0,0,0.001842078985646367,0.0,0.016009014012524858,0.0,0.0
neu_mbv2_pattern_mining,2026-02-08T11:32:01,0,101,21,0,1.0,0.0016260298434644938,0.0,0.2873402601107955,0.2873402601107955,0.0,0,0,0.0017879340157378465,0.0,0.026946091995341703,0.0,0.0
neu_mbv2_pattern_mining,2026-02-08T11:32:01,0,102,21,1,1.0,0.021621812134981155,0.0,0.08303370996145532,0.08303370996145532,0.0,0,0,0.0006138330209068954,0.0,0.007689537975238636,0.0,0.0
neu_mbv2_pattern_mining,2026-02-08T11:32:01,0,103,21,2,1.0,0.00011543650907697156,0.0,0.09347220009658486,0.09347220009658486,0.0,0,0,0.0006757870141882449,0.0,0.00867143299547024,0.0,0.0
neu_mbv2_pattern_mining,2026-02-08T11:32:01,0,104,21,3,0.9375,0.38015735149383545,0.0,0.08925975998863578,0.08925975998863578,0.0,0,0,0.0006465810001827776,0.0,0.0082793949986808,0.0,0.0
neu_mbv2_pattern_mining,2026-02-08T11:32:01,0,105,21,4,0.75,1.0955629348754883,0.0,0.09448461991269141,0.09448461991269141,0.0,0,0,0.0006685080006718636,0.0,0.008779953990597278,0.0,0.0
neu_mbv2_pattern_mining,2026-02-08T11:32:02,1,101,21,0,1.0,1.8495968106435612e-05,0.0,0.3161928299232386,0.3161928299232386,0.0,0,0,0.0032932489993982017,0.0,0.02832603399292566,0.0,0.0
neu_mbv2_pattern_mining,2026-02-08T11:32:02,1,102,21,1,1.0,1.2883379895356484e-05,0.0,0.08973257994512096,0.08973257994512096,0.0,0,0,0.0007759910076856613,0.0,0.008197266986826435,0.0,0.0
neu_mbv2_pattern_mining,2026-02-08T11:32:02,1,103,21,2,1.0,0.00014057991211302578,0.0,0.11443517985753715,0.11443517985753715,0.0,0,0,0.0009030469809658825,0.0,0.010540471004787832,0.0,0.0
neu_mbv2_pattern_mining,2026-02-08T11:32:02,1,104,21,3,1.0,0.0002560826833359897,0.0,0.12535048997960985,0.12535048997960985,0.0,0,0,0.0009306930005550385,0.0,0.011604355997405946,0.0,0.0
neu_mbv2_pattern_mining,2026-02-08T11:32:02,1,105,21,4,0.6666666666666666,0.7767961025238037,0.0,0.12958711973624304,0.12958711973624304,0.0,0,0,0.0007237719837576151,0.0,0.012234939989866689,0.0,0.0
neu_mbv2_pattern_mining,2026-02-08T11:32:02,2,101,21,0,1.0,6.120251782704145e-05,0.0,0.42539390007732436,0.42539390007732436,0.0,0,0,0.004544625990092754,0.0,0.03799476401763968,0.0,0.0
neu_mbv2_pattern_mining,2026-02-08T11:32:02,2,102,21,1,1.0,0.009122173301875591,0.0,0.12103327026125044,0.12103327026125044,0.0,0,0,0.0009333290217909962,0.0,0.011169998004334047,0.0,0.0
neu_mbv2_pattern_mining,2026-02-08T11:32:02,2,103,21,2,1.0,0.000966151594184339,0.0,0.11755939020076767,0.11755939020076767,0.0,0,0,0.0008256160072050989,0.0,0.010930323012871668,0.0,0.0
neu_mbv2_pattern_mining,2026-02-08T11:32:02,2,104,21,3,0.96875,0.1271868497133255,0.0,0.11708320991601795,0.11708320991601795,0.0,0,0,0.000846921990159899,0.0,0.010861399001441896,0.0,0.0
neu_mbv2_pattern_mining,2026-02-08T11:32:02,2,105,21,4,0.0,5.149962425231934,0.0,0.13885270978789777,0.13885270978789777,0.0,0,0,0.0008128209738060832,0.0,0.013072450004983693,0.0,0.0
neu_mbv2_pattern_mining,2026-02-08T11:32:03,3,101,21,0,1.0,2.6467928364581894e-06,0.0,0.6039985601091757,0.6039985601091757,0.0,0,0,0.006734688999131322,0.0,0.05366516701178625,0.0,0.0
neu_mbv2_pattern_mining,2026-02-08T11:32:03,3,102,21,1,1.0,2.553556078055408e-05,0.0,0.1526271301554516,0.1526271301554516,0.0,0,0,0.0009988270176108927,0.0,0.014263885997934267,0.0,0.0
neu_mbv2_pattern_mining,2026-02-08T11:32:03,3,103,21,2,1.0,6.703635881422088e-05,0.0,0.1629578901338391,0.1629578901338391,0.0,0,0,0.0012565110228024423,0.0,0.015039277990581468,0.0,0.0
neu_mbv2_pattern_mining,2026-02-08T11:32:03,3,104,21,3,1.0,7.002122583799064e-05,0.0,0.14182060986058787,0.14182060986058787,0.0,0,0,0.000993583002127707,0.0,0.01318847798393108,0.0,0.0
neu_mbv2_pattern_mining,2026-02-08T11:32:03,3,105,21,4,1.0,0.13034610450267792,0.0,0.15329771005781367,0.15329771005781367,0.0,0,0,0.0009120640170294791,0.0,0.014417706988751888,0.0,0.0
neu_mbv2_pattern_mining,2026-02-08T11:32:04,4,101,21,0,1.0,4.977922435500659e-05,0.0,0.5524629101273604,0.5524629101273604,0.0,0,0,0.005703164002625272,0.0,0.049543127010110766,0.0,0.0
neu_mbv2_pattern_mining,2026-02-08T11:32:04,4,102,21,1,1.0,0.00043612439185380936,0.0,0.13509965006960556,0.13509965006960556,0.0,0,0,0.0009438669949304312,0.0,0.012566098012030125,0.0,0.0
neu_mbv2_pattern_mining,2026-02-08T11:32:04,4,103,21,2,0.984375,0.14762742817401886,0.0,0.13130529987392947,0.13130529987392947,0.0,0,0,0.0009199240012094378,0.0,0.01221060598618351,0.0,0.0
neu_mbv2_pattern_mining,2026-02-08T11:32:04,4,104,21,3,0.984375,0.01663513109087944,0.0,0.1438185799634084,0.1438185799634084,0.0,0,0,0.0009762289992067963,0.0,0.013405628997134045,0.0,0.0
neu_mbv2_pattern_mining,2026-02-08T11:32:04,4,105,21,4,0.6666666666666666,0.9494783878326416,0.0,0.15254360012477264,0.15254360012477264,0.0,0,0,0.0009063940087798983,0.0,0.014347966003697366,0.0,0.0
neu_mbv2_pattern_mining,2026-02-08T11:32:05,0,106,22,0,1.0,0.0031935302540659904,0.0,0.2907125902129337,0.2907125902129337,0.0,0,0,0.0019114550086669624,0.0,0.02715980401262641,0.0,0.0
neu_mbv2_pattern_mining,2026-02-08T11:32:05,0,107,22,1,1.0,0.0016395470593124628,0.0,0.0892992501030676,0.0892992501030676,0.0,0,0,0.0007711990037932992,0.0,0.008158726006513461,0.0,0.0
neu_mbv2_pattern_mining,2026-02-08T11:32:05,0,108,22,2,0.984375,0.029871471226215363,0.0,0.08812401007162407,0.08812401007162407,0.0,0,0,0.0007885030063334852,0.0,0.008023898000828922,0.0,0.0
neu_mbv2_pattern_mining,2026-02-08T11:32:05,0,109,22,3,0.984375,0.041128914803266525,0.0,0.08577961998526007,0.08577961998526007,0.0,0,0,0.0006315810023806989,0.0,0.007946380996145308,0.0,0.0
neu_mbv2_pattern_mining,2026-02-08T11:32:05,0,110,22,4,0.25,3.792689800262451,0.0,0.10070441028801724,0.10070441028801724,0.0,0,0,0.0009522380132693797,0.0,0.009118203015532345,0.0,0.0
neu_mbv2_pattern_mining,2026-02-08T11:32:06,1,106,22,0,1.0,0.0006647144327871501,0.0,0.3939909697510302,0.3939909697510302,0.0,0,0,0.0033347449789289385,0.0,0.03606435199617408,0.0,0.0
neu_mbv2_pattern_mining,2026-02-08T11:32:06,1,107,22,1,0.96875,0.19565266370773315,0.0,0.09013708011480048,0.09013708011480048,0.0,0,0,0.0006477349961642176,0.0,0.00836597301531583,0.0,0.0
neu_mbv2_pattern_mining,2026-02-08T11:32:06,1,108,22,2,0.984375,0.011939055286347866,0.0,0.08105246990453452,0.08105246990453452,0.0,0,0,0.0005811550072394311,0.0,0.007524091983214021,0.0,0.0
neu_mbv2_pattern_mining,2026-02-08T11:32:06,1,109,22,3,0.984375,0.040054451674222946,0.0,0.08014643972273916,0.08014643972273916,0.0,0,0,0.0005663209885824472,0.0,0.007448322983691469,0.0,0.0
neu_mbv2_pattern_mining,2026-02-08T11:32:06,1,110,22,4,0.3333333333333333,2.250399351119995,0.0,0.10254728986183181,0.10254728986183181,0.0,0,0,0.0005790930008515716,0.0,0.00967563598533161,0.0,0.0
neu_mbv2_pattern_mining,2026-02-08T11:32:07,2,106,22,0,1.0,0.00022871667169965804,0.0,0.3790731501067057,0.3790731501067057,0.0,0,0,0.0049775960214901716,0.0,0.0329297189891804,0.0,0.0
neu_mbv2_pattern_mining,2026-02-08T11:32:07,2,107,22,1,0.953125,0.26353660225868225,0.0,0.08512241969583556,0.08512241969583556,0.0,0,0,0.0006414489762391895,0.0,0.007870792993344367,0.0,0.0
neu_mbv2_pattern_mining,2026-02-08T11:32:07,2,108,22,2,1.0,0.0060088117606937885,0.0,0.10439057019539177,0.10439057019539177,0.0,0,0,0.000769987003877759,0.0,0.009669070015661418,0.0,0.0
neu_mbv2_pattern_mining,2026-02-08T11:32:07,2,109,22,3,0.953125,0.15039458870887756,0.0,0.10329516982892528,0.10329516982892528,0.0,0,0,0.0007423479983117431,0.0,0.009587168984580785,0.0,0.0
neu_mbv2_pattern_mining,2026-02-08T11:32:07,2,110,22,4,0.3333333333333333,2.2815940380096436,0.0,0.14189347013598308,0.14189347013598308,0.0,0,0,0.0007963850221130997,0.0,0.013392961991485208,0.0,0.0
neu_mbv2_pattern_mining,2026-02-08T11:32:07,3,106,22,0,1.0,2.211724131484516e-05,0.0,0.6463502498809248,0.6463502498809248,0.0,0,0,0.007299210992641747,0.0,0.057335813995450735,0.0,0.0
neu_mbv2_pattern_mining,2026-02-08T11:32:07,3,107,22,1,1.0,9.553063136991113e-06,0.0,0.13486074982210994,0.13486074982210994,0.0,0,0,0.0009741389949340373,0.0,0.012511935987276956,0.0,0.0
neu_mbv2_pattern_mining,2026-02-08T11:32:07,3,108,22,2,1.0,2.8637296054512262e-05,0.0,0.13992217980558053,0.13992217980558053,0.0,0,0,0.0009937909781001508,0.0,0.012998427002457902,0.0,0.0
neu_mbv2_pattern_mining,2026-02-08T11:32:08,3,109,22,3,1.0,2.0735165890073404e-05,0.0,0.13132435036823153,0.13132435036823153,0.0,0,0,0.0009205500246025622,0.0,0.012211885012220591,0.0,0.0
neu_mbv2_pattern_mining,2026-02-08T11:32:08,3,110,22,4,1.0,0.009431881830096245,0.0,0.12959633982973173,0.12959633982973173,0.0,0,0,0.0006834910018369555,0.0,0.012276142981136218,0.0,0.0
neu_mbv2_pattern_mining,2026-02-08T11:32:08,4,106,22,0,1.0,6.368089088937268e-05,0.0,0.40473420987837017,0.40473420987837017,0.0,0,0,0.0055734489869792014,0.0,0.034899972000857815,0.0,0.0
neu_mbv2_pattern_mining,2026-02-08T11:32:08,4,107,22,1,1.0,0.0020011162851005793,0.0,0.10548522986937314,0.10548522986937314,0.0,0,0,0.0007404019997920841,0.0,0.00980812098714523,0.0,0.0
neu_mbv2_pattern_mining,2026-02-08T11:32:08,4,108,22,2,1.0,0.0010739972349256277,0.0,0.1060374203370884,0.1060374203370884,0.0,0,0,0.0007738360145594925,0.0,0.009829906019149348,0.0,0.0
neu_mbv2_pattern_mining,2026-02-08T11:32:08,4,109,22,3,1.0,0.0013567237183451653,0.0,0.1014980603940785,0.1014980603940785,0.0,0,0,0.0008506610174663365,0.0,0.009299145021941513,0.0,0.0
neu_mbv2_pattern_mining,2026-02-08T11:32:08,4,110,22,4,0.6666666666666666,1.5414024591445923,0.0,0.12639724998734891,0.12639724998734891,0.0,0,0,0.0007872349815443158,0.0,0.011852490017190576,0.0,0.0
neu_mbv2_pattern_mining,2026-02-08T11:32:09,0,111,23,0,1.0,0.0003582040371838957,0.0,0.5992582903127186,0.5992582903127186,0.0,0,0,0.004314209014410153,0.0,0.05561162001686171,0.0,0.0
neu_mbv2_pattern_mining,2026-02-08T11:32:10,0,112,23,1,0.984375,0.03630468621850014,0.0,0.12753190007060766,0.12753190007060766,0.0,0,0,0.0009928570070769638,0.0,0.011760332999983802,0.0,0.0
neu_mbv2_pattern_mining,2026-02-08T11:32:10,0,113,23,2,1.0,0.00025638536317273974,0.0,0.1416226598666981,0.1416226598666981,0.0,0,0,0.0010228129976894706,0.0,0.013139452988980338,0.0,0.0
neu_mbv2_pattern_mining,2026-02-08T11:32:10,0,114,23,3,0.9375,0.23529189825057983,0.0,0.1307310999254696,0.1307310999254696,0.0,0,0,0.0009162609931081533,0.0,0.012156848999438807,0.0,0.0
neu_mbv2_pattern_mining,2026-02-08T11:32:10,0,115,23,4,0.75,0.8111298084259033,0.0,0.11502260982524604,0.11502260982524604,0.0,0,0,0.0009202199871651828,0.0,0.01058204099535942,0.0,0.0
neu_mbv2_pattern_mining,2026-02-08T11:32:10,1,111,23,0,1.0,0.00029481961973942816,0.0,0.303852149809245,0.303852149809245,0.0,0,0,0.0034514009894337505,0.0,0.02693381399149075,0.0,0.0
neu_mbv2_pattern_mining,2026-02-08T11:32:10,1,112,23,1,0.984375,0.09253843128681183,0.0,0.08506531972670928,0.08506531972670928,0.0,0,0,0.0006875269755255431,0.0,0.007819004997145385,0.0,0.0
neu_mbv2_pattern_mining,2026-02-08T11:32:10,1,113,23,2,1.0,0.0007610709290020168,0.0,0.08077045989921317,0.08077045989921317,0.0,0,0,0.0005762469954788685,0.0,0.007500798994442448,0.0,0.0
neu_mbv2_pattern_mining,2026-02-08T11:32:10,1,114,23,3,1.0,0.005796687677502632,0.0,0.08148487017024308,0.08148487017024308,0.0,0,0,0.0005671370017807931,0.0,0.007581350015243515,0.0,0.0
neu_mbv2_pattern_mining,2026-02-08T11:32:10,1,115,23,4,1.0,0.1724800318479538,0.0,0.1099152397364378,0.1099152397364378,0.0,0,0,0.0005665019853040576,0.0,0.010425021988339722,0.0,0.0
neu_mbv2_pattern_mining,2026-02-08T11:32:11,2,111,23,0,1.0,0.0014172178925946355,0.0,0.42751620028866455,0.42751620028866455,0.0,0,0,0.0045757240150123835,0.0,0.03817589601385407,0.0,0.0
neu_mbv2_pattern_mining,2026-02-08T11:32:11,2,112,23,1,0.984375,0.06523650884628296,0.0,0.13832932978402823,0.13832932978402823,0.0,0,0,0.0010116909979842603,0.0,0.012821241980418563,0.0,0.0
neu_mbv2_pattern_mining,2026-02-08T11:32:11,2,113,23,2,0.984375,0.06792702525854111,0.0,0.12470247980672866,0.12470247980672866,0.0,0,0,0.0009303499828092754,0.0,0.01153989799786359,0.0,0.0
neu_mbv2_pattern_mining,2026-02-08T11:32:11,2,114,23,3,0.984375,0.05853234604001045,0.0,0.12400184001307935,0.12400184001307935,0.0,0,0,0.0008660609892103821,0.0,0.011534123012097552,0.0,0.0
neu_mbv2_pattern_mining,2026-02-08T11:32:11,2,115,23,4,1.0,0.1571202129125595,0.0,0.16160131024662405,0.16160131024662405,0.0,0,0,0.0008324610244017094,0.0,0.015327670000260696,0.0,0.0
neu_mbv2_pattern_mining,2026-02-08T11:32:12,3,111,23,0,1.0,5.109993799123913e-05,0.0,0.43365073011955246,0.43365073011955246,0.0,0,0,0.005015528004150838,0.0,0.03834954500780441,0.0,0.0
neu_mbv2_pattern_mining,2026-02-08T11:32:12,3,112,23,1,1.0,0.00028813720564357936,0.0,0.1387841100222431,0.1387841100222431,0.0,0,0,0.001071147999027744,0.0,0.012807263003196567,0.0,0.0
neu_mbv2_pattern_mining,2026-02-08T11:32:12,3,113,23,2,0.953125,0.12055091559886932,0.0,0.1255877100629732,0.1255877100629732,0.0,0,0,0.0009042359888553619,0.0,0.011654535017441958,0.0,0.0
neu_mbv2_pattern_mining,2026-02-08T11:32:12,3,114,23,3,0.984375,0.05168605595827103,0.0,0.11158473993418738,0.11158473993418738,0.0,0,0,0.0008979130070656538,0.0,0.010260560986353084,0.0,0.0
neu_mbv2_pattern_mining,2026-02-08T11:32:12,3,115,23,4,1.0,0.3176705837249756,0.0,0.1122410999960266,0.1122410999960266,0.0,0,0,0.0007623500132467598,0.0,0.0104617599863559,0.0,0.0
neu_mbv2_pattern_mining,2026-02-08T11:32:13,4,111,23,0,1.0,5.311276618158445e-05,0.0,0.5727184901479632,0.5727184901479632,0.0,0,0,0.005193530989345163,0.0,0.052078318025451154,0.0,0.0
neu_mbv2_pattern_mining,2026-02-08T11:32:13,4,112,23,1,1.0,0.00051917415112257,0.0,0.13213247992098331,0.13213247992098331,0.0,0,0,0.0008291259873658419,0.0,0.01238412200473249,0.0,0.0
neu_mbv2_pattern_mining,2026-02-08T11:32:13,4,113,23,2,1.0,0.0005984966992400587,0.0,0.13217656000051647,0.13217656000051647,0.0,0,0,0.0009681020164862275,0.0,0.01224955398356542,0.0,0.0
neu_mbv2_pattern_mining,2026-02-08T11:32:13,4,114,23,3,1.0,0.007609589025378227,0.0,0.13194828003179282,0.13194828003179282,0.0,0,0,0.0009373569919262081,0.0,0.012257471011253074,0.0,0.0
neu_mbv2_pattern_mining,2026-02-08T11:32:13,4,115,23,4,0.6666666666666666,0.8078615665435791,0.0,0.12305537005886436,0.12305537005886436,0.0,0,0,0.0006958830053918064,0.0,0.01160965400049463,0.0,0.0
neu_mbv2_pattern_mining,2026-02-08T11:32:14,0,116,24,0,1.0,0.005482192151248455,0.0,0.3347231398220174,0.3347231398220174,0.0,0,0,0.0022998630010988563,0.0,0.031172450981102884,0.0,0.0
neu_mbv2_pattern_mining,2026-02-08T11:32:14,0,117,24,1,1.0,0.017721518874168396,0.0,0.0943207400268875,0.0943207400268875,0.0,0,0,0.0007092489977367222,0.0,0.008722825004952028,0.0,0.0
neu_mbv2_pattern_mining,2026-02-08T11:32:14,0,118,24,2,0.984375,0.26522427797317505,0.0,0.11026120017049834,0.11026120017049834,0.0,0,0,0.0008961040002759546,0.0,0.01013001601677388,0.0,0.0
neu_mbv2_pattern_mining,2026-02-08T11:32:14,0,119,24,3,0.984375,0.04032168537378311,0.0,0.11134192027384415,0.11134192027384415,0.0,0,0,0.0009527940128464252,0.0,0.01018139801453799,0.0,0.0
neu_mbv2_pattern_mining,2026-02-08T11:32:14,0,120,24,4,0.75,1.7342833280563354,0.0,0.09695449029095471,0.09695449029095471,0.0,0,0,0.0007401520269922912,0.0,0.00895529700210318,0.0,0.0
neu_mbv2_pattern_mining,2026-02-08T11:32:15,1,116,24,0,0.984375,0.02479485049843788,0.0,0.5814370900043286,0.5814370900043286,0.0,0,0,0.006239933019969612,0.0,0.05190377598046325,0.0,0.0
neu_mbv2_pattern_mining,2026-02-08T11:32:15,1,117,24,1,0.765625,2.226257801055908,0.0,0.13763453025603667,0.13763453025603667,0.0,0,0,0.0011192510137334466,0.0,0.01264420201187022,0.0,0.0
neu_mbv2_pattern_mining,2026-02-08T11:32:15,1,118,24,2,1.0,0.0030675623565912247,0.0,0.13772689999314025,0.13772689999314025,0.0,0,0,0.0011224710033275187,0.0,0.012650218995986506,0.0,0.0
neu_mbv2_pattern_mining,2026-02-08T11:32:15,1,119,24,3,0.984375,0.03214887157082558,0.0,0.12521439988631755,0.12521439988631755,0.0,0,0,0.000920905004022643,0.0,0.011600534984609112,0.0,0.0
neu_mbv2_pattern_mining,2026-02-08T11:32:15,1,120,24,4,0.6666666666666666,1.0551655292510986,0.0,0.14502309990348294,0.14502309990348294,0.0,0,0,0.0007530779985245317,0.0,0.013749231991823763,0.0,0.0
neu_mbv2_pattern_mining,2026-02-08T11:32:16,2,116,24,0,1.0,8.340994827449322e-05,0.0,0.3028369400999509,0.3028369400999509,0.0,0,0,0.0037383820163086057,0.0,0.026545311993686482,0.0,0.0
neu_mbv2_pattern_mining,2026-02-08T11:32:16,2,117,24,1,1.0,0.00019531474390532821,0.0,0.08485381986247376,0.08485381986247376,0.0,0,0,0.0006601159984711558,0.0,0.00782526598777622,0.0,0.0
neu_mbv2_pattern_mining,2026-02-08T11:32:16,2,118,24,2,1.0,0.0089882742613554,0.0,0.10070977004943416,0.10070977004943416,0.0,0,0,0.0007220790139399469,0.0,0.009348897991003469,0.0,0.0
neu_mbv2_pattern_mining,2026-02-08T11:32:16,2,119,24,3,1.0,0.012746211141347885,0.0,0.09949625004082918,0.09949625004082918,0.0,0,0,0.0007002479978837073,0.0,0.009249377006199211,0.0,0.0
neu_mbv2_pattern_mining,2026-02-08T11:32:16,2,120,24,4,0.6666666666666666,2.3025052547454834,0.0,0.1229380298173055,0.1229380298173055,0.0,0,0,0.0007054559828247875,0.0,0.011588346998905763,0.0,0.0
neu_mbv2_pattern_mining,2026-02-08T11:32:16,3,116,24,0,1.0,2.641225728439167e-05,0.0,0.7161898197955452,0.7161898197955452,0.0,0,0,0.008938293001847342,0.0,0.06268068897770718,0.0,0.0
neu_mbv2_pattern_mining,2026-02-08T11:32:16,3,117,24,1,1.0,2.974622020701645e-06,0.0,0.12523606041213498,0.12523606041213498,0.0,0,0,0.0008683290216140449,0.0,0.011655277019599453,0.0,0.0
neu_mbv2_pattern_mining,2026-02-08T11:32:17,3,118,24,2,1.0,0.0016293531516566873,0.0,0.10409083974082023,0.10409083974082023,0.0,0,0,0.0007544719846919179,0.0,0.009654611989390105,0.0,0.0
neu_mbv2_pattern_mining,2026-02-08T11:32:17,3,119,24,3,1.0,0.0015556225553154945,0.0,0.09107669990044087,0.09107669990044087,0.0,0,0,0.0006479620060417801,0.0,0.008459707984002307,0.0,0.0
neu_mbv2_pattern_mining,2026-02-08T11:32:17,3,120,24,4,1.0,0.010698367841541767,0.0,0.1171931199496612,0.1171931199496612,0.0,0,0,0.0006559379980899394,0.0,0.01106337399687618,0.0,0.0
neu_mbv2_pattern_mining,2026-02-08T11:32:17,4,116,24,0,1.0,0.00046927668154239655,0.0,0.5615377897629514,0.5615377897629514,0.0,0,0,0.007068187987897545,0.0,0.0490855909883976,0.0,0.0
neu_mbv2_pattern_mining,2026-02-08T11:32:17,4,117,24,1,0.9375,0.2005547732114792,0.0,0.12237863993505016,0.12237863993505016,0.0,0,0,0.0009777219966053963,0.0,0.01126014199689962,0.0,0.0
neu_mbv2_pattern_mining,2026-02-08T11:32:17,4,118,24,2,1.0,0.00031985045643523335,0.0,0.12386863003484905,0.12386863003484905,0.0,0,0,0.0008733439899515361,0.0,0.011513519013533369,0.0,0.0
neu_mbv2_pattern_mining,2026-02-08T11:32:17,4,119,24,3,0.984375,0.024214327335357666,0.0,0.11593862000154331,0.11593862000154331,0.0,0,0,0.0008083790016826242,0.0,0.010785482998471707,0.0,0.0
neu_mbv2_pattern_mining,2026-02-08T11:32:17,4,120,24,4,0.0,1.3933743238449097,0.0,0.12789902975782752,0.12789902975782752,0.0,0,0,0.000718793977284804,0.0,0.012071108998497948,0.0,0.0
neu_mbv2_pattern_mining,2026-02-08T11:32:19,0,121,25,0,1.0,2.8674683562712744e-05,0.0,0.49757667002268136,0.49757667002268136,0.0,0,0,0.0031780019926372916,0.0,0.046579665009630844,0.0,0.0
neu_mbv2_pattern_mining,2026-02-08T11:32:19,0,122,25,1,1.0,3.137397288810462e-05,0.0,0.1332728602574207,0.1332728602574207,0.0,0,0,0.0009702170209493488,0.0,0.01235706900479272,0.0,0.0
neu_mbv2_pattern_mining,2026-02-08T11:32:19,0,123,25,2,1.0,0.00019007327500730753,0.0,0.1301240097382106,0.1301240097382106,0.0,0,0,0.0009149299876298755,0.0,0.012097470986191183,0.0,0.0
neu_mbv2_pattern_mining,2026-02-08T11:32:19,0,124,25,3,0.984375,0.05274827405810356,0.0,0.13042569014942273,0.13042569014942273,0.0,0,0,0.0009346370061393827,0.0,0.01210793200880289,0.0,0.0
neu_mbv2_pattern_mining,2026-02-08T11:32:19,0,125,25,4,0.75,1.3308110237121582,0.0,0.13510467018932104,0.13510467018932104,0.0,0,0,0.0009054680122062564,0.0,0.012604999006725848,0.0,0.0
neu_mbv2_pattern_mining,2026-02-08T11:32:19,1,121,25,0,1.0,7.73020728956908e-05,0.0,0.4420517501421273,0.4420517501421273,0.0,0,0,0.005053083004895598,0.0,0.03915209200931713,0.0,0.0
neu_mbv2_pattern_mining,2026-02-08T11:32:19,1,122,25,1,1.0,2.747865983110387e-05,0.0,0.14060358982533216,0.14060358982533216,0.0,0,0,0.00239191300352104,0.0,0.011668445979012176,0.0,0.0
neu_mbv2_pattern_mining,2026-02-08T11:32:20,1,123,25,2,0.96875,0.382512629032135,0.0,0.11616200994467363,0.11616200994467363,0.0,0,0,0.0008302560017909855,0.0,0.010785944992676377,0.0,0.0
neu_mbv2_pattern_mining,2026-02-08T11:32:20,1,124,25,3,1.0,0.0003093058185186237,0.0,0.11588443972868845,0.11588443972868845,0.0,0,0,0.0008580599969718605,0.0,0.010730383975896984,0.0,0.0
neu_mbv2_pattern_mining,2026-02-08T11:32:20,1,125,25,4,0.3333333333333333,0.8340356945991516,0.0,0.14508960011880845,0.14508960011880845,0.0,0,0,0.0008036780054681003,0.0,0.013705282006412745,0.0,0.0
neu_mbv2_pattern_mining,2026-02-08T11:32:20,2,121,25,0,1.0,4.3433825339889154e-05,0.0,0.5367821000982076,0.5367821000982076,0.0,0,0,0.0069380100176204,0.0,0.04674019999220036,0.0,0.0
neu_mbv2_pattern_mining,2026-02-08T11:32:20,2,122,25,1,1.0,1.0003976058214903e-05,0.0,0.1219739401130937,0.1219739401130937,0.0,0,0,0.0010131550079677254,0.0,0.011184239003341645,0.0,0.0
neu_mbv2_pattern_mining,2026-02-08T11:32:20,2,123,25,2,1.0,0.0002922115963883698,0.0,0.11890019028214738,0.11890019028214738,0.0,0,0,0.0010579550289548934,0.0,0.010832063999259844,0.0,0.0
neu_mbv2_pattern_mining,2026-02-08T11:32:20,2,124,25,3,1.0,6.128229142632335e-05,0.0,0.11740069021470845,0.11740069021470845,0.0,0,0,0.0009181000059470534,0.0,0.010821969015523791,0.0,0.0
neu_mbv2_pattern_mining,2026-02-08T11:32:20,2,125,25,4,0.6666666666666666,2.419630765914917,0.0,0.15883465006481856,0.15883465006481856,0.0,0,0,0.0008826669945847243,0.0,0.015000798011897132,0.0,0.0
neu_mbv2_pattern_mining,2026-02-08T11:32:21,3,121,25,0,1.0,3.589889092836529e-05,0.0,0.6127937202109024,0.6127937202109024,0.0,0,0,0.006961475010029972,0.0,0.05431789701106027,0.0,0.0
neu_mbv2_pattern_mining,2026-02-08T11:32:21,3,122,25,1,1.0,0.009166363626718521,0.0,0.12174808012787253,0.12174808012787253,0.0,0,0,0.0010042350040748715,0.0,0.011170573008712381,0.0,0.0
neu_mbv2_pattern_mining,2026-02-08T11:32:21,3,123,25,2,1.0,0.009864063933491707,0.0,0.11767877003876492,0.11767877003876492,0.0,0,0,0.0008543700096197426,0.0,0.01091350699425675,0.0,0.0
neu_mbv2_pattern_mining,2026-02-08T11:32:21,3,124,25,3,1.0,0.005124712362885475,0.0,0.12453383998945355,0.12453383998945355,0.0,0,0,0.0008975710079539567,0.0,0.011555812990991399,0.0,0.0
neu_mbv2_pattern_mining,2026-02-08T11:32:21,3,125,25,4,0.6666666666666666,2.1233885288238525,0.0,0.14576918008970097,0.14576918008970097,0.0,0,0,0.0009010450157802552,0.0,0.013675872993189842,0.0,0.0
neu_mbv2_pattern_mining,2026-02-08T11:32:22,4,121,25,0,1.0,7.156178071454633e-06,0.0,0.41283069003839046,0.41283069003839046,0.0,0,0,0.004154554015258327,0.0,0.03712851498858072,0.0,0.0
neu_mbv2_pattern_mining,2026-02-08T11:32:22,4,122,25,1,1.0,4.198779060970992e-05,0.0,0.12161977036157623,0.12161977036157623,0.0,0,0,0.0009965450153686106,0.0,0.011165432020789012,0.0,0.0
neu_mbv2_pattern_mining,2026-02-08T11:32:22,4,123,25,2,1.0,0.00012402092397678643,0.0,0.11719344998709857,0.11719344998709857,0.0,0,0,0.0008723539940547198,0.0,0.010846991004655138,0.0,0.0
neu_mbv2_pattern_mining,2026-02-08T11:32:22,4,124,25,3,0.984375,0.033557988703250885,0.0,0.12531194020994008,0.12531194020994008,0.0,0,0,0.0010600990208331496,0.0,0.011471095000160858,0.0,0.0
neu_mbv2_pattern_mining,2026-02-08T11:32:22,4,125,25,4,0.6666666666666666,1.4429359436035156,0.0,0.13711373030673712,0.13711373030673712,0.0,0,0,0.0008126590109895915,0.0,0.012898714019684121,0.0,0.0
neu_mbv2_pattern_mining,2026-02-08T11:32:23,0,126,26,0,1.0,7.077644113451242e-05,0.0,0.33384721988113597,0.33384721988113597,0.0,0,0,0.002082607999909669,0.0,0.03130211398820393,0.0,0.0
neu_mbv2_pattern_mining,2026-02-08T11:32:23,0,127,26,1,1.0,0.0005893085617572069,0.0,0.11866535991430283,0.11866535991430283,0.0,0,0,0.0009083509794436395,0.0,0.010958185011986643,0.0,0.0
neu_mbv2_pattern_mining,2026-02-08T11:32:23,0,128,26,2,1.0,0.00048521353164687753,0.0,0.12371676013572142,0.12371676013572142,0.0,0,0,0.000745290017221123,0.0,0.011626385996351019,0.0,0.0
neu_mbv2_pattern_mining,2026-02-08T11:32:23,0,129,26,3,0.984375,0.022225458174943924,0.0,0.08923038025386631,0.08923038025386631,0.0,0,0,0.0006972900009714067,0.0,0.008225748024415225,0.0,0.0
neu_mbv2_pattern_mining,2026-02-08T11:32:23,0,130,26,4,0.5,2.437124729156494,0.0,0.09704038995550945,0.09704038995550945,0.0,0,0,0.0007370869861915708,0.0,0.008966952009359375,0.0,0.0
neu_mbv2_pattern_mining,2026-02-08T11:32:24,1,126,26,0,1.0,1.2038617569487542e-05,0.0,0.3214438699069433,0.3214438699069433,0.0,0,0,0.003667601995402947,0.0,0.028476784995291382,0.0,0.0
neu_mbv2_pattern_mining,2026-02-08T11:32:24,1,127,26,1,1.0,2.7405254513723776e-05,0.0,0.08951280993642285,0.08951280993642285,0.0,0,0,0.0008741829951759428,0.0,0.008077097998466343,0.0,0.0
neu_mbv2_pattern_mining,2026-02-08T11:32:24,1,128,26,2,1.0,1.7289672541664913e-05,0.0,0.10352738026995212,0.10352738026995212,0.0,0,0,0.0009219960193149745,0.0,0.009430742007680237,0.0,0.0
neu_mbv2_pattern_mining,2026-02-08T11:32:24,1,129,26,3,1.0,4.4058884668629616e-05,0.0,0.10235677997116,0.10235677997116,0.0,0,0,0.0008632660028524697,0.0,0.00937241199426353,0.0,0.0
neu_mbv2_pattern_mining,2026-02-08T11:32:24,1,130,26,4,1.0,0.004112678114324808,0.0,0.13091583008645102,0.13091583008645102,0.0,0,0,0.0008368820126634091,0.0,0.012254700995981693,0.0,0.0
neu_mbv2_pattern_mining,2026-02-08T11:32:25,2,126,26,0,1.0,0.00026340378099121153,0.0,0.6839400695753284,0.6839400695753284,0.0,0,0,0.008620469976449385,0.0,0.05977353698108345,0.0,0.0
neu_mbv2_pattern_mining,2026-02-08T11:32:25,2,127,26,1,1.0,0.0009497356368228793,0.0,0.12868827005149797,0.12868827005149797,0.0,0,0,0.0010018340253736824,0.0,0.011866992979776114,0.0,0.0
neu_mbv2_pattern_mining,2026-02-08T11:32:25,2,128,26,2,1.0,0.003901776857674122,0.0,0.13322037004400045,0.13322037004400045,0.0,0,0,0.0010035320010501891,0.0,0.012318505003349856,0.0,0.0
neu_mbv2_pattern_mining,2026-02-08T11:32:25,2,129,26,3,1.0,6.689798465231434e-05,0.0,0.1382994800223969,0.1382994800223969,0.0,0,0,0.0012003800075035542,0.0,0.012629567994736135,0.0,0.0
neu_mbv2_pattern_mining,2026-02-08T11:32:25,2,130,26,4,0.0,6.273195743560791,0.0,0.14616347005357966,0.14616347005357966,0.0,0,0,0.0008927629969548434,0.0,0.013723584008403122,0.0,0.0
neu_mbv2_pattern_mining,2026-02-08T11:32:26,3,126,26,0,1.0,1.6093005115180858e-06,0.0,0.6681391299935058,0.6681391299935058,0.0,0,0,0.008536909008398652,0.0,0.058277003990951926,0.0,0.0
neu_mbv2_pattern_mining,2026-02-08T11:32:26,3,127,26,1,1.0,2.0526851585600525e-05,0.0,0.15121763019124046,0.15121763019124046,0.0,0,0,0.00130285500199534,0.0,0.013818908017128706,0.0,0.0
neu_mbv2_pattern_mining,2026-02-08T11:32:26,3,128,26,2,1.0,6.0375663451850414e-05,0.0,0.15795148006873205,0.15795148006873205,0.0,0,0,0.0011891670001205057,0.0,0.0146059810067527,0.0,0.0
neu_mbv2_pattern_mining,2026-02-08T11:32:26,3,129,26,3,1.0,5.2320651775517035e-06,0.0,0.1448652902035974,0.1448652902035974,0.0,0,0,0.0012520480086095631,0.0,0.013234481011750177,0.0,0.0
neu_mbv2_pattern_mining,2026-02-08T11:32:26,3,130,26,4,1.0,0.003933595027774572,0.0,0.15632922004442662,0.15632922004442662,0.0,0,0,0.0009547779918648303,0.0,0.014678144012577832,0.0,0.0
neu_mbv2_pattern_mining,2026-02-08T11:32:27,4,126,26,0,1.0,9.726132702780887e-06,0.0,0.3750704199774191,0.3750704199774191,0.0,0,0,0.0041998329979833215,0.0,0.033307208999758586,0.0,0.0
neu_mbv2_pattern_mining,2026-02-08T11:32:27,4,127,26,1,1.0,1.8917067791335285e-05,0.0,0.10279592999722809,0.10279592999722809,0.0,0,0,0.0007335499976761639,0.0,0.009546043002046645,0.0,0.0
neu_mbv2_pattern_mining,2026-02-08T11:32:27,4,128,26,2,1.0,6.161254714243114e-05,0.0,0.11379932024283335,0.11379932024283335,0.0,0,0,0.0011820750078186393,0.0,0.010197857016464695,0.0,0.0
neu_mbv2_pattern_mining,2026-02-08T11:32:27,4,129,26,3,1.0,3.092174301855266e-05,0.0,0.11569966009119526,0.11569966009119526,0.0,0,0,0.0009108119993470609,0.0,0.010659154009772465,0.0,0.0
neu_mbv2_pattern_mining,2026-02-08T11:32:27,4,130,26,4,0.3333333333333333,3.2208778858184814,0.0,0.14534324989654124,0.14534324989654124,0.0,0,0,0.0008605149923823774,0.0,0.013673809997271746,0.0,0.0
neu_mbv2_pattern_mining,2026-02-08T11:32:28,0,131,27,0,1.0,2.523940202081576e-05,0.0,0.4396274601458572,0.4396274601458572,0.0,0,0,0.003182910004397854,0.0,0.040779836010187864,0.0,0.0
neu_mbv2_pattern_mining,2026-02-08T11:32:28,0,132,27,1,1.0,7.605970313306898e-05,0.0,0.11893309972947463,0.11893309972947463,0.0,0,0,0.0008812699816189706,0.0,0.011012039991328493,0.0,0.0
neu_mbv2_pattern_mining,2026-02-08T11:32:28,0,133,27,2,0.96875,0.08316072076559067,0.0,0.1169424201361835,0.1169424201361835,0.0,0,0,0.0009126660006586462,0.0,0.010781576012959704,0.0,0.0
neu_mbv2_pattern_mining,2026-02-08T11:32:28,0,134,27,3,1.0,0.00014135229866951704,0.0,0.1153092400636524,0.1153092400636524,0.0,0,0,0.0008220449963118881,0.0,0.010708879010053352,0.0,0.0
neu_mbv2_pattern_mining,2026-02-08T11:32:28,0,135,27,4,0.75,0.3524547815322876,0.0,0.1254266398609616,0.1254266398609616,0.0,0,0,0.0008034599886741489,0.0,0.01173920399742201,0.0,0.0
neu_mbv2_pattern_mining,2026-02-08T11:32:29,1,131,27,0,1.0,0.00014802157238591462,0.0,0.4951657698256895,0.4951657698256895,0.0,0,0,0.005346436984837055,0.0,0.044170139997731894,0.0,0.0
neu_mbv2_pattern_mining,2026-02-08T11:32:29,1,132,27,1,0.96875,0.15588152408599854,0.0,0.12043018999975175,0.12043018999975175,0.0,0,0,0.0009445640025660396,0.0,0.011098454997409135,0.0,0.0
neu_mbv2_pattern_mining,2026-02-08T11:32:29,1,133,27,2,1.0,0.002203861018642783,0.0,0.1171578498906456,0.1171578498906456,0.0,0,0,0.0008814329921733588,0.0,0.0108343519968912,0.0,0.0
neu_mbv2_pattern_mining,2026-02-08T11:32:29,1,134,27,3,0.71875,2.1945300102233887,0.0,0.11670157982734963,0.11670157982734963,0.0,0,0,0.0009041109879035503,0.0,0.010766046994831413,0.0,0.0
neu_mbv2_pattern_mining,2026-02-08T11:32:29,1,135,27,4,0.6666666666666666,3.4919939041137695,0.0,0.1482528797350824,0.1482528797350824,0.0,0,0,0.0007908419938758016,0.0,0.014034445979632437,0.0,0.0
neu_mbv2_pattern_mining,2026-02-08T11:32:29,2,131,27,0,1.0,1.8725640984484926e-05,0.0,0.5931780298124067,0.5931780298124067,0.0,0,0,0.0064121239993255585,0.0,0.052905678981915116,0.0,0.0
neu_mbv2_pattern_mining,2026-02-08T11:32:29,2,132,27,1,1.0,1.7118016330641694e-05,0.0,0.15082679979968816,0.15082679979968816,0.0,0,0,0.0010454549919813871,0.0,0.014037224987987429,0.0,0.0
neu_mbv2_pattern_mining,2026-02-08T11:32:30,2,133,27,2,0.984375,0.020675942301750183,0.0,0.13142428011633456,0.13142428011633456,0.0,0,0,0.0009362710115965456,0.0,0.01220615700003691,0.0,0.0
neu_mbv2_pattern_mining,2026-02-08T11:32:30,2,134,27,3,1.0,0.01149581465870142,0.0,0.12994481017813087,0.12994481017813087,0.0,0,0,0.0008874369959812611,0.0,0.012107044021831825,0.0,0.0
neu_mbv2_pattern_mining,2026-02-08T11:32:30,2,135,27,4,0.3333333333333333,1.3422574996948242,0.0,0.16835368995089084,0.16835368995089084,0.0,0,0,0.0008971030183602124,0.0,0.01593826597672887,0.0,0.0
neu_mbv2_pattern_mining,2026-02-08T11:32:30,3,131,27,0,1.0,3.219411883037537e-05,0.0,0.5497024898068048,0.5497024898068048,0.0,0,0,0.006008381984429434,0.0,0.04896186699625105,0.0,0.0
neu_mbv2_pattern_mining,2026-02-08T11:32:30,3,132,27,1,1.0,0.009095157496631145,0.0,0.1645974296843633,0.1645974296843633,0.0,0,0,0.0010852209816221148,0.0,0.015374521986814216,0.0,0.0
neu_mbv2_pattern_mining,2026-02-08T11:32:30,3,133,27,2,0.96875,0.365899920463562,0.0,0.11676404013996944,0.11676404013996944,0.0,0,0,0.000903417996596545,0.0,0.010772986017400399,0.0,0.0
neu_mbv2_pattern_mining,2026-02-08T11:32:30,3,134,27,3,1.0,0.000445883022621274,0.0,0.11014274961780757,0.11014274961780757,0.0,0,0,0.0007693609804846346,0.0,0.010244913981296122,0.0,0.0
neu_mbv2_pattern_mining,2026-02-08T11:32:30,3,135,27,4,0.3333333333333333,2.0239970684051514,0.0,0.13110761996358633,0.13110761996358633,0.0,0,0,0.0007707150070928037,0.0,0.01234004698926583,0.0,0.0
neu_mbv2_pattern_mining,2026-02-08T11:32:31,4,131,27,0,1.0,1.6804877304821275e-05,0.0,0.3084336197935045,0.3084336197935045,0.0,0,0,0.003425055998377502,0.0,0.027418305980972946,0.0,0.0
neu_mbv2_pattern_mining,2026-02-08T11:32:31,4,132,27,1,1.0,0.00014566394384019077,0.0,0.08501602977048606,0.08501602977048606,0.0,0,0,0.0007452319841831923,0.0,0.007756370992865413,0.0,0.0
neu_mbv2_pattern_mining,2026-02-08T11:32:31,4,133,27,2,0.953125,0.34388360381126404,0.0,0.09509935975074768,0.09509935975074768,0.0,0,0,0.0008033609774429351,0.0,0.008706574997631833,0.0,0.0
neu_mbv2_pattern_mining,2026-02-08T11:32:31,4,134,27,3,0.984375,0.036875635385513306,0.0,0.10629341006278992,0.10629341006278992,0.0,0,0,0.0007744129979982972,0.0,0.009854928008280694,0.0,0.0
neu_mbv2_pattern_mining,2026-02-08T11:32:31,4,135,27,4,0.6666666666666666,0.44103142619132996,0.0,0.12125064007705078,0.12125064007705078,0.0,0,0,0.0007258449913933873,0.0,0.01139921901631169,0.0,0.0
neu_mbv2_pattern_mining,2026-02-08T11:32:32,0,136,28,0,1.0,0.0001406024384777993,0.0,0.35560563032049686,0.35560563032049686,0.0,0,0,0.002365440013818443,0.0,0.03319512301823124,0.0,0.0
neu_mbv2_pattern_mining,2026-02-08T11:32:32,0,137,28,1,0.953125,0.1879822313785553,0.0,0.09272441966459155,0.09272441966459155,0.0,0,0,0.0006700909871142358,0.0,0.00860235097934492,0.0,0.0
neu_mbv2_pattern_mining,2026-02-08T11:32:32,0,138,28,2,1.0,0.0038434129673987627,0.0,0.09547335997922346,0.09547335997922346,0.0,0,0,0.0006536449945997447,0.0,0.008893691003322601,0.0,0.0
neu_mbv2_pattern_mining,2026-02-08T11:32:32,0,139,28,3,0.921875,0.32503998279571533,0.0,0.10907679999945685,0.10907679999945685,0.0,0,0,0.0009711800084915012,0.0,0.009936499991454184,0.0,0.0
neu_mbv2_pattern_mining,2026-02-08T11:32:32,0,140,28,4,0.5,1.0305514335632324,0.0,0.10856421024072915,0.10856421024072915,0.0,0,0,0.0010560320224612951,0.0,0.00980038900161162,0.0,0.0
neu_mbv2_pattern_mining,2026-02-08T11:32:33,1,136,28,0,1.0,0.00017985160229727626,0.0,0.5470679001882672,0.5470679001882672,0.0,0,0,0.004122762009501457,0.0,0.050584028009325266,0.0,0.0
neu_mbv2_pattern_mining,2026-02-08T11:32:33,1,137,28,1,0.9375,0.39322686195373535,0.0,0.12410955008817837,0.12410955008817837,0.0,0,0,0.0008782529912423342,0.0,0.011532702017575502,0.0,0.0
neu_mbv2_pattern_mining,2026-02-08T11:32:33,1,138,28,2,1.0,0.0013535709585994482,0.0,0.08896179002476856,0.08896179002476856,0.0,0,0,0.0005820289952680469,0.0,0.00831415000720881,0.0,0.0
neu_mbv2_pattern_mining,2026-02-08T11:32:33,1,139,28,3,0.84375,0.42946290969848633,0.0,0.08175173978088424,0.08175173978088424,0.0,0,0,0.000612306990660727,0.0,0.007562866987427697,0.0,0.0
neu_mbv2_pattern_mining,2026-02-08T11:32:33,1,140,28,4,0.6666666666666666,2.1427552700042725,0.0,0.11074496986111626,0.11074496986111626,0.0,0,0,0.0005941650015302002,0.0,0.010480331984581426,0.0,0.0
neu_mbv2_pattern_mining,2026-02-08T11:32:34,2,136,28,0,1.0,4.079557038494386e-05,0.0,0.5736991699086502,0.5736991699086502,0.0,0,0,0.005735118000302464,0.0,0.05163479899056256,0.0,0.0
neu_mbv2_pattern_mining,2026-02-08T11:32:34,2,137,28,1,1.0,0.008344361558556557,0.0,0.13488269003573805,0.13488269003573805,0.0,0,0,0.000960592005867511,0.0,0.012527676997706294,0.0,0.0
neu_mbv2_pattern_mining,2026-02-08T11:32:34,2,138,28,2,0.984375,0.024338532239198685,0.0,0.11132354993605986,0.11132354993605986,0.0,0,0,0.0008506619778927416,0.0,0.010281693015713245,0.0,0.0
neu_mbv2_pattern_mining,2026-02-08T11:32:34,2,139,28,3,1.0,0.0002803766692522913,0.0,0.1129737900919281,0.1129737900919281,0.0,0,0,0.0010395009885542095,0.0,0.0102578780206386,0.0,0.0
neu_mbv2_pattern_mining,2026-02-08T11:32:34,2,140,28,4,0.3333333333333333,2.2454023361206055,0.0,0.14174121984979138,0.14174121984979138,0.0,0,0,0.0008470779866911471,0.0,0.01332704399828799,0.0,0.0
neu_mbv2_pattern_mining,2026-02-08T11:32:35,3,136,28,0,1.0,0.00012742909893859178,0.0,0.40078693971736357,0.40078693971736357,0.0,0,0,0.005185131973121315,0.0,0.03489356199861504,0.0,0.0
neu_mbv2_pattern_mining,2026-02-08T11:32:35,3,137,28,1,1.0,0.0006146362284198403,0.0,0.08657648984808475,0.08657648984808475,0.0,0,0,0.0006235039909370244,0.0,0.00803414499387145,0.0,0.0
neu_mbv2_pattern_mining,2026-02-08T11:32:35,3,138,28,2,1.0,0.0006823778967373073,0.0,0.08487080980557948,0.08487080980557948,0.0,0,0,0.000603449996560812,0.0,0.007883630983997136,0.0,0.0
neu_mbv2_pattern_mining,2026-02-08T11:32:35,3,139,28,3,0.875,0.5416488647460938,0.0,0.08747157990001142,0.08747157990001142,0.0,0,0,0.0006155649898573756,0.0,0.008131593000143766,0.0,0.0
neu_mbv2_pattern_mining,2026-02-08T11:32:35,3,140,28,4,0.6666666666666666,2.533475637435913,0.0,0.11355488008121029,0.11355488008121029,0.0,0,0,0.0008313290018122643,0.0,0.010524159006308764,0.0,0.0
neu_mbv2_pattern_mining,2026-02-08T11:32:35,4,136,28,0,1.0,0.003390513826161623,0.0,0.322380349971354,0.322380349971354,0.0,0,0,0.003306417987914756,0.0,0.028931617009220645,0.0,0.0
neu_mbv2_pattern_mining,2026-02-08T11:32:35,4,137,28,1,0.84375,0.9409921765327454,0.0,0.08548998972401023,0.08548998972401023,0.0,0,0,0.0007537359779234976,0.0,0.007795262994477525,0.0,0.0
neu_mbv2_pattern_mining,2026-02-08T11:32:36,4,138,28,2,0.953125,0.2253270298242569,0.0,0.08602320012869313,0.08602320012869313,0.0,0,0,0.0006121630140114576,0.0,0.007990156998857856,0.0,0.0
neu_mbv2_pattern_mining,2026-02-08T11:32:36,4,139,28,3,0.984375,0.06377967447042465,0.0,0.08249940001405776,0.08249940001405776,0.0,0,0,0.0006187219987623394,0.0,0.007631218002643436,0.0,0.0
neu_mbv2_pattern_mining,2026-02-08T11:32:36,4,140,28,4,0.6666666666666666,1.3233426809310913,0.0,0.11724421987310052,0.11724421987310052,0.0,0,0,0.0006286290008574724,0.0,0.01109579298645258,0.0,0.0
neu_mbv2_pattern_mining,2026-02-08T11:32:37,0,141,29,0,1.0,0.0001048724734573625,0.0,0.5940314100007527,0.5940314100007527,0.0,0,0,0.004118910001125187,0.0,0.05528423099895008,0.0,0.0
neu_mbv2_pattern_mining,2026-02-08T11:32:37,0,142,29,1,1.0,0.0015891275834292173,0.0,0.12511794018791988,0.12511794018791988,0.0,0,0,0.0009086970239877701,0.0,0.011603096994804218,0.0,0.0
neu_mbv2_pattern_mining,2026-02-08T11:32:37,0,143,29,2,1.0,0.0020162018481642008,0.0,0.12962748995050788,0.12962748995050788,0.0,0,0,0.0010343570029363036,0.0,0.011928391992114484,0.0,0.0
neu_mbv2_pattern_mining,2026-02-08T11:32:37,0,144,29,3,0.953125,0.08554653078317642,0.0,0.11422556010074914,0.11422556010074914,0.0,0,0,0.0008292600105050951,0.0,0.010593295999569818,0.0,0.0
neu_mbv2_pattern_mining,2026-02-08T11:32:37,0,145,29,4,0.75,0.5413907170295715,0.0,0.11314419010886922,0.11314419010886922,0.0,0,0,0.0007505379908252507,0.0,0.010563881020061672,0.0,0.0
neu_mbv2_pattern_mining,2026-02-08T11:32:37,1,141,29,0,1.0,2.284793481521774e-05,0.0,0.37042234995169565,0.37042234995169565,0.0,0,0,0.0039285240054596215,0.0,0.033113710989709944,0.0,0.0
neu_mbv2_pattern_mining,2026-02-08T11:32:38,1,142,29,1,0.96875,0.17833788692951202,0.0,0.1388401596341282,0.1388401596341282,0.0,0,0,0.0012051189842168242,0.0,0.012678896979195997,0.0,0.0
neu_mbv2_pattern_mining,2026-02-08T11:32:38,1,143,29,2,0.921875,0.5170613527297974,0.0,0.11732903018128127,0.11732903018128127,0.0,0,0,0.0008492750057484955,0.0,0.010883628012379631,0.0,0.0
neu_mbv2_pattern_mining,2026-02-08T11:32:38,1,144,29,3,1.0,0.02396715059876442,0.0,0.11675479006953537,0.11675479006953537,0.0,0,0,0.0008654069970361888,0.0,0.010810072009917349,0.0,0.0
neu_mbv2_pattern_mining,2026-02-08T11:32:38,1,145,29,4,1.0,0.009349164552986622,0.0,0.1543654198758304,0.1543654198758304,0.0,0,0,0.0008338929910678416,0.0,0.0146026489965152,0.0,0.0
neu_mbv2_pattern_mining,2026-02-08T11:32:38,2,141,29,0,1.0,5.612878521787934e-05,0.0,0.5006599699845538,0.5006599699845538,0.0,0,0,0.005328506988007575,0.0,0.0447374900104478,0.0,0.0
neu_mbv2_pattern_mining,2026-02-08T11:32:38,2,142,29,1,1.0,0.005328796338289976,0.0,0.12598044995684177,0.12598044995684177,0.0,0,0,0.0009088139922823757,0.0,0.011689231003401801,0.0,0.0
neu_mbv2_pattern_mining,2026-02-08T11:32:38,2,143,29,2,1.0,0.002144609112292528,0.0,0.13222755020251498,0.13222755020251498,0.0,0,0,0.000928009016206488,0.0,0.01229474600404501,0.0,0.0
neu_mbv2_pattern_mining,2026-02-08T11:32:38,2,144,29,3,1.0,6.262173701543361e-05,0.0,0.13107614999171346,0.13107614999171346,0.0,0,0,0.0009036849951371551,0.0,0.012203930004034191,0.0,0.0
neu_mbv2_pattern_mining,2026-02-08T11:32:38,2,145,29,4,0.6666666666666666,2.0697615146636963,0.0,0.16279269999358803,0.16279269999358803,0.0,0,0,0.0009054949914570898,0.0,0.015373775007901713,0.0,0.0
neu_mbv2_pattern_mining,2026-02-08T11:32:39,3,141,29,0,1.0,3.264231781940907e-05,0.0,0.43309544009389356,0.43309544009389356,0.0,0,0,0.004847520001931116,0.0,0.03846202400745824,0.0,0.0
neu_mbv2_pattern_mining,2026-02-08T11:32:39,3,142,29,1,1.0,0.00032462331000715494,0.0,0.12639060005312786,0.12639060005312786,0.0,0,0,0.0009066460188478231,0.0,0.011732413986464962,0.0,0.0
neu_mbv2_pattern_mining,2026-02-08T11:32:39,3,143,29,2,0.796875,1.4613580703735352,0.0,0.11450393008999527,0.11450393008999527,0.0,0,0,0.0008349780109710991,0.0,0.010615414998028427,0.0,0.0
neu_mbv2_pattern_mining,2026-02-08T11:32:39,3,144,29,3,1.0,0.00036696044844575226,0.0,0.1070799698936753,0.1070799698936753,0.0,0,0,0.0011300889891572297,0.0,0.0095779080002103,0.0,0.0
neu_mbv2_pattern_mining,2026-02-08T11:32:39,3,145,29,4,0.3333333333333333,1.0285500288009644,0.0,0.12241428019478917,0.12241428019478917,0.0,0,0,0.0007025240047369152,0.0,0.011538904014742002,0.0,0.0
neu_mbv2_pattern_mining,2026-02-08T11:32:40,4,141,29,0,1.0,9.539407074043993e-06,0.0,0.31341787020210177,0.31341787020210177,0.0,0,0,0.0034201920207124203,0.0,0.027921594999497756,0.0,0.0
neu_mbv2_pattern_mining,2026-02-08T11:32:40,4,142,29,1,1.0,5.2636289183283225e-05,0.0,0.10149175999686122,0.10149175999686122,0.0,0,0,0.0007891049899626523,0.0,0.00936007100972347,0.0,0.0
neu_mbv2_pattern_mining,2026-02-08T11:32:40,4,143,29,2,1.0,6.995116564212367e-05,0.0,0.1037599501432851,0.1037599501432851,0.0,0,0,0.0007215710065793246,0.0,0.009654424007749185,0.0,0.0
neu_mbv2_pattern_mining,2026-02-08T11:32:40,4,144,29,3,0.984375,0.05228206887841225,0.0,0.11512269993545488,0.11512269993545488,0.0,0,0,0.001120397006161511,0.0,0.010391872987383977,0.0,0.0
neu_mbv2_pattern_mining,2026-02-08T11:32:40,4,145,29,4,0.3333333333333333,1.0403012037277222,0.0,0.13416475005215034,0.13416475005215034,0.0,0,0,0.0007848819950595498,0.0,0.012631593010155484,0.0,0.0
neu_mbv2_pattern_mining,2026-02-08T11:32:41,0,146,30,0,1.0,4.421575431479141e-05,0.0,0.5466000101296231,0.5466000101296231,0.0,0,0,0.003917883994290605,0.0,0.050742117018671706,0.0,0.0
neu_mbv2_pattern_mining,2026-02-08T11:32:41,0,147,30,1,1.0,0.0003608787665143609,0.0,0.12863394018495455,0.12863394018495455,0.0,0,0,0.0009711820166558027,0.0,0.011892212001839653,0.0,0.0
neu_mbv2_pattern_mining,2026-02-08T11:32:41,0,148,30,2,1.0,0.0012279537040740252,0.0,0.12532017019111663,0.12532017019111663,0.0,0,0,0.0010281190043315291,0.0,0.011503898014780134,0.0,0.0
neu_mbv2_pattern_mining,2026-02-08T11:32:41,0,149,30,3,1.0,0.009998229332268238,0.0,0.13463429000694305,0.13463429000694305,0.0,0,0,0.0009461119771003723,0.0,0.012517317023593932,0.0,0.0
neu_mbv2_pattern_mining,2026-02-08T11:32:41,0,150,30,4,1.0,0.0019323659362271428,0.0,0.1422832001117058,0.1422832001117058,0.0,0,0,0.0009189860138576478,0.0,0.013309333997312933,0.0,0.0
neu_mbv2_pattern_mining,2026-02-08T11:32:42,1,146,30,0,1.0,5.42363450222183e-05,0.0,0.5949330900330096,0.5949330900330096,0.0,0,0,0.007096860994352028,0.0,0.05239644800894894,0.0,0.0
neu_mbv2_pattern_mining,2026-02-08T11:32:42,1,147,30,1,1.0,0.00010075069440063089,0.0,0.14821233984548599,0.14821233984548599,0.0,0,0,0.0010194749920628965,0.0,0.013801758992485702,0.0,0.0
neu_mbv2_pattern_mining,2026-02-08T11:32:42,1,148,30,2,1.0,0.0003398388798814267,0.0,0.12858233007136732,0.12858233007136732,0.0,0,0,0.0009357719973195344,0.0,0.011922461009817198,0.0,0.0
neu_mbv2_pattern_mining,2026-02-08T11:32:42,1,149,30,3,0.96875,0.203349769115448,0.0,0.1264910798636265,0.1264910798636265,0.0,0,0,0.0008763480000197887,0.0,0.011772759986342862,0.0,0.0
neu_mbv2_pattern_mining,2026-02-08T11:32:42,1,150,30,4,0.3333333333333333,2.7654190063476562,0.0,0.16085370007203892,0.16085370007203892,0.0,0,0,0.0008741430065128952,0.0,0.015211227000690997,0.0,0.0
neu_mbv2_pattern_mining,2026-02-08T11:32:43,2,146,30,0,1.0,2.2103766241343692e-05,0.0,0.6091143900994211,0.6091143900994211,0.0,0,0,0.006536105007398874,0.0,0.05437533400254324,0.0,0.0
neu_mbv2_pattern_mining,2026-02-08T11:32:43,2,147,30,1,1.0,0.0023822870571166277,0.0,0.13433310989057645,0.13433310989057645,0.0,0,0,0.0009896949923131615,0.0,0.012443615996744484,0.0,0.0
neu_mbv2_pattern_mining,2026-02-08T11:32:43,2,148,30,2,0.90625,1.1154617071151733,0.0,0.1427829498425126,0.1427829498425126,0.0,0,0,0.00105672498466447,0.0,0.01322156999958679,0.0,0.0
neu_mbv2_pattern_mining,2026-02-08T11:32:43,2,149,30,3,1.0,0.005575976800173521,0.0,0.12401112966472283,0.12401112966472283,0.0,0,0,0.0008910379838198423,0.0,0.01151007498265244,0.0,0.0
neu_mbv2_pattern_mining,2026-02-08T11:32:43,2,150,30,4,0.3333333333333333,2.3453524112701416,0.0,0.15445760975126177,0.15445760975126177,0.0,0,0,0.0008769120031502098,0.0,0.014568848971975967,0.0,0.0
neu_mbv2_pattern_mining,2026-02-08T11:32:43,3,146,30,0,1.0,0.0003216558834537864,0.0,0.5979519899119623,0.5979519899119623,0.0,0,0,0.007014932984020561,0.0,0.05278026600717567,0.0,0.0
neu_mbv2_pattern_mining,2026-02-08T11:32:44,3,147,30,1,1.0,0.0008392659365199506,0.0,0.14507685002172366,0.14507685002172366,0.0,0,0,0.0010905659873969853,0.0,0.01341711901477538,0.0,0.0
neu_mbv2_pattern_mining,2026-02-08T11:32:44,3,148,30,2,0.96875,0.26778531074523926,0.0,0.1769409401458688,0.1769409401458688,0.0,0,0,0.0012903079914394766,0.0,0.016403786023147404,0.0,0.0
neu_mbv2_pattern_mining,2026-02-08T11:32:44,3,149,30,3,0.796875,0.38459718227386475,0.0,0.12597569002537057,0.12597569002537057,0.0,0,0,0.0008998400007840246,0.0,0.011697729001753032,0.0,0.0
neu_mbv2_pattern_mining,2026-02-08T11:32:44,3,150,30,4,1.0,0.034649353474378586,0.0,0.14665788999991491,0.14665788999991491,0.0,0,0,0.0008877929940354079,0.0,0.013777996005956084,0.0,0.0
neu_mbv2_pattern_mining,2026-02-08T11:32:44,4,146,30,0,1.0,7.914971502032131e-05,0.0,0.3261058800853789,0.3261058800853789,0.0,0,0,0.004764059005538002,0.0,0.027846529002999887,0.0,0.0
neu_mbv2_pattern_mining,2026-02-08T11:32:44,4,147,30,1,1.0,9.754580241860822e-05,0.0,0.14611291990149766,0.14611291990149766,0.0,0,0,0.0010402729967609048,0.0,0.013571018993388861,0.0,0.0
neu_mbv2_pattern_mining,2026-02-08T11:32:44,4,148,30,2,1.0,0.0031712898053228855,0.0,0.15953884983900934,0.15953884983900934,0.0,0,0,0.0008634490077383816,0.0,0.015090435976162553,0.0,0.0
neu_mbv2_pattern_mining,2026-02-08T11:32:44,4,149,30,3,0.84375,0.7116641998291016,0.0,0.08641352003905922,0.08641352003905922,0.0,0,0,0.0006270190060604364,0.0,0.008014332997845486,0.0,0.0
neu_mbv2_pattern_mining,2026-02-08T11:32:44,4,150,30,4,0.6666666666666666,1.061224341392517,0.0,0.13753494975389913,0.13753494975389913,0.0,0,0,0.0010426169901620597,0.0,0.012710877985227853,0.0,0.0
neu_mbv2_pattern_mining,2026-02-08T11:32:46,0,151,31,0,1.0,0.005533489398658276,0.0,0.5278948700288311,0.5278948700288311,0.0,0,0,0.0031382220040541142,0.0,0.04965126499882899,0.0,0.0
neu_mbv2_pattern_mining,2026-02-08T11:32:46,0,152,31,1,0.796875,1.5465829372406006,0.0,0.13925548002589494,0.13925548002589494,0.0,0,0,0.0011227380018681288,0.0,0.012802810000721365,0.0,0.0
neu_mbv2_pattern_mining,2026-02-08T11:32:46,0,153,31,2,0.90625,0.23006585240364075,0.0,0.12466811982449144,0.12466811982449144,0.0,0,0,0.0010045109956990927,0.0,0.011462300986750051,0.0,0.0
neu_mbv2_pattern_mining,2026-02-08T11:32:46,0,154,31,3,0.9375,0.18288731575012207,0.0,0.10397884994745255,0.10397884994745255,0.0,0,0,0.0007430499827023596,0.0,0.009654835012042895,0.0,0.0
neu_mbv2_pattern_mining,2026-02-08T11:32:46,0,155,31,4,0.75,1.491877555847168,0.0,0.11165014002472162,0.11165014002472162,0.0,0,0,0.0007958950009196997,0.0,0.010369119001552463,0.0,0.0
neu_mbv2_pattern_mining,2026-02-08T11:32:46,1,151,31,0,1.0,0.00018814232316799462,0.0,0.3104612301103771,0.3104612301103771,0.0,0,0,0.0033637979940976948,0.0,0.027682325016940013,0.0,0.0
neu_mbv2_pattern_mining,2026-02-08T11:32:46,1,152,31,1,1.0,0.00041209315531887114,0.0,0.11943439982132986,0.11943439982132986,0.0,0,0,0.001057360990671441,0.0,0.010886078991461545,0.0,0.0
neu_mbv2_pattern_mining,2026-02-08T11:32:46,1,153,31,2,0.84375,1.3211333751678467,0.0,0.10403855005279183,0.10403855005279183,0.0,0,0,0.0008055430080275983,0.0,0.009598311997251585,0.0,0.0
neu_mbv2_pattern_mining,2026-02-08T11:32:47,1,154,31,3,0.96875,0.12610329687595367,0.0,0.09635611961130053,0.09635611961130053,0.0,0,0,0.0006739159871358424,0.0,0.00896169597399421,0.0,0.0
neu_mbv2_pattern_mining,2026-02-08T11:32:47,1,155,31,4,0.3333333333333333,0.6011565327644348,0.0,0.11669750005239621,0.11669750005239621,0.0,0,0,0.0006363049906212837,0.0,0.011033445014618337,0.0,0.0
neu_mbv2_pattern_mining,2026-02-08T11:32:47,2,151,31,0,1.0,7.825037755537778e-05,0.0,0.3645373700419441,0.3645373700419441,0.0,0,0,0.004176154005108401,0.0,0.03227758299908601,0.0,0.0
neu_mbv2_pattern_mining,2026-02-08T11:32:47,2,152,31,1,1.0,0.013410823419690132,0.0,0.09542224986944348,0.09542224986944348,0.0,0,0,0.0006884799804538488,0.0,0.008853745006490499,0.0,0.0
neu_mbv2_pattern_mining,2026-02-08T11:32:47,2,153,31,2,1.0,0.002804061397910118,0.0,0.08839873014949262,0.08839873014949262,0.0,0,0,0.0007756550039630383,0.0,0.008064218010986224,0.0,0.0
neu_mbv2_pattern_mining,2026-02-08T11:32:47,2,154,31,3,0.953125,0.2224639654159546,0.0,0.10195251990808174,0.10195251990808174,0.0,0,0,0.0009146420052275062,0.0,0.009280609985580668,0.0,0.0
neu_mbv2_pattern_mining,2026-02-08T11:32:47,2,155,31,4,0.3333333333333333,0.769940197467804,0.0,0.12045405019307509,0.12045405019307509,0.0,0,0,0.0007010830158833414,0.0,0.011344322003424168,0.0,0.0
neu_mbv2_pattern_mining,2026-02-08T11:32:48,3,151,31,0,1.0,1.217378940054914e-05,0.0,0.4327711299993098,0.4327711299993098,0.0,0,0,0.00488935099565424,0.0,0.03838776200427674,0.0,0.0
neu_mbv2_pattern_mining,2026-02-08T11:32:48,3,152,31,1,1.0,7.923130760900676e-05,0.0,0.14779580000322312,0.14779580000322312,0.0,0,0,0.0011672459950204939,0.0,0.013612334005301818,0.0,0.0
neu_mbv2_pattern_mining,2026-02-08T11:32:48,3,153,31,2,1.0,0.0011028044391423464,0.0,0.14149975002510473,0.14149975002510473,0.0,0,0,0.0009482180175837129,0.0,0.01320175698492676,0.0,0.0
neu_mbv2_pattern_mining,2026-02-08T11:32:48,3,154,31,3,1.0,0.00042225676588714123,0.0,0.14419753017136827,0.14419753017136827,0.0,0,0,0.0011438470100983977,0.0,0.01327590600703843,0.0,0.0
neu_mbv2_pattern_mining,2026-02-08T11:32:48,3,155,31,4,1.0,0.30253928899765015,0.0,0.1563902900670655,0.1563902900670655,0.0,0,0,0.0010404099884908646,0.0,0.014598619018215686,0.0,0.0
neu_mbv2_pattern_mining,2026-02-08T11:32:49,4,151,31,0,1.0,2.1354715499910526e-05,0.0,0.3226180898491293,0.3226180898491293,0.0,0,0,0.0032988929888233542,0.0,0.028962915996089578,0.0,0.0
neu_mbv2_pattern_mining,2026-02-08T11:32:49,4,152,31,1,1.0,2.3667875211685896e-05,0.0,0.11248696013353765,0.11248696013353765,0.0,0,0,0.0009267109853681177,0.0,0.010321985027985647,0.0,0.0
neu_mbv2_pattern_mining,2026-02-08T11:32:49,4,153,31,2,1.0,0.0006369565380737185,0.0,0.10529746999964118,0.10529746999964118,0.0,0,0,0.0009488280047662556,0.0,0.009580918995197862,0.0,0.0
neu_mbv2_pattern_mining,2026-02-08T11:32:49,4,154,31,3,0.921875,0.49292537569999695,0.0,0.09206148999510333,0.09206148999510333,0.0,0,0,0.0006580850167665631,0.0,0.00854806398274377,0.0,0.0
neu_mbv2_pattern_mining,2026-02-08T11:32:49,4,155,31,4,0.6666666666666666,0.507961630821228,0.0,0.10410495015094057,0.10410495015094057,0.0,0,0,0.0006251459999475628,0.0,0.009785349015146494,0.0,0.0
neu_mbv2_pattern_mining,2026-02-08T11:32:50,0,156,32,0,1.0,0.0002177112764911726,0.0,0.5117653703200631,0.5117653703200631,0.0,0,0,0.003377457003807649,0.0,0.04779908002819866,0.0,0.0
neu_mbv2_pattern_mining,2026-02-08T11:32:50,0,157,32,1,0.984375,0.04417921602725983,0.0,0.12145708984462544,0.12145708984462544,0.0,0,0,0.0009212869917973876,0.0,0.011224421992665157,0.0,0.0
neu_mbv2_pattern_mining,2026-02-08T11:32:50,0,158,32,2,1.0,0.001190882408991456,0.0,0.13172045000828803,0.13172045000828803,0.0,0,0,0.0009247109992429614,0.0,0.012247334001585841,0.0,0.0
neu_mbv2_pattern_mining,2026-02-08T11:32:50,0,159,32,3,1.0,0.02081921324133873,0.0,0.12258960981853306,0.12258960981853306,0.0,0,0,0.0008744349761400372,0.0,0.011384526005713269,0.0,0.0
neu_mbv2_pattern_mining,2026-02-08T11:32:50,0,160,32,4,0.5,1.8114765882492065,0.0,0.1123159599956125,0.1123159599956125,0.0,0,0,0.0009434619860257953,0.0,0.010288134013535455,0.0,0.0
neu_mbv2_pattern_mining,2026-02-08T11:32:51,1,156,32,0,1.0,5.210468953009695e-05,0.0,0.5478680302621797,0.5478680302621797,0.0,0,0,0.0077888480154797435,0.0,0.046997955010738224,0.0,0.0
neu_mbv2_pattern_mining,2026-02-08T11:32:51,1,157,32,1,1.0,8.121802238747478e-05,0.0,0.11400452989619225,0.11400452989619225,0.0,0,0,0.0008817339839879423,0.0,0.010518719005631283,0.0,0.0
neu_mbv2_pattern_mining,2026-02-08T11:32:51,1,158,32,2,1.0,8.752857684157789e-05,0.0,0.08351062017027289,0.08351062017027289,0.0,0,0,0.0006355050136335194,0.0,0.007715557003393769,0.0,0.0
neu_mbv2_pattern_mining,2026-02-08T11:32:51,1,159,32,3,1.0,0.011131362058222294,0.0,0.10891489015193656,0.10891489015193656,0.0,0,0,0.000805563002359122,0.0,0.010085926012834534,0.0,0.0
neu_mbv2_pattern_mining,2026-02-08T11:32:51,1,160,32,4,0.6666666666666666,0.25327375531196594,0.0,0.12808233994292095,0.12808233994292095,0.0,0,0,0.000773462001234293,0.0,0.012034771993057802,0.0,0.0
neu_mbv2_pattern_mining,2026-02-08T11:32:52,2,156,32,0,1.0,0.003920712973922491,0.0,0.6976171399583109,0.6976171399583109,0.0,0,0,0.009498706989688799,0.0,0.06026300700614229,0.0,0.0
neu_mbv2_pattern_mining,2026-02-08T11:32:52,2,157,32,1,0.984375,0.023343777284026146,0.0,0.15301716979593039,0.15301716979593039,0.0,0,0,0.0014922679984010756,0.0,0.013809448981191963,0.0,0.0
neu_mbv2_pattern_mining,2026-02-08T11:32:52,2,158,32,2,1.0,0.0006746524595655501,0.0,0.1572625499102287,0.1572625499102287,0.0,0,0,0.0015550590178463608,0.0,0.01417119597317651,0.0,0.0
neu_mbv2_pattern_mining,2026-02-08T11:32:52,2,159,32,3,0.984375,0.08829852193593979,0.0,0.1564415098982863,0.1564415098982863,0.0,0,0,0.0015486920019611716,0.0,0.01409545898786746,0.0,0.0
neu_mbv2_pattern_mining,2026-02-08T11:32:52,2,160,32,4,1.0,0.11302623897790909,0.0,0.177353989565745,0.177353989565745,0.0,0,0,0.0011377199843991548,0.0,0.016597678972175345,0.0,0.0
neu_mbv2_pattern_mining,2026-02-08T11:32:53,3,156,32,0,1.0,0.00023130916815716773,0.0,0.3522934700595215,0.3522934700595215,0.0,0,0,0.0042233710119035095,0.0,0.03100597599404864,0.0,0.0
neu_mbv2_pattern_mining,2026-02-08T11:32:53,3,157,32,1,0.953125,0.22899962961673737,0.0,0.11845202010590583,0.11845202010590583,0.0,0,0,0.0010121430095750839,0.0,0.0108330590010155,0.0,0.0
neu_mbv2_pattern_mining,2026-02-08T11:32:53,3,158,32,2,1.0,0.0008588096825405955,0.0,0.1031449600122869,0.1031449600122869,0.0,0,0,0.0007416649896185845,0.0,0.009572831011610106,0.0,0.0
neu_mbv2_pattern_mining,2026-02-08T11:32:53,3,159,32,3,0.953125,0.09295385330915451,0.0,0.10434766008984298,0.10434766008984298,0.0,0,0,0.0007057449838612229,0.0,0.009729021025123075,0.0,0.0
neu_mbv2_pattern_mining,2026-02-08T11:32:53,3,160,32,4,0.6666666666666666,2.1389005184173584,0.0,0.13121553987730294,0.13121553987730294,0.0,0,0,0.0007515919860452414,0.0,0.012369962001685053,0.0,0.0
neu_mbv2_pattern_mining,2026-02-08T11:32:54,4,156,32,0,1.0,0.00011000155791407451,0.0,0.36036890000104904,0.36036890000104904,0.0,0,0,0.004770585015648976,0.0,0.03126630498445593,0.0,0.0
neu_mbv2_pattern_mining,2026-02-08T11:32:54,4,157,32,1,0.984375,0.06808669120073318,0.0,0.08500828989781439,0.08500828989781439,0.0,0,0,0.0006248489953577518,0.0,0.007875979994423687,0.0,0.0
neu_mbv2_pattern_mining,2026-02-08T11:32:54,4,158,32,2,0.953125,0.14329567551612854,0.0,0.09607056010281667,0.09607056010281667,0.0,0,0,0.0006913130055181682,0.0,0.008915743004763499,0.0,0.0
neu_mbv2_pattern_mining,2026-02-08T11:32:54,4,159,32,3,0.953125,0.17058178782463074,0.0,0.0995591000537388,0.0995591000537388,0.0,0,0,0.0007085709949024022,0.0,0.009247339010471478,0.0,0.0
neu_mbv2_pattern_mining,2026-02-08T11:32:54,4,160,32,4,0.6666666666666666,1.6718617677688599,0.0,0.12958587001776323,0.12958587001776323,0.0,0,0,0.0007484490051865578,0.0,0.012210137996589765,0.0,0.0
neu_mbv2_pattern_mining,2026-02-08T11:32:55,0,161,33,0,1.0,3.160894266329706e-05,0.0,0.6208752101520076,0.6208752101520076,0.0,0,0,0.004131137015065178,0.0,0.057956384000135586,0.0,0.0
neu_mbv2_pattern_mining,2026-02-08T11:32:55,0,162,33,1,1.0,3.7768582842545584e-05,0.0,0.1451071898918599,0.1451071898918599,0.0,0,0,0.0011075679794885218,0.0,0.013403151009697467,0.0,0.0
neu_mbv2_pattern_mining,2026-02-08T11:32:55,0,163,33,2,0.984375,0.03447062522172928,0.0,0.14113825978711247,0.14113825978711247,0.0,0,0,0.0010166639985982329,0.0,0.013097161980113015,0.0,0.0
neu_mbv2_pattern_mining,2026-02-08T11:32:55,0,164,33,3,0.96875,0.10432331264019012,0.0,0.13272117997985333,0.13272117997985333,0.0,0,0,0.0009556050063110888,0.0,0.012316512991674244,0.0,0.0
neu_mbv2_pattern_mining,2026-02-08T11:32:55,0,165,33,4,0.25,5.903705596923828,0.0,0.15823148016352206,0.15823148016352206,0.0,0,0,0.0009758130181580782,0.0,0.014847334998194128,0.0,0.0
neu_mbv2_pattern_mining,2026-02-08T11:32:56,1,161,33,0,1.0,0.00045485422015190125,0.0,0.39424778980901465,0.39424778980901465,0.0,0,0,0.004811710998183116,0.0,0.03461306798271835,0.0,0.0
neu_mbv2_pattern_mining,2026-02-08T11:32:56,1,162,33,1,0.96875,0.06927446275949478,0.0,0.10604271985357627,0.10604271985357627,0.0,0,0,0.0008831709856167436,0.0,0.009721100999740884,0.0,0.0
neu_mbv2_pattern_mining,2026-02-08T11:32:56,1,163,33,2,0.84375,0.45193541049957275,0.0,0.09647022001445293,0.09647022001445293,0.0,0,0,0.0007706710021011531,0.0,0.00887635099934414,0.0,0.0
neu_mbv2_pattern_mining,2026-02-08T11:32:56,1,164,33,3,0.96875,0.10292842239141464,0.0,0.08747622021473944,0.08747622021473944,0.0,0,0,0.0006386690074577928,0.0,0.008108953014016151,0.0,0.0
neu_mbv2_pattern_mining,2026-02-08T11:32:56,1,165,33,4,0.3333333333333333,4.336476802825928,0.0,0.11186311981873587,0.11186311981873587,0.0,0,0,0.0005938379908911884,0.0,0.010592473990982398,0.0,0.0
neu_mbv2_pattern_mining,2026-02-08T11:32:57,2,161,33,0,1.0,2.320303065062035e-05,0.0,0.5422885197913274,0.5422885197913274,0.0,0,0,0.005886225000722334,0.0,0.04834262697841041,0.0,0.0
neu_mbv2_pattern_mining,2026-02-08T11:32:57,2,162,33,1,1.0,0.0004772486281581223,0.0,0.12707051006145775,0.12707051006145775,0.0,0,0,0.0009143470088019967,0.0,0.011792703997343779,0.0,0.0
neu_mbv2_pattern_mining,2026-02-08T11:32:57,2,163,33,2,0.96875,0.037428490817546844,0.0,0.11534821009263396,0.11534821009263396,0.0,0,0,0.0008287710079457611,0.0,0.010706050001317635,0.0,0.0
neu_mbv2_pattern_mining,2026-02-08T11:32:57,2,164,33,3,0.984375,0.03957722336053848,0.0,0.10512589011341333,0.10512589011341333,0.0,0,0,0.0008118550176732242,0.0,0.00970073399366811,0.0,0.0
neu_mbv2_pattern_mining,2026-02-08T11:32:57,2,165,33,4,0.6666666666666666,3.294107675552368,0.0,0.13503090012818575,0.13503090012818575,0.0,0,0,0.0010319560242351145,0.0,0.01247113398858346,0.0,0.0
neu_mbv2_pattern_mining,2026-02-08T11:32:58,3,161,33,0,1.0,0.00047583229024894536,0.0,0.6050094598322175,0.6050094598322175,0.0,0,0,0.006966722983634099,0.0,0.053534222999587655,0.0,0.0
neu_mbv2_pattern_mining,2026-02-08T11:32:58,3,162,33,1,1.0,0.002249459968879819,0.0,0.12396439007716253,0.12396439007716253,0.0,0,0,0.0009995390137191862,0.0,0.011396899993997067,0.0,0.0
neu_mbv2_pattern_mining,2026-02-08T11:32:58,3,163,33,2,0.921875,0.20082612335681915,0.0,0.14206007006578147,0.14206007006578147,0.0,0,0,0.0010099530045408756,0.0,0.013196054002037272,0.0,0.0
neu_mbv2_pattern_mining,2026-02-08T11:32:58,3,164,33,3,1.0,0.0006092790281400084,0.0,0.13312744034919888,0.13312744034919888,0.0,0,0,0.0009408680198248476,0.0,0.01237187601509504,0.0,0.0
neu_mbv2_pattern_mining,2026-02-08T11:32:58,3,165,33,4,1.0,0.10787550359964371,0.0,0.16310671984683722,0.16310671984683722,0.0,0,0,0.0009233419841621071,0.0,0.015387330000521615,0.0,0.0
neu_mbv2_pattern_mining,2026-02-08T11:32:58,4,161,33,0,1.0,0.00043593006557784975,0.0,0.31827264989260584,0.31827264989260584,0.0,0,0,0.0033916689862962812,0.0,0.028435596002964303,0.0,0.0
neu_mbv2_pattern_mining,2026-02-08T11:32:58,4,162,33,1,0.859375,0.5158967971801758,0.0,0.08789550978690386,0.08789550978690386,0.0,0,0,0.0006548519886564463,0.0,0.00813469899003394,0.0,0.0
neu_mbv2_pattern_mining,2026-02-08T11:32:58,4,163,33,2,1.0,0.00032050564186647534,0.0,0.0943567103240639,0.0943567103240639,0.0,0,0,0.0006822440191172063,0.0,0.008753427013289183,0.0,0.0
neu_mbv2_pattern_mining,2026-02-08T11:32:58,4,164,33,3,0.953125,0.14877161383628845,0.0,0.10676682984922081,0.10676682984922081,0.0,0,0,0.000773013976868242,0.0,0.00990366900805384,0.0,0.0
neu_mbv2_pattern_mining,2026-02-08T11:32:59,4,165,33,4,1.0,0.03603367879986763,0.0,0.13787322997814044,0.13787322997814044,0.0,0,0,0.0007896239985711873,0.0,0.012997698999242857,0.0,0.0
neu_mbv2_pattern_mining,2026-02-08T11:33:00,0,166,34,0,1.0,0.0001492012816015631,0.0,0.34789779980201274,0.34789779980201274,0.0,0,0,0.0023029939911793917,0.0,0.03248678598902188,0.0,0.0
neu_mbv2_pattern_mining,2026-02-08T11:33:00,0,167,34,1,0.953125,0.10506770014762878,0.0,0.12908848002552986,0.12908848002552986,0.0,0,0,0.0009457929991185665,0.0,0.01196305500343442,0.0,0.0
neu_mbv2_pattern_mining,2026-02-08T11:33:00,0,168,34,2,0.984375,0.030604898929595947,0.0,0.11670506006339565,0.11670506006339565,0.0,0,0,0.000826292991405353,0.0,0.010844213014934212,0.0,0.0
neu_mbv2_pattern_mining,2026-02-08T11:33:00,0,169,34,3,0.828125,0.966715931892395,0.0,0.1158729798044078,0.1158729798044078,0.0,0,0,0.0008213839901145548,0.0,0.010765913990326226,0.0,0.0
neu_mbv2_pattern_mining,2026-02-08T11:33:00,0,170,34,4,0.25,1.1796901226043701,0.0,0.12034984974889085,0.12034984974889085,0.0,0,0,0.0007866499945521355,0.0,0.01124833498033695,0.0,0.0
neu_mbv2_pattern_mining,2026-02-08T11:33:00,1,166,34,0,1.0,0.0003091658581979573,0.0,0.3068694699322805,0.3068694699322805,0.0,0,0,0.00335270501091145,0.0,0.0273342419823166,0.0,0.0
neu_mbv2_pattern_mining,2026-02-08T11:33:01,1,167,34,1,0.96875,0.0648757666349411,0.0,0.11726400989573449,0.11726400989573449,0.0,0,0,0.0009656010079197586,0.0,0.01076079998165369,0.0,0.0
neu_mbv2_pattern_mining,2026-02-08T11:33:01,1,168,34,2,1.0,0.00027618464082479477,0.0,0.11861055012559518,0.11861055012559518,0.0,0,0,0.0010135130141861737,0.0,0.010847541998373345,0.0,0.0
neu_mbv2_pattern_mining,2026-02-08T11:33:01,1,169,34,3,0.90625,0.3011525869369507,0.0,0.1114198999130167,0.1114198999130167,0.0,0,0,0.0007896189927123487,0.0,0.010352370998589322,0.0,0.0
neu_mbv2_pattern_mining,2026-02-08T11:33:01,1,170,34,4,0.6666666666666666,0.838026762008667,0.0,0.13404330966295674,0.13404330966295674,0.0,0,0,0.0006951979885343462,0.0,0.012709132977761328,0.0,0.0
neu_mbv2_pattern_mining,2026-02-08T11:33:01,2,166,34,0,1.0,6.13018564763479e-05,0.0,0.3019900099025108,0.3019900099025108,0.0,0,0,0.003550852998159826,0.0,0.026648147992091253,0.0,0.0
neu_mbv2_pattern_mining,2026-02-08T11:33:01,2,167,34,1,1.0,0.006173448171466589,0.0,0.08298145025037229,0.08298145025037229,0.0,0,0,0.0006164360092952847,0.0,0.007681709015741944,0.0,0.0
neu_mbv2_pattern_mining,2026-02-08T11:33:01,2,168,34,2,1.0,0.0004881727509200573,0.0,0.10283094015903771,0.10283094015903771,0.0,0,0,0.0007204730063676834,0.0,0.009562621009536088,0.0,0.0
neu_mbv2_pattern_mining,2026-02-08T11:33:01,2,169,34,3,0.96875,0.19004598259925842,0.0,0.10605518007650971,0.10605518007650971,0.0,0,0,0.0008951420022640377,0.0,0.009710376005386934,0.0,0.0
neu_mbv2_pattern_mining,2026-02-08T11:33:01,2,170,34,4,0.6666666666666666,1.451757550239563,0.0,0.13654296984896064,0.13654296984896064,0.0,0,0,0.0008129219932015985,0.0,0.012841374991694465,0.0,0.0
neu_mbv2_pattern_mining,2026-02-08T11:33:02,3,166,34,0,1.0,4.2987201595678926e-05,0.0,0.43265120999421924,0.43265120999421924,0.0,0,0,0.004860566987190396,0.0,0.03840455401223153,0.0,0.0
neu_mbv2_pattern_mining,2026-02-08T11:33:02,3,167,34,1,1.0,6.8263743742136285e-06,0.0,0.12178298027720302,0.12178298027720302,0.0,0,0,0.0008777830225881189,0.0,0.011300515005132183,0.0,0.0
neu_mbv2_pattern_mining,2026-02-08T11:33:02,3,168,34,2,1.0,0.006500118412077427,0.0,0.13899974001105875,0.13899974001105875,0.0,0,0,0.0010587580036371946,0.0,0.01284121599746868,0.0,0.0
neu_mbv2_pattern_mining,2026-02-08T11:33:02,3,169,34,3,1.0,0.0008246940560638905,0.0,0.11717499000951648,0.11717499000951648,0.0,0,0,0.0008194500114768744,0.0,0.010898048989474773,0.0,0.0
neu_mbv2_pattern_mining,2026-02-08T11:33:02,3,170,34,4,0.6666666666666666,1.407132625579834,0.0,0.12997844984056428,0.12997844984056428,0.0,0,0,0.0009468289790675044,0.0,0.012051016004988924,0.0,0.0
neu_mbv2_pattern_mining,2026-02-08T11:33:03,4,166,34,0,1.0,1.6074546920208377e-06,0.0,0.3257468299125321,0.3257468299125321,0.0,0,0,0.0034519210166763514,0.0,0.02912276197457686,0.0,0.0
neu_mbv2_pattern_mining,2026-02-08T11:33:03,4,167,34,1,1.0,2.2751250071451068e-05,0.0,0.08685793000040576,0.08685793000040576,0.0,0,0,0.0006480739975813776,0.0,0.008037719002459198,0.0,0.0
neu_mbv2_pattern_mining,2026-02-08T11:33:03,4,168,34,2,1.0,0.00011503655696287751,0.0,0.10685857996577397,0.10685857996577397,0.0,0,0,0.0009459819993935525,0.0,0.009739875997183844,0.0,0.0
neu_mbv2_pattern_mining,2026-02-08T11:33:03,4,169,34,3,1.0,0.0004420069744810462,0.0,0.1211964400135912,0.1211964400135912,0.0,0,0,0.0009468880016356707,0.0,0.01117275599972345,0.0,0.0
neu_mbv2_pattern_mining,2026-02-08T11:33:03,4,170,34,4,0.3333333333333333,2.1651484966278076,0.0,0.13917024014517665,0.13917024014517665,0.0,0,0,0.000926740001887083,0.0,0.012990284012630582,0.0,0.0
neu_mbv2_pattern_mining,2026-02-08T11:33:04,0,171,35,0,1.0,0.011295640841126442,0.0,0.4778419397189282,0.4778419397189282,0.0,0,0,0.0034297289967071265,0.0,0.04435446497518569,0.0,0.0
neu_mbv2_pattern_mining,2026-02-08T11:33:04,0,172,35,1,0.875,0.4241998493671417,0.0,0.12489518005168065,0.12489518005168065,0.0,0,0,0.0010661660053301603,0.0,0.011423351999837905,0.0,0.0
neu_mbv2_pattern_mining,2026-02-08T11:33:04,0,173,35,2,1.0,0.00036658364115282893,0.0,0.11914622999029234,0.11914622999029234,0.0,0,0,0.0008893269987311214,0.0,0.011025296000298113,0.0,0.0
neu_mbv2_pattern_mining,2026-02-08T11:33:04,0,174,35,3,1.0,0.0004209620237816125,0.0,0.11607831984292716,0.11607831984292716,0.0,0,0,0.000840535998577252,0.0,0.010767295985715464,0.0,0.0
neu_mbv2_pattern_mining,2026-02-08T11:33:04,0,175,35,4,0.75,0.7519760131835938,0.0,0.11766523006372154,0.11766523006372154,0.0,0,0,0.0007955630135256797,0.0,0.010970959992846474,0.0,0.0
neu_mbv2_pattern_mining,2026-02-08T11:33:05,1,171,35,0,0.984375,0.01353156752884388,0.0,0.6063716902281158,0.6063716902281158,0.0,0,0,0.006237115012481809,0.0,0.05440005401032977,0.0,0.0
neu_mbv2_pattern_mining,2026-02-08T11:33:05,1,172,35,1,0.875,1.5688714981079102,0.0,0.1270133099751547,0.1270133099751547,0.0,0,0,0.0009441919974051416,0.0,0.011757139000110328,0.0,0.0
neu_mbv2_pattern_mining,2026-02-08T11:33:05,1,173,35,2,0.984375,0.05011778697371483,0.0,0.1483649603324011,0.1483649603324011,0.0,0,0,0.0010814950219355524,0.0,0.013755001011304557,0.0,0.0
neu_mbv2_pattern_mining,2026-02-08T11:33:05,1,174,35,3,0.953125,0.15672628581523895,0.0,0.13377363997278735,0.13377363997278735,0.0,0,0,0.0009190900018438697,0.0,0.012458273995434865,0.0,0.0
neu_mbv2_pattern_mining,2026-02-08T11:33:05,1,175,35,4,0.6666666666666666,0.35240161418914795,0.0,0.16545194026548415,0.16545194026548415,0.0,0,0,0.0009021040168590844,0.0,0.01564309000968933,0.0,0.0
neu_mbv2_pattern_mining,2026-02-08T11:33:06,2,171,35,0,1.0,0.00017203229072038084,0.0,0.3306550599518232,0.3306550599518232,0.0,0,0,0.003554158000042662,0.0,0.02951134799513966,0.0,0.0
neu_mbv2_pattern_mining,2026-02-08T11:33:06,2,172,35,1,1.0,0.011905093677341938,0.0,0.08481935976305977,0.08481935976305977,0.0,0,0,0.0006553679995704442,0.0,0.007826567976735532,0.0,0.0
neu_mbv2_pattern_mining,2026-02-08T11:33:06,2,173,35,2,1.0,0.00021331669995561242,0.0,0.09911256987834349,0.09911256987834349,0.0,0,0,0.0007161889807321131,0.0,0.009195068007102236,0.0,0.0
neu_mbv2_pattern_mining,2026-02-08T11:33:06,2,174,35,3,1.0,0.012641972862184048,0.0,0.0993480597389862,0.0993480597389862,0.0,0,0,0.0007233129872474819,0.0,0.009211492986651137,0.0,0.0
neu_mbv2_pattern_mining,2026-02-08T11:33:06,2,175,35,4,0.6666666666666666,3.244804620742798,0.0,0.1293711198377423,0.1293711198377423,0.0,0,0,0.0007387119985651225,0.0,0.012198399985209107,0.0,0.0
neu_mbv2_pattern_mining,2026-02-08T11:33:06,3,171,35,0,1.0,1.9546241674106568e-05,0.0,0.3403015699586831,0.3403015699586831,0.0,0,0,0.00425768899731338,0.0,0.02977246799855493,0.0,0.0
neu_mbv2_pattern_mining,2026-02-08T11:33:06,3,172,35,1,1.0,6.273707549553365e-05,0.0,0.10479186021257192,0.10479186021257192,0.0,0,0,0.0009507260110694915,0.0,0.0095284600101877,0.0,0.0
neu_mbv2_pattern_mining,2026-02-08T11:33:06,3,173,35,2,1.0,0.0004546469426713884,0.0,0.10114619974046946,0.10114619974046946,0.0,0,0,0.0007569649897050112,0.0,0.009357654984341934,0.0,0.0
neu_mbv2_pattern_mining,2026-02-08T11:33:07,3,174,35,3,1.0,0.00010382150503573939,0.0,0.10012170998379588,0.10012170998379588,0.0,0,0,0.000719581003068015,0.0,0.009292589995311573,0.0,0.0
neu_mbv2_pattern_mining,2026-02-08T11:33:07,3,175,35,4,0.6666666666666666,3.499845504760742,0.0,0.13705335994018242,0.13705335994018242,0.0,0,0,0.0008160519937518984,0.0,0.012889284000266343,0.0,0.0
neu_mbv2_pattern_mining,2026-02-08T11:33:07,4,171,35,0,1.0,2.5275057851104066e-05,0.0,0.5489517201203853,0.5489517201203853,0.0,0,0,0.005793359014205635,0.0,0.049101812997832894,0.0,0.0
neu_mbv2_pattern_mining,2026-02-08T11:33:07,4,172,35,1,1.0,7.266747707035393e-05,0.0,0.12706326029729098,0.12706326029729098,0.0,0,0,0.0009021910082083195,0.0,0.011804135021520779,0.0,0.0
neu_mbv2_pattern_mining,2026-02-08T11:33:07,4,173,35,2,1.0,0.000198023219127208,0.0,0.13263255008496344,0.13263255008496344,0.0,0,0,0.0009406479948665947,0.0,0.01232260701362975,0.0,0.0
neu_mbv2_pattern_mining,2026-02-08T11:33:07,4,174,35,3,1.0,0.00022080304916016757,0.0,0.11666840990073979,0.11666840990073979,0.0,0,0,0.0008220449963118881,0.0,0.01084479599376209,0.0,0.0
neu_mbv2_pattern_mining,2026-02-08T11:33:07,4,175,35,4,0.6666666666666666,1.143520712852478,0.0,0.15733751002699137,0.15733751002699137,0.0,0,0,0.000891872012289241,0.0,0.014841878990409896,0.0,0.0
neu_mbv2_pattern_mining,2026-02-08T11:33:09,0,176,36,0,1.0,0.0001329400110989809,0.0,0.4786778398556635,0.4786778398556635,0.0,0,0,0.002996627998072654,0.0,0.044871155987493694,0.0,0.0
neu_mbv2_pattern_mining,2026-02-08T11:33:09,0,177,36,1,0.828125,0.7515658736228943,0.0,0.14413868018891662,0.14413868018891662,0.0,0,0,0.0010188900050707161,0.0,0.013394978013820946,0.0,0.0
neu_mbv2_pattern_mining,2026-02-08T11:33:09,0,178,36,2,0.96875,0.06504833698272705,0.0,0.1235742899007164,0.1235742899007164,0.0,0,0,0.0008871849859133363,0.0,0.011470244004158303,0.0,0.0
neu_mbv2_pattern_mining,2026-02-08T11:33:09,0,179,36,3,0.984375,0.019574109464883804,0.0,0.10380930994870141,0.10380930994870141,0.0,0,0,0.0007555439951829612,0.0,0.00962538699968718,0.0,0.0
neu_mbv2_pattern_mining,2026-02-08T11:33:09,0,180,36,4,0.75,0.7575920224189758,0.0,0.11202635010704398,0.11202635010704398,0.0,0,0,0.0007484800007659942,0.0,0.010454155009938404,0.0,0.0
neu_mbv2_pattern_mining,2026-02-08T11:33:10,1,176,36,0,1.0,0.000375257630366832,0.0,0.5990498198661953,0.5990498198661953,0.0,0,0,0.006137044983915985,0.0,0.05376793700270355,0.0,0.0
neu_mbv2_pattern_mining,2026-02-08T11:33:10,1,177,36,1,0.859375,1.2498078346252441,0.0,0.14373561018146574,0.14373561018146574,0.0,0,0,0.0010283160081598908,0.0,0.013345245009986684,0.0,0.0
neu_mbv2_pattern_mining,2026-02-08T11:33:10,1,178,36,2,0.953125,0.19447177648544312,0.0,0.1414124300936237,0.1414124300936237,0.0,0,0,0.0009968779922928661,0.0,0.013144365017069504,0.0,0.0
neu_mbv2_pattern_mining,2026-02-08T11:33:10,1,179,36,3,1.0,0.0007792315445840359,0.0,0.13163550000172108,0.13163550000172108,0.0,0,0,0.000926549982978031,0.0,0.012237000017194077,0.0,0.0
neu_mbv2_pattern_mining,2026-02-08T11:33:10,1,180,36,4,0.6666666666666666,0.39809486269950867,0.0,0.1393805700354278,0.1393805700354278,0.0,0,0,0.0006661119987256825,0.0,0.013271945004817098,0.0,0.0
neu_mbv2_pattern_mining,2026-02-08T11:33:10,2,176,36,0,1.0,7.524823013227433e-05,0.0,0.3179914297652431,0.3179914297652431,0.0,0,0,0.003553818998625502,0.0,0.028245323977898806,0.0,0.0
neu_mbv2_pattern_mining,2026-02-08T11:33:10,2,177,36,1,0.953125,0.2573911249637604,0.0,0.08439655968686566,0.08439655968686566,0.0,0,0,0.0006480579904746264,0.0,0.007791597978211939,0.0,0.0
neu_mbv2_pattern_mining,2026-02-08T11:33:10,2,178,36,2,1.0,0.0001728538773022592,0.0,0.08172795991413295,0.08172795991413295,0.0,0,0,0.0006339520041365176,0.0,0.007538843987276778,0.0,0.0
neu_mbv2_pattern_mining,2026-02-08T11:33:10,2,179,36,3,0.875,0.473906010389328,0.0,0.08130707021337003,0.08130707021337003,0.0,0,0,0.0005672920087818056,0.0,0.007563415012555197,0.0,0.0
neu_mbv2_pattern_mining,2026-02-08T11:33:10,2,180,36,4,0.6666666666666666,2.3121771812438965,0.0,0.12339826003881171,0.12339826003881171,0.0,0,0,0.0008190959924831986,0.0,0.011520730011397973,0.0,0.0
neu_mbv2_pattern_mining,2026-02-08T11:33:11,3,176,36,0,1.0,0.0008252201369032264,0.0,0.5106551299104467,0.5106551299104467,0.0,0,0,0.00669095799094066,0.0,0.04437455500010401,0.0,0.0
neu_mbv2_pattern_mining,2026-02-08T11:33:11,3,177,36,1,0.828125,0.6638834476470947,0.0,0.101381310087163,0.101381310087163,0.0,0,0,0.0007242340070661157,0.0,0.009413897001650184,0.0,0.0
neu_mbv2_pattern_mining,2026-02-08T11:33:11,3,178,36,2,1.0,0.0007783080218359828,0.0,0.09503426001174375,0.09503426001174375,0.0,0,0,0.0006793499924242496,0.0,0.008824076008750126,0.0,0.0
neu_mbv2_pattern_mining,2026-02-08T11:33:11,3,179,36,3,0.96875,0.07871615886688232,0.0,0.08892182988347486,0.08892182988347486,0.0,0,0,0.0006833660008851439,0.0,0.008208816987462342,0.0,0.0
neu_mbv2_pattern_mining,2026-02-08T11:33:11,3,180,36,4,0.6666666666666666,1.8828715085983276,0.0,0.11622457997873425,0.11622457997873425,0.0,0,0,0.0007017739990260452,0.0,0.01092068399884738,0.0,0.0
neu_mbv2_pattern_mining,2026-02-08T11:33:12,4,176,36,0,1.0,2.9281181923579425e-05,0.0,0.4488612202112563,0.4488612202112563,0.0,0,0,0.004980433004675433,0.0,0.039905689016450197,0.0,0.0
neu_mbv2_pattern_mining,2026-02-08T11:33:12,4,177,36,1,1.0,0.010458080098032951,0.0,0.1439427401055582,0.1439427401055582,0.0,0,0,0.0011083499994128942,0.0,0.013285924011142924,0.0,0.0
neu_mbv2_pattern_mining,2026-02-08T11:33:12,4,178,36,2,1.0,0.0013691922649741173,0.0,0.12356249993899837,0.12356249993899837,0.0,0,0,0.0008774320012889802,0.0,0.011478817992610857,0.0,0.0
neu_mbv2_pattern_mining,2026-02-08T11:33:12,4,179,36,3,1.0,0.00027340478845871985,0.0,0.11158225999679416,0.11158225999679416,0.0,0,0,0.0007839209865778685,0.0,0.010374305013101548,0.0,0.0
neu_mbv2_pattern_mining,2026-02-08T11:33:12,4,180,36,4,0.6666666666666666,2.3560869693756104,0.0,0.11525173002155498,0.11525173002155498,0.0,0,0,0.0007071710133459419,0.0,0.010818001988809556,0.0,0.0
neu_mbv2_pattern_mining,2026-02-08T11:33:13,0,181,37,0,1.0,2.632531504787039e-05,0.0,0.3693680901778862,0.3693680901778862,0.0,0,0,0.0023569829936604947,0.0,0.034579826024128124,0.0,0.0
neu_mbv2_pattern_mining,2026-02-08T11:33:13,0,182,37,1,1.0,9.433674858883023e-05,0.0,0.11706849007168785,0.11706849007168785,0.0,0,0,0.000971803005086258,0.0,0.010735046002082527,0.0,0.0
neu_mbv2_pattern_mining,2026-02-08T11:33:13,0,183,37,2,0.984375,0.04140279442071915,0.0,0.10946538997814059,0.10946538997814059,0.0,0,0,0.0007804140041116625,0.0,0.010166124993702397,0.0,0.0
neu_mbv2_pattern_mining,2026-02-08T11:33:13,0,184,37,3,1.0,0.00012234962196089327,0.0,0.10099138016812503,0.10099138016812503,0.0,0,0,0.0007496990147046745,0.0,0.009349439002107829,0.0,0.0
neu_mbv2_pattern_mining,2026-02-08T11:33:13,0,185,37,4,0.5,1.3969589471817017,0.0,0.09685066994279623,0.09685066994279623,0.0,0,0,0.0006816250097472221,0.0,0.009003441984532401,0.0,0.0
neu_mbv2_pattern_mining,2026-02-08T11:33:14,1,181,37,0,1.0,0.00011757840547943488,0.0,0.4400016600266099,0.4400016600266099,0.0,0,0,0.00585558800958097,0.0,0.03814457799308002,0.0,0.0
neu_mbv2_pattern_mining,2026-02-08T11:33:14,1,182,37,1,0.96875,0.17871637642383575,0.0,0.10898897977313027,0.10898897977313027,0.0,0,0,0.0009142409835476428,0.0,0.009984656993765384,0.0,0.0
neu_mbv2_pattern_mining,2026-02-08T11:33:14,1,183,37,2,1.0,0.0010286648757755756,0.0,0.09566269000060856,0.09566269000060856,0.0,0,0,0.000700973003404215,0.0,0.008865295996656641,0.0,0.0
neu_mbv2_pattern_mining,2026-02-08T11:33:14,1,184,37,3,0.984375,0.0719241350889206,0.0,0.1008347500464879,0.1008347500464879,0.0,0,0,0.0008970890194177628,0.0,0.009186385985231027,0.0,0.0
neu_mbv2_pattern_mining,2026-02-08T11:33:14,1,185,37,4,0.6666666666666666,0.9267425537109375,0.0,0.12943046021973714,0.12943046021973714,0.0,0,0,0.00075534000643529,0.0,0.012187706015538424,0.0,0.0
neu_mbv2_pattern_mining,2026-02-08T11:33:15,2,181,37,0,1.0,6.565979856532067e-05,0.0,0.5354691602406092,0.5354691602406092,0.0,0,0,0.004206166020594537,0.0,0.04934075000346638,0.0,0.0
neu_mbv2_pattern_mining,2026-02-08T11:33:15,2,182,37,1,1.0,0.00014465571439359337,0.0,0.11843070009490475,0.11843070009490475,0.0,0,0,0.000841323024360463,0.0,0.011001746985130012,0.0,0.0
neu_mbv2_pattern_mining,2026-02-08T11:33:15,2,183,37,2,1.0,0.00011093792272731662,0.0,0.1233323899214156,0.1233323899214156,0.0,0,0,0.0008728149987291545,0.0,0.011460423993412405,0.0,0.0
neu_mbv2_pattern_mining,2026-02-08T11:33:15,2,184,37,3,1.0,0.004161474760621786,0.0,0.12302409013500437,0.12302409013500437,0.0,0,0,0.0008672080002725124,0.0,0.011435201013227925,0.0,0.0
neu_mbv2_pattern_mining,2026-02-08T11:33:15,2,185,37,4,1.0,0.0015027212211862206,0.0,0.15141312003834173,0.15141312003834173,0.0,0,0,0.0008330149867106229,0.0,0.01430829701712355,0.0,0.0
neu_mbv2_pattern_mining,2026-02-08T11:33:15,3,181,37,0,1.0,3.5066623240709305e-05,0.0,0.6335679101175629,0.6335679101175629,0.0,0,0,0.006407973007299006,0.0,0.05694881800445728,0.0,0.0
neu_mbv2_pattern_mining,2026-02-08T11:33:15,3,182,37,1,1.0,1.9369919755263254e-05,0.0,0.13639152981340885,0.13639152981340885,0.0,0,0,0.0009825099841691554,0.0,0.01265664299717173,0.0,0.0
neu_mbv2_pattern_mining,2026-02-08T11:33:15,3,183,37,2,1.0,0.010325378738343716,0.0,0.11545518005732447,0.11545518005732447,0.0,0,0,0.0007998289947863668,0.0,0.01074568901094608,0.0,0.0
neu_mbv2_pattern_mining,2026-02-08T11:33:15,3,184,37,3,1.0,0.0015820604749023914,0.0,0.11723766016075388,0.11723766016075388,0.0,0,0,0.0009134070132859051,0.0,0.010810359002789482,0.0,0.0
neu_mbv2_pattern_mining,2026-02-08T11:33:16,3,185,37,4,1.0,0.19866354763507843,0.0,0.14456270000664517,0.14456270000664517,0.0,0,0,0.0008097579993773252,0.0,0.013646512001287192,0.0,0.0
neu_mbv2_pattern_mining,2026-02-08T11:33:16,4,181,37,0,1.0,0.014054106548428535,0.0,0.3770604601595551,0.3770604601595551,0.0,0,0,0.00469222100218758,0.0,0.03301382501376793,0.0,0.0
neu_mbv2_pattern_mining,2026-02-08T11:33:16,4,182,37,1,0.984375,0.022456170991063118,0.0,0.12081174994818866,0.12081174994818866,0.0,0,0,0.000894374999916181,0.0,0.011186799994902685,0.0,0.0
neu_mbv2_pattern_mining,2026-02-08T11:33:16,4,183,37,2,0.984375,0.01412705983966589,0.0,0.11257460981141776,0.11257460981141776,0.0,0,0,0.0007928959967102855,0.0,0.01046456498443149,0.0,0.0
neu_mbv2_pattern_mining,2026-02-08T11:33:16,4,184,37,3,0.984375,0.03865446522831917,0.0,0.11194111022632569,0.11194111022632569,0.0,0,0,0.0007910870190244168,0.0,0.010403024003608152,0.0,0.0
neu_mbv2_pattern_mining,2026-02-08T11:33:16,4,185,37,4,0.3333333333333333,1.8390508890151978,0.0,0.137719779741019,0.137719779741019,0.0,0,0,0.0008097279933281243,0.0,0.012962249980773777,0.0,0.0
neu_mbv2_pattern_mining,2026-02-08T11:33:17,0,186,38,0,1.0,1.3549828508985229e-05,0.0,0.4622256400762126,0.4622256400762126,0.0,0,0,0.00314011299633421,0.0,0.04308245101128705,0.0,0.0
neu_mbv2_pattern_mining,2026-02-08T11:33:18,0,187,38,1,1.0,0.0001650655030971393,0.0,0.12118800019379705,0.12118800019379705,0.0,0,0,0.0009232930024154484,0.0,0.011195507016964257,0.0,0.0
neu_mbv2_pattern_mining,2026-02-08T11:33:18,0,188,38,2,1.0,0.002994577633216977,0.0,0.13832882978022099,0.13832882978022099,0.0,0,0,0.0010846259829122573,0.0,0.012748256995109841,0.0,0.0
neu_mbv2_pattern_mining,2026-02-08T11:33:18,0,189,38,3,1.0,0.01813345029950142,0.0,0.12976727011846378,0.12976727011846378,0.0,0,0,0.0010382510081399232,0.0,0.011938476003706455,0.0,0.0
neu_mbv2_pattern_mining,2026-02-08T11:33:18,0,190,38,4,0.75,2.0158684253692627,0.0,0.13754103012615815,0.13754103012615815,0.0,0,0,0.0008940660045482218,0.0,0.012860037008067593,0.0,0.0
neu_mbv2_pattern_mining,2026-02-08T11:33:18,1,186,38,0,1.0,9.642410077503882e-06,0.0,0.5601031798869371,0.5601031798869371,0.0,0,0,0.006660552986431867,0.0,0.04934976500226185,0.0,0.0
neu_mbv2_pattern_mining,2026-02-08T11:33:18,1,187,38,1,1.0,1.5324676496675238e-05,0.0,0.12269356026081368,0.12269356026081368,0.0,0,0,0.0008458900265395641,0.0,0.011423465999541804,0.0,0.0
neu_mbv2_pattern_mining,2026-02-08T11:33:18,1,188,38,2,0.984375,0.06303828954696655,0.0,0.11652083980152383,0.11652083980152383,0.0,0,0,0.0008307879907079041,0.0,0.01082129598944448,0.0,0.0
neu_mbv2_pattern_mining,2026-02-08T11:33:18,1,189,38,3,1.0,0.0012371864868327975,0.0,0.11484718997962773,0.11484718997962773,0.0,0,0,0.0007896749884821475,0.0,0.010695044009480625,0.0,0.0
neu_mbv2_pattern_mining,2026-02-08T11:33:18,1,190,38,4,0.6666666666666666,2.0125558376312256,0.0,0.14917462976882234,0.14917462976882234,0.0,0,0,0.0009161699854303151,0.0,0.014001292991451919,0.0,0.0
neu_mbv2_pattern_mining,2026-02-08T11:33:19,2,186,38,0,1.0,8.184192665794399e-06,0.0,0.33109116018749774,0.33109116018749774,0.0,0,0,0.0042599120060913265,0.0,0.028849204012658447,0.0,0.0
neu_mbv2_pattern_mining,2026-02-08T11:33:19,2,187,38,1,1.0,1.8684349925024435e-05,0.0,0.10625998984323815,0.10625998984323815,0.0,0,0,0.0007581309764645994,0.0,0.009867868007859215,0.0,0.0
neu_mbv2_pattern_mining,2026-02-08T11:33:19,2,188,38,2,1.0,0.0002513767103664577,0.0,0.11695953959133476,0.11695953959133476,0.0,0,0,0.001097298983950168,0.0,0.010598654975183308,0.0,0.0
neu_mbv2_pattern_mining,2026-02-08T11:33:19,2,189,38,3,1.0,0.008926557376980782,0.0,0.10598070017294958,0.10598070017294958,0.0,0,0,0.0007609199965372682,0.0,0.00983715002075769,0.0,0.0
neu_mbv2_pattern_mining,2026-02-08T11:33:19,2,190,38,4,0.3333333333333333,2.7316768169403076,0.0,0.13022054976318032,0.13022054976318032,0.0,0,0,0.0007946419937070459,0.0,0.012227412982610986,0.0,0.0
neu_mbv2_pattern_mining,2026-02-08T11:33:20,3,186,38,0,1.0,2.2467262169811875e-05,0.0,0.3444373299134895,0.3444373299134895,0.0,0,0,0.0036148339859209955,0.0,0.030828899005427957,0.0,0.0
neu_mbv2_pattern_mining,2026-02-08T11:33:20,3,187,38,1,1.0,0.00016986046102829278,0.0,0.11309097986668348,0.11309097986668348,0.0,0,0,0.000804173992946744,0.0,0.010504923993721604,0.0,0.0
neu_mbv2_pattern_mining,2026-02-08T11:33:20,3,188,38,2,1.0,0.00023922152468003333,0.0,0.11138851987197995,0.11138851987197995,0.0,0,0,0.0007727049815002829,0.0,0.010366147005697712,0.0,0.0
neu_mbv2_pattern_mining,2026-02-08T11:33:20,3,189,38,3,1.0,0.002646632259711623,0.0,0.11037367978133261,0.11037367978133261,0.0,0,0,0.0008099429833237082,0.0,0.010227424994809553,0.0,0.0
neu_mbv2_pattern_mining,2026-02-08T11:33:20,3,190,38,4,0.3333333333333333,2.8544514179229736,0.0,0.13128174003213644,0.13128174003213644,0.0,0,0,0.0008201989985536784,0.0,0.012307975004659966,0.0,0.0
neu_mbv2_pattern_mining,2026-02-08T11:33:21,4,186,38,0,1.0,0.00023321331536863,0.0,0.43265009007882327,0.43265009007882327,0.0,0,0,0.0046677950012963265,0.0,0.038597214006586,0.0,0.0
neu_mbv2_pattern_mining,2026-02-08T11:33:21,4,187,38,1,0.828125,1.4363555908203125,0.0,0.14050269994186237,0.14050269994186237,0.0,0,0,0.0010229619801975787,0.0,0.013027308013988659,0.0,0.0
neu_mbv2_pattern_mining,2026-02-08T11:33:21,4,188,38,2,1.0,0.009989450685679913,0.0,0.11745822004741058,0.11745822004741058,0.0,0,0,0.0008720559999346733,0.0,0.010873766004806384,0.0,0.0
neu_mbv2_pattern_mining,2026-02-08T11:33:21,4,189,38,3,0.8125,0.7236806750297546,0.0,0.12523671990493312,0.12523671990493312,0.0,0,0,0.0008775049936957657,0.0,0.011646166996797547,0.0,0.0
neu_mbv2_pattern_mining,2026-02-08T11:33:21,4,190,38,4,0.3333333333333333,6.446980953216553,0.0,0.14469896006630734,0.14469896006630734,0.0,0,0,0.0009132169943768531,0.0,0.01355667901225388,0.0,0.0
neu_mbv2_pattern_mining,2026-02-08T11:33:22,0,191,39,0,1.0,0.00030153209809213877,0.0,0.33248642983380705,0.33248642983380705,0.0,0,0,0.0020453619945328683,0.0,0.031203280988847837,0.0,0.0
neu_mbv2_pattern_mining,2026-02-08T11:33:22,0,192,39,1,0.921875,0.45535343885421753,0.0,0.1199294300749898,0.1199294300749898,0.0,0,0,0.0008924650028347969,0.0,0.011100478004664183,0.0,0.0
neu_mbv2_pattern_mining,2026-02-08T11:33:22,0,193,39,2,1.0,0.001981631387025118,0.0,0.1100645400583744,0.1100645400583744,0.0,0,0,0.0007848789973650128,0.0,0.010221575008472428,0.0,0.0
neu_mbv2_pattern_mining,2026-02-08T11:33:22,0,194,39,3,0.921875,0.23724564909934998,0.0,0.11607100022956729,0.11607100022956729,0.0,0,0,0.000805674004368484,0.0,0.010801426018588245,0.0,0.0
neu_mbv2_pattern_mining,2026-02-08T11:33:22,0,195,39,4,0.5,2.3250932693481445,0.0,0.14228696003556252,0.14228696003556252,0.0,0,0,0.0008979410049505532,0.0,0.013330754998605698,0.0,0.0
neu_mbv2_pattern_mining,2026-02-08T11:33:23,1,191,39,0,1.0,1.0219860087090638e-05,0.0,0.4588380196946673,0.4588380196946673,0.0,0,0,0.005672034982126206,0.0,0.040211766987340525,0.0,0.0
neu_mbv2_pattern_mining,2026-02-08T11:33:23,1,192,39,1,1.0,1.691007855697535e-05,0.0,0.11531729018315673,0.11531729018315673,0.0,0,0,0.0007771470118314028,0.0,0.01075458200648427,0.0,0.0
neu_mbv2_pattern_mining,2026-02-08T11:33:23,1,193,39,2,1.0,0.0006488148355856538,0.0,0.1186962504289113,0.1186962504289113,0.0,0,0,0.0008899620152078569,0.0,0.010979663027683273,0.0,0.0
neu_mbv2_pattern_mining,2026-02-08T11:33:23,1,194,39,3,1.0,0.0001258975826203823,0.0,0.11627453990513459,0.11627453990513459,0.0,0,0,0.00092830098583363,0.0,0.010699153004679829,0.0,0.0
neu_mbv2_pattern_mining,2026-02-08T11:33:23,1,195,39,4,0.6666666666666666,0.7940974235534668,0.0,0.14801744982833043,0.14801744982833043,0.0,0,0,0.0008618349966127425,0.0,0.0139399099862203,0.0,0.0
neu_mbv2_pattern_mining,2026-02-08T11:33:23,2,191,39,0,1.0,0.0001584030396770686,0.0,0.5861915601417422,0.5861915601417422,0.0,0,0,0.005685451003955677,0.0,0.052933705010218546,0.0,0.0
neu_mbv2_pattern_mining,2026-02-08T11:33:23,2,192,39,1,0.984375,0.11955523490905762,0.0,0.145735320111271,0.145735320111271,0.0,0,0,0.0010812590189743787,0.0,0.01349227299215272,0.0,0.0
neu_mbv2_pattern_mining,2026-02-08T11:33:24,2,193,39,2,1.0,0.006332946941256523,0.0,0.15258476982126012,0.15258476982126012,0.0,0,0,0.001145171991083771,0.0,0.014113304991042241,0.0,0.0
neu_mbv2_pattern_mining,2026-02-08T11:33:24,2,194,39,3,0.859375,1.6325695514678955,0.0,0.14232254965463653,0.14232254965463653,0.0,0,0,0.0010387309885118157,0.0,0.013193523976951838,0.0,0.0
neu_mbv2_pattern_mining,2026-02-08T11:33:24,2,195,39,4,0.3333333333333333,2.5124127864837646,0.0,0.20910443010507151,0.20910443010507151,0.0,0,0,0.0010651120101101696,0.0,0.019845331000396982,0.0,0.0
neu_mbv2_pattern_mining,2026-02-08T11:33:24,3,191,39,0,1.0,2.9342838388402015e-05,0.0,0.544218760333024,0.544218760333024,0.0,0,0,0.005641446012305096,0.0,0.0487804300209973,0.0,0.0
neu_mbv2_pattern_mining,2026-02-08T11:33:24,3,192,39,1,1.0,9.31843533180654e-06,0.0,0.15976313996361569,0.15976313996361569,0.0,0,0,0.0011645680060610175,0.0,0.014811745990300551,0.0,0.0
neu_mbv2_pattern_mining,2026-02-08T11:33:24,3,193,39,2,0.984375,0.03939548879861832,0.0,0.11162308976054192,0.11162308976054192,0.0,0,0,0.0007290289795491844,0.0,0.010433279996505007,0.0,0.0
neu_mbv2_pattern_mining,2026-02-08T11:33:24,3,194,39,3,1.0,0.0150412293151021,0.0,0.11627235973719507,0.11627235973719507,0.0,0,0,0.0008253419946413487,0.0,0.010801893979078159,0.0,0.0
neu_mbv2_pattern_mining,2026-02-08T11:33:24,3,195,39,4,1.0,0.20052176713943481,0.0,0.13839979015756398,0.13839979015756398,0.0,0,0,0.0008252430125139654,0.0,0.013014736003242433,0.0,0.0
neu_mbv2_pattern_mining,2026-02-08T11:33:25,4,191,39,0,1.0,5.012971087126061e-05,0.0,0.5458669000654481,0.5458669000654481,0.0,0,0,0.006937936996109784,0.0,0.04764875301043503,0.0,0.0
neu_mbv2_pattern_mining,2026-02-08T11:33:25,4,192,39,1,1.0,0.0008508041501045227,0.0,0.11941936041694134,0.11941936041694134,0.0,0,0,0.0008479840180370957,0.0,0.011093952023657039,0.0,0.0
neu_mbv2_pattern_mining,2026-02-08T11:33:25,4,193,39,2,1.0,0.001205764478072524,0.0,0.09823957982007414,0.09823957982007414,0.0,0,0,0.0006516029825434089,0.0,0.009172354999464005,0.0,0.0
neu_mbv2_pattern_mining,2026-02-08T11:33:25,4,194,39,3,1.0,0.002016921527683735,0.0,0.10608165001031011,0.10608165001031011,0.0,0,0,0.0008059660030994564,0.0,0.009802198997931555,0.0,0.0
neu_mbv2_pattern_mining,2026-02-08T11:33:25,4,195,39,4,0.6666666666666666,2.515437364578247,0.0,0.12517447001300752,0.12517447001300752,0.0,0,0,0.0007779489969834685,0.0,0.011739498004317284,0.0,0.0
neu_mbv2_pattern_mining,2026-02-08T11:33:27,0,196,40,0,1.0,2.2652020561508834e-05,0.0,0.5726680398220196,0.5726680398220196,0.0,0,0,0.003599428979214281,0.0,0.05366737500298768,0.0,0.0
neu_mbv2_pattern_mining,2026-02-08T11:33:27,0,197,40,1,0.9375,0.17665717005729675,0.0,0.12561536015709862,0.12561536015709862,0.0,0,0,0.000916048011276871,0.0,0.011645488004432991,0.0,0.0
neu_mbv2_pattern_mining,2026-02-08T11:33:27,0,198,40,2,1.0,0.0003874932590406388,0.0,0.13985251018311828,0.13985251018311828,0.0,0,0,0.0010121730156242847,0.0,0.012973078002687544,0.0,0.0
neu_mbv2_pattern_mining,2026-02-08T11:33:27,0,199,40,3,0.859375,1.3481119871139526,0.0,0.14036175998626277,0.14036175998626277,0.0,0,0,0.0010135499760508537,0.0,0.013022626022575423,0.0,0.0
neu_mbv2_pattern_mining,2026-02-08T11:33:27,0,200,40,4,0.5,1.2091963291168213,0.0,0.1334976000362076,0.1334976000362076,0.0,0,0,0.0009489349904470146,0.0,0.012400825013173744,0.0,0.0
neu_mbv2_pattern_mining,2026-02-08T11:33:27,1,196,40,0,1.0,0.0002248033124487847,0.0,0.49647004023427144,0.49647004023427144,0.0,0,0,0.005495997000252828,0.0,0.044151007023174316,0.0,0.0
neu_mbv2_pattern_mining,2026-02-08T11:33:27,1,197,40,1,0.875,0.9019637107849121,0.0,0.11709291982697323,0.11709291982697323,0.0,0,0,0.0008317290048580617,0.0,0.010877562977839261,0.0,0.0
neu_mbv2_pattern_mining,2026-02-08T11:33:27,1,198,40,2,0.921875,0.4553911089897156,0.0,0.14260069001466036,0.14260069001466036,0.0,0,0,0.0009371140040457249,0.0,0.013322954997420311,0.0,0.0
neu_mbv2_pattern_mining,2026-02-08T11:33:28,1,199,40,3,1.0,0.002109155524522066,0.0,0.1233593697543256,0.1233593697543256,0.0,0,0,0.0008923449786379933,0.0,0.011443591996794567,0.0,0.0
neu_mbv2_pattern_mining,2026-02-08T11:33:28,1,200,40,4,0.6666666666666666,0.4844559133052826,0.0,0.15661970974178985,0.15661970974178985,0.0,0,0,0.0008714019786566496,0.0,0.014790568995522335,0.0,0.0
neu_mbv2_pattern_mining,2026-02-08T11:33:28,2,196,40,0,1.0,0.00018075970001518726,0.0,0.5850581603590399,0.5850581603590399,0.0,0,0,0.006836233020294458,0.0,0.05166958301560953,0.0,0.0
neu_mbv2_pattern_mining,2026-02-08T11:33:28,2,197,40,1,0.9375,0.40570855140686035,0.0,0.145651449856814,0.145651449856814,0.0,0,0,0.0009984209900721908,0.0,0.013566723995609209,0.0,0.0
neu_mbv2_pattern_mining,2026-02-08T11:33:28,2,198,40,2,0.984375,0.050937529653310776,0.0,0.11850509006762877,0.11850509006762877,0.0,0,0,0.0011608639906626195,0.0,0.010689645016100258,0.0,0.0
neu_mbv2_pattern_mining,2026-02-08T11:33:28,2,199,40,3,0.96875,0.10162372887134552,0.0,0.11744532035663724,0.11744532035663724,0.0,0,0,0.0008294210128951818,0.0,0.010915111022768542,0.0,0.0
neu_mbv2_pattern_mining,2026-02-08T11:33:28,2,200,40,4,0.3333333333333333,1.6870564222335815,0.0,0.1439916796516627,0.1439916796516627,0.0,0,0,0.0008234999841079116,0.0,0.01357566798105836,0.0,0.0
neu_mbv2_pattern_mining,2026-02-08T11:33:29,3,196,40,0,1.0,3.0260300263762474e-05,0.0,0.3874972101766616,0.3874972101766616,0.0,0,0,0.005826734995935112,0.0,0.03292298602173105,0.0,0.0
neu_mbv2_pattern_mining,2026-02-08T11:33:29,3,197,40,1,1.0,3.89629858545959e-05,0.0,0.10072963021229953,0.10072963021229953,0.0,0,0,0.0007093690219335258,0.0,0.009363593999296427,0.0,0.0
neu_mbv2_pattern_mining,2026-02-08T11:33:29,3,198,40,2,1.0,0.010756934061646461,0.0,0.11555242992471904,0.11555242992471904,0.0,0,0,0.000809596007457003,0.0,0.0107456469850149,0.0,0.0
neu_mbv2_pattern_mining,2026-02-08T11:33:29,3,199,40,3,0.984375,0.028342455625534058,0.0,0.11885684012668207,0.11885684012668207,0.0,0,0,0.0008043660200200975,0.0,0.01108131799264811,0.0,0.0
neu_mbv2_pattern_mining,2026-02-08T11:33:29,3,200,40,4,1.0,0.12617677450180054,0.0,0.13059220043942332,0.13059220043942332,0.0,0,0,0.0008686260262038559,0.0,0.012190594017738476,0.0,0.0
neu_mbv2_pattern_mining,2026-02-08T11:33:30,4,196,40,0,1.0,4.773114051204175e-05,0.0,0.4244116900372319,0.4244116900372319,0.0,0,0,0.005538758006878197,0.0,0.03690241099684499,0.0,0.0
neu_mbv2_pattern_mining,2026-02-08T11:33:30,4,197,40,1,1.0,0.002413960173726082,0.0,0.11444959993241355,0.11444959993241355,0.0,0,0,0.0008212320099119097,0.0,0.010623727983329445,0.0,0.0
neu_mbv2_pattern_mining,2026-02-08T11:33:30,4,198,40,2,1.0,0.0003682636597659439,0.0,0.10535691020777449,0.10535691020777449,0.0,0,0,0.0007414090214297175,0.0,0.009794281999347731,0.0,0.0
neu_mbv2_pattern_mining,2026-02-08T11:33:30,4,199,40,3,0.9375,0.17941166460514069,0.0,0.10401014995295554,0.10401014995295554,0.0,0,0,0.0007138949877116829,0.0,0.009687120007583871,0.0,0.0
neu_mbv2_pattern_mining,2026-02-08T11:33:30,4,200,40,4,0.6666666666666666,1.0814001560211182,0.0,0.1223811399540864,0.1223811399540864,0.0,0,0,0.0008202299941331148,0.0,0.011417884001275524,0.0,0.0
neu_mbv2_pattern_mining,2026-02-08T11:33:31,0,201,41,0,1.0,0.0007924685487523675,0.0,0.3014454900403507,0.3014454900403507,0.0,0,0,0.002108562010107562,0.0,0.02803598699392751,0.0,0.0
neu_mbv2_pattern_mining,2026-02-08T11:33:31,0,202,41,1,1.0,0.0015420981217175722,0.0,0.09420983988093212,0.09420983988093212,0.0,0,0,0.0007882769859861583,0.0,0.008632707002107054,0.0,0.0
neu_mbv2_pattern_mining,2026-02-08T11:33:31,0,203,41,2,0.890625,0.30484265089035034,0.0,0.10205650993157178,0.10205650993157178,0.0,0,0,0.0008937219972722232,0.0,0.009311928995884955,0.0,0.0
neu_mbv2_pattern_mining,2026-02-08T11:33:31,0,204,41,3,1.0,0.0002225626667495817,0.0,0.09296292992075905,0.09296292992075905,0.0,0,0,0.0006717990036122501,0.0,0.008624493988463655,0.0,0.0
neu_mbv2_pattern_mining,2026-02-08T11:33:31,0,205,41,4,1.0,0.1029723659157753,0.0,0.08812574000330642,0.08812574000330642,0.0,0,0,0.0005976099928375334,0.0,0.008214964007493109,0.0,0.0
neu_mbv2_pattern_mining,2026-02-08T11:33:32,1,201,41,0,1.0,9.848213085206226e-05,0.0,0.29718117002630606,0.29718117002630606,0.0,0,0,0.0034228580188937485,0.0,0.026295258983736858,0.0,0.0
neu_mbv2_pattern_mining,2026-02-08T11:33:32,1,202,41,1,0.984375,0.017208412289619446,0.0,0.10805565019836649,0.10805565019836649,0.0,0,0,0.0008457850199192762,0.0,0.009959779999917373,0.0,0.0
neu_mbv2_pattern_mining,2026-02-08T11:33:32,1,203,41,2,0.90625,0.43375489115715027,0.0,0.10710684000514448,0.10710684000514448,0.0,0,0,0.0007871889974921942,0.0,0.009923495003022254,0.0,0.0
neu_mbv2_pattern_mining,2026-02-08T11:33:32,1,204,41,3,1.0,0.012274661101400852,0.0,0.1106045299093239,0.1106045299093239,0.0,0,0,0.0007996030035428703,0.0,0.01026084998738952,0.0,0.0
neu_mbv2_pattern_mining,2026-02-08T11:33:32,1,205,41,4,1.0,0.03159163519740105,0.0,0.13342367979930714,0.13342367979930714,0.0,0,0,0.000754067994421348,0.0,0.012588299985509366,0.0,0.0
neu_mbv2_pattern_mining,2026-02-08T11:33:33,2,201,41,0,1.0,5.430198507383466e-05,0.0,0.3174076499999501,0.3174076499999501,0.0,0,0,0.004884572001174092,0.0,0.026856192998820916,0.0,0.0
neu_mbv2_pattern_mining,2026-02-08T11:33:33,2,202,41,1,1.0,0.003926192410290241,0.0,0.10494150017620996,0.10494150017620996,0.0,0,0,0.0008112259965855628,0.0,0.009682924021035433,0.0,0.0
neu_mbv2_pattern_mining,2026-02-08T11:33:33,2,203,41,2,0.96875,0.04139820486307144,0.0,0.10345634014811367,0.10345634014811367,0.0,0,0,0.0008472090121358633,0.0,0.009498425002675503,0.0,0.0
neu_mbv2_pattern_mining,2026-02-08T11:33:33,2,204,41,3,0.96875,0.07553093880414963,0.0,0.10671341005945578,0.10671341005945578,0.0,0,0,0.0007712960068602115,0.0,0.009900044999085367,0.0,0.0
neu_mbv2_pattern_mining,2026-02-08T11:33:33,2,205,41,4,1.0,0.16137997806072235,0.0,0.15530893026152626,0.15530893026152626,0.0,0,0,0.0009340350225102156,0.0,0.01459685800364241,0.0,0.0
neu_mbv2_pattern_mining,2026-02-08T11:33:34,3,201,41,0,1.0,9.048288120538928e-06,0.0,0.3242172201862559,0.3242172201862559,0.0,0,0,0.004823883005883545,0.0,0.027597839012742043,0.0,0.0
neu_mbv2_pattern_mining,2026-02-08T11:33:34,3,202,41,1,1.0,1.3657045201398432e-05,0.0,0.08663868997246027,0.08663868997246027,0.0,0,0,0.0006955589924473315,0.0,0.007968310004798695,0.0,0.0
neu_mbv2_pattern_mining,2026-02-08T11:33:34,3,203,41,2,0.984375,0.08378086239099503,0.0,0.10021040012361482,0.10021040012361482,0.0,0,0,0.0007235300145111978,0.0,0.009297509997850284,0.0,0.0
neu_mbv2_pattern_mining,2026-02-08T11:33:34,3,204,41,3,1.0,0.008292373269796371,0.0,0.09997739980462939,0.09997739980462939,0.0,0,0,0.0007255130039993674,0.0,0.009272226976463571,0.0,0.0
neu_mbv2_pattern_mining,2026-02-08T11:33:34,3,205,41,4,0.6666666666666666,0.492267370223999,0.0,0.13354830007301643,0.13354830007301643,0.0,0,0,0.0007934450113680214,0.0,0.012561384995933622,0.0,0.0
neu_mbv2_pattern_mining,2026-02-08T11:33:35,4,201,41,0,0.96875,0.1942693293094635,0.0,0.5990482596098445,0.5990482596098445,0.0,0,0,0.007767738978145644,0.0,0.05213708698283881,0.0,0.0
neu_mbv2_pattern_mining,2026-02-08T11:33:35,4,202,41,1,0.84375,0.6579036116600037,0.0,0.1199834598810412,0.1199834598810412,0.0,0,0,0.0009068069921340793,0.0,0.01109153899597004,0.0,0.0
neu_mbv2_pattern_mining,2026-02-08T11:33:35,4,203,41,2,0.96875,0.06369089335203171,0.0,0.11697183013893664,0.11697183013893664,0.0,0,0,0.0008921780099626631,0.0,0.010805005003931,0.0,0.0
neu_mbv2_pattern_mining,2026-02-08T11:33:35,4,204,41,3,0.859375,0.3850100636482239,0.0,0.11595755990128964,0.11595755990128964,0.0,0,0,0.0008709040121175349,0.0,0.01072485197801143,0.0,0.0
neu_mbv2_pattern_mining,2026-02-08T11:33:35,4,205,41,4,0.0,2.3621878623962402,0.0,0.15885840984992683,0.15885840984992683,0.0,0,0,0.0008797679911367595,0.0,0.015006072993855923,0.0,0.0
neu_mbv2_pattern_mining,2026-02-08T11:33:36,0,206,42,0,1.0,0.0005643378244712949,0.0,0.30259183986345306,0.30259183986345306,0.0,0,0,0.0021419379918370396,0.0,0.028117245994508266,0.0,0.0
neu_mbv2_pattern_mining,2026-02-08T11:33:36,0,207,42,1,1.0,0.015960587188601494,0.0,0.10683767992304638,0.10683767992304638,0.0,0,0,0.0007858549943193793,0.0,0.009897912997985259,0.0,0.0
neu_mbv2_pattern_mining,2026-02-08T11:33:36,0,208,42,2,1.0,0.00035791349364444613,0.0,0.10904665978159755,0.10904665978159755,0.0,0,0,0.0007882379868533462,0.0,0.01011642799130641,0.0,0.0
neu_mbv2_pattern_mining,2026-02-08T11:33:36,0,209,42,3,0.984375,0.05698363482952118,0.0,0.10845592973055318,0.10845592973055318,0.0,0,0,0.0007694539963267744,0.0,0.010076138976728544,0.0,0.0
neu_mbv2_pattern_mining,2026-02-08T11:33:36,0,210,42,4,0.75,1.6037389039993286,0.0,0.1261661300668493,0.1261661300668493,0.0,0,0,0.000881410000147298,0.0,0.011735203006537631,0.0,0.0
neu_mbv2_pattern_mining,2026-02-08T11:33:37,1,206,42,0,1.0,0.0005704608629457653,0.0,0.5118258000584319,0.5118258000584319,0.0,0,0,0.00554161099717021,0.0,0.04564096900867298,0.0,0.0
neu_mbv2_pattern_mining,2026-02-08T11:33:37,1,207,42,1,0.828125,2.6474390029907227,0.0,0.12510861997725442,0.12510861997725442,0.0,0,0,0.0009082680044230074,0.0,0.011602593993302435,0.0,0.0
neu_mbv2_pattern_mining,2026-02-08T11:33:37,1,208,42,2,0.96875,0.0381009541451931,0.0,0.13126153004122898,0.13126153004122898,0.0,0,0,0.0009191299905069172,0.0,0.01220702301361598,0.0,0.0
neu_mbv2_pattern_mining,2026-02-08T11:33:37,1,209,42,3,1.0,0.009315683506429195,0.0,0.13034604984568432,0.13034604984568432,0.0,0,0,0.0009286319836974144,0.0,0.012105973000871018,0.0,0.0
neu_mbv2_pattern_mining,2026-02-08T11:33:37,1,210,42,4,1.0,0.3149089515209198,0.0,0.1619895701878704,0.1619895701878704,0.0,0,0,0.0009693560132291168,0.0,0.015229601005557925,0.0,0.0
neu_mbv2_pattern_mining,2026-02-08T11:33:38,2,206,42,0,1.0,3.42314742738381e-05,0.0,0.4057750399806537,0.4057750399806537,0.0,0,0,0.004524281976046041,0.0,0.03605322202201933,0.0,0.0
neu_mbv2_pattern_mining,2026-02-08T11:33:38,2,207,42,1,0.984375,0.015463634394109249,0.0,0.10502156015718356,0.10502156015718356,0.0,0,0,0.0007631960033904761,0.0,0.00973896001232788,0.0,0.0
neu_mbv2_pattern_mining,2026-02-08T11:33:38,2,208,42,2,1.0,0.0003682985552586615,0.0,0.10917628998868167,0.10917628998868167,0.0,0,0,0.0007749680080451071,0.0,0.01014266099082306,0.0,0.0
neu_mbv2_pattern_mining,2026-02-08T11:33:38,2,209,42,3,0.96875,0.10533888638019562,0.0,0.10881383990636095,0.10881383990636095,0.0,0,0,0.000772000988945365,0.0,0.01010938300169073,0.0,0.0
neu_mbv2_pattern_mining,2026-02-08T11:33:38,2,210,42,4,1.0,0.08125422149896622,0.0,0.14998711994849145,0.14998711994849145,0.0,0,0,0.0007885799859650433,0.0,0.014210132008884102,0.0,0.0
neu_mbv2_pattern_mining,2026-02-08T11:33:38,3,206,42,0,1.0,0.00045161391608417034,0.0,0.6153171398909763,0.6153171398909763,0.0,0,0,0.006820474984124303,0.0,0.05471123900497332,0.0,0.0
neu_mbv2_pattern_mining,2026-02-08T11:33:39,3,207,42,1,0.96875,0.0761471539735794,0.0,0.11740636982722208,0.11740636982722208,0.0,0,0,0.0008578579872846603,0.0,0.010882778995437548,0.0,0.0
neu_mbv2_pattern_mining,2026-02-08T11:33:39,3,208,42,2,1.0,0.004456729162484407,0.0,0.122877009853255,0.122877009853255,0.0,0,0,0.0008739629993215203,0.0,0.01141373798600398,0.0,0.0
neu_mbv2_pattern_mining,2026-02-08T11:33:39,3,209,42,3,1.0,0.009910175576806068,0.0,0.12214661983307451,0.12214661983307451,0.0,0,0,0.0008594619866926223,0.0,0.011355199996614829,0.0,0.0
neu_mbv2_pattern_mining,2026-02-08T11:33:39,3,210,42,4,0.3333333333333333,3.396202325820923,0.0,0.15884174004895613,0.15884174004895613,0.0,0,0,0.0008852939936332405,0.0,0.014998880011262372,0.0,0.0
neu_mbv2_pattern_mining,2026-02-08T11:33:39,4,206,42,0,1.0,1.0994973308697809e-05,0.0,0.41223858017474413,0.41223858017474413,0.0,0,0,0.004919013008475304,0.0,0.03630484500899911,0.0,0.0
neu_mbv2_pattern_mining,2026-02-08T11:33:39,4,207,42,1,1.0,5.40208384336438e-05,0.0,0.10150560003239661,0.10150560003239661,0.0,0,0,0.0007402320043183863,0.0,0.009410327998921275,0.0,0.0
neu_mbv2_pattern_mining,2026-02-08T11:33:39,4,208,42,2,1.0,0.0008604328031651676,0.0,0.11035564006306231,0.11035564006306231,0.0,0,0,0.0007655480003450066,0.0,0.010270016005961224,0.0,0.0
neu_mbv2_pattern_mining,2026-02-08T11:33:39,4,209,42,3,0.984375,0.15003997087478638,0.0,0.11102044023573399,0.11102044023573399,0.0,0,0,0.0007652860076632351,0.0,0.010336758015910164,0.0,0.0
neu_mbv2_pattern_mining,2026-02-08T11:33:39,4,210,42,4,0.3333333333333333,0.7313153147697449,0.0,0.13632702000904828,0.13632702000904828,0.0,0,0,0.0007785370107740164,0.0,0.012854164990130812,0.0,0.0
neu_mbv2_pattern_mining,2026-02-08T11:33:41,0,211,43,0,1.0,0.00016245301230810583,0.0,0.5955846302094869,0.5955846302094869,0.0,0,0,0.004518429021118209,0.0,0.055040033999830484,0.0,0.0
neu_mbv2_pattern_mining,2026-02-08T11:33:41,0,212,43,1,0.984375,0.06423772126436234,0.0,0.12605159980012104,0.12605159980012104,0.0,0,0,0.0009134179854299873,0.0,0.011691741994582117,0.0,0.0
neu_mbv2_pattern_mining,2026-02-08T11:33:41,0,213,43,2,0.953125,0.13901197910308838,0.0,0.14571848005289212,0.14571848005289212,0.0,0,0,0.0011412670137360692,0.0,0.013430580991553143,0.0,0.0
neu_mbv2_pattern_mining,2026-02-08T11:33:41,0,214,43,3,1.0,0.003960694186389446,0.0,0.12736793025396764,0.12736793025396764,0.0,0,0,0.0010116750199813396,0.0,0.011725118005415425,0.0,0.0
neu_mbv2_pattern_mining,2026-02-08T11:33:41,0,215,43,4,1.0,0.005063226446509361,0.0,0.1264998799888417,0.1264998799888417,0.0,0,0,0.0008214660047087818,0.0,0.01182852199417539,0.0,0.0
neu_mbv2_pattern_mining,2026-02-08T11:33:41,1,211,43,0,1.0,3.2082523830467835e-05,0.0,0.2984139299951494,0.2984139299951494,0.0,0,0,0.0033978399878833443,0.0,0.026443553011631593,0.0,0.0
neu_mbv2_pattern_mining,2026-02-08T11:33:41,1,212,43,1,1.0,0.001901178970001638,0.0,0.10456073010573164,0.10456073010573164,0.0,0,0,0.0008990420028567314,0.0,0.009557031007716432,0.0,0.0
neu_mbv2_pattern_mining,2026-02-08T11:33:41,1,213,43,2,0.9375,0.20967325568199158,0.0,0.1131756801623851,0.1131756801623851,0.0,0,0,0.0009267510031349957,0.0,0.010390817013103515,0.0,0.0
neu_mbv2_pattern_mining,2026-02-08T11:33:42,1,214,43,3,0.9375,0.0896548330783844,0.0,0.11004690022673458,0.11004690022673458,0.0,0,0,0.000902825006050989,0.0,0.010101865016622469,0.0,0.0
neu_mbv2_pattern_mining,2026-02-08T11:33:42,1,215,43,4,0.3333333333333333,2.323390245437622,0.0,0.12631133024115115,0.12631133024115115,0.0,0,0,0.0006474330148193985,0.0,0.011983700009295717,0.0,0.0
neu_mbv2_pattern_mining,2026-02-08T11:33:42,2,211,43,0,1.0,4.054608507431112e-05,0.0,0.5875252099940553,0.5875252099940553,0.0,0,0,0.006490919011412188,0.0,0.052261601987993345,0.0,0.0
neu_mbv2_pattern_mining,2026-02-08T11:33:42,2,212,43,1,1.0,0.00026057224022224545,0.0,0.13132875988958403,0.13132875988958403,0.0,0,0,0.0010993400064762682,0.0,0.012033535982482135,0.0,0.0
neu_mbv2_pattern_mining,2026-02-08T11:33:42,2,213,43,2,0.984375,0.13503044843673706,0.0,0.13213139987783507,0.13213139987783507,0.0,0,0,0.0010536769987083972,0.0,0.01215946298907511,0.0,0.0
neu_mbv2_pattern_mining,2026-02-08T11:33:42,2,214,43,3,1.0,0.0024625351652503014,0.0,0.1001286500832066,0.1001286500832066,0.0,0,0,0.0008549180056434125,0.0,0.009157947002677247,0.0,0.0
neu_mbv2_pattern_mining,2026-02-08T11:33:42,2,215,43,4,0.3333333333333333,3.2826356887817383,0.0,0.11329750006552786,0.11329750006552786,0.0,0,0,0.0006628370028920472,0.0,0.010666913003660738,0.0,0.0
neu_mbv2_pattern_mining,2026-02-08T11:33:43,3,211,43,0,1.0,1.1890278983628377e-05,0.0,0.4780491697601974,0.4780491697601974,0.0,0,0,0.00521610098076053,0.0,0.04258881599525921,0.0,0.0
neu_mbv2_pattern_mining,2026-02-08T11:33:43,3,212,43,1,1.0,3.348187237861566e-05,0.0,0.12660778011195362,0.12660778011195362,0.0,0,0,0.0009156920132227242,0.0,0.011745085997972637,0.0,0.0
neu_mbv2_pattern_mining,2026-02-08T11:33:43,3,213,43,2,1.0,0.0002321629144717008,0.0,0.13437026005703956,0.13437026005703956,0.0,0,0,0.0009330760221928358,0.0,0.01250394998351112,0.0,0.0
neu_mbv2_pattern_mining,2026-02-08T11:33:43,3,214,43,3,1.0,9.913227404467762e-05,0.0,0.1388021800084971,0.1388021800084971,0.0,0,0,0.0010842540068551898,0.0,0.012795963993994519,0.0,0.0
neu_mbv2_pattern_mining,2026-02-08T11:33:43,3,215,43,4,0.6666666666666666,0.7360765337944031,0.0,0.15396014001453295,0.15396014001453295,0.0,0,0,0.0009604800143279135,0.0,0.014435533987125382,0.0,0.0
neu_mbv2_pattern_mining,2026-02-08T11:33:44,4,211,43,0,1.0,5.8233668823959306e-05,0.0,0.30003156018210575,0.30003156018210575,0.0,0,0,0.003078695008298382,0.0,0.026924461009912193,0.0,0.0
neu_mbv2_pattern_mining,2026-02-08T11:33:44,4,212,43,1,0.984375,0.015911156311631203,0.0,0.086496299772989,0.086496299772989,0.0,0,0,0.0006359059771057218,0.0,0.008013724000193179,0.0,0.0
neu_mbv2_pattern_mining,2026-02-08T11:33:44,4,213,43,2,1.0,0.003959533292800188,0.0,0.09168326010694727,0.09168326010694727,0.0,0,0,0.0006874889950267971,0.0,0.00848083701566793,0.0,0.0
neu_mbv2_pattern_mining,2026-02-08T11:33:44,4,214,43,3,0.96875,0.20438703894615173,0.0,0.08759633987210691,0.08759633987210691,0.0,0,0,0.0006300219974946231,0.0,0.008129611989716068,0.0,0.0
neu_mbv2_pattern_mining,2026-02-08T11:33:44,4,215,43,4,0.3333333333333333,2.2706778049468994,0.0,0.12467477994505316,0.12467477994505316,0.0,0,0,0.0007032529974821955,0.0,0.01176422499702312,0.0,0.0
neu_mbv2_pattern_mining,2026-02-08T11:33:45,0,216,44,0,1.0,3.107875818386674e-05,0.0,0.29664470988791436,0.29664470988791436,0.0,0,0,0.002034506993368268,0.0,0.027629963995423168,0.0,0.0
neu_mbv2_pattern_mining,2026-02-08T11:33:45,0,217,44,1,0.96875,0.08074723184108734,0.0,0.1158887697965838,0.1158887697965838,0.0,0,0,0.0009504559857305139,0.0,0.010638420993927866,0.0,0.0
neu_mbv2_pattern_mining,2026-02-08T11:33:45,0,218,44,2,0.984375,0.043067991733551025,0.0,0.10497132985619828,0.10497132985619828,0.0,0,0,0.0007625119760632515,0.0,0.009734621009556577,0.0,0.0
neu_mbv2_pattern_mining,2026-02-08T11:33:45,0,219,44,3,0.96875,0.08631902188062668,0.0,0.10957471997244284,0.10957471997244284,0.0,0,0,0.0008485250000376254,0.0,0.010108946997206658,0.0,0.0
neu_mbv2_pattern_mining,2026-02-08T11:33:45,0,220,44,4,0.25,4.29807186126709,0.0,0.12003482988802716,0.12003482988802716,0.0,0,0,0.0008198719879146665,0.0,0.01118361100088805,0.0,0.0
neu_mbv2_pattern_mining,2026-02-08T11:33:46,1,216,44,0,1.0,7.23279663361609e-05,0.0,0.46051836980041116,0.46051836980041116,0.0,0,0,0.005125497991684824,0.0,0.04092633898835629,0.0,0.0
neu_mbv2_pattern_mining,2026-02-08T11:33:46,1,217,44,1,1.0,0.0001034715969581157,0.0,0.12418908008839935,0.12418908008839935,0.0,0,0,0.0009287020075134933,0.0,0.011490206001326442,0.0,0.0
neu_mbv2_pattern_mining,2026-02-08T11:33:46,1,218,44,2,1.0,6.654756725765765e-05,0.0,0.11063956015277654,0.11063956015277654,0.0,0,0,0.0008769780106376857,0.0,0.010186978004639968,0.0,0.0
neu_mbv2_pattern_mining,2026-02-08T11:33:46,1,219,44,3,1.0,0.0446309819817543,0.0,0.10227046004729345,0.10227046004729345,0.0,0,0,0.000761958013754338,0.0,0.009465087990975007,0.0,0.0
neu_mbv2_pattern_mining,2026-02-08T11:33:46,1,220,44,4,0.6666666666666666,0.4019564092159271,0.0,0.11938449024455622,0.11938449024455622,0.0,0,0,0.0006658440106548369,0.0,0.011272605013800785,0.0,0.0
neu_mbv2_pattern_mining,2026-02-08T11:33:47,2,216,44,0,1.0,2.1453332010423765e-05,0.0,0.48441329010529444,0.48441329010529444,0.0,0,0,0.004777258000103757,0.0,0.04366407101042569,0.0,0.0
neu_mbv2_pattern_mining,2026-02-08T11:33:47,2,217,44,1,0.984375,0.03259258717298508,0.0,0.12463878025300801,0.12463878025300801,0.0,0,0,0.0009073720138985664,0.0,0.011556506011402234,0.0,0.0
neu_mbv2_pattern_mining,2026-02-08T11:33:47,2,218,44,2,0.9375,0.28501269221305847,0.0,0.11360017990227789,0.11360017990227789,0.0,0,0,0.0008035069913603365,0.0,0.010556510998867452,0.0,0.0
neu_mbv2_pattern_mining,2026-02-08T11:33:47,2,219,44,3,0.984375,0.14342647790908813,0.0,0.10284966003382578,0.10284966003382578,0.0,0,0,0.0007438730099238455,0.0,0.009541092993458733,0.0,0.0
neu_mbv2_pattern_mining,2026-02-08T11:33:47,2,220,44,4,0.0,2.585345506668091,0.0,0.11696042027324438,0.11696042027324438,0.0,0,0,0.0006992040143813938,0.0,0.010996838012943044,0.0,0.0
neu_mbv2_pattern_mining,2026-02-08T11:33:47,3,216,44,0,1.0,9.14134034246672e-06,0.0,0.5565553501946852,0.5565553501946852,0.0,0,0,0.005847098014783114,0.0,0.0498084370046854,0.0,0.0
neu_mbv2_pattern_mining,2026-02-08T11:33:47,3,217,44,1,1.0,0.00019682438869494945,0.0,0.15426243975525722,0.15426243975525722,0.0,0,0,0.001109115983126685,0.0,0.014317127992399037,0.0,0.0
neu_mbv2_pattern_mining,2026-02-08T11:33:47,3,218,44,2,1.0,0.0006590851116925478,0.0,0.14185773994540796,0.14185773994540796,0.0,0,0,0.0010174399940297008,0.0,0.013168334000511095,0.0,0.0
neu_mbv2_pattern_mining,2026-02-08T11:33:47,3,219,44,3,0.9375,0.14641164243221283,0.0,0.1314709198777564,0.1314709198777564,0.0,0,0,0.0009419010020792484,0.0,0.01220519098569639,0.0,0.0
neu_mbv2_pattern_mining,2026-02-08T11:33:48,3,220,44,4,0.6666666666666666,0.24636714160442352,0.0,0.15520422981353477,0.15520422981353477,0.0,0,0,0.000927521992707625,0.0,0.014592900988645852,0.0,0.0
neu_mbv2_pattern_mining,2026-02-08T11:33:48,4,216,44,0,1.0,7.616136281285435e-05,0.0,0.4282153202802874,0.4282153202802874,0.0,0,0,0.005795975012006238,0.0,0.0370255570160225,0.0,0.0
neu_mbv2_pattern_mining,2026-02-08T11:33:48,4,217,44,1,0.9375,0.562781810760498,0.0,0.12214253016281873,0.12214253016281873,0.0,0,0,0.0009548950183670968,0.0,0.011259357997914776,0.0,0.0
neu_mbv2_pattern_mining,2026-02-08T11:33:48,4,218,44,2,1.0,0.00011691094550769776,0.0,0.1095254099345766,0.1095254099345766,0.0,0,0,0.0007788299990352243,0.0,0.010173710994422436,0.0,0.0
neu_mbv2_pattern_mining,2026-02-08T11:33:48,4,219,44,3,0.984375,0.020363863557577133,0.0,0.10124913998879492,0.10124913998879492,0.0,0,0,0.0007907109975349158,0.0,0.009334203001344576,0.0,0.0
neu_mbv2_pattern_mining,2026-02-08T11:33:48,4,220,44,4,0.6666666666666666,2.6561241149902344,0.0,0.1080019201617688,0.1080019201617688,0.0,0,0,0.0006408650078810751,0.0,0.010159327008295804,0.0,0.0
neu_mbv2_pattern_mining,2026-02-08T11:33:49,0,221,45,0,0.984375,0.03457815572619438,0.0,0.34962634003022686,0.34962634003022686,0.0,0,0,0.0022224989952519536,0.0,0.03274013500777073,0.0,0.0
neu_mbv2_pattern_mining,2026-02-08T11:33:49,0,222,45,1,1.0,0.02626211941242218,0.0,0.12226016988279298,0.12226016988279298,0.0,0,0,0.0009895229886751622,0.0,0.011236493999604136,0.0,0.0
neu_mbv2_pattern_mining,2026-02-08T11:33:49,0,223,45,2,1.0,0.0037964279763400555,0.0,0.1212330101407133,0.1212330101407133,0.0,0,0,0.0009700850059743971,0.0,0.011153216008096933,0.0,0.0
neu_mbv2_pattern_mining,2026-02-08T11:33:49,0,224,45,3,0.953125,0.06443291902542114,0.0,0.11792956007411703,0.11792956007411703,0.0,0,0,0.0008935650112107396,0.0,0.010899390996200964,0.0,0.0
neu_mbv2_pattern_mining,2026-02-08T11:33:50,0,225,45,4,1.0,0.13219396770000458,0.0,0.11484085989650339,0.11484085989650339,0.0,0,0,0.0007838289893697947,0.0,0.010700257000280544,0.0,0.0
neu_mbv2_pattern_mining,2026-02-08T11:33:50,1,221,45,0,1.0,5.634192348225042e-05,0.0,0.30216936982469633,0.30216936982469633,0.0,0,0,0.0035853269801009446,0.0,0.02663161000236869,0.0,0.0
neu_mbv2_pattern_mining,2026-02-08T11:33:50,1,222,45,1,1.0,8.218384755309671e-05,0.0,0.08315589977428317,0.08315589977428317,0.0,0,0,0.0006203599914442748,0.0,0.007695229985984042,0.0,0.0
neu_mbv2_pattern_mining,2026-02-08T11:33:50,1,223,45,2,1.0,0.001266745151951909,0.0,0.08168280008248985,0.08168280008248985,0.0,0,0,0.0006413930095732212,0.0,0.007526886998675764,0.0,0.0
neu_mbv2_pattern_mining,2026-02-08T11:33:50,1,224,45,3,1.0,0.0014933465281501412,0.0,0.08067129994742572,0.08067129994742572,0.0,0,0,0.0005869589804206043,0.0,0.007480171014321968,0.0,0.0
neu_mbv2_pattern_mining,2026-02-08T11:33:50,1,225,45,4,0.3333333333333333,2.089566946029663,0.0,0.11041555000701919,0.11041555000701919,0.0,0,0,0.0005791409930679947,0.0,0.010462414007633924,0.0,0.0
neu_mbv2_pattern_mining,2026-02-08T11:33:51,2,221,45,0,1.0,0.0001405226648785174,0.0,0.6309266100288369,0.6309266100288369,0.0,0,0,0.005779847007943317,0.0,0.05731281399494037,0.0,0.0
neu_mbv2_pattern_mining,2026-02-08T11:33:51,2,222,45,1,0.953125,0.3939584195613861,0.0,0.14577222027583048,0.14577222027583048,0.0,0,0,0.0010429060203023255,0.0,0.013534316007280722,0.0,0.0
neu_mbv2_pattern_mining,2026-02-08T11:33:51,2,223,45,2,0.953125,0.12313322722911835,0.0,0.12471009977161884,0.12471009977161884,0.0,0,0,0.0008783329976722598,0.0,0.011592676979489625,0.0,0.0
neu_mbv2_pattern_mining,2026-02-08T11:33:51,2,224,45,3,0.96875,0.08157595247030258,0.0,0.11616703966865316,0.11616703966865316,0.0,0,0,0.0008029459859244525,0.0,0.010813757980940863,0.0,0.0
neu_mbv2_pattern_mining,2026-02-08T11:33:51,2,225,45,4,0.6666666666666666,1.6651438474655151,0.0,0.14063390000956133,0.14063390000956133,0.0,0,0,0.0007816150027792901,0.0,0.013281774998176843,0.0,0.0
neu_mbv2_pattern_mining,2026-02-08T11:33:52,3,221,45,0,1.0,0.0007767895585857332,0.0,0.532256820006296,0.532256820006296,0.0,0,0,0.005979011999443173,0.0,0.04724667000118643,0.0,0.0
neu_mbv2_pattern_mining,2026-02-08T11:33:52,3,222,45,1,0.921875,0.1319267302751541,0.0,0.14390275988262147,0.14390275988262147,0.0,0,0,0.0010689019982237369,0.0,0.01332137399003841,0.0,0.0
neu_mbv2_pattern_mining,2026-02-08T11:33:52,3,223,45,2,0.8125,1.7652045488357544,0.0,0.12466852989746258,0.12466852989746258,0.0,0,0,0.0008891639881767333,0.0,0.011577689001569524,0.0,0.0
neu_mbv2_pattern_mining,2026-02-08T11:33:52,3,224,45,3,1.0,0.0035804437939077616,0.0,0.11446131014963612,0.11446131014963612,0.0,0,0,0.0008986050088424236,0.0,0.010547526006121188,0.0,0.0
neu_mbv2_pattern_mining,2026-02-08T11:33:52,3,225,45,4,0.6666666666666666,0.8257357478141785,0.0,0.12729497044347227,0.12729497044347227,0.0,0,0,0.0007394630229100585,0.0,0.011990034021437168,0.0,0.0
neu_mbv2_pattern_mining,2026-02-08T11:33:53,4,221,45,0,1.0,2.5948895199690014e-05,0.0,0.4677297899615951,0.4677297899615951,0.0,0,0,0.005167889001313597,0.0,0.04160508999484591,0.0,0.0
neu_mbv2_pattern_mining,2026-02-08T11:33:53,4,222,45,1,1.0,0.00022597350471187383,0.0,0.11854406999191269,0.11854406999191269,0.0,0,0,0.0008729140099603683,0.0,0.010981492989230901,0.0,0.0
neu_mbv2_pattern_mining,2026-02-08T11:33:53,4,223,45,2,1.0,0.00014157113037072122,0.0,0.12310274003539234,0.12310274003539234,0.0,0,0,0.0008558109984733164,0.0,0.011454463005065918,0.0,0.0
neu_mbv2_pattern_mining,2026-02-08T11:33:53,4,224,45,3,0.953125,0.21064475178718567,0.0,0.11813118966529146,0.11813118966529146,0.0,0,0,0.0008498019888065755,0.0,0.01096331697772257,0.0,0.0
neu_mbv2_pattern_mining,2026-02-08T11:33:53,4,225,45,4,1.0,0.05630634352564812,0.0,0.13972624990856275,0.13972624990856275,0.0,0,0,0.0008290580008178949,0.0,0.01314356699003838,0.0,0.0
neu_mbv2_pattern_mining,2026-02-08T11:33:54,0,226,46,0,1.0,0.0010904180817306042,0.0,0.43130304984515533,0.43130304984515533,0.0,0,0,0.0027210359985474497,0.0,0.04040926898596808,0.0,0.0
neu_mbv2_pattern_mining,2026-02-08T11:33:54,0,227,46,1,0.90625,0.4648978114128113,0.0,0.12720819970127195,0.12720819970127195,0.0,0,0,0.000967801985098049,0.0,0.011753017985029146,0.0,0.0
neu_mbv2_pattern_mining,2026-02-08T11:33:54,0,228,46,2,1.0,0.007523521315306425,0.0,0.11563972977455705,0.11563972977455705,0.0,0,0,0.0008109099871944636,0.0,0.010753062990261242,0.0,0.0
neu_mbv2_pattern_mining,2026-02-08T11:33:54,0,229,46,3,0.9375,0.44598066806793213,0.0,0.1027407799847424,0.1027407799847424,0.0,0,0,0.0007440990011673421,0.0,0.009529978997306898,0.0,0.0
neu_mbv2_pattern_mining,2026-02-08T11:33:54,0,230,46,4,0.75,1.933647871017456,0.0,0.10639247018843889,0.10639247018843889,0.0,0,0,0.0007553280156571418,0.0,0.009883919003186747,0.0,0.0
neu_mbv2_pattern_mining,2026-02-08T11:33:55,1,226,46,0,1.0,0.00021503759489860386,0.0,0.3072413199697621,0.3072413199697621,0.0,0,0,0.0034330119960941374,0.0,0.027291120000882074,0.0,0.0
neu_mbv2_pattern_mining,2026-02-08T11:33:55,1,227,46,1,0.90625,0.5947003364562988,0.0,0.08380602026591077,0.08380602026591077,0.0,0,0,0.0006768650200683624,0.0,0.007703737006522715,0.0,0.0
neu_mbv2_pattern_mining,2026-02-08T11:33:55,1,228,46,2,0.96875,0.06650425493717194,0.0,0.09070447995327413,0.09070447995327413,0.0,0,0,0.0006853560043964535,0.0,0.00838509199093096,0.0,0.0
neu_mbv2_pattern_mining,2026-02-08T11:33:55,1,229,46,3,1.0,0.00010497294715605676,0.0,0.08630828990135342,0.08630828990135342,0.0,0,0,0.0006183380028232932,0.0,0.008012490987312049,0.0,0.0
neu_mbv2_pattern_mining,2026-02-08T11:33:55,1,230,46,4,0.6666666666666666,1.1234883069992065,0.0,0.10806436999700963,0.10806436999700963,0.0,0,0,0.000681955978507176,0.0,0.010124481021193787,0.0,0.0
neu_mbv2_pattern_mining,2026-02-08T11:33:55,2,226,46,0,1.0,6.120394573372323e-06,0.0,0.45817227015504614,0.45817227015504614,0.0,0,0,0.00493997399462387,0.0,0.040877253020880744,0.0,0.0
neu_mbv2_pattern_mining,2026-02-08T11:33:56,2,227,46,1,1.0,0.00011145283497171476,0.0,0.13885972992284223,0.13885972992284223,0.0,0,0,0.001127947005443275,0.0,0.012758025986840948,0.0,0.0
neu_mbv2_pattern_mining,2026-02-08T11:33:56,2,228,46,2,1.0,0.0008256290457211435,0.0,0.128169980016537,0.128169980016537,0.0,0,0,0.0009950910171028227,0.0,0.011821906984550878,0.0,0.0
neu_mbv2_pattern_mining,2026-02-08T11:33:56,2,229,46,3,1.0,0.000531885540112853,0.0,0.11781921028159559,0.11781921028159559,0.0,0,0,0.0009229020215570927,0.0,0.010859019006602466,0.0,0.0
neu_mbv2_pattern_mining,2026-02-08T11:33:56,2,230,46,4,0.3333333333333333,0.72593092918396,0.0,0.13908250024542212,0.13908250024542212,0.0,0,0,0.000936264026677236,0.0,0.012971985997864977,0.0,0.0
neu_mbv2_pattern_mining,2026-02-08T11:33:56,3,226,46,0,1.0,5.53052632312756e-05,0.0,0.41431062010815367,0.41431062010815367,0.0,0,0,0.0046935720019973814,0.0,0.036737490008817986,0.0,0.0
neu_mbv2_pattern_mining,2026-02-08T11:33:56,3,227,46,1,0.953125,0.14706960320472717,0.0,0.1351953300763853,0.1351953300763853,0.0,0,0,0.0009787400194909424,0.0,0.012540792988147587,0.0,0.0
neu_mbv2_pattern_mining,2026-02-08T11:33:56,3,228,46,2,0.984375,0.07647617161273956,0.0,0.12976225989405066,0.12976225989405066,0.0,0,0,0.0009977149893529713,0.0,0.011978511000052094,0.0,0.0
neu_mbv2_pattern_mining,2026-02-08T11:33:56,3,229,46,3,1.0,0.014060724526643753,0.0,0.12965731002623215,0.12965731002623215,0.0,0,0,0.0009704449912533164,0.0,0.011995286011369899,0.0,0.0
neu_mbv2_pattern_mining,2026-02-08T11:33:56,3,230,46,4,0.6666666666666666,0.6296074986457825,0.0,0.16055054002208635,0.16055054002208635,0.0,0,0,0.0008451820176560432,0.0,0.015209871984552592,0.0,0.0
neu_mbv2_pattern_mining,2026-02-08T11:33:57,4,226,46,0,1.0,1.3332066373550333e-05,0.0,0.3700476998346858,0.3700476998346858,0.0,0,0,0.0035727059876080602,0.0,0.03343206399586052,0.0,0.0
neu_mbv2_pattern_mining,2026-02-08T11:33:57,4,227,46,1,1.0,1.4833177374384832e-05,0.0,0.10692696028854698,0.10692696028854698,0.0,0,0,0.0007784450135659426,0.0,0.009914251015288755,0.0,0.0
neu_mbv2_pattern_mining,2026-02-08T11:33:57,4,228,46,2,0.96875,0.06615561991930008,0.0,0.10314989020116627,0.10314989020116627,0.0,0,0,0.0007519650098402053,0.0,0.009563024010276422,0.0,0.0
neu_mbv2_pattern_mining,2026-02-08T11:33:57,4,229,46,3,1.0,0.0025586546398699284,0.0,0.09994046995416284,0.09994046995416284,0.0,0,0,0.000834702979773283,0.0,0.009159344015643,0.0,0.0
neu_mbv2_pattern_mining,2026-02-08T11:33:57,4,230,46,4,1.0,0.14245104789733887,0.0,0.14031446014996618,0.14031446014996618,0.0,0,0,0.0008325290109496564,0.0,0.013198917004046962,0.0,0.0
neu_mbv2_pattern_mining,2026-02-08T11:33:58,0,231,47,0,1.0,0.0002307937538716942,0.0,0.3377612101030536,0.3377612101030536,0.0,0,0,0.0021074940159451216,0.0,0.03166862699436024,0.0,0.0
neu_mbv2_pattern_mining,2026-02-08T11:33:58,0,232,47,1,1.0,8.107435860438272e-05,0.0,0.0999461900210008,0.0999461900210008,0.0,0,0,0.0007944579992908984,0.0,0.009200161002809182,0.0,0.0
neu_mbv2_pattern_mining,2026-02-08T11:33:58,0,233,47,2,0.921875,0.12062324583530426,0.0,0.11279287951765582,0.11279287951765582,0.0,0,0,0.000856857979670167,0.0,0.010422429972095415,0.0,0.0
neu_mbv2_pattern_mining,2026-02-08T11:33:58,0,234,47,3,1.0,0.01008751429617405,0.0,0.11240046995226294,0.11240046995226294,0.0,0,0,0.0010284339950885624,0.0,0.010211613000137731,0.0,0.0
neu_mbv2_pattern_mining,2026-02-08T11:33:58,0,235,47,4,0.25,3.2496769428253174,0.0,0.1272526296088472,0.1272526296088472,0.0,0,0,0.0008177209820132703,0.0,0.01190754197887145,0.0,0.0
neu_mbv2_pattern_mining,2026-02-08T11:33:59,1,231,47,0,1.0,9.758904343470931e-05,0.0,0.5451098099001683,0.5451098099001683,0.0,0,0,0.006113144976552576,0.0,0.04839783601346426,0.0,0.0
neu_mbv2_pattern_mining,2026-02-08T11:33:59,1,232,47,1,0.8125,1.7330749034881592,0.0,0.12423906999174505,0.12423906999174505,0.0,0,0,0.001006097998470068,0.0,0.011417809000704437,0.0,0.0
neu_mbv2_pattern_mining,2026-02-08T11:33:59,1,233,47,2,0.921875,0.28520670533180237,0.0,0.12058733991580084,0.12058733991580084,0.0,0,0,0.0009162799979094416,0.0,0.011142453993670642,0.0,0.0
neu_mbv2_pattern_mining,2026-02-08T11:33:59,1,234,47,3,0.96875,0.1039775013923645,0.0,0.12480514997150749,0.12480514997150749,0.0,0,0,0.0009283669933211058,0.0,0.011552148003829643,0.0,0.0
neu_mbv2_pattern_mining,2026-02-08T11:33:59,1,235,47,4,0.0,3.8260486125946045,0.0,0.1723224701709114,0.1723224701709114,0.0,0,0,0.0009198790066875517,0.0,0.01631236801040359,0.0,0.0
neu_mbv2_pattern_mining,2026-02-08T11:34:00,2,231,47,0,1.0,9.433404557057656e-06,0.0,0.6329439100227319,0.6329439100227319,0.0,0,0,0.006328452000161633,0.0,0.056965939002111554,0.0,0.0
neu_mbv2_pattern_mining,2026-02-08T11:34:00,2,232,47,1,1.0,0.0010885621886700392,0.0,0.1327576400944963,0.1327576400944963,0.0,0,0,0.0011467000003904104,0.0,0.01212906400905922,0.0,0.0
neu_mbv2_pattern_mining,2026-02-08T11:34:00,2,233,47,2,0.953125,0.14292411506175995,0.0,0.13154709013178945,0.13154709013178945,0.0,0,0,0.0008628180075902492,0.0,0.012291891005588695,0.0,0.0
neu_mbv2_pattern_mining,2026-02-08T11:34:00,2,234,47,3,1.0,0.0017970612971112132,0.0,0.1373309499467723,0.1373309499467723,0.0,0,0,0.0008683619962539524,0.0,0.012864732998423278,0.0,0.0
neu_mbv2_pattern_mining,2026-02-08T11:34:00,2,235,47,4,0.3333333333333333,2.994161605834961,0.0,0.15629330970114097,0.15629330970114097,0.0,0,0,0.0008652779797557741,0.0,0.014764052990358323,0.0,0.0
neu_mbv2_pattern_mining,2026-02-08T11:34:01,3,231,47,0,1.0,6.967961235204712e-05,0.0,0.8591325502493419,0.8591325502493419,0.0,0,0,0.008467036008369178,0.0,0.07744621901656501,0.0,0.0
neu_mbv2_pattern_mining,2026-02-08T11:34:01,3,232,47,1,1.0,0.0001624547876417637,0.0,0.1552075002109632,0.1552075002109632,0.0,0,0,0.0012158570170868188,0.0,0.0143048930040095,0.0,0.0
neu_mbv2_pattern_mining,2026-02-08T11:34:01,3,233,47,2,1.0,0.0005857572541572154,0.0,0.1193057099590078,0.1193057099590078,0.0,0,0,0.0010389339877292514,0.0,0.010891637008171529,0.0,0.0
neu_mbv2_pattern_mining,2026-02-08T11:34:01,3,234,47,3,0.984375,0.10360564291477203,0.0,0.12313266983255744,0.12313266983255744,0.0,0,0,0.0009159129986073822,0.0,0.011397353984648362,0.0,0.0
neu_mbv2_pattern_mining,2026-02-08T11:34:01,3,235,47,4,0.0,4.902283191680908,0.0,0.169471760164015,0.169471760164015,0.0,0,0,0.0009447900229133666,0.0,0.016002385993488133,0.0,0.0
neu_mbv2_pattern_mining,2026-02-08T11:34:02,4,231,47,0,1.0,8.758591138757765e-05,0.0,0.6645590002881363,0.6645590002881363,0.0,0,0,0.00679661802132614,0.0,0.05965928200748749,0.0,0.0
neu_mbv2_pattern_mining,2026-02-08T11:34:02,4,232,47,1,1.0,0.0010723730083554983,0.0,0.14692775992443785,0.14692775992443785,0.0,0,0,0.001123538997489959,0.0,0.013569236994953826,0.0,0.0
neu_mbv2_pattern_mining,2026-02-08T11:34:02,4,233,47,2,0.984375,0.03381764143705368,0.0,0.13453291991027072,0.13453291991027072,0.0,0,0,0.000983371981419623,0.0,0.01246992000960745,0.0,0.0
neu_mbv2_pattern_mining,2026-02-08T11:34:02,4,234,47,3,0.96875,0.07846780866384506,0.0,0.137002770206891,0.137002770206891,0.0,0,0,0.001033267006278038,0.0,0.012667010014411062,0.0,0.0
neu_mbv2_pattern_mining,2026-02-08T11:34:02,4,235,47,4,0.6666666666666666,0.8527957797050476,0.0,0.17497290013125166,0.17497290013125166,0.0,0,0,0.0009373080101795495,0.0,0.016559982002945617,0.0,0.0
neu_mbv2_pattern_mining,2026-02-08T11:34:03,0,236,48,0,1.0,0.0002870247990358621,0.0,0.2868965399102308,0.2868965399102308,0.0,0,0,0.001928269979543984,0.0,0.026761384011479095,0.0,0.0
neu_mbv2_pattern_mining,2026-02-08T11:34:03,0,237,48,1,0.984375,0.019956981763243675,0.0,0.08755435992497951,0.08755435992497951,0.0,0,0,0.000808960001450032,0.0,0.007946475991047919,0.0,0.0
neu_mbv2_pattern_mining,2026-02-08T11:34:03,0,238,48,2,1.0,0.0005003819824196398,0.0,0.0801363997743465,0.0801363997743465,0.0,0,0,0.0005849059962201864,0.0,0.007428733981214464,0.0,0.0
neu_mbv2_pattern_mining,2026-02-08T11:34:03,0,239,48,3,0.953125,0.0881037563085556,0.0,0.0802270500571467,0.0802270500571467,0.0,0,0,0.0005701440095435828,0.0,0.007452560996171087,0.0,0.0
neu_mbv2_pattern_mining,2026-02-08T11:34:03,0,240,48,4,0.75,0.8477222323417664,0.0,0.09110425977269188,0.09110425977269188,0.0,0,0,0.0006267239805310965,0.0,0.008483701996738091,0.0,0.0
neu_mbv2_pattern_mining,2026-02-08T11:34:04,1,236,48,0,1.0,8.968191832536831e-05,0.0,0.4420664897770621,0.4420664897770621,0.0,0,0,0.00483213400002569,0.0,0.03937451497768052,0.0,0.0
neu_mbv2_pattern_mining,2026-02-08T11:34:04,1,237,48,1,0.953125,0.07040837407112122,0.0,0.13044646009802818,0.13044646009802818,0.0,0,0,0.0009899110009428114,0.0,0.012054735008860007,0.0,0.0
neu_mbv2_pattern_mining,2026-02-08T11:34:04,1,238,48,2,0.96875,0.09908006340265274,0.0,0.11301863007247448,0.11301863007247448,0.0,0,0,0.0008234410197474062,0.0,0.010478421987500042,0.0,0.0
neu_mbv2_pattern_mining,2026-02-08T11:34:04,1,239,48,3,0.9375,0.19048535823822021,0.0,0.10118840989889577,0.10118840989889577,0.0,0,0,0.0007257789839059114,0.0,0.009393062005983666,0.0,0.0
neu_mbv2_pattern_mining,2026-02-08T11:34:04,1,240,48,4,0.6666666666666666,0.8378583788871765,0.0,0.11798445979366079,0.11798445979366079,0.0,0,0,0.0007017909956630319,0.0,0.011096654983703047,0.0,0.0
neu_mbv2_pattern_mining,2026-02-08T11:34:05,2,236,48,0,0.984375,0.015371598303318024,0.0,0.3375420899828896,0.3375420899828896,0.0,0,0,0.003630141989560798,0.0,0.03012406700872816,0.0,0.0
neu_mbv2_pattern_mining,2026-02-08T11:34:05,2,237,48,1,0.890625,0.48885396122932434,0.0,0.10264722019201145,0.10264722019201145,0.0,0,0,0.0007435640145558864,0.0,0.009521158004645258,0.0,0.0
neu_mbv2_pattern_mining,2026-02-08T11:34:05,2,238,48,2,1.0,0.0017194481333717704,0.0,0.0955265699303709,0.0955265699303709,0.0,0,0,0.0006889910146128386,0.0,0.008863665978424251,0.0,0.0
neu_mbv2_pattern_mining,2026-02-08T11:34:05,2,239,48,3,0.890625,0.5264003872871399,0.0,0.09362404001876712,0.09362404001876712,0.0,0,0,0.0006715180061291903,0.0,0.008690885995747522,0.0,0.0
neu_mbv2_pattern_mining,2026-02-08T11:34:05,2,240,48,4,1.0,0.23688547313213348,0.0,0.12231138010974973,0.12231138010974973,0.0,0,0,0.0006785079895053059,0.0,0.011552630021469668,0.0,0.0
neu_mbv2_pattern_mining,2026-02-08T11:34:05,3,236,48,0,1.0,9.217263868777081e-05,0.0,0.4783706500893459,0.4783706500893459,0.0,0,0,0.004962168022757396,0.0,0.04287489698617719,0.0,0.0
neu_mbv2_pattern_mining,2026-02-08T11:34:06,3,237,48,1,0.96875,0.05211751163005829,0.0,0.13879195030312985,0.13879195030312985,0.0,0,0,0.0010047430114354938,0.0,0.012874452018877491,0.0,0.0
neu_mbv2_pattern_mining,2026-02-08T11:34:06,3,238,48,2,1.0,7.812477269908413e-05,0.0,0.12436026998329908,0.12436026998329908,0.0,0,0,0.0008835690096020699,0.0,0.011552457988727838,0.0,0.0
neu_mbv2_pattern_mining,2026-02-08T11:34:06,3,239,48,3,1.0,0.013105858117341995,0.0,0.12903233000542969,0.12903233000542969,0.0,0,0,0.000905658002011478,0.0,0.01199757499853149,0.0,0.0
neu_mbv2_pattern_mining,2026-02-08T11:34:06,3,240,48,4,1.0,0.17294888198375702,0.0,0.15412446984555572,0.15412446984555572,0.0,0,0,0.0009501539752818644,0.0,0.014462293009273708,0.0,0.0
neu_mbv2_pattern_mining,2026-02-08T11:34:06,4,236,48,0,1.0,4.014034493593499e-05,0.0,0.508409529866185,0.508409529866185,0.0,0,0,0.0071807249914854765,0.0,0.04366022799513303,0.0,0.0
neu_mbv2_pattern_mining,2026-02-08T11:34:06,4,237,48,1,1.0,1.3454444342642091e-05,0.0,0.1047632098197937,0.1047632098197937,0.0,0,0,0.0008268069941550493,0.0,0.00964951398782432,0.0,0.0
neu_mbv2_pattern_mining,2026-02-08T11:34:06,4,238,48,2,0.953125,0.23877112567424774,0.0,0.10452923976117745,0.10452923976117745,0.0,0,0,0.0008470600005239248,0.0,0.00960586397559382,0.0,0.0
neu_mbv2_pattern_mining,2026-02-08T11:34:06,4,239,48,3,0.828125,0.6797449588775635,0.0,0.10470123001141474,0.10470123001141474,0.0,0,0,0.0007422110065817833,0.0,0.00972791199455969,0.0,0.0
neu_mbv2_pattern_mining,2026-02-08T11:34:06,4,240,48,4,0.3333333333333333,3.9851653575897217,0.0,0.13726047036470845,0.13726047036470845,0.0,0,0,0.000849244010169059,0.0,0.012876803026301786,0.0,0.0
neu_mbv2_pattern_mining,2026-02-08T11:34:07,0,241,49,0,1.0,2.418741860310547e-05,0.0,0.30050800007302314,0.30050800007302314,0.0,0,0,0.0021632029965985566,0.0,0.027887597010703757,0.0,0.0
neu_mbv2_pattern_mining,2026-02-08T11:34:08,0,242,49,1,1.0,0.004716414492577314,0.0,0.10642087989253923,0.10642087989253923,0.0,0,0,0.0007914789894130081,0.0,0.009850608999840915,0.0,0.0
neu_mbv2_pattern_mining,2026-02-08T11:34:08,0,243,49,2,0.984375,0.04604873061180115,0.0,0.09797409002203494,0.09797409002203494,0.0,0,0,0.0007561079983133823,0.0,0.009041301003890112,0.0,0.0
neu_mbv2_pattern_mining,2026-02-08T11:34:08,0,244,49,3,1.0,0.005135811399668455,0.0,0.09526117995847017,0.09526117995847017,0.0,0,0,0.0006986109947320074,0.0,0.00882750700111501,0.0,0.0
neu_mbv2_pattern_mining,2026-02-08T11:34:08,0,245,49,4,0.75,2.553455114364624,0.0,0.1257724201423116,0.1257724201423116,0.0,0,0,0.0007540849910583347,0.0,0.011823157023172826,0.0,0.0
neu_mbv2_pattern_mining,2026-02-08T11:34:08,1,241,49,0,1.0,0.00015350144531112164,0.0,0.47424518008483574,0.47424518008483574,0.0,0,0,0.00601674901554361,0.0,0.041407768992939964,0.0,0.0
neu_mbv2_pattern_mining,2026-02-08T11:34:08,1,242,49,1,0.984375,0.05518611520528793,0.0,0.11925429018447176,0.11925429018447176,0.0,0,0,0.000860636995639652,0.0,0.011064792022807524,0.0,0.0
neu_mbv2_pattern_mining,2026-02-08T11:34:08,1,243,49,2,0.984375,0.06994513422250748,0.0,0.09066196013009176,0.09066196013009176,0.0,0,0,0.0006635920144617558,0.0,0.00840260399854742,0.0,0.0
neu_mbv2_pattern_mining,2026-02-08T11:34:08,1,244,49,3,0.984375,0.042373672127723694,0.0,0.08081377018243074,0.08081377018243074,0.0,0,0,0.0005984150047879666,0.0,0.007482962013455108,0.0,0.0
neu_mbv2_pattern_mining,2026-02-08T11:34:08,1,245,49,4,0.3333333333333333,3.144619941711426,0.0,0.1084741999511607,0.1084741999511607,0.0,0,0,0.0005698470049537718,0.0,0.010277572990162298,0.0,0.0
neu_mbv2_pattern_mining,2026-02-08T11:34:09,2,241,49,0,1.0,0.0007019330514594913,0.0,0.5723098601447418,0.5723098601447418,0.0,0,0,0.005388557008700445,0.0,0.05184242900577374,0.0,0.0
neu_mbv2_pattern_mining,2026-02-08T11:34:09,2,242,49,1,0.984375,0.034431833773851395,0.0,0.12986143032321706,0.12986143032321706,0.0,0,0,0.0009909260261338204,0.0,0.011995217006187886,0.0,0.0
neu_mbv2_pattern_mining,2026-02-08T11:34:09,2,243,49,2,0.84375,0.6343401670455933,0.0,0.10161348996916786,0.10161348996916786,0.0,0,0,0.0008652349933981895,0.0,0.009296114003518596,0.0,0.0
neu_mbv2_pattern_mining,2026-02-08T11:34:09,2,244,49,3,0.9375,0.12456037104129791,0.0,0.08504127996275201,0.08504127996275201,0.0,0,0,0.0008585739997215569,0.0,0.0076455539965536445,0.0,0.0
neu_mbv2_pattern_mining,2026-02-08T11:34:09,2,245,49,4,0.3333333333333333,1.4383732080459595,0.0,0.10173438990022987,0.10173438990022987,0.0,0,0,0.0006615299789700657,0.0,0.009511909011052921,0.0,0.0
neu_mbv2_pattern_mining,2026-02-08T11:34:10,3,241,49,0,1.0,0.00011713541607605293,0.0,0.3156404700712301,0.3156404700712301,0.0,0,0,0.003471100004389882,0.0,0.028092947002733126,0.0,0.0
neu_mbv2_pattern_mining,2026-02-08T11:34:10,3,242,49,1,1.0,0.011406280100345612,0.0,0.10918985004536808,0.10918985004536808,0.0,0,0,0.0009078359871637076,0.0,0.0100111490173731,0.0,0.0
neu_mbv2_pattern_mining,2026-02-08T11:34:10,3,243,49,2,0.984375,0.04451044276356697,0.0,0.09968332014977932,0.09968332014977932,0.0,0,0,0.0008050100004766136,0.0,0.009163322014501318,0.0,0.0
neu_mbv2_pattern_mining,2026-02-08T11:34:10,3,244,49,3,1.0,0.0008684330387040973,0.0,0.09740742010762915,0.09740742010762915,0.0,0,0,0.0007442159985657781,0.0,0.008996526012197137,0.0,0.0
neu_mbv2_pattern_mining,2026-02-08T11:34:10,3,245,49,4,1.0,0.028841353952884674,0.0,0.11166798998601735,0.11166798998601735,0.0,0,0,0.0007343330071307719,0.0,0.010432465991470963,0.0,0.0
neu_mbv2_pattern_mining,2026-02-08T11:34:11,4,241,49,0,1.0,0.00019699906988535076,0.0,0.6091420896700583,0.6091420896700583,0.0,0,0,0.007181608991231769,0.0,0.053732599975774065,0.0,0.0
neu_mbv2_pattern_mining,2026-02-08T11:34:11,4,242,49,1,1.0,0.00015875195094849914,0.0,0.14776279975194484,0.14776279975194484,0.0,0,0,0.0010559659858699888,0.0,0.013720313989324495,0.0,0.0
neu_mbv2_pattern_mining,2026-02-08T11:34:11,4,243,49,2,1.0,0.00018165270739700645,0.0,0.1330093396245502,0.1330093396245502,0.0,0,0,0.001005871978122741,0.0,0.012295061984332278,0.0,0.0
neu_mbv2_pattern_mining,2026-02-08T11:34:11,4,244,49,3,0.984375,0.09572798013687134,0.0,0.12277210014872253,0.12277210014872253,0.0,0,0,0.000854812009492889,0.0,0.011422398005379364,0.0,0.0
neu_mbv2_pattern_mining,2026-02-08T11:34:11,4,245,49,4,0.3333333333333333,1.8493576049804688,0.0,0.12499086995376274,0.12499086995376274,0.0,0,0,0.0006987019733060151,0.0,0.011800385022070259,0.0,0.0
neu_mbv2_pattern_mining,2026-02-08T11:34:12,0,246,50,0,1.0,8.757406249060296e-06,0.0,0.2885144599713385,0.2885144599713385,0.0,0,0,0.0018888140039052814,0.0,0.02696263199322857,0.0,0.0
neu_mbv2_pattern_mining,2026-02-08T11:34:12,0,247,50,1,1.0,0.0018846256425604224,0.0,0.10916403000010177,0.10916403000010177,0.0,0,0,0.0008766009996179491,0.0,0.010039802000392228,0.0,0.0
neu_mbv2_pattern_mining,2026-02-08T11:34:12,0,248,50,2,0.984375,0.02161181904375553,0.0,0.1080141999409534,0.1080141999409534,0.0,0,0,0.0007659329858142883,0.0,0.010035487008281052,0.0,0.0
neu_mbv2_pattern_mining,2026-02-08T11:34:12,0,249,50,3,0.96875,0.07211002707481384,0.0,0.10290511010680348,0.10290511010680348,0.0,0,0,0.0007318960269913077,0.0,0.00955861498368904,0.0,0.0
neu_mbv2_pattern_mining,2026-02-08T11:34:12,0,250,50,4,0.75,0.699164628982544,0.0,0.11243889981415123,0.11243889981415123,0.0,0,0,0.0007815900025889277,0.0,0.010462299978826195,0.0,0.0
neu_mbv2_pattern_mining,2026-02-08T11:34:13,1,246,50,0,1.0,0.002589593408629298,0.0,0.5126182202366181,0.5126182202366181,0.0,0,0,0.006019385007675737,0.0,0.04524243701598607,0.0,0.0
neu_mbv2_pattern_mining,2026-02-08T11:34:13,1,247,50,1,0.984375,0.041007887572050095,0.0,0.1115244600805454,0.1115244600805454,0.0,0,0,0.0007898869807831943,0.0,0.010362559027271345,0.0,0.0
neu_mbv2_pattern_mining,2026-02-08T11:34:13,1,248,50,2,1.0,0.00025527423713356256,0.0,0.12129990005632862,0.12129990005632862,0.0,0,0,0.0008840289956424385,0.0,0.011245961009990424,0.0,0.0
neu_mbv2_pattern_mining,2026-02-08T11:34:13,1,249,50,3,1.0,0.0011399444192647934,0.0,0.10355867998441681,0.10355867998441681,0.0,0,0,0.0007226869929581881,0.0,0.009633181005483493,0.0,0.0
neu_mbv2_pattern_mining,2026-02-08T11:34:13,1,250,50,4,0.6666666666666666,2.5782530307769775,0.0,0.12429243011865765,0.12429243011865765,0.0,0,0,0.0007076500041875988,0.0,0.011721593007678166,0.0,0.0
neu_mbv2_pattern_mining,2026-02-08T11:34:14,2,246,50,0,1.0,0.0001513137831352651,0.0,0.29773148999083787,0.29773148999083787,0.0,0,0,0.0033889749902300537,0.0,0.026384174008853734,0.0,0.0
neu_mbv2_pattern_mining,2026-02-08T11:34:14,2,247,50,1,0.84375,0.6270817518234253,0.0,0.0976949097821489,0.0976949097821489,0.0,0,0,0.0008217860013246536,0.0,0.008947704976890236,0.0,0.0
neu_mbv2_pattern_mining,2026-02-08T11:34:14,2,248,50,2,0.984375,0.01529377419501543,0.0,0.09561014041537419,0.09561014041537419,0.0,0,0,0.0007987480203155428,0.0,0.008762266021221876,0.0,0.0
neu_mbv2_pattern_mining,2026-02-08T11:34:14,2,249,50,3,0.96875,0.08773089945316315,0.0,0.08585525007219985,0.08585525007219985,0.0,0,0,0.000702732999343425,0.0,0.00788279200787656,0.0,0.0
neu_mbv2_pattern_mining,2026-02-08T11:34:14,2,250,50,4,1.0,0.014946087263524532,0.0,0.1061030599521473,0.1061030599521473,0.0,0,0,0.0005788569978903979,0.0,0.010031448997324333,0.0,0.0
neu_mbv2_pattern_mining,2026-02-08T11:34:14,3,246,50,0,1.0,4.239019108354114e-05,0.0,0.5421495100017637,0.5421495100017637,0.0,0,0,0.005804006999824196,0.0,0.048410944000352174,0.0,0.0
neu_mbv2_pattern_mining,2026-02-08T11:34:14,3,247,50,1,1.0,0.008510120213031769,0.0,0.13209541997639462,0.13209541997639462,0.0,0,0,0.0009477300045546144,0.0,0.012261811993084848,0.0,0.0
neu_mbv2_pattern_mining,2026-02-08T11:34:14,3,248,50,2,1.0,0.0004175874637439847,0.0,0.12106752983527258,0.12106752983527258,0.0,0,0,0.0008688429952599108,0.0,0.011237909988267347,0.0,0.0
neu_mbv2_pattern_mining,2026-02-08T11:34:14,3,249,50,3,0.96875,0.1578761488199234,0.0,0.08856518019456416,0.08856518019456416,0.0,0,0,0.0008509210019838065,0.0,0.00800559701747261,0.0,0.0
neu_mbv2_pattern_mining,2026-02-08T11:34:15,3,250,50,4,0.3333333333333333,1.719780445098877,0.0,0.10277032008161768,0.10277032008161768,0.0,0,0,0.0006867880001664162,0.0,0.009590244007995352,0.0,0.0
neu_mbv2_pattern_mining,2026-02-08T11:34:15,4,246,50,0,1.0,5.3466763347387314e-05,0.0,0.3079567800159566,0.3079567800159566,0.0,0,0,0.003332488995511085,0.0,0.027463189006084576,0.0,0.0
neu_mbv2_pattern_mining,2026-02-08T11:34:15,4,247,50,1,0.96875,0.03138238191604614,0.0,0.10239704017294571,0.10239704017294571,0.0,0,0,0.0007310759974643588,0.0,0.009508628019830212,0.0,0.0
neu_mbv2_pattern_mining,2026-02-08T11:34:15,4,248,50,2,1.0,0.0021188813261687756,0.0,0.10037008993094787,0.10037008993094787,0.0,0,0,0.0007030529959592968,0.0,0.00933395599713549,0.0,0.0
neu_mbv2_pattern_mining,2026-02-08T11:34:15,4,249,50,3,0.9375,0.25414836406707764,0.0,0.10738730023149401,0.10738730023149401,0.0,0,0,0.000779559020884335,0.0,0.009959171002265066,0.0,0.0
neu_mbv2_pattern_mining,2026-02-08T11:34:15,4,250,50,4,0.6666666666666666,0.7985761761665344,0.0,0.12861717026680708,0.12861717026680708,0.0,0,0,0.000755451008444652,0.0,0.012106266018236056,0.0,0.0
neu_mbv2_pattern_mining,2026-02-08T11:34:17,0,251,51,0,1.0,0.0003858038689941168,0.0,0.5912197398720309,0.5912197398720309,0.0,0,0,0.0030376299982890487,0.0,0.05608434398891404,0.0,0.0
neu_mbv2_pattern_mining,2026-02-08T11:34:17,0,252,51,1,0.9375,0.09302985668182373,0.0,0.15450801991391927,0.15450801991391927,0.0,0,0,0.0011725820077117532,0.0,0.014278219983680174,0.0,0.0
neu_mbv2_pattern_mining,2026-02-08T11:34:17,0,253,51,2,0.984375,0.024810001254081726,0.0,0.13066461979178712,0.13066461979178712,0.0,0,0,0.0009123969939537346,0.0,0.012154064985224977,0.0,0.0
neu_mbv2_pattern_mining,2026-02-08T11:34:17,0,254,51,3,0.90625,0.3471916913986206,0.0,0.13039826008025557,0.13039826008025557,0.0,0,0,0.0009122540068347007,0.0,0.012127572001190856,0.0,0.0
neu_mbv2_pattern_mining,2026-02-08T11:34:17,0,255,51,4,0.75,0.6682222485542297,0.0,0.13433767016977072,0.13433767016977072,0.0,0,0,0.0009015160030685365,0.0,0.012532251013908535,0.0,0.0
neu_mbv2_pattern_mining,2026-02-08T11:34:17,1,251,51,0,1.0,0.0034263073466718197,0.0,0.49329611007124186,0.49329611007124186,0.0,0,0,0.005270169000141323,0.0,0.04405944200698286,0.0,0.0
neu_mbv2_pattern_mining,2026-02-08T11:34:17,1,252,51,1,0.984375,0.016410943120718002,0.0,0.1398083398817107,0.1398083398817107,0.0,0,0,0.000907570996787399,0.0,0.013073262991383672,0.0,0.0
neu_mbv2_pattern_mining,2026-02-08T11:34:17,1,253,51,2,0.96875,0.09107623994350433,0.0,0.11520138999912888,0.11520138999912888,0.0,0,0,0.000874313001986593,0.0,0.010645825997926295,0.0,0.0
neu_mbv2_pattern_mining,2026-02-08T11:34:17,1,254,51,3,0.96875,0.15302759408950806,0.0,0.10175408999202773,0.10175408999202773,0.0,0,0,0.000721450021956116,0.0,0.009453958977246657,0.0,0.0
neu_mbv2_pattern_mining,2026-02-08T11:34:17,1,255,51,4,0.6666666666666666,0.7815425992012024,0.0,0.12238903000252321,0.12238903000252321,0.0,0,0,0.000683113990817219,0.0,0.011555789009435102,0.0,0.0
neu_mbv2_pattern_mining,2026-02-08T11:34:18,2,251,51,0,1.0,0.00022854671988170594,0.0,0.583514999889303,0.583514999889303,0.0,0,0,0.006316894985502586,0.0,0.052034605003427714,0.0,0.0
neu_mbv2_pattern_mining,2026-02-08T11:34:18,2,252,51,1,0.953125,0.03725844621658325,0.0,0.12416138022672385,0.12416138022672385,0.0,0,0,0.0008726360101718456,0.0,0.01154350201250054,0.0,0.0
neu_mbv2_pattern_mining,2026-02-08T11:34:18,2,253,51,2,1.0,0.0005271734553389251,0.0,0.12252176005858928,0.12252176005858928,0.0,0,0,0.0008586280164308846,0.0,0.011393547989428043,0.0,0.0
neu_mbv2_pattern_mining,2026-02-08T11:34:18,2,254,51,3,0.984375,0.06338731944561005,0.0,0.1221985201118514,0.1221985201118514,0.0,0,0,0.0008563690062146634,0.0,0.011363483004970476,0.0,0.0
neu_mbv2_pattern_mining,2026-02-08T11:34:18,2,255,51,4,0.3333333333333333,3.7863876819610596,0.0,0.15026468987343833,0.15026468987343833,0.0,0,0,0.0008461739926133305,0.0,0.014180294994730502,0.0,0.0
neu_mbv2_pattern_mining,2026-02-08T11:34:19,3,251,51,0,1.0,0.0020906112622469664,0.0,0.48164747015107423,0.48164747015107423,0.0,0,0,0.005034842994064093,0.0,0.04312990402104333,0.0,0.0
neu_mbv2_pattern_mining,2026-02-08T11:34:19,3,252,51,1,1.0,0.0016835236456245184,0.0,0.12443698971765116,0.12443698971765116,0.0,0,0,0.0008855219930410385,0.0,0.011558176978724077,0.0,0.0
neu_mbv2_pattern_mining,2026-02-08T11:34:19,3,253,51,2,0.953125,0.2142632156610489,0.0,0.11416801018640399,0.11416801018640399,0.0,0,0,0.000807092001195997,0.0,0.010609709017444402,0.0,0.0
neu_mbv2_pattern_mining,2026-02-08T11:34:19,3,254,51,3,0.984375,0.039165809750556946,0.0,0.10103524022269994,0.10103524022269994,0.0,0,0,0.0007102180097717792,0.0,0.009393306012498215,0.0,0.0
neu_mbv2_pattern_mining,2026-02-08T11:34:19,3,255,51,4,0.3333333333333333,1.7923351526260376,0.0,0.11691246996633708,0.11691246996633708,0.0,0,0,0.0006847259937785566,0.0,0.011006521002855152,0.0,0.0
neu_mbv2_pattern_mining,2026-02-08T11:34:19,4,251,51,0,1.0,5.0638423999771476e-05,0.0,0.44783318997360766,0.44783318997360766,0.0,0,0,0.004566138988593593,0.0,0.04021718000876717,0.0,0.0
neu_mbv2_pattern_mining,2026-02-08T11:34:19,4,252,51,1,1.0,9.50103367358679e-06,0.0,0.1266392896650359,0.1266392896650359,0.0,0,0,0.0009629929845687002,0.0,0.01170093598193489,0.0,0.0
neu_mbv2_pattern_mining,2026-02-08T11:34:20,4,253,51,2,1.0,0.0006276953499764204,0.0,0.1180775702232495,0.1180775702232495,0.0,0,0,0.0010269480117131025,0.0,0.010780809010611847,0.0,0.0
neu_mbv2_pattern_mining,2026-02-08T11:34:20,4,254,51,3,1.0,0.0005978931440040469,0.0,0.10014343046350405,0.10014343046350405,0.0,0,0,0.0007093720196280628,0.0,0.009304971026722342,0.0,0.0
neu_mbv2_pattern_mining,2026-02-08T11:34:20,4,255,51,4,1.0,0.06539180129766464,0.0,0.10979398008203134,0.10979398008203134,0.0,0,0,0.00064761599060148,0.0,0.010331782017601654,0.0,0.0
neu_mbv2_pattern_mining,2026-02-08T11:34:21,0,256,52,0,1.0,8.465903374599293e-05,0.0,0.32947733998298645,0.32947733998298645,0.0,0,0,0.001967560005141422,0.0,0.030980173993157223,0.0,0.0
neu_mbv2_pattern_mining,2026-02-08T11:34:21,0,257,52,1,0.90625,0.7975765466690063,0.0,0.08800110983429477,0.08800110983429477,0.0,0,0,0.000822186004370451,0.0,0.007977924979059026,0.0,0.0
neu_mbv2_pattern_mining,2026-02-08T11:34:21,0,258,52,2,0.96875,0.08227340877056122,0.0,0.08584943978348747,0.08584943978348747,0.0,0,0,0.00073875198722817,0.0,0.007846191991120577,0.0,0.0
neu_mbv2_pattern_mining,2026-02-08T11:34:21,0,259,52,3,1.0,0.002585269510746002,0.0,0.09329182968940586,0.09329182968940586,0.0,0,0,0.0006926909845788032,0.0,0.008636491984361783,0.0,0.0
neu_mbv2_pattern_mining,2026-02-08T11:34:21,0,260,52,4,0.5,2.3694286346435547,0.0,0.10699776001274586,0.10699776001274586,0.0,0,0,0.0007367240032181144,0.0,0.009963051998056471,0.0,0.0
neu_mbv2_pattern_mining,2026-02-08T11:34:22,1,256,52,0,1.0,0.0001499928330304101,0.0,0.4513497499283403,0.4513497499283403,0.0,0,0,0.005949026002781466,0.0,0.039185948990052566,0.0,0.0
neu_mbv2_pattern_mining,2026-02-08T11:34:22,1,257,52,1,0.984375,0.10698292404413223,0.0,0.1251952099846676,0.1251952099846676,0.0,0,0,0.0009743460104800761,0.0,0.011545174987986684,0.0,0.0
neu_mbv2_pattern_mining,2026-02-08T11:34:22,1,258,52,2,1.0,0.0023900021333247423,0.0,0.12408384995069355,0.12408384995069355,0.0,0,0,0.0008813129970803857,0.0,0.011527071997988969,0.0,0.0
neu_mbv2_pattern_mining,2026-02-08T11:34:22,1,259,52,3,0.9375,0.2359676957130432,0.0,0.12506497994763777,0.12506497994763777,0.0,0,0,0.0009116269939113408,0.0,0.011594871000852436,0.0,0.0
neu_mbv2_pattern_mining,2026-02-08T11:34:22,1,260,52,4,0.6666666666666666,1.8570443391799927,0.0,0.14867463003611192,0.14867463003611192,0.0,0,0,0.0008382780069950968,0.0,0.014029184996616095,0.0,0.0
neu_mbv2_pattern_mining,2026-02-08T11:34:23,2,256,52,0,1.0,0.00010000923066399992,0.0,0.3637536201858893,0.3637536201858893,0.0,0,0,0.00383758801035583,0.0,0.0325377740082331,0.0,0.0
neu_mbv2_pattern_mining,2026-02-08T11:34:23,2,257,52,1,1.0,0.00029796670423820615,0.0,0.09351736982353032,0.09351736982353032,0.0,0,0,0.0006850189820397645,0.0,0.008666718000313267,0.0,0.0
neu_mbv2_pattern_mining,2026-02-08T11:34:23,2,258,52,2,0.96875,0.03992782160639763,0.0,0.09333267982583493,0.09333267982583493,0.0,0,0,0.000778057990828529,0.0,0.008555209991754964,0.0,0.0
neu_mbv2_pattern_mining,2026-02-08T11:34:23,2,259,52,3,1.0,0.0012090448290109634,0.0,0.11070494016166776,0.11070494016166776,0.0,0,0,0.0008834970067255199,0.0,0.010186997009441257,0.0,0.0
neu_mbv2_pattern_mining,2026-02-08T11:34:23,2,260,52,4,0.6666666666666666,0.40281346440315247,0.0,0.13571668998338282,0.13571668998338282,0.0,0,0,0.000865865993546322,0.0,0.01270580300479196,0.0,0.0
neu_mbv2_pattern_mining,2026-02-08T11:34:23,3,256,52,0,1.0,2.2510052076540887e-05,0.0,0.3091644000960514,0.3091644000960514,0.0,0,0,0.0031610420264769346,0.0,0.027755397983128205,0.0,0.0
neu_mbv2_pattern_mining,2026-02-08T11:34:23,3,257,52,1,1.0,0.0002767881378531456,0.0,0.08188363979570568,0.08188363979570568,0.0,0,0,0.0006056079873815179,0.0,0.00758275599218905,0.0,0.0
neu_mbv2_pattern_mining,2026-02-08T11:34:23,3,258,52,2,0.96875,0.0962793305516243,0.0,0.0803001201711595,0.0803001201711595,0.0,0,0,0.0005787640111520886,0.0,0.007451248005963862,0.0,0.0
neu_mbv2_pattern_mining,2026-02-08T11:34:23,3,259,52,3,1.0,0.0034303716383874416,0.0,0.08708086010301486,0.08708086010301486,0.0,0,0,0.0005904989957343787,0.0,0.008117587014567107,0.0,0.0
neu_mbv2_pattern_mining,2026-02-08T11:34:23,3,260,52,4,0.3333333333333333,1.862330436706543,0.0,0.10545669007115066,0.10545669007115066,0.0,0,0,0.0006097659934312105,0.0,0.009935903013683856,0.0,0.0
neu_mbv2_pattern_mining,2026-02-08T11:34:24,4,256,52,0,1.0,2.7084579414804466e-05,0.0,0.45921131008071825,0.45921131008071825,0.0,0,0,0.004883448011241853,0.0,0.04103768299682997,0.0,0.0
neu_mbv2_pattern_mining,2026-02-08T11:34:24,4,257,52,1,1.0,0.000454647553851828,0.0,0.12647710973396897,0.12647710973396897,0.0,0,0,0.000910895993001759,0.0,0.011736814980395138,0.0,0.0
neu_mbv2_pattern_mining,2026-02-08T11:34:24,4,258,52,2,0.9375,0.335738867521286,0.0,0.1116346099297516,0.1116346099297516,0.0,0,0,0.0007712089864071459,0.0,0.010392252006568015,0.0,0.0
neu_mbv2_pattern_mining,2026-02-08T11:34:24,4,259,52,3,1.0,0.0001502443483332172,0.0,0.10021188005339354,0.10021188005339354,0.0,0,0,0.0007234259974211454,0.0,0.009297762007918209,0.0,0.0
neu_mbv2_pattern_mining,2026-02-08T11:34:24,4,260,52,4,0.6666666666666666,3.0479562282562256,0.0,0.1290052803233266,0.1290052803233266,0.0,0,0,0.000785942014772445,0.0,0.012114586017560214,0.0,0.0
neu_mbv2_pattern_mining,2026-02-08T11:34:26,0,261,53,0,1.0,2.0857842173427343e-05,0.0,0.5241784296231344,0.5241784296231344,0.0,0,0,0.0032654939859639853,0.0,0.04915234897634946,0.0,0.0
neu_mbv2_pattern_mining,2026-02-08T11:34:26,0,262,53,1,0.953125,0.14341861009597778,0.0,0.13707884005270898,0.13707884005270898,0.0,0,0,0.0010622979898471385,0.0,0.01264558601542376,0.0,0.0
neu_mbv2_pattern_mining,2026-02-08T11:34:26,0,263,53,2,0.96875,0.12286540120840073,0.0,0.13713749998714775,0.13713749998714775,0.0,0,0,0.0009962399781215936,0.0,0.012717510020593181,0.0,0.0
neu_mbv2_pattern_mining,2026-02-08T11:34:26,0,264,53,3,0.921875,0.13274133205413818,0.0,0.14282882009865716,0.14282882009865716,0.0,0,0,0.0010851639963220805,0.0,0.013197718013543636,0.0,0.0
neu_mbv2_pattern_mining,2026-02-08T11:34:26,0,265,53,4,0.75,0.5168763399124146,0.0,0.14857085014227778,0.14857085014227778,0.0,0,0,0.0009792640048544854,0.0,0.013877821009373292,0.0,0.0
neu_mbv2_pattern_mining,2026-02-08T11:34:27,1,261,53,0,1.0,0.0004642646526917815,0.0,0.4834581396426074,0.4834581396426074,0.0,0,0,0.0054860219825059175,0.0,0.042859791981754825,0.0,0.0
neu_mbv2_pattern_mining,2026-02-08T11:34:27,1,262,53,1,1.0,1.2225327736814506e-05,0.0,0.13928680011304095,0.13928680011304095,0.0,0,0,0.000993068009847775,0.0,0.01293561200145632,0.0,0.0
neu_mbv2_pattern_mining,2026-02-08T11:34:27,1,263,53,2,0.984375,0.018064817413687706,0.0,0.1240353798493743,0.1240353798493743,0.0,0,0,0.0008940330008044839,0.0,0.011509504984132946,0.0,0.0
neu_mbv2_pattern_mining,2026-02-08T11:34:27,1,264,53,3,1.0,0.023566316813230515,0.0,0.12340318993665278,0.12340318993665278,0.0,0,0,0.0008885840070433915,0.0,0.011451734986621886,0.0,0.0
neu_mbv2_pattern_mining,2026-02-08T11:34:27,1,265,53,4,0.6666666666666666,1.4061050415039062,0.0,0.16299253999022767,0.16299253999022767,0.0,0,0,0.0008811450097709894,0.0,0.015418108989251778,0.0,0.0
neu_mbv2_pattern_mining,2026-02-08T11:34:27,2,261,53,0,1.0,6.437755655497313e-05,0.0,0.5242578699835576,0.5242578699835576,0.0,0,0,0.0067607020027935505,0.0,0.04566508499556221,0.0,0.0
neu_mbv2_pattern_mining,2026-02-08T11:34:28,2,262,53,1,1.0,5.3749776270706207e-05,0.0,0.10854794993065298,0.10854794993065298,0.0,0,0,0.0008134800009429455,0.0,0.010041314992122352,0.0,0.0
neu_mbv2_pattern_mining,2026-02-08T11:34:28,2,263,53,2,1.0,0.002898724051192403,0.0,0.13513696991140023,0.13513696991140023,0.0,0,0,0.0010573749896138906,0.0,0.012456322001526132,0.0,0.0
neu_mbv2_pattern_mining,2026-02-08T11:34:28,2,264,53,3,0.96875,0.2667376399040222,0.0,0.11926248989766464,0.11926248989766464,0.0,0,0,0.0008949759940151125,0.0,0.011031272995751351,0.0,0.0
neu_mbv2_pattern_mining,2026-02-08T11:34:28,2,265,53,4,1.0,0.14986954629421234,0.0,0.13303375046234578,0.13303375046234578,0.0,0,0,0.0007210550247691572,0.0,0.01258232002146542,0.0,0.0
neu_mbv2_pattern_mining,2026-02-08T11:34:28,3,261,53,0,1.0,4.925643588649109e-05,0.0,0.5216328299138695,0.5216328299138695,0.0,0,0,0.0056605210120324045,0.0,0.046502761979354545,0.0,0.0
neu_mbv2_pattern_mining,2026-02-08T11:34:28,3,262,53,1,1.0,0.00037953429273329675,0.0,0.12484980979934335,0.12484980979934335,0.0,0,0,0.0008929859905038029,0.0,0.011591994989430532,0.0,0.0
neu_mbv2_pattern_mining,2026-02-08T11:34:28,3,263,53,2,1.0,0.0008686197106726468,0.0,0.15138578979531303,0.15138578979531303,0.0,0,0,0.001118533982662484,0.0,0.014020044996868819,0.0,0.0
neu_mbv2_pattern_mining,2026-02-08T11:34:28,3,264,53,3,0.984375,0.05941587686538696,0.0,0.12726790009764954,0.12726790009764954,0.0,0,0,0.0010005790099967271,0.0,0.011726210999768227,0.0,0.0
neu_mbv2_pattern_mining,2026-02-08T11:34:28,3,265,53,4,0.6666666666666666,2.835676431655884,0.0,0.13745041011134163,0.13745041011134163,0.0,0,0,0.0007534580072388053,0.0,0.012991583003895357,0.0,0.0
neu_mbv2_pattern_mining,2026-02-08T11:34:29,4,261,53,0,1.0,1.292528941121418e-05,0.0,0.5146134400274605,0.5146134400274605,0.0,0,0,0.005400633002864197,0.0,0.04606071099988185,0.0,0.0
neu_mbv2_pattern_mining,2026-02-08T11:34:29,4,262,53,1,1.0,2.8394068067427725e-05,0.0,0.13222761015640572,0.13222761015640572,0.0,0,0,0.0009317240037489682,0.0,0.012291037011891603,0.0,0.0
neu_mbv2_pattern_mining,2026-02-08T11:34:29,4,263,53,2,0.984375,0.08326911181211472,0.0,0.13831060990924016,0.13831060990924016,0.0,0,0,0.0009649819985497743,0.0,0.012866078992374241,0.0,0.0
neu_mbv2_pattern_mining,2026-02-08T11:34:29,4,264,53,3,0.984375,0.07292314618825912,0.0,0.12837023998145014,0.12837023998145014,0.0,0,0,0.0009206630056723952,0.0,0.011916360992472619,0.0,0.0
neu_mbv2_pattern_mining,2026-02-08T11:34:29,4,265,53,4,0.6666666666666666,1.086960792541504,0.0,0.14567314996384084,0.14567314996384084,0.0,0,0,0.0008233400003518909,0.0,0.013743974996032193,0.0,0.0
neu_mbv2_pattern_mining,2026-02-08T11:34:30,0,266,54,0,1.0,4.578757943818346e-05,0.0,0.5504316498991102,0.5504316498991102,0.0,0,0,0.003513495990773663,0.0,0.05152966899913736,0.0,0.0
neu_mbv2_pattern_mining,2026-02-08T11:34:30,0,267,54,1,1.0,0.00015086749044712633,0.0,0.12448132009012625,0.12448132009012625,0.0,0,0,0.0008948750037234277,0.0,0.011553257005289197,0.0,0.0
neu_mbv2_pattern_mining,2026-02-08T11:34:31,0,268,54,2,0.953125,0.20472505688667297,0.0,0.1302747701993212,0.1302747701993212,0.0,0,0,0.0009256300108972937,0.0,0.012101847009034827,0.0,0.0
neu_mbv2_pattern_mining,2026-02-08T11:34:31,0,269,54,3,1.0,0.001080188900232315,0.0,0.13416774978395551,0.13416774978395551,0.0,0,0,0.001009493978926912,0.0,0.01240728099946864,0.0,0.0
neu_mbv2_pattern_mining,2026-02-08T11:34:31,0,270,54,4,0.5,3.466841697692871,0.0,0.13576105993706733,0.13576105993706733,0.0,0,0,0.0009947910148184747,0.0,0.012581314978888258,0.0,0.0
neu_mbv2_pattern_mining,2026-02-08T11:34:31,1,266,54,0,1.0,0.0008794388850219548,0.0,0.3862904300331138,0.3862904300331138,0.0,0,0,0.005147541000042111,0.0,0.03348150200326927,0.0,0.0
neu_mbv2_pattern_mining,2026-02-08T11:34:31,1,267,54,1,0.984375,0.014628825709223747,0.0,0.10799806012073532,0.10799806012073532,0.0,0,0,0.0008126170141622424,0.0,0.00998718899791129,0.0,0.0
neu_mbv2_pattern_mining,2026-02-08T11:34:32,1,268,54,2,1.0,0.0019632885232567787,0.0,0.11961957032326609,0.11961957032326609,0.0,0,0,0.000779298017732799,0.0,0.01118265901459381,0.0,0.0
neu_mbv2_pattern_mining,2026-02-08T11:34:32,1,269,54,3,1.0,0.0032247165217995644,0.0,0.11021865997463465,0.11021865997463465,0.0,0,0,0.000802238006144762,0.0,0.010219627991318703,0.0,0.0
neu_mbv2_pattern_mining,2026-02-08T11:34:32,1,270,54,4,0.6666666666666666,1.5226532220840454,0.0,0.1603682097629644,0.1603682097629644,0.0,0,0,0.0008432549948338419,0.0,0.015193565981462598,0.0,0.0
neu_mbv2_pattern_mining,2026-02-08T11:34:32,2,266,54,0,1.0,0.00024356745416298509,0.0,0.543503490043804,0.543503490043804,0.0,0,0,0.005366066005080938,0.0,0.04898428299929947,0.0,0.0
neu_mbv2_pattern_mining,2026-02-08T11:34:32,2,267,54,1,0.953125,0.253132700920105,0.0,0.15177377994405106,0.15177377994405106,0.0,0,0,0.0011343570076860487,0.0,0.014043020986719057,0.0,0.0
neu_mbv2_pattern_mining,2026-02-08T11:34:32,2,268,54,2,1.0,0.0009600573102943599,0.0,0.13233931007562205,0.13233931007562205,0.0,0,0,0.0009659840143285692,0.0,0.012267946993233636,0.0,0.0
neu_mbv2_pattern_mining,2026-02-08T11:34:32,2,269,54,3,0.984375,0.09594256430864334,0.0,0.1497613897663541,0.1497613897663541,0.0,0,0,0.0012775519862771034,0.0,0.013698586990358308,0.0,0.0
neu_mbv2_pattern_mining,2026-02-08T11:34:32,2,270,54,4,0.6666666666666666,1.5075364112854004,0.0,0.16404066991526634,0.16404066991526634,0.0,0,0,0.00090677899424918,0.0,0.015497287997277454,0.0,0.0
neu_mbv2_pattern_mining,2026-02-08T11:34:33,3,266,54,0,1.0,0.00010496911272639409,0.0,0.3819217497948557,0.3819217497948557,0.0,0,0,0.004579929984174669,0.0,0.0336122449953109,0.0,0.0
neu_mbv2_pattern_mining,2026-02-08T11:34:33,3,267,54,1,1.0,0.0008173395181074739,0.0,0.11623947037151083,0.11623947037151083,0.0,0,0,0.0012222280201967806,0.0,0.010401719016954303,0.0,0.0
neu_mbv2_pattern_mining,2026-02-08T11:34:33,3,268,54,2,1.0,0.00021080518490634859,0.0,0.1300037102191709,0.1300037102191709,0.0,0,0,0.0010287590266671032,0.0,0.011971611995249987,0.0,0.0
neu_mbv2_pattern_mining,2026-02-08T11:34:33,3,269,54,3,1.0,0.007247991859912872,0.0,0.11727191013051197,0.11727191013051197,0.0,0,0,0.0009038269927259535,0.0,0.010823364020325243,0.0,0.0
neu_mbv2_pattern_mining,2026-02-08T11:34:33,3,270,54,4,0.3333333333333333,1.4019871950149536,0.0,0.1428945900988765,0.1428945900988765,0.0,0,0,0.0008916939841583371,0.0,0.013397765025729313,0.0,0.0
neu_mbv2_pattern_mining,2026-02-08T11:34:34,4,266,54,0,1.0,5.241024700808339e-05,0.0,0.37865254998905584,0.37865254998905584,0.0,0,0,0.003639209986431524,0.0,0.03422604501247406,0.0,0.0
neu_mbv2_pattern_mining,2026-02-08T11:34:34,4,267,54,1,1.0,0.00020572560606524348,0.0,0.12045399023918435,0.12045399023918435,0.0,0,0,0.0008926790033001453,0.0,0.01115272002061829,0.0,0.0
neu_mbv2_pattern_mining,2026-02-08T11:34:34,4,268,54,2,0.984375,0.02149805799126625,0.0,0.1178279597661458,0.1178279597661458,0.0,0,0,0.000828952994197607,0.0,0.010953842982416973,0.0,0.0
neu_mbv2_pattern_mining,2026-02-08T11:34:34,4,269,54,3,1.0,0.00015052573871798813,0.0,0.1174798101419583,0.1174798101419583,0.0,0,0,0.0008346599934156984,0.0,0.010913321020780131,0.0,0.0
neu_mbv2_pattern_mining,2026-02-08T11:34:34,4,270,54,4,0.0,1.7729767560958862,0.0,0.13671927998075262,0.13671927998075262,0.0,0,0,0.0008772030123509467,0.0,0.012794724985724315,0.0,0.0
neu_mbv2_pattern_mining,2026-02-08T11:34:35,0,271,55,0,1.0,0.0005876970826648176,0.0,0.3115503696608357,0.3115503696608357,0.0,0,0,0.002037788974121213,0.0,0.02911724799196236,0.0,0.0
neu_mbv2_pattern_mining,2026-02-08T11:34:35,0,272,55,1,0.953125,0.19648697972297668,0.0,0.08478860021568835,0.08478860021568835,0.0,0,0,0.0006765120197087526,0.0,0.007802348001860082,0.0,0.0
neu_mbv2_pattern_mining,2026-02-08T11:34:35,0,273,55,2,0.9375,0.17888794839382172,0.0,0.09826257999520749,0.09826257999520749,0.0,0,0,0.0007108100107870996,0.0,0.00911544798873365,0.0,0.0
neu_mbv2_pattern_mining,2026-02-08T11:34:35,0,274,55,3,0.96875,0.09670794755220413,0.0,0.10346044990001246,0.10346044990001246,0.0,0,0,0.000738976988941431,0.0,0.009607068001059815,0.0,0.0
neu_mbv2_pattern_mining,2026-02-08T11:34:35,0,275,55,4,0.5,3.1517207622528076,0.0,0.10706308006774634,0.10706308006774634,0.0,0,0,0.0007635439978912473,0.0,0.009942764008883387,0.0,0.0
neu_mbv2_pattern_mining,2026-02-08T11:34:36,1,271,55,0,1.0,0.0004046951944474131,0.0,0.33595829037949443,0.33595829037949443,0.0,0,0,0.00379597902065143,0.0,0.029799850017298013,0.0,0.0
neu_mbv2_pattern_mining,2026-02-08T11:34:36,1,272,55,1,0.90625,0.4332267642021179,0.0,0.1002311598858796,0.1002311598858796,0.0,0,0,0.0007651839987374842,0.0,0.009257931989850476,0.0,0.0
neu_mbv2_pattern_mining,2026-02-08T11:34:36,1,273,55,2,0.96875,0.06562115997076035,0.0,0.08955812023486942,0.08955812023486942,0.0,0,0,0.0006623960216529667,0.0,0.008293416001833975,0.0,0.0
neu_mbv2_pattern_mining,2026-02-08T11:34:36,1,274,55,3,0.875,0.5190123319625854,0.0,0.08860230998834595,0.08860230998834595,0.0,0,0,0.0006363540014717728,0.0,0.008223876997362822,0.0,0.0
neu_mbv2_pattern_mining,2026-02-08T11:34:36,1,275,55,4,0.3333333333333333,4.150378704071045,0.0,0.11712528998032212,0.11712528998032212,0.0,0,0,0.0006862000154796988,0.0,0.011026328982552513,0.0,0.0
neu_mbv2_pattern_mining,2026-02-08T11:34:37,2,271,55,0,1.0,0.00023202417651191354,0.0,0.6014189901179634,0.6014189901179634,0.0,0,0,0.006849249009974301,0.0,0.05329265000182204,0.0,0.0
neu_mbv2_pattern_mining,2026-02-08T11:34:37,2,272,55,1,0.953125,0.21246322989463806,0.0,0.12313358020037413,0.12313358020037413,0.0,0,0,0.0008620440203230828,0.0,0.01145131399971433,0.0,0.0
neu_mbv2_pattern_mining,2026-02-08T11:34:37,2,273,55,2,1.0,0.0003947213408537209,0.0,0.1408077302039601,0.1408077302039601,0.0,0,0,0.0009750290191732347,0.0,0.013105744001222774,0.0,0.0
neu_mbv2_pattern_mining,2026-02-08T11:34:37,2,274,55,3,0.984375,0.020535260438919067,0.0,0.129865950148087,0.129865950148087,0.0,0,0,0.0009123430063482374,0.0,0.012074252008460462,0.0,0.0
neu_mbv2_pattern_mining,2026-02-08T11:34:37,2,275,55,4,0.3333333333333333,2.7617740631103516,0.0,0.12355453975033015,0.12355453975033015,0.0,0,0,0.000660091987811029,0.0,0.011695361987221986,0.0,0.0
neu_mbv2_pattern_mining,2026-02-08T11:34:37,3,271,55,0,1.0,1.5114419511519372e-05,0.0,0.4609500401420519,0.4609500401420519,0.0,0,0,0.00475688700680621,0.0,0.04133811700739898,0.0,0.0
neu_mbv2_pattern_mining,2026-02-08T11:34:37,3,272,55,1,1.0,6.000411667628214e-05,0.0,0.10709119000239298,0.10709119000239298,0.0,0,0,0.0008028529991861433,0.0,0.009906266001053154,0.0,0.0
neu_mbv2_pattern_mining,2026-02-08T11:34:37,3,273,55,2,1.0,0.00022758165141567588,0.0,0.10477759002242237,0.10477759002242237,0.0,0,0,0.0008079310064204037,0.0,0.009669827995821834,0.0,0.0
neu_mbv2_pattern_mining,2026-02-08T11:34:37,3,274,55,3,1.0,0.004007475450634956,0.0,0.10960724030155689,0.10960724030155689,0.0,0,0,0.0007899260090198368,0.0,0.010170798021135852,0.0,0.0
neu_mbv2_pattern_mining,2026-02-08T11:34:37,3,275,55,4,0.0,4.05498743057251,0.0,0.1374678497086279,0.1374678497086279,0.0,0,0,0.0007679419941268861,0.0,0.012978842976735905,0.0,0.0
neu_mbv2_pattern_mining,2026-02-08T11:34:38,4,271,55,0,1.0,2.0969371689716354e-05,0.0,0.3223411398357712,0.3223411398357712,0.0,0,0,0.003146162984194234,0.0,0.029087950999382883,0.0,0.0
neu_mbv2_pattern_mining,2026-02-08T11:34:38,4,272,55,1,1.0,0.0002941008424386382,0.0,0.08392363000893965,0.08392363000893965,0.0,0,0,0.0006214239983819425,0.0,0.007770939002512023,0.0,0.0
neu_mbv2_pattern_mining,2026-02-08T11:34:38,4,273,55,2,1.0,0.0003641367075033486,0.0,0.0999009600491263,0.0999009600491263,0.0,0,0,0.0007361210009548813,0.0,0.009253975003957748,0.0,0.0
neu_mbv2_pattern_mining,2026-02-08T11:34:38,4,274,55,3,0.9375,0.18529020249843597,0.0,0.08695446013007313,0.08695446013007313,0.0,0,0,0.0006059849984012544,0.0,0.008089461014606059,0.0,0.0
neu_mbv2_pattern_mining,2026-02-08T11:34:38,4,275,55,4,1.0,0.03526534512639046,0.0,0.11392690968932584,0.11392690968932584,0.0,0,0,0.0006746029830537736,0.0,0.01071808798587881,0.0,0.0
neu_mbv2_pattern_mining,2026-02-08T11:34:40,0,276,56,0,1.0,0.0002984984021168202,0.0,0.3128546502557583,0.3128546502557583,0.0,0,0,0.0021455710229929537,0.0,0.029139894002582878,0.0,0.0
neu_mbv2_pattern_mining,2026-02-08T11:34:40,0,277,56,1,1.0,2.7685040549840778e-05,0.0,0.08951041003456339,0.08951041003456339,0.0,0,0,0.0008313659927807748,0.0,0.008119675010675564,0.0,0.0
neu_mbv2_pattern_mining,2026-02-08T11:34:40,0,278,56,2,0.9375,0.39682358503341675,0.0,0.10731503018178046,0.10731503018178046,0.0,0,0,0.000782281014835462,0.0,0.009949222003342584,0.0,0.0
neu_mbv2_pattern_mining,2026-02-08T11:34:40,0,279,56,3,0.921875,0.2565765380859375,0.0,0.0985229600337334,0.0985229600337334,0.0,0,0,0.000717604998499155,0.0,0.009134691004874185,0.0,0.0
neu_mbv2_pattern_mining,2026-02-08T11:34:40,0,280,56,4,0.5,2.046649217605591,0.0,0.0965360802365467,0.0965360802365467,0.0,0,0,0.000657257012790069,0.0,0.0089963510108646,0.0,0.0
neu_mbv2_pattern_mining,2026-02-08T11:34:40,1,276,56,0,1.0,0.0018485873006284237,0.0,0.31546287034871057,0.31546287034871057,0.0,0,0,0.0046295660140458494,0.0,0.026916721020825207,0.0,0.0
neu_mbv2_pattern_mining,2026-02-08T11:34:40,1,277,56,1,0.9375,0.4250321686267853,0.0,0.08584733004681766,0.08584733004681766,0.0,0,0,0.0007484820089302957,0.0,0.00783625099575147,0.0,0.0
neu_mbv2_pattern_mining,2026-02-08T11:34:40,1,278,56,2,1.0,0.00029879846260882914,0.0,0.09371204010676593,0.09371204010676593,0.0,0,0,0.0006517829897347838,0.0,0.008719421020941809,0.0,0.0
neu_mbv2_pattern_mining,2026-02-08T11:34:41,1,279,56,3,0.984375,0.07887233048677444,0.0,0.09238269965862855,0.09238269965862855,0.0,0,0,0.0006464859761763364,0.0,0.008591783989686519,0.0,0.0
neu_mbv2_pattern_mining,2026-02-08T11:34:41,1,280,56,4,1.0,0.08244214951992035,0.0,0.12240169016877189,0.12240169016877189,0.0,0,0,0.0006651100120507181,0.0,0.011575059004826471,0.0,0.0
neu_mbv2_pattern_mining,2026-02-08T11:34:41,2,276,56,0,1.0,0.0002318483020644635,0.0,0.39992834004806355,0.39992834004806355,0.0,0,0,0.004476625006645918,0.0,0.03551620899816044,0.0,0.0
neu_mbv2_pattern_mining,2026-02-08T11:34:41,2,277,56,1,1.0,0.0013403792399913073,0.0,0.11705119046382606,0.11705119046382606,0.0,0,0,0.0008510470215696841,0.0,0.010854072024812922,0.0,0.0
neu_mbv2_pattern_mining,2026-02-08T11:34:41,2,278,56,2,0.984375,0.08181329816579819,0.0,0.12259606970474124,0.12259606970474124,0.0,0,0,0.0008388359856326133,0.0,0.01142077098484151,0.0,0.0
neu_mbv2_pattern_mining,2026-02-08T11:34:41,2,279,56,3,1.0,0.00016226345906034112,0.0,0.1224043799447827,0.1224043799447827,0.0,0,0,0.0008561989816371351,0.0,0.011384239012841135,0.0,0.0
neu_mbv2_pattern_mining,2026-02-08T11:34:41,2,280,56,4,0.3333333333333333,4.113481044769287,0.0,0.14337749977130443,0.14337749977130443,0.0,0,0,0.0008474339847452939,0.0,0.013490315992385149,0.0,0.0
neu_mbv2_pattern_mining,2026-02-08T11:34:42,3,276,56,0,1.0,7.856252341298386e-05,0.0,0.3096088400343433,0.3096088400343433,0.0,0,0,0.003720022999914363,0.0,0.027240861003519967,0.0,0.0
neu_mbv2_pattern_mining,2026-02-08T11:34:42,3,277,56,1,1.0,1.615050496184267e-05,0.0,0.10567455989075825,0.10567455989075825,0.0,0,0,0.0007707810145802796,0.0,0.009796674974495545,0.0,0.0
neu_mbv2_pattern_mining,2026-02-08T11:34:42,3,278,56,2,1.0,0.005447964649647474,0.0,0.10357207007473335,0.10357207007473335,0.0,0,0,0.0007406490040011704,0.0,0.009616558003472164,0.0,0.0
neu_mbv2_pattern_mining,2026-02-08T11:34:42,3,279,56,3,0.84375,0.5046485662460327,0.0,0.10803682002006099,0.10803682002006099,0.0,0,0,0.0007527169946115464,0.0,0.010050965007394552,0.0,0.0
neu_mbv2_pattern_mining,2026-02-08T11:34:42,3,280,56,4,1.0,0.05433693528175354,0.0,0.12182492966530845,0.12182492966530845,0.0,0,0,0.0008161919831763953,0.0,0.01136630098335445,0.0,0.0
neu_mbv2_pattern_mining,2026-02-08T11:34:43,4,276,56,0,1.0,3.5331690014572814e-05,0.0,0.4042216297239065,0.4042216297239065,0.0,0,0,0.004719305987237021,0.0,0.03570285698515363,0.0,0.0
neu_mbv2_pattern_mining,2026-02-08T11:34:43,4,277,56,1,1.0,0.00031293678330257535,0.0,0.11793209007009864,0.11793209007009864,0.0,0,0,0.000834783015307039,0.0,0.010958425991702825,0.0,0.0
neu_mbv2_pattern_mining,2026-02-08T11:34:43,4,278,56,2,1.0,0.0001801351027097553,0.0,0.11515161982970312,0.11515161982970312,0.0,0,0,0.000809669989394024,0.0,0.010705491993576288,0.0,0.0
neu_mbv2_pattern_mining,2026-02-08T11:34:43,4,279,56,3,1.0,0.00015043238818179816,0.0,0.11616426985710859,0.11616426985710859,0.0,0,0,0.0008933609933592379,0.0,0.010723065992351621,0.0,0.0
neu_mbv2_pattern_mining,2026-02-08T11:34:43,4,280,56,4,1.0,0.06619337946176529,0.0,0.13333201030036435,0.13333201030036435,0.0,0,0,0.0008099150145426393,0.0,0.012523286015493795,0.0,0.0
neu_mbv2_pattern_mining,2026-02-08T11:34:44,0,281,57,0,0.984375,0.017871053889393806,0.0,0.28866004024166614,0.28866004024166614,0.0,0,0,0.0020000820222776383,0.0,0.026865922001888976,0.0,0.0
neu_mbv2_pattern_mining,2026-02-08T11:34:44,0,282,57,1,0.953125,0.07062679529190063,0.0,0.11571428010938689,0.11571428010938689,0.0,0,0,0.0008987180190160871,0.0,0.010672709991922602,0.0,0.0
neu_mbv2_pattern_mining,2026-02-08T11:34:44,0,283,57,2,0.9375,0.16215233504772186,0.0,0.11181408015545458,0.11181408015545458,0.0,0,0,0.0008660760067868978,0.0,0.01031533200875856,0.0,0.0
neu_mbv2_pattern_mining,2026-02-08T11:34:44,0,284,57,3,0.984375,0.031019989401102066,0.0,0.11660783988190815,0.11660783988190815,0.0,0,0,0.0008759259944781661,0.0,0.010784857993712649,0.0,0.0
neu_mbv2_pattern_mining,2026-02-08T11:34:44,0,285,57,4,1.0,0.018831325694918633,0.0,0.11322960985125974,0.11322960985125974,0.0,0,0,0.0007760679873172194,0.0,0.010546892997808754,0.0,0.0
neu_mbv2_pattern_mining,2026-02-08T11:34:45,1,281,57,0,1.0,2.11734623007942e-05,0.0,0.3084244902129285,0.3084244902129285,0.0,0,0,0.0036645400105044246,0.0,0.027177909010788426,0.0,0.0
neu_mbv2_pattern_mining,2026-02-08T11:34:45,1,282,57,1,1.0,0.00025546879624016583,0.0,0.08654335979372263,0.08654335979372263,0.0,0,0,0.0007180579996202141,0.0,0.007936277979752049,0.0,0.0
neu_mbv2_pattern_mining,2026-02-08T11:34:45,1,283,57,2,0.96875,0.09462393075227737,0.0,0.08188796986360103,0.08188796986360103,0.0,0,0,0.0006167359824758023,0.0,0.007572061003884301,0.0,0.0
neu_mbv2_pattern_mining,2026-02-08T11:34:45,1,284,57,3,1.0,0.0014503698330372572,0.0,0.08176959003321826,0.08176959003321826,0.0,0,0,0.0006488969956990331,0.0,0.007528062007622793,0.0,0.0
neu_mbv2_pattern_mining,2026-02-08T11:34:45,1,285,57,4,0.3333333333333333,2.0136382579803467,0.0,0.11340110009768978,0.11340110009768978,0.0,0,0,0.0007279610144905746,0.0,0.010612148995278403,0.0,0.0
neu_mbv2_pattern_mining,2026-02-08T11:34:46,2,281,57,0,1.0,1.8030286810244434e-06,0.0,0.3300721800769679,0.3300721800769679,0.0,0,0,0.0036082360020373017,0.0,0.02939898200565949,0.0,0.0
neu_mbv2_pattern_mining,2026-02-08T11:34:46,2,282,57,1,1.0,4.136859388381708e-06,0.0,0.1156147601432167,0.1156147601432167,0.0,0,0,0.0009349320025648922,0.0,0.010626544011756778,0.0,0.0
neu_mbv2_pattern_mining,2026-02-08T11:34:46,2,283,57,2,1.0,0.0008332050056196749,0.0,0.0957344300695695,0.0957344300695695,0.0,0,0,0.0006913910037837923,0.0,0.008882052003173158,0.0,0.0
neu_mbv2_pattern_mining,2026-02-08T11:34:46,2,284,57,3,1.0,0.02298164740204811,0.0,0.0865518901264295,0.0865518901264295,0.0,0,0,0.0006207730039022863,0.0,0.008034416008740664,0.0,0.0
neu_mbv2_pattern_mining,2026-02-08T11:34:46,2,285,57,4,1.0,0.35942304134368896,0.0,0.11471571982838213,0.11471571982838213,0.0,0,0,0.000633268995443359,0.0,0.010838302987394854,0.0,0.0
neu_mbv2_pattern_mining,2026-02-08T11:34:46,3,281,57,0,1.0,8.165050530806184e-06,0.0,0.3568570301285945,0.3568570301285945,0.0,0,0,0.004444765014341101,0.0,0.031240937998518348,0.0,0.0
neu_mbv2_pattern_mining,2026-02-08T11:34:46,3,282,57,1,1.0,8.136506949085742e-06,0.0,0.11797909013694152,0.11797909013694152,0.0,0,0,0.0008511880005244166,0.0,0.010946721013169736,0.0,0.0
neu_mbv2_pattern_mining,2026-02-08T11:34:47,3,283,57,2,1.0,0.000454768945928663,0.0,0.11541959014721215,0.11541959014721215,0.0,0,0,0.0008006000134628266,0.0,0.010741359001258388,0.0,0.0
neu_mbv2_pattern_mining,2026-02-08T11:34:47,3,284,57,3,1.0,0.003378084395080805,0.0,0.12296583998249844,0.12296583998249844,0.0,0,0,0.0008541659917682409,0.0,0.011442418006481603,0.0,0.0
neu_mbv2_pattern_mining,2026-02-08T11:34:47,3,285,57,4,0.3333333333333333,2.9607419967651367,0.0,0.13599205994978547,0.13599205994978547,0.0,0,0,0.0008392400050070137,0.0,0.012759965989971533,0.0,0.0
neu_mbv2_pattern_mining,2026-02-08T11:34:47,4,281,57,0,1.0,2.994431633851491e-05,0.0,0.5884401701041497,0.5884401701041497,0.0,0,0,0.005523469008039683,0.0,0.05332054800237529,0.0,0.0
neu_mbv2_pattern_mining,2026-02-08T11:34:47,4,282,57,1,0.96875,0.13857857882976532,0.0,0.1336473601986654,0.1336473601986654,0.0,0,0,0.0009401980205439031,0.0,0.012424537999322638,0.0,0.0
neu_mbv2_pattern_mining,2026-02-08T11:34:47,4,283,57,2,0.984375,0.06015601009130478,0.0,0.13859380997018889,0.13859380997018889,0.0,0,0,0.0009474309918005019,0.0,0.012911950005218387,0.0,0.0
neu_mbv2_pattern_mining,2026-02-08T11:34:47,4,284,57,3,1.0,0.009538085199892521,0.0,0.12329174991464242,0.12329174991464242,0.0,0,0,0.0008725830120965838,0.0,0.011456591979367658,0.0,0.0
neu_mbv2_pattern_mining,2026-02-08T11:34:47,4,285,57,4,0.3333333333333333,3.7718660831451416,0.0,0.14588197984267026,0.14588197984267026,0.0,0,0,0.0008485410071443766,0.0,0.01373965697712265,0.0,0.0
neu_mbv2_pattern_mining,2026-02-08T11:34:49,0,286,58,0,1.0,2.114312883350067e-05,0.0,0.43522394029423594,0.43522394029423594,0.0,0,0,0.0026559500256553292,0.0,0.040866444003768265,0.0,0.0
neu_mbv2_pattern_mining,2026-02-08T11:34:49,0,287,58,1,1.0,0.0015252713346853852,0.0,0.11815695004770532,0.11815695004770532,0.0,0,0,0.000846173003083095,0.0,0.010969522001687437,0.0,0.0
neu_mbv2_pattern_mining,2026-02-08T11:34:49,0,288,58,2,0.984375,0.02724394202232361,0.0,0.12452435999875888,0.12452435999875888,0.0,0,0,0.0008440940000582486,0.0,0.01160834199981764,0.0,0.0
neu_mbv2_pattern_mining,2026-02-08T11:34:49,0,289,58,3,0.9375,0.23356035351753235,0.0,0.12806610990082845,0.12806610990082845,0.0,0,0,0.001024108991259709,0.0,0.011782501998823136,0.0,0.0
neu_mbv2_pattern_mining,2026-02-08T11:34:49,0,290,58,4,0.75,0.5369532108306885,0.0,0.11782992020016536,0.11782992020016536,0.0,0,0,0.0009170130069833249,0.0,0.010865979013033211,0.0,0.0
neu_mbv2_pattern_mining,2026-02-08T11:34:49,1,286,58,0,1.0,6.314640631899238e-05,0.0,0.32189590972848237,0.32189590972848237,0.0,0,0,0.004069353977683932,0.0,0.028120236995164305,0.0,0.0
neu_mbv2_pattern_mining,2026-02-08T11:34:49,1,287,58,1,1.0,0.0029952984768897295,0.0,0.09780826017959043,0.09780826017959043,0.0,0,0,0.000813780992757529,0.0,0.008967045025201514,0.0,0.0
neu_mbv2_pattern_mining,2026-02-08T11:34:49,1,288,58,2,1.0,0.00016321890871040523,0.0,0.10368972987635061,0.10368972987635061,0.0,0,0,0.000744613993447274,0.0,0.009624358994187787,0.0,0.0
neu_mbv2_pattern_mining,2026-02-08T11:34:49,1,289,58,3,0.890625,1.1110328435897827,0.0,0.1213628298137337,0.1213628298137337,0.0,0,0,0.0009192439902108163,0.0,0.011217038991162553,0.0,0.0
neu_mbv2_pattern_mining,2026-02-08T11:34:49,1,290,58,4,0.3333333333333333,3.920302629470825,0.0,0.14399061008589342,0.14399061008589342,0.0,0,0,0.0008760380151215941,0.0,0.013523022993467748,0.0,0.0
neu_mbv2_pattern_mining,2026-02-08T11:34:50,2,286,58,0,1.0,2.4206925445469096e-05,0.0,0.35103450005408376,0.35103450005408376,0.0,0,0,0.004552294994937256,0.0,0.03055115501047112,0.0,0.0
neu_mbv2_pattern_mining,2026-02-08T11:34:50,2,287,58,1,1.0,0.002152971923351288,0.0,0.11121817020466551,0.11121817020466551,0.0,0,0,0.0008757570176385343,0.0,0.010246060002828017,0.0,0.0
neu_mbv2_pattern_mining,2026-02-08T11:34:50,2,288,58,2,1.0,0.00397096062079072,0.0,0.09923384030116722,0.09923384030116722,0.0,0,0,0.0007091390143614262,0.0,0.009214245015755296,0.0,0.0
neu_mbv2_pattern_mining,2026-02-08T11:34:50,2,289,58,3,0.984375,0.041404012590646744,0.0,0.10280271002557129,0.10280271002557129,0.0,0,0,0.0007237429963424802,0.0,0.009556528006214648,0.0,0.0
neu_mbv2_pattern_mining,2026-02-08T11:34:50,2,290,58,4,1.0,0.012106616981327534,0.0,0.12388119997922331,0.12388119997922331,0.0,0,0,0.0009379349939990789,0.0,0.011450185003923252,0.0,0.0
neu_mbv2_pattern_mining,2026-02-08T11:34:51,3,286,58,0,1.0,3.683339309645817e-05,0.0,0.3301672902307473,0.3301672902307473,0.0,0,0,0.003476707002846524,0.0,0.029540022020228207,0.0,0.0
neu_mbv2_pattern_mining,2026-02-08T11:34:51,3,287,58,1,1.0,2.4065699108177796e-05,0.0,0.116427670000121,0.116427670000121,0.0,0,0,0.0009438729903195053,0.0,0.010698894009692594,0.0,0.0
neu_mbv2_pattern_mining,2026-02-08T11:34:51,3,288,58,2,0.984375,0.026183588430285454,0.0,0.10319185996195301,0.10319185996195301,0.0,0,0,0.0007252040086314082,0.0,0.009593981987563893,0.0,0.0
neu_mbv2_pattern_mining,2026-02-08T11:34:51,3,289,58,3,0.953125,0.2166852056980133,0.0,0.09349291998660192,0.09349291998660192,0.0,0,0,0.0006849519850220531,0.0,0.008664340013638139,0.0,0.0
neu_mbv2_pattern_mining,2026-02-08T11:34:51,3,290,58,4,0.3333333333333333,2.267608880996704,0.0,0.10692091978853568,0.10692091978853568,0.0,0,0,0.0006239549838937819,0.0,0.010068136994959787,0.0,0.0
neu_mbv2_pattern_mining,2026-02-08T11:34:51,4,286,58,0,1.0,0.00010104730608873069,0.0,0.43476710008690134,0.43476710008690134,0.0,0,0,0.005076988018117845,0.0,0.03839972199057229,0.0,0.0
neu_mbv2_pattern_mining,2026-02-08T11:34:51,4,287,58,1,1.0,0.00016773611423559487,0.0,0.1181555399671197,0.1181555399671197,0.0,0,0,0.0008281280170194805,0.0,0.010987425979692489,0.0,0.0
neu_mbv2_pattern_mining,2026-02-08T11:34:52,4,288,58,2,0.984375,0.07434345781803131,0.0,0.12358044972643256,0.12358044972643256,0.0,0,0,0.0008731839770916849,0.0,0.011484860995551571,0.0,0.0
neu_mbv2_pattern_mining,2026-02-08T11:34:52,4,289,58,3,1.0,0.005519549362361431,0.0,0.11625545972492546,0.11625545972492546,0.0,0,0,0.0008216819842346013,0.0,0.010803863988257945,0.0,0.0
neu_mbv2_pattern_mining,2026-02-08T11:34:52,4,290,58,4,0.6666666666666666,3.2154996395111084,0.0,0.13936818984802812,0.13936818984802812,0.0,0,0,0.0008083260036073625,0.0,0.01312849298119545,0.0,0.0
neu_mbv2_pattern_mining,2026-02-08T11:34:53,0,291,59,0,1.0,2.8186221243231557e-05,0.0,0.5979266398935579,0.5979266398935579,0.0,0,0,0.003429954987950623,0.0,0.056362709001405165,0.0,0.0
neu_mbv2_pattern_mining,2026-02-08T11:34:53,0,292,59,1,1.0,2.7479898562887684e-05,0.0,0.16063761984696612,0.16063761984696612,0.0,0,0,0.0012236519833095372,0.0,0.014840110001387075,0.0,0.0
neu_mbv2_pattern_mining,2026-02-08T11:34:53,0,293,59,2,1.0,0.00020430547010619193,0.0,0.13193694001529366,0.13193694001529366,0.0,0,0,0.0009316999930888414,0.0,0.012261994008440524,0.0,0.0
neu_mbv2_pattern_mining,2026-02-08T11:34:53,0,294,59,3,0.984375,0.03804996237158775,0.0,0.13183452014345676,0.13183452014345676,0.0,0,0,0.0009298560034949332,0.0,0.012253596010850742,0.0,0.0
neu_mbv2_pattern_mining,2026-02-08T11:34:53,0,295,59,4,0.75,0.4298560619354248,0.0,0.1339069099049084,0.1339069099049084,0.0,0,0,0.000912574992980808,0.0,0.01247811599751003,0.0,0.0
neu_mbv2_pattern_mining,2026-02-08T11:34:54,1,291,59,0,1.0,6.21007930021733e-05,0.0,0.36226147989509627,0.36226147989509627,0.0,0,0,0.0038788219972047955,0.0,0.03234732599230483,0.0,0.0
neu_mbv2_pattern_mining,2026-02-08T11:34:54,1,292,59,1,1.0,1.782034451025538e-05,0.0,0.09936322021530941,0.09936322021530941,0.0,0,0,0.0007551299931947142,0.0,0.009181192028336227,0.0,0.0
neu_mbv2_pattern_mining,2026-02-08T11:34:54,1,293,59,2,1.0,0.0004179210518486798,0.0,0.10757555020973086,0.10757555020973086,0.0,0,0,0.0008377350168302655,0.0,0.00991982000414282,0.0,0.0
neu_mbv2_pattern_mining,2026-02-08T11:34:54,1,294,59,3,0.984375,0.014703450724482536,0.0,0.10618378000799567,0.10618378000799567,0.0,0,0,0.0007567050051875412,0.0,0.009861672995612025,0.0,0.0
neu_mbv2_pattern_mining,2026-02-08T11:34:54,1,295,59,4,0.3333333333333333,0.9396517872810364,0.0,0.13578101032180712,0.13578101032180712,0.0,0,0,0.0007305080071091652,0.0,0.012847593025071546,0.0,0.0
neu_mbv2_pattern_mining,2026-02-08T11:34:54,2,291,59,0,1.0,6.095757271395996e-05,0.0,0.3480346198193729,0.3480346198193729,0.0,0,0,0.0036263719957787544,0.0,0.031177089986158535,0.0,0.0
neu_mbv2_pattern_mining,2026-02-08T11:34:54,2,292,59,1,0.859375,1.0551667213439941,0.0,0.10753403010312468,0.10753403010312468,0.0,0,0,0.0008074849902186543,0.0,0.009945918020093814,0.0,0.0
neu_mbv2_pattern_mining,2026-02-08T11:34:54,2,293,59,2,1.0,0.0007515434990637004,0.0,0.12624360009795055,0.12624360009795055,0.0,0,0,0.0009406610042788088,0.0,0.011683699005516246,0.0,0.0
neu_mbv2_pattern_mining,2026-02-08T11:34:54,2,294,59,3,0.984375,0.024684220552444458,0.0,0.1109118401654996,0.1109118401654996,0.0,0,0,0.0007951090228743851,0.0,0.010296074993675575,0.0,0.0
neu_mbv2_pattern_mining,2026-02-08T11:34:54,2,295,59,4,0.6666666666666666,1.9360336065292358,0.0,0.14136423968011513,0.14136423968011513,0.0,0,0,0.0008091039780993015,0.0,0.013327319989912212,0.0,0.0
neu_mbv2_pattern_mining,2026-02-08T11:34:55,3,291,59,0,1.0,0.0003445310576353222,0.0,0.47141963994363323,0.47141963994363323,0.0,0,0,0.005115930980537087,0.0,0.042026033013826236,0.0,0.0
neu_mbv2_pattern_mining,2026-02-08T11:34:55,3,292,59,1,0.984375,0.07805977016687393,0.0,0.11883583007147536,0.11883583007147536,0.0,0,0,0.000861606007674709,0.0,0.011021976999472827,0.0,0.0
neu_mbv2_pattern_mining,2026-02-08T11:34:55,3,293,59,2,1.0,0.0001336054119747132,0.0,0.11765336006646976,0.11765336006646976,0.0,0,0,0.0008184309990610927,0.0,0.010946905007585883,0.0,0.0
neu_mbv2_pattern_mining,2026-02-08T11:34:55,3,294,59,3,0.96875,0.16626636683940887,0.0,0.12538247014163062,0.12538247014163062,0.0,0,0,0.0009429409983567894,0.0,0.011595306015806273,0.0,0.0
neu_mbv2_pattern_mining,2026-02-08T11:34:55,3,295,59,4,1.0,0.01378002017736435,0.0,0.14782407029997557,0.14782407029997557,0.0,0,0,0.0009114830172620714,0.0,0.013870924012735486,0.0,0.0
neu_mbv2_pattern_mining,2026-02-08T11:34:56,4,291,59,0,1.0,3.638301132014021e-05,0.0,0.32008167007006705,0.32008167007006705,0.0,0,0,0.0033836069924291223,0.0,0.028624560014577582,0.0,0.0
neu_mbv2_pattern_mining,2026-02-08T11:34:56,4,292,59,1,1.0,7.864612416597083e-05,0.0,0.0843777199042961,0.0843777199042961,0.0,0,0,0.0006209840066730976,0.0,0.007816787983756512,0.0,0.0
neu_mbv2_pattern_mining,2026-02-08T11:34:56,4,293,59,2,0.96875,0.050795700401067734,0.0,0.10092993004946038,0.10092993004946038,0.0,0,0,0.0007275560055859387,0.0,0.0093654369993601,0.0,0.0
neu_mbv2_pattern_mining,2026-02-08T11:34:56,4,294,59,3,1.0,0.016081571578979492,0.0,0.10090886993566528,0.10090886993566528,0.0,0,0,0.0007498390041291714,0.0,0.009341047989437357,0.0,0.0
neu_mbv2_pattern_mining,2026-02-08T11:34:56,4,295,59,4,0.6666666666666666,0.37647271156311035,0.0,0.1297502001398243,0.1297502001398243,0.0,0,0,0.0007993580074980855,0.0,0.012175662006484345,0.0,0.0
neu_mbv2_pattern_mining,2026-02-08T11:34:57,0,296,60,0,0.984375,0.029462095350027084,0.0,0.4028077601105906,0.4028077601105906,0.0,0,0,0.0024387170269619673,0.0,0.03784205898409709,0.0,0.0
neu_mbv2_pattern_mining,2026-02-08T11:34:57,0,297,60,1,1.0,0.0005965317832306027,0.0,0.12733142008073628,0.12733142008073628,0.0,0,0,0.0009293460170738399,0.0,0.011803795990999788,0.0,0.0
neu_mbv2_pattern_mining,2026-02-08T11:34:57,0,298,60,2,0.984375,0.062120404094457626,0.0,0.13878282014047727,0.13878282014047727,0.0,0,0,0.0009267390123568475,0.0,0.01295154300169088,0.0,0.0
neu_mbv2_pattern_mining,2026-02-08T11:34:57,0,299,60,3,0.984375,0.042134709656238556,0.0,0.11726125987479463,0.11726125987479463,0.0,0,0,0.0008335509919561446,0.0,0.010892574995523319,0.0,0.0
neu_mbv2_pattern_mining,2026-02-08T11:34:57,0,300,60,4,0.25,3.597238540649414,0.0,0.12122329993871972,0.12122329993871972,0.0,0,0,0.0007652909844182432,0.0,0.011357039009453729,0.0,0.0
neu_mbv2_pattern_mining,2026-02-08T11:34:58,1,296,60,0,1.0,4.5044173020869493e-05,0.0,0.30721995019121096,0.30721995019121096,0.0,0,0,0.0033284109958913177,0.0,0.027393584023229778,0.0,0.0
neu_mbv2_pattern_mining,2026-02-08T11:34:58,1,297,60,1,1.0,0.000662292935885489,0.0,0.09040773002197966,0.09040773002197966,0.0,0,0,0.0007307339983526617,0.0,0.008310039003845304,0.0,0.0
neu_mbv2_pattern_mining,2026-02-08T11:34:58,1,298,60,2,1.0,0.01743033528327942,0.0,0.08262838993687183,0.08262838993687183,0.0,0,0,0.0006261749949771911,0.0,0.007636663998709992,0.0,0.0
neu_mbv2_pattern_mining,2026-02-08T11:34:58,1,299,60,3,0.984375,0.039100099354982376,0.0,0.08071696007391438,0.08071696007391438,0.0,0,0,0.0005886190047021955,0.0,0.007483077002689242,0.0,0.0
neu_mbv2_pattern_mining,2026-02-08T11:34:58,1,300,60,4,0.3333333333333333,2.2809364795684814,0.0,0.1102133997483179,0.1102133997483179,0.0,0,0,0.000744951976230368,0.0,0.010276387998601422,0.0,0.0
neu_mbv2_pattern_mining,2026-02-08T11:34:59,2,296,60,0,1.0,0.0003027783241122961,0.0,0.36507050012005493,0.36507050012005493,0.0,0,0,0.004000062996055931,0.0,0.03250698701594956,0.0,0.0
neu_mbv2_pattern_mining,2026-02-08T11:34:59,2,297,60,1,0.875,0.3989051878452301,0.0,0.08768979023443535,0.08768979023443535,0.0,0,0,0.000661632016999647,0.0,0.008107347006443888,0.0,0.0
neu_mbv2_pattern_mining,2026-02-08T11:34:59,2,298,60,2,1.0,0.005392988212406635,0.0,0.09945014026015997,0.09945014026015997,0.0,0,0,0.000679973018122837,0.0,0.00926504100789316,0.0,0.0
neu_mbv2_pattern_mining,2026-02-08T11:34:59,2,299,60,3,0.953125,0.22449307143688202,0.0,0.09149228979367763,0.09149228979367763,0.0,0,0,0.000651240989100188,0.0,0.008497987990267575,0.0,0.0
neu_mbv2_pattern_mining,2026-02-08T11:34:59,2,300,60,4,0.3333333333333333,1.891016960144043,0.0,0.10655301011865959,0.10655301011865959,0.0,0,0,0.0006062790052965283,0.0,0.01004902200656943,0.0,0.0
neu_mbv2_pattern_mining,2026-02-08T11:35:00,3,296,60,0,1.0,8.524832082912326e-06,0.0,0.4224890298792161,0.4224890298792161,0.0,0,0,0.0051224560011178255,0.0,0.037126446986803785,0.0,0.0
neu_mbv2_pattern_mining,2026-02-08T11:35:00,3,297,60,1,1.0,0.00011216272105230018,0.0,0.09851087961578742,0.09851087961578742,0.0,0,0,0.0007802659820299596,0.0,0.009070821979548782,0.0,0.0
neu_mbv2_pattern_mining,2026-02-08T11:35:00,3,298,60,2,0.96875,0.03420432657003403,0.0,0.10982372012222186,0.10982372012222186,0.0,0,0,0.0007608949963469058,0.0,0.01022147701587528,0.0,0.0
neu_mbv2_pattern_mining,2026-02-08T11:35:00,3,299,60,3,1.0,0.003928046673536301,0.0,0.10789674997795373,0.10789674997795373,0.0,0,0,0.0007728819909971207,0.0,0.010016793006798252,0.0,0.0
neu_mbv2_pattern_mining,2026-02-08T11:35:00,3,300,60,4,0.0,3.284208059310913,0.0,0.11307358014164492,0.11307358014164492,0.0,0,0,0.0006955309945624322,0.0,0.01061182701960206,0.0,0.0
neu_mbv2_pattern_mining,2026-02-08T11:35:00,4,296,60,0,1.0,7.057247785269283e-06,0.0,0.3519064700230956,0.3519064700230956,0.0,0,0,0.003817015007371083,0.0,0.03137363199493848,0.0,0.0
neu_mbv2_pattern_mining,2026-02-08T11:35:00,4,297,60,1,1.0,8.006179996300489e-05,0.0,0.11938793992158026,0.11938793992158026,0.0,0,0,0.0008292359998449683,0.0,0.011109557992313057,0.0,0.0
neu_mbv2_pattern_mining,2026-02-08T11:35:00,4,298,60,2,0.984375,0.11056199669837952,0.0,0.11121442017611116,0.11121442017611116,0.0,0,0,0.0007952210144139826,0.0,0.010326221003197134,0.0,0.0
neu_mbv2_pattern_mining,2026-02-08T11:35:00,4,299,60,3,1.0,0.0009117687586694956,0.0,0.11683703982271254,0.11683703982271254,0.0,0,0,0.0008246779907494783,0.0,0.010859025991521776,0.0,0.0
neu_mbv2_pattern_mining,2026-02-08T11:35:00,4,300,60,4,0.3333333333333333,0.9747061133384705,0.0,0.13799232023302466,0.13799232023302466,0.0,0,0,0.0008177950221579522,0.0,0.012981437001144513,0.0,0.0
neu_mbv2_pattern_mining,2026-02-08T11:35:02,0,301,61,0,1.0,4.965670086676255e-05,0.0,0.4895020500407554,0.4895020500407554,0.0,0,0,0.0041979649977292866,0.0,0.044752240006346256,0.0,0.0
neu_mbv2_pattern_mining,2026-02-08T11:35:02,0,302,61,1,0.984375,0.029874563217163086,0.0,0.1184323598863557,0.1184323598863557,0.0,0,0,0.0008660279854666442,0.0,0.010977208003168926,0.0,0.0
neu_mbv2_pattern_mining,2026-02-08T11:35:02,0,303,61,2,0.984375,0.08808682858943939,0.0,0.131322430097498,0.131322430097498,0.0,0,0,0.0009376110101584345,0.0,0.012194631999591365,0.0,0.0
neu_mbv2_pattern_mining,2026-02-08T11:35:02,0,304,61,3,0.96875,0.15138834714889526,0.0,0.12669907009694725,0.12669907009694725,0.0,0,0,0.000875993020599708,0.0,0.011793913989095017,0.0,0.0
neu_mbv2_pattern_mining,2026-02-08T11:35:02,0,305,61,4,1.0,0.1699923574924469,0.0,0.13661044009495527,0.13661044009495527,0.0,0,0,0.0010095150209963322,0.0,0.012651528988499194,0.0,0.0
neu_mbv2_pattern_mining,2026-02-08T11:35:03,1,301,61,0,1.0,0.0008984479354694486,0.0,0.4024095501517877,0.4024095501517877,0.0,0,0,0.004791931016370654,0.0,0.035449023998808116,0.0,0.0
neu_mbv2_pattern_mining,2026-02-08T11:35:03,1,302,61,1,0.953125,0.12100949138402939,0.0,0.11786591989221051,0.11786591989221051,0.0,0,0,0.0008719500037841499,0.0,0.010914641985436901,0.0,0.0
neu_mbv2_pattern_mining,2026-02-08T11:35:03,1,303,61,2,1.0,0.006855325773358345,0.0,0.10380607011029497,0.10380607011029497,0.0,0,0,0.0007419410103466362,0.0,0.00963866600068286,0.0,0.0
neu_mbv2_pattern_mining,2026-02-08T11:35:03,1,304,61,3,0.984375,0.04642077162861824,0.0,0.10394562967121601,0.10394562967121601,0.0,0,0,0.0007202589767985046,0.0,0.009674303990323097,0.0,0.0
neu_mbv2_pattern_mining,2026-02-08T11:35:03,1,305,61,4,0.3333333333333333,2.9563281536102295,0.0,0.12818502029404044,0.12818502029404044,0.0,0,0,0.0006912040116731077,0.0,0.012127298017730936,0.0,0.0
neu_mbv2_pattern_mining,2026-02-08T11:35:03,2,301,61,0,1.0,0.00019776640692725778,0.0,0.547583419829607,0.547583419829607,0.0,0,0,0.006054078985471278,0.0,0.04870426299748942,0.0,0.0
neu_mbv2_pattern_mining,2026-02-08T11:35:03,2,302,61,1,0.9375,0.1897280514240265,0.0,0.13647134008351713,0.13647134008351713,0.0,0,0,0.0009889740031212568,0.0,0.012658160005230457,0.0,0.0
neu_mbv2_pattern_mining,2026-02-08T11:35:03,2,303,61,2,1.0,0.009928633458912373,0.0,0.11916095012566075,0.11916095012566075,0.0,0,0,0.000839863991132006,0.0,0.011076231021434069,0.0,0.0
neu_mbv2_pattern_mining,2026-02-08T11:35:03,2,304,61,3,0.984375,0.042407434433698654,0.0,0.10594129009405151,0.10594129009405151,0.0,0,0,0.0007806920039001852,0.0,0.009813437005504966,0.0,0.0
neu_mbv2_pattern_mining,2026-02-08T11:35:03,2,305,61,4,0.3333333333333333,3.686636209487915,0.0,0.11922604957362637,0.11922604957362637,0.0,0,0,0.0007142769754864275,0.0,0.01120832798187621,0.0,0.0
neu_mbv2_pattern_mining,2026-02-08T11:35:04,3,301,61,0,1.0,0.0020571397617459297,0.0,0.6134921600460075,0.6134921600460075,0.0,0,0,0.0068275480007287115,0.0,0.05452166800387204,0.0,0.0
neu_mbv2_pattern_mining,2026-02-08T11:35:04,3,302,61,1,1.0,0.0013295328244566917,0.0,0.12437305966159329,0.12437305966159329,0.0,0,0,0.0009513839904684573,0.0,0.011485921975690871,0.0,0.0
neu_mbv2_pattern_mining,2026-02-08T11:35:04,3,303,61,2,0.96875,0.1393371969461441,0.0,0.13480858004186302,0.13480858004186302,0.0,0,0,0.0009603509970474988,0.0,0.012520507007138804,0.0,0.0
neu_mbv2_pattern_mining,2026-02-08T11:35:04,3,304,61,3,0.96875,0.04291211813688278,0.0,0.1282784200157039,0.1282784200157039,0.0,0,0,0.0009450069919694215,0.0,0.011882835009600967,0.0,0.0
neu_mbv2_pattern_mining,2026-02-08T11:35:04,3,305,61,4,0.6666666666666666,0.8465983867645264,0.0,0.14637455024058,0.14637455024058,0.0,0,0,0.0008704710053279996,0.0,0.01376698401873,0.0,0.0
neu_mbv2_pattern_mining,2026-02-08T11:35:05,4,301,61,0,1.0,0.0003310194006189704,0.0,0.3223012699163519,0.3223012699163519,0.0,0,0,0.003388086974155158,0.0,0.02884204001748003,0.0,0.0
neu_mbv2_pattern_mining,2026-02-08T11:35:05,4,302,61,1,0.953125,0.45046842098236084,0.0,0.08621293003670871,0.08621293003670871,0.0,0,0,0.000689350999891758,0.0,0.007931942003779113,0.0,0.0
neu_mbv2_pattern_mining,2026-02-08T11:35:05,4,303,61,2,1.0,0.015554475598037243,0.0,0.09303892991738394,0.09303892991738394,0.0,0,0,0.0006916929851286113,0.0,0.008612200006609783,0.0,0.0
neu_mbv2_pattern_mining,2026-02-08T11:35:05,4,304,61,3,0.90625,0.3149817883968353,0.0,0.09468894015299156,0.09468894015299156,0.0,0,0,0.0006703270191792399,0.0,0.008798566996119916,0.0,0.0
neu_mbv2_pattern_mining,2026-02-08T11:35:05,4,305,61,4,0.3333333333333333,1.4912586212158203,0.0,0.12075204984284937,0.12075204984284937,0.0,0,0,0.0007066819816827774,0.0,0.01136852300260216,0.0,0.0
neu_mbv2_pattern_mining,2026-02-08T11:35:06,0,306,62,0,1.0,0.0003545086656231433,0.0,0.41644396987976506,0.41644396987976506,0.0,0,0,0.003791227994952351,0.0,0.037853168993024155,0.0,0.0
neu_mbv2_pattern_mining,2026-02-08T11:35:06,0,307,62,1,0.9375,0.14604422450065613,0.0,0.1109705597627908,0.1109705597627908,0.0,0,0,0.0008193439862225205,0.0,0.01027771199005656,0.0,0.0
neu_mbv2_pattern_mining,2026-02-08T11:35:06,0,308,62,2,0.984375,0.13204866647720337,0.0,0.10299084009602666,0.10299084009602666,0.0,0,0,0.0007266360044013709,0.0,0.009572448005201295,0.0,0.0
neu_mbv2_pattern_mining,2026-02-08T11:35:06,0,309,62,3,0.859375,0.7081140279769897,0.0,0.11945951991947368,0.11945951991947368,0.0,0,0,0.0008878679946064949,0.0,0.011058083997340873,0.0,0.0
neu_mbv2_pattern_mining,2026-02-08T11:35:06,0,310,62,4,0.5,2.9395647048950195,0.0,0.12334069004282355,0.12334069004282355,0.0,0,0,0.0008304299844894558,0.0,0.0115036390197929,0.0,0.0
neu_mbv2_pattern_mining,2026-02-08T11:35:07,1,306,62,0,1.0,0.0002677605953067541,0.0,0.3693651399225928,0.3693651399225928,0.0,0,0,0.003627086989581585,0.0,0.033309427002677694,0.0,0.0
neu_mbv2_pattern_mining,2026-02-08T11:35:07,1,307,62,1,0.921875,0.9444307088851929,0.0,0.10738401993876323,0.10738401993876323,0.0,0,0,0.0008590699872002006,0.0,0.009879332006676123,0.0,0.0
neu_mbv2_pattern_mining,2026-02-08T11:35:07,1,308,62,2,1.0,0.004932017996907234,0.0,0.09804115019505844,0.09804115019505844,0.0,0,0,0.0007095129985827953,0.0,0.009094602020923048,0.0,0.0
neu_mbv2_pattern_mining,2026-02-08T11:35:07,1,309,62,3,0.921875,0.3267490267753601,0.0,0.09863440995104611,0.09863440995104611,0.0,0,0,0.0008047790033742785,0.0,0.009058661991730332,0.0,0.0
neu_mbv2_pattern_mining,2026-02-08T11:35:07,1,310,62,4,0.6666666666666666,0.39092162251472473,0.0,0.11914258968317881,0.11914258968317881,0.0,0,0,0.0006369229813572019,0.0,0.01127733598696068,0.0,0.0
neu_mbv2_pattern_mining,2026-02-08T11:35:08,2,306,62,0,1.0,0.00302756461314857,0.0,0.5940404700231738,0.5940404700231738,0.0,0,0,0.005863373982720077,0.0,0.05354067301959731,0.0,0.0
neu_mbv2_pattern_mining,2026-02-08T11:35:08,2,307,62,1,1.0,0.0009173781145364046,0.0,0.1484100500238128,0.1484100500238128,0.0,0,0,0.0010561810049694031,0.0,0.013784823997411877,0.0,0.0
neu_mbv2_pattern_mining,2026-02-08T11:35:08,2,308,62,2,0.953125,0.2610366642475128,0.0,0.13719595008296892,0.13719595008296892,0.0,0,0,0.0010396770085208118,0.0,0.01267991799977608,0.0,0.0
neu_mbv2_pattern_mining,2026-02-08T11:35:08,2,309,62,3,0.75,1.1796202659606934,0.0,0.11575920012546703,0.11575920012546703,0.0,0,0,0.0008418160141445696,0.0,0.010734103998402134,0.0,0.0
neu_mbv2_pattern_mining,2026-02-08T11:35:08,2,310,62,4,0.3333333333333333,2.9220144748687744,0.0,0.1428370800567791,0.1428370800567791,0.0,0,0,0.000832385994726792,0.0,0.013451322010951117,0.0,0.0
neu_mbv2_pattern_mining,2026-02-08T11:35:08,3,306,62,0,1.0,8.260601134679746e-06,0.0,0.4956050799228251,0.4956050799228251,0.0,0,0,0.005516111996257678,0.0,0.04404439599602483,0.0,0.0
neu_mbv2_pattern_mining,2026-02-08T11:35:08,3,307,62,1,1.0,0.00017851992743089795,0.0,0.13812071993015707,0.13812071993015707,0.0,0,0,0.0009528709924779832,0.0,0.012859201000537723,0.0,0.0
neu_mbv2_pattern_mining,2026-02-08T11:35:09,3,308,62,2,0.953125,0.15909960865974426,0.0,0.12789608997991309,0.12789608997991309,0.0,0,0,0.0008987629844341427,0.0,0.011890846013557166,0.0,0.0
neu_mbv2_pattern_mining,2026-02-08T11:35:09,3,309,62,3,1.0,3.019013092853129e-05,0.0,0.12701325002126396,0.12701325002126396,0.0,0,0,0.0008729230030439794,0.0,0.011828401999082416,0.0,0.0
neu_mbv2_pattern_mining,2026-02-08T11:35:09,3,310,62,4,0.6666666666666666,0.991384744644165,0.0,0.1562419900437817,0.1562419900437817,0.0,0,0,0.0009286639979109168,0.0,0.014695535006467253,0.0,0.0
neu_mbv2_pattern_mining,2026-02-08T11:35:09,4,306,62,0,1.0,0.0013613502960652113,0.0,0.4784263201872818,0.4784263201872818,0.0,0,0,0.005135856015840545,0.0,0.042706776002887636,0.0,0.0
neu_mbv2_pattern_mining,2026-02-08T11:35:09,4,307,62,1,0.96875,0.3150554299354553,0.0,0.12511455017374828,0.12511455017374828,0.0,0,0,0.0008739700133446604,0.0,0.011637485004030168,0.0,0.0
neu_mbv2_pattern_mining,2026-02-08T11:35:09,4,308,62,2,0.984375,0.03427843749523163,0.0,0.12092610966647044,0.12092610966647044,0.0,0,0,0.0008551279897801578,0.0,0.011237482976866886,0.0,0.0
neu_mbv2_pattern_mining,2026-02-08T11:35:09,4,309,62,3,0.796875,1.1780089139938354,0.0,0.12211381981614977,0.12211381981614977,0.0,0,0,0.0009163689974229783,0.0,0.011295012984191999,0.0,0.0
neu_mbv2_pattern_mining,2026-02-08T11:35:09,4,310,62,4,1.0,0.018434671685099602,0.0,0.1706119900336489,0.1706119900336489,0.0,0,0,0.0010473179863765836,0.0,0.016013881016988307,0.0,0.0
neu_mbv2_pattern_mining,2026-02-08T11:35:11,0,311,63,0,1.0,0.0001201895865960978,0.0,0.3033220799989067,0.3033220799989067,0.0,0,0,0.0020115300139877945,0.0,0.028320677985902876,0.0,0.0
neu_mbv2_pattern_mining,2026-02-08T11:35:11,0,312,63,1,1.0,0.00013195899373386055,0.0,0.11770662007620558,0.11770662007620558,0.0,0,0,0.0009983060008380562,0.0,0.010772356006782502,0.0,0.0
neu_mbv2_pattern_mining,2026-02-08T11:35:11,0,313,63,2,0.984375,0.072599396109581,0.0,0.10844682023162022,0.10844682023162022,0.0,0,0,0.0007818739977665246,0.0,0.010062808025395498,0.0,0.0
neu_mbv2_pattern_mining,2026-02-08T11:35:11,0,314,63,3,1.0,0.009007641114294529,0.0,0.10731355985626578,0.10731355985626578,0.0,0,0,0.000776303990278393,0.0,0.009955051995348185,0.0,0.0
neu_mbv2_pattern_mining,2026-02-08T11:35:11,0,315,63,4,0.75,1.4382957220077515,0.0,0.11204634996829554,0.11204634996829554,0.0,0,0,0.0007300080033019185,0.0,0.010474626993527636,0.0,0.0
neu_mbv2_pattern_mining,2026-02-08T11:35:11,1,311,63,0,1.0,0.000679515243973583,0.0,0.5246912897564471,0.5246912897564471,0.0,0,0,0.0055792809871491045,0.0,0.0468898479884956,0.0,0.0
neu_mbv2_pattern_mining,2026-02-08T11:35:11,1,312,63,1,0.875,0.5410594344139099,0.0,0.1264630802324973,0.1264630802324973,0.0,0,0,0.0009249760187231004,0.0,0.01172133200452663,0.0,0.0
neu_mbv2_pattern_mining,2026-02-08T11:35:11,1,313,63,2,1.0,0.005699134431779385,0.0,0.13758377986960113,0.13758377986960113,0.0,0,0,0.0010396130091976374,0.0,0.012718764977762476,0.0,0.0
neu_mbv2_pattern_mining,2026-02-08T11:35:11,1,314,63,3,1.0,0.00383730698376894,0.0,0.12844116979977116,0.12844116979977116,0.0,0,0,0.0010010819823946804,0.0,0.011843034997582436,0.0,0.0
neu_mbv2_pattern_mining,2026-02-08T11:35:11,1,315,63,4,0.6666666666666666,0.7532370090484619,0.0,0.14856133988359943,0.14856133988359943,0.0,0,0,0.000763935997383669,0.0,0.014092197990976274,0.0,0.0
neu_mbv2_pattern_mining,2026-02-08T11:35:12,2,311,63,0,1.0,0.00018714152975007892,0.0,0.35475253011099994,0.35475253011099994,0.0,0,0,0.0038114869967103004,0.0,0.031663766014389694,0.0,0.0
neu_mbv2_pattern_mining,2026-02-08T11:35:12,2,312,63,1,0.921875,0.3755933344364166,0.0,0.118569890037179,0.118569890037179,0.0,0,0,0.0008505629957653582,0.0,0.011006426007952541,0.0,0.0
neu_mbv2_pattern_mining,2026-02-08T11:35:12,2,313,63,2,1.0,0.003398121800273657,0.0,0.12223980040289462,0.12223980040289462,0.0,0,0,0.0008733220165595412,0.0,0.01135065802372992,0.0,0.0
neu_mbv2_pattern_mining,2026-02-08T11:35:12,2,314,63,3,0.890625,0.5341950058937073,0.0,0.11739517009118572,0.11739517009118572,0.0,0,0,0.0008990229980554432,0.0,0.010840494011063129,0.0,0.0
neu_mbv2_pattern_mining,2026-02-08T11:35:12,2,315,63,4,0.6666666666666666,0.8738057613372803,0.0,0.14389635005500168,0.14389635005500168,0.0,0,0,0.0008826669945847243,0.0,0.013506968010915443,0.0,0.0
neu_mbv2_pattern_mining,2026-02-08T11:35:13,3,311,63,0,1.0,0.0009040740551427007,0.0,0.5642446698038839,0.5642446698038839,0.0,0,0,0.006094559998018667,0.0,0.05032990698236972,0.0,0.0
neu_mbv2_pattern_mining,2026-02-08T11:35:13,3,312,63,1,1.0,0.007228176109492779,0.0,0.129832070088014,0.129832070088014,0.0,0,0,0.0009275880001951009,0.0,0.0120556190086063,0.0,0.0
neu_mbv2_pattern_mining,2026-02-08T11:35:13,3,313,63,2,1.0,0.0012561532203108072,0.0,0.13675241003511474,0.13675241003511474,0.0,0,0,0.000950089015532285,0.0,0.012725151987979189,0.0,0.0
neu_mbv2_pattern_mining,2026-02-08T11:35:13,3,314,63,3,0.890625,0.383395254611969,0.0,0.1322036501369439,0.1322036501369439,0.0,0,0,0.0009962200128939003,0.0,0.01222414500080049,0.0,0.0
neu_mbv2_pattern_mining,2026-02-08T11:35:13,3,315,63,4,0.6666666666666666,0.9611002802848816,0.0,0.1296687897411175,0.1296687897411175,0.0,0,0,0.0008904769783839583,0.0,0.012076401995727792,0.0,0.0
neu_mbv2_pattern_mining,2026-02-08T11:35:14,4,311,63,0,1.0,0.0004896168829873204,0.0,0.4415054101264104,0.4415054101264104,0.0,0,0,0.0046487700019497424,0.0,0.0395017710106913,0.0,0.0
neu_mbv2_pattern_mining,2026-02-08T11:35:14,4,312,63,1,1.0,0.00146266701631248,0.0,0.12429068970959634,0.12429068970959634,0.0,0,0,0.0009939739829860628,0.0,0.01143509498797357,0.0,0.0
neu_mbv2_pattern_mining,2026-02-08T11:35:14,4,313,63,2,0.984375,0.029123181477189064,0.0,0.12313453014940023,0.12313453014940023,0.0,0,0,0.0009388519974891096,0.0,0.011374601017450914,0.0,0.0
neu_mbv2_pattern_mining,2026-02-08T11:35:14,4,314,63,3,0.703125,1.018567681312561,0.0,0.1237141399178654,0.1237141399178654,0.0,0,0,0.0009782720007933676,0.0,0.011393141990993172,0.0,0.0
neu_mbv2_pattern_mining,2026-02-08T11:35:14,4,315,63,4,1.0,0.2603447139263153,0.0,0.15293902979465201,0.15293902979465201,0.0,0,0,0.0008103830041363835,0.0,0.014483519975328818,0.0,0.0
neu_mbv2_pattern_mining,2026-02-08T11:35:15,0,316,64,0,1.0,1.975125451281201e-05,0.0,0.4331369500141591,0.4331369500141591,0.0,0,0,0.004257816006429493,0.0,0.039055878994986415,0.0,0.0
neu_mbv2_pattern_mining,2026-02-08T11:35:15,0,317,64,1,1.0,0.0030463512521237135,0.0,0.09877968986984342,0.09877968986984342,0.0,0,0,0.0008562399889342487,0.0,0.009021728998050094,0.0,0.0
neu_mbv2_pattern_mining,2026-02-08T11:35:15,0,318,64,2,1.0,0.0002334073360543698,0.0,0.11569905997021124,0.11569905997021124,0.0,0,0,0.0008307480020448565,0.0,0.010739157994976267,0.0,0.0
neu_mbv2_pattern_mining,2026-02-08T11:35:15,0,319,64,3,1.0,0.0005629484658129513,0.0,0.11521762993652374,0.11521762993652374,0.0,0,0,0.0008141779981087893,0.0,0.010707584995543584,0.0,0.0
neu_mbv2_pattern_mining,2026-02-08T11:35:15,0,320,64,4,0.75,0.6201679706573486,0.0,0.13043635000940412,0.13043635000940412,0.0,0,0,0.000851146993227303,0.0,0.01219248800771311,0.0,0.0
neu_mbv2_pattern_mining,2026-02-08T11:35:16,1,316,64,0,1.0,4.295023700251477e-06,0.0,0.603774840128608,0.603774840128608,0.0,0,0,0.006620247004320845,0.0,0.05375723700853996,0.0,0.0
neu_mbv2_pattern_mining,2026-02-08T11:35:16,1,317,64,1,1.0,9.335075446870178e-06,0.0,0.13900793011998758,0.13900793011998758,0.0,0,0,0.0010064870002679527,0.0,0.012894306011730805,0.0,0.0
neu_mbv2_pattern_mining,2026-02-08T11:35:16,1,318,64,2,1.0,2.9321759939193726e-05,0.0,0.13760622998233885,0.13760622998233885,0.0,0,0,0.0010072040022350848,0.0,0.0127534189959988,0.0,0.0
neu_mbv2_pattern_mining,2026-02-08T11:35:16,1,319,64,3,1.0,0.001002681441605091,0.0,0.14016953005921096,0.14016953005921096,0.0,0,0,0.0009504320041742176,0.0,0.013066521001746878,0.0,0.0
neu_mbv2_pattern_mining,2026-02-08T11:35:16,1,320,64,4,0.3333333333333333,0.5921615362167358,0.0,0.159764300333336,0.159764300333336,0.0,0,0,0.0009014200186356902,0.0,0.01507501001469791,0.0,0.0
neu_mbv2_pattern_mining,2026-02-08T11:35:17,2,316,64,0,1.0,7.927037586341612e-06,0.0,0.6148801499512047,0.6148801499512047,0.0,0,0,0.005955619999440387,0.0,0.05553239499568008,0.0,0.0
neu_mbv2_pattern_mining,2026-02-08T11:35:17,2,317,64,1,1.0,0.00010291530634276569,0.0,0.1460393500747159,0.1460393500747159,0.0,0,0,0.0010318600106984377,0.0,0.013572074996773154,0.0,0.0
neu_mbv2_pattern_mining,2026-02-08T11:35:17,2,318,64,2,1.0,0.0004351130628492683,0.0,0.1321536599425599,0.1321536599425599,0.0,0,0,0.0009325249993707985,0.0,0.012282840994885191,0.0,0.0
neu_mbv2_pattern_mining,2026-02-08T11:35:17,2,319,64,3,1.0,0.001377201173454523,0.0,0.12329674034845084,0.12329674034845084,0.0,0,0,0.0008717590244486928,0.0,0.011457915010396391,0.0,0.0
neu_mbv2_pattern_mining,2026-02-08T11:35:17,2,320,64,4,1.0,0.022323861718177795,0.0,0.14787199994316325,0.14787199994316325,0.0,0,0,0.0008695480064488947,0.0,0.01391765198786743,0.0,0.0
neu_mbv2_pattern_mining,2026-02-08T11:35:17,3,316,64,0,1.0,6.479276635218412e-05,0.0,0.3069523099111393,0.3069523099111393,0.0,0,0,0.0033853019995149225,0.0,0.02730992899159901,0.0,0.0
neu_mbv2_pattern_mining,2026-02-08T11:35:17,3,317,64,1,1.0,0.00015622659702785313,0.0,0.08671498013427481,0.08671498013427481,0.0,0,0,0.0007158780063036829,0.0,0.007955620007123798,0.0,0.0
neu_mbv2_pattern_mining,2026-02-08T11:35:18,3,318,64,2,1.0,0.005470146890729666,0.0,0.09870378009509295,0.09870378009509295,0.0,0,0,0.0007203080167528242,0.0,0.009150069992756471,0.0,0.0
neu_mbv2_pattern_mining,2026-02-08T11:35:18,3,319,64,3,1.0,0.0010067382827401161,0.0,0.10347554023610428,0.10347554023610428,0.0,0,0,0.000734082015696913,0.0,0.009613472007913515,0.0,0.0
neu_mbv2_pattern_mining,2026-02-08T11:35:18,3,320,64,4,1.0,0.037909623235464096,0.0,0.14091626973822713,0.14091626973822713,0.0,0,0,0.0008498299866914749,0.0,0.013241796987131238,0.0,0.0
neu_mbv2_pattern_mining,2026-02-08T11:35:18,4,316,64,0,1.0,3.195996396243572e-05,0.0,0.4586521501187235,0.4586521501187235,0.0,0,0,0.005217914003878832,0.0,0.04064730100799352,0.0,0.0
neu_mbv2_pattern_mining,2026-02-08T11:35:18,4,317,64,1,0.96875,0.12463753670454025,0.0,0.138962619821541,0.138962619821541,0.0,0,0,0.0009096459834836423,0.0,0.012986615998670459,0.0,0.0
neu_mbv2_pattern_mining,2026-02-08T11:35:18,4,318,64,2,1.0,0.000834513281006366,0.0,0.12468411994632334,0.12468411994632334,0.0,0,0,0.0008545790042262524,0.0,0.011613832990406081,0.0,0.0
neu_mbv2_pattern_mining,2026-02-08T11:35:18,4,319,64,3,0.921875,0.4266810715198517,0.0,0.12413114018272609,0.12413114018272609,0.0,0,0,0.0008794070163276047,0.0,0.011533707001945004,0.0,0.0
neu_mbv2_pattern_mining,2026-02-08T11:35:18,4,320,64,4,0.0,4.203914642333984,0.0,0.09600807999959216,0.09600807999959216,0.0,0,0,0.0005788069975096732,0.0,0.009022001002449542,0.0,0.0
neu_mbv2_pattern_mining,2026-02-08T11:35:20,0,321,65,0,1.0,7.574024493806064e-05,0.0,0.4025182797340676,0.4025182797340676,0.0,0,0,0.0025309849879704416,0.0,0.03772084298543632,0.0,0.0
neu_mbv2_pattern_mining,2026-02-08T11:35:20,0,322,65,1,1.0,0.004727679304778576,0.0,0.13850322022335604,0.13850322022335604,0.0,0,0,0.0009864630119409412,0.0,0.012863859010394663,0.0,0.0
neu_mbv2_pattern_mining,2026-02-08T11:35:20,0,323,65,2,0.953125,0.11511711776256561,0.0,0.12034604005748406,0.12034604005748406,0.0,0,0,0.0008425340056419373,0.0,0.011192070000106469,0.0,0.0
neu_mbv2_pattern_mining,2026-02-08T11:35:20,0,324,65,3,0.984375,0.1546335220336914,0.0,0.12654739985009655,0.12654739985009655,0.0,0,0,0.0008877409854903817,0.0,0.011766998999519274,0.0,0.0
neu_mbv2_pattern_mining,2026-02-08T11:35:20,0,325,65,4,0.5,0.47682464122772217,0.0,0.1304191700182855,0.1304191700182855,0.0,0,0,0.0008855439955368638,0.0,0.012156373006291687,0.0,0.0
neu_mbv2_pattern_mining,2026-02-08T11:35:20,1,321,65,0,1.0,1.2661193977692164e-05,0.0,0.4056259902426973,0.4056259902426973,0.0,0,0,0.004646938003133982,0.0,0.03591566102113575,0.0,0.0
neu_mbv2_pattern_mining,2026-02-08T11:35:20,1,322,65,1,0.984375,0.10669457912445068,0.0,0.11700589006068185,0.11700589006068185,0.0,0,0,0.000873901997692883,0.0,0.010826687008375302,0.0,0.0
neu_mbv2_pattern_mining,2026-02-08T11:35:20,1,323,65,2,1.0,0.004367677960544825,0.0,0.11410972045268863,0.11410972045268863,0.0,0,0,0.0008037870284169912,0.0,0.010607185016851872,0.0,0.0
neu_mbv2_pattern_mining,2026-02-08T11:35:20,1,324,65,3,0.953125,0.49219250679016113,0.0,0.11338179028825834,0.11338179028825834,0.0,0,0,0.0008474550268147141,0.0,0.01049072400201112,0.0,0.0
neu_mbv2_pattern_mining,2026-02-08T11:35:20,1,325,65,4,0.3333333333333333,4.070075511932373,0.0,0.14058131026104093,0.14058131026104093,0.0,0,0,0.0008049540047068149,0.0,0.013253177021397278,0.0,0.0
neu_mbv2_pattern_mining,2026-02-08T11:35:21,2,321,65,0,1.0,0.0025580646470189095,0.0,0.3326449799351394,0.3326449799351394,0.0,0,0,0.003628028993261978,0.0,0.029636469000251964,0.0,0.0
neu_mbv2_pattern_mining,2026-02-08T11:35:21,2,322,65,1,0.984375,0.03078964725136757,0.0,0.1216452699736692,0.1216452699736692,0.0,0,0,0.0010001799964811653,0.0,0.011164347000885755,0.0,0.0
neu_mbv2_pattern_mining,2026-02-08T11:35:21,2,323,65,2,0.96875,0.045358896255493164,0.0,0.11459611007012427,0.11459611007012427,0.0,0,0,0.0008299199980683625,0.0,0.010629691008944064,0.0,0.0
neu_mbv2_pattern_mining,2026-02-08T11:35:21,2,324,65,3,1.0,0.03340762481093407,0.0,0.1146116602467373,0.1146116602467373,0.0,0,0,0.0009003480081446469,0.0,0.010560818016529083,0.0,0.0
neu_mbv2_pattern_mining,2026-02-08T11:35:21,2,325,65,4,0.3333333333333333,3.993303060531616,0.0,0.13712089974433184,0.13712089974433184,0.0,0,0,0.0008150569919962436,0.0,0.01289703298243694,0.0,0.0
neu_mbv2_pattern_mining,2026-02-08T11:35:22,3,321,65,0,1.0,5.023342055210378e-06,0.0,0.4955836301087402,0.4955836301087402,0.0,0,0,0.005277010990539566,0.0,0.04428135202033445,0.0,0.0
neu_mbv2_pattern_mining,2026-02-08T11:35:22,3,322,65,1,1.0,0.0024152344558387995,0.0,0.14578889997210354,0.14578889997210354,0.0,0,0,0.0009416709945071489,0.0,0.013637219002703205,0.0,0.0
neu_mbv2_pattern_mining,2026-02-08T11:35:22,3,323,65,2,1.0,0.0001365294010611251,0.0,0.12823803030187264,0.12823803030187264,0.0,0,0,0.000913065014174208,0.0,0.011910738016013056,0.0,0.0
neu_mbv2_pattern_mining,2026-02-08T11:35:22,3,324,65,3,0.875,0.9050798416137695,0.0,0.1279636099934578,0.1279636099934578,0.0,0,0,0.0009035650000441819,0.0,0.011892795999301597,0.0,0.0
neu_mbv2_pattern_mining,2026-02-08T11:35:22,3,325,65,4,0.6666666666666666,2.63558030128479,0.0,0.15196576016023755,0.15196576016023755,0.0,0,0,0.000874542020028457,0.0,0.014322033995995298,0.0,0.0
neu_mbv2_pattern_mining,2026-02-08T11:35:23,4,321,65,0,1.0,0.0005794698372483253,0.0,0.6399709900142625,0.6399709900142625,0.0,0,0,0.0073552620015107095,0.0,0.05664183699991554,0.0,0.0
neu_mbv2_pattern_mining,2026-02-08T11:35:23,4,322,65,1,0.890625,0.6217164993286133,0.0,0.1424150203820318,0.1424150203820318,0.0,0,0,0.000894643017090857,0.0,0.013346859021112323,0.0,0.0
neu_mbv2_pattern_mining,2026-02-08T11:35:23,4,323,65,2,1.0,0.013026900589466095,0.0,0.1486633301828988,0.1486633301828988,0.0,0,0,0.0010390609968453646,0.0,0.013827272021444514,0.0,0.0
neu_mbv2_pattern_mining,2026-02-08T11:35:23,4,324,65,3,0.984375,0.08596060425043106,0.0,0.14942115027224645,0.14942115027224645,0.0,0,0,0.0009157290041912347,0.0,0.01402638602303341,0.0,0.0
neu_mbv2_pattern_mining,2026-02-08T11:35:23,4,325,65,4,0.6666666666666666,0.7759711742401123,0.0,0.18616774992551655,0.18616774992551655,0.0,0,0,0.0009984679927583784,0.0,0.017618306999793276,0.0,0.0
neu_mbv2_pattern_mining,2026-02-08T11:35:24,0,326,66,0,1.0,3.465375993982889e-05,0.0,0.38249358971370384,0.38249358971370384,0.0,0,0,0.00235432997578755,0.0,0.035895028995582834,0.0,0.0
neu_mbv2_pattern_mining,2026-02-08T11:35:24,0,327,66,1,1.0,0.0004100353689864278,0.0,0.1137057101004757,0.1137057101004757,0.0,0,0,0.0008337890030816197,0.0,0.01053678200696595,0.0,0.0
neu_mbv2_pattern_mining,2026-02-08T11:35:24,0,328,66,2,1.0,0.003368136938661337,0.0,0.11314292001770809,0.11314292001770809,0.0,0,0,0.0008062859997153282,0.0,0.010508006002055481,0.0,0.0
neu_mbv2_pattern_mining,2026-02-08T11:35:24,0,329,66,3,1.0,0.0025387117639184,0.0,0.1191885897424072,0.1191885897424072,0.0,0,0,0.0008442219987045974,0.0,0.011074636975536123,0.0,0.0
neu_mbv2_pattern_mining,2026-02-08T11:35:24,0,330,66,4,0.75,1.2380344867706299,0.0,0.12488463020417839,0.12488463020417839,0.0,0,0,0.0008294479921460152,0.0,0.011659015028271824,0.0,0.0
neu_mbv2_pattern_mining,2026-02-08T11:35:25,1,326,66,0,1.0,5.6835902796592563e-05,0.0,0.37428785988595337,0.37428785988595337,0.0,0,0,0.004453431989531964,0.0,0.03297535399906337,0.0,0.0
neu_mbv2_pattern_mining,2026-02-08T11:35:25,1,327,66,1,1.0,1.6438212696812116e-05,0.0,0.1223208598094061,0.1223208598094061,0.0,0,0,0.0009029250068124384,0.0,0.011329160974128172,0.0,0.0
neu_mbv2_pattern_mining,2026-02-08T11:35:25,1,328,66,2,0.921875,0.3638463616371155,0.0,0.10754875984275714,0.10754875984275714,0.0,0,0,0.0007712029910180718,0.0,0.009983672993257642,0.0,0.0
neu_mbv2_pattern_mining,2026-02-08T11:35:25,1,329,66,3,0.984375,0.025296596810221672,0.0,0.11832254007458687,0.11832254007458687,0.0,0,0,0.0009507770009804517,0.0,0.010881477006478235,0.0,0.0
neu_mbv2_pattern_mining,2026-02-08T11:35:25,1,330,66,4,0.6666666666666666,2.4831180572509766,0.0,0.13844989996869117,0.13844989996869117,0.0,0,0,0.0008188619976863265,0.0,0.01302612799918279,0.0,0.0
neu_mbv2_pattern_mining,2026-02-08T11:35:25,2,326,66,0,1.0,2.355211654503364e-05,0.0,0.5848703600349836,0.5848703600349836,0.0,0,0,0.0062685209850315005,0.0,0.05221851501846686,0.0,0.0
neu_mbv2_pattern_mining,2026-02-08T11:35:26,2,327,66,1,0.96875,0.14209303259849548,0.0,0.15413095010444522,0.15413095010444522,0.0,0,0,0.0011420740047469735,0.0,0.014271021005697548,0.0,0.0
neu_mbv2_pattern_mining,2026-02-08T11:35:26,2,328,66,2,1.0,0.001948671299032867,0.0,0.13148008001735434,0.13148008001735434,0.0,0,0,0.000904877990251407,0.0,0.012243130011484027,0.0,0.0
neu_mbv2_pattern_mining,2026-02-08T11:35:26,2,329,66,3,1.0,0.0020635491237044334,0.0,0.12705147004453465,0.12705147004453465,0.0,0,0,0.0009501230088062584,0.0,0.011755023995647207,0.0,0.0
neu_mbv2_pattern_mining,2026-02-08T11:35:26,2,330,66,4,0.6666666666666666,0.9533161520957947,0.0,0.14460531994700432,0.14460531994700432,0.0,0,0,0.000809146004030481,0.0,0.01365138599066995,0.0,0.0
neu_mbv2_pattern_mining,2026-02-08T11:35:26,3,326,66,0,1.0,3.4617998608155176e-05,0.0,0.35366191004868597,0.35366191004868597,0.0,0,0,0.00441721300012432,0.0,0.030948978004744276,0.0,0.0
neu_mbv2_pattern_mining,2026-02-08T11:35:26,3,327,66,1,1.0,1.467122547182953e-05,0.0,0.12395304976962507,0.12395304976962507,0.0,0,0,0.0009881349978968501,0.0,0.011407169979065657,0.0,0.0
neu_mbv2_pattern_mining,2026-02-08T11:35:26,3,328,66,2,1.0,0.009493322111666203,0.0,0.1215766099630855,0.1215766099630855,0.0,0,0,0.0009520280000288039,0.0,0.011205632996279746,0.0,0.0
neu_mbv2_pattern_mining,2026-02-08T11:35:26,3,329,66,3,1.0,0.0011833702446892858,0.0,0.1165851196856238,0.1165851196856238,0.0,0,0,0.0008206679776776582,0.0,0.010837843990884721,0.0,0.0
neu_mbv2_pattern_mining,2026-02-08T11:35:26,3,330,66,4,0.3333333333333333,3.1752243041992188,0.0,0.12817743991035968,0.12817743991035968,0.0,0,0,0.0007162109832279384,0.0,0.01210153300780803,0.0,0.0
neu_mbv2_pattern_mining,2026-02-08T11:35:27,4,326,66,0,1.0,2.056374250969384e-05,0.0,0.5932662103441544,0.5932662103441544,0.0,0,0,0.006512336025480181,0.0,0.05281428500893526,0.0,0.0
neu_mbv2_pattern_mining,2026-02-08T11:35:27,4,327,66,1,1.0,1.4248611478251405e-05,0.0,0.13124379009241238,0.13124379009241238,0.0,0,0,0.0010218890092801303,0.0,0.012102489999961108,0.0,0.0
neu_mbv2_pattern_mining,2026-02-08T11:35:27,4,328,66,2,0.921875,0.38968193531036377,0.0,0.14880670962156728,0.14880670962156728,0.0,0,0,0.001166621979791671,0.0,0.013714048982365057,0.0,0.0
neu_mbv2_pattern_mining,2026-02-08T11:35:27,4,329,66,3,1.0,0.018560299649834633,0.0,0.1281354099046439,0.1281354099046439,0.0,0,0,0.0009250429866369814,0.0,0.011888498003827408,0.0,0.0
neu_mbv2_pattern_mining,2026-02-08T11:35:27,4,330,66,4,0.6666666666666666,1.741368293762207,0.0,0.1323621696792543,0.1323621696792543,0.0,0,0,0.0009903329773806036,0.0,0.012245883990544826,0.0,0.0
neu_mbv2_pattern_mining,2026-02-08T11:35:29,0,331,67,0,1.0,3.77841861336492e-05,0.0,0.29028899007244036,0.29028899007244036,0.0,0,0,0.0018972739926539361,0.0,0.0271316250145901,0.0,0.0
neu_mbv2_pattern_mining,2026-02-08T11:35:29,0,332,67,1,0.90625,0.5747982859611511,0.0,0.11264863976975903,0.11264863976975903,0.0,0,0,0.0008071119955275208,0.0,0.010457751981448382,0.0,0.0
neu_mbv2_pattern_mining,2026-02-08T11:35:29,0,333,67,2,1.0,0.0005095585365779698,0.0,0.11025082989363,0.11025082989363,0.0,0,0,0.0007898199837654829,0.0,0.010235263005597517,0.0,0.0
neu_mbv2_pattern_mining,2026-02-08T11:35:29,0,334,67,3,0.953125,0.137122243642807,0.0,0.11763179994886741,0.11763179994886741,0.0,0,0,0.0008640809974167496,0.0,0.010899098997469991,0.0,0.0
neu_mbv2_pattern_mining,2026-02-08T11:35:29,0,335,67,4,0.5,1.4831664562225342,0.0,0.12543356977403164,0.12543356977403164,0.0,0,0,0.0008261049806606025,0.0,0.011717251996742561,0.0,0.0
neu_mbv2_pattern_mining,2026-02-08T11:35:29,1,331,67,0,1.0,2.2984611860010773e-05,0.0,0.5109487698064186,0.5109487698064186,0.0,0,0,0.0063634329999331385,0.0,0.04473144398070872,0.0,0.0
neu_mbv2_pattern_mining,2026-02-08T11:35:29,1,332,67,1,1.0,0.0005617078277282417,0.0,0.13765777985099703,0.13765777985099703,0.0,0,0,0.0011725509830284864,0.0,0.012593227002071217,0.0,0.0
neu_mbv2_pattern_mining,2026-02-08T11:35:29,1,333,67,2,1.0,0.0020981389097869396,0.0,0.1278211598400958,0.1278211598400958,0.0,0,0,0.0009785339934751391,0.0,0.01180358199053444,0.0,0.0
neu_mbv2_pattern_mining,2026-02-08T11:35:30,1,334,67,3,0.984375,0.02042294666171074,0.0,0.1262683401000686,0.1262683401000686,0.0,0,0,0.0009466650080867112,0.0,0.011680169001920149,0.0,0.0
neu_mbv2_pattern_mining,2026-02-08T11:35:30,1,335,67,4,0.3333333333333333,0.8562066555023193,0.0,0.14166556997224689,0.14166556997224689,0.0,0,0,0.000769653997849673,0.0,0.013396902999375015,0.0,0.0
neu_mbv2_pattern_mining,2026-02-08T11:35:30,2,331,67,0,1.0,2.690181281650439e-05,0.0,0.5993525599478744,0.5993525599478744,0.0,0,0,0.007580634992336854,0.0,0.052354621002450585,0.0,0.0
neu_mbv2_pattern_mining,2026-02-08T11:35:30,2,332,67,1,1.0,1.6115653124870732e-05,0.0,0.12893393024569377,0.12893393024569377,0.0,0,0,0.0010823290213011205,0.0,0.011811064003268257,0.0,0.0
neu_mbv2_pattern_mining,2026-02-08T11:35:30,2,333,67,2,0.953125,0.09018348902463913,0.0,0.13183185015805066,0.13183185015805066,0.0,0,0,0.0009301970130763948,0.0,0.01225298800272867,0.0,0.0
neu_mbv2_pattern_mining,2026-02-08T11:35:30,2,334,67,3,0.90625,0.527437686920166,0.0,0.1332081199507229,0.1332081199507229,0.0,0,0,0.0009628559928387403,0.0,0.01235795600223355,0.0,0.0
neu_mbv2_pattern_mining,2026-02-08T11:35:30,2,335,67,4,0.6666666666666666,1.0525182485580444,0.0,0.164925710123498,0.164925710123498,0.0,0,0,0.0009287510183639824,0.0,0.015563819993985817,0.0,0.0
neu_mbv2_pattern_mining,2026-02-08T11:35:31,3,331,67,0,1.0,3.666415068437345e-05,0.0,0.6400973198469728,0.6400973198469728,0.0,0,0,0.007811380986822769,0.0,0.05619835099787451,0.0,0.0
neu_mbv2_pattern_mining,2026-02-08T11:35:31,3,332,67,1,0.953125,0.1584126204252243,0.0,0.14838703005807474,0.14838703005807474,0.0,0,0,0.0011086140002589673,0.0,0.013730089005548507,0.0,0.0
neu_mbv2_pattern_mining,2026-02-08T11:35:31,3,333,67,2,0.921875,0.08675272762775421,0.0,0.12825934012653306,0.12825934012653306,0.0,0,0,0.0009314019989687949,0.0,0.011894532013684511,0.0,0.0
neu_mbv2_pattern_mining,2026-02-08T11:35:31,3,334,67,3,0.984375,0.0168631412088871,0.0,0.11712694016750902,0.11712694016750902,0.0,0,0,0.000830936012789607,0.0,0.010881758003961295,0.0,0.0
neu_mbv2_pattern_mining,2026-02-08T11:35:31,3,335,67,4,1.0,0.16243354976177216,0.0,0.15010894974693656,0.15010894974693656,0.0,0,0,0.0008294459839817137,0.0,0.014181448990711942,0.0,0.0
neu_mbv2_pattern_mining,2026-02-08T11:35:32,4,331,67,0,1.0,6.864214083179832e-05,0.0,0.5759588399087079,0.5759588399087079,0.0,0,0,0.006480133975856006,0.0,0.05111575001501478,0.0,0.0
neu_mbv2_pattern_mining,2026-02-08T11:35:32,4,332,67,1,1.0,0.0008988690096884966,0.0,0.13301472004968673,0.13301472004968673,0.0,0,0,0.0009321680117864162,0.0,0.012369303993182257,0.0,0.0
neu_mbv2_pattern_mining,2026-02-08T11:35:32,4,333,67,2,0.984375,0.04552001878619194,0.0,0.14873096981318668,0.14873096981318668,0.0,0,0,0.0010449479741510004,0.0,0.013828149007167667,0.0,0.0
neu_mbv2_pattern_mining,2026-02-08T11:35:32,4,334,67,3,0.984375,0.09152501076459885,0.0,0.1316739700268954,0.1316739700268954,0.0,0,0,0.0009094440029002726,0.0,0.012257952999789268,0.0,0.0
neu_mbv2_pattern_mining,2026-02-08T11:35:32,4,335,67,4,0.3333333333333333,3.4966230392456055,0.0,0.09999019996030256,0.09999019996030256,0.0,0,0,0.0005672069964930415,0.0,0.009431812999537215,0.0,0.0
neu_mbv2_pattern_mining,2026-02-08T11:35:33,0,336,68,0,1.0,0.001719674444757402,0.0,0.41116158972727135,0.41116158972727135,0.0,0,0,0.003181480977218598,0.0,0.03793467799550854,0.0,0.0
neu_mbv2_pattern_mining,2026-02-08T11:35:34,0,337,68,1,0.828125,1.374868631362915,0.0,0.11247179005295038,0.11247179005295038,0.0,0,0,0.0008452449983451515,0.0,0.010401934006949887,0.0,0.0
neu_mbv2_pattern_mining,2026-02-08T11:35:34,0,338,68,2,1.0,0.0046148961409926414,0.0,0.10493365989532322,0.10493365989532322,0.0,0,0,0.0007716369873378426,0.0,0.009721729002194479,0.0,0.0
neu_mbv2_pattern_mining,2026-02-08T11:35:34,0,339,68,3,0.96875,0.06110765039920807,0.0,0.10435009986395016,0.10435009986395016,0.0,0,0,0.000746412988519296,0.0,0.00968859699787572,0.0,0.0
neu_mbv2_pattern_mining,2026-02-08T11:35:34,0,340,68,4,0.75,1.7447879314422607,0.0,0.10272911982610822,0.10272911982610822,0.0,0,0,0.0007153459882829338,0.0,0.009557565994327888,0.0,0.0
neu_mbv2_pattern_mining,2026-02-08T11:35:34,1,336,68,0,1.0,0.0001889653503894806,0.0,0.4619872398325242,0.4619872398325242,0.0,0,0,0.005653102998621762,0.0,0.04054562098463066,0.0,0.0
neu_mbv2_pattern_mining,2026-02-08T11:35:34,1,337,68,1,1.0,0.00032685563201084733,0.0,0.12730164016829804,0.12730164016829804,0.0,0,0,0.0009838100231718272,0.0,0.011746353993657976,0.0,0.0
neu_mbv2_pattern_mining,2026-02-08T11:35:34,1,338,68,2,1.0,0.000515275401994586,0.0,0.1373325102031231,0.1373325102031231,0.0,0,0,0.0010205590224359185,0.0,0.01271269199787639,0.0,0.0
neu_mbv2_pattern_mining,2026-02-08T11:35:34,1,339,68,3,0.984375,0.03503578156232834,0.0,0.12365937000140548,0.12365937000140548,0.0,0,0,0.0008903639973141253,0.0,0.011475573002826422,0.0,0.0
neu_mbv2_pattern_mining,2026-02-08T11:35:34,1,340,68,4,0.3333333333333333,6.233064651489258,0.0,0.1564374301233329,0.1564374301233329,0.0,0,0,0.0008810840081423521,0.0,0.014762659004190937,0.0,0.0
neu_mbv2_pattern_mining,2026-02-08T11:35:35,2,336,68,0,1.0,1.76966714207083e-05,0.0,0.4346950797480531,0.4346950797480531,0.0,0,0,0.004996639996534213,0.0,0.0384728679782711,0.0,0.0
neu_mbv2_pattern_mining,2026-02-08T11:35:35,2,337,68,1,0.984375,0.025449661538004875,0.0,0.11331416986649856,0.11331416986649856,0.0,0,0,0.0008641809981781989,0.0,0.010467235988471657,0.0,0.0
neu_mbv2_pattern_mining,2026-02-08T11:35:35,2,338,68,2,1.0,0.0004812093102373183,0.0,0.1243707598769106,0.1243707598769106,0.0,0,0,0.0008811969892121851,0.0,0.011555878998478875,0.0,0.0
neu_mbv2_pattern_mining,2026-02-08T11:35:35,2,339,68,3,0.90625,0.3270714282989502,0.0,0.1317532901884988,0.1317532901884988,0.0,0,0,0.0008050829928833991,0.0,0.01237024602596648,0.0,0.0
neu_mbv2_pattern_mining,2026-02-08T11:35:36,2,340,68,4,0.6666666666666666,0.5204019546508789,0.0,0.15382454002974555,0.15382454002974555,0.0,0,0,0.0008915340004023165,0.0,0.014490920002572238,0.0,0.0
neu_mbv2_pattern_mining,2026-02-08T11:35:36,3,336,68,0,1.0,9.054925612872466e-05,0.0,0.4733568799565546,0.4733568799565546,0.0,0,0,0.005354174005333334,0.0,0.04198151399032213,0.0,0.0
neu_mbv2_pattern_mining,2026-02-08T11:35:36,3,337,68,1,1.0,0.0008717433083802462,0.0,0.1173431397182867,0.1173431397182867,0.0,0,0,0.0008262429910246283,0.0,0.010908070980804041,0.0,0.0
neu_mbv2_pattern_mining,2026-02-08T11:35:36,3,338,68,2,1.0,0.014158419333398342,0.0,0.13158622983610258,0.13158622983610258,0.0,0,0,0.0009246019762940705,0.0,0.012234021007316187,0.0,0.0
neu_mbv2_pattern_mining,2026-02-08T11:35:36,3,339,68,3,1.0,0.008814508095383644,0.0,0.13570095994509757,0.13570095994509757,0.0,0,0,0.0010503550001885742,0.0,0.012519740994321182,0.0,0.0
neu_mbv2_pattern_mining,2026-02-08T11:35:36,3,340,68,4,1.0,0.3363826274871826,0.0,0.15603451029164717,0.15603451029164717,0.0,0,0,0.0009425250173080713,0.0,0.014660926011856645,0.0,0.0
neu_mbv2_pattern_mining,2026-02-08T11:35:37,4,336,68,0,1.0,0.00011395900219213217,0.0,0.31484808976529166,0.31484808976529166,0.0,0,0,0.003407639975193888,0.0,0.028077169001335278,0.0,0.0
neu_mbv2_pattern_mining,2026-02-08T11:35:37,4,337,68,1,1.0,0.010807537473738194,0.0,0.10615608975058421,0.10615608975058421,0.0,0,0,0.0007701079885009676,0.0,0.009845500986557454,0.0,0.0
neu_mbv2_pattern_mining,2026-02-08T11:35:37,4,338,68,2,1.0,0.0015332563780248165,0.0,0.10412759002065286,0.10412759002065286,0.0,0,0,0.0007286350009962916,0.0,0.009684124001068994,0.0,0.0
neu_mbv2_pattern_mining,2026-02-08T11:35:37,4,339,68,3,0.90625,0.4279231131076813,0.0,0.10366327973315492,0.10366327973315492,0.0,0,0,0.0007135929772630334,0.0,0.009652734996052459,0.0,0.0
neu_mbv2_pattern_mining,2026-02-08T11:35:37,4,340,68,4,1.0,0.01231465395539999,0.0,0.13482062990078703,0.13482062990078703,0.0,0,0,0.0007656159868929535,0.0,0.012716447003185749,0.0,0.0
neu_mbv2_pattern_mining,2026-02-08T11:35:38,0,341,69,0,1.0,0.0038963533006608486,0.0,0.4073420201893896,0.4073420201893896,0.0,0,0,0.002469044004101306,0.0,0.03826515801483765,0.0,0.0
neu_mbv2_pattern_mining,2026-02-08T11:35:38,0,342,69,1,0.96875,0.06482622027397156,0.0,0.1240610599052161,0.1240610599052161,0.0,0,0,0.0008978599798865616,0.0,0.011508246010635048,0.0,0.0
neu_mbv2_pattern_mining,2026-02-08T11:35:38,0,343,69,2,1.0,0.004105319269001484,0.0,0.13978975999634713,0.13978975999634713,0.0,0,0,0.0011541029962245375,0.0,0.012824873003410175,0.0,0.0
neu_mbv2_pattern_mining,2026-02-08T11:35:38,0,344,69,3,1.0,0.0017949570901691914,0.0,0.12196769006550312,0.12196769006550312,0.0,0,0,0.0008664100023452193,0.0,0.011330359004205093,0.0,0.0
neu_mbv2_pattern_mining,2026-02-08T11:35:38,0,345,69,4,0.75,1.596921443939209,0.0,0.14699717983603477,0.14699717983603477,0.0,0,0,0.001110982004320249,0.0,0.013588735979283229,0.0,0.0
neu_mbv2_pattern_mining,2026-02-08T11:35:39,1,341,69,0,1.0,4.67225763713941e-05,0.0,0.5165805801516399,0.5165805801516399,0.0,0,0,0.005676530010532588,0.0,0.0459815280046314,0.0,0.0
neu_mbv2_pattern_mining,2026-02-08T11:35:39,1,342,69,1,1.0,0.0022107206750661135,0.0,0.12482265039579943,0.12482265039579943,0.0,0,0,0.0009266580163966864,0.0,0.011555607023183256,0.0,0.0
neu_mbv2_pattern_mining,2026-02-08T11:35:39,1,343,69,2,0.984375,0.04619517922401428,0.0,0.13826259964844212,0.13826259964844212,0.0,0,0,0.0009872139780782163,0.0,0.012839045986765996,0.0,0.0
neu_mbv2_pattern_mining,2026-02-08T11:35:39,1,344,69,3,1.0,0.014574652537703514,0.0,0.12223138997796923,0.12223138997796923,0.0,0,0,0.0008507360180374235,0.0,0.0113724029797595,0.0,0.0
neu_mbv2_pattern_mining,2026-02-08T11:35:39,1,345,69,4,0.0,6.000599384307861,0.0,0.14625082985730842,0.14625082985730842,0.0,0,0,0.0008628919895272702,0.0,0.013762190996203572,0.0,0.0
neu_mbv2_pattern_mining,2026-02-08T11:35:40,2,341,69,0,1.0,6.373894393618684e-06,0.0,0.47637078998377547,0.47637078998377547,0.0,0,0,0.005067592981504276,0.0,0.04256948601687327,0.0,0.0
neu_mbv2_pattern_mining,2026-02-08T11:35:40,2,342,69,1,1.0,0.00028672226471826434,0.0,0.12455869989935309,0.12455869989935309,0.0,0,0,0.0008998959965538234,0.0,0.011555973993381485,0.0,0.0
neu_mbv2_pattern_mining,2026-02-08T11:35:40,2,343,69,2,0.984375,0.02062242478132248,0.0,0.12251933017978445,0.12251933017978445,0.0,0,0,0.0008643030014354736,0.0,0.011387630016542971,0.0,0.0
neu_mbv2_pattern_mining,2026-02-08T11:35:40,2,344,69,3,0.765625,0.5004459619522095,0.0,0.12206212995806709,0.12206212995806709,0.0,0,0,0.0008281379996333271,0.0,0.011378074996173382,0.0,0.0
neu_mbv2_pattern_mining,2026-02-08T11:35:40,2,345,69,4,0.6666666666666666,1.1644436120986938,0.0,0.15411931002745405,0.15411931002745405,0.0,0,0,0.0008629490039311349,0.0,0.01454898199881427,0.0,0.0
neu_mbv2_pattern_mining,2026-02-08T11:35:41,3,341,69,0,1.0,2.594646730358363e-06,0.0,0.5352161597693339,0.5352161597693339,0.0,0,0,0.005772020987933502,0.0,0.04774959498899989,0.0,0.0
neu_mbv2_pattern_mining,2026-02-08T11:35:41,3,342,69,1,1.0,5.028217856306583e-05,0.0,0.12492578971432522,0.12492578971432522,0.0,0,0,0.0008958139806054533,0.0,0.011596764990827069,0.0,0.0
neu_mbv2_pattern_mining,2026-02-08T11:35:41,3,343,69,2,1.0,2.5135192117886618e-05,0.0,0.13182099966797978,0.13182099966797978,0.0,0,0,0.0009295159834437072,0.0,0.01225258398335427,0.0,0.0
neu_mbv2_pattern_mining,2026-02-08T11:35:41,3,344,69,3,0.984375,0.018953515216708183,0.0,0.12335910985711962,0.12335910985711962,0.0,0,0,0.0008558089903090149,0.0,0.011480101995402947,0.0,0.0
neu_mbv2_pattern_mining,2026-02-08T11:35:41,3,345,69,4,0.6666666666666666,2.8397397994995117,0.0,0.14675571030238643,0.14675571030238643,0.0,0,0,0.0008547800243832171,0.0,0.013820791005855426,0.0,0.0
neu_mbv2_pattern_mining,2026-02-08T11:35:41,4,341,69,0,1.0,3.902173921233043e-05,0.0,0.35316117020556703,0.35316117020556703,0.0,0,0,0.004361446015536785,0.0,0.030954671005019918,0.0,0.0
neu_mbv2_pattern_mining,2026-02-08T11:35:41,4,342,69,1,1.0,9.561509796185419e-05,0.0,0.12142980005592108,0.12142980005592108,0.0,0,0,0.0008822270028758794,0.0,0.011260753002716228,0.0,0.0
neu_mbv2_pattern_mining,2026-02-08T11:35:42,4,343,69,2,0.984375,0.05448360741138458,0.0,0.10938276012893766,0.10938276012893766,0.0,0,0,0.0007734179962426424,0.0,0.010164858016651124,0.0,0.0
neu_mbv2_pattern_mining,2026-02-08T11:35:42,4,344,69,3,0.984375,0.026547448709607124,0.0,0.11667373008094728,0.11667373008094728,0.0,0,0,0.0008151259971782565,0.0,0.010852247010916471,0.0,0.0
neu_mbv2_pattern_mining,2026-02-08T11:35:42,4,345,69,4,1.0,0.3050655126571655,0.0,0.137090609932784,0.137090609932784,0.0,0,0,0.0007924200035631657,0.0,0.012916640989715233,0.0,0.0
neu_mbv2_pattern_mining,2026-02-08T11:35:43,0,346,70,0,1.0,1.9916198652936146e-05,0.0,0.4411552200326696,0.4411552200326696,0.0,0,0,0.0029859579808544368,0.0,0.041129564022412524,0.0,0.0
neu_mbv2_pattern_mining,2026-02-08T11:35:43,0,347,70,1,1.0,0.0021830489858984947,0.0,0.1551534401369281,0.1551534401369281,0.0,0,0,0.0012934850237797946,0.0,0.014221858989913017,0.0,0.0
neu_mbv2_pattern_mining,2026-02-08T11:35:43,0,348,70,2,0.984375,0.0643099918961525,0.0,0.1303889200789854,0.1303889200789854,0.0,0,0,0.0009331949986517429,0.0,0.012105697009246796,0.0,0.0
neu_mbv2_pattern_mining,2026-02-08T11:35:43,0,349,70,3,0.828125,0.7433037757873535,0.0,0.13019988022278994,0.13019988022278994,0.0,0,0,0.000918108009500429,0.0,0.012101880012778565,0.0,0.0
neu_mbv2_pattern_mining,2026-02-08T11:35:43,0,350,70,4,0.5,1.8217812776565552,0.0,0.13184105016989633,0.13184105016989633,0.0,0,0,0.0009054200199898332,0.0,0.0122786849969998,0.0,0.0
neu_mbv2_pattern_mining,2026-02-08T11:35:44,1,346,70,0,1.0,4.270771751180291e-05,0.0,0.31557269976474345,0.31557269976474345,0.0,0,0,0.003665237978566438,0.0,0.027892031997907907,0.0,0.0
neu_mbv2_pattern_mining,2026-02-08T11:35:44,1,347,70,1,1.0,0.0006114797433838248,0.0,0.10754972987342626,0.10754972987342626,0.0,0,0,0.0008754910086281598,0.0,0.009879481978714466,0.0,0.0
neu_mbv2_pattern_mining,2026-02-08T11:35:44,1,348,70,2,0.984375,0.1151752844452858,0.0,0.1012494700262323,0.1012494700262323,0.0,0,0,0.0007385750068351626,0.0,0.009386371995788068,0.0,0.0
neu_mbv2_pattern_mining,2026-02-08T11:35:44,1,349,70,3,1.0,0.007646959740668535,0.0,0.1053466199664399,0.1053466199664399,0.0,0,0,0.0007776080165058374,0.0,0.009757053980138153,0.0,0.0
neu_mbv2_pattern_mining,2026-02-08T11:35:44,1,350,70,4,0.3333333333333333,2.2622692584991455,0.0,0.137798729701899,0.137798729701899,0.0,0,0,0.0009090979874599725,0.0,0.012870774982729927,0.0,0.0
neu_mbv2_pattern_mining,2026-02-08T11:35:44,2,346,70,0,1.0,4.5947457692818716e-05,0.0,0.31047433003550395,0.31047433003550395,0.0,0,0,0.00332682000589557,0.0,0.027720612997654825,0.0,0.0
neu_mbv2_pattern_mining,2026-02-08T11:35:44,2,347,70,1,1.0,0.0031698783859610558,0.0,0.09099009999772534,0.09099009999772534,0.0,0,0,0.0007757919956929982,0.0,0.008323218004079536,0.0,0.0
neu_mbv2_pattern_mining,2026-02-08T11:35:44,2,348,70,2,1.0,0.002445233752951026,0.0,0.09392565989401191,0.09392565989401191,0.0,0,0,0.0007216949888970703,0.0,0.008670871000504121,0.0,0.0
neu_mbv2_pattern_mining,2026-02-08T11:35:44,2,349,70,3,1.0,0.020393267273902893,0.0,0.09611506015062332,0.09611506015062332,0.0,0,0,0.0007577750075142831,0.0,0.008853731007548049,0.0,0.0
neu_mbv2_pattern_mining,2026-02-08T11:35:44,2,350,70,4,0.3333333333333333,1.665153980255127,0.0,0.1256887402269058,0.1256887402269058,0.0,0,0,0.0007543020183220506,0.0,0.011814572004368529,0.0,0.0
neu_mbv2_pattern_mining,2026-02-08T11:35:45,3,346,70,0,1.0,3.062169525946956e-06,0.0,0.35066628974163905,0.35066628974163905,0.0,0,0,0.004754911991767585,0.0,0.03031171698239632,0.0,0.0
neu_mbv2_pattern_mining,2026-02-08T11:35:45,3,347,70,1,1.0,4.084721240360523e-06,0.0,0.09986666031181812,0.09986666031181812,0.0,0,0,0.0007128410215955228,0.0,0.00927382500958629,0.0,0.0
neu_mbv2_pattern_mining,2026-02-08T11:35:45,3,348,70,2,1.0,0.00012996404257137328,0.0,0.10733606992289424,0.10733606992289424,0.0,0,0,0.0007313989917747676,0.0,0.010002208000514656,0.0,0.0
neu_mbv2_pattern_mining,2026-02-08T11:35:45,3,349,70,3,1.0,0.001603050041012466,0.0,0.12105681991670281,0.12105681991670281,0.0,0,0,0.0009160649788100272,0.0,0.011189617012860253,0.0,0.0
neu_mbv2_pattern_mining,2026-02-08T11:35:45,3,350,70,4,0.6666666666666666,2.1708881855010986,0.0,0.12788035004632547,0.12788035004632547,0.0,0,0,0.000739689014153555,0.0,0.012048345990478992,0.0,0.0
neu_mbv2_pattern_mining,2026-02-08T11:35:46,4,346,70,0,1.0,1.823875936679542e-05,0.0,0.44694298005197197,0.44694298005197197,0.0,0,0,0.005198061000555754,0.0,0.039496237004641443,0.0,0.0
neu_mbv2_pattern_mining,2026-02-08T11:35:46,4,347,70,1,1.0,3.401564754312858e-05,0.0,0.11688841972500086,0.11688841972500086,0.0,0,0,0.0008229449740611017,0.0,0.010865896998438984,0.0,0.0
neu_mbv2_pattern_mining,2026-02-08T11:35:46,4,348,70,2,1.0,0.004148603416979313,0.0,0.1151267800014466,0.1151267800014466,0.0,0,0,0.0008088989998213947,0.0,0.010703779000323266,0.0,0.0
neu_mbv2_pattern_mining,2026-02-08T11:35:46,4,349,70,3,0.96875,0.1380847692489624,0.0,0.11500642023747787,0.11500642023747787,0.0,0,0,0.000787741009844467,0.0,0.01071290101390332,0.0,0.0
neu_mbv2_pattern_mining,2026-02-08T11:35:46,4,350,70,4,1.0,0.05879459157586098,0.0,0.13710177008761093,0.13710177008761093,0.0,0,0,0.000800139008788392,0.0,0.012910037999972701,0.0,0.0
neu_mbv2_pattern_mining,2026-02-08T11:35:47,0,351,71,0,1.0,3.298491719760932e-05,0.0,0.5887706598150544,0.5887706598150544,0.0,0,0,0.0033229079854208976,0.0,0.05555415799608454,0.0,0.0
neu_mbv2_pattern_mining,2026-02-08T11:35:47,0,352,71,1,1.0,9.675111505202949e-05,0.0,0.14321500988444313,0.14321500988444313,0.0,0,0,0.0010513519810047,0.0,0.013270149007439613,0.0,0.0
neu_mbv2_pattern_mining,2026-02-08T11:35:47,0,353,71,2,1.0,0.000296970916679129,0.0,0.15896122000413015,0.15896122000413015,0.0,0,0,0.001143647008575499,0.0,0.014752474991837516,0.0,0.0
neu_mbv2_pattern_mining,2026-02-08T11:35:47,0,354,71,3,1.0,0.0012092888355255127,0.0,0.1469653900130652,0.1469653900130652,0.0,0,0,0.0011378319759387523,0.0,0.013558707025367767,0.0,0.0
neu_mbv2_pattern_mining,2026-02-08T11:35:47,0,355,71,4,0.75,1.614885926246643,0.0,0.13673262001248077,0.13673262001248077,0.0,0,0,0.0009140030015259981,0.0,0.012759258999722078,0.0,0.0
neu_mbv2_pattern_mining,2026-02-08T11:35:48,1,351,71,0,1.0,0.0002066307351924479,0.0,0.4930828799842857,0.4930828799842857,0.0,0,0,0.005576436000410467,0.0,0.0437318519980181,0.0,0.0
neu_mbv2_pattern_mining,2026-02-08T11:35:48,1,352,71,1,0.984375,0.13255302608013153,0.0,0.11756005987990648,0.11756005987990648,0.0,0,0,0.0008527979953214526,0.0,0.010903207992669195,0.0,0.0
neu_mbv2_pattern_mining,2026-02-08T11:35:48,1,353,71,2,0.96875,0.1489180326461792,0.0,0.1298038099776022,0.1298038099776022,0.0,0,0,0.0009185390081256628,0.0,0.012061841989634559,0.0,0.0
neu_mbv2_pattern_mining,2026-02-08T11:35:48,1,354,71,3,1.0,0.024484863504767418,0.0,0.12916638021124527,0.12916638021124527,0.0,0,0,0.0008988740155473351,0.0,0.012017764005577192,0.0,0.0
neu_mbv2_pattern_mining,2026-02-08T11:35:48,1,355,71,4,0.6666666666666666,1.7444500923156738,0.0,0.15010051982244477,0.15010051982244477,0.0,0,0,0.0008444309933111072,0.0,0.01416562098893337,0.0,0.0
neu_mbv2_pattern_mining,2026-02-08T11:35:49,2,351,71,0,1.0,5.757342023571255e-06,0.0,0.5698691101861186,0.5698691101861186,0.0,0,0,0.006185741018271074,0.0,0.05080117000034079,0.0,0.0
neu_mbv2_pattern_mining,2026-02-08T11:35:49,2,352,71,1,1.0,0.0006559825269505382,0.0,0.13305661035701632,0.13305661035701632,0.0,0,0,0.0009397960093338042,0.0,0.012365865026367828,0.0,0.0
neu_mbv2_pattern_mining,2026-02-08T11:35:49,2,353,71,2,0.984375,0.14687857031822205,0.0,0.13074567017611116,0.13074567017611116,0.0,0,0,0.0009153520222753286,0.0,0.012159214995335788,0.0,0.0
neu_mbv2_pattern_mining,2026-02-08T11:35:49,2,354,71,3,0.9375,0.4646884799003601,0.0,0.14482042024610564,0.14482042024610564,0.0,0,0,0.0009165900119114667,0.0,0.013565452012699097,0.0,0.0
neu_mbv2_pattern_mining,2026-02-08T11:35:49,2,355,71,4,0.6666666666666666,0.7066056132316589,0.0,0.16129512980114669,0.16129512980114669,0.0,0,0,0.0009210679854732007,0.0,0.015208444994641468,0.0,0.0
neu_mbv2_pattern_mining,2026-02-08T11:35:50,3,351,71,0,1.0,0.0002137484261766076,0.0,0.4759735497646034,0.4759735497646034,0.0,0,0,0.003995078994194046,0.0,0.04360227598226629,0.0,0.0
neu_mbv2_pattern_mining,2026-02-08T11:35:50,3,352,71,1,1.0,0.0006015441613271832,0.0,0.119448879850097,0.119448879850097,0.0,0,0,0.0009018729906529188,0.0,0.011043014994356781,0.0,0.0
neu_mbv2_pattern_mining,2026-02-08T11:35:50,3,353,71,2,0.953125,0.16394786536693573,0.0,0.10690027032978833,0.10690027032978833,0.0,0,0,0.0007701330177951604,0.0,0.009919894015183672,0.0,0.0
neu_mbv2_pattern_mining,2026-02-08T11:35:50,3,354,71,3,1.0,0.0075564393773674965,0.0,0.09854937990894541,0.09854937990894541,0.0,0,0,0.0007531229930464178,0.0,0.009101814997848123,0.0,0.0
neu_mbv2_pattern_mining,2026-02-08T11:35:50,3,355,71,4,1.0,0.07299213111400604,0.0,0.11979706992860883,0.11979706992860883,0.0,0,0,0.0007353349938057363,0.0,0.011244371999055147,0.0,0.0
neu_mbv2_pattern_mining,2026-02-08T11:35:50,4,351,71,0,1.0,0.00011623775935731828,0.0,0.6065330197452568,0.6065330197452568,0.0,0,0,0.007789834984578192,0.0,0.05286346698994748,0.0,0.0
neu_mbv2_pattern_mining,2026-02-08T11:35:50,4,352,71,1,1.0,0.008410047739744186,0.0,0.13428419013507664,0.13428419013507664,0.0,0,0,0.0010143360123038292,0.0,0.012414083001203835,0.0,0.0
neu_mbv2_pattern_mining,2026-02-08T11:35:50,4,353,71,2,0.9375,0.6528720855712891,0.0,0.1391047501238063,0.1391047501238063,0.0,0,0,0.0009509680094197392,0.0,0.01295950700296089,0.0,0.0
neu_mbv2_pattern_mining,2026-02-08T11:35:50,4,354,71,3,0.921875,0.23005828261375427,0.0,0.1313621801091358,0.1313621801091358,0.0,0,0,0.0009339940152131021,0.0,0.012202223995700479,0.0,0.0
neu_mbv2_pattern_mining,2026-02-08T11:35:50,4,355,71,4,0.6666666666666666,1.8952630758285522,0.0,0.14974429010180756,0.14974429010180756,0.0,0,0,0.0008985390013549477,0.0,0.014075890008825809,0.0,0.0
neu_mbv2_pattern_mining,2026-02-08T11:35:52,0,356,72,0,1.0,0.0012158933095633984,0.0,0.41832330025499687,0.41832330025499687,0.0,0,0,0.002487855002982542,0.0,0.039344475022517145,0.0,0.0
neu_mbv2_pattern_mining,2026-02-08T11:35:52,0,357,72,1,0.921875,0.18560853600502014,0.0,0.1178706597420387,0.1178706597420387,0.0,0,0,0.0008334599842783064,0.0,0.010953605989925563,0.0,0.0
neu_mbv2_pattern_mining,2026-02-08T11:35:52,0,358,72,2,0.96875,0.07469113916158676,0.0,0.11624498991295695,0.11624498991295695,0.0,0,0,0.0008256259898189455,0.0,0.01079887300147675,0.0,0.0
neu_mbv2_pattern_mining,2026-02-08T11:35:52,0,359,72,3,1.0,0.010221991688013077,0.0,0.11450371006503701,0.11450371006503701,0.0,0,0,0.0007931209984235466,0.0,0.010657250008080155,0.0,0.0
neu_mbv2_pattern_mining,2026-02-08T11:35:52,0,360,72,4,0.75,0.20205722749233246,0.0,0.11677982984110713,0.11677982984110713,0.0,0,0,0.000797524000518024,0.0,0.010880458983592689,0.0,0.0
neu_mbv2_pattern_mining,2026-02-08T11:35:52,1,356,72,0,1.0,1.2254035937075969e-05,0.0,0.46874538995325565,0.46874538995325565,0.0,0,0,0.005768195987911895,0.0,0.04110634300741367,0.0,0.0
neu_mbv2_pattern_mining,2026-02-08T11:35:52,1,357,72,1,1.0,0.0005489761824719608,0.0,0.11852535011712462,0.11852535011712462,0.0,0,0,0.0008648929942864925,0.0,0.01098764201742597,0.0,0.0
neu_mbv2_pattern_mining,2026-02-08T11:35:52,1,358,72,2,1.0,0.00023394273011945188,0.0,0.13149793987395242,0.13149793987395242,0.0,0,0,0.0009404559968970716,0.0,0.01220933799049817,0.0,0.0
neu_mbv2_pattern_mining,2026-02-08T11:35:53,1,359,72,3,0.96875,0.13382884860038757,0.0,0.13231624994659796,0.13231624994659796,0.0,0,0,0.000922437000554055,0.0,0.012309187994105741,0.0,0.0
neu_mbv2_pattern_mining,2026-02-08T11:35:53,1,360,72,4,0.3333333333333333,2.6556012630462646,0.0,0.1512794301379472,0.1512794301379472,0.0,0,0,0.0008506680023856461,0.0,0.014277275011409074,0.0,0.0
neu_mbv2_pattern_mining,2026-02-08T11:35:53,2,356,72,0,1.0,5.52887431695126e-05,0.0,0.3837501199450344,0.3837501199450344,0.0,0,0,0.004588927986333147,0.0,0.03378608400817029,0.0,0.0
neu_mbv2_pattern_mining,2026-02-08T11:35:53,2,357,72,1,0.953125,0.06979936361312866,0.0,0.11163460003444925,0.11163460003444925,0.0,0,0,0.0007911580032669008,0.0,0.010372302000178024,0.0,0.0
neu_mbv2_pattern_mining,2026-02-08T11:35:53,2,358,72,2,0.984375,0.027982013300061226,0.0,0.10980607010424137,0.10980607010424137,0.0,0,0,0.000799995003035292,0.0,0.010180612007388845,0.0,0.0
neu_mbv2_pattern_mining,2026-02-08T11:35:53,2,359,72,3,0.953125,0.2652061879634857,0.0,0.11624922975897789,0.11624922975897789,0.0,0,0,0.0009172419959213585,0.0,0.01070768097997643,0.0,0.0
neu_mbv2_pattern_mining,2026-02-08T11:35:53,2,360,72,4,0.3333333333333333,3.3213493824005127,0.0,0.15497640997637063,0.15497640997637063,0.0,0,0,0.0011767690011765808,0.0,0.014320871996460482,0.0,0.0
neu_mbv2_pattern_mining,2026-02-08T11:35:54,3,356,72,0,1.0,0.001396582811139524,0.0,0.6549802902736701,0.6549802902736701,0.0,0,0,0.0064671990112401545,0.0,0.059030830016126856,0.0,0.0
neu_mbv2_pattern_mining,2026-02-08T11:35:54,3,357,72,1,0.859375,0.8915984630584717,0.0,0.1599416698445566,0.1599416698445566,0.0,0,0,0.0011387379781808704,0.0,0.01485542900627479,0.0,0.0
neu_mbv2_pattern_mining,2026-02-08T11:35:54,3,358,72,2,1.0,0.0008520077681168914,0.0,0.14260808005928993,0.14260808005928993,0.0,0,0,0.000995153997791931,0.0,0.013265654008137062,0.0,0.0
neu_mbv2_pattern_mining,2026-02-08T11:35:54,3,359,72,3,0.984375,0.055346447974443436,0.0,0.14463348023127764,0.14463348023127764,0.0,0,0,0.000977254007011652,0.0,0.013486094016116112,0.0,0.0
neu_mbv2_pattern_mining,2026-02-08T11:35:54,3,360,72,4,0.6666666666666666,0.45995306968688965,0.0,0.17293307988438755,0.17293307988438755,0.0,0,0,0.0010508819832466543,0.0,0.0162424260051921,0.0,0.0
neu_mbv2_pattern_mining,2026-02-08T11:35:55,4,356,72,0,1.0,4.413938586367294e-05,0.0,0.45535937999375165,0.45535937999375165,0.0,0,0,0.005890608008485287,0.0,0.03964532999088988,0.0,0.0
neu_mbv2_pattern_mining,2026-02-08T11:35:55,4,357,72,1,0.921875,0.39972496032714844,0.0,0.11217940016649663,0.11217940016649663,0.0,0,0,0.0008466120052617043,0.0,0.010371328011387959,0.0,0.0
neu_mbv2_pattern_mining,2026-02-08T11:35:55,4,358,72,2,0.953125,0.11607963591814041,0.0,0.11065131984651089,0.11065131984651089,0.0,0,0,0.0008660329913254827,0.0,0.010199098993325606,0.0,0.0
neu_mbv2_pattern_mining,2026-02-08T11:35:55,4,359,72,3,0.953125,0.10095039010047913,0.0,0.10897513973759487,0.10897513973759487,0.0,0,0,0.0007652409840375185,0.0,0.010132272989721969,0.0,0.0
neu_mbv2_pattern_mining,2026-02-08T11:35:55,4,360,72,4,0.6666666666666666,1.203466534614563,0.0,0.13272468990180641,0.13272468990180641,0.0,0,0,0.000765808013966307,0.0,0.012506660976214334,0.0,0.0
neu_mbv2_pattern_mining,2026-02-08T11:35:56,0,361,73,0,1.0,6.632690201513469e-06,0.0,0.5552680400433019,0.5552680400433019,0.0,0,0,0.0034022440086118877,0.0,0.0521245599957183,0.0,0.0
neu_mbv2_pattern_mining,2026-02-08T11:35:56,0,362,73,1,1.0,0.00047679300769232213,0.0,0.14885237003909424,0.14885237003909424,0.0,0,0,0.0011672929977066815,0.0,0.013717944006202742,0.0,0.0
neu_mbv2_pattern_mining,2026-02-08T11:35:56,0,363,73,2,1.0,0.0008018368389457464,0.0,0.1280549299553968,0.1280549299553968,0.0,0,0,0.0008831339946482331,0.0,0.011922359000891447,0.0,0.0
neu_mbv2_pattern_mining,2026-02-08T11:35:56,0,364,73,3,0.984375,0.20030348002910614,0.0,0.11399071023333818,0.11399071023333818,0.0,0,0,0.000810271012596786,0.0,0.010588800010737032,0.0,0.0
neu_mbv2_pattern_mining,2026-02-08T11:35:56,0,365,73,4,0.75,1.0676820278167725,0.0,0.11995189008302987,0.11995189008302987,0.0,0,0,0.0008749560220167041,0.0,0.011120232986286283,0.0,0.0
neu_mbv2_pattern_mining,2026-02-08T11:35:57,1,361,73,0,1.0,1.0391268915554974e-05,0.0,0.5274343097698875,0.5274343097698875,0.0,0,0,0.005277685995679349,0.0,0.0474657449813094,0.0,0.0
neu_mbv2_pattern_mining,2026-02-08T11:35:57,1,362,73,1,1.0,0.00013469626719597727,0.0,0.14057472988497466,0.14057472988497466,0.0,0,0,0.0009974339918699116,0.0,0.013060038996627554,0.0,0.0
neu_mbv2_pattern_mining,2026-02-08T11:35:57,1,363,73,2,1.0,0.001947757788002491,0.0,0.13061826961347833,0.13061826961347833,0.0,0,0,0.0009357959788758308,0.0,0.012126030982472003,0.0,0.0
neu_mbv2_pattern_mining,2026-02-08T11:35:57,1,364,73,3,0.984375,0.052805665880441666,0.0,0.13037195982178673,0.13037195982178673,0.0,0,0,0.000917097000638023,0.0,0.01212009898154065,0.0,0.0
neu_mbv2_pattern_mining,2026-02-08T11:35:57,1,365,73,4,0.3333333333333333,4.081621170043945,0.0,0.15912203991319984,0.15912203991319984,0.0,0,0,0.0008989149937406182,0.0,0.015013288997579366,0.0,0.0
neu_mbv2_pattern_mining,2026-02-08T11:35:58,2,361,73,0,1.0,2.826974196068477e-05,0.0,0.31477826967602596,0.31477826967602596,0.0,0,0,0.0035364739887882024,0.0,0.027941352978814393,0.0,0.0
neu_mbv2_pattern_mining,2026-02-08T11:35:58,2,362,73,1,0.984375,0.13276101648807526,0.0,0.10058976011350751,0.10058976011350751,0.0,0,0,0.0007229350158013403,0.0,0.00933604099554941,0.0,0.0
neu_mbv2_pattern_mining,2026-02-08T11:35:58,2,363,73,2,0.984375,0.028187094256281853,0.0,0.09009002998936921,0.09009002998936921,0.0,0,0,0.0006340419931802899,0.0,0.008374961005756631,0.0,0.0
neu_mbv2_pattern_mining,2026-02-08T11:35:58,2,364,73,3,0.984375,0.04691188409924507,0.0,0.07983243005583063,0.07983243005583063,0.0,0,0,0.0005654589913319796,0.0,0.007417784014251083,0.0,0.0
neu_mbv2_pattern_mining,2026-02-08T11:35:58,2,365,73,4,0.6666666666666666,1.0747976303100586,0.0,0.10664023022400215,0.10664023022400215,0.0,0,0,0.0005795870092697442,0.0,0.010084436013130471,0.0,0.0
neu_mbv2_pattern_mining,2026-02-08T11:35:59,3,361,73,0,1.0,9.797909297049046e-05,0.0,0.6111274001887068,0.6111274001887068,0.0,0,0,0.006372361007379368,0.0,0.054740379011491314,0.0,0.0
neu_mbv2_pattern_mining,2026-02-08T11:35:59,3,362,73,1,0.953125,0.473635196685791,0.0,0.14888328005326912,0.14888328005326912,0.0,0,0,0.0009455090039409697,0.0,0.013942819001385942,0.0,0.0
neu_mbv2_pattern_mining,2026-02-08T11:35:59,3,363,73,2,0.96875,0.1291060894727707,0.0,0.1305922502069734,0.1305922502069734,0.0,0,0,0.0009157180029433221,0.0,0.012143507017754018,0.0,0.0
neu_mbv2_pattern_mining,2026-02-08T11:35:59,3,364,73,3,0.984375,0.11103686690330505,0.0,0.12294713000301272,0.12294713000301272,0.0,0,0,0.0008638399885967374,0.0,0.011430873011704534,0.0,0.0
neu_mbv2_pattern_mining,2026-02-08T11:35:59,3,365,73,4,0.6666666666666666,3.1594858169555664,0.0,0.15279118990292773,0.15279118990292773,0.0,0,0,0.0008660960011184216,0.0,0.014413022989174351,0.0,0.0
neu_mbv2_pattern_mining,2026-02-08T11:35:59,4,361,73,0,1.0,4.6165227104211226e-05,0.0,0.6404534098692238,0.6404534098692238,0.0,0,0,0.007110934995580465,0.0,0.05693440599134192,0.0,0.0
neu_mbv2_pattern_mining,2026-02-08T11:35:59,4,362,73,1,1.0,0.0004580732493195683,0.0,0.1416682798299007,0.1416682798299007,0.0,0,0,0.0010000779875554144,0.0,0.013166749995434657,0.0,0.0
neu_mbv2_pattern_mining,2026-02-08T11:35:59,4,363,73,2,1.0,0.001360250054858625,0.0,0.13100620999466628,0.13100620999466628,0.0,0,0,0.0009235730103682727,0.0,0.012177047989098355,0.0,0.0
neu_mbv2_pattern_mining,2026-02-08T11:36:00,4,364,73,3,1.0,0.0003739413805305958,0.0,0.12311225000303239,0.12311225000303239,0.0,0,0,0.0008468489977531135,0.0,0.011464376002550125,0.0,0.0
neu_mbv2_pattern_mining,2026-02-08T11:36:00,4,365,73,4,0.6666666666666666,1.7937908172607422,0.0,0.1679123702342622,0.1679123702342622,0.0,0,0,0.0008632070093881339,0.0,0.015928030014038086,0.0,0.0
neu_mbv2_pattern_mining,2026-02-08T11:36:01,0,366,74,0,1.0,0.00012382323620840907,0.0,0.4262403701432049,0.4262403701432049,0.0,0,0,0.00255740899592638,0.0,0.04006662801839411,0.0,0.0
neu_mbv2_pattern_mining,2026-02-08T11:36:01,0,367,74,1,0.953125,0.23486804962158203,0.0,0.1286399399396032,0.1286399399396032,0.0,0,0,0.001049179001711309,0.0,0.011814814992249012,0.0,0.0
neu_mbv2_pattern_mining,2026-02-08T11:36:01,0,368,74,2,0.984375,0.01737234927713871,0.0,0.1286681302008219,0.1286681302008219,0.0,0,0,0.0010077760089188814,0.0,0.01185903701116331,0.0,0.0
neu_mbv2_pattern_mining,2026-02-08T11:36:01,0,369,74,3,1.0,0.028592245653271675,0.0,0.12620360008440912,0.12620360008440912,0.0,0,0,0.0009217800106853247,0.0,0.011698579997755587,0.0,0.0
neu_mbv2_pattern_mining,2026-02-08T11:36:01,0,370,74,4,0.5,1.9006915092468262,0.0,0.1195697599905543,0.1195697599905543,0.0,0,0,0.0007950800063554198,0.0,0.01116189599270001,0.0,0.0
neu_mbv2_pattern_mining,2026-02-08T11:36:02,1,366,74,0,1.0,0.003285163315013051,0.0,0.32150684972293675,0.32150684972293675,0.0,0,0,0.0035785629879683256,0.0,0.02857212198432535,0.0,0.0
neu_mbv2_pattern_mining,2026-02-08T11:36:02,1,367,74,1,0.953125,0.10835663974285126,0.0,0.10464149963809177,0.10464149963809177,0.0,0,0,0.0008301249763462692,0.0,0.009634024987462908,0.0,0.0
neu_mbv2_pattern_mining,2026-02-08T11:36:02,1,368,74,2,0.984375,0.03331281617283821,0.0,0.10601825022604316,0.10601825022604316,0.0,0,0,0.0008423700055573136,0.0,0.009759455017047003,0.0,0.0
neu_mbv2_pattern_mining,2026-02-08T11:36:02,1,369,74,3,0.96875,0.07135070115327835,0.0,0.10546672012424096,0.10546672012424096,0.0,0,0,0.0008032759942580014,0.0,0.009743396018166095,0.0,0.0
neu_mbv2_pattern_mining,2026-02-08T11:36:02,1,370,74,4,1.0,0.003022753866389394,0.0,0.16518646996701136,0.16518646996701136,0.0,0,0,0.0008155760006047785,0.0,0.015703070996096358,0.0,0.0
neu_mbv2_pattern_mining,2026-02-08T11:36:02,2,366,74,0,1.0,5.178093942959094e-06,0.0,0.33615885011386126,0.33615885011386126,0.0,0,0,0.004263325012288988,0.0,0.02935255999909714,0.0,0.0
neu_mbv2_pattern_mining,2026-02-08T11:36:02,2,367,74,1,1.0,9.609106200514361e-05,0.0,0.09865348023595288,0.09865348023595288,0.0,0,0,0.0007694790256209671,0.0,0.009095868997974321,0.0,0.0
neu_mbv2_pattern_mining,2026-02-08T11:36:02,2,368,74,2,1.0,0.00026886738487519324,0.0,0.0873622897779569,0.0873622897779569,0.0,0,0,0.0007205900037661195,0.0,0.00801563897402957,0.0,0.0
neu_mbv2_pattern_mining,2026-02-08T11:36:03,2,369,74,3,0.984375,0.03812698647379875,0.0,0.09658488968852907,0.09658488968852907,0.0,0,0,0.0008535879896953702,0.0,0.008804900979157537,0.0,0.0
neu_mbv2_pattern_mining,2026-02-08T11:36:03,2,370,74,4,0.6666666666666666,3.5527184009552,0.0,0.12481412006309256,0.12481412006309256,0.0,0,0,0.0007313360110856593,0.0,0.011750075995223597,0.0,0.0
neu_mbv2_pattern_mining,2026-02-08T11:36:03,3,366,74,0,1.0,0.0013147685676813126,0.0,0.6842386399512179,0.6842386399512179,0.0,0,0,0.007078597991494462,0.0,0.06134526600362733,0.0,0.0
neu_mbv2_pattern_mining,2026-02-08T11:36:03,3,367,74,1,0.984375,0.025283563882112503,0.0,0.17231245030416176,0.17231245030416176,0.0,0,0,0.0013231050106696784,0.0,0.015908140019746497,0.0,0.0
neu_mbv2_pattern_mining,2026-02-08T11:36:03,3,368,74,2,0.96875,0.09770353138446808,0.0,0.16589553997619078,0.16589553997619078,0.0,0,0,0.0012353420024737716,0.0,0.015354211995145306,0.0,0.0
neu_mbv2_pattern_mining,2026-02-08T11:36:03,3,369,74,3,0.984375,0.06345579028129578,0.0,0.16496180993271992,0.16496180993271992,0.0,0,0,0.0013927309773862362,0.0,0.015103450015885755,0.0,0.0
neu_mbv2_pattern_mining,2026-02-08T11:36:03,3,370,74,4,0.6666666666666666,1.356289029121399,0.0,0.19406313978834078,0.19406313978834078,0.0,0,0,0.0012176239979453385,0.0,0.01818868998088874,0.0,0.0
neu_mbv2_pattern_mining,2026-02-08T11:36:04,4,366,74,0,1.0,3.2048486900748685e-05,0.0,0.5975118299829774,0.5975118299829774,0.0,0,0,0.006609793985262513,0.0,0.05314138901303522,0.0,0.0
neu_mbv2_pattern_mining,2026-02-08T11:36:04,4,367,74,1,0.984375,0.11678901314735413,0.0,0.14127283007837832,0.14127283007837832,0.0,0,0,0.0009625859966035932,0.0,0.013164697011234239,0.0,0.0
neu_mbv2_pattern_mining,2026-02-08T11:36:04,4,368,74,2,0.984375,0.05219604820013046,0.0,0.14273916982347146,0.14273916982347146,0.0,0,0,0.0009965409990400076,0.0,0.013277375983307138,0.0,0.0
neu_mbv2_pattern_mining,2026-02-08T11:36:04,4,369,74,3,1.0,0.0030243010260164738,0.0,0.1339057701989077,0.1339057701989077,0.0,0,0,0.0008977460092864931,0.0,0.012492831010604277,0.0,0.0
neu_mbv2_pattern_mining,2026-02-08T11:36:04,4,370,74,4,0.3333333333333333,2.563034772872925,0.0,0.1596505698398687,0.1596505698398687,0.0,0,0,0.0009902999736368656,0.0,0.014974757010350004,0.0,0.0
neu_mbv2_pattern_mining,2026-02-08T11:36:05,0,371,75,0,1.0,7.90672766015632e-06,0.0,0.5975498899351805,0.5975498899351805,0.0,0,0,0.004159558011451736,0.0,0.05559543098206632,0.0,0.0
neu_mbv2_pattern_mining,2026-02-08T11:36:06,0,372,75,1,1.0,0.0002780838985927403,0.0,0.13126383011694998,0.13126383011694998,0.0,0,0,0.000958310003625229,0.0,0.012168073008069769,0.0,0.0
neu_mbv2_pattern_mining,2026-02-08T11:36:06,0,373,75,2,1.0,0.008215023204684258,0.0,0.1460347298416309,0.1460347298416309,0.0,0,0,0.0010285989847034216,0.0,0.013574873999459669,0.0,0.0
neu_mbv2_pattern_mining,2026-02-08T11:36:06,0,374,75,3,1.0,0.01637314260005951,0.0,0.1359885698184371,0.1359885698184371,0.0,0,0,0.0009285019768867642,0.0,0.012670355004956946,0.0,0.0
neu_mbv2_pattern_mining,2026-02-08T11:36:06,0,375,75,4,1.0,0.17824818193912506,0.0,0.13694238994503394,0.13694238994503394,0.0,0,0,0.000937607983360067,0.0,0.012756631011143327,0.0,0.0
neu_mbv2_pattern_mining,2026-02-08T11:36:06,1,371,75,0,1.0,4.6801313146715984e-05,0.0,0.49383861012756824,0.49383861012756824,0.0,0,0,0.005511779017979279,0.0,0.043872081994777545,0.0,0.0
neu_mbv2_pattern_mining,2026-02-08T11:36:06,1,372,75,1,1.0,0.0009438805282115936,0.0,0.11513464007293805,0.11513464007293805,0.0,0,0,0.0008448029984720051,0.0,0.0106686610088218,0.0,0.0
neu_mbv2_pattern_mining,2026-02-08T11:36:06,1,373,75,2,1.0,0.0015702679520472884,0.0,0.1365274199633859,0.1365274199633859,0.0,0,0,0.0009644659876357764,0.0,0.012688276008702815,0.0,0.0
neu_mbv2_pattern_mining,2026-02-08T11:36:06,1,374,75,3,0.921875,0.5932096242904663,0.0,0.12693161988863721,0.12693161988863721,0.0,0,0,0.000893402990186587,0.0,0.011799758998677135,0.0,0.0
neu_mbv2_pattern_mining,2026-02-08T11:36:06,1,375,75,4,0.6666666666666666,1.9949398040771484,0.0,0.14926897012628615,0.14926897012628615,0.0,0,0,0.0008579599962104112,0.0,0.014068937016418204,0.0,0.0
neu_mbv2_pattern_mining,2026-02-08T11:36:07,2,371,75,0,1.0,3.994266444351524e-05,0.0,0.5095246699056588,0.5095246699056588,0.0,0,0,0.0052536480070557445,0.0,0.04569881898351014,0.0,0.0
neu_mbv2_pattern_mining,2026-02-08T11:36:07,2,372,75,1,1.0,0.005093661602586508,0.0,0.15389150998089463,0.15389150998089463,0.0,0,0,0.0011436929926276207,0.0,0.014245458005461842,0.0,0.0
neu_mbv2_pattern_mining,2026-02-08T11:36:07,2,373,75,2,1.0,0.013963460922241211,0.0,0.1430968099157326,0.1430968099157326,0.0,0,0,0.0011737569875549525,0.0,0.013135924004018307,0.0,0.0
neu_mbv2_pattern_mining,2026-02-08T11:36:07,2,374,75,3,1.0,0.0026464795228093863,0.0,0.14582647010684013,0.14582647010684013,0.0,0,0,0.0010481050121597946,0.0,0.013534541998524219,0.0,0.0
neu_mbv2_pattern_mining,2026-02-08T11:36:07,2,375,75,4,0.0,2.015688896179199,0.0,0.1663760599330999,0.1663760599330999,0.0,0,0,0.0009926249913405627,0.0,0.015644981001969427,0.0,0.0
neu_mbv2_pattern_mining,2026-02-08T11:36:08,3,371,75,0,1.0,3.8286252674879506e-05,0.0,0.5132240898092277,0.5132240898092277,0.0,0,0,0.00575558899436146,0.0,0.04556681998656131,0.0,0.0
neu_mbv2_pattern_mining,2026-02-08T11:36:08,3,372,75,1,1.0,0.002098820172250271,0.0,0.1248566500726156,0.1248566500726156,0.0,0,0,0.0008681380131747574,0.0,0.011617526994086802,0.0,0.0
neu_mbv2_pattern_mining,2026-02-08T11:36:08,3,373,75,2,1.0,0.00011728076060535386,0.0,0.1307816500775516,0.1307816500775516,0.0,0,0,0.0009072469838429242,0.0,0.012170918023912236,0.0,0.0
neu_mbv2_pattern_mining,2026-02-08T11:36:08,3,374,75,3,0.96875,0.14516183733940125,0.0,0.1308777800295502,0.1308777800295502,0.0,0,0,0.0009193610167130828,0.0,0.012168416986241937,0.0,0.0
neu_mbv2_pattern_mining,2026-02-08T11:36:08,3,375,75,4,1.0,0.16203410923480988,0.0,0.1681905597797595,0.1681905597797595,0.0,0,0,0.0009638729970902205,0.0,0.01585518298088573,0.0,0.0
neu_mbv2_pattern_mining,2026-02-08T11:36:09,4,371,75,0,1.0,0.00025010170065797865,0.0,0.6421084099565633,0.6421084099565633,0.0,0,0,0.007178832980571315,0.0,0.05703200801508501,0.0,0.0
neu_mbv2_pattern_mining,2026-02-08T11:36:09,4,372,75,1,1.0,0.0005194433615542948,0.0,0.12955626007169485,0.12955626007169485,0.0,0,0,0.000915940006962046,0.0,0.012039686000207439,0.0,0.0
neu_mbv2_pattern_mining,2026-02-08T11:36:09,4,373,75,2,1.0,0.00040069411625154316,0.0,0.13953669025795534,0.13953669025795534,0.0,0,0,0.0009467140189372003,0.0,0.013006955006858334,0.0,0.0
neu_mbv2_pattern_mining,2026-02-08T11:36:09,4,374,75,3,0.90625,0.3119502365589142,0.0,0.13440931012155488,0.13440931012155488,0.0,0,0,0.0009111370018217713,0.0,0.012529794010333717,0.0,0.0
neu_mbv2_pattern_mining,2026-02-08T11:36:09,4,375,75,4,1.0,0.10120221972465515,0.0,0.15331555012380704,0.15331555012380704,0.0,0,0,0.0009995799919124693,0.0,0.014331975020468235,0.0,0.0
neu_mbv2_pattern_mining,2026-02-08T11:36:10,0,376,76,0,1.0,2.3820903152227402e-05,0.0,0.39335084991762415,0.39335084991762415,0.0,0,0,0.0024856969830580056,0.0,0.03684938800870441,0.0,0.0
neu_mbv2_pattern_mining,2026-02-08T11:36:10,0,377,76,1,0.984375,0.03222055360674858,0.0,0.1321325299795717,0.1321325299795717,0.0,0,0,0.0009500409942120314,0.0,0.012263212003745139,0.0,0.0
neu_mbv2_pattern_mining,2026-02-08T11:36:10,0,378,76,2,0.984375,0.05943634361028671,0.0,0.12229776970343664,0.12229776970343664,0.0,0,0,0.0008726909873075783,0.0,0.011357085983036086,0.0,0.0
neu_mbv2_pattern_mining,2026-02-08T11:36:10,0,379,76,3,1.0,0.0015170321566984057,0.0,0.12255581008503214,0.12255581008503214,0.0,0,0,0.0008652849937789142,0.0,0.0113902960147243,0.0,0.0
neu_mbv2_pattern_mining,2026-02-08T11:36:10,0,380,76,4,0.25,4.148881912231445,0.0,0.13027218985371292,0.13027218985371292,0.0,0,0,0.000830739998491481,0.0,0.01219647898687981,0.0,0.0
neu_mbv2_pattern_mining,2026-02-08T11:36:11,1,376,76,0,1.0,0.0002275362639920786,0.0,0.3084676602156833,0.3084676602156833,0.0,0,0,0.004030576004879549,0.0,0.02681619001668878,0.0,0.0
neu_mbv2_pattern_mining,2026-02-08T11:36:11,1,377,76,1,0.90625,0.4852215349674225,0.0,0.08395476004807279,0.08395476004807279,0.0,0,0,0.000659384997561574,0.0,0.0077360910072457045,0.0,0.0
neu_mbv2_pattern_mining,2026-02-08T11:36:11,1,378,76,2,0.984375,0.022962357848882675,0.0,0.1013499399414286,0.1013499399414286,0.0,0,0,0.0007913149893283844,0.0,0.009343679004814476,0.0,0.0
neu_mbv2_pattern_mining,2026-02-08T11:36:11,1,379,76,3,0.90625,0.40180471539497375,0.0,0.09987227997044101,0.09987227997044101,0.0,0,0,0.0007078679918777198,0.0,0.009279360005166382,0.0,0.0
neu_mbv2_pattern_mining,2026-02-08T11:36:11,1,380,76,4,0.6666666666666666,2.1575803756713867,0.0,0.1285230298526585,0.1285230298526585,0.0,0,0,0.0007075199973769486,0.0,0.012144782987888902,0.0,0.0
neu_mbv2_pattern_mining,2026-02-08T11:36:12,2,376,76,0,1.0,0.00033714258461259305,0.0,0.3239088298869319,0.3239088298869319,0.0,0,0,0.003600077994633466,0.0,0.028790804994059727,0.0,0.0
neu_mbv2_pattern_mining,2026-02-08T11:36:12,2,377,76,1,0.984375,0.02748745121061802,0.0,0.11908196989679709,0.11908196989679709,0.0,0,0,0.0007796819845680147,0.0,0.011128515005111694,0.0,0.0
neu_mbv2_pattern_mining,2026-02-08T11:36:12,2,378,76,2,1.0,0.0007100694929249585,0.0,0.11640136013738811,0.11640136013738811,0.0,0,0,0.0008538800175301731,0.0,0.010786255996208638,0.0,0.0
neu_mbv2_pattern_mining,2026-02-08T11:36:12,2,379,76,3,1.0,0.00204923702403903,0.0,0.11594565032282844,0.11594565032282844,0.0,0,0,0.0008194830152206123,0.0,0.010775082017062232,0.0,0.0
neu_mbv2_pattern_mining,2026-02-08T11:36:12,2,380,76,4,0.0,5.014560699462891,0.0,0.14561221993062645,0.14561221993062645,0.0,0,0,0.0008093999931588769,0.0,0.013751821999903768,0.0,0.0
neu_mbv2_pattern_mining,2026-02-08T11:36:12,3,376,76,0,1.0,3.9084479794837534e-05,0.0,0.5524952401174232,0.5524952401174232,0.0,0,0,0.005274407012620941,0.0,0.04997511699912138,0.0,0.0
neu_mbv2_pattern_mining,2026-02-08T11:36:13,3,377,76,1,0.9375,0.16702373325824738,0.0,0.13639034033985808,0.13639034033985808,0.0,0,0,0.0009706560231279582,0.0,0.01266837801085785,0.0,0.0
neu_mbv2_pattern_mining,2026-02-08T11:36:13,3,378,76,2,1.0,0.010908622294664383,0.0,0.1359804198727943,0.1359804198727943,0.0,0,0,0.0009505139896646142,0.0,0.012647527997614816,0.0,0.0
neu_mbv2_pattern_mining,2026-02-08T11:36:13,3,379,76,3,0.890625,0.5583826899528503,0.0,0.12748267996357754,0.12748267996357754,0.0,0,0,0.0008860030211508274,0.0,0.011862264975206926,0.0,0.0
neu_mbv2_pattern_mining,2026-02-08T11:36:13,3,380,76,4,0.3333333333333333,2.068643569946289,0.0,0.14772472000913695,0.14772472000913695,0.0,0,0,0.0008764530066400766,0.0,0.013896018994273618,0.0,0.0
neu_mbv2_pattern_mining,2026-02-08T11:36:13,4,376,76,0,1.0,8.226861609728076e-06,0.0,0.5916228101705201,0.5916228101705201,0.0,0,0,0.006930998002644628,0.0,0.05223128301440738,0.0,0.0
neu_mbv2_pattern_mining,2026-02-08T11:36:13,4,377,76,1,1.0,0.015951035544276237,0.0,0.12584821961354464,0.12584821961354464,0.0,0,0,0.0009528379887342453,0.0,0.011631983972620219,0.0,0.0
neu_mbv2_pattern_mining,2026-02-08T11:36:13,4,378,76,2,1.0,0.0011636654380708933,0.0,0.14530492015182972,0.14530492015182972,0.0,0,0,0.0011362650257069618,0.0,0.01339422698947601,0.0,0.0
neu_mbv2_pattern_mining,2026-02-08T11:36:13,4,379,76,3,0.96875,0.06803245842456818,0.0,0.13488509022863582,0.13488509022863582,0.0,0,0,0.001078669010894373,0.0,0.012409840011969209,0.0,0.0
neu_mbv2_pattern_mining,2026-02-08T11:36:13,4,380,76,4,0.6666666666666666,0.7265669703483582,0.0,0.1317882098373957,0.1317882098373957,0.0,0,0,0.0008224989869631827,0.0,0.012356321996776387,0.0,0.0
neu_mbv2_pattern_mining,2026-02-08T11:36:15,0,381,77,0,0.984375,0.013928995467722416,0.0,0.36829429998761043,0.36829429998761043,0.0,0,0,0.0022211240138858557,0.0,0.03460830598487519,0.0,0.0
neu_mbv2_pattern_mining,2026-02-08T11:36:15,0,382,77,1,0.96875,0.16357940435409546,0.0,0.1293382199946791,0.1293382199946791,0.0,0,0,0.0009496989951003343,0.0,0.011984123004367575,0.0,0.0
neu_mbv2_pattern_mining,2026-02-08T11:36:15,0,383,77,2,0.984375,0.04116778448224068,0.0,0.11915037990547717,0.11915037990547717,0.0,0,0,0.0008551299979444593,0.0,0.011059907992603257,0.0,0.0
neu_mbv2_pattern_mining,2026-02-08T11:36:15,0,384,77,3,0.828125,0.969412624835968,0.0,0.12016607011901215,0.12016607011901215,0.0,0,0,0.00084457200136967,0.0,0.011172035010531545,0.0,0.0
neu_mbv2_pattern_mining,2026-02-08T11:36:15,0,385,77,4,0.5,2.6504290103912354,0.0,0.12980332016013563,0.12980332016013563,0.0,0,0,0.0008336910104844719,0.0,0.01214664100552909,0.0,0.0
neu_mbv2_pattern_mining,2026-02-08T11:36:15,1,381,77,0,1.0,0.0002398309879936278,0.0,0.4295948296203278,0.4295948296203278,0.0,0,0,0.005973959981929511,0.0,0.03698552298010327,0.0,0.0
neu_mbv2_pattern_mining,2026-02-08T11:36:15,1,382,77,1,0.96875,0.11533085256814957,0.0,0.10465232015121728,0.10465232015121728,0.0,0,0,0.0007917530019767582,0.0,0.00967347901314497,0.0,0.0
neu_mbv2_pattern_mining,2026-02-08T11:36:15,1,383,77,2,1.0,5.5775373766664416e-05,0.0,0.11310287023661658,0.11310287023661658,0.0,0,0,0.000810982019174844,0.0,0.010499305004486814,0.0,0.0
neu_mbv2_pattern_mining,2026-02-08T11:36:16,1,384,77,3,0.875,0.43252670764923096,0.0,0.1137613898026757,0.1137613898026757,0.0,0,0,0.0008258699963334948,0.0,0.010550268983934075,0.0,0.0
neu_mbv2_pattern_mining,2026-02-08T11:36:16,1,385,77,4,0.0,2.3725831508636475,0.0,0.1433331801672466,0.1433331801672466,0.0,0,0,0.0007968670106492937,0.0,0.013536451006075367,0.0,0.0
neu_mbv2_pattern_mining,2026-02-08T11:36:16,2,381,77,0,1.0,0.0024132528342306614,0.0,0.5253248699591495,0.5253248699591495,0.0,0,0,0.005596592003712431,0.0,0.04693589499220252,0.0,0.0
neu_mbv2_pattern_mining,2026-02-08T11:36:16,2,382,77,1,1.0,0.00012824489385820925,0.0,0.12850047001847997,0.12850047001847997,0.0,0,0,0.000926021981285885,0.0,0.011924025020562112,0.0,0.0
neu_mbv2_pattern_mining,2026-02-08T11:36:16,2,383,77,2,0.984375,0.03270876780152321,0.0,0.1358117302879691,0.1358117302879691,0.0,0,0,0.0009588230168446898,0.0,0.012622350011952221,0.0,0.0
neu_mbv2_pattern_mining,2026-02-08T11:36:16,2,384,77,3,1.0,0.001191053306683898,0.0,0.14026390999788418,0.14026390999788418,0.0,0,0,0.0010230170155409724,0.0,0.013003373984247446,0.0,0.0
neu_mbv2_pattern_mining,2026-02-08T11:36:16,2,385,77,4,0.0,5.321135997772217,0.0,0.15805707982508466,0.15805707982508466,0.0,0,0,0.0009842549916356802,0.0,0.014821452990872785,0.0,0.0
neu_mbv2_pattern_mining,2026-02-08T11:36:17,3,381,77,0,1.0,0.002211623825132847,0.0,0.4717697197338566,0.4717697197338566,0.0,0,0,0.005266692984150723,0.0,0.04191027898923494,0.0,0.0
neu_mbv2_pattern_mining,2026-02-08T11:36:17,3,382,77,1,0.921875,0.28972357511520386,0.0,0.11784558999352157,0.11784558999352157,0.0,0,0,0.0008640390005894005,0.0,0.010920519998762757,0.0,0.0
neu_mbv2_pattern_mining,2026-02-08T11:36:17,3,383,77,2,1.0,0.00035698057035915554,0.0,0.12264106015209109,0.12264106015209109,0.0,0,0,0.0008631930104456842,0.0,0.011400913004763424,0.0,0.0
neu_mbv2_pattern_mining,2026-02-08T11:36:17,3,384,77,3,1.0,0.0002751616993919015,0.0,0.12283130985451862,0.12283130985451862,0.0,0,0,0.0008649969822727144,0.0,0.011418134003179148,0.0,0.0
neu_mbv2_pattern_mining,2026-02-08T11:36:17,3,385,77,4,0.6666666666666666,1.7325491905212402,0.0,0.12074911006493494,0.12074911006493494,0.0,0,0,0.0007751749944873154,0.0,0.011299736012006178,0.0,0.0
neu_mbv2_pattern_mining,2026-02-08T11:36:18,4,381,77,0,1.0,9.547577064950019e-05,0.0,0.4703502601478249,0.4703502601478249,0.0,0,0,0.005054403009125963,0.0,0.041980623005656525,0.0,0.0
neu_mbv2_pattern_mining,2026-02-08T11:36:18,4,382,77,1,1.0,0.00991012528538704,0.0,0.1367640297394246,0.1367640297394246,0.0,0,0,0.0009620889904908836,0.0,0.012714313983451575,0.0,0.0
neu_mbv2_pattern_mining,2026-02-08T11:36:18,4,383,77,2,1.0,0.03687912970781326,0.0,0.12699187005637214,0.12699187005637214,0.0,0,0,0.0008951229974627495,0.0,0.011804064008174464,0.0,0.0
neu_mbv2_pattern_mining,2026-02-08T11:36:18,4,384,77,3,0.96875,0.212760791182518,0.0,0.13021874998230487,0.13021874998230487,0.0,0,0,0.0008921510016079992,0.0,0.012129723996622488,0.0,0.0
neu_mbv2_pattern_mining,2026-02-08T11:36:18,4,385,77,4,0.6666666666666666,0.6205702424049377,0.0,0.16560943971853703,0.16560943971853703,0.0,0,0,0.0009729929734021425,0.0,0.01558795099845156,0.0,0.0
neu_mbv2_pattern_mining,2026-02-08T11:36:19,0,386,78,0,1.0,0.00018135806021746248,0.0,0.4071457599638961,0.4071457599638961,0.0,0,0,0.0030186759831849486,0.0,0.037695900013204664,0.0,0.0
neu_mbv2_pattern_mining,2026-02-08T11:36:19,0,387,78,1,0.953125,0.07274538278579712,0.0,0.10715671989601105,0.10715671989601105,0.0,0,0,0.0008326559909619391,0.0,0.009883015998639166,0.0,0.0
neu_mbv2_pattern_mining,2026-02-08T11:36:19,0,388,78,2,0.828125,1.3244860172271729,0.0,0.11523517983732745,0.11523517983732745,0.0,0,0,0.0008138229895848781,0.0,0.010709694994147867,0.0,0.0
neu_mbv2_pattern_mining,2026-02-08T11:36:19,0,389,78,3,0.984375,0.04706326127052307,0.0,0.11540670006070286,0.11540670006070286,0.0,0,0,0.0008186310005839914,0.0,0.010722039005486295,0.0,0.0
neu_mbv2_pattern_mining,2026-02-08T11:36:19,0,390,78,4,0.25,2.2498273849487305,0.0,0.13317438977537677,0.13317438977537677,0.0,0,0,0.0009202899818774313,0.0,0.012397148995660245,0.0,0.0
neu_mbv2_pattern_mining,2026-02-08T11:36:20,1,386,78,0,1.0,0.0007408919045701623,0.0,0.3857726400019601,0.3857726400019601,0.0,0,0,0.004637676989659667,0.0,0.03393958701053634,0.0,0.0
neu_mbv2_pattern_mining,2026-02-08T11:36:20,1,387,78,1,0.9375,0.26589152216911316,0.0,0.09053868008777499,0.09053868008777499,0.0,0,0,0.0007340190059039742,0.0,0.008319849002873525,0.0,0.0
neu_mbv2_pattern_mining,2026-02-08T11:36:20,1,388,78,2,1.0,0.002025715308263898,0.0,0.09891247027553618,0.09891247027553618,0.0,0,0,0.0007178060186561197,0.0,0.009173441008897498,0.0,0.0
neu_mbv2_pattern_mining,2026-02-08T11:36:20,1,389,78,3,0.984375,0.11891185492277145,0.0,0.09789935022126883,0.09789935022126883,0.0,0,0,0.0007021930068731308,0.0,0.009087742015253752,0.0,0.0
neu_mbv2_pattern_mining,2026-02-08T11:36:20,1,390,78,4,0.3333333333333333,1.2859748601913452,0.0,0.132130230194889,0.132130230194889,0.0,0,0,0.0007190440082922578,0.0,0.012493979011196643,0.0,0.0
neu_mbv2_pattern_mining,2026-02-08T11:36:21,2,386,78,0,1.0,0.0002610072842799127,0.0,0.4560161801055074,0.4560161801055074,0.0,0,0,0.0050883080111816525,0.0,0.040513309999369085,0.0,0.0
neu_mbv2_pattern_mining,2026-02-08T11:36:21,2,387,78,1,0.96875,0.09227770566940308,0.0,0.1211646301089786,0.1211646301089786,0.0,0,0,0.0008707680099178106,0.0,0.01124569500098005,0.0,0.0
neu_mbv2_pattern_mining,2026-02-08T11:36:21,2,388,78,2,0.9375,0.25487399101257324,0.0,0.14444989006733522,0.14444989006733522,0.0,0,0,0.0010435589938424528,0.0,0.013401430012891069,0.0,0.0
neu_mbv2_pattern_mining,2026-02-08T11:36:21,2,389,78,3,1.0,0.012133616954088211,0.0,0.16547186998650432,0.16547186998650432,0.0,0,0,0.0011608100030571222,0.0,0.01538637699559331,0.0,0.0
neu_mbv2_pattern_mining,2026-02-08T11:36:21,2,390,78,4,1.0,0.11382042616605759,0.0,0.14797006006119773,0.14797006006119773,0.0,0,0,0.0008396229823119938,0.0,0.013957383023807779,0.0,0.0
neu_mbv2_pattern_mining,2026-02-08T11:36:21,3,386,78,0,1.0,3.2754607673268765e-05,0.0,0.5002538400003687,0.5002538400003687,0.0,0,0,0.005146694020368159,0.0,0.04487868997966871,0.0,0.0
neu_mbv2_pattern_mining,2026-02-08T11:36:21,3,387,78,1,1.0,0.0005832932074554265,0.0,0.15110910986550152,0.15110910986550152,0.0,0,0,0.0011220329906791449,0.0,0.013988877995871007,0.0,0.0
neu_mbv2_pattern_mining,2026-02-08T11:36:21,3,388,78,2,1.0,6.179888441693038e-05,0.0,0.13287868001498282,0.13287868001498282,0.0,0,0,0.0009281109960284084,0.0,0.012359757005469874,0.0,0.0
neu_mbv2_pattern_mining,2026-02-08T11:36:21,3,389,78,3,0.953125,0.2151309847831726,0.0,0.1335895201191306,0.1335895201191306,0.0,0,0,0.0009743720002006739,0.0,0.012384580011712387,0.0,0.0
neu_mbv2_pattern_mining,2026-02-08T11:36:21,3,390,78,4,0.6666666666666666,1.1920185089111328,0.0,0.16061386006185785,0.16061386006185785,0.0,0,0,0.0009252250019926578,0.0,0.015136161004193127,0.0,0.0
neu_mbv2_pattern_mining,2026-02-08T11:36:22,4,386,78,0,1.0,1.0245845260214992e-05,0.0,0.36260608001612127,0.36260608001612127,0.0,0,0,0.003928410995285958,0.0,0.03233219700632617,0.0,0.0
neu_mbv2_pattern_mining,2026-02-08T11:36:22,4,387,78,1,1.0,0.000839930260553956,0.0,0.0993855600245297,0.0993855600245297,0.0,0,0,0.0007426860101986676,0.0,0.009195869992254302,0.0,0.0
neu_mbv2_pattern_mining,2026-02-08T11:36:22,4,388,78,2,0.984375,0.036738839000463486,0.0,0.10737644974142313,0.10737644974142313,0.0,0,0,0.0007719729910604656,0.0,0.009965671983081847,0.0,0.0
neu_mbv2_pattern_mining,2026-02-08T11:36:22,4,389,78,3,0.984375,0.021516524255275726,0.0,0.10724446008680388,0.10724446008680388,0.0,0,0,0.000808395998319611,0.0,0.009916050010360777,0.0,0.0
neu_mbv2_pattern_mining,2026-02-08T11:36:22,4,390,78,4,0.3333333333333333,1.8172506093978882,0.0,0.1393216397264041,0.1393216397264041,0.0,0,0,0.0008134859963320196,0.0,0.01311867797630839,0.0,0.0
neu_mbv2_pattern_mining,2026-02-08T11:36:23,0,391,79,0,1.0,0.0004125396371819079,0.0,0.31783630984136835,0.31783630984136835,0.0,0,0,0.0020456839993130416,0.0,0.029737946984823793,0.0,0.0
neu_mbv2_pattern_mining,2026-02-08T11:36:23,0,392,79,1,0.984375,0.03587814420461655,0.0,0.10017752007115632,0.10017752007115632,0.0,0,0,0.0008654539997223765,0.0,0.009152298007393256,0.0,0.0
neu_mbv2_pattern_mining,2026-02-08T11:36:23,0,393,79,2,1.0,0.00016778890858404338,0.0,0.08767267980147153,0.08767267980147153,0.0,0,0,0.0006724550039507449,0.0,0.008094812976196408,0.0,0.0
neu_mbv2_pattern_mining,2026-02-08T11:36:24,0,394,79,3,0.96875,0.17532214522361755,0.0,0.08783107012277469,0.08783107012277469,0.0,0,0,0.0006623039953410625,0.0,0.008120803016936406,0.0,0.0
neu_mbv2_pattern_mining,2026-02-08T11:36:24,0,395,79,4,1.0,0.15276701748371124,0.0,0.12193925969768316,0.12193925969768316,0.0,0,0,0.0009811759809963405,0.0,0.011212749988771975,0.0,0.0
neu_mbv2_pattern_mining,2026-02-08T11:36:24,1,391,79,0,1.0,0.002314152894541621,0.0,0.4218025700538419,0.4218025700538419,0.0,0,0,0.004814838001038879,0.0,0.03736541900434531,0.0,0.0
neu_mbv2_pattern_mining,2026-02-08T11:36:24,1,392,79,1,1.0,0.003977389540523291,0.0,0.09061054006451741,0.09061054006451741,0.0,0,0,0.0007260559941641986,0.0,0.008334998012287542,0.0,0.0
neu_mbv2_pattern_mining,2026-02-08T11:36:24,1,393,79,2,0.953125,0.24812078475952148,0.0,0.08126041968353093,0.08126041968353093,0.0,0,0,0.0005849339941050857,0.0,0.007541107974248007,0.0,0.0
neu_mbv2_pattern_mining,2026-02-08T11:36:24,1,394,79,3,0.984375,0.06825363636016846,0.0,0.08080456987954676,0.08080456987954676,0.0,0,0,0.0005781729996670038,0.0,0.007502283988287672,0.0,0.0
neu_mbv2_pattern_mining,2026-02-08T11:36:24,1,395,79,4,0.6666666666666666,1.3052946329116821,0.0,0.10320107016013935,0.10320107016013935,0.0,0,0,0.0005671019898727536,0.0,0.009753005026141182,0.0,0.0
neu_mbv2_pattern_mining,2026-02-08T11:36:25,2,391,79,0,0.984375,0.015747711062431335,0.0,0.6057715098722838,0.6057715098722838,0.0,0,0,0.007318838994251564,0.0,0.053258311992976815,0.0,0.0
neu_mbv2_pattern_mining,2026-02-08T11:36:25,2,392,79,1,0.96875,0.0871272012591362,0.0,0.15045057982206345,0.15045057982206345,0.0,0,0,0.0009690879960544407,0.0,0.014075969986151904,0.0,0.0
neu_mbv2_pattern_mining,2026-02-08T11:36:25,2,393,79,2,0.921875,0.2609913945198059,0.0,0.14422039006603882,0.14422039006603882,0.0,0,0,0.0010251580097246915,0.0,0.01339688099687919,0.0,0.0
neu_mbv2_pattern_mining,2026-02-08T11:36:25,2,394,79,3,0.84375,0.955510139465332,0.0,0.13365179998800159,0.13365179998800159,0.0,0,0,0.0008395279874093831,0.0,0.012525652011390775,0.0,0.0
neu_mbv2_pattern_mining,2026-02-08T11:36:25,2,395,79,4,0.6666666666666666,2.520327091217041,0.0,0.16103201982332394,0.16103201982332394,0.0,0,0,0.0009038370044436306,0.0,0.015199364977888763,0.0,0.0
neu_mbv2_pattern_mining,2026-02-08T11:36:26,3,391,79,0,1.0,0.00024501566076651216,0.0,0.5158247999497689,0.5158247999497689,0.0,0,0,0.0054581830045208335,0.0,0.04612429699045606,0.0,0.0
neu_mbv2_pattern_mining,2026-02-08T11:36:26,3,392,79,1,0.96875,0.244027778506279,0.0,0.11845423025079072,0.11845423025079072,0.0,0,0,0.0008462360128760338,0.0,0.010999187012203038,0.0,0.0
neu_mbv2_pattern_mining,2026-02-08T11:36:26,3,393,79,2,0.953125,0.403373122215271,0.0,0.13137297006323934,0.13137297006323934,0.0,0,0,0.0009131350088864565,0.0,0.012224161997437477,0.0,0.0
neu_mbv2_pattern_mining,2026-02-08T11:36:26,3,394,79,3,1.0,0.0021876406390219927,0.0,0.12276654015295208,0.12276654015295208,0.0,0,0,0.000866395013872534,0.0,0.011410259001422673,0.0,0.0
neu_mbv2_pattern_mining,2026-02-08T11:36:26,3,395,79,4,0.6666666666666666,1.3875662088394165,0.0,0.145886639948003,0.145886639948003,0.0,0,0,0.0009137550077866763,0.0,0.013674908987013623,0.0,0.0
neu_mbv2_pattern_mining,2026-02-08T11:36:26,4,391,79,0,1.0,3.047397876798641e-05,0.0,0.32050571986474097,0.32050571986474097,0.0,0,0,0.0035512390022631735,0.0,0.028499332984210923,0.0,0.0
neu_mbv2_pattern_mining,2026-02-08T11:36:26,4,392,79,1,1.0,3.559479955583811e-05,0.0,0.09433134982828051,0.09433134982828051,0.0,0,0,0.000621979997958988,0.0,0.008811154984869063,0.0,0.0
neu_mbv2_pattern_mining,2026-02-08T11:36:27,4,393,79,2,1.0,0.001644282485358417,0.0,0.09017425996717066,0.09017425996717066,0.0,0,0,0.0006474000110756606,0.0,0.008370025985641405,0.0,0.0
neu_mbv2_pattern_mining,2026-02-08T11:36:27,4,394,79,3,0.9375,0.25888508558273315,0.0,0.09146597003564239,0.09146597003564239,0.0,0,0,0.0007740069995634258,0.0,0.008372590004000813,0.0,0.0
neu_mbv2_pattern_mining,2026-02-08T11:36:27,4,395,79,4,1.0,0.015878213569521904,0.0,0.12919956003315747,0.12919956003315747,0.0,0,0,0.0007483229856006801,0.0,0.012171633017715067,0.0,0.0
neu_mbv2_pattern_mining,2026-02-08T11:36:28,0,396,80,0,1.0,1.1576959877857007e-05,0.0,0.4171744198538363,0.4171744198538363,0.0,0,0,0.0027034779777750373,0.0,0.03901396400760859,0.0,0.0
neu_mbv2_pattern_mining,2026-02-08T11:36:28,0,397,80,1,1.0,0.0031598820351064205,0.0,0.12510329979704693,0.12510329979704693,0.0,0,0,0.0008744449878577143,0.0,0.011635884991846979,0.0,0.0
neu_mbv2_pattern_mining,2026-02-08T11:36:28,0,398,80,2,0.96875,0.09476993978023529,0.0,0.13151034974725917,0.13151034974725917,0.0,0,0,0.0009491679957136512,0.0,0.012201866979012266,0.0,0.0
neu_mbv2_pattern_mining,2026-02-08T11:36:28,0,399,80,3,1.0,6.476894486695528e-05,0.0,0.1231903801090084,0.1231903801090084,0.0,0,0,0.0008699840109329671,0.0,0.011449053999967873,0.0,0.0
neu_mbv2_pattern_mining,2026-02-08T11:36:28,0,400,80,4,0.25,3.299471855163574,0.0,0.1383321895264089,0.1383321895264089,0.0,0,0,0.0008820039802230895,0.0,0.012951214972417802,0.0,0.0
neu_mbv2_pattern_mining,2026-02-08T11:36:29,1,396,80,0,1.0,3.808415567618795e-05,0.0,0.2886141199269332,0.2886141199269332,0.0,0,0,0.0032179919944610447,0.0,0.025643419998232275,0.0,0.0
neu_mbv2_pattern_mining,2026-02-08T11:36:29,1,397,80,1,0.984375,0.02285798080265522,0.0,0.10938633990008384,0.10938633990008384,0.0,0,0,0.0007866169908083975,0.0,0.010152016999199986,0.0,0.0
neu_mbv2_pattern_mining,2026-02-08T11:36:29,1,398,80,2,1.0,0.0010189326712861657,0.0,0.09925490972818807,0.09925490972818807,0.0,0,0,0.0007000629848334938,0.0,0.009225427987985313,0.0,0.0
neu_mbv2_pattern_mining,2026-02-08T11:36:29,1,399,80,3,0.921875,0.26895418763160706,0.0,0.09345225989818573,0.09345225989818573,0.0,0,0,0.0006490529922302812,0.0,0.008696172997588292,0.0,0.0
neu_mbv2_pattern_mining,2026-02-08T11:36:29,1,400,80,4,0.0,4.861087322235107,0.0,0.11703324998961762,0.11703324998961762,0.0,0,0,0.0006869850039947778,0.0,0.011016339994966984,0.0,0.0
neu_mbv2_pattern_mining,2026-02-08T11:36:29,2,396,80,0,1.0,0.00015352090122178197,0.0,0.5273850000230595,0.5273850000230595,0.0,0,0,0.0059579040098469704,0.0,0.046780595992458984,0.0,0.0
neu_mbv2_pattern_mining,2026-02-08T11:36:30,2,397,80,1,1.0,0.008501335047185421,0.0,0.124090269964654,0.124090269964654,0.0,0,0,0.0008856799977365881,0.0,0.011523346998728812,0.0,0.0
neu_mbv2_pattern_mining,2026-02-08T11:36:30,2,398,80,2,1.0,0.005736947059631348,0.0,0.1307659098529257,0.1307659098529257,0.0,0,0,0.0009079909941647202,0.0,0.012168599991127849,0.0,0.0
neu_mbv2_pattern_mining,2026-02-08T11:36:30,2,399,80,3,0.984375,0.027118824422359467,0.0,0.1305593000142835,0.1305593000142835,0.0,0,0,0.0009123240015469491,0.0,0.012143605999881402,0.0,0.0
neu_mbv2_pattern_mining,2026-02-08T11:36:30,2,400,80,4,0.6666666666666666,0.8133456707000732,0.0,0.16007806989364326,0.16007806989364326,0.0,0,0,0.0009035950060933828,0.0,0.015104211983270943,0.0,0.0
neu_mbv2_pattern_mining,2026-02-08T11:36:30,3,396,80,0,1.0,8.921531843952835e-06,0.0,0.5915886201546527,0.5915886201546527,0.0,0,0,0.0072591179923620075,0.0,0.05189974402310327,0.0,0.0
neu_mbv2_pattern_mining,2026-02-08T11:36:30,3,397,80,1,1.0,1.5691919543314725e-05,0.0,0.11755885992897674,0.11755885992897674,0.0,0,0,0.0008368380076717585,0.0,0.010919047985225916,0.0,0.0
neu_mbv2_pattern_mining,2026-02-08T11:36:30,3,398,80,2,1.0,0.00035452746669761837,0.0,0.13191106991143897,0.13191106991143897,0.0,0,0,0.0009406390017829835,0.0,0.012250467989360914,0.0,0.0
neu_mbv2_pattern_mining,2026-02-08T11:36:30,3,399,80,3,0.984375,0.030780836939811707,0.0,0.12362023000605404,0.12362023000605404,0.0,0,0,0.0008878090011421591,0.0,0.011474213999463245,0.0,0.0
neu_mbv2_pattern_mining,2026-02-08T11:36:30,3,400,80,4,0.6666666666666666,1.21493661403656,0.0,0.14714343007653952,0.14714343007653952,0.0,0,0,0.0008726970118004829,0.0,0.013841645995853469,0.0,0.0
neu_mbv2_pattern_mining,2026-02-08T11:36:31,4,396,80,0,1.0,1.1567757610464469e-05,0.0,0.5077263998100534,0.5077263998100534,0.0,0,0,0.005709094984922558,0.0,0.04506354499608278,0.0,0.0
neu_mbv2_pattern_mining,2026-02-08T11:36:31,4,397,80,1,1.0,0.001388637232594192,0.0,0.11734820029232651,0.11734820029232651,0.0,0,0,0.0008491520129609853,0.0,0.010885668016271666,0.0,0.0
neu_mbv2_pattern_mining,2026-02-08T11:36:31,4,398,80,2,1.0,0.00020671010133810341,0.0,0.1305845199385658,0.1305845199385658,0.0,0,0,0.0009221209911629558,0.0,0.012136331002693623,0.0,0.0
neu_mbv2_pattern_mining,2026-02-08T11:36:31,4,399,80,3,1.0,0.0028224047273397446,0.0,0.12351728044450283,0.12351728044450283,0.0,0,0,0.0008627500210423023,0.0,0.01148897802340798,0.0,0.0
neu_mbv2_pattern_mining,2026-02-08T11:36:31,4,400,80,4,1.0,0.3308626413345337,0.0,0.14709034992847592,0.14709034992847592,0.0,0,0,0.0008693959971424192,0.0,0.013839638995705172,0.0,0.0
neu_mbv2_pattern_mining,2026-02-08T11:36:32,0,401,81,0,1.0,6.8446706791291945e-06,0.0,0.4605146197718568,0.4605146197718568,0.0,0,0,0.0037908669910393655,0.0,0.042260594986146316,0.0,0.0
neu_mbv2_pattern_mining,2026-02-08T11:36:33,0,402,81,1,1.0,0.001436521066352725,0.0,0.1315408101072535,0.1315408101072535,0.0,0,0,0.0009680110088083893,0.0,0.01218607000191696,0.0,0.0
neu_mbv2_pattern_mining,2026-02-08T11:36:33,0,403,81,2,0.96875,0.05994696915149689,0.0,0.11408925027353689,0.11408925027353689,0.0,0,0,0.0008153920061886311,0.0,0.010593533021165058,0.0,0.0
neu_mbv2_pattern_mining,2026-02-08T11:36:33,0,404,81,3,1.0,0.0012416440295055509,0.0,0.09859632002189755,0.09859632002189755,0.0,0,0,0.0007410649850498885,0.0,0.009118567017139867,0.0,0.0
neu_mbv2_pattern_mining,2026-02-08T11:36:33,0,405,81,4,0.5,4.104574203491211,0.0,0.10333597980206832,0.10333597980206832,0.0,0,0,0.0007362259784713387,0.0,0.009597372001735494,0.0,0.0
neu_mbv2_pattern_mining,2026-02-08T11:36:33,1,401,81,0,1.0,0.00017638335702940822,0.0,0.3219591098604724,0.3219591098604724,0.0,0,0,0.0034489989920984954,0.0,0.028746911993948743,0.0,0.0
neu_mbv2_pattern_mining,2026-02-08T11:36:33,1,402,81,1,0.9375,0.16684183478355408,0.0,0.11351598979672417,0.11351598979672417,0.0,0,0,0.00091152498498559,0.0,0.010440073994686827,0.0,0.0
neu_mbv2_pattern_mining,2026-02-08T11:36:33,1,403,81,2,1.0,0.0002951612987089902,0.0,0.10431328002596274,0.10431328002596274,0.0,0,0,0.0007666139863431454,0.0,0.009664714016253129,0.0,0.0
neu_mbv2_pattern_mining,2026-02-08T11:36:33,1,404,81,3,0.984375,0.021631332114338875,0.0,0.089767909666989,0.089767909666989,0.0,0,0,0.0006716119823977351,0.0,0.008305178984301165,0.0,0.0
neu_mbv2_pattern_mining,2026-02-08T11:36:33,1,405,81,4,0.6666666666666666,0.5641598701477051,0.0,0.10886237025260925,0.10886237025260925,0.0,0,0,0.0006040570151526481,0.0,0.010282180010108277,0.0,0.0
neu_mbv2_pattern_mining,2026-02-08T11:36:34,2,401,81,0,1.0,0.00043886128696613014,0.0,0.5910716200014576,0.5910716200014576,0.0,0,0,0.006854671984910965,0.0,0.0522524900152348,0.0,0.0
neu_mbv2_pattern_mining,2026-02-08T11:36:34,2,402,81,1,0.96875,0.1221977174282074,0.0,0.12495558010414243,0.12495558010414243,0.0,0,0,0.0008996020187623799,0.0,0.011595955991651863,0.0,0.0
neu_mbv2_pattern_mining,2026-02-08T11:36:34,2,403,81,2,1.0,0.01086131576448679,0.0,0.13828335999278352,0.13828335999278352,0.0,0,0,0.0009768269956111908,0.0,0.012851509003667161,0.0,0.0
neu_mbv2_pattern_mining,2026-02-08T11:36:34,2,404,81,3,0.984375,0.04393501579761505,0.0,0.13037138036452234,0.13037138036452234,0.0,0,0,0.0009195530146826059,0.0,0.012117585021769628,0.0,0.0
neu_mbv2_pattern_mining,2026-02-08T11:36:34,2,405,81,4,0.6666666666666666,1.4216705560684204,0.0,0.1482771901646629,0.1482771901646629,0.0,0,0,0.0008396980119869113,0.0,0.013988021004479378,0.0,0.0
neu_mbv2_pattern_mining,2026-02-08T11:36:35,3,401,81,0,1.0,9.210196367348544e-06,0.0,0.5980295198969543,0.5980295198969543,0.0,0,0,0.005787951988168061,0.0,0.05401500000152737,0.0,0.0
neu_mbv2_pattern_mining,2026-02-08T11:36:35,3,402,81,1,1.0,7.666517922189087e-05,0.0,0.14519870979711413,0.14519870979711413,0.0,0,0,0.0010077869810629636,0.0,0.01351208399864845,0.0,0.0
neu_mbv2_pattern_mining,2026-02-08T11:36:35,3,403,81,2,0.953125,0.19572295248508453,0.0,0.13074247020995244,0.13074247020995244,0.0,0,0,0.0009181820205412805,0.0,0.012156065000453964,0.0,0.0
neu_mbv2_pattern_mining,2026-02-08T11:36:35,3,404,81,3,1.0,0.007973214611411095,0.0,0.12229486019350588,0.12229486019350588,0.0,0,0,0.000858468993101269,0.0,0.01137101702624932,0.0,0.0
neu_mbv2_pattern_mining,2026-02-08T11:36:35,3,405,81,4,0.6666666666666666,2.7579498291015625,0.0,0.15814812970347703,0.15814812970347703,0.0,0,0,0.000920192978810519,0.0,0.014894619991537184,0.0,0.0
neu_mbv2_pattern_mining,2026-02-08T11:36:36,4,401,81,0,1.0,1.4034247215022333e-05,0.0,0.6061334602418356,0.6061334602418356,0.0,0,0,0.006655574019532651,0.0,0.053957772004650906,0.0,0.0
neu_mbv2_pattern_mining,2026-02-08T11:36:36,4,402,81,1,1.0,7.096470653777942e-06,0.0,0.1178790201083757,0.1178790201083757,0.0,0,0,0.0008378310012631118,0.0,0.010950071009574458,0.0,0.0
neu_mbv2_pattern_mining,2026-02-08T11:36:36,4,403,81,2,1.0,0.0011155882384628057,0.0,0.11494963982841,0.11494963982841,0.0,0,0,0.0007955239852890372,0.0,0.010699439997551963,0.0,0.0
neu_mbv2_pattern_mining,2026-02-08T11:36:36,4,404,81,3,1.0,0.0016766247572377324,0.0,0.10892767983023077,0.10892767983023077,0.0,0,0,0.0007649659819435328,0.0,0.010127802001079544,0.0,0.0
neu_mbv2_pattern_mining,2026-02-08T11:36:36,4,405,81,4,0.3333333333333333,1.539380431175232,0.0,0.1432590198237449,0.1432590198237449,0.0,0,0,0.0008146899926941842,0.0,0.013511211989680305,0.0,0.0
neu_mbv2_pattern_mining,2026-02-08T11:36:37,0,406,82,0,1.0,0.00025440281024202704,0.0,0.5824376698001288,0.5824376698001288,0.0,0,0,0.004306895978515968,0.0,0.05393687100149691,0.0,0.0
neu_mbv2_pattern_mining,2026-02-08T11:36:37,0,407,82,1,1.0,0.0007560496451333165,0.0,0.15226531977532431,0.15226531977532431,0.0,0,0,0.001094719977118075,0.0,0.014131812000414357,0.0,0.0
neu_mbv2_pattern_mining,2026-02-08T11:36:37,0,408,82,2,1.0,0.0028074877336621284,0.0,0.14000657014548779,0.14000657014548779,0.0,0,0,0.0009917470160871744,0.0,0.013008909998461604,0.0,0.0
neu_mbv2_pattern_mining,2026-02-08T11:36:37,0,409,82,3,0.890625,0.3774118423461914,0.0,0.08511399006238207,0.08511399006238207,0.0,0,0,0.00071738101541996,0.0,0.007794017990818247,0.0,0.0
neu_mbv2_pattern_mining,2026-02-08T11:36:37,0,410,82,4,0.5,0.8116726875305176,0.0,0.08701235987246037,0.08701235987246037,0.0,0,0,0.0006917119899298996,0.0,0.008009523997316137,0.0,0.0
neu_mbv2_pattern_mining,2026-02-08T11:36:38,1,406,82,0,1.0,0.0001290814543608576,0.0,0.5853574600769207,0.5853574600769207,0.0,0,0,0.0067832740023732185,0.0,0.05175247200531885,0.0,0.0
neu_mbv2_pattern_mining,2026-02-08T11:36:38,1,407,82,1,0.953125,0.2630592882633209,0.0,0.12405532994307578,0.12405532994307578,0.0,0,0,0.0009179470071103424,0.0,0.011487585987197235,0.0,0.0
neu_mbv2_pattern_mining,2026-02-08T11:36:38,1,408,82,2,0.984375,0.04522142559289932,0.0,0.144503689953126,0.144503689953126,0.0,0,0,0.0011085610021837056,0.0,0.013341807993128896,0.0,0.0
neu_mbv2_pattern_mining,2026-02-08T11:36:38,1,409,82,3,0.984375,0.09676668047904968,0.0,0.13545521011110395,0.13545521011110395,0.0,0,0,0.001066558004822582,0.0,0.012478963006287813,0.0,0.0
neu_mbv2_pattern_mining,2026-02-08T11:36:38,1,410,82,4,0.3333333333333333,1.650652289390564,0.0,0.15684621001128107,0.15684621001128107,0.0,0,0,0.0008902620174922049,0.0,0.014794358983635902,0.0,0.0
neu_mbv2_pattern_mining,2026-02-08T11:36:39,2,406,82,0,1.0,3.1831481464905664e-05,0.0,0.5958544599707238,0.5958544599707238,0.0,0,0,0.006797158013796434,0.0,0.05278828798327595,0.0,0.0
neu_mbv2_pattern_mining,2026-02-08T11:36:39,2,407,82,1,0.96875,0.2289237082004547,0.0,0.1426318901940249,0.1426318901940249,0.0,0,0,0.0010202130069956183,0.0,0.01324297601240687,0.0,0.0
neu_mbv2_pattern_mining,2026-02-08T11:36:39,2,408,82,2,1.0,0.004582342691719532,0.0,0.14049154007807374,0.14049154007807374,0.0,0,0,0.000988345011137426,0.0,0.013060808996669948,0.0,0.0
neu_mbv2_pattern_mining,2026-02-08T11:36:39,2,409,82,3,1.0,0.012190776877105236,0.0,0.1549929499742575,0.1549929499742575,0.0,0,0,0.0010533049935474992,0.0,0.01444599000387825,0.0,0.0
neu_mbv2_pattern_mining,2026-02-08T11:36:39,2,410,82,4,1.0,0.2641662061214447,0.0,0.16305055003613234,0.16305055003613234,0.0,0,0,0.0009117390145547688,0.0,0.015393315989058465,0.0,0.0
neu_mbv2_pattern_mining,2026-02-08T11:36:39,3,406,82,0,1.0,6.554580613737926e-05,0.0,0.3802125100628473,0.3802125100628473,0.0,0,0,0.004347050009528175,0.0,0.033674200996756554,0.0,0.0
neu_mbv2_pattern_mining,2026-02-08T11:36:39,3,407,82,1,1.0,0.003140544518828392,0.0,0.08629204996395856,0.08629204996395856,0.0,0,0,0.0007291380024980754,0.0,0.00790006699389778,0.0,0.0
neu_mbv2_pattern_mining,2026-02-08T11:36:39,3,408,82,2,0.921875,0.21103568375110626,0.0,0.09331699984613806,0.09331699984613806,0.0,0,0,0.0007203409913927317,0.0,0.008611358993221074,0.0,0.0
neu_mbv2_pattern_mining,2026-02-08T11:36:39,3,409,82,3,1.0,0.000834353209938854,0.0,0.08153947012033314,0.08153947012033314,0.0,0,0,0.0005792560114059597,0.0,0.007574691000627354,0.0,0.0
neu_mbv2_pattern_mining,2026-02-08T11:36:40,3,410,82,4,1.0,0.14191552996635437,0.0,0.10508716019103304,0.10508716019103304,0.0,0,0,0.0005725380033254623,0.0,0.009936178015777841,0.0,0.0
neu_mbv2_pattern_mining,2026-02-08T11:36:40,4,406,82,0,1.0,0.0001809781970223412,0.0,0.4847678099758923,0.4847678099758923,0.0,0,0,0.004996139003196731,0.0,0.0434806419943925,0.0,0.0
neu_mbv2_pattern_mining,2026-02-08T11:36:40,4,407,82,1,0.984375,0.11994542926549911,0.0,0.13271769013954327,0.13271769013954327,0.0,0,0,0.0009433529921807349,0.0,0.012328416021773592,0.0,0.0
neu_mbv2_pattern_mining,2026-02-08T11:36:40,4,408,82,2,1.0,0.0028891190886497498,0.0,0.08098335994873196,0.08098335994873196,0.0,0,0,0.0005695500003639609,0.0,0.007528785994509235,0.0,0.0
neu_mbv2_pattern_mining,2026-02-08T11:36:40,4,409,82,3,0.78125,1.225055456161499,0.0,0.09164217975921929,0.09164217975921929,0.0,0,0,0.0006587609823327512,0.0,0.008505456993589178,0.0,0.0
neu_mbv2_pattern_mining,2026-02-08T11:36:40,4,410,82,4,0.6666666666666666,0.5413033366203308,0.0,0.11228337010834366,0.11228337010834366,0.0,0,0,0.0006241360097192228,0.0,0.010604201001115143,0.0,0.0
neu_mbv2_pattern_mining,2026-02-08T11:36:41,0,411,83,0,1.0,0.0001432182762073353,0.0,0.48537142982240766,0.48537142982240766,0.0,0,0,0.0038004099915269762,0.0,0.04473673299071379,0.0,0.0
neu_mbv2_pattern_mining,2026-02-08T11:36:42,0,412,83,1,1.0,0.0033712293952703476,0.0,0.13642862002598122,0.13642862002598122,0.0,0,0,0.0010603319969959557,0.0,0.012582530005602166,0.0,0.0
neu_mbv2_pattern_mining,2026-02-08T11:36:42,0,413,83,2,0.984375,0.19758173823356628,0.0,0.13179383997339755,0.13179383997339755,0.0,0,0,0.0009484050096943974,0.0,0.012230978987645358,0.0,0.0
neu_mbv2_pattern_mining,2026-02-08T11:36:42,0,414,83,3,1.0,0.008787154220044613,0.0,0.1251246698666364,0.1251246698666364,0.0,0,0,0.0008922010019887239,0.0,0.011620265984674916,0.0,0.0
neu_mbv2_pattern_mining,2026-02-08T11:36:42,0,415,83,4,1.0,0.027864716947078705,0.0,0.13428444013698027,0.13428444013698027,0.0,0,0,0.0009049650107044727,0.0,0.012523479002993554,0.0,0.0
neu_mbv2_pattern_mining,2026-02-08T11:36:42,1,411,83,0,1.0,0.0004289140342734754,0.0,0.5937322101090103,0.5937322101090103,0.0,0,0,0.006306396011495963,0.0,0.05306682499940507,0.0,0.0
neu_mbv2_pattern_mining,2026-02-08T11:36:42,1,412,83,1,0.90625,0.3877357840538025,0.0,0.1714010300929658,0.1714010300929658,0.0,0,0,0.0013785379996988922,0.0,0.01576156500959769,0.0,0.0
neu_mbv2_pattern_mining,2026-02-08T11:36:42,1,413,83,2,1.0,0.0017920436803251505,0.0,0.15338922996306792,0.15338922996306792,0.0,0,0,0.0011074569774791598,0.0,0.014231466018827632,0.0,0.0
neu_mbv2_pattern_mining,2026-02-08T11:36:42,1,414,83,3,1.0,0.0017930821049958467,0.0,0.14183394028805196,0.14183394028805196,0.0,0,0,0.0010102970118168741,0.0,0.013173097016988322,0.0,0.0
neu_mbv2_pattern_mining,2026-02-08T11:36:42,1,415,83,4,1.0,0.036888282746076584,0.0,0.1692123501561582,0.1692123501561582,0.0,0,0,0.0009377530077472329,0.0,0.015983482007868588,0.0,0.0
neu_mbv2_pattern_mining,2026-02-08T11:36:43,2,411,83,0,1.0,0.000430388783570379,0.0,0.3120593397761695,0.3120593397761695,0.0,0,0,0.0043678229849319905,0.0,0.02683811099268496,0.0,0.0
neu_mbv2_pattern_mining,2026-02-08T11:36:43,2,412,83,1,1.0,9.907904313877225e-05,0.0,0.10168070992222056,0.10168070992222056,0.0,0,0,0.0007504969835281372,0.0,0.009417574008693919,0.0,0.0
neu_mbv2_pattern_mining,2026-02-08T11:36:43,2,413,83,2,0.921875,0.13522014021873474,0.0,0.1109652902232483,0.1109652902232483,0.0,0,0,0.0008300490153487772,0.0,0.010266480006976053,0.0,0.0
neu_mbv2_pattern_mining,2026-02-08T11:36:43,2,414,83,3,1.0,0.0023640852887183428,0.0,0.11002188985003158,0.11002188985003158,0.0,0,0,0.0007862469938118011,0.0,0.010215941991191357,0.0,0.0
neu_mbv2_pattern_mining,2026-02-08T11:36:43,2,415,83,4,1.0,0.07816561311483383,0.0,0.13493174978066236,0.13493174978066236,0.0,0,0,0.00077047199010849,0.0,0.012722702987957746,0.0,0.0
neu_mbv2_pattern_mining,2026-02-08T11:36:44,3,411,83,0,1.0,0.0006890951772220433,0.0,0.30715419008629397,0.30715419008629397,0.0,0,0,0.003592521999962628,0.0,0.02712289700866677,0.0,0.0
neu_mbv2_pattern_mining,2026-02-08T11:36:44,3,412,83,1,0.984375,0.05445629730820656,0.0,0.10557172994595021,0.10557172994595021,0.0,0,0,0.000744727993151173,0.0,0.009812445001443848,0.0,0.0
neu_mbv2_pattern_mining,2026-02-08T11:36:44,3,413,83,2,1.0,0.0009219937492161989,0.0,0.10408475005533546,0.10408475005533546,0.0,0,0,0.0007377870206255466,0.0,0.009670687984908,0.0,0.0
neu_mbv2_pattern_mining,2026-02-08T11:36:44,3,414,83,3,1.0,0.021458331495523453,0.0,0.11643915990134701,0.11643915990134701,0.0,0,0,0.000937271979637444,0.0,0.010706644010497257,0.0,0.0
neu_mbv2_pattern_mining,2026-02-08T11:36:44,3,415,83,4,1.0,0.04958876967430115,0.0,0.13209014985477552,0.13209014985477552,0.0,0,0,0.0007781439926475286,0.0,0.012430870992830023,0.0,0.0
neu_mbv2_pattern_mining,2026-02-08T11:36:45,4,411,83,0,1.0,0.0002606184862088412,0.0,0.6533703400054947,0.6533703400054947,0.0,0,0,0.008707770000910386,0.0,0.05662926399963908,0.0,0.0
neu_mbv2_pattern_mining,2026-02-08T11:36:45,4,412,83,1,1.0,5.996887557557784e-05,0.0,0.13202226982684806,0.13202226982684806,0.0,0,0,0.0012208959960844368,0.0,0.01198133098660037,0.0,0.0
neu_mbv2_pattern_mining,2026-02-08T11:36:45,4,413,83,2,0.96875,0.07698681205511093,0.0,0.1329877000534907,0.1329877000534907,0.0,0,0,0.0009735370113048702,0.0,0.0123252329940442,0.0,0.0
neu_mbv2_pattern_mining,2026-02-08T11:36:45,4,414,83,3,1.0,0.005336526315659285,0.0,0.14405933994567022,0.14405933994567022,0.0,0,0,0.0010888680117204785,0.0,0.013317065982846543,0.0,0.0
neu_mbv2_pattern_mining,2026-02-08T11:36:45,4,415,83,4,0.3333333333333333,2.0677077770233154,0.0,0.17868313036160544,0.17868313036160544,0.0,0,0,0.0010762140154838562,0.0,0.016792099020676687,0.0,0.0
neu_mbv2_pattern_mining,2026-02-08T11:36:46,0,416,84,0,1.0,8.859086847223807e-06,0.0,0.506639700033702,0.506639700033702,0.0,0,0,0.0030288620037026703,0.0,0.047635107999667525,0.0,0.0
neu_mbv2_pattern_mining,2026-02-08T11:36:46,0,417,84,1,1.0,0.00018294868641532958,0.0,0.12599029985722154,0.12599029985722154,0.0,0,0,0.0009174339938908815,0.0,0.011681595991831273,0.0,0.0
neu_mbv2_pattern_mining,2026-02-08T11:36:46,0,418,84,2,1.0,0.0002222395414719358,0.0,0.12421708990586922,0.12421708990586922,0.0,0,0,0.0009142429917119443,0.0,0.011507465998874977,0.0,0.0
neu_mbv2_pattern_mining,2026-02-08T11:36:46,0,419,84,3,0.96875,0.3303838074207306,0.0,0.13016167969908565,0.13016167969908565,0.0,0,0,0.0010498539777472615,0.0,0.011966313992161304,0.0,0.0
neu_mbv2_pattern_mining,2026-02-08T11:36:46,0,420,84,4,0.0,4.3394246101379395,0.0,0.12726718035992235,0.12726718035992235,0.0,0,0,0.0009649670100770891,0.0,0.011761751025915146,0.0,0.0
neu_mbv2_pattern_mining,2026-02-08T11:36:47,1,416,84,0,1.0,7.821102371963207e-06,0.0,0.33478583995020017,0.33478583995020017,0.0,0,0,0.004842153983190656,0.0,0.02863643001182936,0.0,0.0
neu_mbv2_pattern_mining,2026-02-08T11:36:47,1,417,84,1,1.0,0.00121150107588619,0.0,0.10839095979463309,0.10839095979463309,0.0,0,0,0.0008382939849980175,0.0,0.010000801994465292,0.0,0.0
neu_mbv2_pattern_mining,2026-02-08T11:36:47,1,418,84,2,1.0,0.003923158161342144,0.0,0.10964223009068519,0.10964223009068519,0.0,0,0,0.0007594320049975067,0.0,0.010204791004071012,0.0,0.0
neu_mbv2_pattern_mining,2026-02-08T11:36:47,1,419,84,3,1.0,0.012027469463646412,0.0,0.11476895015221089,0.11476895015221089,0.0,0,0,0.0007862280181143433,0.0,0.010690666997106746,0.0,0.0
neu_mbv2_pattern_mining,2026-02-08T11:36:47,1,420,84,4,0.0,4.949068069458008,0.0,0.15174386993749067,0.15174386993749067,0.0,0,0,0.0008135759853757918,0.0,0.014360811008373275,0.0,0.0
neu_mbv2_pattern_mining,2026-02-08T11:36:48,2,416,84,0,1.0,6.706959538860247e-05,0.0,0.6059530700440519,0.6059530700440519,0.0,0,0,0.006978933000937104,0.0,0.05361637400346808,0.0,0.0
neu_mbv2_pattern_mining,2026-02-08T11:36:48,2,417,84,1,1.0,0.00015920112491585314,0.0,0.16640140995150432,0.16640140995150432,0.0,0,0,0.0013765149924438447,0.0,0.015263626002706587,0.0,0.0
neu_mbv2_pattern_mining,2026-02-08T11:36:48,2,418,84,2,1.0,0.0008965490851551294,0.0,0.1509331600391306,0.1509331600391306,0.0,0,0,0.0011010380112566054,0.0,0.013992277992656454,0.0,0.0
neu_mbv2_pattern_mining,2026-02-08T11:36:48,2,419,84,3,0.96875,0.2547851800918579,0.0,0.13098057999741286,0.13098057999741286,0.0,0,0,0.0009136809967458248,0.0,0.012184377002995461,0.0,0.0
neu_mbv2_pattern_mining,2026-02-08T11:36:48,2,420,84,4,0.6666666666666666,1.1424294710159302,0.0,0.1623818400548771,0.1623818400548771,0.0,0,0,0.0009388100006617606,0.0,0.01529937400482595,0.0,0.0
neu_mbv2_pattern_mining,2026-02-08T11:36:49,3,416,84,0,1.0,1.0497520634089597e-05,0.0,0.5042904798756354,0.5042904798756354,0.0,0,0,0.005951157974777743,0.0,0.04447789001278579,0.0,0.0
neu_mbv2_pattern_mining,2026-02-08T11:36:49,3,417,84,1,1.0,0.0005908618913963437,0.0,0.1210354603244923,0.1210354603244923,0.0,0,0,0.0009491520177107304,0.0,0.0111543940147385,0.0,0.0
neu_mbv2_pattern_mining,2026-02-08T11:36:49,3,418,84,2,1.0,0.0015727856662124395,0.0,0.12512103974586353,0.12512103974586353,0.0,0,0,0.0008991789945866913,0.0,0.011612924979999661,0.0,0.0
neu_mbv2_pattern_mining,2026-02-08T11:36:49,3,419,84,3,0.96875,0.13449226319789886,0.0,0.12448056018911302,0.12448056018911302,0.0,0,0,0.0008858400105964392,0.0,0.011562216008314863,0.0,0.0
neu_mbv2_pattern_mining,2026-02-08T11:36:49,3,420,84,4,0.6666666666666666,0.430085688829422,0.0,0.14474540017545223,0.14474540017545223,0.0,0,0,0.000877567013958469,0.0,0.013596973003586754,0.0,0.0
neu_mbv2_pattern_mining,2026-02-08T11:36:50,4,416,84,0,1.0,2.319433042430319e-05,0.0,0.5233356598182581,0.5233356598182581,0.0,0,0,0.006801144976634532,0.0,0.04553242100519128,0.0,0.0
neu_mbv2_pattern_mining,2026-02-08T11:36:50,4,417,84,1,1.0,2.952139766421169e-05,0.0,0.1197851198958233,0.1197851198958233,0.0,0,0,0.0009246160043403506,0.0,0.01105389598524198,0.0,0.0
neu_mbv2_pattern_mining,2026-02-08T11:36:50,4,418,84,2,1.0,0.00020820731879211962,0.0,0.11575025971978903,0.11575025971978903,0.0,0,0,0.0008405849803239107,0.0,0.010734440991654992,0.0,0.0
neu_mbv2_pattern_mining,2026-02-08T11:36:50,4,419,84,3,0.953125,0.3533695340156555,0.0,0.1039134300663136,0.1039134300663136,0.0,0,0,0.000754253997001797,0.0,0.009637089009629562,0.0,0.0
neu_mbv2_pattern_mining,2026-02-08T11:36:50,4,420,84,4,0.6666666666666666,0.28899505734443665,0.0,0.11582160019315779,0.11582160019315779,0.0,0,0,0.0007179260137490928,0.0,0.010864234005566686,0.0,0.0
neu_mbv2_pattern_mining,2026-02-08T11:36:51,0,421,85,0,1.0,6.531742656079587e-06,0.0,0.3611836300115101,0.3611836300115101,0.0,0,0,0.0027926650072913617,0.0,0.03332569799385965,0.0,0.0
neu_mbv2_pattern_mining,2026-02-08T11:36:51,0,422,85,1,1.0,0.00033827783772721887,0.0,0.11461209011031315,0.11461209011031315,0.0,0,0,0.0008581120055168867,0.0,0.010603097005514428,0.0,0.0
neu_mbv2_pattern_mining,2026-02-08T11:36:51,0,423,85,2,1.0,0.00039349839789792895,0.0,0.11557583959074691,0.11557583959074691,0.0,0,0,0.0009438429842703044,0.0,0.010613740974804386,0.0,0.0
neu_mbv2_pattern_mining,2026-02-08T11:36:51,0,424,85,3,0.90625,0.19635406136512756,0.0,0.12125600012950599,0.12125600012950599,0.0,0,0,0.0009739740053191781,0.0,0.011151626007631421,0.0,0.0
neu_mbv2_pattern_mining,2026-02-08T11:36:51,0,425,85,4,1.0,0.0016965599497780204,0.0,0.11765036993892863,0.11765036993892863,0.0,0,0,0.0008037539955694228,0.0,0.01096128299832344,0.0,0.0
neu_mbv2_pattern_mining,2026-02-08T11:36:52,1,421,85,0,1.0,0.00026949981111101806,0.0,0.32363535021431744,0.32363535021431744,0.0,0,0,0.003459981002379209,0.0,0.028903554019052535,0.0,0.0
neu_mbv2_pattern_mining,2026-02-08T11:36:52,1,422,85,1,1.0,0.0043013631366193295,0.0,0.09643668978242204,0.09643668978242204,0.0,0,0,0.0007142929825931787,0.0,0.008929375995649025,0.0,0.0
neu_mbv2_pattern_mining,2026-02-08T11:36:52,1,423,85,2,1.0,8.826193516142666e-05,0.0,0.08861231006449088,0.08861231006449088,0.0,0,0,0.0006148240063339472,0.0,0.008246407000115141,0.0,0.0
neu_mbv2_pattern_mining,2026-02-08T11:36:52,1,424,85,3,1.0,0.009928670711815357,0.0,0.09042282035807148,0.09042282035807148,0.0,0,0,0.000711106025846675,0.0,0.008331176009960473,0.0,0.0
neu_mbv2_pattern_mining,2026-02-08T11:36:52,1,425,85,4,1.0,0.2078545242547989,0.0,0.14182807004544884,0.14182807004544884,0.0,0,0,0.0009196189930662513,0.0,0.013263188011478633,0.0,0.0
neu_mbv2_pattern_mining,2026-02-08T11:36:53,2,421,85,0,1.0,7.446183008141816e-05,0.0,0.46633480000309646,0.46633480000309646,0.0,0,0,0.005317870993167162,0.0,0.041315609007142484,0.0,0.0
neu_mbv2_pattern_mining,2026-02-08T11:36:53,2,422,85,1,0.953125,0.356061726808548,0.0,0.11751937010558322,0.11751937010558322,0.0,0,0,0.000841058004880324,0.0,0.010910879005677998,0.0,0.0
neu_mbv2_pattern_mining,2026-02-08T11:36:53,2,423,85,2,1.0,0.0008319390472024679,0.0,0.10419929021736607,0.10419929021736607,0.0,0,0,0.0007724990136921406,0.0,0.009647430008044466,0.0,0.0
neu_mbv2_pattern_mining,2026-02-08T11:36:53,2,424,85,3,0.890625,0.44813668727874756,0.0,0.10438457014970481,0.10438457014970481,0.0,0,0,0.0007724110037088394,0.0,0.009666046011261642,0.0,0.0
neu_mbv2_pattern_mining,2026-02-08T11:36:53,2,425,85,4,0.0,3.9592583179473877,0.0,0.13170249003451318,0.13170249003451318,0.0,0,0,0.0009137169981840998,0.0,0.012256532005267218,0.0,0.0
neu_mbv2_pattern_mining,2026-02-08T11:36:53,3,421,85,0,1.0,1.9342500308994204e-05,0.0,0.4440032198908739,0.4440032198908739,0.0,0,0,0.0050235829839948565,0.0,0.03937673900509253,0.0,0.0
neu_mbv2_pattern_mining,2026-02-08T11:36:53,3,422,85,1,1.0,0.0006921817548573017,0.0,0.11996571032796055,0.11996571032796055,0.0,0,0,0.0009504120098426938,0.0,0.011046159022953361,0.0,0.0
neu_mbv2_pattern_mining,2026-02-08T11:36:54,3,423,85,2,0.96875,0.08149635791778564,0.0,0.11587929038796574,0.11587929038796574,0.0,0,0,0.0009448100172448903,0.0,0.010643119021551684,0.0,0.0
neu_mbv2_pattern_mining,2026-02-08T11:36:54,3,424,85,3,1.0,0.00017030458548106253,0.0,0.11710084014339373,0.11710084014339373,0.0,0,0,0.0008216970018111169,0.0,0.010888387012528256,0.0,0.0
neu_mbv2_pattern_mining,2026-02-08T11:36:54,3,425,85,4,1.0,0.02975626103579998,0.0,0.1377842199872248,0.1377842199872248,0.0,0,0,0.0008304360089823604,0.0,0.012947985989740118,0.0,0.0
neu_mbv2_pattern_mining,2026-02-08T11:36:54,4,421,85,0,1.0,5.465136200655252e-05,0.0,0.462234060105402,0.462234060105402,0.0,0,0,0.005193009012145922,0.0,0.04103039699839428,0.0,0.0
neu_mbv2_pattern_mining,2026-02-08T11:36:54,4,422,85,1,1.0,0.0057611106894910336,0.0,0.12418227997841313,0.12418227997841313,0.0,0,0,0.0009651590080466121,0.0,0.011453068989794701,0.0,0.0
neu_mbv2_pattern_mining,2026-02-08T11:36:54,4,423,85,2,1.0,0.008685002103447914,0.0,0.12331893987720832,0.12331893987720832,0.0,0,0,0.0008016189967747778,0.0,0.011530274990946054,0.0,0.0
neu_mbv2_pattern_mining,2026-02-08T11:36:54,4,424,85,3,0.96875,0.05743403360247612,0.0,0.11689656996168196,0.11689656996168196,0.0,0,0,0.0008147059998009354,0.0,0.01087495099636726,0.0,0.0
neu_mbv2_pattern_mining,2026-02-08T11:36:54,4,425,85,4,0.0,4.525254726409912,0.0,0.1386321900645271,0.1386321900645271,0.0,0,0,0.0008572200022172183,0.0,0.013005999004235491,0.0,0.0
neu_mbv2_pattern_mining,2026-02-08T11:36:56,0,426,86,0,1.0,0.00027132421382702887,0.0,0.345746029925067,0.345746029925067,0.0,0,0,0.0022819619916845113,0.0,0.032292641000822186,0.0,0.0
neu_mbv2_pattern_mining,2026-02-08T11:36:56,0,427,86,1,0.828125,1.2020344734191895,0.0,0.12972578027984127,0.12972578027984127,0.0,0,0,0.0010576370113994926,0.0,0.011914941016584635,0.0,0.0
neu_mbv2_pattern_mining,2026-02-08T11:36:56,0,428,86,2,0.984375,0.031003380194306374,0.0,0.12087918003089726,0.12087918003089726,0.0,0,0,0.0009916849958244711,0.0,0.011096233007265255,0.0,0.0
neu_mbv2_pattern_mining,2026-02-08T11:36:56,0,429,86,3,1.0,0.003265760373324156,0.0,0.1020888501079753,0.1020888501079753,0.0,0,0,0.0009632340224925429,0.0,0.009245650988304988,0.0,0.0
neu_mbv2_pattern_mining,2026-02-08T11:36:56,0,430,86,4,1.0,0.26642853021621704,0.0,0.0961343600647524,0.0961343600647524,0.0,0,0,0.0007141430105548352,0.0,0.008899292995920405,0.0,0.0
neu_mbv2_pattern_mining,2026-02-08T11:36:56,1,426,86,0,1.0,0.0018911776132881641,0.0,0.486040020477958,0.486040020477958,0.0,0,0,0.005637898022541776,0.0,0.042966104025254026,0.0,0.0
neu_mbv2_pattern_mining,2026-02-08T11:36:56,1,427,86,1,0.9375,0.320649653673172,0.0,0.08971141971414909,0.08971141971414909,0.0,0,0,0.0007885919767431915,0.0,0.008182549994671717,0.0,0.0
neu_mbv2_pattern_mining,2026-02-08T11:36:56,1,428,86,2,1.0,0.0011685199569910765,0.0,0.09201691020280123,0.09201691020280123,0.0,0,0,0.0009154370054602623,0.0,0.00828625401481986,0.0,0.0
neu_mbv2_pattern_mining,2026-02-08T11:36:57,1,429,86,3,1.0,0.0022864772472530603,0.0,0.09298731980379671,0.09298731980379671,0.0,0,0,0.0006022629968356341,0.0,0.008696468983544037,0.0,0.0
neu_mbv2_pattern_mining,2026-02-08T11:36:57,1,430,86,4,0.6666666666666666,2.5106089115142822,0.0,0.1115970901446417,0.1115970901446417,0.0,0,0,0.0006108820089139044,0.0,0.010548827005550265,0.0,0.0
neu_mbv2_pattern_mining,2026-02-08T11:36:57,2,426,86,0,0.984375,0.05196712538599968,0.0,0.3074536702479236,0.3074536702479236,0.0,0,0,0.0032857420155778527,0.0,0.027459625009214506,0.0,0.0
neu_mbv2_pattern_mining,2026-02-08T11:36:57,2,427,86,1,0.875,0.7739453315734863,0.0,0.1176388599560596,0.1176388599560596,0.0,0,0,0.0008955489902291447,0.0,0.010868337005376816,0.0,0.0
neu_mbv2_pattern_mining,2026-02-08T11:36:57,2,428,86,2,0.953125,0.14770691096782684,0.0,0.1105789898429066,0.1105789898429066,0.0,0,0,0.0007786609930917621,0.0,0.010279237991198897,0.0,0.0
neu_mbv2_pattern_mining,2026-02-08T11:36:57,2,429,86,3,0.921875,0.28365787863731384,0.0,0.12179497018223628,0.12179497018223628,0.0,0,0,0.001093717000912875,0.0,0.011085780017310753,0.0,0.0
neu_mbv2_pattern_mining,2026-02-08T11:36:57,2,430,86,4,0.3333333333333333,1.5257269144058228,0.0,0.14723995991516858,0.14723995991516858,0.0,0,0,0.000888173992279917,0.0,0.013835821999236941,0.0,0.0
neu_mbv2_pattern_mining,2026-02-08T11:36:58,3,426,86,0,1.0,1.1726114280463662e-05,0.0,0.3426244101137854,0.3426244101137854,0.0,0,0,0.004322689987020567,0.0,0.029939751024357975,0.0,0.0
neu_mbv2_pattern_mining,2026-02-08T11:36:58,3,427,86,1,0.984375,0.040466565638780594,0.0,0.11313675990095362,0.11313675990095362,0.0,0,0,0.0009100699971895665,0.0,0.010403605992905796,0.0,0.0
neu_mbv2_pattern_mining,2026-02-08T11:36:58,3,428,86,2,1.0,0.0032617126125842333,0.0,0.10369970026658848,0.10369970026658848,0.0,0,0,0.0007289680070243776,0.0,0.00964100201963447,0.0,0.0
neu_mbv2_pattern_mining,2026-02-08T11:36:58,3,429,86,3,0.96875,0.05411809682846069,0.0,0.09418590023415163,0.09418590023415163,0.0,0,0,0.0006922040192876011,0.0,0.008726386004127562,0.0,0.0
neu_mbv2_pattern_mining,2026-02-08T11:36:58,3,430,86,4,0.6666666666666666,2.06183123588562,0.0,0.11157291970448568,0.11157291970448568,0.0,0,0,0.0006188299739733338,0.0,0.010538461996475235,0.0,0.0
neu_mbv2_pattern_mining,2026-02-08T11:36:59,4,426,86,0,1.0,5.5620861530769616e-05,0.0,0.30730669997865334,0.30730669997865334,0.0,0,0,0.003955430001951754,0.0,0.02677523999591358,0.0,0.0
neu_mbv2_pattern_mining,2026-02-08T11:36:59,4,427,86,1,1.0,0.0011474067578092217,0.0,0.11452236998593435,0.11452236998593435,0.0,0,0,0.000941531005082652,0.0,0.010510705993510783,0.0,0.0
neu_mbv2_pattern_mining,2026-02-08T11:36:59,4,428,86,2,0.984375,0.11458846926689148,0.0,0.10465012979693711,0.10465012979693711,0.0,0,0,0.0008396449848078191,0.0,0.009625367994885892,0.0,0.0
neu_mbv2_pattern_mining,2026-02-08T11:36:59,4,429,86,3,0.984375,0.01865781471133232,0.0,0.10340311011532322,0.10340311011532322,0.0,0,0,0.0008100350096356124,0.0,0.00953027600189671,0.0,0.0
neu_mbv2_pattern_mining,2026-02-08T11:36:59,4,430,86,4,0.6666666666666666,1.0217078924179077,0.0,0.12129002978326753,0.12129002978326753,0.0,0,0,0.0006977879966143519,0.0,0.011431214981712401,0.0,0.0
neu_mbv2_pattern_mining,2026-02-08T11:37:00,0,431,87,0,0.96875,0.03448338061571121,0.0,0.43337326002074406,0.43337326002074406,0.0,0,0,0.002518938999855891,0.0,0.040818387002218515,0.0,0.0
neu_mbv2_pattern_mining,2026-02-08T11:37:00,0,432,87,1,0.921875,0.36988136172294617,0.0,0.1367917502648197,0.1367917502648197,0.0,0,0,0.0010422310151625425,0.0,0.012636944011319429,0.0,0.0
neu_mbv2_pattern_mining,2026-02-08T11:37:00,0,433,87,2,1.0,0.001594539382494986,0.0,0.12070352997398004,0.12070352997398004,0.0,0,0,0.0008510240004397929,0.0,0.011219328996958211,0.0,0.0
neu_mbv2_pattern_mining,2026-02-08T11:37:00,0,434,87,3,0.984375,0.030463140457868576,0.0,0.12868776975665241,0.12868776975665241,0.0,0,0,0.0009257839992642403,0.0,0.011942992976401001,0.0,0.0
neu_mbv2_pattern_mining,2026-02-08T11:37:00,0,435,87,4,0.5,0.9203177690505981,0.0,0.1219044002937153,0.1219044002937153,0.0,0,0,0.0008258190064225346,0.0,0.011364621022948995,0.0,0.0
neu_mbv2_pattern_mining,2026-02-08T11:37:01,1,431,87,0,1.0,0.0023977411910891533,0.0,0.4556357700494118,0.4556357700494118,0.0,0,0,0.005227173998719081,0.0,0.0403364030062221,0.0,0.0
neu_mbv2_pattern_mining,2026-02-08T11:37:01,1,432,87,1,1.0,0.0003400403948035091,0.0,0.1231774702318944,0.1231774702318944,0.0,0,0,0.0009011700167320669,0.0,0.011416577006457373,0.0,0.0
neu_mbv2_pattern_mining,2026-02-08T11:37:01,1,433,87,2,0.953125,0.18628953397274017,0.0,0.11980297975242138,0.11980297975242138,0.0,0,0,0.0008544029842596501,0.0,0.011125894990982488,0.0,0.0
neu_mbv2_pattern_mining,2026-02-08T11:37:01,1,434,87,3,1.0,0.004839727655053139,0.0,0.12041604029946029,0.12041604029946029,0.0,0,0,0.0008532890060450882,0.0,0.011188315023900941,0.0,0.0
neu_mbv2_pattern_mining,2026-02-08T11:37:01,1,435,87,4,0.6666666666666666,0.8614804148674011,0.0,0.1592329001869075,0.1592329001869075,0.0,0,0,0.0009074690169654787,0.0,0.015015821001725271,0.0,0.0
neu_mbv2_pattern_mining,2026-02-08T11:37:02,2,431,87,0,1.0,0.00835131760686636,0.0,0.3710694899200462,0.3710694899200462,0.0,0,0,0.003921818017261103,0.0,0.033185130974743515,0.0,0.0
neu_mbv2_pattern_mining,2026-02-08T11:37:02,2,432,87,1,0.984375,0.05928293615579605,0.0,0.1037939201341942,0.1037939201341942,0.0,0,0,0.0007364150078501552,0.0,0.009642977005569264,0.0,0.0
neu_mbv2_pattern_mining,2026-02-08T11:37:02,2,433,87,2,1.0,0.006653353106230497,0.0,0.10692153970012441,0.10692153970012441,0.0,0,0,0.0009648139821365476,0.0,0.009727339987875894,0.0,0.0
neu_mbv2_pattern_mining,2026-02-08T11:37:02,2,434,87,3,1.0,0.0026045991107821465,0.0,0.10954807017697021,0.10954807017697021,0.0,0,0,0.0009600850171409547,0.0,0.009994722000556067,0.0,0.0
neu_mbv2_pattern_mining,2026-02-08T11:37:02,2,435,87,4,0.0,3.918787717819214,0.0,0.13575598975876346,0.13575598975876346,0.0,0,0,0.0008474269998259842,0.0,0.012728171976050362,0.0,0.0
neu_mbv2_pattern_mining,2026-02-08T11:37:02,3,431,87,0,1.0,6.943015614524484e-05,0.0,0.39645951008424163,0.39645951008424163,0.0,0,0,0.004539009998552501,0.0,0.03510694100987166,0.0,0.0
neu_mbv2_pattern_mining,2026-02-08T11:37:02,3,432,87,1,1.0,0.00043074475252069533,0.0,0.1088534199516289,0.1088534199516289,0.0,0,0,0.0010195669892709702,0.0,0.00986577500589192,0.0,0.0
neu_mbv2_pattern_mining,2026-02-08T11:37:02,3,433,87,2,0.984375,0.05535642430186272,0.0,0.10474298003828153,0.10474298003828153,0.0,0,0,0.0007230149931274354,0.0,0.009751283010700718,0.0,0.0
neu_mbv2_pattern_mining,2026-02-08T11:37:02,3,434,87,3,0.984375,0.02204723097383976,0.0,0.10512854030821472,0.10512854030821472,0.0,0,0,0.0007477640174329281,0.0,0.009765090013388544,0.0,0.0
neu_mbv2_pattern_mining,2026-02-08T11:37:02,3,435,87,4,1.0,0.026990672573447227,0.0,0.13160641014110297,0.13160641014110297,0.0,0,0,0.0007555540069006383,0.0,0.012405087007209659,0.0,0.0
neu_mbv2_pattern_mining,2026-02-08T11:37:03,4,431,87,0,1.0,0.0013466038508340716,0.0,0.5933018599171191,0.5933018599171191,0.0,0,0,0.005808465997688472,0.0,0.05352171999402344,0.0,0.0
neu_mbv2_pattern_mining,2026-02-08T11:37:03,4,432,87,1,1.0,0.00039177254075184464,0.0,0.12636717990972102,0.12636717990972102,0.0,0,0,0.0009217759943567216,0.0,0.01171494199661538,0.0,0.0
neu_mbv2_pattern_mining,2026-02-08T11:37:03,4,433,87,2,0.984375,0.04715627804398537,0.0,0.13971503998618573,0.13971503998618573,0.0,0,0,0.0009971520048566163,0.0,0.012974351993761957,0.0,0.0
neu_mbv2_pattern_mining,2026-02-08T11:37:03,4,434,87,3,0.984375,0.06444379687309265,0.0,0.1328305300557986,0.1328305300557986,0.0,0,0,0.0009348400053568184,0.0,0.01234821300022304,0.0,0.0
neu_mbv2_pattern_mining,2026-02-08T11:37:03,4,435,87,4,0.6666666666666666,1.901065468788147,0.0,0.16340100002707914,0.16340100002707914,0.0,0,0,0.0009203380031976849,0.0,0.015419761999510229,0.0,0.0
neu_mbv2_pattern_mining,2026-02-08T11:37:04,0,436,88,0,1.0,2.6380843337392434e-05,0.0,0.6712824502028525,0.6712824502028525,0.0,0,0,0.003371404018253088,0.0,0.06375684100203216,0.0,0.0
neu_mbv2_pattern_mining,2026-02-08T11:37:04,0,437,88,1,1.0,0.0011479349341243505,0.0,0.14377649000380188,0.14377649000380188,0.0,0,0,0.0010375129932072014,0.0,0.013340136007172987,0.0,0.0
neu_mbv2_pattern_mining,2026-02-08T11:37:04,0,438,88,2,0.953125,0.1461067497730255,0.0,0.14806596998823807,0.14806596998823807,0.0,0,0,0.0011887649889104068,0.0,0.0136178320099134,0.0,0.0
neu_mbv2_pattern_mining,2026-02-08T11:37:05,0,439,88,3,0.984375,0.03780059143900871,0.0,0.13827165006659925,0.13827165006659925,0.0,0,0,0.001077961002010852,0.0,0.012749204004649073,0.0,0.0
neu_mbv2_pattern_mining,2026-02-08T11:37:05,0,440,88,4,1.0,0.1642848402261734,0.0,0.1347556698601693,0.1347556698601693,0.0,0,0,0.0009243300009984523,0.0,0.012551236985018477,0.0,0.0
neu_mbv2_pattern_mining,2026-02-08T11:37:05,1,436,88,0,1.0,2.5147444830508903e-05,0.0,0.5962233798345551,0.5962233798345551,0.0,0,0,0.0075571069901343435,0.0,0.052065230993321165,0.0,0.0
neu_mbv2_pattern_mining,2026-02-08T11:37:05,1,437,88,1,1.0,0.001268127583898604,0.0,0.12768951011821628,0.12768951011821628,0.0,0,0,0.0009882690210361034,0.0,0.011780681990785524,0.0,0.0
neu_mbv2_pattern_mining,2026-02-08T11:37:05,1,438,88,2,0.890625,0.7586315870285034,0.0,0.13265487999888137,0.13265487999888137,0.0,0,0,0.0009464739996474236,0.0,0.012319014000240713,0.0,0.0
neu_mbv2_pattern_mining,2026-02-08T11:37:05,1,439,88,3,1.0,0.0007410980761051178,0.0,0.1315768001950346,0.1315768001950346,0.0,0,0,0.000918633013498038,0.0,0.012239047006005421,0.0,0.0
neu_mbv2_pattern_mining,2026-02-08T11:37:05,1,440,88,4,1.0,0.08584954589605331,0.0,0.15588215028401464,0.15588215028401464,0.0,0,0,0.0008745860250201076,0.0,0.014713629003381357,0.0,0.0
neu_mbv2_pattern_mining,2026-02-08T11:37:06,2,436,88,0,1.0,1.0707741239457391e-05,0.0,0.3718820700305514,0.3718820700305514,0.0,0,0,0.004393590003019199,0.0,0.03279461700003594,0.0,0.0
neu_mbv2_pattern_mining,2026-02-08T11:37:06,2,437,88,1,1.0,0.0039044369477778673,0.0,0.12450610025553033,0.12450610025553033,0.0,0,0,0.0008495610090903938,0.0,0.011601049016462639,0.0,0.0
neu_mbv2_pattern_mining,2026-02-08T11:37:06,2,438,88,2,0.984375,0.07391943037509918,0.0,0.1337982399854809,0.1337982399854809,0.0,0,0,0.0010751030058600008,0.0,0.01230472099268809,0.0,0.0
neu_mbv2_pattern_mining,2026-02-08T11:37:06,2,439,88,3,1.0,0.00015498303400818259,0.0,0.1167583599453792,0.1167583599453792,0.0,0,0,0.0008385560067836195,0.0,0.0108372799877543,0.0,0.0
neu_mbv2_pattern_mining,2026-02-08T11:37:06,2,440,88,4,0.3333333333333333,2.192465305328369,0.0,0.14075326995225623,0.14075326995225623,0.0,0,0,0.0008262019837275147,0.0,0.013249125011498109,0.0,0.0
neu_mbv2_pattern_mining,2026-02-08T11:37:07,3,436,88,0,1.0,9.636373579269275e-05,0.0,0.5978509501437657,0.5978509501437657,0.0,0,0,0.007754281017696485,0.0,0.05203081399668008,0.0,0.0
neu_mbv2_pattern_mining,2026-02-08T11:37:07,3,437,88,1,1.0,0.00037069537211209536,0.0,0.15998233982827514,0.15998233982827514,0.0,0,0,0.001212508010212332,0.0,0.014785725972615182,0.0,0.0
neu_mbv2_pattern_mining,2026-02-08T11:37:07,3,438,88,2,0.984375,0.19444207847118378,0.0,0.15395440976135433,0.15395440976135433,0.0,0,0,0.0011512119963299483,0.0,0.014244228979805484,0.0,0.0
neu_mbv2_pattern_mining,2026-02-08T11:37:07,3,439,88,3,1.0,0.0002251766563858837,0.0,0.13428256002953276,0.13428256002953276,0.0,0,0,0.000953148992266506,0.0,0.01247510701068677,0.0,0.0
neu_mbv2_pattern_mining,2026-02-08T11:37:07,3,440,88,4,0.3333333333333333,3.177330255508423,0.0,0.1711219100980088,0.1711219100980088,0.0,0,0,0.0011074560170527548,0.0,0.016004734992748126,0.0,0.0
neu_mbv2_pattern_mining,2026-02-08T11:37:08,4,436,88,0,1.0,6.28448324277997e-05,0.0,0.4417086998000741,0.4417086998000741,0.0,0,0,0.004950040980475023,0.0,0.03922082899953239,0.0,0.0
neu_mbv2_pattern_mining,2026-02-08T11:37:08,4,437,88,1,1.0,3.7213518226053566e-05,0.0,0.126861339667812,0.126861339667812,0.0,0,0,0.0009094899869523942,0.0,0.011776643979828805,0.0,0.0
neu_mbv2_pattern_mining,2026-02-08T11:37:08,4,438,88,2,0.953125,0.12979555130004883,0.0,0.12546153011498973,0.12546153011498973,0.0,0,0,0.0008798229973763227,0.0,0.01166633001412265,0.0,0.0
neu_mbv2_pattern_mining,2026-02-08T11:37:08,4,439,88,3,1.0,0.009121572598814964,0.0,0.1179610303370282,0.1179610303370282,0.0,0,0,0.0008264460193458945,0.0,0.010969657014356926,0.0,0.0
neu_mbv2_pattern_mining,2026-02-08T11:37:08,4,440,88,4,1.0,0.12125559896230698,0.0,0.14463510975474492,0.14463510975474492,0.0,0,0,0.0008406739798374474,0.0,0.013622836995637044,0.0,0.0
neu_mbv2_pattern_mining,2026-02-08T11:37:09,0,441,89,0,0.984375,0.026185981929302216,0.0,0.28978210990317166,0.28978210990317166,0.0,0,0,0.0019412699912209064,0.0,0.02703694099909626,0.0,0.0
neu_mbv2_pattern_mining,2026-02-08T11:37:09,0,442,89,1,0.984375,0.04397466406226158,0.0,0.09933959983754903,0.09933959983754903,0.0,0,0,0.0007598139927722514,0.0,0.009174145990982652,0.0,0.0
neu_mbv2_pattern_mining,2026-02-08T11:37:09,0,443,89,2,1.0,0.00465212669223547,0.0,0.09132206992944703,0.09132206992944703,0.0,0,0,0.0006587230018340051,0.0,0.008473483991110697,0.0,0.0
neu_mbv2_pattern_mining,2026-02-08T11:37:09,0,444,89,3,0.9375,0.13504551351070404,0.0,0.08802123018540442,0.08802123018540442,0.0,0,0,0.0007641639967914671,0.0,0.008037959021748975,0.0,0.0
neu_mbv2_pattern_mining,2026-02-08T11:37:09,0,445,89,4,0.5,2.2278549671173096,0.0,0.09776924969628453,0.09776924969628453,0.0,0,0,0.0006471829838119447,0.0,0.009129741985816509,0.0,0.0
neu_mbv2_pattern_mining,2026-02-08T11:37:10,1,441,89,0,1.0,9.893890819512308e-06,0.0,0.3306374599924311,0.3306374599924311,0.0,0,0,0.004464542987989262,0.0,0.02859920301125385,0.0,0.0
neu_mbv2_pattern_mining,2026-02-08T11:37:10,1,442,89,1,0.984375,0.08662333339452744,0.0,0.08724106970475987,0.08724106970475987,0.0,0,0,0.000625946995569393,0.0,0.008098159974906594,0.0,0.0
neu_mbv2_pattern_mining,2026-02-08T11:37:10,1,443,89,2,1.0,5.3366915381047875e-05,0.0,0.08807042002445087,0.08807042002445087,0.0,0,0,0.0007745749899186194,0.0,0.008032467012526467,0.0,0.0
neu_mbv2_pattern_mining,2026-02-08T11:37:10,1,444,89,3,0.921875,0.8966182470321655,0.0,0.09335223963716999,0.09335223963716999,0.0,0,0,0.0007981709786690772,0.0,0.008537052985047922,0.0,0.0
neu_mbv2_pattern_mining,2026-02-08T11:37:10,1,445,89,4,0.6666666666666666,1.1634550094604492,0.0,0.1210061099845916,0.1210061099845916,0.0,0,0,0.0006952380063012242,0.0,0.011405372992157936,0.0,0.0
neu_mbv2_pattern_mining,2026-02-08T11:37:11,2,441,89,0,1.0,2.0966437659808435e-05,0.0,0.6140159702044912,0.6140159702044912,0.0,0,0,0.0068981370131950825,0.0,0.054503460007254034,0.0,0.0
neu_mbv2_pattern_mining,2026-02-08T11:37:11,2,442,89,1,0.984375,0.022860465571284294,0.0,0.15614000003552064,0.15614000003552064,0.0,0,0,0.0012880130088888109,0.0,0.014325986994663253,0.0,0.0
neu_mbv2_pattern_mining,2026-02-08T11:37:11,2,443,89,2,0.953125,0.1940060257911682,0.0,0.1423516299109906,0.1423516299109906,0.0,0,0,0.0009925960039254278,0.0,0.013242566987173632,0.0,0.0
neu_mbv2_pattern_mining,2026-02-08T11:37:11,2,444,89,3,0.984375,0.022952182218432426,0.0,0.13105646008625627,0.13105646008625627,0.0,0,0,0.0009682300151325762,0.0,0.01213741599349305,0.0,0.0
neu_mbv2_pattern_mining,2026-02-08T11:37:11,2,445,89,4,0.3333333333333333,2.0832436084747314,0.0,0.14014880027389154,0.14014880027389154,0.0,0,0,0.0008149300119839609,0.0,0.013199950015405193,0.0,0.0
neu_mbv2_pattern_mining,2026-02-08T11:37:11,3,441,89,0,1.0,1.0922448382189032e-05,0.0,0.5814340800861828,0.5814340800861828,0.0,0,0,0.00641194501076825,0.0,0.05173146299785003,0.0,0.0
neu_mbv2_pattern_mining,2026-02-08T11:37:11,3,442,89,1,1.0,4.631931005860679e-05,0.0,0.13036782998824492,0.13036782998824492,0.0,0,0,0.0010383740009274334,0.0,0.011998408997897059,0.0,0.0
neu_mbv2_pattern_mining,2026-02-08T11:37:12,3,443,89,2,0.984375,0.02410496212542057,0.0,0.12819936004234478,0.12819936004234478,0.0,0,0,0.0009931740059982985,0.0,0.01182676199823618,0.0,0.0
neu_mbv2_pattern_mining,2026-02-08T11:37:12,3,444,89,3,0.96875,0.06062488257884979,0.0,0.10972112999297678,0.10972112999297678,0.0,0,0,0.0007768959912937135,0.0,0.010195217008003965,0.0,0.0
neu_mbv2_pattern_mining,2026-02-08T11:37:12,3,445,89,4,1.0,0.01411216240376234,0.0,0.11292287992546335,0.11292287992546335,0.0,0,0,0.0006868739728815854,0.0,0.01060541401966475,0.0,0.0
neu_mbv2_pattern_mining,2026-02-08T11:37:12,4,441,89,0,1.0,0.00012359104584902525,0.0,0.4813217598712072,0.4813217598712072,0.0,0,0,0.005342568998457864,0.0,0.042789606988662854,0.0,0.0
neu_mbv2_pattern_mining,2026-02-08T11:37:12,4,442,89,1,0.984375,0.185647651553154,0.0,0.12324355979217216,0.12324355979217216,0.0,0,0,0.0008762969810049981,0.0,0.011448058998212218,0.0,0.0
neu_mbv2_pattern_mining,2026-02-08T11:37:12,4,443,89,2,1.0,0.012861153110861778,0.0,0.11121827003080398,0.11121827003080398,0.0,0,0,0.0007756449922453612,0.0,0.010346182010835037,0.0,0.0
neu_mbv2_pattern_mining,2026-02-08T11:37:12,4,444,89,3,0.984375,0.09957250952720642,0.0,0.10401657986221835,0.10401657986221835,0.0,0,0,0.0007399269961751997,0.0,0.009661730990046635,0.0,0.0
neu_mbv2_pattern_mining,2026-02-08T11:37:12,4,445,89,4,1.0,0.08200525492429733,0.0,0.12870748963905498,0.12870748963905498,0.0,0,0,0.0007851109839975834,0.0,0.012085637979907915,0.0,0.0
neu_mbv2_pattern_mining,2026-02-08T11:37:13,0,446,90,0,1.0,0.0021591836120933294,0.0,0.281827189901378,0.281827189901378,0.0,0,0,0.0018349909805692732,0.0,0.026347728009568527,0.0,0.0
neu_mbv2_pattern_mining,2026-02-08T11:37:14,0,447,90,1,0.859375,0.5495815873146057,0.0,0.11110110994195566,0.11110110994195566,0.0,0,0,0.0008446809952147305,0.0,0.010265429998980835,0.0,0.0
neu_mbv2_pattern_mining,2026-02-08T11:37:14,0,448,90,2,1.0,0.011783454567193985,0.0,0.11157258995808661,0.11157258995808661,0.0,0,0,0.0008500429976265877,0.0,0.010307215998182073,0.0,0.0
neu_mbv2_pattern_mining,2026-02-08T11:37:14,0,449,90,3,1.0,0.006921766325831413,0.0,0.10900551977101713,0.10900551977101713,0.0,0,0,0.0007805459899827838,0.0,0.01012000598711893,0.0,0.0
neu_mbv2_pattern_mining,2026-02-08T11:37:14,0,450,90,4,0.5,2.749499797821045,0.0,0.12322365975705907,0.12322365975705907,0.0,0,0,0.0008046329894568771,0.0,0.01151773298624903,0.0,0.0
neu_mbv2_pattern_mining,2026-02-08T11:37:14,1,446,90,0,1.0,0.0004861053021159023,0.0,0.4871907300548628,0.4871907300548628,0.0,0,0,0.004428151994943619,0.0,0.04429092101054266,0.0,0.0
neu_mbv2_pattern_mining,2026-02-08T11:37:14,1,447,90,1,0.984375,0.1594359278678894,0.0,0.13995051995152608,0.13995051995152608,0.0,0,0,0.0011479780077934265,0.0,0.012847073987359181,0.0,0.0
neu_mbv2_pattern_mining,2026-02-08T11:37:14,1,448,90,2,0.984375,0.023433592170476913,0.0,0.12405316985677928,0.12405316985677928,0.0,0,0,0.0010311219957657158,0.0,0.011374194989912212,0.0,0.0
neu_mbv2_pattern_mining,2026-02-08T11:37:14,1,449,90,3,0.984375,0.06587230414152145,0.0,0.12401168962242082,0.12401168962242082,0.0,0,0,0.0010209679894614965,0.0,0.011380200972780585,0.0,0.0
neu_mbv2_pattern_mining,2026-02-08T11:37:14,1,450,90,4,1.0,0.11347832530736923,0.0,0.15429128019604832,0.15429128019604832,0.0,0,0,0.0009864669991657138,0.0,0.014442661020439118,0.0,0.0
neu_mbv2_pattern_mining,2026-02-08T11:37:15,2,446,90,0,1.0,0.0013909463305026293,0.0,0.5104802397545427,0.5104802397545427,0.0,0,0,0.005944841977907345,0.0,0.045103181997546926,0.0,0.0
neu_mbv2_pattern_mining,2026-02-08T11:37:15,2,447,90,1,0.984375,0.07865592837333679,0.0,0.13373240013606846,0.13373240013606846,0.0,0,0,0.0009537430014461279,0.0,0.012419497012160718,0.0,0.0
neu_mbv2_pattern_mining,2026-02-08T11:37:15,2,448,90,2,0.984375,0.04715711995959282,0.0,0.14167809014907107,0.14167809014907107,0.0,0,0,0.0010985500121023506,0.0,0.013069259002804756,0.0,0.0
neu_mbv2_pattern_mining,2026-02-08T11:37:15,2,449,90,3,0.984375,0.0985659807920456,0.0,0.13365874998271465,0.13365874998271465,0.0,0,0,0.0011426930141169578,0.0,0.012223181984154508,0.0,0.0
neu_mbv2_pattern_mining,2026-02-08T11:37:15,2,450,90,4,1.0,0.006722133606672287,0.0,0.14971428987337276,0.14971428987337276,0.0,0,0,0.0008989509951788932,0.0,0.014072477992158383,0.0,0.0
neu_mbv2_pattern_mining,2026-02-08T11:37:16,3,446,90,0,1.0,4.362952313385904e-05,0.0,0.7209093598066829,0.7209093598066829,0.0,0,0,0.008801928983302787,0.0,0.0632890069973655,0.0,0.0
neu_mbv2_pattern_mining,2026-02-08T11:37:16,3,447,90,1,1.0,0.0009081886964850128,0.0,0.16244667989667505,0.16244667989667505,0.0,0,0,0.0012025659962091595,0.0,0.015042101993458346,0.0,0.0
neu_mbv2_pattern_mining,2026-02-08T11:37:16,3,448,90,2,1.0,0.010233106091618538,0.0,0.15108153980690986,0.15108153980690986,0.0,0,0,0.0011283950007054955,0.0,0.01397975897998549,0.0,0.0
neu_mbv2_pattern_mining,2026-02-08T11:37:16,3,449,90,3,1.0,0.0005899544339627028,0.0,0.1522797398502007,0.1522797398502007,0.0,0,0,0.001126707997173071,0.0,0.014101265987847,0.0,0.0
neu_mbv2_pattern_mining,2026-02-08T11:37:16,3,450,90,4,1.0,0.03525814041495323,0.0,0.14536303002387285,0.14536303002387285,0.0,0,0,0.0008834410109557211,0.0,0.013652861991431564,0.0,0.0
neu_mbv2_pattern_mining,2026-02-08T11:37:17,4,446,90,0,1.0,4.4337422878015786e-05,0.0,0.7048272000974976,0.7048272000974976,0.0,0,0,0.00833477801643312,0.0,0.062147941993316635,0.0,0.0
neu_mbv2_pattern_mining,2026-02-08T11:37:17,4,447,90,1,1.0,0.00017309532267972827,0.0,0.17345003987429664,0.17345003987429664,0.0,0,0,0.001324557000771165,0.0,0.0160204469866585,0.0,0.0
neu_mbv2_pattern_mining,2026-02-08T11:37:17,4,448,90,2,0.90625,0.5642123222351074,0.0,0.1462803198955953,0.1462803198955953,0.0,0,0,0.0010870869737118483,0.0,0.013540945015847683,0.0,0.0
neu_mbv2_pattern_mining,2026-02-08T11:37:17,4,449,90,3,1.0,0.014836695045232773,0.0,0.1432621802086942,0.1432621802086942,0.0,0,0,0.0010548160062171519,0.0,0.013271402014652267,0.0,0.0
neu_mbv2_pattern_mining,2026-02-08T11:37:17,4,450,90,4,1.0,0.034132178872823715,0.0,0.1814296201337129,0.1814296201337129,0.0,0,0,0.0010746699990704656,0.0,0.017068292014300823,0.0,0.0
neu_mbv2_pattern_mining,2026-02-08T11:37:19,0,451,91,0,0.984375,0.05273619294166565,0.0,0.319575100147631,0.319575100147631,0.0,0,0,0.0028210570162627846,0.0,0.029136452998500317,0.0,0.0
neu_mbv2_pattern_mining,2026-02-08T11:37:19,0,452,91,1,0.984375,0.024569766595959663,0.0,0.08479681011522189,0.08479681011522189,0.0,0,0,0.00062934699235484,0.0,0.007850334019167349,0.0,0.0
neu_mbv2_pattern_mining,2026-02-08T11:37:19,0,453,91,2,0.8125,0.47476711869239807,0.0,0.08662360982270911,0.08662360982270911,0.0,0,0,0.0006468929932452738,0.0,0.008015467989025638,0.0,0.0
neu_mbv2_pattern_mining,2026-02-08T11:37:19,0,454,91,3,1.0,0.035901058465242386,0.0,0.08086008980171755,0.08086008980171755,0.0,0,0,0.0006024529866408557,0.0,0.007483555993530899,0.0,0.0
neu_mbv2_pattern_mining,2026-02-08T11:37:19,0,455,91,4,0.5,1.9785397052764893,0.0,0.0916269700974226,0.0916269700974226,0.0,0,0,0.000595415011048317,0.0,0.008567281998693943,0.0,0.0
neu_mbv2_pattern_mining,2026-02-08T11:37:19,1,451,91,0,1.0,6.153461436042562e-05,0.0,0.31881418981356546,0.31881418981356546,0.0,0,0,0.004420676996232942,0.0,0.027460741985123605,0.0,0.0
neu_mbv2_pattern_mining,2026-02-08T11:37:19,1,452,91,1,1.0,0.00019776784756686538,0.0,0.1039841803140007,0.1039841803140007,0.0,0,0,0.0009098450245801359,0.0,0.009488573006819934,0.0,0.0
neu_mbv2_pattern_mining,2026-02-08T11:37:19,1,453,91,2,0.984375,0.13375335931777954,0.0,0.0907065998762846,0.0907065998762846,0.0,0,0,0.0006453559908550233,0.0,0.008425303996773437,0.0,0.0
neu_mbv2_pattern_mining,2026-02-08T11:37:19,1,454,91,3,0.953125,0.12004930526018143,0.0,0.08312961988849565,0.08312961988849565,0.0,0,0,0.000605766981607303,0.0,0.007707195007242262,0.0,0.0
neu_mbv2_pattern_mining,2026-02-08T11:37:19,1,455,91,4,0.3333333333333333,4.387794494628906,0.0,0.10891045996686444,0.10891045996686444,0.0,0,0,0.0005845009873155504,0.0,0.010306545009370893,0.0,0.0
neu_mbv2_pattern_mining,2026-02-08T11:37:20,2,451,91,0,1.0,3.000803008035291e-05,0.0,0.44123816973296925,0.44123816973296925,0.0,0,0,0.004651351977372542,0.0,0.03947246499592438,0.0,0.0
neu_mbv2_pattern_mining,2026-02-08T11:37:20,2,452,91,1,1.0,0.0006881605950184166,0.0,0.11273907031863928,0.11273907031863928,0.0,0,0,0.0008332310244441032,0.0,0.010440676007419825,0.0,0.0
neu_mbv2_pattern_mining,2026-02-08T11:37:20,2,453,91,2,0.96875,0.2560827136039734,0.0,0.10438282013637945,0.10438282013637945,0.0,0,0,0.000771143997553736,0.0,0.009667138016084209,0.0,0.0
neu_mbv2_pattern_mining,2026-02-08T11:37:20,2,454,91,3,1.0,0.0007401811308227479,0.0,0.10388541995780542,0.10388541995780542,0.0,0,0,0.0007734340033493936,0.0,0.009615107992431149,0.0,0.0
neu_mbv2_pattern_mining,2026-02-08T11:37:20,2,455,91,4,0.6666666666666666,0.39523985981941223,0.0,0.13441347051411867,0.13441347051411867,0.0,0,0,0.0007767150236759335,0.0,0.012664632027735934,0.0,0.0
neu_mbv2_pattern_mining,2026-02-08T11:37:21,3,451,91,0,0.984375,0.07273291051387787,0.0,0.3920905597624369,0.3920905597624369,0.0,0,0,0.00472487197839655,0.0,0.03448418399784714,0.0,0.0
neu_mbv2_pattern_mining,2026-02-08T11:37:21,3,452,91,1,0.9375,0.2370884269475937,0.0,0.12302764022024348,0.12302764022024348,0.0,0,0,0.0009308110165875405,0.0,0.011371953005436808,0.0,0.0
neu_mbv2_pattern_mining,2026-02-08T11:37:21,3,453,91,2,1.0,0.00797402486205101,0.0,0.1250894195982255,0.1250894195982255,0.0,0,0,0.0008798939816188067,0.0,0.011629047978203744,0.0,0.0
neu_mbv2_pattern_mining,2026-02-08T11:37:21,3,454,91,3,1.0,0.011469746939837933,0.0,0.12380764033878222,0.12380764033878222,0.0,0,0,0.0009072970133274794,0.0,0.011473467020550743,0.0,0.0
neu_mbv2_pattern_mining,2026-02-08T11:37:21,3,455,91,4,0.6666666666666666,1.318289875984192,0.0,0.14721493993420154,0.14721493993420154,0.0,0,0,0.0008435299969278276,0.0,0.013877963996492326,0.0,0.0
neu_mbv2_pattern_mining,2026-02-08T11:37:21,4,451,91,0,1.0,0.0002873696794267744,0.0,0.4388663900317624,0.4388663900317624,0.0,0,0,0.0049239200016018,0.0,0.03896271900157444,0.0,0.0
neu_mbv2_pattern_mining,2026-02-08T11:37:21,4,452,91,1,0.9375,0.12748950719833374,0.0,0.09631375985918567,0.09631375985918567,0.0,0,0,0.0007677339890506119,0.0,0.008863641996867955,0.0,0.0
neu_mbv2_pattern_mining,2026-02-08T11:37:22,4,453,91,2,1.0,0.0029850099235773087,0.0,0.10546416975557804,0.10546416975557804,0.0,0,0,0.0007456589955836535,0.0,0.00980075797997415,0.0,0.0
neu_mbv2_pattern_mining,2026-02-08T11:37:22,4,454,91,3,0.984375,0.057944368571043015,0.0,0.10966464993543923,0.10966464993543923,0.0,0,0,0.0009156269952654839,0.0,0.010050837998278439,0.0,0.0
neu_mbv2_pattern_mining,2026-02-08T11:37:22,4,455,91,4,0.6666666666666666,2.429455041885376,0.0,0.13659302989253774,0.13659302989253774,0.0,0,0,0.0007711980142630637,0.0,0.01288810497499071,0.0,0.0
neu_mbv2_pattern_mining,2026-02-08T11:37:23,0,456,92,0,1.0,0.005843594670295715,0.0,0.31784054008312523,0.31784054008312523,0.0,0,0,0.0018468100170139223,0.0,0.0299372439912986,0.0,0.0
neu_mbv2_pattern_mining,2026-02-08T11:37:23,0,457,92,1,1.0,0.003852707799524069,0.0,0.0855810398934409,0.0855810398934409,0.0,0,0,0.0007446579984389246,0.0,0.007813445990905166,0.0,0.0
neu_mbv2_pattern_mining,2026-02-08T11:37:23,0,458,92,2,0.984375,0.1628241091966629,0.0,0.08067752001807094,0.08067752001807094,0.0,0,0,0.0005976350221317261,0.0,0.0074701169796753675,0.0,0.0
neu_mbv2_pattern_mining,2026-02-08T11:37:23,0,459,92,3,1.0,0.004889853298664093,0.0,0.0796893599908799,0.0796893599908799,0.0,0,0,0.0005671179969795048,0.0,0.0074018180021084845,0.0,0.0
neu_mbv2_pattern_mining,2026-02-08T11:37:23,0,460,92,4,0.75,0.7878647446632385,0.0,0.10926096001639962,0.10926096001639962,0.0,0,0,0.0007979939982760698,0.0,0.010128102003363892,0.0,0.0
neu_mbv2_pattern_mining,2026-02-08T11:37:24,1,456,92,0,1.0,3.05342509818729e-05,0.0,0.29986545006977394,0.29986545006977394,0.0,0,0,0.003354661021148786,0.0,0.02663188398582861,0.0,0.0
neu_mbv2_pattern_mining,2026-02-08T11:37:24,1,457,92,1,1.0,4.243011062499136e-05,0.0,0.11420216003898531,0.11420216003898531,0.0,0,0,0.0009323570120614022,0.0,0.010487858991837129,0.0,0.0
neu_mbv2_pattern_mining,2026-02-08T11:37:24,1,458,92,2,1.0,0.0025476415175944567,0.0,0.1041850500041619,0.1041850500041619,0.0,0,0,0.0007847660162951797,0.0,0.00963373898412101,0.0,0.0
neu_mbv2_pattern_mining,2026-02-08T11:37:24,1,459,92,3,1.0,0.000686898420099169,0.0,0.09570307011017576,0.09570307011017576,0.0,0,0,0.0006544030038639903,0.0,0.008915904007153586,0.0,0.0
neu_mbv2_pattern_mining,2026-02-08T11:37:24,1,460,92,4,0.6666666666666666,2.8491642475128174,0.0,0.10777907009469345,0.10777907009469345,0.0,0,0,0.0006087000074330717,0.0,0.010169207002036273,0.0,0.0
neu_mbv2_pattern_mining,2026-02-08T11:37:24,2,456,92,0,1.0,3.3926378819160163e-05,0.0,0.3051517702988349,0.3051517702988349,0.0,0,0,0.003391442005522549,0.0,0.02712373502436094,0.0,0.0
neu_mbv2_pattern_mining,2026-02-08T11:37:24,2,457,92,1,0.984375,0.020241884514689445,0.0,0.08845501986797899,0.08845501986797899,0.0,0,0,0.0006672790041193366,0.0,0.008178222982678562,0.0,0.0
neu_mbv2_pattern_mining,2026-02-08T11:37:25,2,458,92,2,1.0,0.010410514660179615,0.0,0.08366602007299662,0.08366602007299662,0.0,0,0,0.0006082519830670208,0.0,0.007758350024232641,0.0,0.0
neu_mbv2_pattern_mining,2026-02-08T11:37:25,2,459,92,3,0.984375,0.01905120350420475,0.0,0.10778833995573223,0.10778833995573223,0.0,0,0,0.0006059379957150668,0.0,0.010172895999858156,0.0,0.0
neu_mbv2_pattern_mining,2026-02-08T11:37:25,2,460,92,4,1.0,0.016418827697634697,0.0,0.14888547972077504,0.14888547972077504,0.0,0,0,0.0009252959862351418,0.0,0.013963251985842362,0.0,0.0
neu_mbv2_pattern_mining,2026-02-08T11:37:25,3,456,92,0,1.0,3.7754558434244245e-05,0.0,0.3668551999726333,0.3668551999726333,0.0,0,0,0.0042512849904596806,0.0,0.03243423500680365,0.0,0.0
neu_mbv2_pattern_mining,2026-02-08T11:37:25,3,457,92,1,1.0,0.0006308957235887647,0.0,0.12080560001777485,0.12080560001777485,0.0,0,0,0.0009820190025493503,0.0,0.011098540999228135,0.0,0.0
neu_mbv2_pattern_mining,2026-02-08T11:37:25,3,458,92,2,1.0,0.000819816836155951,0.0,0.08404735999647528,0.08404735999647528,0.0,0,0,0.0006136489973869175,0.0,0.0077910870022606105,0.0,0.0
neu_mbv2_pattern_mining,2026-02-08T11:37:25,3,459,92,3,0.984375,0.015813834965229034,0.0,0.08231733983848244,0.08231733983848244,0.0,0,0,0.0005974140076432377,0.0,0.007634319976205006,0.0,0.0
neu_mbv2_pattern_mining,2026-02-08T11:37:25,3,460,92,4,0.3333333333333333,3.1901843547821045,0.0,0.10456871008500457,0.10456871008500457,0.0,0,0,0.0005846560234203935,0.0,0.009872214985080063,0.0,0.0
neu_mbv2_pattern_mining,2026-02-08T11:37:26,4,456,92,0,1.0,3.476947676972486e-05,0.0,0.550029479782097,0.550029479782097,0.0,0,0,0.006032162986230105,0.0,0.0489707849919796,0.0,0.0
neu_mbv2_pattern_mining,2026-02-08T11:37:26,4,457,92,1,1.0,4.530596197582781e-05,0.0,0.13518859021132812,0.13518859021132812,0.0,0,0,0.0009680770162958652,0.0,0.012550782004836947,0.0,0.0
neu_mbv2_pattern_mining,2026-02-08T11:37:26,4,458,92,2,0.984375,0.05463407561182976,0.0,0.12531967018730938,0.12531967018730938,0.0,0,0,0.0008828240097500384,0.0,0.0116491430089809,0.0,0.0
neu_mbv2_pattern_mining,2026-02-08T11:37:26,4,459,92,3,0.96875,0.08857189118862152,0.0,0.1242195098893717,0.1242195098893717,0.0,0,0,0.0008765629900153726,0.0,0.011545387998921797,0.0,0.0
neu_mbv2_pattern_mining,2026-02-08T11:37:26,4,460,92,4,0.0,4.451853275299072,0.0,0.16923408024013042,0.16923408024013042,0.0,0,0,0.0010475890012457967,0.0,0.015875819022767246,0.0,0.0
neu_mbv2_pattern_mining,2026-02-08T11:37:27,0,461,93,0,1.0,0.0032550583127886057,0.0,0.3038803901290521,0.3038803901290521,0.0,0,0,0.0018713950121309608,0.0,0.02851664400077425,0.0,0.0
neu_mbv2_pattern_mining,2026-02-08T11:37:27,0,462,93,1,0.90625,0.5219250917434692,0.0,0.1077860701479949,0.1077860701479949,0.0,0,0,0.0009693040046840906,0.0,0.0098093030101154,0.0,0.0
neu_mbv2_pattern_mining,2026-02-08T11:37:27,0,463,93,2,1.0,0.003478576662018895,0.0,0.11676797003019601,0.11676797003019601,0.0,0,0,0.0010837099980562925,0.0,0.010593087004963309,0.0,0.0
neu_mbv2_pattern_mining,2026-02-08T11:37:27,0,464,93,3,1.0,0.005729620344936848,0.0,0.11931368993828073,0.11931368993828073,0.0,0,0,0.0010007800010498613,0.0,0.010930588992778212,0.0,0.0
neu_mbv2_pattern_mining,2026-02-08T11:37:28,0,465,93,4,0.5,1.7963924407958984,0.0,0.1132911499007605,0.1132911499007605,0.0,0,0,0.0009121389884967357,0.0,0.010416976001579314,0.0,0.0
neu_mbv2_pattern_mining,2026-02-08T11:37:28,1,461,93,0,0.96875,0.29113778471946716,0.0,0.5575197000871412,0.5575197000871412,0.0,0,0,0.006098424026276916,0.0,0.04965354598243721,0.0,0.0
neu_mbv2_pattern_mining,2026-02-08T11:37:28,1,462,93,1,0.96875,0.08430621027946472,0.0,0.11819284001830965,0.11819284001830965,0.0,0,0,0.0008511510095559061,0.0,0.01096813299227506,0.0,0.0
neu_mbv2_pattern_mining,2026-02-08T11:37:28,1,463,93,2,0.875,0.3704574406147003,0.0,0.14179665013216436,0.14179665013216436,0.0,0,0,0.0010383379994891584,0.0,0.013141327013727278,0.0,0.0
neu_mbv2_pattern_mining,2026-02-08T11:37:28,1,464,93,3,0.921875,0.5514967441558838,0.0,0.13173517974792048,0.13173517974792048,0.0,0,0,0.0009258739883080125,0.0,0.012247643986484036,0.0,0.0
neu_mbv2_pattern_mining,2026-02-08T11:37:28,1,465,93,4,1.0,0.09316278249025345,0.0,0.16537010989850387,0.16537010989850387,0.0,0,0,0.0009175549785140902,0.0,0.015619456011336297,0.0,0.0
neu_mbv2_pattern_mining,2026-02-08T11:37:29,2,461,93,0,1.0,0.00013700149429496378,0.0,0.43268542969599366,0.43268542969599366,0.0,0,0,0.004538996989140287,0.0,0.03872954598045908,0.0,0.0
neu_mbv2_pattern_mining,2026-02-08T11:37:29,2,462,93,1,1.0,0.009594866074621677,0.0,0.1198369701160118,0.1198369701160118,0.0,0,0,0.0009542620100546628,0.0,0.011029435001546517,0.0,0.0
neu_mbv2_pattern_mining,2026-02-08T11:37:29,2,463,93,2,0.984375,0.2925279438495636,0.0,0.10447796987136826,0.10447796987136826,0.0,0,0,0.0007505819958169013,0.0,0.009697214991319925,0.0,0.0
neu_mbv2_pattern_mining,2026-02-08T11:37:29,2,464,93,3,0.953125,0.0647631287574768,0.0,0.094270609843079,0.094270609843079,0.0,0,0,0.0006854139792267233,0.0,0.008741647005081177,0.0,0.0
neu_mbv2_pattern_mining,2026-02-08T11:37:29,2,465,93,4,1.0,0.026856685057282448,0.0,0.11456345033366233,0.11456345033366233,0.0,0,0,0.0006539510213769972,0.0,0.010802394011989236,0.0,0.0
neu_mbv2_pattern_mining,2026-02-08T11:37:30,3,461,93,0,1.0,1.2199675438751001e-05,0.0,0.5425119498977438,0.5425119498977438,0.0,0,0,0.005266408988973126,0.0,0.04898478600080125,0.0,0.0
neu_mbv2_pattern_mining,2026-02-08T11:37:30,3,462,93,1,1.0,2.9995089789736085e-05,0.0,0.1266348798526451,0.1266348798526451,0.0,0,0,0.000898520986083895,0.0,0.011764966999180615,0.0,0.0
neu_mbv2_pattern_mining,2026-02-08T11:37:30,3,463,93,2,1.0,6.996298907324672e-05,0.0,0.1253244001418352,0.1253244001418352,0.0,0,0,0.0008809990249574184,0.0,0.011651440989226103,0.0,0.0
neu_mbv2_pattern_mining,2026-02-08T11:37:30,3,464,93,3,1.0,0.0017162547446787357,0.0,0.12413705000653863,0.12413705000653863,0.0,0,0,0.0008819210052024573,0.0,0.011531783995451406,0.0,0.0
neu_mbv2_pattern_mining,2026-02-08T11:37:30,3,465,93,4,0.3333333333333333,3.7433032989501953,0.0,0.1527577600791119,0.1527577600791119,0.0,0,0,0.0008632510143797845,0.0,0.014412524993531406,0.0,0.0
neu_mbv2_pattern_mining,2026-02-08T11:37:30,4,461,93,0,1.0,3.2303520129062235e-05,0.0,0.6381782100652345,0.6381782100652345,0.0,0,0,0.007059841009322554,0.0,0.05675797999720089,0.0,0.0
neu_mbv2_pattern_mining,2026-02-08T11:37:31,4,462,93,1,0.984375,0.06607648730278015,0.0,0.1266718201804906,0.1266718201804906,0.0,0,0,0.0009002020233310759,0.0,0.011766979994717985,0.0,0.0
neu_mbv2_pattern_mining,2026-02-08T11:37:31,4,463,93,2,1.0,0.00035948443110100925,0.0,0.14977259997976944,0.14977259997976944,0.0,0,0,0.0010718379926402122,0.0,0.013905422005336732,0.0,0.0
neu_mbv2_pattern_mining,2026-02-08T11:37:31,4,464,93,3,0.953125,0.1555621176958084,0.0,0.1320318499347195,0.1320318499347195,0.0,0,0,0.0009250610019080341,0.0,0.012278123991563916,0.0,0.0
neu_mbv2_pattern_mining,2026-02-08T11:37:31,4,465,93,4,1.0,0.045315247029066086,0.0,0.16109675023471937,0.16109675023471937,0.0,0,0,0.0009362749988213181,0.0,0.015173400024650618,0.0,0.0
neu_mbv2_pattern_mining,2026-02-08T11:37:32,0,466,94,0,1.0,7.971571176312864e-05,0.0,0.44545308977831155,0.44545308977831155,0.0,0,0,0.003197530983015895,0.0,0.04134777799481526,0.0,0.0
neu_mbv2_pattern_mining,2026-02-08T11:37:32,0,467,94,1,1.0,0.0001607732701813802,0.0,0.13272282987600192,0.13272282987600192,0.0,0,0,0.0009779979882296175,0.0,0.012294284999370575,0.0,0.0
neu_mbv2_pattern_mining,2026-02-08T11:37:32,0,468,94,2,1.0,0.0002512505743652582,0.0,0.12345769995590672,0.12345769995590672,0.0,0,0,0.0008763989899307489,0.0,0.011469371005659923,0.0,0.0
neu_mbv2_pattern_mining,2026-02-08T11:37:32,0,469,94,3,1.0,0.0029200848657637835,0.0,0.12370293028652668,0.12370293028652668,0.0,0,0,0.0009269110159948468,0.0,0.011443382012657821,0.0,0.0
neu_mbv2_pattern_mining,2026-02-08T11:37:32,0,470,94,4,0.5,2.220353603363037,0.0,0.12797038012649864,0.12797038012649864,0.0,0,0,0.0008742749923840165,0.0,0.011922763020265847,0.0,0.0
neu_mbv2_pattern_mining,2026-02-08T11:37:33,1,466,94,0,1.0,7.204595021903515e-06,0.0,0.45609583001350984,0.45609583001350984,0.0,0,0,0.005172056000446901,0.0,0.04043752700090408,0.0,0.0
neu_mbv2_pattern_mining,2026-02-08T11:37:33,1,467,94,1,1.0,0.00026033015456050634,0.0,0.13139163987943903,0.13139163987943903,0.0,0,0,0.0009133009880315512,0.0,0.012225862999912351,0.0,0.0
neu_mbv2_pattern_mining,2026-02-08T11:37:33,1,468,94,2,1.0,8.010469900909811e-05,0.0,0.13192680984502658,0.13192680984502658,0.0,0,0,0.0009342739940620959,0.0,0.012258406990440562,0.0,0.0
neu_mbv2_pattern_mining,2026-02-08T11:37:33,1,469,94,3,0.921875,0.2210254967212677,0.0,0.12324265000643209,0.12324265000643209,0.0,0,0,0.0008761360077187419,0.0,0.011448128992924467,0.0,0.0
neu_mbv2_pattern_mining,2026-02-08T11:37:33,1,470,94,4,0.0,2.0430309772491455,0.0,0.15400989999761805,0.15400989999761805,0.0,0,0,0.0008916950027924031,0.0,0.014509294996969402,0.0,0.0
neu_mbv2_pattern_mining,2026-02-08T11:37:33,2,466,94,0,1.0,0.0009615070885047317,0.0,0.6311857301625423,0.6311857301625423,0.0,0,0,0.006852157996036112,0.0,0.05626641502021812,0.0,0.0
neu_mbv2_pattern_mining,2026-02-08T11:37:33,2,467,94,1,0.984375,0.018474142998456955,0.0,0.1259554800344631,0.1259554800344631,0.0,0,0,0.0008986110042314976,0.0,0.011696936999214813,0.0,0.0
neu_mbv2_pattern_mining,2026-02-08T11:37:34,2,468,94,2,1.0,0.02132214978337288,0.0,0.12376675993436947,0.12376675993436947,0.0,0,0,0.0008730659901630133,0.0,0.011503610003273934,0.0,0.0
neu_mbv2_pattern_mining,2026-02-08T11:37:34,2,469,94,3,0.984375,0.015282840467989445,0.0,0.12320363981416449,0.12320363981416449,0.0,0,0,0.0008678949961904436,0.0,0.011452468985226005,0.0,0.0
neu_mbv2_pattern_mining,2026-02-08T11:37:34,2,470,94,4,0.6666666666666666,2.146710157394409,0.0,0.15433574008056894,0.15433574008056894,0.0,0,0,0.0008671309915371239,0.0,0.01456644301651977,0.0,0.0
neu_mbv2_pattern_mining,2026-02-08T11:37:34,3,466,94,0,1.0,2.288663381477818e-05,0.0,0.3116444300394505,0.3116444300394505,0.0,0,0,0.0033770209993235767,0.0,0.027787422004621476,0.0,0.0
neu_mbv2_pattern_mining,2026-02-08T11:37:34,3,467,94,1,1.0,9.548073285259306e-05,0.0,0.0841893200413324,0.0841893200413324,0.0,0,0,0.0006121009937487543,0.0,0.007806831010384485,0.0,0.0
neu_mbv2_pattern_mining,2026-02-08T11:37:34,3,468,94,2,1.0,0.005935620050877333,0.0,0.10044726019259542,0.10044726019259542,0.0,0,0,0.000714274006895721,0.0,0.009330452012363821,0.0,0.0
neu_mbv2_pattern_mining,2026-02-08T11:37:34,3,469,94,3,1.0,0.00011144026939291507,0.0,0.09928107989253476,0.09928107989253476,0.0,0,0,0.0006875449907965958,0.0,0.00924056299845688,0.0,0.0
neu_mbv2_pattern_mining,2026-02-08T11:37:34,3,470,94,4,0.6666666666666666,0.6196597218513489,0.0,0.12535399990156293,0.12535399990156293,0.0,0,0,0.0007198189850896597,0.0,0.011815581005066633,0.0,0.0
neu_mbv2_pattern_mining,2026-02-08T11:37:35,4,466,94,0,1.0,0.000269474956439808,0.0,0.42290318000596017,0.42290318000596017,0.0,0,0,0.005218352016527206,0.0,0.03707196598406881,0.0,0.0
neu_mbv2_pattern_mining,2026-02-08T11:37:35,4,467,94,1,0.984375,0.05418134480714798,0.0,0.09742774011101574,0.09742774011101574,0.0,0,0,0.0007287290063686669,0.0,0.009014045004732907,0.0,0.0
neu_mbv2_pattern_mining,2026-02-08T11:37:35,4,468,94,2,1.0,0.0018545642960816622,0.0,0.12171870970632881,0.12171870970632881,0.0,0,0,0.0008510609914083034,0.0,0.011320809979224578,0.0,0.0
neu_mbv2_pattern_mining,2026-02-08T11:37:35,4,469,94,3,0.921875,0.7217774391174316,0.0,0.11025137995602563,0.11025137995602563,0.0,0,0,0.0007776920101605356,0.0,0.010247445985442027,0.0,0.0
neu_mbv2_pattern_mining,2026-02-08T11:37:35,4,470,94,4,0.6666666666666666,2.129047155380249,0.0,0.14395514997886494,0.14395514997886494,0.0,0,0,0.0008264410134870559,0.0,0.013569073984399438,0.0,0.0
neu_mbv2_pattern_mining,2026-02-08T11:37:36,0,471,95,0,1.0,0.00040433515096083283,0.0,0.6425458198646083,0.6425458198646083,0.0,0,0,0.004012204008176923,0.0,0.06024237797828391,0.0,0.0
neu_mbv2_pattern_mining,2026-02-08T11:37:36,0,472,95,1,1.0,0.00010603753617033362,0.0,0.1632503597647883,0.1632503597647883,0.0,0,0,0.0011694899876601994,0.0,0.01515554598881863,0.0,0.0
neu_mbv2_pattern_mining,2026-02-08T11:37:36,0,473,95,2,0.984375,0.04848027601838112,0.0,0.1409984499332495,0.1409984499332495,0.0,0,0,0.0010140989907085896,0.0,0.01308574600261636,0.0,0.0
neu_mbv2_pattern_mining,2026-02-08T11:37:36,0,474,95,3,0.984375,0.05701040104031563,0.0,0.1410733102238737,0.1410733102238737,0.0,0,0,0.0010233380016870797,0.0,0.01308399302070029,0.0,0.0
neu_mbv2_pattern_mining,2026-02-08T11:37:36,0,475,95,4,1.0,0.005811693146824837,0.0,0.1451142900623381,0.1451142900623381,0.0,0,0,0.0009849230118561536,0.0,0.013526505994377658,0.0,0.0
neu_mbv2_pattern_mining,2026-02-08T11:37:37,1,471,95,0,1.0,0.00014077025116421282,0.0,0.6620798000949435,0.6620798000949435,0.0,0,0,0.006275166990235448,0.0,0.0599328130192589,0.0,0.0
neu_mbv2_pattern_mining,2026-02-08T11:37:37,1,472,95,1,0.96875,0.331916481256485,0.0,0.16616275010164827,0.16616275010164827,0.0,0,0,0.001270611013751477,0.0,0.01534566399641335,0.0,0.0
neu_mbv2_pattern_mining,2026-02-08T11:37:37,1,473,95,2,1.0,0.0024961833842098713,0.0,0.13949262007372454,0.13949262007372454,0.0,0,0,0.0009781400149222463,0.0,0.012971121992450207,0.0,0.0
neu_mbv2_pattern_mining,2026-02-08T11:37:37,1,474,95,3,0.984375,0.026011858135461807,0.0,0.13709359016502276,0.13709359016502276,0.0,0,0,0.0008805459947325289,0.0,0.012828813021769747,0.0,0.0
neu_mbv2_pattern_mining,2026-02-08T11:37:37,1,475,95,4,1.0,0.0062389131635427475,0.0,0.15249880991177633,0.15249880991177633,0.0,0,0,0.0009452369995415211,0.0,0.014304643991636112,0.0,0.0
neu_mbv2_pattern_mining,2026-02-08T11:37:38,2,471,95,0,1.0,0.00013959346688352525,0.0,0.47475627012318,0.47475627012318,0.0,0,0,0.005421412002760917,0.0,0.04205421500955708,0.0,0.0
neu_mbv2_pattern_mining,2026-02-08T11:37:38,2,472,95,1,0.96875,0.04641534760594368,0.0,0.12249934021383524,0.12249934021383524,0.0,0,0,0.0009774190257303417,0.0,0.011272514995653182,0.0,0.0
neu_mbv2_pattern_mining,2026-02-08T11:37:38,2,473,95,2,0.984375,0.029912415891885757,0.0,0.11684326018439606,0.11684326018439606,0.0,0,0,0.0008292790153063834,0.0,0.010855047003133222,0.0,0.0
neu_mbv2_pattern_mining,2026-02-08T11:37:38,2,474,95,3,0.9375,0.1141437515616417,0.0,0.10077137994812801,0.10077137994812801,0.0,0,0,0.0007041420030873269,0.0,0.009372995991725475,0.0,0.0
neu_mbv2_pattern_mining,2026-02-08T11:37:38,2,475,95,4,0.3333333333333333,0.6952962875366211,0.0,0.10786566970637068,0.10786566970637068,0.0,0,0,0.0007137559878174216,0.0,0.010072810982819647,0.0,0.0
neu_mbv2_pattern_mining,2026-02-08T11:37:39,3,471,95,0,1.0,3.96086361433845e-05,0.0,0.49986819009063765,0.49986819009063765,0.0,0,0,0.005363448988646269,0.0,0.0446233700204175,0.0,0.0
neu_mbv2_pattern_mining,2026-02-08T11:37:39,3,472,95,1,1.0,0.005161212757229805,0.0,0.11845223023556173,0.11845223023556173,0.0,0,0,0.0008455210190732032,0.0,0.01099970200448297,0.0,0.0
neu_mbv2_pattern_mining,2026-02-08T11:37:39,3,473,95,2,0.984375,0.02091221511363983,0.0,0.1090520597063005,0.1090520597063005,0.0,0,0,0.0007383879856206477,0.0,0.010166817985009402,0.0,0.0
neu_mbv2_pattern_mining,2026-02-08T11:37:39,3,474,95,3,0.875,1.1865134239196777,0.0,0.08796539012109861,0.08796539012109861,0.0,0,0,0.0006281670066528022,0.0,0.008168372005457059,0.0,0.0
neu_mbv2_pattern_mining,2026-02-08T11:37:39,3,475,95,4,0.6666666666666666,0.8215696811676025,0.0,0.10098865983309224,0.10098865983309224,0.0,0,0,0.0005520230042748153,0.0,0.009546842979034409,0.0,0.0
neu_mbv2_pattern_mining,2026-02-08T11:37:39,4,471,95,0,1.0,0.0007755408296361566,0.0,0.3759008998167701,0.3759008998167701,0.0,0,0,0.0044684489839710295,0.0,0.03312164099770598,0.0,0.0
neu_mbv2_pattern_mining,2026-02-08T11:37:39,4,472,95,1,1.0,9.228638373315334e-05,0.0,0.11367298022378236,0.11367298022378236,0.0,0,0,0.0009053050016518682,0.0,0.010461993020726368,0.0,0.0
neu_mbv2_pattern_mining,2026-02-08T11:37:39,4,473,95,2,1.0,0.00460477638989687,0.0,0.1100874098483473,0.1100874098483473,0.0,0,0,0.0007734419777989388,0.0,0.010235299007035792,0.0,0.0
neu_mbv2_pattern_mining,2026-02-08T11:37:40,4,474,95,3,1.0,0.02780923992395401,0.0,0.11374787020031363,0.11374787020031363,0.0,0,0,0.0009382010030094534,0.0,0.01043658601702191,0.0,0.0
neu_mbv2_pattern_mining,2026-02-08T11:37:40,4,475,95,4,0.3333333333333333,1.9373893737792969,0.0,0.12986599002033472,0.12986599002033472,0.0,0,0,0.0009460980072617531,0.0,0.012040500994771719,0.0,0.0
neu_mbv2_pattern_mining,2026-02-08T11:37:41,0,476,96,0,1.0,6.245821714401245e-05,0.0,0.3133099799742922,0.3133099799742922,0.0,0,0,0.0024069499922916293,0.0,0.028924048005137593,0.0,0.0
neu_mbv2_pattern_mining,2026-02-08T11:37:41,0,477,96,1,1.0,0.008778312243521214,0.0,0.09148903016466647,0.09148903016466647,0.0,0,0,0.00073606101796031,0.0,0.008412841998506337,0.0,0.0
neu_mbv2_pattern_mining,2026-02-08T11:37:41,0,478,96,2,1.0,0.0007223611464723945,0.0,0.09903653990477324,0.09903653990477324,0.0,0,0,0.0007026130042504519,0.0,0.009201040986226872,0.0,0.0
neu_mbv2_pattern_mining,2026-02-08T11:37:41,0,479,96,3,1.0,0.003854556242004037,0.0,0.09813286043936387,0.09813286043936387,0.0,0,0,0.0007082290248945355,0.0,0.009105057019041851,0.0,0.0
neu_mbv2_pattern_mining,2026-02-08T11:37:41,0,480,96,4,0.25,2.484076738357544,0.0,0.10314982966519892,0.10314982966519892,0.0,0,0,0.0006906979833729565,0.0,0.009624284983146936,0.0,0.0
neu_mbv2_pattern_mining,2026-02-08T11:37:41,1,476,96,0,1.0,0.00027193728601559997,0.0,0.31915236002532765,0.31915236002532765,0.0,0,0,0.004146074992604554,0.0,0.02776916100992821,0.0,0.0
neu_mbv2_pattern_mining,2026-02-08T11:37:42,1,477,96,1,1.0,0.0068517401814460754,0.0,0.09709612961160019,0.09709612961160019,0.0,0,0,0.0007413189741782844,0.0,0.008968293986981735,0.0,0.0
neu_mbv2_pattern_mining,2026-02-08T11:37:42,1,478,96,2,1.0,0.00025795018882490695,0.0,0.10165315004996955,0.10165315004996955,0.0,0,0,0.0007502159860450774,0.0,0.009415099018951878,0.0,0.0
neu_mbv2_pattern_mining,2026-02-08T11:37:42,1,479,96,3,1.0,0.004003687761723995,0.0,0.09790301992325112,0.09790301992325112,0.0,0,0,0.0007054019952192903,0.0,0.009084899997105822,0.0,0.0
neu_mbv2_pattern_mining,2026-02-08T11:37:42,1,480,96,4,0.6666666666666666,1.8598346710205078,0.0,0.12678031984250993,0.12678031984250993,0.0,0,0,0.0007228530012071133,0.0,0.01195517898304388,0.0,0.0
neu_mbv2_pattern_mining,2026-02-08T11:37:42,2,476,96,0,1.0,0.00019204038835596293,0.0,0.30375065020052716,0.30375065020052716,0.0,0,0,0.0032521230168640614,0.0,0.027122942003188655,0.0,0.0
neu_mbv2_pattern_mining,2026-02-08T11:37:42,2,477,96,1,0.96875,0.08249031752347946,0.0,0.0848971598315984,0.0848971598315984,0.0,0,0,0.0006706829881295562,0.0,0.007819032995030284,0.0,0.0
neu_mbv2_pattern_mining,2026-02-08T11:37:42,2,478,96,2,0.984375,0.0631914883852005,0.0,0.0809540000045672,0.0809540000045672,0.0,0,0,0.0005953620129730552,0.0,0.007500037987483665,0.0,0.0
neu_mbv2_pattern_mining,2026-02-08T11:37:42,2,479,96,3,0.921875,0.4694972336292267,0.0,0.07951451028930023,0.07951451028930023,0.0,0,0,0.000569006020668894,0.0,0.007382445008261129,0.0,0.0
neu_mbv2_pattern_mining,2026-02-08T11:37:42,2,480,96,4,1.0,0.201124906539917,0.0,0.10378615988884121,0.10378615988884121,0.0,0,0,0.0005604469915851951,0.0,0.009818168997298926,0.0,0.0
neu_mbv2_pattern_mining,2026-02-08T11:37:43,3,476,96,0,1.0,7.204523171822075e-06,0.0,0.459447420143988,0.459447420143988,0.0,0,0,0.006624385016039014,0.0,0.039320356998359784,0.0,0.0
neu_mbv2_pattern_mining,2026-02-08T11:37:43,3,477,96,1,1.0,0.00016649282770231366,0.0,0.13098261988488957,0.13098261988488957,0.0,0,0,0.0009883359889499843,0.0,0.012109925999538973,0.0,0.0
neu_mbv2_pattern_mining,2026-02-08T11:37:43,3,478,96,2,1.0,0.00097842572722584,0.0,0.11690518003888428,0.11690518003888428,0.0,0,0,0.0008943190041463822,0.0,0.010796198999742046,0.0,0.0
neu_mbv2_pattern_mining,2026-02-08T11:37:43,3,479,96,3,1.0,0.00962348934262991,0.0,0.11472188023617491,0.11472188023617491,0.0,0,0,0.0008218800066970289,0.0,0.010650308016920462,0.0,0.0
neu_mbv2_pattern_mining,2026-02-08T11:37:43,3,480,96,4,0.3333333333333333,1.9856085777282715,0.0,0.14073183003347367,0.14073183003347367,0.0,0,0,0.0008759869961068034,0.0,0.013197196007240564,0.0,0.0
neu_mbv2_pattern_mining,2026-02-08T11:37:44,4,476,96,0,1.0,2.859366577467881e-05,0.0,0.32573359028901905,0.32573359028901905,0.0,0,0,0.003545220009982586,0.0,0.02902813901891932,0.0,0.0
neu_mbv2_pattern_mining,2026-02-08T11:37:44,4,477,96,1,1.0,6.89898370183073e-05,0.0,0.1051663898397237,0.1051663898397237,0.0,0,0,0.0007544969848822802,0.0,0.00976214199909009,0.0,0.0
neu_mbv2_pattern_mining,2026-02-08T11:37:44,4,478,96,2,0.953125,0.12639883160591125,0.0,0.10607111995341256,0.10607111995341256,0.0,0,0,0.0007764280016999692,0.0,0.009830683993641287,0.0,0.0
neu_mbv2_pattern_mining,2026-02-08T11:37:44,4,479,96,3,1.0,0.001908452482894063,0.0,0.10415366967208683,0.10415366967208683,0.0,0,0,0.0007380239840131253,0.0,0.009677342983195558,0.0,0.0
neu_mbv2_pattern_mining,2026-02-08T11:37:44,4,480,96,4,0.6666666666666666,1.6945524215698242,0.0,0.13749978999840096,0.13749978999840096,0.0,0,0,0.0007817739970050752,0.0,0.01296820500283502,0.0,0.0
neu_mbv2_pattern_mining,2026-02-08T11:37:45,0,481,97,0,1.0,0.0010359090520069003,0.0,0.4703927200171165,0.4703927200171165,0.0,0,0,0.003092284983722493,0.0,0.04394698701798916,0.0,0.0
neu_mbv2_pattern_mining,2026-02-08T11:37:45,0,482,97,1,1.0,0.008439413271844387,0.0,0.1294990602764301,0.1294990602764301,0.0,0,0,0.0010360130108892918,0.0,0.011913893016753718,0.0,0.0
neu_mbv2_pattern_mining,2026-02-08T11:37:45,0,483,97,2,1.0,0.014088022522628307,0.0,0.11843302025226876,0.11843302025226876,0.0,0,0,0.0009581840131431818,0.0,0.010885118012083694,0.0,0.0
neu_mbv2_pattern_mining,2026-02-08T11:37:45,0,484,97,3,1.0,0.0022722608409821987,0.0,0.10613376012770459,0.10613376012770459,0.0,0,0,0.0007625590078532696,0.0,0.00985081700491719,0.0,0.0
neu_mbv2_pattern_mining,2026-02-08T11:37:45,0,485,97,4,0.5,2.502553939819336,0.0,0.09122421004576609,0.09122421004576609,0.0,0,0,0.0005860399978701025,0.0,0.008536381006706506,0.0,0.0
neu_mbv2_pattern_mining,2026-02-08T11:37:46,1,481,97,0,1.0,0.00018472365627530962,0.0,0.31183329003397375,0.31183329003397375,0.0,0,0,0.003392034996068105,0.0,0.02779129400732927,0.0,0.0
neu_mbv2_pattern_mining,2026-02-08T11:37:46,1,482,97,1,1.0,0.0041564651764929295,0.0,0.1095473300665617,0.1095473300665617,0.0,0,0,0.0008860439993441105,0.0,0.01006868900731206,0.0,0.0
neu_mbv2_pattern_mining,2026-02-08T11:37:46,1,483,97,2,1.0,0.004374410025775433,0.0,0.10493656998733059,0.10493656998733059,0.0,0,0,0.0007583480037283152,0.0,0.009735308995004743,0.0,0.0
neu_mbv2_pattern_mining,2026-02-08T11:37:46,1,484,97,3,1.0,0.0018688540440052748,0.0,0.11312248010654002,0.11312248010654002,0.0,0,0,0.0008852489991113544,0.0,0.010426999011542648,0.0,0.0
neu_mbv2_pattern_mining,2026-02-08T11:37:46,1,485,97,4,0.6666666666666666,2.7020998001098633,0.0,0.1411123198340647,0.1411123198340647,0.0,0,0,0.0008645379857625812,0.0,0.013246693997643888,0.0,0.0
neu_mbv2_pattern_mining,2026-02-08T11:37:46,2,481,97,0,1.0,1.0995284355885815e-05,0.0,0.414025169739034,0.414025169739034,0.0,0,0,0.004705844999989495,0.0,0.03669667197391391,0.0,0.0
neu_mbv2_pattern_mining,2026-02-08T11:37:46,2,482,97,1,1.0,6.55166877550073e-05,0.0,0.12583070987602696,0.12583070987602696,0.0,0,0,0.0009057369898073375,0.0,0.011677333997795358,0.0,0.0
neu_mbv2_pattern_mining,2026-02-08T11:37:46,2,483,97,2,0.96875,0.09911296516656876,0.0,0.11394521017791703,0.11394521017791703,0.0,0,0,0.0009357850067317486,0.0,0.010458736011059955,0.0,0.0
neu_mbv2_pattern_mining,2026-02-08T11:37:47,2,484,97,3,1.0,0.0016512187430635095,0.0,0.10408244997961447,0.10408244997961447,0.0,0,0,0.000858581013744697,0.0,0.00954966398421675,0.0,0.0
neu_mbv2_pattern_mining,2026-02-08T11:37:47,2,485,97,4,0.0,1.881792426109314,0.0,0.10298142995452508,0.10298142995452508,0.0,0,0,0.0005804219981655478,0.0,0.00971772099728696,0.0,0.0
neu_mbv2_pattern_mining,2026-02-08T11:37:47,3,481,97,0,1.0,9.599705663276836e-06,0.0,0.32391909015132114,0.32391909015132114,0.0,0,0,0.003630707011325285,0.0,0.02876120200380683,0.0,0.0
neu_mbv2_pattern_mining,2026-02-08T11:37:47,3,482,97,1,1.0,7.526347326347604e-05,0.0,0.08822962030535564,0.08822962030535564,0.0,0,0,0.0006246470147743821,0.0,0.008198315015761182,0.0,0.0
neu_mbv2_pattern_mining,2026-02-08T11:37:47,3,483,97,2,1.0,0.00012165235239081085,0.0,0.09159306006040424,0.09159306006040424,0.0,0,0,0.0007838220044504851,0.0,0.008375484001589939,0.0,0.0
neu_mbv2_pattern_mining,2026-02-08T11:37:47,3,484,97,3,0.984375,0.05166691169142723,0.0,0.08567698008846492,0.08567698008846492,0.0,0,0,0.0006059080187696964,0.0,0.007961789990076795,0.0,0.0
neu_mbv2_pattern_mining,2026-02-08T11:37:47,3,485,97,4,1.0,0.16979725658893585,0.0,0.09315864968812093,0.09315864968812093,0.0,0,0,0.0005474879872053862,0.0,0.008768376981606707,0.0,0.0
neu_mbv2_pattern_mining,2026-02-08T11:37:48,4,481,97,0,1.0,0.00014190467481967062,0.0,0.3176805199473165,0.3176805199473165,0.0,0,0,0.0034760629932861775,0.0,0.028291989001445472,0.0,0.0
neu_mbv2_pattern_mining,2026-02-08T11:37:48,4,482,97,1,0.984375,0.06838276982307434,0.0,0.08799681003438309,0.08799681003438309,0.0,0,0,0.0007309330103453249,0.0,0.008068747993092984,0.0,0.0
neu_mbv2_pattern_mining,2026-02-08T11:37:48,4,483,97,2,1.0,0.0024708525743335485,0.0,0.09075346984900534,0.09075346984900534,0.0,0,0,0.0007851099944673479,0.0,0.008290236990433186,0.0,0.0
neu_mbv2_pattern_mining,2026-02-08T11:37:48,4,484,97,3,0.90625,0.294167160987854,0.0,0.08204628014937043,0.08204628014937043,0.0,0,0,0.0005855869967490435,0.0,0.007619041018188,0.0,0.0
neu_mbv2_pattern_mining,2026-02-08T11:37:48,4,485,97,4,1.0,0.2223937064409256,0.0,0.10355771984905005,0.10355771984905005,0.0,0,0,0.0006381839921232313,0.0,0.009717587992781773,0.0,0.0
neu_mbv2_pattern_mining,2026-02-08T11:37:49,0,486,98,0,1.0,0.0012232643784955144,0.0,0.2967420101049356,0.2967420101049356,0.0,0,0,0.0018105500203091651,0.0,0.027863650990184397,0.0,0.0
neu_mbv2_pattern_mining,2026-02-08T11:37:49,0,487,98,1,1.0,0.00036108936183154583,0.0,0.08428379980614409,0.08428379980614409,0.0,0,0,0.0006319639796856791,0.0,0.00779641600092873,0.0,0.0
neu_mbv2_pattern_mining,2026-02-08T11:37:49,0,488,98,2,0.984375,0.020182451233267784,0.0,0.08390361996134743,0.08390361996134743,0.0,0,0,0.0005986519972793758,0.0,0.007791709998855367,0.0,0.0
neu_mbv2_pattern_mining,2026-02-08T11:37:49,0,489,98,3,0.96875,0.16165848076343536,0.0,0.08599021995905787,0.08599021995905787,0.0,0,0,0.0007111379818525165,0.0,0.00788788401405327,0.0,0.0
neu_mbv2_pattern_mining,2026-02-08T11:37:49,0,490,98,4,0.75,1.3208945989608765,0.0,0.10062026995001361,0.10062026995001361,0.0,0,0,0.0007891290006227791,0.0,0.009272897994378582,0.0,0.0
neu_mbv2_pattern_mining,2026-02-08T11:37:50,1,486,98,0,1.0,6.750332977389917e-05,0.0,0.5203873300342821,0.5203873300342821,0.0,0,0,0.00526166899362579,0.0,0.046777064009802416,0.0,0.0
neu_mbv2_pattern_mining,2026-02-08T11:37:50,1,487,98,1,0.984375,0.08777758479118347,0.0,0.12707408022833988,0.12707408022833988,0.0,0,0,0.0010031020210590214,0.0,0.011704306001774967,0.0,0.0
neu_mbv2_pattern_mining,2026-02-08T11:37:50,1,488,98,2,1.0,0.000681019970215857,0.0,0.10454277013195679,0.10454277013195679,0.0,0,0,0.0007653519860468805,0.0,0.009688925027148798,0.0,0.0
neu_mbv2_pattern_mining,2026-02-08T11:37:50,1,489,98,3,0.78125,2.2167348861694336,0.0,0.10295355983544141,0.10295355983544141,0.0,0,0,0.00071498699253425,0.0,0.009580368991009891,0.0,0.0
neu_mbv2_pattern_mining,2026-02-08T11:37:50,1,490,98,4,1.0,0.2222541719675064,0.0,0.13858227990567684,0.13858227990567684,0.0,0,0,0.000881630985531956,0.0,0.012976597005035728,0.0,0.0
neu_mbv2_pattern_mining,2026-02-08T11:37:51,2,486,98,0,1.0,0.0028329873457551003,0.0,0.3005614600260742,0.3005614600260742,0.0,0,0,0.003358046989887953,0.0,0.026698099012719467,0.0,0.0
neu_mbv2_pattern_mining,2026-02-08T11:37:51,2,487,98,1,1.0,5.0312715757172555e-05,0.0,0.08890947996405885,0.08890947996405885,0.0,0,0,0.0006227699923329055,0.0,0.008268178004072979,0.0,0.0
neu_mbv2_pattern_mining,2026-02-08T11:37:51,2,488,98,2,0.96875,0.1486087292432785,0.0,0.08949133014539257,0.08949133014539257,0.0,0,0,0.0006795529916416854,0.0,0.008269580022897571,0.0,0.0
neu_mbv2_pattern_mining,2026-02-08T11:37:51,2,489,98,3,1.0,0.00947364792227745,0.0,0.0928814199869521,0.0928814199869521,0.0,0,0,0.0006312780024018139,0.0,0.008656863996293396,0.0,0.0
neu_mbv2_pattern_mining,2026-02-08T11:37:51,2,490,98,4,0.6666666666666666,2.7070207595825195,0.0,0.1194301902432926,0.1194301902432926,0.0,0,0,0.0007095300243236125,0.0,0.011233489000005648,0.0,0.0
neu_mbv2_pattern_mining,2026-02-08T11:37:51,3,486,98,0,1.0,0.00011214649566682056,0.0,0.31451459013624117,0.31451459013624117,0.0,0,0,0.00334249300067313,0.0,0.028108966012950987,0.0,0.0
neu_mbv2_pattern_mining,2026-02-08T11:37:51,3,487,98,1,1.0,1.892094951472245e-05,0.0,0.08518554997863248,0.08518554997863248,0.0,0,0,0.0007720110006630421,0.0,0.007746543997200206,0.0,0.0
neu_mbv2_pattern_mining,2026-02-08T11:37:51,3,488,98,2,1.0,0.00498561654239893,0.0,0.0904279900714755,0.0904279900714755,0.0,0,0,0.0006408850022125989,0.0,0.008401914004934952,0.0,0.0
neu_mbv2_pattern_mining,2026-02-08T11:37:51,3,489,98,3,1.0,0.00011897600052179769,0.0,0.08737210009712726,0.08737210009712726,0.0,0,0,0.0007428620010614395,0.0,0.007994348008651286,0.0,0.0
neu_mbv2_pattern_mining,2026-02-08T11:37:51,3,490,98,4,0.6666666666666666,0.3550165593624115,0.0,0.09616395982448012,0.09616395982448012,0.0,0,0,0.0005947299941908568,0.0,0.009021665988257155,0.0,0.0
neu_mbv2_pattern_mining,2026-02-08T11:37:52,4,486,98,0,1.0,0.008709143847227097,0.0,0.6416387000354007,0.6416387000354007,0.0,0,0,0.007008243002928793,0.0,0.057155627000611275,0.0,0.0
neu_mbv2_pattern_mining,2026-02-08T11:37:52,4,487,98,1,1.0,0.004218697547912598,0.0,0.12932515994179994,0.12932515994179994,0.0,0,0,0.0010246199963148683,0.0,0.011907895997865126,0.0,0.0
neu_mbv2_pattern_mining,2026-02-08T11:37:52,4,488,98,2,0.984375,0.02051481604576111,0.0,0.10620448010740802,0.10620448010740802,0.0,0,0,0.0007562310202047229,0.0,0.009864216990536079,0.0,0.0
neu_mbv2_pattern_mining,2026-02-08T11:37:52,4,489,98,3,1.0,0.0006738938973285258,0.0,0.0947896801517345,0.0947896801517345,0.0,0,0,0.0006783370045013726,0.0,0.008800631010672078,0.0,0.0
neu_mbv2_pattern_mining,2026-02-08T11:37:52,4,490,98,4,0.6666666666666666,0.877535879611969,0.0,0.11009128007572144,0.11009128007572144,0.0,0,0,0.0006652779993601143,0.0,0.01034385000821203,0.0,0.0
neu_mbv2_pattern_mining,2026-02-08T11:37:53,0,491,99,0,0.984375,0.056808650493621826,0.0,0.41468506999081,0.41468506999081,0.0,0,0,0.0026414860039949417,0.0,0.03882702099508606,0.0,0.0
neu_mbv2_pattern_mining,2026-02-08T11:37:54,0,492,99,1,1.0,0.00027118631987832487,0.0,0.12539285991806537,0.12539285991806537,0.0,0,0,0.0009146530064754188,0.0,0.011624632985331118,0.0,0.0
neu_mbv2_pattern_mining,2026-02-08T11:37:54,0,493,99,2,0.921875,0.1637222170829773,0.0,0.11305286985589191,0.11305286985589191,0.0,0,0,0.0008383739914279431,0.0,0.010466912994161248,0.0,0.0
neu_mbv2_pattern_mining,2026-02-08T11:37:54,0,494,99,3,0.953125,0.15666452050209045,0.0,0.1009896898176521,0.1009896898176521,0.0,0,0,0.0007309289940167218,0.0,0.009368039987748489,0.0,0.0
neu_mbv2_pattern_mining,2026-02-08T11:37:54,0,495,99,4,0.5,2.020169258117676,0.0,0.09697823988972232,0.09697823988972232,0.0,0,0,0.000684717990225181,0.0,0.00901310599874705,0.0,0.0
neu_mbv2_pattern_mining,2026-02-08T11:37:54,1,491,99,0,1.0,7.293265662156045e-05,0.0,0.5170843400992453,0.5170843400992453,0.0,0,0,0.00675040899659507,0.0,0.04495802501332946,0.0,0.0
neu_mbv2_pattern_mining,2026-02-08T11:37:54,1,492,99,1,0.9375,0.142578586935997,0.0,0.11336174997268245,0.11336174997268245,0.0,0,0,0.000824913993710652,0.0,0.010511261003557593,0.0,0.0
neu_mbv2_pattern_mining,2026-02-08T11:37:54,1,493,99,2,1.0,0.005413159728050232,0.0,0.11080046009737998,0.11080046009737998,0.0,0,0,0.0008052540069911629,0.0,0.010274792002746835,0.0,0.0
neu_mbv2_pattern_mining,2026-02-08T11:37:54,1,494,99,3,0.9375,0.15823839604854584,0.0,0.10339925036532804,0.10339925036532804,0.0,0,0,0.0007579410157632083,0.0,0.009581984020769596,0.0,0.0
neu_mbv2_pattern_mining,2026-02-08T11:37:54,1,495,99,4,0.3333333333333333,1.2809951305389404,0.0,0.12293647014303133,0.12293647014303133,0.0,0,0,0.000662450009258464,0.0,0.011631197005044669,0.0,0.0
neu_mbv2_pattern_mining,2026-02-08T11:37:55,2,491,99,0,1.0,2.910852163040545e-05,0.0,0.6770273399888538,0.6770273399888538,0.0,0,0,0.007534881005994976,0.0,0.0601678529928904,0.0,0.0
neu_mbv2_pattern_mining,2026-02-08T11:37:55,2,492,99,1,1.0,0.00220124120824039,0.0,0.1461108902003616,0.1461108902003616,0.0,0,0,0.0011434530024416745,0.0,0.013467636017594486,0.0,0.0
neu_mbv2_pattern_mining,2026-02-08T11:37:55,2,493,99,2,1.0,0.0008442681864835322,0.0,0.13265185989439487,0.13265185989439487,0.0,0,0,0.0009453179955016822,0.0,0.012319867993937805,0.0,0.0
neu_mbv2_pattern_mining,2026-02-08T11:37:55,2,494,99,3,1.0,0.001041577779687941,0.0,0.1329540298320353,0.1329540298320353,0.0,0,0,0.0009800029802136123,0.0,0.012315400002989918,0.0,0.0
neu_mbv2_pattern_mining,2026-02-08T11:37:55,2,495,99,4,1.0,0.07613798975944519,0.0,0.15821198001503944,0.15821198001503944,0.0,0,0,0.0009314670169260353,0.0,0.014889730984577909,0.0,0.0
neu_mbv2_pattern_mining,2026-02-08T11:37:56,3,491,99,0,1.0,8.747701212996617e-05,0.0,0.6178969400934875,0.6178969400934875,0.0,0,0,0.007309656997676939,0.0,0.05448003701167181,0.0,0.0
neu_mbv2_pattern_mining,2026-02-08T11:37:56,3,492,99,1,0.9375,0.23674756288528442,0.0,0.16855194960953668,0.16855194960953668,0.0,0,0,0.0015537029830738902,0.0,0.015301491977879778,0.0,0.0
neu_mbv2_pattern_mining,2026-02-08T11:37:56,3,493,99,2,1.0,0.017110295593738556,0.0,0.14298418973339722,0.14298418973339722,0.0,0,0,0.0010657169914338738,0.0,0.013232701981905848,0.0,0.0
neu_mbv2_pattern_mining,2026-02-08T11:37:56,3,494,99,3,1.0,0.0076870061457157135,0.0,0.13329830981092528,0.13329830981092528,0.0,0,0,0.000942690996453166,0.0,0.012387139984639362,0.0,0.0
neu_mbv2_pattern_mining,2026-02-08T11:37:56,3,495,99,4,0.6666666666666666,2.5618975162506104,0.0,0.1681292400462553,0.1681292400462553,0.0,0,0,0.0010703600128181279,0.0,0.0157425639918074,0.0,0.0
neu_mbv2_pattern_mining,2026-02-08T11:37:57,4,491,99,0,1.0,7.017812095000409e-06,0.0,0.32186834985623136,0.32186834985623136,0.0,0,0,0.004663743980927393,0.0,0.027523091004695743,0.0,0.0
neu_mbv2_pattern_mining,2026-02-08T11:37:57,4,492,99,1,1.0,5.796103869215585e-05,0.0,0.10568689001956955,0.10568689001956955,0.0,0,0,0.0008739200129639357,0.0,0.009694768988993019,0.0,0.0
neu_mbv2_pattern_mining,2026-02-08T11:37:57,4,493,99,2,1.0,0.0004932035226374865,0.0,0.10031395999249071,0.10031395999249071,0.0,0,0,0.0007186309958342463,0.0,0.009312765003414825,0.0,0.0
neu_mbv2_pattern_mining,2026-02-08T11:37:57,4,494,99,3,1.0,0.011683151125907898,0.0,0.10551201005000621,0.10551201005000621,0.0,0,0,0.0008014939958229661,0.0,0.009749707009177655,0.0,0.0
neu_mbv2_pattern_mining,2026-02-08T11:37:57,4,495,99,4,0.3333333333333333,2.0374324321746826,0.0,0.1361782700405456,0.1361782700405456,0.0,0,0,0.0007645110017620027,0.0,0.012853316002292559,0.0,0.0
neu_mbv2_pattern_mining,2026-02-08T11:37:58,0,496,100,0,1.0,0.0006552170962095261,0.0,0.30830666015390307,0.30830666015390307,0.0,0,0,0.0020481130050029606,0.0,0.028782553010387346,0.0,0.0
neu_mbv2_pattern_mining,2026-02-08T11:37:58,0,497,100,1,0.984375,0.047167930752038956,0.0,0.10780044016428292,0.10780044016428292,0.0,0,0,0.001091595011530444,0.0,0.009688449004897848,0.0,0.0
neu_mbv2_pattern_mining,2026-02-08T11:37:58,0,498,100,2,1.0,0.003839874640107155,0.0,0.12615956977242604,0.12615956977242604,0.0,0,0,0.000913584983209148,0.0,0.011702371994033456,0.0,0.0
neu_mbv2_pattern_mining,2026-02-08T11:37:58,0,499,100,3,0.984375,0.11295966804027557,0.0,0.10442438040627167,0.10442438040627167,0.0,0,0,0.000750972016248852,0.0,0.009691466024378315,0.0,0.0
neu_mbv2_pattern_mining,2026-02-08T11:37:58,0,500,100,4,0.25,2.619718551635742,0.0,0.12089058000128716,0.12089058000128716,0.0,0,0,0.0007655209919903427,0.0,0.011323537008138373,0.0,0.0
neu_mbv2_pattern_mining,2026-02-08T11:37:59,1,496,100,0,1.0,0.0003227803681511432,0.0,0.45060976000968367,0.45060976000968367,0.0,0,0,0.005659766000462696,0.0,0.03940121000050567,0.0,0.0
neu_mbv2_pattern_mining,2026-02-08T11:37:59,1,497,100,1,0.984375,0.02898179367184639,0.0,0.11854272976052016,0.11854272976052016,0.0,0,0,0.001040398987242952,0.0,0.010813873988809064,0.0,0.0
neu_mbv2_pattern_mining,2026-02-08T11:37:59,1,498,100,2,1.0,0.00022315852402243763,0.0,0.0997608300531283,0.0997608300531283,0.0,0,0,0.0010112570016644895,0.0,0.00896482600364834,0.0,0.0
neu_mbv2_pattern_mining,2026-02-08T11:37:59,1,499,100,3,0.90625,0.5467848777770996,0.0,0.09519148006802425,0.09519148006802425,0.0,0,0,0.0007486760150641203,0.0,0.008770471991738304,0.0,0.0
neu_mbv2_pattern_mining,2026-02-08T11:37:59,1,500,100,4,0.6666666666666666,1.6359950304031372,0.0,0.12874159991042688,0.12874159991042688,0.0,0,0,0.0007037959876470268,0.0,0.012170364003395662,0.0,0.0
neu_mbv2_pattern_mining,2026-02-08T11:38:00,2,496,100,0,1.0,1.96557302842848e-05,0.0,0.33602334005990997,0.33602334005990997,0.0,0,0,0.0035241370205767453,0.0,0.03007819698541425,0.0,0.0
neu_mbv2_pattern_mining,2026-02-08T11:38:00,2,497,100,1,1.0,2.7938400307903066e-05,0.0,0.09009104978758842,0.09009104978758842,0.0,0,0,0.0006783659919165075,0.0,0.008330738986842334,0.0,0.0
neu_mbv2_pattern_mining,2026-02-08T11:38:00,2,498,100,2,0.984375,0.07777242362499237,0.0,0.09621197998058051,0.09621197998058051,0.0,0,0,0.0007119310030248016,0.0,0.00890926699503325,0.0,0.0
neu_mbv2_pattern_mining,2026-02-08T11:38:00,2,499,100,3,1.0,0.0007332684472203255,0.0,0.09934599045664072,0.09934599045664072,0.0,0,0,0.0007190320175141096,0.0,0.009215567028149962,0.0,0.0
neu_mbv2_pattern_mining,2026-02-08T11:38:00,2,500,100,4,0.3333333333333333,2.3518216609954834,0.0,0.13754477025941014,0.13754477025941014,0.0,0,0,0.0007917330076452345,0.0,0.01296274401829578,0.0,0.0
neu_mbv2_pattern_mining,2026-02-08T11:38:01,3,496,100,0,1.0,1.0436173397465609e-05,0.0,0.32843057007994503,0.32843057007994503,0.0,0,0,0.005098972993437201,0.0,0.027744084014557302,0.0,0.0
neu_mbv2_pattern_mining,2026-02-08T11:38:01,3,497,100,1,1.0,9.941713869920932e-06,0.0,0.08747757994569838,0.08747757994569838,0.0,0,0,0.0006916499987710267,0.0,0.008056107995798811,0.0,0.0
neu_mbv2_pattern_mining,2026-02-08T11:38:01,3,498,100,2,1.0,0.000428520143032074,0.0,0.09193995996611193,0.09193995996611193,0.0,0,0,0.0007820879982318729,0.0,0.00841190799837932,0.0,0.0
neu_mbv2_pattern_mining,2026-02-08T11:38:01,3,499,100,3,1.0,0.003288254141807556,0.0,0.09041704004630446,0.09041704004630446,0.0,0,0,0.0007232229982037097,0.0,0.008318481006426737,0.0,0.0
neu_mbv2_pattern_mining,2026-02-08T11:38:01,3,500,100,4,1.0,0.09693250805139542,0.0,0.11013827985152602,0.11013827985152602,0.0,0,0,0.0007360109884757549,0.0,0.010277816996676847,0.0,0.0
neu_mbv2_pattern_mining,2026-02-08T11:38:02,4,496,100,0,1.0,1.4261687283578794e-05,0.0,0.37287153012584895,0.37287153012584895,0.0,0,0,0.00486152499797754,0.0,0.032425628014607355,0.0,0.0
neu_mbv2_pattern_mining,2026-02-08T11:38:02,4,497,100,1,1.0,4.935855758958496e-05,0.0,0.11922345991479233,0.11922345991479233,0.0,0,0,0.0010432970011606812,0.0,0.010879048990318552,0.0,0.0
neu_mbv2_pattern_mining,2026-02-08T11:38:02,4,498,100,2,1.0,0.00025474836002103984,0.0,0.11194571008672938,0.11194571008672938,0.0,0,0,0.0009127120138145983,0.0,0.01028185899485834,0.0,0.0
neu_mbv2_pattern_mining,2026-02-08T11:38:02,4,499,100,3,1.0,0.000780421425588429,0.0,0.12114585988456383,0.12114585988456383,0.0,0,0,0.0009710520098451525,0.0,0.01114353397861123,0.0,0.0
neu_mbv2_pattern_mining,2026-02-08T11:38:02,4,500,100,4,1.0,0.020531263202428818,0.0,0.1305963099002838,0.1305963099002838,0.0,0,0,0.00095221700030379,0.0,0.012107413989724591,0.0,0.0
neu_mbv2_pattern_mining,2026-03-16T21:59:50,0,1,1,0,0.1875,1.8971073627471924,0.0,4.419773416593671,4.419773416593671,0.0,0,0,0.33379364805296063,0.0,0.10818369360640645,0.0,0.0
neu_mbv2_pattern_mining,2026-03-16T21:59:50,0,2,1,1,0.96875,0.6352565288543701,0.0,0.09434656240046024,0.09434656240046024,0.0,0,0,0.0009298822842538357,0.0,0.008504773955792189,0.0,0.0
neu_mbv2_pattern_mining,2026-03-16T21:59:50,0,3,1,2,0.984375,0.16737614572048187,0.0,0.0846954295411706,0.0846954295411706,0.0,0,0,0.0007039927877485752,0.0,0.0077655501663684845,0.0,0.0
neu_mbv2_pattern_mining,2026-03-16T21:59:50,0,4,1,3,0.96875,0.10937963426113129,0.0,0.08457263465970755,0.08457263465970755,0.0,0,0,0.0006784521974623203,0.0,0.007778811268508434,0.0,0.0
neu_mbv2_pattern_mining,2026-03-16T21:59:50,0,5,1,4,0.75,0.6670604348182678,0.0,0.28054376132786274,0.28054376132786274,0.0,0,0,0.0031294324435293674,0.0,0.024924943689256907,0.0,0.0
neu_mbv2_pattern_mining,2026-03-16T21:59:51,1,1,1,0,0.09375,1.9916820526123047,0.0,0.2931288816034794,0.2931288816034794,0.0,0,0,0.0030028908513486385,0.0,0.0263099973089993,0.0,0.0
neu_mbv2_pattern_mining,2026-03-16T21:59:51,1,2,1,1,0.671875,0.9801381230354309,0.0,0.0942426873371005,0.0942426873371005,0.0,0,0,0.0008805249817669392,0.0,0.008543743751943111,0.0,0.0
neu_mbv2_pattern_mining,2026-03-16T21:59:51,1,3,1,2,0.921875,0.3565635085105896,0.0,0.08380508981645107,0.08380508981645107,0.0,0,0,0.0006825830787420273,0.0,0.00769792590290308,0.0,0.0
neu_mbv2_pattern_mining,2026-03-16T21:59:51,1,4,1,3,0.96875,0.1310725212097168,0.0,0.08093892596662045,0.08093892596662045,0.0,0,0,0.0005896477960050106,0.0,0.007504244800657034,0.0,0.0
neu_mbv2_pattern_mining,2026-03-16T21:59:51,1,5,1,4,1.0,0.28616631031036377,0.0,0.3019662480801344,0.3019662480801344,0.0,0,0,0.0027571790851652622,0.0,0.027439445722848177,0.0,0.0
neu_mbv2_pattern_mining,2026-03-16T21:59:51,2,1,1,0,0.15625,1.9353867769241333,0.0,0.31024158000946045,0.31024158000946045,0.0,0,0,0.0034400979056954384,0.0,0.027584060095250607,0.0,0.0
neu_mbv2_pattern_mining,2026-03-16T21:59:51,2,2,1,1,0.9375,0.7302137613296509,0.0,0.08596896659582853,0.08596896659582853,0.0,0,0,0.0006977226585149765,0.0,0.007899174001067877,0.0,0.0
neu_mbv2_pattern_mining,2026-03-16T21:59:52,2,3,1,2,0.96875,0.2870449423789978,0.0,0.08538348600268364,0.08538348600268364,0.0,0,0,0.0007227933965623379,0.0,0.007815555203706026,0.0,0.0
neu_mbv2_pattern_mining,2026-03-16T21:59:52,2,4,1,3,0.984375,0.08405075967311859,0.0,0.08576672058552504,0.08576672058552504,0.0,0,0,0.0007156240753829479,0.0,0.007861047983169556,0.0,0.0
neu_mbv2_pattern_mining,2026-03-16T21:59:52,2,5,1,4,1.0,0.08148008584976196,0.0,0.10697408113628626,0.10697408113628626,0.0,0,0,0.0007273680530488491,0.0,0.009970040060579777,0.0,0.0
neu_mbv2_pattern_mining,2026-03-16T21:59:52,3,1,1,0,0.1875,1.8980488777160645,0.0,0.55749352555722,0.55749352555722,0.0,0,0,0.006530573591589928,0.0,0.04921877896413207,0.0,0.0
neu_mbv2_pattern_mining,2026-03-16T21:59:52,3,2,1,1,0.859375,0.7228012084960938,0.0,0.14815651811659336,0.14815651811659336,0.0,0,0,0.0009477469138801098,0.0,0.013867904897779226,0.0,0.0
neu_mbv2_pattern_mining,2026-03-16T21:59:52,3,3,1,2,0.921875,0.26422804594039917,0.0,0.14619965106248856,0.14619965106248856,0.0,0,0,0.0010982370004057884,0.0,0.013521728105843067,0.0,0.0
neu_mbv2_pattern_mining,2026-03-16T21:59:52,3,4,1,3,0.96875,0.1421028971672058,0.0,0.11756002902984619,0.11756002902984619,0.0,0,0,0.0008118138648569584,0.0,0.01094418903812766,0.0,0.0
neu_mbv2_pattern_mining,2026-03-16T21:59:52,3,5,1,4,0.0,3.1972854137420654,0.0,0.13159110210835934,0.13159110210835934,0.0,0,0,0.0008974280208349228,0.0,0.012261682190001011,0.0,0.0
neu_mbv2_pattern_mining,2026-03-16T21:59:53,4,1,1,0,0.25,1.8189327716827393,0.0,0.32741856295615435,0.32741856295615435,0.0,0,0,0.003706177230924368,0.0,0.029035679064691067,0.0,0.0
neu_mbv2_pattern_mining,2026-03-16T21:59:53,4,2,1,1,0.796875,0.7842358350753784,0.0,0.11059124022722244,0.11059124022722244,0.0,0,0,0.0009388560429215431,0.0,0.010120267979800701,0.0,0.0
neu_mbv2_pattern_mining,2026-03-16T21:59:53,4,3,1,2,0.90625,0.26000791788101196,0.0,0.10273362975567579,0.10273362975567579,0.0,0,0,0.000806672964245081,0.0,0.009466690011322498,0.0,0.0
neu_mbv2_pattern_mining,2026-03-16T21:59:53,4,4,1,3,0.96875,0.1393686830997467,0.0,0.11169714853167534,0.11169714853167534,0.0,0,0,0.0008726487867534161,0.0,0.010297066066414118,0.0,0.0
neu_mbv2_pattern_mining,2026-03-16T21:59:53,4,5,1,4,0.0,1.4713157415390015,0.0,0.13441443908959627,0.13441443908959627,0.0,0,0,0.0008586789481341839,0.0,0.012582764960825443,0.0,0.0
neu_mbv2_pattern_mining,2026-03-16T21:59:54,0,6,2,0,1.0,0.027544107288122177,0.0,0.4628053307533264,0.4628053307533264,0.0,0,0,0.0030905529856681824,0.0,0.04318998008966446,0.0,0.0
neu_mbv2_pattern_mining,2026-03-16T21:59:54,0,7,2,1,0.859375,1.6126821041107178,0.0,0.15043110586702824,0.15043110586702824,0.0,0,0,0.00098881172016263,0.0,0.014054298866540194,0.0,0.0
neu_mbv2_pattern_mining,2026-03-16T21:59:54,0,8,2,2,0.96875,0.15101313591003418,0.0,0.11098257265985012,0.11098257265985012,0.0,0,0,0.0010916530154645443,0.0,0.010006604250520468,0.0,0.0
neu_mbv2_pattern_mining,2026-03-16T21:59:54,0,9,2,3,0.921875,0.18491502106189728,0.0,0.10469601955264807,0.10469601955264807,0.0,0,0,0.0006698709912598133,0.0,0.009799730964004993,0.0,0.0
neu_mbv2_pattern_mining,2026-03-16T21:59:55,0,10,2,4,0.75,0.32183733582496643,0.0,0.13400964438915253,0.13400964438915253,0.0,0,0,0.0008043111301958561,0.0,0.012596653308719397,0.0,0.0
neu_mbv2_pattern_mining,2026-03-16T21:59:55,1,6,2,0,0.96875,0.08448411524295807,0.0,0.4594075307250023,0.4594075307250023,0.0,0,0,0.004662197083234787,0.0,0.04127855598926544,0.0,0.0
neu_mbv2_pattern_mining,2026-03-16T21:59:55,1,7,2,1,0.703125,1.740515947341919,0.0,0.12774656526744366,0.12774656526744366,0.0,0,0,0.0010214848443865776,0.0,0.011753171682357788,0.0,0.0
neu_mbv2_pattern_mining,2026-03-16T21:59:55,1,8,2,2,0.96875,0.09723666310310364,0.0,0.1252468302845955,0.1252468302845955,0.0,0,0,0.0009217881597578526,0.0,0.011602894868701696,0.0,0.0
neu_mbv2_pattern_mining,2026-03-16T21:59:55,1,9,2,3,0.890625,0.3989347219467163,0.0,0.11791356839239597,0.11791356839239597,0.0,0,0,0.0009047030471265316,0.0,0.010886653792113066,0.0,0.0
neu_mbv2_pattern_mining,2026-03-16T21:59:55,1,10,2,4,0.3333333333333333,1.4297860860824585,0.0,0.1442501414567232,0.1442501414567232,0.0,0,0,0.00090054702013731,0.0,0.013524467125535011,0.0,0.0
neu_mbv2_pattern_mining,2026-03-16T21:59:56,2,6,2,0,1.0,0.025025662034749985,0.0,0.6177892396226525,0.6177892396226525,0.0,0,0,0.0070096468552947044,0.0,0.05476927710697055,0.0,0.0
neu_mbv2_pattern_mining,2026-03-16T21:59:56,2,7,2,1,0.75,1.2255408763885498,0.0,0.13570109847933054,0.13570109847933054,0.0,0,0,0.001053385902196169,0.0,0.012516723945736885,0.0,0.0
neu_mbv2_pattern_mining,2026-03-16T21:59:56,2,8,2,2,0.953125,0.11322379857301712,0.0,0.1512351306155324,0.1512351306155324,0.0,0,0,0.0012224181555211544,0.0,0.013901094906032085,0.0,0.0
neu_mbv2_pattern_mining,2026-03-16T21:59:56,2,9,2,3,0.8125,1.071070671081543,0.0,0.12866133823990822,0.12866133823990822,0.0,0,0,0.0010584061965346336,0.0,0.011807727627456188,0.0,0.0
neu_mbv2_pattern_mining,2026-03-16T21:59:56,2,10,2,4,0.6666666666666666,0.7713508605957031,0.0,0.16358164604753256,0.16358164604753256,0.0,0,0,0.0010531507432460785,0.0,0.015305013861507177,0.0,0.0
neu_mbv2_pattern_mining,2026-03-16T21:59:57,3,6,2,0,1.0,0.026465078815817833,0.0,0.5016827769577503,0.5016827769577503,0.0,0,0,0.006476007867604494,0.0,0.04369226982817054,0.0,0.0
neu_mbv2_pattern_mining,2026-03-16T21:59:57,3,7,2,1,0.90625,0.7068589925765991,0.0,0.11111850384622812,0.11111850384622812,0.0,0,0,0.0009438320994377136,0.0,0.010168018285185099,0.0,0.0
neu_mbv2_pattern_mining,2026-03-16T21:59:57,3,8,2,2,0.953125,0.09574410319328308,0.0,0.10850173886865377,0.10850173886865377,0.0,0,0,0.0008890097960829735,0.0,0.009961164090782404,0.0,0.0
neu_mbv2_pattern_mining,2026-03-16T21:59:57,3,9,2,3,0.828125,1.0328404903411865,0.0,0.11497753672301769,0.11497753672301769,0.0,0,0,0.0009334860369563103,0.0,0.010564267635345459,0.0,0.0
neu_mbv2_pattern_mining,2026-03-16T21:59:57,3,10,2,4,0.6666666666666666,0.43574824929237366,0.0,0.14589254278689623,0.14589254278689623,0.0,0,0,0.000917007215321064,0.0,0.013672247063368559,0.0,0.0
neu_mbv2_pattern_mining,2026-03-16T21:59:58,4,6,2,0,1.0,0.01899532601237297,0.0,0.3585881879553199,0.3585881879553199,0.0,0,0,0.003514304757118225,0.0,0.03234451403841376,0.0,0.0
neu_mbv2_pattern_mining,2026-03-16T21:59:58,4,7,2,1,0.90625,0.4895144999027252,0.0,0.08821408730000257,0.08821408730000257,0.0,0,0,0.0008712648414075375,0.0,0.00795014388859272,0.0,0.0
neu_mbv2_pattern_mining,2026-03-16T21:59:58,4,8,2,2,0.953125,0.1456151306629181,0.0,0.08528025820851326,0.08528025820851326,0.0,0,0,0.0006615906022489071,0.0,0.007866435218602419,0.0,0.0
neu_mbv2_pattern_mining,2026-03-16T21:59:58,4,9,2,3,0.859375,0.5347967743873596,0.0,0.08850943297147751,0.08850943297147751,0.0,0,0,0.000763637013733387,0.0,0.008087306283414364,0.0,0.0
neu_mbv2_pattern_mining,2026-03-16T21:59:58,4,10,2,4,1.0,0.0826958566904068,0.0,0.11040247976779938,0.11040247976779938,0.0,0,0,0.0007712938822805882,0.0,0.01026895409449935,0.0,0.0
neu_mbv2_pattern_mining,2026-03-16T21:59:59,0,11,3,0,0.96875,0.05079652741551399,0.0,0.4127855133265257,0.4127855133265257,0.0,0,0,0.0021110759116709232,0.0,0.039167475420981646,0.0,0.0
neu_mbv2_pattern_mining,2026-03-16T21:59:59,0,12,3,1,0.875,0.37907782196998596,0.0,0.11008134577423334,0.11008134577423334,0.0,0,0,0.0009059258736670017,0.0,0.010102208703756332,0.0,0.0
neu_mbv2_pattern_mining,2026-03-16T21:59:59,0,13,3,2,0.96875,0.076949343085289,0.0,0.10848977137356997,0.10848977137356997,0.0,0,0,0.0008288933895528316,0.0,0.010020083747804165,0.0,0.0
neu_mbv2_pattern_mining,2026-03-16T21:59:59,0,14,3,3,0.875,0.23615144193172455,0.0,0.16229596454650164,0.16229596454650164,0.0,0,0,0.0011754133738577366,0.0,0.015054183080792427,0.0,0.0
neu_mbv2_pattern_mining,2026-03-16T21:59:59,0,15,3,4,0.5,1.3922882080078125,0.0,0.11613494716584682,0.11613494716584682,0.0,0,0,0.0007974328473210335,0.0,0.010816061869263649,0.0,0.0
neu_mbv2_pattern_mining,2026-03-16T22:00:00,1,11,3,0,1.0,0.01920052245259285,0.0,0.32463726587593555,0.32463726587593555,0.0,0,0,0.0035053626634180546,0.0,0.0289583639241755,0.0,0.0
neu_mbv2_pattern_mining,2026-03-16T22:00:00,1,12,3,1,0.953125,0.13650241494178772,0.0,0.13901476748287678,0.13901476748287678,0.0,0,0,0.001077316701412201,0.0,0.012824160046875477,0.0,0.0
neu_mbv2_pattern_mining,2026-03-16T22:00:00,1,13,3,2,0.90625,0.3182637691497803,0.0,0.08527982980012894,0.08527982980012894,0.0,0,0,0.0007372652180492878,0.0,0.007790717761963606,0.0,0.0
neu_mbv2_pattern_mining,2026-03-16T22:00:00,1,14,3,3,0.921875,0.2538905739784241,0.0,0.08571408223360777,0.08571408223360777,0.0,0,0,0.0006783409044146538,0.0,0.007893067318946123,0.0,0.0
neu_mbv2_pattern_mining,2026-03-16T22:00:00,1,15,3,4,1.0,0.09799188375473022,0.0,0.11110116261988878,0.11110116261988878,0.0,0,0,0.0006671082228422165,0.0,0.010443008039146662,0.0,0.0
neu_mbv2_pattern_mining,2026-03-16T22:00:01,2,11,3,0,0.96875,0.04277029633522034,0.0,0.6079097464680672,0.6079097464680672,0.0,0,0,0.006886242888867855,0.0,0.05390473175793886,0.0,0.0
neu_mbv2_pattern_mining,2026-03-16T22:00:01,2,12,3,1,0.890625,0.30654194951057434,0.0,0.1274084160104394,0.1274084160104394,0.0,0,0,0.0010328348726034164,0.0,0.011708006728440523,0.0,0.0
neu_mbv2_pattern_mining,2026-03-16T22:00:01,2,13,3,2,1.0,0.024418354034423828,0.0,0.1340208388864994,0.1340208388864994,0.0,0,0,0.0010942406952381134,0.0,0.012307843193411827,0.0,0.0
neu_mbv2_pattern_mining,2026-03-16T22:00:01,2,14,3,3,0.984375,0.057796552777290344,0.0,0.11947564780712128,0.11947564780712128,0.0,0,0,0.000930659007281065,0.0,0.011016905773431063,0.0,0.0
neu_mbv2_pattern_mining,2026-03-16T22:00:01,2,15,3,4,1.0,0.008473505266010761,0.0,0.1455716835334897,0.1455716835334897,0.0,0,0,0.0011042505502700806,0.0,0.01345291780307889,0.0,0.0
neu_mbv2_pattern_mining,2026-03-16T22:00:01,3,11,3,0,1.0,0.013580352999269962,0.0,0.6120673473924398,0.6120673473924398,0.0,0,0,0.006198804825544357,0.0,0.05500792991369963,0.0,0.0
neu_mbv2_pattern_mining,2026-03-16T22:00:01,3,12,3,1,0.921875,0.18180209398269653,0.0,0.14382288791239262,0.14382288791239262,0.0,0,0,0.0011184308677911758,0.0,0.013263857923448086,0.0,0.0
neu_mbv2_pattern_mining,2026-03-16T22:00:01,3,13,3,2,0.9375,0.20632262527942657,0.0,0.14241036027669907,0.14241036027669907,0.0,0,0,0.0010555610060691833,0.0,0.013185475021600723,0.0,0.0
neu_mbv2_pattern_mining,2026-03-16T22:00:02,3,14,3,3,1.0,0.0030025611631572247,0.0,0.13449408113956451,0.13449408113956451,0.0,0,0,0.0010428191162645817,0.0,0.01240658899769187,0.0,0.0
neu_mbv2_pattern_mining,2026-03-16T22:00:02,3,15,3,4,0.3333333333333333,1.4265846014022827,0.0,0.14270421117544174,0.14270421117544174,0.0,0,0,0.0008777040056884289,0.0,0.013392717111855745,0.0,0.0
neu_mbv2_pattern_mining,2026-03-16T22:00:02,4,11,3,0,0.984375,0.023187901824712753,0.0,0.4446816584095359,0.4446816584095359,0.0,0,0,0.005225883796811104,0.0,0.039242282044142485,0.0,0.0
neu_mbv2_pattern_mining,2026-03-16T22:00:02,4,12,3,1,0.953125,0.11017479747533798,0.0,0.13153593987226486,0.13153593987226486,0.0,0,0,0.0011184602044522762,0.0,0.01203513378277421,0.0,0.0
neu_mbv2_pattern_mining,2026-03-16T22:00:02,4,13,3,2,0.921875,0.24845607578754425,0.0,0.12792230118066072,0.12792230118066072,0.0,0,0,0.0009851041249930859,0.0,0.011807125993072987,0.0,0.0
neu_mbv2_pattern_mining,2026-03-16T22:00:02,4,14,3,3,1.0,0.024767503142356873,0.0,0.12615979183465242,0.12615979183465242,0.0,0,0,0.0010507549159228802,0.0,0.011565224267542362,0.0,0.0
neu_mbv2_pattern_mining,2026-03-16T22:00:02,4,15,3,4,0.6666666666666666,1.2104425430297852,0.0,0.12858066242188215,0.12858066242188215,0.0,0,0,0.0008784011006355286,0.0,0.011979665141552687,0.0,0.0
neu_mbv2_pattern_mining,2026-03-16T22:00:04,0,16,4,0,1.0,0.018879851326346397,0.0,0.594180403277278,0.594180403277278,0.0,0,0,0.004422440193593502,0.0,0.05499560013413429,0.0,0.0
neu_mbv2_pattern_mining,2026-03-16T22:00:04,0,17,4,1,0.96875,0.07693878561258316,0.0,0.1284251408651471,0.1284251408651471,0.0,0,0,0.0010290108621120453,0.0,0.011813503224402666,0.0,0.0
neu_mbv2_pattern_mining,2026-03-16T22:00:04,0,18,4,2,0.984375,0.026979688555002213,0.0,0.12923081405460835,0.12923081405460835,0.0,0,0,0.0010617147199809551,0.0,0.01186136668547988,0.0,0.0
neu_mbv2_pattern_mining,2026-03-16T22:00:04,0,19,4,3,0.921875,0.3282119631767273,0.0,0.11366263963282108,0.11366263963282108,0.0,0,0,0.0009121289476752281,0.0,0.01045413501560688,0.0,0.0
neu_mbv2_pattern_mining,2026-03-16T22:00:04,0,20,4,4,0.5,1.1574954986572266,0.0,0.11729502119123936,0.11729502119123936,0.0,0,0,0.0008401330560445786,0.0,0.010889369063079357,0.0,0.0
neu_mbv2_pattern_mining,2026-03-16T22:00:04,1,16,4,0,1.0,0.0025344034656882286,0.0,0.4253396624699235,0.4253396624699235,0.0,0,0,0.0042691961862146854,0.0,0.038264770060777664,0.0,0.0
neu_mbv2_pattern_mining,2026-03-16T22:00:04,1,17,4,1,0.90625,0.23568296432495117,0.0,0.08899202104657888,0.08899202104657888,0.0,0,0,0.0007449742406606674,0.0,0.008154227863997221,0.0,0.0
neu_mbv2_pattern_mining,2026-03-16T22:00:04,1,18,4,2,0.984375,0.01855488121509552,0.0,0.08637301158159971,0.08637301158159971,0.0,0,0,0.0006953869014978409,0.0,0.00794191425666213,0.0,0.0
neu_mbv2_pattern_mining,2026-03-16T22:00:04,1,19,4,3,0.984375,0.057430244982242584,0.0,0.08911548182368279,0.08911548182368279,0.0,0,0,0.0008994359523057938,0.0,0.008012112230062485,0.0,0.0
neu_mbv2_pattern_mining,2026-03-16T22:00:05,1,20,4,4,0.3333333333333333,1.76683509349823,0.0,0.12044427450746298,0.12044427450746298,0.0,0,0,0.0007849540561437607,0.0,0.011259473394602537,0.0,0.0
neu_mbv2_pattern_mining,2026-03-16T22:00:05,2,16,4,0,1.0,0.0147446533665061,0.0,0.3319416893646121,0.3319416893646121,0.0,0,0,0.004230157006531954,0.0,0.028964011929929256,0.0,0.0
neu_mbv2_pattern_mining,2026-03-16T22:00:05,2,17,4,1,0.96875,0.26280856132507324,0.0,0.08817235939204693,0.08817235939204693,0.0,0,0,0.0007373429834842682,0.0,0.008079892955720425,0.0,0.0
neu_mbv2_pattern_mining,2026-03-16T22:00:05,2,18,4,2,0.984375,0.046117283403873444,0.0,0.08630366064608097,0.08630366064608097,0.0,0,0,0.0006643538363277912,0.0,0.007966012228280306,0.0,0.0
neu_mbv2_pattern_mining,2026-03-16T22:00:05,2,19,4,3,1.0,0.009784470312297344,0.0,0.08601702284067869,0.08601702284067869,0.0,0,0,0.000670804176479578,0.0,0.007930898107588291,0.0,0.0
neu_mbv2_pattern_mining,2026-03-16T22:00:05,2,20,4,4,0.6666666666666666,0.3850506842136383,0.0,0.16789199318736792,0.16789199318736792,0.0,0,0,0.0010305964387953281,0.0,0.015758602879941463,0.0,0.0
neu_mbv2_pattern_mining,2026-03-16T22:00:06,3,16,4,0,1.0,0.0012162557104602456,0.0,0.30329301953315735,0.30329301953315735,0.0,0,0,0.0032979128882288933,0.0,0.02703138906508684,0.0,0.0
neu_mbv2_pattern_mining,2026-03-16T22:00:06,3,17,4,1,0.90625,0.4795064926147461,0.0,0.08698496967554092,0.08698496967554092,0.0,0,0,0.0007415092550218105,0.0,0.007956987712532282,0.0,0.0
neu_mbv2_pattern_mining,2026-03-16T22:00:06,3,18,4,2,0.953125,0.18177430331707,0.0,0.08795642759650946,0.08795642759650946,0.0,0,0,0.0007387101650238037,0.0,0.008056932594627142,0.0,0.0
neu_mbv2_pattern_mining,2026-03-16T22:00:06,3,19,4,3,0.96875,0.07301100343465805,0.0,0.08579184766858816,0.08579184766858816,0.0,0,0,0.0006872718222439289,0.0,0.007891912944614887,0.0,0.0
neu_mbv2_pattern_mining,2026-03-16T22:00:06,3,20,4,4,0.6666666666666666,1.7344474792480469,0.0,0.10414879769086838,0.10414879769086838,0.0,0,0,0.0006858110427856445,0.0,0.009729068726301193,0.0,0.0
neu_mbv2_pattern_mining,2026-03-16T22:00:07,4,16,4,0,1.0,0.0014811023138463497,0.0,0.33078666776418686,0.33078666776418686,0.0,0,0,0.003778040874749422,0.0,0.029300625901669264,0.0,0.0
neu_mbv2_pattern_mining,2026-03-16T22:00:07,4,17,4,1,0.90625,0.5843340158462524,0.0,0.08736375719308853,0.08736375719308853,0.0,0,0,0.0006785988807678223,0.0,0.008057776838541031,0.0,0.0
neu_mbv2_pattern_mining,2026-03-16T22:00:07,4,18,4,2,0.96875,0.07072016596794128,0.0,0.08840704802423716,0.08840704802423716,0.0,0,0,0.0007400726899504662,0.0,0.00810063211247325,0.0,0.0
neu_mbv2_pattern_mining,2026-03-16T22:00:07,4,19,4,3,0.9375,0.19014617800712585,0.0,0.08377145975828171,0.08377145975828171,0.0,0,0,0.000637376680970192,0.0,0.007739769294857979,0.0,0.0
neu_mbv2_pattern_mining,2026-03-16T22:00:07,4,20,4,4,0.3333333333333333,2.7641124725341797,0.0,0.10427651926875114,0.10427651926875114,0.0,0,0,0.0006049736402928829,0.0,0.009822678286582232,0.0,0.0
neu_mbv2_pattern_mining,2026-03-16T22:00:08,0,21,5,0,1.0,0.003918740898370743,0.0,0.587433585897088,0.587433585897088,0.0,0,0,0.0043437606655061245,0.0,0.05439959792420268,0.0,0.0
neu_mbv2_pattern_mining,2026-03-16T22:00:08,0,22,5,1,1.0,0.00043988332618027925,0.0,0.14273403212428093,0.14273403212428093,0.0,0,0,0.0010268180631101131,0.0,0.01324658514931798,0.0,0.0
neu_mbv2_pattern_mining,2026-03-16T22:00:08,0,23,5,2,0.953125,0.1302381157875061,0.0,0.1349764270707965,0.1349764270707965,0.0,0,0,0.0010603689588606358,0.0,0.012437273748219013,0.0,0.0
neu_mbv2_pattern_mining,2026-03-16T22:00:08,0,24,5,3,0.96875,0.039230749011039734,0.0,0.12587697245180607,0.12587697245180607,0.0,0,0,0.0009592361748218536,0.0,0.011628461070358753,0.0,0.0
neu_mbv2_pattern_mining,2026-03-16T22:00:08,0,25,5,4,0.75,2.419281482696533,0.0,0.12177416123449802,0.12177416123449802,0.0,0,0,0.0008994969539344311,0.0,0.011277919169515371,0.0,0.0
neu_mbv2_pattern_mining,2026-03-16T22:00:09,1,21,5,0,0.984375,0.03749166056513786,0.0,0.3664991585537791,0.3664991585537791,0.0,0,0,0.0034205331467092037,0.0,0.03322938270866871,0.0,0.0
neu_mbv2_pattern_mining,2026-03-16T22:00:09,1,22,5,1,0.96875,0.17092770338058472,0.0,0.10390028823167086,0.10390028823167086,0.0,0,0,0.000975283794105053,0.0,0.009414745029062033,0.0,0.0
neu_mbv2_pattern_mining,2026-03-16T22:00:09,1,23,5,2,0.96875,0.09330449253320694,0.0,0.1337621407583356,0.1337621407583356,0.0,0,0,0.000980081968009472,0.0,0.012396132107824087,0.0,0.0
neu_mbv2_pattern_mining,2026-03-16T22:00:09,1,24,5,3,0.9375,0.1319783627986908,0.0,0.126385148614645,0.126385148614645,0.0,0,0,0.0009550219401717186,0.0,0.011683492921292782,0.0,0.0
neu_mbv2_pattern_mining,2026-03-16T22:00:09,1,25,5,4,0.6666666666666666,1.4312843084335327,0.0,0.15990465879440308,0.15990465879440308,0.0,0,0,0.0009680278599262238,0.0,0.015022438019514084,0.0,0.0
neu_mbv2_pattern_mining,2026-03-16T22:00:10,2,21,5,0,1.0,0.0007955295732244849,0.0,0.48402319196611643,0.48402319196611643,0.0,0,0,0.005630227271467447,0.0,0.042772091925144196,0.0,0.0
neu_mbv2_pattern_mining,2026-03-16T22:00:10,2,22,5,1,0.96875,0.13164237141609192,0.0,0.12416495010256767,0.12416495010256767,0.0,0,0,0.0012325714342296124,0.0,0.011183923576027155,0.0,0.0
neu_mbv2_pattern_mining,2026-03-16T22:00:10,2,23,5,2,1.0,0.003641288261860609,0.0,0.11451873928308487,0.11451873928308487,0.0,0,0,0.0008334717713296413,0.0,0.010618402156978846,0.0,0.0
neu_mbv2_pattern_mining,2026-03-16T22:00:10,2,24,5,3,0.859375,0.9823296070098877,0.0,0.11654291301965714,0.11654291301965714,0.0,0,0,0.0007900111377239227,0.0,0.01086428016424179,0.0,0.0
neu_mbv2_pattern_mining,2026-03-16T22:00:10,2,25,5,4,0.3333333333333333,1.1325876712799072,0.0,0.1360747590661049,0.1360747590661049,0.0,0,0,0.0008343178778886795,0.0,0.01277315802872181,0.0,0.0
neu_mbv2_pattern_mining,2026-03-16T22:00:10,3,21,5,0,1.0,0.0005408547585830092,0.0,0.42674629483371973,0.42674629483371973,0.0,0,0,0.004784195218235254,0.0,0.03789043426513672,0.0,0.0
neu_mbv2_pattern_mining,2026-03-16T22:00:10,3,22,5,1,0.984375,0.12041229009628296,0.0,0.10220525320619345,0.10220525320619345,0.0,0,0,0.0008551082573831081,0.0,0.009365417063236237,0.0,0.0
neu_mbv2_pattern_mining,2026-03-16T22:00:10,3,23,5,2,0.984375,0.08098582178354263,0.0,0.10086800437420607,0.10086800437420607,0.0,0,0,0.0008424706757068634,0.0,0.009244329761713743,0.0,0.0
neu_mbv2_pattern_mining,2026-03-16T22:00:10,3,24,5,3,0.9375,0.2914140224456787,0.0,0.09715605992823839,0.09715605992823839,0.0,0,0,0.0008069761097431183,0.0,0.008908629883080721,0.0,0.0
neu_mbv2_pattern_mining,2026-03-16T22:00:10,3,25,5,4,1.0,0.12902970612049103,0.0,0.11723525822162628,0.11723525822162628,0.0,0,0,0.0007801060564815998,0.0,0.010943419765681028,0.0,0.0
neu_mbv2_pattern_mining,2026-03-16T22:00:11,4,21,5,0,1.0,0.001176413963548839,0.0,0.47189471311867237,0.47189471311867237,0.0,0,0,0.0043347980827093124,0.0,0.042854673229157925,0.0,0.0
neu_mbv2_pattern_mining,2026-03-16T22:00:11,4,22,5,1,1.0,0.004292250610888004,0.0,0.09593007154762745,0.09593007154762745,0.0,0,0,0.000791340135037899,0.0,0.008801667019724846,0.0,0.0
neu_mbv2_pattern_mining,2026-03-16T22:00:11,4,23,5,2,0.890625,0.5289878249168396,0.0,0.11948730330914259,0.11948730330914259,0.0,0,0,0.000908202026039362,0.0,0.011040528304874897,0.0,0.0
neu_mbv2_pattern_mining,2026-03-16T22:00:11,4,24,5,3,1.0,0.0006266589625738561,0.0,0.12409577146172523,0.12409577146172523,0.0,0,0,0.0009870459325611591,0.0,0.011422531213611364,0.0,0.0
neu_mbv2_pattern_mining,2026-03-16T22:00:11,4,25,5,4,0.6666666666666666,2.6593968868255615,0.0,0.16438578721135855,0.16438578721135855,0.0,0,0,0.001010664738714695,0.0,0.01542791398242116,0.0,0.0
neu_mbv2_pattern_mining,2026-03-16T22:00:12,0,26,6,0,1.0,0.0011963883880525827,0.0,0.4360395995900035,0.4360395995900035,0.0,0,0,0.002703385893255472,0.0,0.04090057406574488,0.0,0.0
neu_mbv2_pattern_mining,2026-03-16T22:00:12,0,27,6,1,0.84375,1.2783727645874023,0.0,0.10016038082540035,0.10016038082540035,0.0,0,0,0.0008113831281661987,0.0,0.009204654954373837,0.0,0.0
neu_mbv2_pattern_mining,2026-03-16T22:00:13,0,28,6,2,0.984375,0.026498358696699142,0.0,0.10528340004384518,0.10528340004384518,0.0,0,0,0.0008473009802401066,0.0,0.009681039024144411,0.0,0.0
neu_mbv2_pattern_mining,2026-03-16T22:00:13,0,29,6,3,1.0,0.008800985291600227,0.0,0.10089732706546783,0.10089732706546783,0.0,0,0,0.0007532048039138317,0.0,0.009336527902632952,0.0,0.0
neu_mbv2_pattern_mining,2026-03-16T22:00:13,0,30,6,4,1.0,0.20590732991695404,0.0,0.1000748947262764,0.1000748947262764,0.0,0,0,0.0007475325837731361,0.0,0.009259956888854504,0.0,0.0
neu_mbv2_pattern_mining,2026-03-16T22:00:13,1,26,6,0,0.984375,0.12144169211387634,0.0,0.4650439089164138,0.4650439089164138,0.0,0,0,0.004292973782867193,0.0,0.042211417108774185,0.0,0.0
neu_mbv2_pattern_mining,2026-03-16T22:00:13,1,27,6,1,0.859375,0.9785041809082031,0.0,0.12387460563331842,0.12387460563331842,0.0,0,0,0.001072317361831665,0.0,0.011315143201500177,0.0,0.0
neu_mbv2_pattern_mining,2026-03-16T22:00:13,1,28,6,2,0.984375,0.029963046312332153,0.0,0.11306083761155605,0.11306083761155605,0.0,0,0,0.0008919299580156803,0.0,0.010414153803139925,0.0,0.0
neu_mbv2_pattern_mining,2026-03-16T22:00:13,1,29,6,3,0.984375,0.03482220321893692,0.0,0.11012400966137648,0.11012400966137648,0.0,0,0,0.0008792942389845848,0.0,0.010133106727153063,0.0,0.0
neu_mbv2_pattern_mining,2026-03-16T22:00:13,1,30,6,4,1.0,0.5383369326591492,0.0,0.13520932290703058,0.13520932290703058,0.0,0,0,0.0009976420551538467,0.0,0.012523290235549212,0.0,0.0
neu_mbv2_pattern_mining,2026-03-16T22:00:14,2,26,6,0,1.0,0.004536192864179611,0.0,0.4747417662292719,0.4747417662292719,0.0,0,0,0.004877654369920492,0.0,0.0425965222530067,0.0,0.0
neu_mbv2_pattern_mining,2026-03-16T22:00:14,2,27,6,1,0.984375,0.16575536131858826,0.0,0.09673806838691235,0.09673806838691235,0.0,0,0,0.000808989629149437,0.0,0.008864817209541798,0.0,0.0
neu_mbv2_pattern_mining,2026-03-16T22:00:14,2,28,6,2,1.0,0.002927022520452738,0.0,0.09021492209285498,0.09021492209285498,0.0,0,0,0.0007612952031195164,0.0,0.008260197006165981,0.0,0.0
neu_mbv2_pattern_mining,2026-03-16T22:00:14,2,29,6,3,1.0,0.008497394621372223,0.0,0.08577313274145126,0.08577313274145126,0.0,0,0,0.0006976593285799026,0.0,0.007879653945565224,0.0,0.0
neu_mbv2_pattern_mining,2026-03-16T22:00:14,2,30,6,4,0.3333333333333333,4.563923358917236,0.0,0.11037147138267756,0.11037147138267756,0.0,0,0,0.0006469311192631721,0.0,0.010390216019004583,0.0,0.0
neu_mbv2_pattern_mining,2026-03-16T22:00:15,3,26,6,0,1.0,0.0006332170451059937,0.0,0.4715386964380741,0.4715386964380741,0.0,0,0,0.004543137736618519,0.0,0.04261073190718889,0.0,0.0
neu_mbv2_pattern_mining,2026-03-16T22:00:15,3,27,6,1,0.953125,0.24595370888710022,0.0,0.08953586686402559,0.08953586686402559,0.0,0,0,0.0011099344119429588,0.0,0.0078436522744596,0.0,0.0
neu_mbv2_pattern_mining,2026-03-16T22:00:15,3,28,6,2,1.0,0.0004411728004924953,0.0,0.09160498157143593,0.09160498157143593,0.0,0,0,0.0007625538855791092,0.0,0.008397944271564484,0.0,0.0
neu_mbv2_pattern_mining,2026-03-16T22:00:15,3,29,6,3,1.0,0.013399126939475536,0.0,0.08484273217618465,0.08484273217618465,0.0,0,0,0.0006647082045674324,0.0,0.007819565013051033,0.0,0.0
neu_mbv2_pattern_mining,2026-03-16T22:00:15,3,30,6,4,1.0,0.03843872621655464,0.0,0.11284418869763613,0.11284418869763613,0.0,0,0,0.0006783837452530861,0.0,0.010606035124510527,0.0,0.0
neu_mbv2_pattern_mining,2026-03-16T22:00:15,4,26,6,0,1.0,0.0012721843086183071,0.0,0.5310444533824921,0.5310444533824921,0.0,0,0,0.006057687569409609,0.0,0.0470467577688396,0.0,0.0
neu_mbv2_pattern_mining,2026-03-16T22:00:16,4,27,6,1,0.90625,0.3949689567089081,0.0,0.11518475133925676,0.11518475133925676,0.0,0,0,0.000935669057071209,0.0,0.010582806076854467,0.0,0.0
neu_mbv2_pattern_mining,2026-03-16T22:00:16,4,28,6,2,1.0,0.0005661436589434743,0.0,0.09982479270547628,0.09982479270547628,0.0,0,0,0.0008307690732181072,0.0,0.009151710197329521,0.0,0.0
neu_mbv2_pattern_mining,2026-03-16T22:00:16,4,29,6,3,0.84375,0.6441614627838135,0.0,0.09955819230526686,0.09955819230526686,0.0,0,0,0.0008220192976295948,0.0,0.009133799932897091,0.0,0.0
neu_mbv2_pattern_mining,2026-03-16T22:00:16,4,30,6,4,1.0,0.0060500469990074635,0.0,0.1170062879100442,0.1170062879100442,0.0,0,0,0.0007255789823830128,0.0,0.010975049808621407,0.0,0.0
neu_mbv2_pattern_mining,2026-03-16T22:00:17,0,31,7,0,1.0,0.00041742593748494983,0.0,0.5602006707340479,0.5602006707340479,0.0,0,0,0.0036818119697272778,0.0,0.05233825510367751,0.0,0.0
neu_mbv2_pattern_mining,2026-03-16T22:00:17,0,32,7,1,0.984375,0.08746049553155899,0.0,0.11193688958883286,0.11193688958883286,0.0,0,0,0.0009354427456855774,0.0,0.010258246213197708,0.0,0.0
neu_mbv2_pattern_mining,2026-03-16T22:00:17,0,33,7,2,1.0,0.002214704407379031,0.0,0.1070677675306797,0.1070677675306797,0.0,0,0,0.0008407048881053925,0.0,0.009866071864962578,0.0,0.0
neu_mbv2_pattern_mining,2026-03-16T22:00:17,0,34,7,3,0.890625,0.6062962412834167,0.0,0.1123365294188261,0.1123365294188261,0.0,0,0,0.0007868479005992413,0.0,0.010446805041283369,0.0,0.0
neu_mbv2_pattern_mining,2026-03-16T22:00:17,0,35,7,4,0.75,1.430737853050232,0.0,0.12306666933000088,0.12306666933000088,0.0,0,0,0.000815199688076973,0.0,0.011491467244923115,0.0,0.0
neu_mbv2_pattern_mining,2026-03-16T22:00:18,1,31,7,0,0.984375,0.022667620331048965,0.0,0.4201386496424675,0.4201386496424675,0.0,0,0,0.004798559006303549,0.0,0.0372153059579432,0.0,0.0
neu_mbv2_pattern_mining,2026-03-16T22:00:18,1,32,7,1,0.9375,0.27493780851364136,0.0,0.09858585428446531,0.09858585428446531,0.0,0,0,0.0006953151896595955,0.0,0.009163270238786936,0.0,0.0
neu_mbv2_pattern_mining,2026-03-16T22:00:18,1,33,7,2,0.96875,0.06998731940984726,0.0,0.09540330618619919,0.09540330618619919,0.0,0,0,0.0007741237059235573,0.0,0.008766206912696362,0.0,0.0
neu_mbv2_pattern_mining,2026-03-16T22:00:18,1,34,7,3,1.0,0.020439513027668,0.0,0.09806422051042318,0.09806422051042318,0.0,0,0,0.0008102161809802055,0.0,0.008996205870062113,0.0,0.0
neu_mbv2_pattern_mining,2026-03-16T22:00:18,1,35,7,4,0.3333333333333333,2.1961867809295654,0.0,0.11168672237545252,0.11168672237545252,0.0,0,0,0.0008344771340489388,0.0,0.010334195103496313,0.0,0.0
neu_mbv2_pattern_mining,2026-03-16T22:00:19,2,31,7,0,1.0,0.0026053455658257008,0.0,0.38714530412107706,0.38714530412107706,0.0,0,0,0.00404915027320385,0.0,0.034665380138903856,0.0,0.0
neu_mbv2_pattern_mining,2026-03-16T22:00:19,2,32,7,1,0.96875,0.03645182028412819,0.0,0.10546838864684105,0.10546838864684105,0.0,0,0,0.0008955458179116249,0.0,0.00965129304677248,0.0,0.0
neu_mbv2_pattern_mining,2026-03-16T22:00:19,2,33,7,2,0.96875,0.0368155911564827,0.0,0.10379205457866192,0.10379205457866192,0.0,0,0,0.0008704052306711674,0.0,0.009508800227195024,0.0,0.0
neu_mbv2_pattern_mining,2026-03-16T22:00:19,2,34,7,3,0.96875,0.04921405762434006,0.0,0.1070895278826356,0.1070895278826356,0.0,0,0,0.0008807186968624592,0.0,0.0098282340914011,0.0,0.0
neu_mbv2_pattern_mining,2026-03-16T22:00:19,2,35,7,4,0.6666666666666666,2.428687810897827,0.0,0.12255135923624039,0.12255135923624039,0.0,0,0,0.0007880250923335552,0.0,0.011467110831290483,0.0,0.0
neu_mbv2_pattern_mining,2026-03-16T22:00:19,3,31,7,0,1.0,0.0002412926551187411,0.0,0.3087942907586694,0.3087942907586694,0.0,0,0,0.003377568908035755,0.0,0.027501860167831182,0.0,0.0
neu_mbv2_pattern_mining,2026-03-16T22:00:19,3,32,7,1,1.0,0.00015987535880412906,0.0,0.08551124949008226,0.08551124949008226,0.0,0,0,0.0006948849186301231,0.0,0.007856240030378103,0.0,0.0
neu_mbv2_pattern_mining,2026-03-16T22:00:19,3,33,7,2,1.0,0.0025068989489227533,0.0,0.09646691381931305,0.09646691381931305,0.0,0,0,0.00087742879986763,0.0,0.008769262582063675,0.0,0.0
neu_mbv2_pattern_mining,2026-03-16T22:00:19,3,34,7,3,0.984375,0.04905089735984802,0.0,0.09533107280731201,0.09533107280731201,0.0,0,0,0.000849550124257803,0.0,0.008683557156473398,0.0,0.0
neu_mbv2_pattern_mining,2026-03-16T22:00:19,3,35,7,4,0.6666666666666666,2.9038779735565186,0.0,0.1202978054061532,0.1202978054061532,0.0,0,0,0.0007799137383699417,0.0,0.011249866802245378,0.0,0.0
neu_mbv2_pattern_mining,2026-03-16T22:00:20,4,31,7,0,1.0,0.0011977767571806908,0.0,0.5222769035026431,0.5222769035026431,0.0,0,0,0.006475032307207584,0.0,0.045752658043056726,0.0,0.0
neu_mbv2_pattern_mining,2026-03-16T22:00:20,4,32,7,1,1.0,0.002301124855875969,0.0,0.12032304890453815,0.12032304890453815,0.0,0,0,0.0009188558906316757,0.0,0.01111344899982214,0.0,0.0
neu_mbv2_pattern_mining,2026-03-16T22:00:20,4,33,7,2,0.875,0.9367232322692871,0.0,0.099738291464746,0.099738291464746,0.0,0,0,0.0007712249644100666,0.0,0.009202604182064533,0.0,0.0
neu_mbv2_pattern_mining,2026-03-16T22:00:20,4,34,7,3,0.984375,0.023232612758874893,0.0,0.089576649479568,0.089576649479568,0.0,0,0,0.0007767300121486187,0.0,0.008180934935808182,0.0,0.0
neu_mbv2_pattern_mining,2026-03-16T22:00:20,4,35,7,4,1.0,0.031939078122377396,0.0,0.10645985137671232,0.10645985137671232,0.0,0,0,0.000707562081515789,0.0,0.009938423056155443,0.0,0.0
neu_mbv2_pattern_mining,2026-03-16T22:00:21,0,36,8,0,1.0,0.0002851004246622324,0.0,0.4199850279837847,0.4199850279837847,0.0,0,0,0.0028600250370800495,0.0,0.03913847776129842,0.0,0.0
neu_mbv2_pattern_mining,2026-03-16T22:00:21,0,37,8,1,0.984375,0.02788257785141468,0.0,0.1226302096620202,0.1226302096620202,0.0,0,0,0.0010474869050085545,0.0,0.011215534061193466,0.0,0.0
neu_mbv2_pattern_mining,2026-03-16T22:00:21,0,38,8,2,1.0,0.0006403709412552416,0.0,0.1073660934343934,0.1073660934343934,0.0,0,0,0.0008319597691297531,0.0,0.009904649574309587,0.0,0.0
neu_mbv2_pattern_mining,2026-03-16T22:00:21,0,39,8,3,0.984375,0.10339834541082382,0.0,0.12239437084645033,0.12239437084645033,0.0,0,0,0.0009440719150006771,0.0,0.011295365169644356,0.0,0.0
neu_mbv2_pattern_mining,2026-03-16T22:00:22,0,40,8,4,0.5,2.7049880027770996,0.0,0.1054004579782486,0.1054004579782486,0.0,0,0,0.0008431258611381054,0.0,0.009696919936686754,0.0,0.0
neu_mbv2_pattern_mining,2026-03-16T22:00:22,1,36,8,0,1.0,0.0007203109562397003,0.0,0.36960089579224586,0.36960089579224586,0.0,0,0,0.003927538637071848,0.0,0.03303255094215274,0.0,0.0
neu_mbv2_pattern_mining,2026-03-16T22:00:22,1,37,8,1,1.0,0.0003581673954613507,0.0,0.0997556559741497,0.0997556559741497,0.0,0,0,0.000783486757427454,0.0,0.009192078839987516,0.0,0.0
neu_mbv2_pattern_mining,2026-03-16T22:00:22,1,38,8,2,1.0,0.008652995340526104,0.0,0.09615342132747173,0.09615342132747173,0.0,0,0,0.0007794070988893509,0.0,0.008835935033857822,0.0,0.0
neu_mbv2_pattern_mining,2026-03-16T22:00:22,1,39,8,3,1.0,9.432571823708713e-05,0.0,0.09858519304543734,0.09858519304543734,0.0,0,0,0.0008493820205330849,0.0,0.009009137284010649,0.0,0.0
neu_mbv2_pattern_mining,2026-03-16T22:00:22,1,40,8,4,1.0,0.003258918644860387,0.0,0.15448112972080708,0.15448112972080708,0.0,0,0,0.0007931520231068134,0.0,0.014654960948973894,0.0,0.0
neu_mbv2_pattern_mining,2026-03-16T22:00:23,2,36,8,0,1.0,0.0002580547006800771,0.0,0.5045986920595169,0.5045986920595169,0.0,0,0,0.004687516950070858,0.0,0.04577235225588083,0.0,0.0
neu_mbv2_pattern_mining,2026-03-16T22:00:23,2,37,8,1,0.96875,0.09654596447944641,0.0,0.11526268906891346,0.11526268906891346,0.0,0,0,0.0009453552775084972,0.0,0.010580913629382849,0.0,0.0
neu_mbv2_pattern_mining,2026-03-16T22:00:23,2,38,8,2,1.0,0.0019264423754066229,0.0,0.1266757259145379,0.1266757259145379,0.0,0,0,0.0009806836023926735,0.0,0.011686888989061117,0.0,0.0
neu_mbv2_pattern_mining,2026-03-16T22:00:23,2,39,8,3,0.859375,0.8433188199996948,0.0,0.11473843827843666,0.11473843827843666,0.0,0,0,0.0008722580969333649,0.0,0.010601585730910301,0.0,0.0
neu_mbv2_pattern_mining,2026-03-16T22:00:23,2,40,8,4,1.0,0.011153911240398884,0.0,0.1433731522411108,0.1433731522411108,0.0,0,0,0.0008884463459253311,0.0,0.013448868878185749,0.0,0.0
neu_mbv2_pattern_mining,2026-03-16T22:00:24,3,36,8,0,1.0,0.0007509389542974532,0.0,0.3058358235284686,0.3058358235284686,0.0,0,0,0.0033367401920259,0.0,0.02724684216082096,0.0,0.0
neu_mbv2_pattern_mining,2026-03-16T22:00:24,3,37,8,1,0.984375,0.028388451784849167,0.0,0.0852409889921546,0.0852409889921546,0.0,0,0,0.0007193088531494141,0.0,0.007804790046066046,0.0,0.0
neu_mbv2_pattern_mining,2026-03-16T22:00:24,3,38,8,2,1.0,0.0002460479154251516,0.0,0.08520901203155518,0.08520901203155518,0.0,0,0,0.0007037250325083733,0.0,0.007817176170647144,0.0,0.0
neu_mbv2_pattern_mining,2026-03-16T22:00:24,3,39,8,3,0.9375,0.30362188816070557,0.0,0.0861725676804781,0.0861725676804781,0.0,0,0,0.0006661238148808479,0.0,0.007951132953166962,0.0,0.0
neu_mbv2_pattern_mining,2026-03-16T22:00:24,3,40,8,4,0.0,4.911285400390625,0.0,0.10586893185973167,0.10586893185973167,0.0,0,0,0.0006276560015976429,0.0,0.009959237184375525,0.0,0.0
neu_mbv2_pattern_mining,2026-03-16T22:00:24,4,36,8,0,1.0,9.710043377708644e-05,0.0,0.31475572381168604,0.31475572381168604,0.0,0,0,0.0033408142626285553,0.0,0.02813475811854005,0.0,0.0
neu_mbv2_pattern_mining,2026-03-16T22:00:25,4,37,8,1,1.0,0.0006044490146450698,0.0,0.09045255836099386,0.09045255836099386,0.0,0,0,0.0007110359147191048,0.0,0.008334219921380281,0.0,0.0
neu_mbv2_pattern_mining,2026-03-16T22:00:25,4,38,8,2,0.984375,0.03517549857497215,0.0,0.10018727742135525,0.10018727742135525,0.0,0,0,0.0008981488645076752,0.0,0.00912057887762785,0.0,0.0
neu_mbv2_pattern_mining,2026-03-16T22:00:25,4,39,8,3,0.984375,0.10066062211990356,0.0,0.09978496469557285,0.09978496469557285,0.0,0,0,0.0008646780624985695,0.0,0.009113818407058716,0.0,0.0
neu_mbv2_pattern_mining,2026-03-16T22:00:25,4,40,8,4,1.0,0.010076162405312061,0.0,0.12527096085250378,0.12527096085250378,0.0,0,0,0.0009426623582839966,0.0,0.011584433726966381,0.0,0.0
neu_mbv2_pattern_mining,2026-03-16T22:00:26,0,41,9,0,1.0,0.00018217253091279417,0.0,0.6352366600185633,0.6352366600185633,0.0,0,0,0.0035333428531885147,0.0,0.05999032314866781,0.0,0.0
neu_mbv2_pattern_mining,2026-03-16T22:00:26,0,42,9,1,1.0,0.0016991746379062533,0.0,0.0954933138564229,0.0954933138564229,0.0,0,0,0.0012917700223624706,0.0,0.00825756136327982,0.0,0.0
neu_mbv2_pattern_mining,2026-03-16T22:00:26,0,43,9,2,1.0,0.012658551335334778,0.0,0.12429833877831697,0.12429833877831697,0.0,0,0,0.0009147441014647484,0.0,0.011515089776366949,0.0,0.0
neu_mbv2_pattern_mining,2026-03-16T22:00:26,0,44,9,3,0.96875,0.178602933883667,0.0,0.11358421761542559,0.11358421761542559,0.0,0,0,0.0008795326575636864,0.0,0.010478889103978872,0.0,0.0
neu_mbv2_pattern_mining,2026-03-16T22:00:26,0,45,9,4,0.75,1.2549610137939453,0.0,0.12401838321238756,0.12401838321238756,0.0,0,0,0.0009266240522265434,0.0,0.011475214269012213,0.0,0.0
neu_mbv2_pattern_mining,2026-03-16T22:00:27,1,41,9,0,0.984375,0.013209979049861431,0.0,0.5913975555449724,0.5913975555449724,0.0,0,0,0.0072080716490745544,0.0,0.05193168390542269,0.0,0.0
neu_mbv2_pattern_mining,2026-03-16T22:00:27,1,42,9,1,0.984375,0.05012102425098419,0.0,0.12473840266466141,0.12473840266466141,0.0,0,0,0.000939955934882164,0.0,0.011533884331583977,0.0,0.0
neu_mbv2_pattern_mining,2026-03-16T22:00:27,1,43,9,2,0.96875,0.08745069056749344,0.0,0.14968845061957836,0.14968845061957836,0.0,0,0,0.0011095218360424042,0.0,0.013859323225915432,0.0,0.0
neu_mbv2_pattern_mining,2026-03-16T22:00:27,1,44,9,3,1.0,0.002060397993773222,0.0,0.12311358936131,0.12311358936131,0.0,0,0,0.0009446591138839722,0.0,0.011366699822247028,0.0,0.0
neu_mbv2_pattern_mining,2026-03-16T22:00:27,1,45,9,4,0.6666666666666666,1.0851677656173706,0.0,0.15100769698619843,0.15100769698619843,0.0,0,0,0.0008802539668977261,0.0,0.014220515731722116,0.0,0.0
neu_mbv2_pattern_mining,2026-03-16T22:00:28,2,41,9,0,1.0,0.0015939802397042513,0.0,0.34446236211806536,0.34446236211806536,0.0,0,0,0.003614450804889202,0.0,0.030831785406917334,0.0,0.0
neu_mbv2_pattern_mining,2026-03-16T22:00:28,2,42,9,1,0.9375,0.3410664200782776,0.0,0.10598096996545792,0.10598096996545792,0.0,0,0,0.0007536299526691437,0.0,0.009844467043876648,0.0,0.0
neu_mbv2_pattern_mining,2026-03-16T22:00:28,2,43,9,2,1.0,0.005563726648688316,0.0,0.1017011096701026,0.1017011096701026,0.0,0,0,0.0007591722533106804,0.0,0.00941093871369958,0.0,0.0
neu_mbv2_pattern_mining,2026-03-16T22:00:28,2,44,9,3,0.96875,0.1871488392353058,0.0,0.0976733211427927,0.0976733211427927,0.0,0,0,0.0007621259428560734,0.0,0.009005206171423197,0.0,0.0
neu_mbv2_pattern_mining,2026-03-16T22:00:28,2,45,9,4,0.3333333333333333,2.57661509513855,0.0,0.12337823864072561,0.12337823864072561,0.0,0,0,0.0007807356305420399,0.0,0.011557088233530521,0.0,0.0
neu_mbv2_pattern_mining,2026-03-16T22:00:28,3,41,9,0,1.0,4.281614747014828e-05,0.0,0.2854500524699688,0.2854500524699688,0.0,0,0,0.003376969136297703,0.0,0.025168036110699177,0.0,0.0
neu_mbv2_pattern_mining,2026-03-16T22:00:28,3,42,9,1,1.0,0.00039957882836461067,0.0,0.08690036367624998,0.08690036367624998,0.0,0,0,0.0007582390680909157,0.0,0.007931797299534082,0.0,0.0
neu_mbv2_pattern_mining,2026-03-16T22:00:28,3,43,9,2,1.0,0.0024609542451798916,0.0,0.10049311444163322,0.10049311444163322,0.0,0,0,0.000756487250328064,0.0,0.009292824193835258,0.0,0.0
neu_mbv2_pattern_mining,2026-03-16T22:00:29,3,44,9,3,1.0,0.002026989357545972,0.0,0.10036820080131292,0.10036820080131292,0.0,0,0,0.0007560960948467255,0.0,0.009280723985284567,0.0,0.0
neu_mbv2_pattern_mining,2026-03-16T22:00:29,3,45,9,4,0.3333333333333333,2.1929025650024414,0.0,0.10493467561900616,0.10493467561900616,0.0,0,0,0.0006772158667445183,0.0,0.009816251695156097,0.0,0.0
neu_mbv2_pattern_mining,2026-03-16T22:00:29,4,41,9,0,1.0,5.1056151278316975e-05,0.0,0.34609036054462194,0.34609036054462194,0.0,0,0,0.003909618128091097,0.0,0.030699417926371098,0.0,0.0
neu_mbv2_pattern_mining,2026-03-16T22:00:29,4,42,9,1,1.0,0.0001260608114534989,0.0,0.106596858240664,0.106596858240664,0.0,0,0,0.0008093090727925301,0.0,0.00985037675127387,0.0,0.0
neu_mbv2_pattern_mining,2026-03-16T22:00:29,4,43,9,2,0.984375,0.07790201902389526,0.0,0.10570479091256857,0.10570479091256857,0.0,0,0,0.0007897438481450081,0.0,0.009780735243111849,0.0,0.0
neu_mbv2_pattern_mining,2026-03-16T22:00:29,4,44,9,3,1.0,0.00016262807184830308,0.0,0.10721045546233654,0.10721045546233654,0.0,0,0,0.0008129822090268135,0.0,0.00990806333720684,0.0,0.0
neu_mbv2_pattern_mining,2026-03-16T22:00:29,4,45,9,4,0.3333333333333333,0.9408133029937744,0.0,0.12774110306054354,0.12774110306054354,0.0,0,0,0.0007966789416968822,0.0,0.011977431364357471,0.0,0.0
neu_mbv2_pattern_mining,2026-03-16T22:00:30,0,46,10,0,1.0,0.002145743230357766,0.0,0.2936988230794668,0.2936988230794668,0.0,0,0,0.0018046321347355843,0.0,0.027565250173211098,0.0,0.0
neu_mbv2_pattern_mining,2026-03-16T22:00:30,0,47,10,1,1.0,0.015023637562990189,0.0,0.09927405044436455,0.09927405044436455,0.0,0,0,0.0008031250908970833,0.0,0.009124279953539371,0.0,0.0
neu_mbv2_pattern_mining,2026-03-16T22:00:30,0,48,10,2,0.984375,0.15078231692314148,0.0,0.08350753225386143,0.08350753225386143,0.0,0,0,0.0007832222618162632,0.0,0.0075675309635698795,0.0,0.0
neu_mbv2_pattern_mining,2026-03-16T22:00:30,0,49,10,3,1.0,0.00042335179750807583,0.0,0.08386090397834778,0.08386090397834778,0.0,0,0,0.0006411797367036343,0.0,0.007744910661131144,0.0,0.0
neu_mbv2_pattern_mining,2026-03-16T22:00:30,0,50,10,4,0.25,3.340047836303711,0.0,0.08314247708767653,0.08314247708767653,0.0,0,0,0.0005852836184203625,0.0,0.00772896409034729,0.0,0.0
neu_mbv2_pattern_mining,2026-03-16T22:00:31,1,46,10,0,1.0,0.00013887902605347335,0.0,0.4413827694952488,0.4413827694952488,0.0,0,0,0.004447414074093103,0.0,0.039690862875431776,0.0,0.0
neu_mbv2_pattern_mining,2026-03-16T22:00:31,1,47,10,1,0.984375,0.17244137823581696,0.0,0.14537106733769178,0.14537106733769178,0.0,0,0,0.0010705147869884968,0.0,0.013466591946780682,0.0,0.0
neu_mbv2_pattern_mining,2026-03-16T22:00:31,1,48,10,2,1.0,0.0007701494032517076,0.0,0.14528423082083464,0.14528423082083464,0.0,0,0,0.000989721156656742,0.0,0.013538701925426722,0.0,0.0
neu_mbv2_pattern_mining,2026-03-16T22:00:31,1,49,10,3,0.984375,0.11979199945926666,0.0,0.14367828611284494,0.14367828611284494,0.0,0,0,0.0009500137530267239,0.0,0.01341781485825777,0.0,0.0
neu_mbv2_pattern_mining,2026-03-16T22:00:31,1,50,10,4,0.3333333333333333,2.7503654956817627,0.0,0.10433780960738659,0.10433780960738659,0.0,0,0,0.0006448430940508842,0.0,0.009788937866687775,0.0,0.0
neu_mbv2_pattern_mining,2026-03-16T22:00:32,2,46,10,0,1.0,0.009698521345853806,0.0,0.5399621790274978,0.5399621790274978,0.0,0,0,0.005635390989482403,0.0,0.048360826913267374,0.0,0.0
neu_mbv2_pattern_mining,2026-03-16T22:00:32,2,47,10,1,1.0,0.008662302978336811,0.0,0.12464302126318216,0.12464302126318216,0.0,0,0,0.0008984538726508617,0.0,0.011565848253667355,0.0,0.0
neu_mbv2_pattern_mining,2026-03-16T22:00:32,2,48,10,2,0.96875,0.12475915253162384,0.0,0.13040820136666298,0.13040820136666298,0.0,0,0,0.000923382118344307,0.0,0.012117438018321991,0.0,0.0
neu_mbv2_pattern_mining,2026-03-16T22:00:32,2,49,10,3,0.984375,0.020503966137766838,0.0,0.1142679201439023,0.1142679201439023,0.0,0,0,0.0008101589046418667,0.0,0.010616633109748363,0.0,0.0
neu_mbv2_pattern_mining,2026-03-16T22:00:32,2,50,10,4,0.3333333333333333,1.2019325494766235,0.0,0.13250989839434624,0.13250989839434624,0.0,0,0,0.0007942779920995235,0.0,0.0124567118473351,0.0,0.0
neu_mbv2_pattern_mining,2026-03-16T22:00:33,3,46,10,0,1.0,0.00029421874205581844,0.0,0.5276613496243954,0.5276613496243954,0.0,0,0,0.0048248120583593845,0.0,0.04794132290408015,0.0,0.0
neu_mbv2_pattern_mining,2026-03-16T22:00:33,3,47,10,1,0.984375,0.037300121039152145,0.0,0.1347536686807871,0.1347536686807871,0.0,0,0,0.001026814803481102,0.0,0.012448552064597607,0.0,0.0
neu_mbv2_pattern_mining,2026-03-16T22:00:33,3,48,10,2,1.0,0.00016437735757790506,0.0,0.1117396866902709,0.1117396866902709,0.0,0,0,0.0008851788006722927,0.0,0.010288789868354797,0.0,0.0
neu_mbv2_pattern_mining,2026-03-16T22:00:33,3,49,10,3,0.984375,0.22484272718429565,0.0,0.10701719205826521,0.10701719205826521,0.0,0,0,0.0008025919087231159,0.0,0.009899127297103405,0.0,0.0
neu_mbv2_pattern_mining,2026-03-16T22:00:33,3,50,10,4,0.6666666666666666,2.3545217514038086,0.0,0.12446130160242319,0.12446130160242319,0.0,0,0,0.0008371998555958271,0.0,0.011608930304646492,0.0,0.0
neu_mbv2_pattern_mining,2026-03-16T22:00:34,4,46,10,0,1.0,6.5879576141014695e-06,0.0,0.6018869299441576,0.6018869299441576,0.0,0,0,0.006624253932386637,0.0,0.05356443906202912,0.0,0.0
neu_mbv2_pattern_mining,2026-03-16T22:00:34,4,47,10,1,1.0,3.385931995580904e-05,0.0,0.12475498951971531,0.12475498951971531,0.0,0,0,0.0008908016607165337,0.0,0.011584697291254997,0.0,0.0
neu_mbv2_pattern_mining,2026-03-16T22:00:34,4,48,10,2,1.0,0.0001663815346546471,0.0,0.13319597113877535,0.13319597113877535,0.0,0,0,0.0009894780814647675,0.0,0.012330119032412767,0.0,0.0
neu_mbv2_pattern_mining,2026-03-16T22:00:34,4,49,10,3,1.0,0.004440644755959511,0.0,0.12623662129044533,0.12623662129044533,0.0,0,0,0.000962832011282444,0.0,0.011660830117762089,0.0,0.0
neu_mbv2_pattern_mining,2026-03-16T22:00:34,4,50,10,4,1.0,0.11058837175369263,0.0,0.14378447085618973,0.14378447085618973,0.0,0,0,0.0008837911300361156,0.0,0.013494655955582857,0.0,0.0
neu_mbv2_pattern_mining,2026-03-16T22:00:35,0,51,11,0,1.0,0.0023392746224999428,0.0,0.400680098682642,0.400680098682642,0.0,0,0,0.003138103988021612,0.0,0.036929905880242586,0.0,0.0
neu_mbv2_pattern_mining,2026-03-16T22:00:35,0,52,11,1,1.0,0.006117306649684906,0.0,0.10304746218025684,0.10304746218025684,0.0,0,0,0.0007993802428245544,0.0,0.00950536597520113,0.0,0.0
neu_mbv2_pattern_mining,2026-03-16T22:00:35,0,53,11,2,0.984375,0.038713596761226654,0.0,0.09733607992529869,0.09733607992529869,0.0,0,0,0.0007455181330442429,0.0,0.008988089859485626,0.0,0.0
neu_mbv2_pattern_mining,2026-03-16T22:00:35,0,54,11,3,0.984375,0.03533391281962395,0.0,0.09938395116478205,0.09938395116478205,0.0,0,0,0.000785263255238533,0.0,0.009153131861239672,0.0,0.0
neu_mbv2_pattern_mining,2026-03-16T22:00:35,0,55,11,4,1.0,0.0017203568713739514,0.0,0.09848874993622303,0.09848874993622303,0.0,0,0,0.0007819500751793385,0.0,0.009066924918442965,0.0,0.0
neu_mbv2_pattern_mining,2026-03-16T22:00:36,1,51,11,0,0.984375,0.10289369523525238,0.0,0.5218181619420648,0.5218181619420648,0.0,0,0,0.006272309925407171,0.0,0.045909506268799305,0.0,0.0
neu_mbv2_pattern_mining,2026-03-16T22:00:36,1,52,11,1,0.984375,0.0668477937579155,0.0,0.12058701366186142,0.12058701366186142,0.0,0,0,0.0009305053390562534,0.0,0.011128196027129889,0.0,0.0
neu_mbv2_pattern_mining,2026-03-16T22:00:36,1,53,11,2,0.9375,0.19080492854118347,0.0,0.11442482937127352,0.11442482937127352,0.0,0,0,0.0008462760597467422,0.0,0.01059620687738061,0.0,0.0
neu_mbv2_pattern_mining,2026-03-16T22:00:36,1,54,11,3,0.96875,0.032848719507455826,0.0,0.11014070361852646,0.11014070361852646,0.0,0,0,0.0007675611414015293,0.0,0.010246509220451117,0.0,0.0
neu_mbv2_pattern_mining,2026-03-16T22:00:36,1,55,11,4,0.3333333333333333,1.8193401098251343,0.0,0.13384414836764336,0.13384414836764336,0.0,0,0,0.0008153948001563549,0.0,0.01256902003660798,0.0,0.0
neu_mbv2_pattern_mining,2026-03-16T22:00:37,2,51,11,0,1.0,0.004695266950875521,0.0,0.45022407080978155,0.45022407080978155,0.0,0,0,0.004764861892908812,0.0,0.040257545188069344,0.0,0.0
neu_mbv2_pattern_mining,2026-03-16T22:00:37,2,52,11,1,0.984375,0.07813991606235504,0.0,0.1358754700049758,0.1358754700049758,0.0,0,0,0.0010640923865139484,0.0,0.012523454613983631,0.0,0.0
neu_mbv2_pattern_mining,2026-03-16T22:00:37,2,53,11,2,0.984375,0.014461828395724297,0.0,0.11380504351109266,0.11380504351109266,0.0,0,0,0.0009870505891740322,0.0,0.010393453761935234,0.0,0.0
neu_mbv2_pattern_mining,2026-03-16T22:00:37,2,54,11,3,1.0,0.0003615271707531065,0.0,0.10916488245129585,0.10916488245129585,0.0,0,0,0.0008647101931273937,0.0,0.010051778052002192,0.0,0.0
neu_mbv2_pattern_mining,2026-03-16T22:00:37,2,55,11,4,0.3333333333333333,3.6980350017547607,0.0,0.1350409910082817,0.1350409910082817,0.0,0,0,0.0008443612605333328,0.0,0.012659737840294838,0.0,0.0
neu_mbv2_pattern_mining,2026-03-16T22:00:38,3,51,11,0,1.0,0.00016435072757303715,0.0,0.45019214041531086,0.45019214041531086,0.0,0,0,0.005790694151073694,0.0,0.03922851989045739,0.0,0.0
neu_mbv2_pattern_mining,2026-03-16T22:00:38,3,52,11,1,1.0,0.0001354976266156882,0.0,0.10581281967461109,0.10581281967461109,0.0,0,0,0.0009305509738624096,0.0,0.0096507309935987,0.0,0.0
neu_mbv2_pattern_mining,2026-03-16T22:00:38,3,53,11,2,0.96875,0.44384029507637024,0.0,0.10063545312732458,0.10063545312732458,0.0,0,0,0.0007857959717512131,0.0,0.009277749340981245,0.0,0.0
neu_mbv2_pattern_mining,2026-03-16T22:00:38,3,54,11,3,1.0,0.00013736468099523336,0.0,0.09650143329054117,0.09650143329054117,0.0,0,0,0.0007142564281821251,0.0,0.008935886900871992,0.0,0.0
neu_mbv2_pattern_mining,2026-03-16T22:00:38,3,55,11,4,0.6666666666666666,0.3819972574710846,0.0,0.10653882753103971,0.10653882753103971,0.0,0,0,0.0006527700461447239,0.0,0.010001112706959248,0.0,0.0
neu_mbv2_pattern_mining,2026-03-16T22:00:38,4,51,11,0,1.0,0.0016727092443034053,0.0,0.33630802761763334,0.33630802761763334,0.0,0,0,0.003140111919492483,0.0,0.03049069084227085,0.0,0.0
neu_mbv2_pattern_mining,2026-03-16T22:00:38,4,52,11,1,0.9375,0.3789912462234497,0.0,0.11512861121445894,0.11512861121445894,0.0,0,0,0.0008922498673200607,0.0,0.010620611254125834,0.0,0.0
neu_mbv2_pattern_mining,2026-03-16T22:00:38,4,53,11,2,1.0,0.0003448918869253248,0.0,0.1057943794876337,0.1057943794876337,0.0,0,0,0.0007663178257644176,0.0,0.009813120122998953,0.0,0.0
neu_mbv2_pattern_mining,2026-03-16T22:00:38,4,54,11,3,0.859375,0.5851653814315796,0.0,0.10090568568557501,0.10090568568557501,0.0,0,0,0.0007302863523364067,0.0,0.009360282216221094,0.0,0.0
neu_mbv2_pattern_mining,2026-03-16T22:00:38,4,55,11,4,1.0,0.025429928675293922,0.0,0.11378822382539511,0.11378822382539511,0.0,0,0,0.0007089846767485142,0.0,0.010669837705790997,0.0,0.0
neu_mbv2_pattern_mining,2026-03-16T22:00:40,0,56,12,0,1.0,9.341171244159341e-05,0.0,0.39168186020106077,0.39168186020106077,0.0,0,0,0.0023161531426012516,0.0,0.036852032877504826,0.0,0.0
neu_mbv2_pattern_mining,2026-03-16T22:00:40,0,57,12,1,1.0,6.0557682445505634e-05,0.0,0.10214115958660841,0.10214115958660841,0.0,0,0,0.0007856031879782677,0.0,0.009428512770682573,0.0,0.0
neu_mbv2_pattern_mining,2026-03-16T22:00:40,0,58,12,2,1.0,0.0005480581312440336,0.0,0.10167296975851059,0.10167296975851059,0.0,0,0,0.0009366138838231564,0.0,0.009230683092027903,0.0,0.0
neu_mbv2_pattern_mining,2026-03-16T22:00:40,0,59,12,3,1.0,1.748279100866057e-05,0.0,0.09478646330535412,0.09478646330535412,0.0,0,0,0.0006845640018582344,0.0,0.008794082328677177,0.0,0.0
neu_mbv2_pattern_mining,2026-03-16T22:00:40,0,60,12,4,0.75,1.2762782573699951,0.0,0.0955166295170784,0.0955166295170784,0.0,0,0,0.0007608290761709213,0.0,0.008790833875536919,0.0,0.0
neu_mbv2_pattern_mining,2026-03-16T22:00:40,1,56,12,0,1.0,0.0002417446085019037,0.0,0.5236785020679235,0.5236785020679235,0.0,0,0,0.005252163391560316,0.0,0.04711568681523204,0.0,0.0
neu_mbv2_pattern_mining,2026-03-16T22:00:41,1,57,12,1,1.0,0.006296235136687756,0.0,0.15475201420485973,0.15475201420485973,0.0,0,0,0.0012631872668862343,0.0,0.014212014153599739,0.0,0.0
neu_mbv2_pattern_mining,2026-03-16T22:00:41,1,58,12,2,0.96875,0.1372583657503128,0.0,0.13199789449572563,0.13199789449572563,0.0,0,0,0.0010833838023245335,0.0,0.01211640564724803,0.0,0.0
neu_mbv2_pattern_mining,2026-03-16T22:00:41,1,59,12,3,1.0,0.0007018994074314833,0.0,0.11115421541035175,0.11115421541035175,0.0,0,0,0.0008600768633186817,0.0,0.010255344677716494,0.0,0.0
neu_mbv2_pattern_mining,2026-03-16T22:00:41,1,60,12,4,0.6666666666666666,0.4460945129394531,0.0,0.13732985593378544,0.13732985593378544,0.0,0,0,0.0008505168370902538,0.0,0.01288246875628829,0.0,0.0
neu_mbv2_pattern_mining,2026-03-16T22:00:41,2,56,12,0,1.0,0.002873179269954562,0.0,0.46655630227178335,0.46655630227178335,0.0,0,0,0.004488000646233559,0.0,0.04216762958094478,0.0,0.0
neu_mbv2_pattern_mining,2026-03-16T22:00:41,2,57,12,1,0.984375,0.14524884521961212,0.0,0.146110481582582,0.146110481582582,0.0,0,0,0.0010329089127480984,0.0,0.013578139245510101,0.0,0.0
neu_mbv2_pattern_mining,2026-03-16T22:00:41,2,58,12,2,1.0,0.0021636569872498512,0.0,0.14588285237550735,0.14588285237550735,0.0,0,0,0.001034473069012165,0.0,0.01355381216853857,0.0,0.0
neu_mbv2_pattern_mining,2026-03-16T22:00:41,2,59,12,3,0.984375,0.07395604252815247,0.0,0.08432220201939344,0.08432220201939344,0.0,0,0,0.000645811203867197,0.0,0.007786408998072147,0.0,0.0
neu_mbv2_pattern_mining,2026-03-16T22:00:41,2,60,12,4,0.3333333333333333,3.116685628890991,0.0,0.1095086382701993,0.1095086382701993,0.0,0,0,0.0006590420380234718,0.0,0.010291821788996458,0.0,0.0
neu_mbv2_pattern_mining,2026-03-16T22:00:42,3,56,12,0,1.0,0.00011596567492233589,0.0,0.4127576947212219,0.4127576947212219,0.0,0,0,0.0043944017961621284,0.0,0.036881367675960064,0.0,0.0
neu_mbv2_pattern_mining,2026-03-16T22:00:42,3,57,12,1,1.0,0.00017744737851899117,0.0,0.14085473027080297,0.14085473027080297,0.0,0,0,0.0010952050797641277,0.0,0.01299026794731617,0.0,0.0
neu_mbv2_pattern_mining,2026-03-16T22:00:42,3,58,12,2,0.984375,0.06732363998889923,0.0,0.13334309682250023,0.13334309682250023,0.0,0,0,0.001053806859999895,0.0,0.012280502822250128,0.0,0.0
neu_mbv2_pattern_mining,2026-03-16T22:00:42,3,59,12,3,1.0,0.007564167957752943,0.0,0.11833812575787306,0.11833812575787306,0.0,0,0,0.0008784872479736805,0.0,0.010955325327813625,0.0,0.0
neu_mbv2_pattern_mining,2026-03-16T22:00:42,3,60,12,4,1.0,0.01838216371834278,0.0,0.1197359012439847,0.1197359012439847,0.0,0,0,0.0007396829314529896,0.0,0.01123390719294548,0.0,0.0
neu_mbv2_pattern_mining,2026-03-16T22:00:43,4,56,12,0,1.0,2.933218092948664e-05,0.0,0.3491862490773201,0.3491862490773201,0.0,0,0,0.004450677894055843,0.0,0.030467947013676167,0.0,0.0
neu_mbv2_pattern_mining,2026-03-16T22:00:43,4,57,12,1,1.0,0.00071537314215675,0.0,0.10164964944124222,0.10164964944124222,0.0,0,0,0.0007875189185142517,0.0,0.00937744602560997,0.0,0.0
neu_mbv2_pattern_mining,2026-03-16T22:00:43,4,58,12,2,1.0,0.0019320870051160455,0.0,0.0987261114642024,0.0987261114642024,0.0,0,0,0.0007282281294465065,0.0,0.009144383016973734,0.0,0.0
neu_mbv2_pattern_mining,2026-03-16T22:00:43,4,59,12,3,1.0,5.154601240064949e-05,0.0,0.10120248422026634,0.10120248422026634,0.0,0,0,0.0007490911521017551,0.0,0.009371157269924879,0.0,0.0
neu_mbv2_pattern_mining,2026-03-16T22:00:43,4,60,12,4,1.0,0.06554234027862549,0.0,0.11260070838034153,0.11260070838034153,0.0,0,0,0.0006860359571874142,0.0,0.010574034880846739,0.0,0.0
neu_mbv2_pattern_mining,2026-03-16T22:00:44,0,61,13,0,1.0,0.00045815997873432934,0.0,0.45732132624834776,0.45732132624834776,0.0,0,0,0.0027220258489251137,0.0,0.04301010677590966,0.0,0.0
neu_mbv2_pattern_mining,2026-03-16T22:00:44,0,62,13,1,0.96875,0.11235634982585907,0.0,0.14254195149987936,0.14254195149987936,0.0,0,0,0.001138885971158743,0.0,0.013115309178829193,0.0,0.0
neu_mbv2_pattern_mining,2026-03-16T22:00:44,0,63,13,2,1.0,0.0003618487680796534,0.0,0.12608530465513468,0.12608530465513468,0.0,0,0,0.0009713657200336456,0.0,0.011637164745479822,0.0,0.0
neu_mbv2_pattern_mining,2026-03-16T22:00:44,0,64,13,3,1.0,0.00016507197869941592,0.0,0.12325942050665617,0.12325942050665617,0.0,0,0,0.0009445929899811745,0.0,0.011381349060684443,0.0,0.0
neu_mbv2_pattern_mining,2026-03-16T22:00:44,0,65,13,4,0.5,1.995230793952942,0.0,0.11838432867079973,0.11838432867079973,0.0,0,0,0.0008621187880635262,0.0,0.010976314079016447,0.0,0.0
neu_mbv2_pattern_mining,2026-03-16T22:00:45,1,61,13,0,1.0,1.320348928857129e-05,0.0,0.36917515099048615,0.36917515099048615,0.0,0,0,0.004480198957026005,0.0,0.03243731614202261,0.0,0.0
neu_mbv2_pattern_mining,2026-03-16T22:00:45,1,62,13,1,1.0,2.032204793067649e-05,0.0,0.11000843718647957,0.11000843718647957,0.0,0,0,0.0009565437212586403,0.0,0.010044299997389317,0.0,0.0
neu_mbv2_pattern_mining,2026-03-16T22:00:45,1,63,13,2,1.0,3.595101952669211e-05,0.0,0.10254485998302698,0.10254485998302698,0.0,0,0,0.0007944880053400993,0.0,0.009459997992962599,0.0,0.0
neu_mbv2_pattern_mining,2026-03-16T22:00:45,1,64,13,3,1.0,6.955015123821795e-06,0.0,0.11034445837140083,0.11034445837140083,0.0,0,0,0.0007945820689201355,0.0,0.010239863768219948,0.0,0.0
neu_mbv2_pattern_mining,2026-03-16T22:00:45,1,65,13,4,0.6666666666666666,1.8485878705978394,0.0,0.11395388748496771,0.11395388748496771,0.0,0,0,0.0008471738547086716,0.0,0.0105482148937881,0.0,0.0
neu_mbv2_pattern_mining,2026-03-16T22:00:46,2,61,13,0,1.0,0.002589161740615964,0.0,0.4328102106228471,0.4328102106228471,0.0,0,0,0.004285410046577454,0.0,0.038995611015707254,0.0,0.0
neu_mbv2_pattern_mining,2026-03-16T22:00:46,2,62,13,1,0.890625,0.5681861042976379,0.0,0.12193711008876562,0.12193711008876562,0.0,0,0,0.0009322389960289001,0.0,0.011261472012847662,0.0,0.0
neu_mbv2_pattern_mining,2026-03-16T22:00:46,2,63,13,2,0.984375,0.06909427046775818,0.0,0.12083711102604866,0.12083711102604866,0.0,0,0,0.0009299549274146557,0.0,0.01115375617519021,0.0,0.0
neu_mbv2_pattern_mining,2026-03-16T22:00:46,2,64,13,3,0.921875,0.21790330111980438,0.0,0.10956971906125546,0.10956971906125546,0.0,0,0,0.0008593392558395863,0.0,0.01009763265028596,0.0,0.0
neu_mbv2_pattern_mining,2026-03-16T22:00:46,2,65,13,4,0.0,3.6098906993865967,0.0,0.13111835345625877,0.13111835345625877,0.0,0,0,0.0008033579215407372,0.0,0.01230847742408514,0.0,0.0
neu_mbv2_pattern_mining,2026-03-16T22:00:47,3,61,13,0,1.0,0.0002411142340861261,0.0,0.3075436735525727,0.3075436735525727,0.0,0,0,0.003244556952267885,0.0,0.027509810402989388,0.0,0.0
neu_mbv2_pattern_mining,2026-03-16T22:00:47,3,62,13,1,1.0,0.0009008993511088192,0.0,0.10734041221439838,0.10734041221439838,0.0,0,0,0.0009182281792163849,0.0,0.009815813042223454,0.0,0.0
neu_mbv2_pattern_mining,2026-03-16T22:00:47,3,63,13,2,1.0,0.0017194986576214433,0.0,0.09313224349170923,0.09313224349170923,0.0,0,0,0.0007164962589740753,0.0,0.008596728090196848,0.0,0.0
neu_mbv2_pattern_mining,2026-03-16T22:00:47,3,64,13,3,1.0,0.0005393493920564651,0.0,0.0911904126405716,0.0911904126405716,0.0,0,0,0.0007196730002760887,0.0,0.00839936826378107,0.0,0.0
neu_mbv2_pattern_mining,2026-03-16T22:00:47,3,65,13,4,0.6666666666666666,2.2395308017730713,0.0,0.11531740892678499,0.11531740892678499,0.0,0,0,0.0007312200032174587,0.0,0.01080052088946104,0.0,0.0
neu_mbv2_pattern_mining,2026-03-16T22:00:47,4,61,13,0,0.984375,0.07404591888189316,0.0,0.36679052747786045,0.36679052747786045,0.0,0,0,0.004041630774736404,0.0,0.03263742197304964,0.0,0.0
neu_mbv2_pattern_mining,2026-03-16T22:00:47,4,62,13,1,0.953125,0.22557568550109863,0.0,0.0855081295594573,0.0855081295594573,0.0,0,0,0.0007148650474846363,0.0,0.007835947908461094,0.0,0.0
neu_mbv2_pattern_mining,2026-03-16T22:00:47,4,63,13,2,1.0,2.611326999613084e-05,0.0,0.09282893035560846,0.09282893035560846,0.0,0,0,0.0007260250858962536,0.0,0.008556867949664593,0.0,0.0
neu_mbv2_pattern_mining,2026-03-16T22:00:47,4,64,13,3,1.0,0.018820706754922867,0.0,0.09900002740323544,0.09900002740323544,0.0,0,0,0.000885991845279932,0.0,0.009014010895043612,0.0,0.0
neu_mbv2_pattern_mining,2026-03-16T22:00:47,4,65,13,4,0.6666666666666666,4.477748394012451,0.0,0.1162293553352356,0.1162293553352356,0.0,0,0,0.0007079099304974079,0.0,0.010915025603026152,0.0,0.0
neu_mbv2_pattern_mining,2026-03-16T22:00:49,0,66,14,0,1.0,0.00044014264130964875,0.0,0.4149438813328743,0.4149438813328743,0.0,0,0,0.0023769009858369827,0.0,0.03911748714745045,0.0,0.0
neu_mbv2_pattern_mining,2026-03-16T22:00:49,0,67,14,1,0.984375,0.07077054679393768,0.0,0.1266728201881051,0.1266728201881051,0.0,0,0,0.0009978311136364937,0.0,0.011669450905174017,0.0,0.0
neu_mbv2_pattern_mining,2026-03-16T22:00:49,0,68,14,2,1.0,0.011778589338064194,0.0,0.11670324951410294,0.11670324951410294,0.0,0,0,0.0008737859316170216,0.0,0.010796539019793272,0.0,0.0
neu_mbv2_pattern_mining,2026-03-16T22:00:49,0,69,14,3,1.0,0.007571105845272541,0.0,0.12102976907044649,0.12102976907044649,0.0,0,0,0.0010189679451286793,0.0,0.01108400896191597,0.0,0.0
neu_mbv2_pattern_mining,2026-03-16T22:00:49,0,70,14,4,0.75,0.45363593101501465,0.0,0.12176627293229103,0.12176627293229103,0.0,0,0,0.0009687570855021477,0.0,0.011207870207726955,0.0,0.0
neu_mbv2_pattern_mining,2026-03-16T22:00:50,1,66,14,0,1.0,2.6313149646739475e-05,0.0,0.44878271874040365,0.44878271874040365,0.0,0,0,0.00480687664821744,0.0,0.040071395225822926,0.0,0.0
neu_mbv2_pattern_mining,2026-03-16T22:00:50,1,67,14,1,1.0,0.00019656543736346066,0.0,0.12096257414668798,0.12096257414668798,0.0,0,0,0.0009677656926214695,0.0,0.011128491722047329,0.0,0.0
neu_mbv2_pattern_mining,2026-03-16T22:00:50,1,68,14,2,1.0,4.408856329973787e-05,0.0,0.11023105587810278,0.11023105587810278,0.0,0,0,0.0008443673141300678,0.0,0.01017873827368021,0.0,0.0
neu_mbv2_pattern_mining,2026-03-16T22:00:50,1,69,14,3,1.0,2.055881850537844e-05,0.0,0.10568069759756327,0.10568069759756327,0.0,0,0,0.0009898808784782887,0.0,0.009578188881278038,0.0,0.0
neu_mbv2_pattern_mining,2026-03-16T22:00:50,1,70,14,4,1.0,0.08569931238889694,0.0,0.13459680136293173,0.13459680136293173,0.0,0,0,0.0008298922330141068,0.0,0.012629787903279066,0.0,0.0
neu_mbv2_pattern_mining,2026-03-16T22:00:50,2,66,14,0,1.0,2.37634994846303e-05,0.0,0.4711444629356265,0.4711444629356265,0.0,0,0,0.006273562088608742,0.0,0.04084088420495391,0.0,0.0
neu_mbv2_pattern_mining,2026-03-16T22:00:50,2,67,14,1,1.0,0.001402606489136815,0.0,0.09961646515876055,0.09961646515876055,0.0,0,0,0.0008214837871491909,0.0,0.009140162728726864,0.0,0.0
neu_mbv2_pattern_mining,2026-03-16T22:00:50,2,68,14,2,0.9375,0.4639090895652771,0.0,0.10633472818881273,0.10633472818881273,0.0,0,0,0.0007828730158507824,0.0,0.009850599803030491,0.0,0.0
neu_mbv2_pattern_mining,2026-03-16T22:00:50,2,69,14,3,1.0,0.000161162213771604,0.0,0.10283146984875202,0.10283146984875202,0.0,0,0,0.0007929280400276184,0.0,0.009490218944847584,0.0,0.0
neu_mbv2_pattern_mining,2026-03-16T22:00:51,2,70,14,4,0.3333333333333333,1.5290673971176147,0.0,0.12346423231065273,0.12346423231065273,0.0,0,0,0.0007683760486543179,0.0,0.011578047182410955,0.0,0.0
neu_mbv2_pattern_mining,2026-03-16T22:00:51,3,66,14,0,1.0,1.6780306395958178e-05,0.0,0.46451380010694265,0.46451380010694265,0.0,0,0,0.004079543985426426,0.0,0.04237183602526784,0.0,0.0
neu_mbv2_pattern_mining,2026-03-16T22:00:51,3,67,14,1,1.0,2.5200177333317697e-05,0.0,0.13511819764971733,0.13511819764971733,0.0,0,0,0.0010519996285438538,0.0,0.01245982013642788,0.0,0.0
neu_mbv2_pattern_mining,2026-03-16T22:00:51,3,68,14,2,1.0,8.18784064904321e-06,0.0,0.12045925948768854,0.12045925948768854,0.0,0,0,0.0009227776899933815,0.0,0.011123148258775473,0.0,0.0
neu_mbv2_pattern_mining,2026-03-16T22:00:51,3,69,14,3,1.0,2.0268636944820173e-05,0.0,0.12434438336640596,0.12434438336640596,0.0,0,0,0.0009575420990586281,0.0,0.011476896237581968,0.0,0.0
neu_mbv2_pattern_mining,2026-03-16T22:00:51,3,70,14,4,0.6666666666666666,1.2641446590423584,0.0,0.14104140922427177,0.14104140922427177,0.0,0,0,0.0009603570215404034,0.0,0.013143783900886774,0.0,0.0
neu_mbv2_pattern_mining,2026-03-16T22:00:52,4,66,14,0,1.0,2.1339998056646436e-05,0.0,0.5673401011154056,0.5673401011154056,0.0,0,0,0.006128810346126556,0.0,0.050605199765414,0.0,0.0
neu_mbv2_pattern_mining,2026-03-16T22:00:52,4,67,14,1,1.0,2.4543209292460233e-05,0.0,0.11350469663739204,0.11350469663739204,0.0,0,0,0.0008678636513650417,0.0,0.010482606012374163,0.0,0.0
neu_mbv2_pattern_mining,2026-03-16T22:00:52,4,68,14,2,1.0,0.003397868014872074,0.0,0.10002270340919495,0.10002270340919495,0.0,0,0,0.0007170271128416061,0.0,0.009285243228077888,0.0,0.0
neu_mbv2_pattern_mining,2026-03-16T22:00:52,4,69,14,3,0.984375,0.047380562871694565,0.0,0.1025252602994442,0.1025252602994442,0.0,0,0,0.000744188204407692,0.0,0.009508337825536728,0.0,0.0
neu_mbv2_pattern_mining,2026-03-16T22:00:52,4,70,14,4,1.0,0.12155938148498535,0.0,0.12050780933350325,0.12050780933350325,0.0,0,0,0.000727090984582901,0.0,0.011323689948767424,0.0,0.0
neu_mbv2_pattern_mining,2026-03-16T22:00:53,0,71,15,0,1.0,0.0011145712342113256,0.0,0.5907330615445971,0.5907330615445971,0.0,0,0,0.0038524018600583076,0.0,0.05522090429440141,0.0,0.0
neu_mbv2_pattern_mining,2026-03-16T22:00:53,0,72,15,1,0.96875,0.07671874761581421,0.0,0.14506108593195677,0.14506108593195677,0.0,0,0,0.0010891337879002094,0.0,0.013416974805295467,0.0,0.0
neu_mbv2_pattern_mining,2026-03-16T22:00:53,0,73,15,2,1.0,0.000669226748868823,0.0,0.13040815480053425,0.13040815480053425,0.0,0,0,0.0010807458311319351,0.0,0.01196006964892149,0.0,0.0
neu_mbv2_pattern_mining,2026-03-16T22:00:53,0,74,15,3,0.984375,0.081016905605793,0.0,0.10025754570960999,0.10025754570960999,0.0,0,0,0.0008419142104685307,0.0,0.009183840360492468,0.0,0.0
neu_mbv2_pattern_mining,2026-03-16T22:00:53,0,75,15,4,1.0,0.000243867514654994,0.0,0.09899082127958536,0.09899082127958536,0.0,0,0,0.0007616141811013222,0.0,0.009137467946857214,0.0,0.0
neu_mbv2_pattern_mining,2026-03-16T22:00:54,1,71,15,0,1.0,1.7393262169207446e-05,0.0,0.3861222881823778,0.3861222881823778,0.0,0,0,0.00425346102565527,0.0,0.03435876779258251,0.0,0.0
neu_mbv2_pattern_mining,2026-03-16T22:00:54,1,72,15,1,1.0,0.00020440873049665242,0.0,0.09267071727663279,0.09267071727663279,0.0,0,0,0.0009584897197782993,0.0,0.00830858200788498,0.0,0.0
neu_mbv2_pattern_mining,2026-03-16T22:00:54,1,73,15,2,1.0,1.3757510714640375e-05,0.0,0.09373475331813097,0.09373475331813097,0.0,0,0,0.00073211919516325,0.0,0.008641356136649847,0.0,0.0
neu_mbv2_pattern_mining,2026-03-16T22:00:54,1,74,15,3,0.96875,0.2441178560256958,0.0,0.09127184748649597,0.09127184748649597,0.0,0,0,0.0006624259985983372,0.0,0.00846475875005126,0.0,0.0
neu_mbv2_pattern_mining,2026-03-16T22:00:54,1,75,15,4,0.3333333333333333,3.082493782043457,0.0,0.11402479838579893,0.11402479838579893,0.0,0,0,0.0007524839602410793,0.0,0.010649995878338814,0.0,0.0
neu_mbv2_pattern_mining,2026-03-16T22:00:55,2,71,15,0,1.0,0.00024223068612627685,0.0,0.47941099386662245,0.47941099386662245,0.0,0,0,0.004587001632899046,0.0,0.0433540977537632,0.0,0.0
neu_mbv2_pattern_mining,2026-03-16T22:00:55,2,72,15,1,0.96875,0.06699004769325256,0.0,0.13374330941587687,0.13374330941587687,0.0,0,0,0.0009951717220246792,0.0,0.012379159219563007,0.0,0.0
neu_mbv2_pattern_mining,2026-03-16T22:00:55,2,73,15,2,1.0,0.0002162837772630155,0.0,0.12673186138272285,0.12673186138272285,0.0,0,0,0.0009824070148169994,0.0,0.011690779123455286,0.0,0.0
neu_mbv2_pattern_mining,2026-03-16T22:00:55,2,74,15,3,0.921875,0.31102725863456726,0.0,0.131894638761878,0.131894638761878,0.0,0,0,0.0010932348668575287,0.0,0.012096229009330273,0.0,0.0
neu_mbv2_pattern_mining,2026-03-16T22:00:55,2,75,15,4,0.3333333333333333,3.3173084259033203,0.0,0.1345892995595932,0.1345892995595932,0.0,0,0,0.0009305509738624096,0.0,0.01252837898209691,0.0,0.0
neu_mbv2_pattern_mining,2026-03-16T22:00:56,3,71,15,0,1.0,3.178823317284696e-05,0.0,0.3142723813652992,0.3142723813652992,0.0,0,0,0.0035104588605463505,0.0,0.027916779275983572,0.0,0.0
neu_mbv2_pattern_mining,2026-03-16T22:00:56,3,72,15,1,1.0,8.100420927803498e-06,0.0,0.09487078059464693,0.09487078059464693,0.0,0,0,0.0007979040965437889,0.0,0.008689173962920904,0.0,0.0
neu_mbv2_pattern_mining,2026-03-16T22:00:56,3,73,15,2,1.0,0.0008197051356546581,0.0,0.09601193945854902,0.09601193945854902,0.0,0,0,0.0007665390148758888,0.0,0.008834654930979013,0.0,0.0
neu_mbv2_pattern_mining,2026-03-16T22:00:56,3,74,15,3,1.0,0.0022357709240168333,0.0,0.09422145318239927,0.09422145318239927,0.0,0,0,0.0007571973837912083,0.0,0.008664947934448719,0.0,0.0
neu_mbv2_pattern_mining,2026-03-16T22:00:56,3,75,15,4,0.6666666666666666,1.665605902671814,0.0,0.10794839821755886,0.10794839821755886,0.0,0,0,0.0007539438083767891,0.0,0.010040896013379097,0.0,0.0
neu_mbv2_pattern_mining,2026-03-16T22:00:56,4,71,15,0,1.0,4.117045318707824e-05,0.0,0.314734042622149,0.314734042622149,0.0,0,0,0.00365075608715415,0.0,0.02782264817506075,0.0,0.0
neu_mbv2_pattern_mining,2026-03-16T22:00:56,4,72,15,1,1.0,5.1585193432401866e-05,0.0,0.09181634057313204,0.09181634057313204,0.0,0,0,0.000777306966483593,0.0,0.00840432709082961,0.0,0.0
neu_mbv2_pattern_mining,2026-03-16T22:00:56,4,73,15,2,1.0,0.0004496111359912902,0.0,0.08742479141801596,0.08742479141801596,0.0,0,0,0.0006870608776807785,0.0,0.008055418264120817,0.0,0.0
neu_mbv2_pattern_mining,2026-03-16T22:00:56,4,74,15,3,1.0,0.00046975509030744433,0.0,0.08567992597818375,0.08567992597818375,0.0,0,0,0.0006789187900722027,0.0,0.007889073807746172,0.0,0.0
neu_mbv2_pattern_mining,2026-03-16T22:00:56,4,75,15,4,0.6666666666666666,0.7025876641273499,0.0,0.11878646910190582,0.11878646910190582,0.0,0,0,0.0009930869564414024,0.0,0.01088555995374918,0.0,0.0
neu_mbv2_pattern_mining,2026-03-16T22:00:58,0,76,16,0,1.0,0.00010212302731815726,0.0,0.44191150926053524,0.44191150926053524,0.0,0,0,0.0028191539458930492,0.0,0.041371996980160475,0.0,0.0
neu_mbv2_pattern_mining,2026-03-16T22:00:58,0,77,16,1,1.0,0.00012518420408014208,0.0,0.1469352189451456,0.1469352189451456,0.0,0,0,0.0010636509396135807,0.0,0.01362987095490098,0.0,0.0
neu_mbv2_pattern_mining,2026-03-16T22:00:58,0,78,16,2,1.0,8.484299178235233e-05,0.0,0.0873413123190403,0.0873413123190403,0.0,0,0,0.0007062070071697235,0.0,0.008027924224734306,0.0,0.0
neu_mbv2_pattern_mining,2026-03-16T22:00:58,0,79,16,3,1.0,0.0010698824189603329,0.0,0.0863560987636447,0.0863560987636447,0.0,0,0,0.0007320251315832138,0.0,0.007903584744781256,0.0,0.0
neu_mbv2_pattern_mining,2026-03-16T22:00:58,0,80,16,4,0.25,2.1156938076019287,0.0,0.09260424878448248,0.09260424878448248,0.0,0,0,0.0007219729013741016,0.0,0.008538451977074146,0.0,0.0
neu_mbv2_pattern_mining,2026-03-16T22:00:58,1,76,16,0,1.0,0.002759220777079463,0.0,0.539052402600646,0.539052402600646,0.0,0,0,0.006531076040118933,0.0,0.04737416421994567,0.0,0.0
neu_mbv2_pattern_mining,2026-03-16T22:00:59,1,77,16,1,0.90625,0.6320921182632446,0.0,0.1325919572263956,0.1325919572263956,0.0,0,0,0.0009824619628489017,0.0,0.012276733759790659,0.0,0.0
neu_mbv2_pattern_mining,2026-03-16T22:00:59,1,78,16,2,1.0,1.4047391232452355e-05,0.0,0.12429200112819672,0.12429200112819672,0.0,0,0,0.0009244070388376713,0.0,0.011504793073982,0.0,0.0
neu_mbv2_pattern_mining,2026-03-16T22:00:59,1,79,16,3,1.0,0.00045818471699021757,0.0,0.1194063713774085,0.1194063713774085,0.0,0,0,0.0009300941601395607,0.0,0.01101054297760129,0.0,0.0
neu_mbv2_pattern_mining,2026-03-16T22:00:59,1,80,16,4,0.6666666666666666,3.4153950214385986,0.0,0.15764562878757715,0.15764562878757715,0.0,0,0,0.0009146798402070999,0.0,0.014849883038550615,0.0,0.0
neu_mbv2_pattern_mining,2026-03-16T22:00:59,2,76,16,0,1.0,0.007051208522170782,0.0,0.46592772006988525,0.46592772006988525,0.0,0,0,0.004547473043203354,0.0,0.04204529896378517,0.0,0.0
neu_mbv2_pattern_mining,2026-03-16T22:00:59,2,77,16,1,1.0,2.4058917915681377e-05,0.0,0.13338312972337008,0.13338312972337008,0.0,0,0,0.001231607049703598,0.0,0.01210670592263341,0.0,0.0
neu_mbv2_pattern_mining,2026-03-16T22:00:59,2,78,16,2,0.984375,0.014513399451971054,0.0,0.11781727895140648,0.11781727895140648,0.0,0,0,0.0009962148033082485,0.0,0.0107855130918324,0.0,0.0
neu_mbv2_pattern_mining,2026-03-16T22:00:59,2,79,16,3,0.984375,0.46974557638168335,0.0,0.1084767421707511,0.1084767421707511,0.0,0,0,0.0008660578168928623,0.0,0.009981616400182247,0.0,0.0
neu_mbv2_pattern_mining,2026-03-16T22:00:59,2,80,16,4,0.3333333333333333,3.2203357219696045,0.0,0.11114852037280798,0.11114852037280798,0.0,0,0,0.0006912671960890293,0.0,0.010423584841191769,0.0,0.0
neu_mbv2_pattern_mining,2026-03-16T22:01:00,3,76,16,0,1.0,7.507710506615695e-06,0.0,0.5097162257879972,0.5097162257879972,0.0,0,0,0.004921591840684414,0.0,0.04605003073811531,0.0,0.0
neu_mbv2_pattern_mining,2026-03-16T22:01:00,3,77,16,1,1.0,5.6923501688288525e-05,0.0,0.12478502932935953,0.12478502932935953,0.0,0,0,0.000896248035132885,0.0,0.011582254897803068,0.0,0.0
neu_mbv2_pattern_mining,2026-03-16T22:01:00,3,78,16,2,1.0,3.946774813812226e-05,0.0,0.12009103782474995,0.12009103782474995,0.0,0,0,0.0008516157977283001,0.0,0.011157487984746695,0.0,0.0
neu_mbv2_pattern_mining,2026-03-16T22:01:00,3,79,16,3,1.0,2.3013057216303423e-05,0.0,0.1142484275624156,0.1142484275624156,0.0,0,0,0.0008017988875508308,0.0,0.01062304386869073,0.0,0.0
neu_mbv2_pattern_mining,2026-03-16T22:01:00,3,80,16,4,1.0,0.11605582386255264,0.0,0.13275197241455317,0.13275197241455317,0.0,0,0,0.0008950340561568737,0.0,0.012380163185298443,0.0,0.0
neu_mbv2_pattern_mining,2026-03-16T22:01:01,4,76,16,0,1.0,5.466830771183595e-05,0.0,0.5559996096417308,0.5559996096417308,0.0,0,0,0.006394952069967985,0.0,0.04920500889420509,0.0,0.0
neu_mbv2_pattern_mining,2026-03-16T22:01:01,4,77,16,1,1.0,0.0004553752951323986,0.0,0.14657121617347002,0.14657121617347002,0.0,0,0,0.001131569966673851,0.0,0.013525551650673151,0.0,0.0
neu_mbv2_pattern_mining,2026-03-16T22:01:01,4,78,16,2,0.984375,0.0658988207578659,0.0,0.13406177051365376,0.13406177051365376,0.0,0,0,0.0009801746346056461,0.0,0.01242600241675973,0.0,0.0
neu_mbv2_pattern_mining,2026-03-16T22:01:01,4,79,16,3,0.96875,0.053487662225961685,0.0,0.12782149016857147,0.12782149016857147,0.0,0,0,0.0009731650352478027,0.0,0.011808983981609344,0.0,0.0
neu_mbv2_pattern_mining,2026-03-16T22:01:01,4,80,16,4,1.0,0.09891468286514282,0.0,0.11136353481560946,0.11136353481560946,0.0,0,0,0.0007332870736718178,0.0,0.010403066407889128,0.0,0.0
neu_mbv2_pattern_mining,2026-03-16T22:01:02,0,81,17,0,0.984375,0.03319189324975014,0.0,0.33282279036939144,0.33282279036939144,0.0,0,0,0.002115954179316759,0.0,0.031166324857622385,0.0,0.0
neu_mbv2_pattern_mining,2026-03-16T22:01:02,0,82,17,1,0.984375,0.15438610315322876,0.0,0.11921348050236702,0.11921348050236702,0.0,0,0,0.000933363102376461,0.0,0.010987984947860241,0.0,0.0
neu_mbv2_pattern_mining,2026-03-16T22:01:02,0,83,17,2,0.984375,0.03624831885099411,0.0,0.1060424605384469,0.1060424605384469,0.0,0,0,0.0007915720343589783,0.0,0.009812674019485712,0.0,0.0
neu_mbv2_pattern_mining,2026-03-16T22:01:02,0,84,17,3,0.828125,0.9511408805847168,0.0,0.08333904203027487,0.08333904203027487,0.0,0,0,0.000623761210590601,0.0,0.007710142992436886,0.0,0.0
neu_mbv2_pattern_mining,2026-03-16T22:01:02,0,85,17,4,0.75,0.2807573080062866,0.0,0.08861503098160028,0.08861503098160028,0.0,0,0,0.000625228974968195,0.0,0.008236274123191833,0.0,0.0
neu_mbv2_pattern_mining,2026-03-16T22:01:03,1,81,17,0,1.0,2.9556687877629884e-05,0.0,0.5208604782819748,0.5208604782819748,0.0,0,0,0.006750219967216253,0.0,0.045335827860981226,0.0,0.0
neu_mbv2_pattern_mining,2026-03-16T22:01:03,1,82,17,1,1.0,0.0049717179499566555,0.0,0.14312889892607927,0.14312889892607927,0.0,0,0,0.0010516699403524399,0.0,0.013261219952255487,0.0,0.0
neu_mbv2_pattern_mining,2026-03-16T22:01:03,1,83,17,2,1.0,0.00011367158003849909,0.0,0.1388530759140849,0.1388530759140849,0.0,0,0,0.0010567228309810162,0.0,0.012828584760427475,0.0,0.0
neu_mbv2_pattern_mining,2026-03-16T22:01:03,1,84,17,3,0.953125,0.30274856090545654,0.0,0.12652122881263494,0.12652122881263494,0.0,0,0,0.00092721963301301,0.0,0.011724903248250484,0.0,0.0
neu_mbv2_pattern_mining,2026-03-16T22:01:03,1,85,17,4,1.0,0.004342455416917801,0.0,0.1465513464063406,0.1465513464063406,0.0,0,0,0.0010089129209518433,0.0,0.013646221719682217,0.0,0.0
neu_mbv2_pattern_mining,2026-03-16T22:01:04,2,81,17,0,1.0,1.0655266123649199e-05,0.0,0.31170718371868134,0.31170718371868134,0.0,0,0,0.0034667174331843853,0.0,0.027704000938683748,0.0,0.0
neu_mbv2_pattern_mining,2026-03-16T22:01:04,2,82,17,1,1.0,0.000400473247282207,0.0,0.08458230178803205,0.08458230178803205,0.0,0,0,0.0006761620752513409,0.0,0.007782068103551865,0.0,0.0
neu_mbv2_pattern_mining,2026-03-16T22:01:04,2,83,17,2,1.0,0.003047431353479624,0.0,0.08338285144418478,0.08338285144418478,0.0,0,0,0.0006065340712666512,0.0,0.007731751073151827,0.0,0.0
neu_mbv2_pattern_mining,2026-03-16T22:01:04,2,84,17,3,1.0,0.0006654917960986495,0.0,0.0995690980926156,0.0995690980926156,0.0,0,0,0.0008109197951853275,0.0,0.009145990014076233,0.0,0.0
neu_mbv2_pattern_mining,2026-03-16T22:01:04,2,85,17,4,0.3333333333333333,2.423384428024292,0.0,0.13112402986735106,0.13112402986735106,0.0,0,0,0.0009189392440021038,0.0,0.012193463742733002,0.0,0.0
neu_mbv2_pattern_mining,2026-03-16T22:01:04,3,81,17,0,1.0,2.7220017727813683e-05,0.0,0.552581031806767,0.552581031806767,0.0,0,0,0.006676766090095043,0.0,0.048581337090581656,0.0,0.0
neu_mbv2_pattern_mining,2026-03-16T22:01:05,3,82,17,1,1.0,0.0003171047428622842,0.0,0.13355572242289782,0.13355572242289782,0.0,0,0,0.0010842960327863693,0.0,0.012271276209503412,0.0,0.0
neu_mbv2_pattern_mining,2026-03-16T22:01:05,3,83,17,2,1.0,0.00023691292153671384,0.0,0.12394568882882595,0.12394568882882595,0.0,0,0,0.0009066509082913399,0.0,0.011487917974591255,0.0,0.0
neu_mbv2_pattern_mining,2026-03-16T22:01:05,3,84,17,3,1.0,0.014763118699193,0.0,0.12764338869601488,0.12764338869601488,0.0,0,0,0.0010249661281704903,0.0,0.011739372741430998,0.0,0.0
neu_mbv2_pattern_mining,2026-03-16T22:01:05,3,85,17,4,0.6666666666666666,1.4409228563308716,0.0,0.14366603922098875,0.14366603922098875,0.0,0,0,0.0008992678485810757,0.0,0.0134673360735178,0.0,0.0
neu_mbv2_pattern_mining,2026-03-16T22:01:05,4,81,17,0,1.0,2.4178509193006903e-05,0.0,0.6012996798381209,0.6012996798381209,0.0,0,0,0.006262859795242548,0.0,0.053867108188569546,0.0,0.0
neu_mbv2_pattern_mining,2026-03-16T22:01:05,4,82,17,1,1.0,0.0002466005098540336,0.0,0.13234204147011042,0.13234204147011042,0.0,0,0,0.001048285048455,0.0,0.012185919098556042,0.0,0.0
neu_mbv2_pattern_mining,2026-03-16T22:01:05,4,83,17,2,1.0,0.008274318650364876,0.0,0.1856121513992548,0.1856121513992548,0.0,0,0,0.0013896627351641655,0.0,0.017171552404761314,0.0,0.0
neu_mbv2_pattern_mining,2026-03-16T22:01:06,4,84,17,3,1.0,0.0005169694777578115,0.0,0.11483817361295223,0.11483817361295223,0.0,0,0,0.0009958790615200996,0.0,0.010487938299775124,0.0,0.0
neu_mbv2_pattern_mining,2026-03-16T22:01:06,4,85,17,4,1.0,0.0010462795617058873,0.0,0.13331272639334202,0.13331272639334202,0.0,0,0,0.0008282428607344627,0.0,0.012503029778599739,0.0,0.0
neu_mbv2_pattern_mining,2026-03-16T22:01:07,0,86,18,0,1.0,5.24786846654024e-05,0.0,0.5900311376899481,0.5900311376899481,0.0,0,0,0.0042770314030349255,0.0,0.05472608236595988,0.0,0.0
neu_mbv2_pattern_mining,2026-03-16T22:01:07,0,87,18,1,1.0,0.00014472658222075552,0.0,0.12834437657147646,0.12834437657147646,0.0,0,0,0.0009790114127099514,0.0,0.011855426244437695,0.0,0.0
neu_mbv2_pattern_mining,2026-03-16T22:01:07,0,88,18,2,1.0,0.0003536679723765701,0.0,0.1353877317160368,0.1353877317160368,0.0,0,0,0.0009913700632750988,0.0,0.01254740310832858,0.0,0.0
neu_mbv2_pattern_mining,2026-03-16T22:01:07,0,89,18,3,0.984375,0.032378848642110825,0.0,0.12834458146244287,0.12834458146244287,0.0,0,0,0.0009755119681358337,0.0,0.011858946178108454,0.0,0.0
neu_mbv2_pattern_mining,2026-03-16T22:01:07,0,90,18,4,1.0,0.15497538447380066,0.0,0.121840531937778,0.121840531937778,0.0,0,0,0.0008177864365279675,0.0,0.011366266757249832,0.0,0.0
neu_mbv2_pattern_mining,2026-03-16T22:01:08,1,86,18,0,1.0,6.90251326886937e-05,0.0,0.3069032868370414,0.3069032868370414,0.0,0,0,0.0032973620109260082,0.0,0.02739296667277813,0.0,0.0
neu_mbv2_pattern_mining,2026-03-16T22:01:08,1,87,18,1,1.0,0.00011516881932038814,0.0,0.08759168442338705,0.08759168442338705,0.0,0,0,0.0007900861091911793,0.0,0.007969082333147526,0.0,0.0
neu_mbv2_pattern_mining,2026-03-16T22:01:08,1,88,18,2,1.0,2.0810584828723222e-05,0.0,0.08599361404776573,0.08599361404776573,0.0,0,0,0.0006988202221691608,0.0,0.007900541182607412,0.0,0.0
neu_mbv2_pattern_mining,2026-03-16T22:01:08,1,89,18,3,1.0,0.007869131863117218,0.0,0.0864197826012969,0.0864197826012969,0.0,0,0,0.0007565231062471867,0.0,0.007885455153882504,0.0,0.0
neu_mbv2_pattern_mining,2026-03-16T22:01:08,1,90,18,4,0.6666666666666666,0.40773865580558777,0.0,0.10495929047465324,0.10495929047465324,0.0,0,0,0.0006496412679553032,0.0,0.009846287779510021,0.0,0.0
neu_mbv2_pattern_mining,2026-03-16T22:01:08,2,86,18,0,1.0,5.878539741388522e-05,0.0,0.31456183176487684,0.31456183176487684,0.0,0,0,0.0033392361365258694,0.0,0.028116947039961815,0.0,0.0
neu_mbv2_pattern_mining,2026-03-16T22:01:08,2,87,18,1,1.0,0.00016489707923028618,0.0,0.08884969633072615,0.08884969633072615,0.0,0,0,0.0007019517943263054,0.0,0.00818301783874631,0.0,0.0
neu_mbv2_pattern_mining,2026-03-16T22:01:08,2,88,18,2,1.0,1.3564732398663182e-05,0.0,0.09216802194714546,0.09216802194714546,0.0,0,0,0.0006965100765228271,0.0,0.008520292118191719,0.0,0.0
neu_mbv2_pattern_mining,2026-03-16T22:01:08,2,89,18,3,0.96875,0.10172595083713531,0.0,0.09120711591094732,0.09120711591094732,0.0,0,0,0.0007930155843496323,0.0,0.0083276960067451,0.0,0.0
neu_mbv2_pattern_mining,2026-03-16T22:01:08,2,90,18,4,1.0,0.010076991282403469,0.0,0.1085126819089055,0.1085126819089055,0.0,0,0,0.0006509232334792614,0.0,0.01020034495741129,0.0,0.0
neu_mbv2_pattern_mining,2026-03-16T22:01:09,3,86,18,0,1.0,6.28899724688381e-05,0.0,0.48271751031279564,0.48271751031279564,0.0,0,0,0.004487594123929739,0.0,0.043784156907349825,0.0,0.0
neu_mbv2_pattern_mining,2026-03-16T22:01:09,3,87,18,1,1.0,9.197149483952671e-05,0.0,0.13557949103415012,0.13557949103415012,0.0,0,0,0.0010160310193896294,0.0,0.012541918084025383,0.0,0.0
neu_mbv2_pattern_mining,2026-03-16T22:01:09,3,88,18,2,1.0,0.00031361685250885785,0.0,0.1138037908822298,0.1138037908822298,0.0,0,0,0.0008288230746984482,0.0,0.010551556013524532,0.0,0.0
neu_mbv2_pattern_mining,2026-03-16T22:01:09,3,89,18,3,0.984375,0.025656683370471,0.0,0.11555178556591272,0.11555178556591272,0.0,0,0,0.0008520395494997501,0.0,0.010703139007091522,0.0,0.0
neu_mbv2_pattern_mining,2026-03-16T22:01:09,3,90,18,4,1.0,0.2798711359500885,0.0,0.13328646309673786,0.13328646309673786,0.0,0,0,0.0008440553210675716,0.0,0.012484590988606215,0.0,0.0
neu_mbv2_pattern_mining,2026-03-16T22:01:10,4,86,18,0,1.0,0.00012202154903206974,0.0,0.44068905990570784,0.44068905990570784,0.0,0,0,0.004514560103416443,0.0,0.03955434588715434,0.0,0.0
neu_mbv2_pattern_mining,2026-03-16T22:01:10,4,87,18,1,1.0,3.122396083199419e-05,0.0,0.12783239129930735,0.12783239129930735,0.0,0,0,0.0010263561271131039,0.0,0.01175688300281763,0.0,0.0
neu_mbv2_pattern_mining,2026-03-16T22:01:10,4,88,18,2,1.0,6.464415491791442e-05,0.0,0.12072823010385036,0.12072823010385036,0.0,0,0,0.0009070299565792084,0.0,0.011165793053805828,0.0,0.0
neu_mbv2_pattern_mining,2026-03-16T22:01:10,4,89,18,3,1.0,0.010249544866383076,0.0,0.11354124173521996,0.11354124173521996,0.0,0,0,0.0009058928117156029,0.0,0.010448231361806393,0.0,0.0
neu_mbv2_pattern_mining,2026-03-16T22:01:10,4,90,18,4,1.0,0.0012012983206659555,0.0,0.14161155093461275,0.14161155093461275,0.0,0,0,0.000890103168785572,0.0,0.013271051924675703,0.0,0.0
neu_mbv2_pattern_mining,2026-03-16T22:01:11,0,91,19,0,1.0,5.61002434551483e-06,0.0,0.5035599460825324,0.5035599460825324,0.0,0,0,0.002974914852529764,0.0,0.047381079755723476,0.0,0.0
neu_mbv2_pattern_mining,2026-03-16T22:01:11,0,92,19,1,1.0,3.781264240387827e-05,0.0,0.13582713901996613,0.13582713901996613,0.0,0,0,0.001068721991032362,0.0,0.01251399191096425,0.0,0.0
neu_mbv2_pattern_mining,2026-03-16T22:01:11,0,93,19,2,1.0,0.0005465809954330325,0.0,0.12581759132444859,0.12581759132444859,0.0,0,0,0.0009401398710906506,0.0,0.011641619261354208,0.0,0.0
neu_mbv2_pattern_mining,2026-03-16T22:01:11,0,94,19,3,1.0,0.0003926347999367863,0.0,0.11846413370221853,0.11846413370221853,0.0,0,0,0.000872523058205843,0.0,0.01097389031201601,0.0,0.0
neu_mbv2_pattern_mining,2026-03-16T22:01:11,0,95,19,4,0.0,4.266744613647461,0.0,0.1309283496811986,0.1309283496811986,0.0,0,0,0.0009121410548686981,0.0,0.012180693913251162,0.0,0.0
neu_mbv2_pattern_mining,2026-03-16T22:01:12,1,91,19,0,1.0,0.00015478245040867478,0.0,0.341800469905138,0.341800469905138,0.0,0,0,0.004675429780036211,0.0,0.02950461721047759,0.0,0.0
neu_mbv2_pattern_mining,2026-03-16T22:01:12,1,92,19,1,1.0,6.003341331961565e-05,0.0,0.10052597150206566,0.10052597150206566,0.0,0,0,0.000796739012002945,0.0,0.009255858138203621,0.0,0.0
neu_mbv2_pattern_mining,2026-03-16T22:01:12,1,93,19,2,0.953125,0.14963878691196442,0.0,0.10799404233694077,0.10799404233694077,0.0,0,0,0.0007929829880595207,0.0,0.010006421245634556,0.0,0.0
neu_mbv2_pattern_mining,2026-03-16T22:01:12,1,94,19,3,1.0,2.2409680241253227e-05,0.0,0.10264466051012278,0.10264466051012278,0.0,0,0,0.0007942528463900089,0.0,0.009470213204622269,0.0,0.0
neu_mbv2_pattern_mining,2026-03-16T22:01:12,1,95,19,4,0.3333333333333333,1.1751154661178589,0.0,0.13577567413449287,0.13577567413449287,0.0,0,0,0.000767966266721487,0.0,0.0128096011467278,0.0,0.0
neu_mbv2_pattern_mining,2026-03-16T22:01:13,2,91,19,0,1.0,1.3714912711293437e-05,0.0,0.39366396609693766,0.39366396609693766,0.0,0,0,0.004637772683054209,0.0,0.03472862392663956,0.0,0.0
neu_mbv2_pattern_mining,2026-03-16T22:01:13,2,92,19,1,1.0,7.805711356922984e-05,0.0,0.104964729398489,0.104964729398489,0.0,0,0,0.0008498569950461388,0.0,0.009646615944802761,0.0,0.0
neu_mbv2_pattern_mining,2026-03-16T22:01:13,2,93,19,2,1.0,0.00012486812192946672,0.0,0.10889370925724506,0.10889370925724506,0.0,0,0,0.0008288188837468624,0.0,0.010060552041977644,0.0,0.0
neu_mbv2_pattern_mining,2026-03-16T22:01:13,2,94,19,3,1.0,0.0001385510986438021,0.0,0.10654443874955177,0.10654443874955177,0.0,0,0,0.0007986347191035748,0.0,0.009855809155851603,0.0,0.0
neu_mbv2_pattern_mining,2026-03-16T22:01:13,2,95,19,4,0.6666666666666666,2.446577310562134,0.0,0.13197503052651882,0.13197503052651882,0.0,0,0,0.0008006901480257511,0.0,0.012396812904626131,0.0,0.0
neu_mbv2_pattern_mining,2026-03-16T22:01:14,3,91,19,0,1.0,4.494152017286979e-05,0.0,0.44516110327094793,0.44516110327094793,0.0,0,0,0.004481681156903505,0.0,0.04003442917019129,0.0,0.0
neu_mbv2_pattern_mining,2026-03-16T22:01:14,3,92,19,1,1.0,0.0011562907602638006,0.0,0.13173973187804222,0.13173973187804222,0.0,0,0,0.0009340038523077965,0.0,0.012239969335496426,0.0,0.0
neu_mbv2_pattern_mining,2026-03-16T22:01:14,3,93,19,2,1.0,1.1765958333853632e-05,0.0,0.10819944087415934,0.10819944087415934,0.0,0,0,0.0009464411996304989,0.0,0.009873502887785435,0.0,0.0
neu_mbv2_pattern_mining,2026-03-16T22:01:14,3,94,19,3,0.921875,0.19613608717918396,0.0,0.09740294888615608,0.09740294888615608,0.0,0,0,0.0007289540953934193,0.0,0.009011340793222189,0.0,0.0
neu_mbv2_pattern_mining,2026-03-16T22:01:14,3,95,19,4,0.6666666666666666,1.0629464387893677,0.0,0.10120127815753222,0.10120127815753222,0.0,0,0,0.0006061838939785957,0.0,0.009513943921774626,0.0,0.0
neu_mbv2_pattern_mining,2026-03-16T22:01:14,4,91,19,0,1.0,6.388860356310033e-07,0.0,0.29658785555511713,0.29658785555511713,0.0,0,0,0.003314180765300989,0.0,0.026344604790210724,0.0,0.0
neu_mbv2_pattern_mining,2026-03-16T22:01:15,4,92,19,1,1.0,2.969702472910285e-05,0.0,0.1119369501248002,0.1119369501248002,0.0,0,0,0.001068206038326025,0.0,0.010125488974153996,0.0,0.0
neu_mbv2_pattern_mining,2026-03-16T22:01:15,4,93,19,2,1.0,0.0004381424223538488,0.0,0.09966032113879919,0.09966032113879919,0.0,0,0,0.0007613250054419041,0.0,0.009204707108438015,0.0,0.0
neu_mbv2_pattern_mining,2026-03-16T22:01:15,4,94,19,3,1.0,1.3113720342516899e-05,0.0,0.11083310004323721,0.11083310004323721,0.0,0,0,0.0008255220018327236,0.0,0.010257788002490997,0.0,0.0
neu_mbv2_pattern_mining,2026-03-16T22:01:15,4,95,19,4,1.0,0.013901122845709324,0.0,0.14770022127777338,0.14770022127777338,0.0,0,0,0.0008545718155801296,0.0,0.013915450312197208,0.0,0.0
neu_mbv2_pattern_mining,2026-03-16T22:01:16,0,96,20,0,1.0,6.427835614886135e-06,0.0,0.4451374290511012,0.4451374290511012,0.0,0,0,0.00298872496932745,0.0,0.04152501793578267,0.0,0.0
neu_mbv2_pattern_mining,2026-03-16T22:01:16,0,97,20,1,1.0,2.6330319087719545e-05,0.0,0.13624897692352533,0.13624897692352533,0.0,0,0,0.0011357287876307964,0.0,0.012489168904721737,0.0,0.0
neu_mbv2_pattern_mining,2026-03-16T22:01:16,0,98,20,2,1.0,9.417910769116133e-05,0.0,0.10652357246726751,0.10652357246726751,0.0,0,0,0.0008015800267457962,0.0,0.009850777219980955,0.0,0.0
neu_mbv2_pattern_mining,2026-03-16T22:01:16,0,99,20,3,1.0,5.001093086320907e-05,0.0,0.09476063307374716,0.09476063307374716,0.0,0,0,0.0007840353064239025,0.0,0.008692028000950813,0.0,0.0
neu_mbv2_pattern_mining,2026-03-16T22:01:16,0,100,20,4,0.75,0.3487463593482971,0.0,0.0882735988125205,0.0882735988125205,0.0,0,0,0.0006117220036685467,0.0,0.008215637877583504,0.0,0.0
neu_mbv2_pattern_mining,2026-03-16T22:01:17,1,96,20,0,1.0,8.169222383003216e-06,0.0,0.5661648232489824,0.5661648232489824,0.0,0,0,0.005360118113458157,0.0,0.051256364211440086,0.0,0.0
neu_mbv2_pattern_mining,2026-03-16T22:01:17,1,97,20,1,1.0,0.00297095300629735,0.0,0.1444554701447487,0.1444554701447487,0.0,0,0,0.0010745399631559849,0.0,0.013371007051318884,0.0,0.0
neu_mbv2_pattern_mining,2026-03-16T22:01:17,1,98,20,2,1.0,3.643063973868266e-05,0.0,0.11752775870263577,0.11752775870263577,0.0,0,0,0.0008549480699002743,0.0,0.010897827800363302,0.0,0.0
neu_mbv2_pattern_mining,2026-03-16T22:01:17,1,99,20,3,0.90625,1.0614076852798462,0.0,0.11163207702338696,0.11163207702338696,0.0,0,0,0.0009796670638024807,0.0,0.010183540638536215,0.0,0.0
neu_mbv2_pattern_mining,2026-03-16T22:01:17,1,100,20,4,0.3333333333333333,5.483102321624756,0.0,0.1341538829728961,0.1341538829728961,0.0,0,0,0.0007713823579251766,0.0,0.012644005939364433,0.0,0.0
neu_mbv2_pattern_mining,2026-03-16T22:01:17,2,96,20,0,1.0,0.00017939135432243347,0.0,0.3178078541532159,0.3178078541532159,0.0,0,0,0.003550492227077484,0.0,0.028230293188244104,0.0,0.0
neu_mbv2_pattern_mining,2026-03-16T22:01:17,2,97,20,1,0.984375,0.020174462348222733,0.0,0.08967271074652672,0.08967271074652672,0.0,0,0,0.0008145319297909737,0.0,0.008152739144861698,0.0,0.0
neu_mbv2_pattern_mining,2026-03-16T22:01:18,2,98,20,2,1.0,0.00018306911806575954,0.0,0.08666880894452333,0.08666880894452333,0.0,0,0,0.0007478827610611916,0.0,0.007918998133391142,0.0,0.0
neu_mbv2_pattern_mining,2026-03-16T22:01:18,2,99,20,3,0.96875,0.140723317861557,0.0,0.085920924320817,0.085920924320817,0.0,0,0,0.00073236133903265,0.0,0.00785973109304905,0.0,0.0
neu_mbv2_pattern_mining,2026-03-16T22:01:18,2,100,20,4,0.6666666666666666,0.9792637228965759,0.0,0.11569015216082335,0.11569015216082335,0.0,0,0,0.000685002189129591,0.0,0.010884013026952744,0.0,0.0
neu_mbv2_pattern_mining,2026-03-16T22:01:18,3,96,20,0,1.0,1.9398094082134776e-05,0.0,0.3277909103780985,0.3277909103780985,0.0,0,0,0.0033850809559226036,0.0,0.029394010081887245,0.0,0.0
neu_mbv2_pattern_mining,2026-03-16T22:01:18,3,97,20,1,1.0,1.1426791388657875e-05,0.0,0.10580769274383783,0.10580769274383783,0.0,0,0,0.000782456248998642,0.0,0.009798313025385141,0.0,0.0
neu_mbv2_pattern_mining,2026-03-16T22:01:18,3,98,20,2,1.0,0.0016506128013134003,0.0,0.10763808153569698,0.10763808153569698,0.0,0,0,0.00082346610724926,0.0,0.009940342046320438,0.0,0.0
neu_mbv2_pattern_mining,2026-03-16T22:01:18,3,99,20,3,0.984375,0.015157224610447884,0.0,0.10583717841655016,0.10583717841655016,0.0,0,0,0.0007627317681908607,0.0,0.009820986073464155,0.0,0.0
neu_mbv2_pattern_mining,2026-03-16T22:01:18,3,100,20,4,0.6666666666666666,3.648406982421875,0.0,0.1247111102566123,0.1247111102566123,0.0,0,0,0.0007523992098867893,0.0,0.01171871181577444,0.0,0.0
neu_mbv2_pattern_mining,2026-03-16T22:01:19,4,96,20,0,1.0,9.579376637702808e-06,0.0,0.5427254922688007,0.5427254922688007,0.0,0,0,0.0052222590893507,0.0,0.04905029013752937,0.0,0.0
neu_mbv2_pattern_mining,2026-03-16T22:01:19,4,97,20,1,1.0,5.892071931157261e-05,0.0,0.13740061782300472,0.13740061782300472,0.0,0,0,0.0010735276155173779,0.0,0.012666534166783094,0.0,0.0
neu_mbv2_pattern_mining,2026-03-16T22:01:19,4,98,20,2,1.0,5.2786590458708815e-06,0.0,0.13669573701918125,0.13669573701918125,0.0,0,0,0.001084169838577509,0.0,0.012585403863340616,0.0,0.0
neu_mbv2_pattern_mining,2026-03-16T22:01:19,4,99,20,3,0.984375,0.025921881198883057,0.0,0.12654208578169346,0.12654208578169346,0.0,0,0,0.0009460356086492538,0.0,0.011708172969520092,0.0,0.0
neu_mbv2_pattern_mining,2026-03-16T22:01:19,4,100,20,4,1.0,0.024972302839159966,0.0,0.15199522953480482,0.15199522953480482,0.0,0,0,0.0009851441718637943,0.0,0.014214378781616688,0.0,0.0
neu_mbv2_pattern_mining,2026-03-16T22:01:21,0,101,21,0,1.0,0.00011777071631513536,0.0,0.30519190710037947,0.30519190710037947,0.0,0,0,0.002007993869483471,0.0,0.028511196840554476,0.0,0.0
neu_mbv2_pattern_mining,2026-03-16T22:01:21,0,102,21,1,1.0,0.002149415435269475,0.0,0.15711063519120216,0.15711063519120216,0.0,0,0,0.0013002296909689903,0.0,0.014410833828151226,0.0,0.0
neu_mbv2_pattern_mining,2026-03-16T22:01:21,0,103,21,2,1.0,0.0002410522138234228,0.0,0.1485917903482914,0.1485917903482914,0.0,0,0,0.0009852158837020397,0.0,0.0138739631511271,0.0,0.0
neu_mbv2_pattern_mining,2026-03-16T22:01:21,0,104,21,3,0.921875,0.1950882077217102,0.0,0.15089432708919048,0.15089432708919048,0.0,0,0,0.001038569025695324,0.0,0.014050863683223724,0.0,0.0
neu_mbv2_pattern_mining,2026-03-16T22:01:21,0,105,21,4,0.5,1.9979667663574219,0.0,0.1598700461909175,0.1598700461909175,0.0,0,0,0.0010488517582416534,0.0,0.014938152860850096,0.0,0.0
neu_mbv2_pattern_mining,2026-03-16T22:01:21,1,101,21,0,1.0,3.417240804992616e-05,0.0,0.42940772604197264,0.42940772604197264,0.0,0,0,0.004651528317481279,0.0,0.038289244286715984,0.0,0.0
neu_mbv2_pattern_mining,2026-03-16T22:01:21,1,102,21,1,1.0,1.4172082956065424e-05,0.0,0.14664316084235907,0.14664316084235907,0.0,0,0,0.0010200128890573978,0.0,0.013644303195178509,0.0,0.0
neu_mbv2_pattern_mining,2026-03-16T22:01:22,1,103,21,2,1.0,9.663525270298123e-05,0.0,0.1430013682693243,0.1430013682693243,0.0,0,0,0.0009110639803111553,0.0,0.013389072846621275,0.0,0.0
neu_mbv2_pattern_mining,2026-03-16T22:01:22,1,104,21,3,1.0,6.516717257909477e-05,0.0,0.14361580833792686,0.14361580833792686,0.0,0,0,0.0009020757861435413,0.0,0.013459505047649145,0.0,0.0
neu_mbv2_pattern_mining,2026-03-16T22:01:22,1,105,21,4,1.0,0.07495025545358658,0.0,0.10978727135807276,0.10978727135807276,0.0,0,0,0.0006122789345681667,0.0,0.010366448201239109,0.0,0.0
neu_mbv2_pattern_mining,2026-03-16T22:01:22,2,101,21,0,1.0,4.286315379431471e-05,0.0,0.37144132889807224,0.37144132889807224,0.0,0,0,0.0036443457938730717,0.0,0.03349978709593415,0.0,0.0
neu_mbv2_pattern_mining,2026-03-16T22:01:22,2,102,21,1,1.0,5.7314609875902534e-05,0.0,0.12306455057114363,0.12306455057114363,0.0,0,0,0.0009156609885394573,0.0,0.011390794068574905,0.0,0.0
neu_mbv2_pattern_mining,2026-03-16T22:01:22,2,103,21,2,1.0,0.00014364917296916246,0.0,0.1213793596252799,0.1213793596252799,0.0,0,0,0.0009931102395057678,0.0,0.011144825723022223,0.0,0.0
neu_mbv2_pattern_mining,2026-03-16T22:01:22,2,104,21,3,1.0,0.00012676382903009653,0.0,0.12240141164511442,0.12240141164511442,0.0,0,0,0.0010571549646556377,0.0,0.011182986199855804,0.0,0.0
neu_mbv2_pattern_mining,2026-03-16T22:01:22,2,105,21,4,0.3333333333333333,5.172319412231445,0.0,0.15181370079517365,0.15181370079517365,0.0,0,0,0.0008590659126639366,0.0,0.014322304166853428,0.0,0.0
neu_mbv2_pattern_mining,2026-03-16T22:01:23,3,101,21,0,1.0,1.54673198267119e-05,0.0,0.40752995759248734,0.40752995759248734,0.0,0,0,0.004526653792709112,0.0,0.03622634196653962,0.0,0.0
neu_mbv2_pattern_mining,2026-03-16T22:01:23,3,102,21,1,1.0,4.611184704117477e-05,0.0,0.12324288953095675,0.12324288953095675,0.0,0,0,0.0011978880502283573,0.0,0.011126400902867317,0.0,0.0
neu_mbv2_pattern_mining,2026-03-16T22:01:23,3,103,21,2,0.984375,0.013800853863358498,0.0,0.1253177085891366,0.1253177085891366,0.0,0,0,0.001039154827594757,0.0,0.011492616031318903,0.0,0.0
neu_mbv2_pattern_mining,2026-03-16T22:01:23,3,104,21,3,1.0,0.004201844334602356,0.0,0.11083945166319609,0.11083945166319609,0.0,0,0,0.001066416036337614,0.0,0.010017529129981995,0.0,0.0
neu_mbv2_pattern_mining,2026-03-16T22:01:23,3,105,21,4,1.0,0.06416398286819458,0.0,0.12229099869728088,0.12229099869728088,0.0,0,0,0.0006933487020432949,0.0,0.011535751167684793,0.0,0.0
neu_mbv2_pattern_mining,2026-03-16T22:01:24,4,101,21,0,1.0,6.583479989785701e-05,0.0,0.4800246097147465,0.4800246097147465,0.0,0,0,0.0047538261860609055,0.0,0.04324863478541374,0.0,0.0
neu_mbv2_pattern_mining,2026-03-16T22:01:24,4,102,21,1,1.0,0.005578217096626759,0.0,0.12437980156391859,0.12437980156391859,0.0,0,0,0.0009293281473219395,0.0,0.01150865200906992,0.0,0.0
neu_mbv2_pattern_mining,2026-03-16T22:01:24,4,103,21,2,0.984375,0.23080241680145264,0.0,0.11611968278884888,0.11611968278884888,0.0,0,0,0.0008432990871369839,0.0,0.010768669191747904,0.0,0.0
neu_mbv2_pattern_mining,2026-03-16T22:01:24,4,104,21,3,1.0,0.0001643722935114056,0.0,0.11239384766668081,0.11239384766668081,0.0,0,0,0.000985708087682724,0.0,0.010253676678985357,0.0,0.0
neu_mbv2_pattern_mining,2026-03-16T22:01:24,4,105,21,4,0.3333333333333333,2.2597978115081787,0.0,0.1470152661204338,0.1470152661204338,0.0,0,0,0.00090382294729352,0.0,0.01379770366474986,0.0,0.0
neu_mbv2_pattern_mining,2026-03-16T22:01:25,0,106,22,0,1.0,1.042665280692745e-05,0.0,0.32241363544017076,0.32241363544017076,0.0,0,0,0.0022607771679759026,0.0,0.029980586376041174,0.0,0.0
neu_mbv2_pattern_mining,2026-03-16T22:01:25,0,107,22,1,1.0,5.698775203200057e-05,0.0,0.11401788797229528,0.11401788797229528,0.0,0,0,0.0009845839813351631,0.0,0.010417204815894365,0.0,0.0
neu_mbv2_pattern_mining,2026-03-16T22:01:25,0,108,22,2,1.0,1.31288024931564e-05,0.0,0.11173551436513662,0.11173551436513662,0.0,0,0,0.0008019981905817986,0.0,0.010371553245931864,0.0,0.0
neu_mbv2_pattern_mining,2026-03-16T22:01:25,0,109,22,3,1.0,1.796200012904592e-05,0.0,0.1133220037445426,0.1133220037445426,0.0,0,0,0.0008840453810989857,0.0,0.010448154993355274,0.0,0.0
neu_mbv2_pattern_mining,2026-03-16T22:01:25,0,110,22,4,0.5,4.185272216796875,0.0,0.12727316468954086,0.12727316468954086,0.0,0,0,0.000849657692015171,0.0,0.011877658776938915,0.0,0.0
neu_mbv2_pattern_mining,2026-03-16T22:01:26,1,106,22,0,1.0,3.642606679932214e-05,0.0,0.45431985054165125,0.45431985054165125,0.0,0,0,0.0047479961067438126,0.0,0.04068398894742131,0.0,0.0
neu_mbv2_pattern_mining,2026-03-16T22:01:26,1,107,22,1,1.0,0.001170154893770814,0.0,0.12055058963596821,0.12055058963596821,0.0,0,0,0.0009861658327281475,0.0,0.011068893130868673,0.0,0.0
neu_mbv2_pattern_mining,2026-03-16T22:01:26,1,108,22,2,1.0,0.0072020310908555984,0.0,0.12387513183057308,0.12387513183057308,0.0,0,0,0.0009428500197827816,0.0,0.011444663163274527,0.0,0.0
neu_mbv2_pattern_mining,2026-03-16T22:01:26,1,109,22,3,1.0,6.30911163170822e-05,0.0,0.12489182408899069,0.12489182408899069,0.0,0,0,0.0010484373196959496,0.0,0.01144074508920312,0.0,0.0
neu_mbv2_pattern_mining,2026-03-16T22:01:26,1,110,22,4,1.0,0.26593998074531555,0.0,0.14237065333873034,0.14237065333873034,0.0,0,0,0.0008208560757339001,0.0,0.013416209258139133,0.0,0.0
neu_mbv2_pattern_mining,2026-03-16T22:01:27,2,106,22,0,1.0,0.00047392252599820495,0.0,0.2902567759156227,0.2902567759156227,0.0,0,0,0.003448404837399721,0.0,0.02557727275416255,0.0,0.0
neu_mbv2_pattern_mining,2026-03-16T22:01:27,2,107,22,1,0.90625,0.9766101241111755,0.0,0.09669494815170765,0.09669494815170765,0.0,0,0,0.0007689590565860271,0.0,0.008900535758584738,0.0,0.0
neu_mbv2_pattern_mining,2026-03-16T22:01:27,2,108,22,2,1.0,0.000344278261763975,0.0,0.10965489782392979,0.10965489782392979,0.0,0,0,0.0008934848010540009,0.0,0.010072004981338978,0.0,0.0
neu_mbv2_pattern_mining,2026-03-16T22:01:27,2,109,22,3,0.921875,0.12157268822193146,0.0,0.10739374905824661,0.10739374905824661,0.0,0,0,0.0008432618342339993,0.0,0.009896113071590662,0.0,0.0
neu_mbv2_pattern_mining,2026-03-16T22:01:27,2,110,22,4,0.6666666666666666,0.9344825148582458,0.0,0.13974836096167564,0.13974836096167564,0.0,0,0,0.0008665770292282104,0.0,0.013108259066939354,0.0,0.0
neu_mbv2_pattern_mining,2026-03-16T22:01:27,3,106,22,0,1.0,7.5081516115460545e-06,0.0,0.31471990048885345,0.31471990048885345,0.0,0,0,0.00354240695014596,0.0,0.027929583098739386,0.0,0.0
neu_mbv2_pattern_mining,2026-03-16T22:01:27,3,107,22,1,1.0,1.8456075849826448e-05,0.0,0.11362082324922085,0.11362082324922085,0.0,0,0,0.0009203692898154259,0.0,0.010441713035106659,0.0,0.0
neu_mbv2_pattern_mining,2026-03-16T22:01:27,3,108,22,2,1.0,0.00021310381998773664,0.0,0.10764587670564651,0.10764587670564651,0.0,0,0,0.0008373726159334183,0.0,0.009927215054631233,0.0,0.0
neu_mbv2_pattern_mining,2026-03-16T22:01:27,3,109,22,3,1.0,2.4879840566427447e-05,0.0,0.1023329421877861,0.1023329421877861,0.0,0,0,0.000784486997872591,0.0,0.00944880722090602,0.0,0.0
neu_mbv2_pattern_mining,2026-03-16T22:01:28,3,110,22,4,1.0,0.09554341435432434,0.0,0.11937676928937435,0.11937676928937435,0.0,0,0,0.0007942109368741512,0.0,0.011143465992063284,0.0,0.0
neu_mbv2_pattern_mining,2026-03-16T22:01:28,4,106,22,0,1.0,0.0001683290902292356,0.0,0.38420877419412136,0.38420877419412136,0.0,0,0,0.004335008095949888,0.0,0.03408586932346225,0.0,0.0
neu_mbv2_pattern_mining,2026-03-16T22:01:28,4,107,22,1,0.984375,0.18560081720352173,0.0,0.12086346745491028,0.12086346745491028,0.0,0,0,0.0009536049328744411,0.0,0.011132741812616587,0.0,0.0
neu_mbv2_pattern_mining,2026-03-16T22:01:28,4,108,22,2,1.0,0.0073978533037006855,0.0,0.11258992832154036,0.11258992832154036,0.0,0,0,0.0008379211649298668,0.0,0.010421071667224169,0.0,0.0
neu_mbv2_pattern_mining,2026-03-16T22:01:28,4,109,22,3,0.9375,0.15198180079460144,0.0,0.11381409596651793,0.11381409596651793,0.0,0,0,0.0008705467917025089,0.0,0.010510862804949284,0.0,0.0
neu_mbv2_pattern_mining,2026-03-16T22:01:28,4,110,22,4,1.0,0.01917356811463833,0.0,0.1389751536771655,0.1389751536771655,0.0,0,0,0.0008394820615649223,0.0,0.013058033306151628,0.0,0.0
neu_mbv2_pattern_mining,2026-03-16T22:01:30,0,111,23,0,1.0,0.00012030603102175519,0.0,0.4004514869302511,0.4004514869302511,0.0,0,0,0.0030014729127287865,0.0,0.037043675780296326,0.0,0.0
neu_mbv2_pattern_mining,2026-03-16T22:01:30,0,112,23,1,0.859375,0.9278210401535034,0.0,0.1346545433625579,0.1346545433625579,0.0,0,0,0.0011891149915754795,0.0,0.01227633934468031,0.0,0.0
neu_mbv2_pattern_mining,2026-03-16T22:01:30,0,113,23,2,1.0,0.00018923290190286934,0.0,0.13749971520155668,0.13749971520155668,0.0,0,0,0.0009790868498384953,0.0,0.012770884670317173,0.0,0.0
neu_mbv2_pattern_mining,2026-03-16T22:01:30,0,114,23,3,0.96875,0.0995221883058548,0.0,0.197035470046103,0.197035470046103,0.0,0,0,0.0012022331357002258,0.0,0.018501313868910074,0.0,0.0
neu_mbv2_pattern_mining,2026-03-16T22:01:30,0,115,23,4,1.0,0.003756703343242407,0.0,0.14305258635431528,0.14305258635431528,0.0,0,0,0.0010825982317328453,0.0,0.013222660403698683,0.0,0.0
neu_mbv2_pattern_mining,2026-03-16T22:01:30,1,111,23,0,1.0,0.0018877399852499366,0.0,0.44680824503302574,0.44680824503302574,0.0,0,0,0.004864927381277084,0.0,0.03981589712202549,0.0,0.0
neu_mbv2_pattern_mining,2026-03-16T22:01:30,1,112,23,1,0.90625,0.5344154238700867,0.0,0.1354972505941987,0.1354972505941987,0.0,0,0,0.0010517840273678303,0.0,0.01249794103205204,0.0,0.0
neu_mbv2_pattern_mining,2026-03-16T22:01:30,1,113,23,2,1.0,0.0008921461412683129,0.0,0.1383953308686614,0.1383953308686614,0.0,0,0,0.0010646609589457512,0.0,0.01277487212792039,0.0,0.0
neu_mbv2_pattern_mining,2026-03-16T22:01:30,1,114,23,3,0.921875,0.34609168767929077,0.0,0.12620845809578896,0.12620845809578896,0.0,0,0,0.0009727408178150654,0.0,0.01164810499176383,0.0,0.0
neu_mbv2_pattern_mining,2026-03-16T22:01:31,1,115,23,4,1.0,0.061157286167144775,0.0,0.15907799825072289,0.15907799825072289,0.0,0,0,0.0009223897941410542,0.0,0.014985410030931234,0.0,0.0
neu_mbv2_pattern_mining,2026-03-16T22:01:31,2,111,23,0,1.0,0.00019046850502490997,0.0,0.48680519685149193,0.48680519685149193,0.0,0,0,0.0067262048833072186,0.0,0.041954314801841974,0.0,0.0
neu_mbv2_pattern_mining,2026-03-16T22:01:31,2,112,23,1,0.921875,0.4373074769973755,0.0,0.12533464469015598,0.12533464469015598,0.0,0,0,0.0009484123438596725,0.0,0.011585052125155926,0.0,0.0
neu_mbv2_pattern_mining,2026-03-16T22:01:31,2,113,23,2,0.984375,0.07144184410572052,0.0,0.1304581854492426,0.1304581854492426,0.0,0,0,0.0009519304148852825,0.0,0.012093888130038977,0.0,0.0
neu_mbv2_pattern_mining,2026-03-16T22:01:31,2,114,23,3,0.984375,0.019767168909311295,0.0,0.12694456614553928,0.12694456614553928,0.0,0,0,0.0009773168712854385,0.0,0.01171713974326849,0.0,0.0
neu_mbv2_pattern_mining,2026-03-16T22:01:31,2,115,23,4,1.0,0.09781376272439957,0.0,0.1498386962339282,0.1498386962339282,0.0,0,0,0.0010011079721152782,0.0,0.013982761651277542,0.0,0.0
neu_mbv2_pattern_mining,2026-03-16T22:01:32,3,111,23,0,1.0,0.00016364044859074056,0.0,0.29885302763432264,0.29885302763432264,0.0,0,0,0.003875618800520897,0.0,0.026009683962911367,0.0,0.0
neu_mbv2_pattern_mining,2026-03-16T22:01:32,3,112,23,1,0.9375,0.33410197496414185,0.0,0.08664914406836033,0.08664914406836033,0.0,0,0,0.0007445020601153374,0.0,0.007920412346720695,0.0,0.0
neu_mbv2_pattern_mining,2026-03-16T22:01:32,3,113,23,2,1.0,0.0003298532101325691,0.0,0.0881792837753892,0.0881792837753892,0.0,0,0,0.0007307310588657856,0.0,0.008087197318673134,0.0,0.0
neu_mbv2_pattern_mining,2026-03-16T22:01:32,3,114,23,3,1.0,0.010220486670732498,0.0,0.08973066229373217,0.08973066229373217,0.0,0,0,0.0007230043411254883,0.0,0.008250061888247728,0.0,0.0
neu_mbv2_pattern_mining,2026-03-16T22:01:32,3,115,23,4,0.6666666666666666,5.381717681884766,0.0,0.1134780328720808,0.1134780328720808,0.0,0,0,0.0007228273898363113,0.0,0.010624975897371769,0.0,0.0
neu_mbv2_pattern_mining,2026-03-16T22:01:33,4,111,23,0,1.0,0.0011075176298618317,0.0,0.6029021600261331,0.6029021600261331,0.0,0,0,0.005442820955067873,0.0,0.05484739504754543,0.0,0.0
neu_mbv2_pattern_mining,2026-03-16T22:01:33,4,112,23,1,0.875,0.5324679613113403,0.0,0.16242059879004955,0.16242059879004955,0.0,0,0,0.001384996809065342,0.0,0.014857063069939613,0.0,0.0
neu_mbv2_pattern_mining,2026-03-16T22:01:33,4,113,23,2,0.984375,0.03360113874077797,0.0,0.14161472208797932,0.14161472208797932,0.0,0,0,0.0010762871243059635,0.0,0.013085185084491968,0.0,0.0
neu_mbv2_pattern_mining,2026-03-16T22:01:33,4,114,23,3,0.984375,0.07008082419633865,0.0,0.1241547055542469,0.1241547055542469,0.0,0,0,0.0008911578916013241,0.0,0.011524312663823366,0.0,0.0
neu_mbv2_pattern_mining,2026-03-16T22:01:33,4,115,23,4,0.6666666666666666,2.026761054992676,0.0,0.16648057848215103,0.16648057848215103,0.0,0,0,0.0010996819473803043,0.0,0.015548375900834799,0.0,0.0
neu_mbv2_pattern_mining,2026-03-16T22:01:34,0,116,24,0,1.0,0.0003982553316745907,0.0,0.32331691589206457,0.32331691589206457,0.0,0,0,0.0022067222744226456,0.0,0.03012496931478381,0.0,0.0
neu_mbv2_pattern_mining,2026-03-16T22:01:35,0,117,24,1,0.984375,0.0744362398982048,0.0,0.11726840864866972,0.11726840864866972,0.0,0,0,0.0010143928229808807,0.0,0.010712448041886091,0.0,0.0
neu_mbv2_pattern_mining,2026-03-16T22:01:35,0,118,24,2,1.0,0.001126316492445767,0.0,0.11743232142180204,0.11743232142180204,0.0,0,0,0.0008977069519460201,0.0,0.010845525190234184,0.0,0.0
neu_mbv2_pattern_mining,2026-03-16T22:01:35,0,119,24,3,1.0,0.01746281236410141,0.0,0.11807588394731283,0.11807588394731283,0.0,0,0,0.0009731841273605824,0.0,0.0108344042673707,0.0,0.0
neu_mbv2_pattern_mining,2026-03-16T22:01:35,0,120,24,4,0.75,3.766735792160034,0.0,0.11603519786149263,0.11603519786149263,0.0,0,0,0.0008924598805606365,0.0,0.010711059905588627,0.0,0.0
neu_mbv2_pattern_mining,2026-03-16T22:01:35,1,116,24,0,0.953125,0.09450983256101608,0.0,0.4700921894982457,0.4700921894982457,0.0,0,0,0.00466957688331604,0.0,0.04233964206650853,0.0,0.0
neu_mbv2_pattern_mining,2026-03-16T22:01:35,1,117,24,1,0.859375,0.5085974931716919,0.0,0.12126639951020479,0.12126639951020479,0.0,0,0,0.0009824051521718502,0.0,0.011144234798848629,0.0,0.0
neu_mbv2_pattern_mining,2026-03-16T22:01:35,1,118,24,2,0.953125,0.21359051764011383,0.0,0.11952904053032398,0.11952904053032398,0.0,0,0,0.0009017391130328178,0.0,0.01105116493999958,0.0,0.0
neu_mbv2_pattern_mining,2026-03-16T22:01:35,1,119,24,3,0.96875,0.0616675466299057,0.0,0.12154849246144295,0.12154849246144295,0.0,0,0,0.0008944193832576275,0.0,0.011260429862886667,0.0,0.0
neu_mbv2_pattern_mining,2026-03-16T22:01:35,1,120,24,4,0.6666666666666666,1.8093355894088745,0.0,0.1314220717176795,0.1314220717176795,0.0,0,0,0.0008023893460631371,0.0,0.012339817825704813,0.0,0.0
neu_mbv2_pattern_mining,2026-03-16T22:01:36,2,116,24,0,1.0,0.001571805914863944,0.0,0.5882028583437204,0.5882028583437204,0.0,0,0,0.007003348786383867,0.0,0.051816937047988176,0.0,0.0
neu_mbv2_pattern_mining,2026-03-16T22:01:36,2,117,24,1,1.0,0.011290062218904495,0.0,0.13637759257107973,0.13637759257107973,0.0,0,0,0.0010958020575344563,0.0,0.012541957199573517,0.0,0.0
neu_mbv2_pattern_mining,2026-03-16T22:01:36,2,118,24,2,1.0,0.00026282016187906265,0.0,0.10179019067436457,0.10179019067436457,0.0,0,0,0.0007702750153839588,0.0,0.009408744052052498,0.0,0.0
neu_mbv2_pattern_mining,2026-03-16T22:01:36,2,119,24,3,0.9375,0.18914194405078888,0.0,0.10534729808568954,0.10534729808568954,0.0,0,0,0.0007967688143253326,0.0,0.009737960994243622,0.0,0.0
neu_mbv2_pattern_mining,2026-03-16T22:01:36,2,120,24,4,0.3333333333333333,0.8068278431892395,0.0,0.12065537739545107,0.12065537739545107,0.0,0,0,0.0007536006160080433,0.0,0.011311937123537064,0.0,0.0
neu_mbv2_pattern_mining,2026-03-16T22:01:37,3,116,24,0,1.0,4.040525163873099e-05,0.0,0.379801862873137,0.379801862873137,0.0,0,0,0.004287614021450281,0.0,0.03369257226586342,0.0,0.0
neu_mbv2_pattern_mining,2026-03-16T22:01:37,3,117,24,1,1.0,0.0002311026182724163,0.0,0.11776655912399292,0.11776655912399292,0.0,0,0,0.0008848770521581173,0.0,0.010891778860241175,0.0,0.0
neu_mbv2_pattern_mining,2026-03-16T22:01:37,3,118,24,2,0.9375,0.1668308526277542,0.0,0.11426969897001982,0.11426969897001982,0.0,0,0,0.000880346167832613,0.0,0.010546623729169369,0.0,0.0
neu_mbv2_pattern_mining,2026-03-16T22:01:37,3,119,24,3,1.0,0.00012389909534249455,0.0,0.12782842852175236,0.12782842852175236,0.0,0,0,0.0009206458926200867,0.0,0.011862196959555149,0.0,0.0
neu_mbv2_pattern_mining,2026-03-16T22:01:37,3,120,24,4,1.0,0.01922839693725109,0.0,0.12965298723429441,0.12965298723429441,0.0,0,0,0.0009233797900378704,0.0,0.012041918933391571,0.0,0.0
neu_mbv2_pattern_mining,2026-03-16T22:01:38,4,116,24,0,1.0,0.003449010197073221,0.0,0.4377411864697933,0.4377411864697933,0.0,0,0,0.004311717581003904,0.0,0.03946240106597543,0.0,0.0
neu_mbv2_pattern_mining,2026-03-16T22:01:38,4,117,24,1,1.0,0.005300103221088648,0.0,0.11460513807833195,0.11460513807833195,0.0,0,0,0.0009405137971043587,0.0,0.010520000010728836,0.0,0.0
neu_mbv2_pattern_mining,2026-03-16T22:01:38,4,118,24,2,1.0,0.00915517844259739,0.0,0.10759794618934393,0.10759794618934393,0.0,0,0,0.0008332240395247936,0.0,0.0099265705794096,0.0,0.0
neu_mbv2_pattern_mining,2026-03-16T22:01:38,4,119,24,3,0.96875,0.049682773649692535,0.0,0.1083105243742466,0.1083105243742466,0.0,0,0,0.0008299401961266994,0.0,0.01000111224129796,0.0,0.0
neu_mbv2_pattern_mining,2026-03-16T22:01:38,4,120,24,4,0.3333333333333333,1.3810935020446777,0.0,0.12124577537178993,0.12124577537178993,0.0,0,0,0.0007948856800794601,0.0,0.011329691857099533,0.0,0.0
neu_mbv2_pattern_mining,2026-03-16T22:01:39,0,121,25,0,1.0,0.0006517053698189557,0.0,0.31348233111202717,0.31348233111202717,0.0,0,0,0.002178504131734371,0.0,0.029169728979468346,0.0,0.0
neu_mbv2_pattern_mining,2026-03-16T22:01:39,0,122,25,1,1.0,0.00023933296324685216,0.0,0.10882582049816847,0.10882582049816847,0.0,0,0,0.0008970643393695354,0.0,0.009985517710447311,0.0,0.0
neu_mbv2_pattern_mining,2026-03-16T22:01:39,0,123,25,2,0.96875,0.04606882482767105,0.0,0.09771323762834072,0.09771323762834072,0.0,0,0,0.0008580577559769154,0.0,0.008913266006857157,0.0,0.0
neu_mbv2_pattern_mining,2026-03-16T22:01:39,0,124,25,3,1.0,0.004406414460390806,0.0,0.09710864163935184,0.09710864163935184,0.0,0,0,0.0008464260026812553,0.0,0.00886443816125393,0.0,0.0
neu_mbv2_pattern_mining,2026-03-16T22:01:39,0,125,25,4,0.75,0.41132470965385437,0.0,0.09382849093526602,0.09382849093526602,0.0,0,0,0.0007239817641675472,0.0,0.008658867329359055,0.0,0.0
neu_mbv2_pattern_mining,2026-03-16T22:01:40,1,121,25,0,1.0,0.0014356838073581457,0.0,0.7466260110959411,0.7466260110959411,0.0,0,0,0.010042163077741861,0.0,0.06462043803185225,0.0,0.0
neu_mbv2_pattern_mining,2026-03-16T22:01:40,1,122,25,1,0.96875,0.041298650205135345,0.0,0.08903156034648418,0.08903156034648418,0.0,0,0,0.000828063115477562,0.0,0.008075092919170856,0.0,0.0
neu_mbv2_pattern_mining,2026-03-16T22:01:40,1,123,25,2,0.984375,0.09650926291942596,0.0,0.08698939811438322,0.08698939811438322,0.0,0,0,0.0007793367840349674,0.0,0.007919603027403355,0.0,0.0
neu_mbv2_pattern_mining,2026-03-16T22:01:40,1,124,25,3,0.96875,0.08763338625431061,0.0,0.08897637017071247,0.08897637017071247,0.0,0,0,0.0008706962689757347,0.0,0.008026940748095512,0.0,0.0
neu_mbv2_pattern_mining,2026-03-16T22:01:40,1,125,25,4,1.0,0.20763802528381348,0.0,0.10849799029529095,0.10849799029529095,0.0,0,0,0.0006189490668475628,0.0,0.010230849962681532,0.0,0.0
neu_mbv2_pattern_mining,2026-03-16T22:01:40,2,121,25,0,0.984375,0.04200856387615204,0.0,0.4498634999617934,0.4498634999617934,0.0,0,0,0.004599777981638908,0.0,0.040386572014540434,0.0,0.0
neu_mbv2_pattern_mining,2026-03-16T22:01:41,2,122,25,1,1.0,0.0006667660782113671,0.0,0.1135527528822422,0.1135527528822422,0.0,0,0,0.0009105042554438114,0.0,0.010444771032780409,0.0,0.0
neu_mbv2_pattern_mining,2026-03-16T22:01:41,2,123,25,2,1.0,0.0140529228374362,0.0,0.10805156081914902,0.10805156081914902,0.0,0,0,0.0008622468449175358,0.0,0.009942909236997366,0.0,0.0
neu_mbv2_pattern_mining,2026-03-16T22:01:41,2,124,25,3,0.96875,0.03505397588014603,0.0,0.10339322965592146,0.10339322965592146,0.0,0,0,0.0008535319939255714,0.0,0.009485790971666574,0.0,0.0
neu_mbv2_pattern_mining,2026-03-16T22:01:41,2,125,25,4,0.6666666666666666,1.1931887865066528,0.0,0.12032744474709034,0.12032744474709034,0.0,0,0,0.0007733982056379318,0.0,0.011259346269071102,0.0,0.0
neu_mbv2_pattern_mining,2026-03-16T22:01:41,3,121,25,0,1.0,9.230914292857051e-05,0.0,0.2962768403813243,0.2962768403813243,0.0,0,0,0.0031491550616919994,0.0,0.02647852897644043,0.0,0.0
neu_mbv2_pattern_mining,2026-03-16T22:01:41,3,122,25,1,1.0,0.00042115585529245436,0.0,0.11224808171391487,0.11224808171391487,0.0,0,0,0.0009705908596515656,0.0,0.010254217311739922,0.0,0.0
neu_mbv2_pattern_mining,2026-03-16T22:01:41,3,123,25,2,1.0,0.009633227251470089,0.0,0.11344300583004951,0.11344300583004951,0.0,0,0,0.000848997849971056,0.0,0.010495302733033895,0.0,0.0
neu_mbv2_pattern_mining,2026-03-16T22:01:41,3,124,25,3,1.0,0.008557396940886974,0.0,0.08976276498287916,0.08976276498287916,0.0,0,0,0.0008085891604423523,0.0,0.008167687337845564,0.0,0.0
neu_mbv2_pattern_mining,2026-03-16T22:01:41,3,125,25,4,0.3333333333333333,4.669901371002197,0.0,0.1274160062894225,0.1274160062894225,0.0,0,0,0.0007723066955804825,0.0,0.011969293933361769,0.0,0.0
neu_mbv2_pattern_mining,2026-03-16T22:01:42,4,121,25,0,1.0,0.00991759356111288,0.0,0.4007130255922675,0.4007130255922675,0.0,0,0,0.004305586684495211,0.0,0.03576571587473154,0.0,0.0
neu_mbv2_pattern_mining,2026-03-16T22:01:42,4,122,25,1,0.890625,0.688046932220459,0.0,0.13487504795193672,0.13487504795193672,0.0,0,0,0.0011790948919951916,0.0,0.01230840990319848,0.0,0.0
neu_mbv2_pattern_mining,2026-03-16T22:01:42,4,123,25,2,1.0,0.0049803610891103745,0.0,0.1135461451485753,0.1135461451485753,0.0,0,0,0.0009232196025550365,0.0,0.010431394912302494,0.0,0.0
neu_mbv2_pattern_mining,2026-03-16T22:01:42,4,124,25,3,0.828125,0.9142745733261108,0.0,0.11179892346262932,0.11179892346262932,0.0,0,0,0.0009058946743607521,0.0,0.01027399767190218,0.0,0.0
neu_mbv2_pattern_mining,2026-03-16T22:01:42,4,125,25,4,0.6666666666666666,2.5516724586486816,0.0,0.1282743364572525,0.1282743364572525,0.0,0,0,0.0008582179434597492,0.0,0.011969215702265501,0.0,0.0
neu_mbv2_pattern_mining,2026-03-16T22:01:43,0,126,26,0,1.0,7.907580584287643e-05,0.0,0.28949765488505363,0.28949765488505363,0.0,0,0,0.0018705371767282486,0.0,0.027079228311777115,0.0,0.0
neu_mbv2_pattern_mining,2026-03-16T22:01:43,0,127,26,1,1.0,0.0004982170648872852,0.0,0.10002029128372669,0.10002029128372669,0.0,0,0,0.000856730155646801,0.0,0.009145298972725868,0.0,0.0
neu_mbv2_pattern_mining,2026-03-16T22:01:43,0,128,26,2,1.0,0.00766963604837656,0.0,0.09193989913910627,0.09193989913910627,0.0,0,0,0.0007993238978087902,0.0,0.008394666016101837,0.0,0.0
neu_mbv2_pattern_mining,2026-03-16T22:01:44,0,129,26,3,0.984375,0.017826328054070473,0.0,0.1080905320122838,0.1080905320122838,0.0,0,0,0.000815575011074543,0.0,0.009993478190153837,0.0,0.0
neu_mbv2_pattern_mining,2026-03-16T22:01:44,0,130,26,4,0.5,1.5501238107681274,0.0,0.10457111988216639,0.10457111988216639,0.0,0,0,0.000709983054548502,0.0,0.009747128933668137,0.0,0.0
neu_mbv2_pattern_mining,2026-03-16T22:01:44,1,126,26,0,1.0,0.00012513026013039052,0.0,0.6146075390279293,0.6146075390279293,0.0,0,0,0.007149539887905121,0.0,0.05431121401488781,0.0,0.0
neu_mbv2_pattern_mining,2026-03-16T22:01:44,1,127,26,1,1.0,0.001423469977453351,0.0,0.15415000263601542,0.15415000263601542,0.0,0,0,0.0012694322504103184,0.0,0.014145568013191223,0.0,0.0
neu_mbv2_pattern_mining,2026-03-16T22:01:44,1,128,26,2,0.984375,0.050827715545892715,0.0,0.1464268285781145,0.1464268285781145,0.0,0,0,0.0012084487825632095,0.0,0.013434234075248241,0.0,0.0
neu_mbv2_pattern_mining,2026-03-16T22:01:44,1,129,26,3,1.0,0.00015560659812763333,0.0,0.11668490711599588,0.11668490711599588,0.0,0,0,0.0010266848839819431,0.0,0.010641805827617645,0.0,0.0
neu_mbv2_pattern_mining,2026-03-16T22:01:44,1,130,26,4,0.6666666666666666,1.7682539224624634,0.0,0.12594841420650482,0.12594841420650482,0.0,0,0,0.0008099447004497051,0.0,0.011784896720200777,0.0,0.0
neu_mbv2_pattern_mining,2026-03-16T22:01:45,2,126,26,0,1.0,0.0028114712331444025,0.0,0.34518221393227577,0.34518221393227577,0.0,0,0,0.00346078397706151,0.0,0.031057437416166067,0.0,0.0
neu_mbv2_pattern_mining,2026-03-16T22:01:45,2,127,26,1,0.953125,0.13043594360351562,0.0,0.09235470090061426,0.09235470090061426,0.0,0,0,0.0007808827795088291,0.0,0.008454587310552597,0.0,0.0
neu_mbv2_pattern_mining,2026-03-16T22:01:45,2,128,26,2,1.0,0.0005491576157510281,0.0,0.09025454986840487,0.09025454986840487,0.0,0,0,0.000698234885931015,0.0,0.008327220100909472,0.0,0.0
neu_mbv2_pattern_mining,2026-03-16T22:01:45,2,129,26,3,0.96875,0.11414545029401779,0.0,0.09584404062479734,0.09584404062479734,0.0,0,0,0.0008742040954530239,0.0,0.00871019996702671,0.0,0.0
neu_mbv2_pattern_mining,2026-03-16T22:01:45,2,130,26,4,0.3333333333333333,7.0403733253479,0.0,0.1142387418076396,0.1142387418076396,0.0,0,0,0.0006917561404407024,0.0,0.010732118040323257,0.0,0.0
neu_mbv2_pattern_mining,2026-03-16T22:01:46,3,126,26,0,1.0,3.659804133349098e-05,0.0,0.3534062532708049,0.3534062532708049,0.0,0,0,0.004175103269517422,0.0,0.031165522057563066,0.0,0.0
neu_mbv2_pattern_mining,2026-03-16T22:01:46,3,127,26,1,1.0,1.3460853551805485e-05,0.0,0.11092903092503548,0.11092903092503548,0.0,0,0,0.000967975240200758,0.0,0.01012492785230279,0.0,0.0
neu_mbv2_pattern_mining,2026-03-16T22:01:46,3,128,26,2,0.96875,0.06020043417811394,0.0,0.10011516977101564,0.10011516977101564,0.0,0,0,0.0008121770806610584,0.0,0.009199339896440506,0.0,0.0
neu_mbv2_pattern_mining,2026-03-16T22:01:46,3,129,26,3,1.0,0.007310330867767334,0.0,0.08916910272091627,0.08916910272091627,0.0,0,0,0.0007642642594873905,0.0,0.008152646012604237,0.0,0.0
neu_mbv2_pattern_mining,2026-03-16T22:01:46,3,130,26,4,1.0,0.25246885418891907,0.0,0.10563967749476433,0.10563967749476433,0.0,0,0,0.0007060598582029343,0.0,0.009857907891273499,0.0,0.0
neu_mbv2_pattern_mining,2026-03-16T22:01:47,4,126,26,0,1.0,8.715839794604108e-05,0.0,0.32649667002260685,0.32649667002260685,0.0,0,0,0.0037163072265684605,0.0,0.028933359775692225,0.0,0.0
neu_mbv2_pattern_mining,2026-03-16T22:01:47,4,127,26,1,0.96875,0.12955738604068756,0.0,0.09744630195200443,0.09744630195200443,0.0,0,0,0.000810340978205204,0.0,0.00893428921699524,0.0,0.0
neu_mbv2_pattern_mining,2026-03-16T22:01:47,4,128,26,2,0.984375,0.07060598582029343,0.0,0.08719149976968765,0.08719149976968765,0.0,0,0,0.0007275189273059368,0.0,0.007991631049662828,0.0,0.0
neu_mbv2_pattern_mining,2026-03-16T22:01:47,4,129,26,3,0.984375,0.027309395372867584,0.0,0.08533705025911331,0.08533705025911331,0.0,0,0,0.0006946609355509281,0.0,0.007839044090360403,0.0,0.0
neu_mbv2_pattern_mining,2026-03-16T22:01:47,4,130,26,4,0.3333333333333333,2.576894760131836,0.0,0.10654425248503685,0.10654425248503685,0.0,0,0,0.0006564762443304062,0.0,0.009997949004173279,0.0,0.0
neu_mbv2_pattern_mining,2026-03-16T22:01:48,0,131,27,0,1.0,0.0002090519992634654,0.0,0.3408230235800147,0.3408230235800147,0.0,0,0,0.002133783418685198,0.0,0.03194851893931627,0.0,0.0
neu_mbv2_pattern_mining,2026-03-16T22:01:48,0,132,27,1,0.875,1.351254940032959,0.0,0.10192722082138062,0.10192722082138062,0.0,0,0,0.0008330401033163071,0.0,0.009359681978821754,0.0,0.0
neu_mbv2_pattern_mining,2026-03-16T22:01:48,0,133,27,2,0.984375,0.18545784056186676,0.0,0.09613643866032362,0.09613643866032362,0.0,0,0,0.0008061719126999378,0.0,0.008807471953332424,0.0,0.0
neu_mbv2_pattern_mining,2026-03-16T22:01:48,0,134,27,3,0.96875,0.06931030005216599,0.0,0.08701904211193323,0.08701904211193323,0.0,0,0,0.0007579103112220764,0.0,0.007943993899971247,0.0,0.0
neu_mbv2_pattern_mining,2026-03-16T22:01:48,0,135,27,4,0.75,1.535225749015808,0.0,0.08931527379900217,0.08931527379900217,0.0,0,0,0.0007457821629941463,0.0,0.00818574521690607,0.0,0.0
neu_mbv2_pattern_mining,2026-03-16T22:01:49,1,131,27,0,1.0,0.0022504848893731833,0.0,0.29263833072036505,0.29263833072036505,0.0,0,0,0.0033335299231112003,0.0,0.025930303148925304,0.0,0.0
neu_mbv2_pattern_mining,2026-03-16T22:01:49,1,132,27,1,0.9375,0.24688880145549774,0.0,0.10030488949269056,0.10030488949269056,0.0,0,0,0.0009241700172424316,0.0,0.009106318932026625,0.0,0.0
neu_mbv2_pattern_mining,2026-03-16T22:01:49,1,133,27,2,1.0,0.002998382318764925,0.0,0.10085635352879763,0.10085635352879763,0.0,0,0,0.0008707903325557709,0.0,0.009214845020323992,0.0,0.0
neu_mbv2_pattern_mining,2026-03-16T22:01:49,1,134,27,3,0.921875,0.10145474970340729,0.0,0.1071857986971736,0.1071857986971736,0.0,0,0,0.0009224978275597095,0.0,0.00979608204215765,0.0,0.0
neu_mbv2_pattern_mining,2026-03-16T22:01:49,1,135,27,4,1.0,0.041926074773073196,0.0,0.10531028732657433,0.10531028732657433,0.0,0,0,0.0007316670380532742,0.0,0.009799361694604158,0.0,0.0
neu_mbv2_pattern_mining,2026-03-16T22:01:49,2,131,27,0,1.0,2.5368694878125098e-06,0.0,0.556304375641048,0.556304375641048,0.0,0,0,0.00720591377466917,0.0,0.048424523789435625,0.0,0.0
neu_mbv2_pattern_mining,2026-03-16T22:01:49,2,132,27,1,1.0,1.2202684047224466e-05,0.0,0.11740084737539291,0.11740084737539291,0.0,0,0,0.001108923926949501,0.0,0.01063116081058979,0.0,0.0
neu_mbv2_pattern_mining,2026-03-16T22:01:50,2,133,27,2,1.0,0.00010495481546968222,0.0,0.14135778415948153,0.14135778415948153,0.0,0,0,0.0010209842585027218,0.0,0.01311479415744543,0.0,0.0
neu_mbv2_pattern_mining,2026-03-16T22:01:50,2,134,27,3,1.0,0.0003801098791882396,0.0,0.09971912950277328,0.09971912950277328,0.0,0,0,0.000823690090328455,0.0,0.009148222859948874,0.0,0.0
neu_mbv2_pattern_mining,2026-03-16T22:01:50,2,135,27,4,0.6666666666666666,1.6863198280334473,0.0,0.11897721793502569,0.11897721793502569,0.0,0,0,0.0007964088581502438,0.0,0.011101312935352325,0.0,0.0
neu_mbv2_pattern_mining,2026-03-16T22:01:50,3,131,27,0,1.0,2.61723980656825e-05,0.0,0.48310142010450363,0.48310142010450363,0.0,0,0,0.0052369688637554646,0.0,0.0430731731466949,0.0,0.0
neu_mbv2_pattern_mining,2026-03-16T22:01:50,3,132,27,1,0.984375,0.0676746591925621,0.0,0.11458189226686954,0.11458189226686954,0.0,0,0,0.000992779154330492,0.0,0.010465410072356462,0.0,0.0
neu_mbv2_pattern_mining,2026-03-16T22:01:50,3,133,27,2,1.0,1.4438724974752404e-05,0.0,0.1090937526896596,0.1090937526896596,0.0,0,0,0.0009200591593980789,0.0,0.00998931610956788,0.0,0.0
neu_mbv2_pattern_mining,2026-03-16T22:01:50,3,134,27,3,0.9375,0.8587132692337036,0.0,0.09929340332746506,0.09929340332746506,0.0,0,0,0.0008825352415442467,0.0,0.009046805091202259,0.0,0.0
neu_mbv2_pattern_mining,2026-03-16T22:01:50,3,135,27,4,0.3333333333333333,1.2412470579147339,0.0,0.10733454022556543,0.10733454022556543,0.0,0,0,0.0007406501099467278,0.0,0.009992803912609816,0.0,0.0
neu_mbv2_pattern_mining,2026-03-16T22:01:51,4,131,27,0,1.0,1.095493007596815e-05,0.0,0.27696444652974606,0.27696444652974606,0.0,0,0,0.0030258246697485447,0.0,0.02467061998322606,0.0,0.0
neu_mbv2_pattern_mining,2026-03-16T22:01:51,4,132,27,1,1.0,1.0784033293020912e-05,0.0,0.10426277294754982,0.10426277294754982,0.0,0,0,0.0008177901618182659,0.0,0.009608487132936716,0.0,0.0
neu_mbv2_pattern_mining,2026-03-16T22:01:51,4,133,27,2,1.0,1.6784890249255113e-05,0.0,0.09426771197468042,0.09426771197468042,0.0,0,0,0.0007364642806351185,0.0,0.008690306916832924,0.0,0.0
neu_mbv2_pattern_mining,2026-03-16T22:01:51,4,134,27,3,1.0,0.002140610944479704,0.0,0.09701361879706383,0.09701361879706383,0.0,0,0,0.0007331999950110912,0.0,0.008968161884695292,0.0,0.0
neu_mbv2_pattern_mining,2026-03-16T22:01:51,4,135,27,4,1.0,0.02712188847362995,0.0,0.11124312411993742,0.11124312411993742,0.0,0,0,0.000823484268039465,0.0,0.010300828143954277,0.0,0.0
neu_mbv2_pattern_mining,2026-03-16T22:01:53,0,136,28,0,1.0,0.0005248920060694218,0.0,0.5190487904474139,0.5190487904474139,0.0,0,0,0.00329190818592906,0.0,0.04861297085881233,0.0,0.0
neu_mbv2_pattern_mining,2026-03-16T22:01:53,0,137,28,1,0.953125,0.10013880580663681,0.0,0.13497091364115477,0.13497091364115477,0.0,0,0,0.0010702423751354218,0.0,0.012426848988980055,0.0,0.0
neu_mbv2_pattern_mining,2026-03-16T22:01:53,0,138,28,2,1.0,0.0007844554493203759,0.0,0.13000768143683672,0.13000768143683672,0.0,0,0,0.0010381112806499004,0.0,0.011962656863033772,0.0,0.0
neu_mbv2_pattern_mining,2026-03-16T22:01:53,0,139,28,3,1.0,0.01059581059962511,0.0,0.12009990401566029,0.12009990401566029,0.0,0,0,0.0009582741186022758,0.0,0.011051716282963753,0.0,0.0
neu_mbv2_pattern_mining,2026-03-16T22:01:53,0,140,28,4,0.75,0.5673214793205261,0.0,0.1219441881403327,0.1219441881403327,0.0,0,0,0.0009679067879915237,0.0,0.011226512026041746,0.0,0.0
neu_mbv2_pattern_mining,2026-03-16T22:01:53,1,136,28,0,1.0,1.768963375070598e-05,0.0,0.3251164825633168,0.3251164825633168,0.0,0,0,0.003650764934718609,0.0,0.028860883321613073,0.0,0.0
neu_mbv2_pattern_mining,2026-03-16T22:01:54,1,137,28,1,1.0,8.638246799819171e-05,0.0,0.09098873939365149,0.09098873939365149,0.0,0,0,0.0007821200415492058,0.0,0.008316753897815943,0.0,0.0
neu_mbv2_pattern_mining,2026-03-16T22:01:54,1,138,28,2,1.0,0.0012278859503567219,0.0,0.09006665088236332,0.09006665088236332,0.0,0,0,0.000765778124332428,0.0,0.008240886963903904,0.0,0.0
neu_mbv2_pattern_mining,2026-03-16T22:01:54,1,139,28,3,1.0,0.0002212254039477557,0.0,0.09082091972231865,0.09082091972231865,0.0,0,0,0.0007897289469838142,0.0,0.00829236302524805,0.0,0.0
neu_mbv2_pattern_mining,2026-03-16T22:01:54,1,140,28,4,0.3333333333333333,0.885505199432373,0.0,0.11388948187232018,0.11388948187232018,0.0,0,0,0.0007224990986287594,0.0,0.010666449088603258,0.0,0.0
neu_mbv2_pattern_mining,2026-03-16T22:01:54,2,136,28,0,1.0,0.0001914964959723875,0.0,0.5196174792945385,0.5196174792945385,0.0,0,0,0.004863893147557974,0.0,0.047097854781895876,0.0,0.0
neu_mbv2_pattern_mining,2026-03-16T22:01:54,2,137,28,1,1.0,0.0006482487078756094,0.0,0.11202738154679537,0.11202738154679537,0.0,0,0,0.0009436300024390221,0.0,0.010259108152240515,0.0,0.0
neu_mbv2_pattern_mining,2026-03-16T22:01:54,2,138,28,2,0.875,1.4372509717941284,0.0,0.11743818875402212,0.11743818875402212,0.0,0,0,0.0009489287622272968,0.0,0.010794890113174915,0.0,0.0
neu_mbv2_pattern_mining,2026-03-16T22:01:54,2,139,28,3,0.953125,0.23517656326293945,0.0,0.11137838009744883,0.11137838009744883,0.0,0,0,0.0009348760358989239,0.0,0.010202961973845959,0.0,0.0
neu_mbv2_pattern_mining,2026-03-16T22:01:54,2,140,28,4,0.6666666666666666,1.1077884435653687,0.0,0.1378576410934329,0.1378576410934329,0.0,0,0,0.001028797123581171,0.0,0.01275696698576212,0.0,0.0
neu_mbv2_pattern_mining,2026-03-16T22:01:55,3,136,28,0,1.0,9.463845344725996e-06,0.0,0.3623980935662985,0.3623980935662985,0.0,0,0,0.003414526116102934,0.0,0.032825283240526915,0.0,0.0
neu_mbv2_pattern_mining,2026-03-16T22:01:55,3,137,28,1,1.0,6.360915722325444e-05,0.0,0.13568011578172445,0.13568011578172445,0.0,0,0,0.0008234959095716476,0.0,0.012744515668600798,0.0,0.0
neu_mbv2_pattern_mining,2026-03-16T22:01:55,3,138,28,2,1.0,0.00026884194812737405,0.0,0.08592884987592697,0.08592884987592697,0.0,0,0,0.0007150126621127129,0.0,0.007877872325479984,0.0,0.0
neu_mbv2_pattern_mining,2026-03-16T22:01:55,3,139,28,3,0.96875,0.2694036364555359,0.0,0.14410176780074835,0.14410176780074835,0.0,0,0,0.0007032998837530613,0.0,0.013706876896321774,0.0,0.0
neu_mbv2_pattern_mining,2026-03-16T22:01:55,3,140,28,4,0.6666666666666666,1.3268338441848755,0.0,0.10130646638572216,0.10130646638572216,0.0,0,0,0.000706325750797987,0.0,0.009424320887774229,0.0,0.0
neu_mbv2_pattern_mining,2026-03-16T22:01:56,4,136,28,0,1.0,0.00013108656276017427,0.0,0.28239467181265354,0.28239467181265354,0.0,0,0,0.003171246964484453,0.0,0.0250682202167809,0.0,0.0
neu_mbv2_pattern_mining,2026-03-16T22:01:56,4,137,28,1,1.0,0.00014099931286182255,0.0,0.08608878590166569,0.08608878590166569,0.0,0,0,0.000746200792491436,0.0,0.007862677797675133,0.0,0.0
neu_mbv2_pattern_mining,2026-03-16T22:01:56,4,138,28,2,1.0,7.357034337474033e-05,0.0,0.10027075186371803,0.10027075186371803,0.0,0,0,0.0008325600065290928,0.0,0.00919451517984271,0.0,0.0
neu_mbv2_pattern_mining,2026-03-16T22:01:56,4,139,28,3,0.984375,0.01707405224442482,0.0,0.10105058550834656,0.10105058550834656,0.0,0,0,0.000841058325022459,0.0,0.009264000225812197,0.0,0.0
neu_mbv2_pattern_mining,2026-03-16T22:01:56,4,140,28,4,0.3333333333333333,0.6370554566383362,0.0,0.1261480338871479,0.1261480338871479,0.0,0,0,0.0008596722036600113,0.0,0.011755131185054779,0.0,0.0
neu_mbv2_pattern_mining,2026-03-16T22:01:57,0,141,29,0,1.0,0.00036429674946703017,0.0,0.30515740625560284,0.30515740625560284,0.0,0,0,0.002038379665464163,0.0,0.02847736096009612,0.0,0.0
neu_mbv2_pattern_mining,2026-03-16T22:01:58,0,142,29,1,0.9375,0.346302330493927,0.0,0.09140712674707174,0.09140712674707174,0.0,0,0,0.0009233048185706139,0.0,0.00821740785613656,0.0,0.0
neu_mbv2_pattern_mining,2026-03-16T22:01:58,0,143,29,2,0.984375,0.05271690711379051,0.0,0.08788792416453362,0.08788792416453362,0.0,0,0,0.0007742452435195446,0.0,0.008014547172933817,0.0,0.0
neu_mbv2_pattern_mining,2026-03-16T22:01:58,0,144,29,3,1.0,0.012851502746343613,0.0,0.08884345181286335,0.08884345181286335,0.0,0,0,0.0008108131587505341,0.0,0.008073532022535801,0.0,0.0
neu_mbv2_pattern_mining,2026-03-16T22:01:58,0,145,29,4,0.75,2.2826011180877686,0.0,0.09326062630861998,0.09326062630861998,0.0,0,0,0.000670956913381815,0.0,0.008655105717480183,0.0,0.0
neu_mbv2_pattern_mining,2026-03-16T22:01:58,1,141,29,0,1.0,2.785475408018101e-05,0.0,0.3468309389427304,0.3468309389427304,0.0,0,0,0.003875256050378084,0.0,0.03080783784389496,0.0,0.0
neu_mbv2_pattern_mining,2026-03-16T22:01:58,1,142,29,1,0.9375,0.29209238290786743,0.0,0.10577004868537188,0.10577004868537188,0.0,0,0,0.0008925129659473896,0.0,0.009684491902589798,0.0,0.0
neu_mbv2_pattern_mining,2026-03-16T22:01:58,1,143,29,2,0.984375,0.0465143658220768,0.0,0.10543657932430506,0.10543657932430506,0.0,0,0,0.0009144451469182968,0.0,0.009629212785512209,0.0,0.0
neu_mbv2_pattern_mining,2026-03-16T22:01:58,1,144,29,3,0.953125,0.14069721102714539,0.0,0.10245298966765404,0.10245298966765404,0.0,0,0,0.0007920172065496445,0.0,0.00945328176021576,0.0,0.0
neu_mbv2_pattern_mining,2026-03-16T22:01:58,1,145,29,4,0.6666666666666666,0.4415926933288574,0.0,0.1292649982497096,0.1292649982497096,0.0,0,0,0.0008023208938539028,0.0,0.012124178931117058,0.0,0.0
neu_mbv2_pattern_mining,2026-03-16T22:01:59,2,141,29,0,1.0,3.474642289802432e-05,0.0,0.3221695777028799,0.3221695777028799,0.0,0,0,0.003719436004757881,0.0,0.02849752176553011,0.0,0.0
neu_mbv2_pattern_mining,2026-03-16T22:01:59,2,142,29,1,1.0,1.7880382074508816e-05,0.0,0.09215878322720528,0.09215878322720528,0.0,0,0,0.0008452762849628925,0.0,0.008370602037757635,0.0,0.0
neu_mbv2_pattern_mining,2026-03-16T22:01:59,2,143,29,2,1.0,0.00015613308642059565,0.0,0.08801197167485952,0.08801197167485952,0.0,0,0,0.0007693860679864883,0.0,0.008031811099499464,0.0,0.0
neu_mbv2_pattern_mining,2026-03-16T22:01:59,2,144,29,3,0.984375,0.03881797194480896,0.0,0.0929770665243268,0.0929770665243268,0.0,0,0,0.0007920418865978718,0.0,0.008505664765834808,0.0,0.0
neu_mbv2_pattern_mining,2026-03-16T22:01:59,2,145,29,4,0.6666666666666666,0.8018969893455505,0.0,0.11518795508891344,0.11518795508891344,0.0,0,0,0.000728691928088665,0.0,0.010790103580802679,0.0,0.0
neu_mbv2_pattern_mining,2026-03-16T22:02:00,3,141,29,0,1.0,0.0001729440118651837,0.0,0.35578323993831873,0.35578323993831873,0.0,0,0,0.003794398158788681,0.0,0.03178392583504319,0.0,0.0
neu_mbv2_pattern_mining,2026-03-16T22:02:00,3,142,29,1,0.953125,0.2323489785194397,0.0,0.09417469147592783,0.09417469147592783,0.0,0,0,0.0008388720452785492,0.0,0.008578597102314234,0.0,0.0
neu_mbv2_pattern_mining,2026-03-16T22:02:00,3,143,29,2,0.84375,1.2052278518676758,0.0,0.08771601133048534,0.08771601133048534,0.0,0,0,0.0007666493766009808,0.0,0.008004951756447554,0.0,0.0
neu_mbv2_pattern_mining,2026-03-16T22:02:00,3,144,29,3,1.0,3.925722558051348e-05,0.0,0.08648604620248079,0.08648604620248079,0.0,0,0,0.0007285038009285927,0.0,0.007920100819319487,0.0,0.0
neu_mbv2_pattern_mining,2026-03-16T22:02:00,3,145,29,4,0.3333333333333333,2.14359450340271,0.0,0.10161357931792736,0.10161357931792736,0.0,0,0,0.0006736349314451218,0.0,0.009487723000347614,0.0,0.0
neu_mbv2_pattern_mining,2026-03-16T22:02:01,4,141,29,0,1.0,6.127591404947452e-06,0.0,0.5895094387233257,0.5895094387233257,0.0,0,0,0.01074710488319397,0.0,0.0482038389891386,0.0,0.0
neu_mbv2_pattern_mining,2026-03-16T22:02:01,4,142,29,1,1.0,1.9212959159631282e-05,0.0,0.11991930659860373,0.11991930659860373,0.0,0,0,0.0010184608399868011,0.0,0.010973469819873571,0.0,0.0
neu_mbv2_pattern_mining,2026-03-16T22:02:01,4,143,29,2,1.0,0.00014495529467239976,0.0,0.11806523893028498,0.11806523893028498,0.0,0,0,0.0009450200013816357,0.0,0.010861503891646862,0.0,0.0
neu_mbv2_pattern_mining,2026-03-16T22:02:01,4,144,29,3,0.984375,0.0503104105591774,0.0,0.10861732065677643,0.10861732065677643,0.0,0,0,0.0008934321813285351,0.0,0.009968299884349108,0.0,0.0
neu_mbv2_pattern_mining,2026-03-16T22:02:01,4,145,29,4,1.0,0.1338692307472229,0.0,0.1961760874837637,0.1961760874837637,0.0,0,0,0.0008701938204467297,0.0,0.01874741492792964,0.0,0.0
neu_mbv2_pattern_mining,2026-03-16T22:02:02,0,146,30,0,1.0,1.860471093095839e-05,0.0,0.4224926047027111,0.4224926047027111,0.0,0,0,0.002741399221122265,0.0,0.039507861249148846,0.0,0.0
neu_mbv2_pattern_mining,2026-03-16T22:02:02,0,147,30,1,1.0,0.0005861318204551935,0.0,0.09461275301873684,0.09461275301873684,0.0,0,0,0.000897696241736412,0.0,0.008563579060137272,0.0,0.0
neu_mbv2_pattern_mining,2026-03-16T22:02:02,0,148,30,2,1.0,0.0010220997501164675,0.0,0.08594023995101452,0.08594023995101452,0.0,0,0,0.0007218858227133751,0.0,0.007872138172388077,0.0,0.0
neu_mbv2_pattern_mining,2026-03-16T22:02:02,0,149,30,3,1.0,0.032864272594451904,0.0,0.08629399817436934,0.08629399817436934,0.0,0,0,0.0007408908568322659,0.0,0.007888508960604668,0.0,0.0
neu_mbv2_pattern_mining,2026-03-16T22:02:02,0,150,30,4,1.0,0.016845840960741043,0.0,0.0904478132724762,0.0904478132724762,0.0,0,0,0.0006927140057086945,0.0,0.008352067321538925,0.0,0.0
neu_mbv2_pattern_mining,2026-03-16T22:02:03,1,146,30,0,1.0,4.053013617522083e-05,0.0,0.34390433225780725,0.34390433225780725,0.0,0,0,0.003825262188911438,0.0,0.030565171036869287,0.0,0.0
neu_mbv2_pattern_mining,2026-03-16T22:02:03,1,147,30,1,1.0,0.0013176831416785717,0.0,0.09500568266957998,0.09500568266957998,0.0,0,0,0.0007600672543048859,0.0,0.008740501012653112,0.0,0.0
neu_mbv2_pattern_mining,2026-03-16T22:02:03,1,148,30,2,0.859375,0.45994505286216736,0.0,0.1023749727755785,0.1023749727755785,0.0,0,0,0.0008127889595925808,0.0,0.009424708317965269,0.0,0.0
neu_mbv2_pattern_mining,2026-03-16T22:02:03,1,149,30,3,0.953125,0.25957822799682617,0.0,0.10800011921674013,0.10800011921674013,0.0,0,0,0.0007739849388599396,0.0,0.010026026982814074,0.0,0.0
neu_mbv2_pattern_mining,2026-03-16T22:02:03,1,150,30,4,0.6666666666666666,2.098283052444458,0.0,0.14757296070456505,0.14757296070456505,0.0,0,0,0.0011469712480902672,0.0,0.013610324822366238,0.0,0.0
neu_mbv2_pattern_mining,2026-03-16T22:02:04,2,146,30,0,1.0,2.0763225620612502e-05,0.0,0.4401479521766305,0.4401479521766305,0.0,0,0,0.005317407194525003,0.0,0.038697388023138046,0.0,0.0
neu_mbv2_pattern_mining,2026-03-16T22:02:04,2,147,30,1,1.0,0.002212636172771454,0.0,0.08827375248074532,0.08827375248074532,0.0,0,0,0.0007484611123800278,0.0,0.008078914135694504,0.0,0.0
neu_mbv2_pattern_mining,2026-03-16T22:02:04,2,148,30,2,1.0,0.011013040319085121,0.0,0.08540434762835503,0.08540434762835503,0.0,0,0,0.0007317368872463703,0.0,0.007808697875589132,0.0,0.0
neu_mbv2_pattern_mining,2026-03-16T22:02:04,2,149,30,3,0.984375,0.03982485085725784,0.0,0.08462042547762394,0.08462042547762394,0.0,0,0,0.0006685149855911732,0.0,0.007793527562171221,0.0,0.0
neu_mbv2_pattern_mining,2026-03-16T22:02:04,2,150,30,4,0.6666666666666666,1.0563392639160156,0.0,0.1067186240106821,0.1067186240106821,0.0,0,0,0.0006395573727786541,0.0,0.010032305028289557,0.0,0.0
neu_mbv2_pattern_mining,2026-03-16T22:02:05,3,146,30,0,1.0,0.0006692711031064391,0.0,0.6515003647655249,0.6515003647655249,0.0,0,0,0.006867891177535057,0.0,0.05828214529901743,0.0,0.0
neu_mbv2_pattern_mining,2026-03-16T22:02:05,3,147,30,1,1.0,0.007379168178886175,0.0,0.15309087000787258,0.15309087000787258,0.0,0,0,0.0011882972903549671,0.0,0.014120789710432291,0.0,0.0
neu_mbv2_pattern_mining,2026-03-16T22:02:05,3,148,30,2,0.984375,0.08436842262744904,0.0,0.1264526415616274,0.1264526415616274,0.0,0,0,0.0009876410476863384,0.0,0.0116576231084764,0.0,0.0
neu_mbv2_pattern_mining,2026-03-16T22:02:05,3,149,30,3,0.875,0.3991907835006714,0.0,0.12086264789104462,0.12086264789104462,0.0,0,0,0.0009646899998188019,0.0,0.01112157478928566,0.0,0.0
neu_mbv2_pattern_mining,2026-03-16T22:02:05,3,150,30,4,0.6666666666666666,0.28544357419013977,0.0,0.13622234109789133,0.13622234109789133,0.0,0,0,0.0008852570317685604,0.0,0.012736977078020573,0.0,0.0
neu_mbv2_pattern_mining,2026-03-16T22:02:05,4,146,30,0,1.0,4.7445690142922103e-05,0.0,0.30919536016881466,0.30919536016881466,0.0,0,0,0.0033119460567831993,0.0,0.027607589960098267,0.0,0.0
neu_mbv2_pattern_mining,2026-03-16T22:02:05,4,147,30,1,1.0,0.0001264090824406594,0.0,0.09303242899477482,0.09303242899477482,0.0,0,0,0.0007772818207740784,0.0,0.008525961078703403,0.0,0.0
neu_mbv2_pattern_mining,2026-03-16T22:02:05,4,148,30,2,1.0,0.0017942003905773163,0.0,0.09137724991887808,0.09137724991887808,0.0,0,0,0.0006983201019465923,0.0,0.008439404889941216,0.0,0.0
neu_mbv2_pattern_mining,2026-03-16T22:02:05,4,149,30,3,0.953125,0.19709011912345886,0.0,0.0893233809620142,0.0893233809620142,0.0,0,0,0.0006557661108672619,0.0,0.008276571985334158,0.0,0.0
neu_mbv2_pattern_mining,2026-03-16T22:02:06,4,150,30,4,0.3333333333333333,4.739668369293213,0.0,0.11119764763861895,0.11119764763861895,0.0,0,0,0.0006816559471189976,0.0,0.010438108816742897,0.0,0.0
neu_mbv2_pattern_mining,2026-03-16T22:02:07,0,151,31,0,1.0,0.009171179495751858,0.0,0.34480789210647345,0.34480789210647345,0.0,0,0,0.0021050581708550453,0.0,0.0323757310397923,0.0,0.0
neu_mbv2_pattern_mining,2026-03-16T22:02:07,0,152,31,1,0.90625,0.24961981177330017,0.0,0.10481879580765963,0.10481879580765963,0.0,0,0,0.000819855835288763,0.0,0.0096620237454772,0.0,0.0
neu_mbv2_pattern_mining,2026-03-16T22:02:07,0,153,31,2,1.0,0.00868690013885498,0.0,0.11109131388366222,0.11109131388366222,0.0,0,0,0.0008314261212944984,0.0,0.010277705267071724,0.0,0.0
neu_mbv2_pattern_mining,2026-03-16T22:02:07,0,154,31,3,0.96875,0.06960365921258926,0.0,0.10062662418931723,0.10062662418931723,0.0,0,0,0.0007316023111343384,0.0,0.009331060107797384,0.0,0.0
neu_mbv2_pattern_mining,2026-03-16T22:02:07,0,155,31,4,0.75,1.1515883207321167,0.0,0.09242365602403879,0.09242365602403879,0.0,0,0,0.0005999542772769928,0.0,0.008642411325126886,0.0,0.0
neu_mbv2_pattern_mining,2026-03-16T22:02:08,1,151,31,0,1.0,2.124826642102562e-05,0.0,0.4539112653583288,0.4539112653583288,0.0,0,0,0.00453699566423893,0.0,0.04085413087159395,0.0,0.0
neu_mbv2_pattern_mining,2026-03-16T22:02:08,1,152,31,1,1.0,3.69177469110582e-05,0.0,0.0855267746374011,0.0855267746374011,0.0,0,0,0.0007258104160428047,0.0,0.007826867047697306,0.0,0.0
neu_mbv2_pattern_mining,2026-03-16T22:02:08,1,153,31,2,1.0,0.000938946905080229,0.0,0.1038534240797162,0.1038534240797162,0.0,0,0,0.0010107983835041523,0.0,0.009374544024467468,0.0,0.0
neu_mbv2_pattern_mining,2026-03-16T22:02:08,1,154,31,3,1.0,0.0007649127510376275,0.0,0.1482093147933483,0.1482093147933483,0.0,0,0,0.0010404237546026707,0.0,0.01378050772473216,0.0,0.0
neu_mbv2_pattern_mining,2026-03-16T22:02:08,1,155,31,4,0.3333333333333333,1.8432955741882324,0.0,0.13619245029985905,0.13619245029985905,0.0,0,0,0.001069732941687107,0.0,0.012549512088298798,0.0,0.0
neu_mbv2_pattern_mining,2026-03-16T22:02:08,2,151,31,0,1.0,0.0001578612718731165,0.0,0.3166562784463167,0.3166562784463167,0.0,0,0,0.0038549848832190037,0.0,0.027810642961412668,0.0,0.0
neu_mbv2_pattern_mining,2026-03-16T22:02:08,2,152,31,1,0.984375,0.06219042092561722,0.0,0.10173453949391842,0.10173453949391842,0.0,0,0,0.0008493098430335522,0.0,0.00932414410635829,0.0,0.0
neu_mbv2_pattern_mining,2026-03-16T22:02:08,2,153,31,2,1.0,0.003872981760650873,0.0,0.09438216220587492,0.09438216220587492,0.0,0,0,0.0006845858879387379,0.0,0.008753630332648754,0.0,0.0
neu_mbv2_pattern_mining,2026-03-16T22:02:08,2,154,31,3,1.0,0.0008604541653767228,0.0,0.0867095123976469,0.0867095123976469,0.0,0,0,0.0006970791146159172,0.0,0.007973872125148773,0.0,0.0
neu_mbv2_pattern_mining,2026-03-16T22:02:08,2,155,31,4,0.6666666666666666,0.35638126730918884,0.0,0.10535534471273422,0.10535534471273422,0.0,0,0,0.0008388310670852661,0.0,0.009696703404188156,0.0,0.0
neu_mbv2_pattern_mining,2026-03-16T22:02:09,3,151,31,0,1.0,9.921908713295124e-06,0.0,0.42028150986880064,0.42028150986880064,0.0,0,0,0.003452121280133724,0.0,0.03857602970674634,0.0,0.0
neu_mbv2_pattern_mining,2026-03-16T22:02:09,3,152,31,1,1.0,7.706751785008237e-05,0.0,0.11032324749976397,0.11032324749976397,0.0,0,0,0.0009152498096227646,0.0,0.010117074940353632,0.0,0.0
neu_mbv2_pattern_mining,2026-03-16T22:02:09,3,153,31,2,1.0,0.009189020842313766,0.0,0.11358928866684437,0.11358928866684437,0.0,0,0,0.0008855368942022324,0.0,0.010473391972482204,0.0,0.0
neu_mbv2_pattern_mining,2026-03-16T22:02:09,3,154,31,3,1.0,0.00012539867020677775,0.0,0.10215679183602333,0.10215679183602333,0.0,0,0,0.0007689683698117733,0.0,0.00944671081379056,0.0,0.0
neu_mbv2_pattern_mining,2026-03-16T22:02:09,3,155,31,4,0.6666666666666666,1.2676100730895996,0.0,0.11989384889602661,0.11989384889602661,0.0,0,0,0.0007308200001716614,0.0,0.011258564889431,0.0,0.0
neu_mbv2_pattern_mining,2026-03-16T22:02:10,4,151,31,0,1.0,5.88859838899225e-05,0.0,0.4152974672615528,0.4152974672615528,0.0,0,0,0.004357764031738043,0.0,0.03717198269441724,0.0,0.0
neu_mbv2_pattern_mining,2026-03-16T22:02:10,4,152,31,1,1.0,5.967905599391088e-05,0.0,0.11393220163881779,0.11393220163881779,0.0,0,0,0.000948204193264246,0.0,0.010445015970617533,0.0,0.0
neu_mbv2_pattern_mining,2026-03-16T22:02:10,4,153,31,2,0.984375,0.05319711193442345,0.0,0.11665008496493101,0.11665008496493101,0.0,0,0,0.0009710798040032387,0.0,0.010693928692489862,0.0,0.0
neu_mbv2_pattern_mining,2026-03-16T22:02:10,4,154,31,3,0.921875,0.3454640507698059,0.0,0.11811518110334873,0.11811518110334873,0.0,0,0,0.0010181581601500511,0.0,0.010793359950184822,0.0,0.0
neu_mbv2_pattern_mining,2026-03-16T22:02:10,4,155,31,4,0.3333333333333333,1.8494421243667603,0.0,0.12464123778045177,0.12464123778045177,0.0,0,0,0.0008049588650465012,0.0,0.011659164912998676,0.0,0.0
neu_mbv2_pattern_mining,2026-03-16T22:02:11,0,156,32,0,1.0,0.00014123565051704645,0.0,0.30466741416603327,0.30466741416603327,0.0,0,0,0.0019106031395494938,0.0,0.028556138277053833,0.0,0.0
neu_mbv2_pattern_mining,2026-03-16T22:02:11,0,157,32,1,0.984375,0.04034513235092163,0.0,0.08923501241952181,0.08923501241952181,0.0,0,0,0.0007820944301784039,0.0,0.008141406811773777,0.0,0.0
neu_mbv2_pattern_mining,2026-03-16T22:02:12,0,158,32,2,1.0,0.002316143596544862,0.0,0.08855698630213737,0.08855698630213737,0.0,0,0,0.0008108788169920444,0.0,0.008044819813221693,0.0,0.0
neu_mbv2_pattern_mining,2026-03-16T22:02:12,0,159,32,3,1.0,0.019255872815847397,0.0,0.08904661517590284,0.08904661517590284,0.0,0,0,0.0007913382723927498,0.0,0.008113323245197535,0.0,0.0
neu_mbv2_pattern_mining,2026-03-16T22:02:12,0,160,32,4,0.75,0.47995737195014954,0.0,0.09658330120146275,0.09658330120146275,0.0,0,0,0.0007711541838943958,0.0,0.008887175936251879,0.0,0.0
neu_mbv2_pattern_mining,2026-03-16T22:02:12,1,156,32,0,1.0,2.3387350665871054e-05,0.0,0.49173761159181595,0.49173761159181595,0.0,0,0,0.005020583048462868,0.0,0.04415317811071873,0.0,0.0
neu_mbv2_pattern_mining,2026-03-16T22:02:12,1,157,32,1,1.0,0.00015623503713868558,0.0,0.1006110105663538,0.1006110105663538,0.0,0,0,0.0008892202749848366,0.0,0.009171880781650543,0.0,0.0
neu_mbv2_pattern_mining,2026-03-16T22:02:12,1,158,32,2,1.0,0.00012807297753170133,0.0,0.11127479840070009,0.11127479840070009,0.0,0,0,0.0009170337580144405,0.0,0.010210446082055569,0.0,0.0
neu_mbv2_pattern_mining,2026-03-16T22:02:12,1,159,32,3,1.0,0.0016404337948188186,0.0,0.09554342832416296,0.09554342832416296,0.0,0,0,0.0008958750404417515,0.0,0.008658467791974545,0.0,0.0
neu_mbv2_pattern_mining,2026-03-16T22:02:12,1,160,32,4,1.0,0.1074676513671875,0.0,0.11842343956232071,0.11842343956232071,0.0,0,0,0.0008824970573186874,0.0,0.010959846898913383,0.0,0.0
neu_mbv2_pattern_mining,2026-03-16T22:02:13,2,156,32,0,1.0,0.0008877463988028467,0.0,0.35862608812749386,0.35862608812749386,0.0,0,0,0.004477447830140591,0.0,0.031385160982608795,0.0,0.0
neu_mbv2_pattern_mining,2026-03-16T22:02:13,2,157,32,1,0.96875,0.1896422803401947,0.0,0.09929842781275511,0.09929842781275511,0.0,0,0,0.0009620757773518562,0.0,0.008967767003923655,0.0,0.0
neu_mbv2_pattern_mining,2026-03-16T22:02:13,2,158,32,2,1.0,0.0010860759066417813,0.0,0.09273357223719358,0.09273357223719358,0.0,0,0,0.0009108129888772964,0.0,0.008362544234842062,0.0,0.0
neu_mbv2_pattern_mining,2026-03-16T22:02:13,2,159,32,3,1.0,0.004623508546501398,0.0,0.09073770605027676,0.09073770605027676,0.0,0,0,0.000890286173671484,0.0,0.008183484431356192,0.0,0.0
neu_mbv2_pattern_mining,2026-03-16T22:02:13,2,160,32,4,1.0,0.26721978187561035,0.0,0.11936713941395283,0.11936713941395283,0.0,0,0,0.000789490994066,0.0,0.011147222947329283,0.0,0.0
neu_mbv2_pattern_mining,2026-03-16T22:02:14,3,156,32,0,1.0,1.210396658279933e-05,0.0,0.3190204128623009,0.3190204128623009,0.0,0,0,0.003552208188921213,0.0,0.028349833097308874,0.0,0.0
neu_mbv2_pattern_mining,2026-03-16T22:02:14,3,157,32,1,1.0,4.227292083669454e-05,0.0,0.09846020955592394,0.09846020955592394,0.0,0,0,0.0008544512093067169,0.0,0.008991569746285677,0.0,0.0
neu_mbv2_pattern_mining,2026-03-16T22:02:14,3,158,32,2,0.984375,0.03702535480260849,0.0,0.09580087848007679,0.09580087848007679,0.0,0,0,0.0007836399599909782,0.0,0.0087964478880167,0.0,0.0
neu_mbv2_pattern_mining,2026-03-16T22:02:14,3,159,32,3,1.0,0.000417729199398309,0.0,0.09710750076919794,0.09710750076919794,0.0,0,0,0.000788222998380661,0.0,0.008922527078539133,0.0,0.0
neu_mbv2_pattern_mining,2026-03-16T22:02:14,3,160,32,4,0.6666666666666666,1.4586671590805054,0.0,0.11493479833006859,0.11493479833006859,0.0,0,0,0.000837251078337431,0.0,0.010656228754669428,0.0,0.0
neu_mbv2_pattern_mining,2026-03-16T22:02:15,4,156,32,0,1.0,3.9838596421759576e-05,0.0,0.30304839834570885,0.30304839834570885,0.0,0,0,0.0032113129273056984,0.0,0.027093526907265186,0.0,0.0
neu_mbv2_pattern_mining,2026-03-16T22:02:15,4,157,32,1,1.0,0.0047729117795825005,0.0,0.08804494049400091,0.08804494049400091,0.0,0,0,0.0007552183233201504,0.0,0.00804927572607994,0.0,0.0
neu_mbv2_pattern_mining,2026-03-16T22:02:15,4,158,32,2,1.0,0.00019887802773155272,0.0,0.08676233235746622,0.08676233235746622,0.0,0,0,0.000764274038374424,0.0,0.007911959197372198,0.0,0.0
neu_mbv2_pattern_mining,2026-03-16T22:02:15,4,159,32,3,1.0,0.0009209330310113728,0.0,0.09853914380073547,0.09853914380073547,0.0,0,0,0.000997364055365324,0.0,0.008856550324708223,0.0,0.0
neu_mbv2_pattern_mining,2026-03-16T22:02:15,4,160,32,4,0.3333333333333333,1.9174200296401978,0.0,0.11649790685623884,0.11649790685623884,0.0,0,0,0.0008146017789840698,0.0,0.010835188906639814,0.0,0.0
neu_mbv2_pattern_mining,2026-03-16T22:02:16,0,161,33,0,1.0,0.0003216247132513672,0.0,0.3551674261689186,0.3551674261689186,0.0,0,0,0.0023299120366573334,0.0,0.03318683058023453,0.0,0.0
neu_mbv2_pattern_mining,2026-03-16T22:02:16,0,162,33,1,0.90625,0.5748136639595032,0.0,0.11714712716639042,0.11714712716639042,0.0,0,0,0.001004943624138832,0.0,0.01070976909250021,0.0,0.0
neu_mbv2_pattern_mining,2026-03-16T22:02:16,0,163,33,2,0.96875,0.0401286743581295,0.0,0.11829473543912172,0.11829473543912172,0.0,0,0,0.0009279642254114151,0.0,0.010901509318500757,0.0,0.0
neu_mbv2_pattern_mining,2026-03-16T22:02:16,0,164,33,3,1.0,0.006496463902294636,0.0,0.11642214376479387,0.11642214376479387,0.0,0,0,0.000985570251941681,0.0,0.010656644124537706,0.0,0.0
neu_mbv2_pattern_mining,2026-03-16T22:02:16,0,165,33,4,0.5,3.433194398880005,0.0,0.10887378361076117,0.10887378361076117,0.0,0,0,0.0009221909567713737,0.0,0.009965187404304743,0.0,0.0
neu_mbv2_pattern_mining,2026-03-16T22:02:17,1,161,33,0,1.0,0.0003387057804502547,0.0,0.32279040664434433,0.32279040664434433,0.0,0,0,0.003599241841584444,0.0,0.02867979882284999,0.0,0.0
neu_mbv2_pattern_mining,2026-03-16T22:02:17,1,162,33,1,0.953125,0.13754625618457794,0.0,0.10054670739918947,0.10054670739918947,0.0,0,0,0.0008470350876450539,0.0,0.009207635652273893,0.0,0.0
neu_mbv2_pattern_mining,2026-03-16T22:02:17,1,163,33,2,0.984375,0.017521701753139496,0.0,0.10028322227299213,0.10028322227299213,0.0,0,0,0.0008145528845489025,0.0,0.009213769342750311,0.0,0.0
neu_mbv2_pattern_mining,2026-03-16T22:02:17,1,164,33,3,0.921875,0.305663526058197,0.0,0.10298426728695631,0.10298426728695631,0.0,0,0,0.0008232928812503815,0.0,0.00947513384744525,0.0,0.0
neu_mbv2_pattern_mining,2026-03-16T22:02:17,1,165,33,4,0.6666666666666666,3.6869614124298096,0.0,0.1271755201742053,0.1271755201742053,0.0,0,0,0.0009583211503922939,0.0,0.011759230867028236,0.0,0.0
neu_mbv2_pattern_mining,2026-03-16T22:02:17,2,161,33,0,1.0,1.8356229702476412e-05,0.0,0.33283332362771034,0.33283332362771034,0.0,0,0,0.0037717833183705807,0.0,0.029511549044400454,0.0,0.0
neu_mbv2_pattern_mining,2026-03-16T22:02:17,2,162,33,1,1.0,5.724746733903885e-05,0.0,0.12752199545502663,0.12752199545502663,0.0,0,0,0.0008084936998784542,0.0,0.011943705845624208,0.0,0.0
neu_mbv2_pattern_mining,2026-03-16T22:02:17,2,163,33,2,0.96875,0.10770866274833679,0.0,0.14374672900885344,0.14374672900885344,0.0,0,0,0.0010724100284278393,0.0,0.013302262872457504,0.0,0.0
neu_mbv2_pattern_mining,2026-03-16T22:02:18,2,164,33,3,1.0,0.004414265509694815,0.0,0.10752879083156586,0.10752879083156586,0.0,0,0,0.000920470803976059,0.0,0.009832408279180527,0.0,0.0
neu_mbv2_pattern_mining,2026-03-16T22:02:18,2,165,33,4,0.6666666666666666,2.3726375102996826,0.0,0.1330871181562543,0.1330871181562543,0.0,0,0,0.0009092488326132298,0.0,0.0123994629830122,0.0,0.0
neu_mbv2_pattern_mining,2026-03-16T22:02:18,3,161,33,0,1.0,0.00016981267253868282,0.0,0.31844598706811666,0.31844598706811666,0.0,0,0,0.003386775031685829,0.0,0.028457823675125837,0.0,0.0
neu_mbv2_pattern_mining,2026-03-16T22:02:18,3,162,33,1,0.859375,0.7531826496124268,0.0,0.1100921118631959,0.1100921118631959,0.0,0,0,0.0008941078558564186,0.0,0.010115103330463171,0.0,0.0
neu_mbv2_pattern_mining,2026-03-16T22:02:18,3,163,33,2,0.984375,0.05757893994450569,0.0,0.10037357918918133,0.10037357918918133,0.0,0,0,0.0008144527673721313,0.0,0.009222905151546001,0.0,0.0
neu_mbv2_pattern_mining,2026-03-16T22:02:18,3,164,33,3,0.828125,1.0759844779968262,0.0,0.09751945734024048,0.09751945734024048,0.0,0,0,0.0008015376515686512,0.0,0.008950408082455397,0.0,0.0
neu_mbv2_pattern_mining,2026-03-16T22:02:18,3,165,33,4,0.6666666666666666,2.7837514877319336,0.0,0.1154513843357563,0.1154513843357563,0.0,0,0,0.0007503400556743145,0.0,0.010794798377901316,0.0,0.0
neu_mbv2_pattern_mining,2026-03-16T22:02:19,4,161,33,0,1.0,0.0022706955205649137,0.0,0.6682718731462955,0.6682718731462955,0.0,0,0,0.0064270999282598495,0.0,0.060400087386369705,0.0,0.0
neu_mbv2_pattern_mining,2026-03-16T22:02:19,4,162,33,1,0.890625,0.4484158158302307,0.0,0.09333316702395678,0.09333316702395678,0.0,0,0,0.0008445177227258682,0.0,0.00848879897966981,0.0,0.0
neu_mbv2_pattern_mining,2026-03-16T22:02:19,4,163,33,2,0.859375,0.8394747972488403,0.0,0.1044886140152812,0.1044886140152812,0.0,0,0,0.0009932536631822586,0.0,0.009455607738345861,0.0,0.0
neu_mbv2_pattern_mining,2026-03-16T22:02:19,4,164,33,3,0.96875,0.14682912826538086,0.0,0.09112245868891478,0.09112245868891478,0.0,0,0,0.0008106241002678871,0.0,0.00830162176862359,0.0,0.0
neu_mbv2_pattern_mining,2026-03-16T22:02:19,4,165,33,4,1.0,0.04488245025277138,0.0,0.11449587065726519,0.11449587065726519,0.0,0,0,0.0008015399798750877,0.0,0.010648047085851431,0.0,0.0
neu_mbv2_pattern_mining,2026-03-16T22:02:20,0,166,34,0,1.0,0.00047299626749008894,0.0,0.35349478013813496,0.35349478013813496,0.0,0,0,0.0020747710950672626,0.0,0.03327470691874623,0.0,0.0
neu_mbv2_pattern_mining,2026-03-16T22:02:20,0,167,34,1,0.90625,0.2199518084526062,0.0,0.11064734775573015,0.11064734775573015,0.0,0,0,0.0009649177081882954,0.0,0.01009981706738472,0.0,0.0
neu_mbv2_pattern_mining,2026-03-16T22:02:20,0,168,34,2,1.0,0.0019449414685368538,0.0,0.10281742084771395,0.10281742084771395,0.0,0,0,0.0008577820844948292,0.0,0.009423960000276566,0.0,0.0
neu_mbv2_pattern_mining,2026-03-16T22:02:20,0,169,34,3,0.9375,0.17780539393424988,0.0,0.09453041478991508,0.09453041478991508,0.0,0,0,0.000749009195715189,0.0,0.00870403228327632,0.0,0.0
neu_mbv2_pattern_mining,2026-03-16T22:02:20,0,170,34,4,0.25,1.811811923980713,0.0,0.09491924196481705,0.09491924196481705,0.0,0,0,0.0007362570613622665,0.0,0.008755667135119438,0.0,0.0
neu_mbv2_pattern_mining,2026-03-16T22:02:21,1,166,34,0,0.984375,0.021299034357070923,0.0,0.3978435369208455,0.3978435369208455,0.0,0,0,0.0042471569031476974,0.0,0.03553719678893685,0.0,0.0
neu_mbv2_pattern_mining,2026-03-16T22:02:21,1,167,34,1,0.96875,0.061547957360744476,0.0,0.13149743434041739,0.13149743434041739,0.0,0,0,0.0009361621923744678,0.0,0.01221358124166727,0.0,0.0
neu_mbv2_pattern_mining,2026-03-16T22:02:21,1,168,34,2,0.984375,0.07927948236465454,0.0,0.10972749907523394,0.10972749907523394,0.0,0,0,0.0008817142806947231,0.0,0.01009103562682867,0.0,0.0
neu_mbv2_pattern_mining,2026-03-16T22:02:21,1,169,34,3,0.953125,0.12047572433948517,0.0,0.10123566724359989,0.10123566724359989,0.0,0,0,0.0008466849103569984,0.0,0.00927688181400299,0.0,0.0
neu_mbv2_pattern_mining,2026-03-16T22:02:21,1,170,34,4,0.6666666666666666,3.2982141971588135,0.0,0.12232126668095589,0.12232126668095589,0.0,0,0,0.0008163456805050373,0.0,0.011415780987590551,0.0,0.0
neu_mbv2_pattern_mining,2026-03-16T22:02:22,2,166,34,0,1.0,9.64354258030653e-05,0.0,0.35669182427227497,0.35669182427227497,0.0,0,0,0.0037334091030061245,0.0,0.03193577332422137,0.0,0.0
neu_mbv2_pattern_mining,2026-03-16T22:02:22,2,167,34,1,1.0,0.0029280432499945164,0.0,0.12118475046008825,0.12118475046008825,0.0,0,0,0.0009681340306997299,0.0,0.011150341015309095,0.0,0.0
neu_mbv2_pattern_mining,2026-03-16T22:02:22,2,168,34,2,1.0,0.001813613809645176,0.0,0.11780207045376301,0.11780207045376301,0.0,0,0,0.000978034920990467,0.0,0.010802172124385834,0.0,0.0
neu_mbv2_pattern_mining,2026-03-16T22:02:22,2,169,34,3,1.0,0.012199130840599537,0.0,0.11690583545714617,0.11690583545714617,0.0,0,0,0.0008679218590259552,0.0,0.010822661686688662,0.0,0.0
neu_mbv2_pattern_mining,2026-03-16T22:02:22,2,170,34,4,0.6666666666666666,0.5356650948524475,0.0,0.11991418898105621,0.11991418898105621,0.0,0,0,0.0008254339918494225,0.0,0.011165984906256199,0.0,0.0
neu_mbv2_pattern_mining,2026-03-16T22:02:23,3,166,34,0,1.0,2.2261199774220586e-05,0.0,0.4187713284045458,0.4187713284045458,0.0,0,0,0.004951363895088434,0.0,0.036925768945366144,0.0,0.0
neu_mbv2_pattern_mining,2026-03-16T22:02:23,3,167,34,1,1.0,1.443167457182426e-05,0.0,0.10402251966297626,0.10402251966297626,0.0,0,0,0.0008013257756829262,0.0,0.0096009261906147,0.0,0.0
neu_mbv2_pattern_mining,2026-03-16T22:02:23,3,168,34,2,0.984375,0.029833730310201645,0.0,0.10035922285169363,0.10035922285169363,0.0,0,0,0.0008303080685436726,0.0,0.00920561421662569,0.0,0.0
neu_mbv2_pattern_mining,2026-03-16T22:02:23,3,169,34,3,1.0,8.250903192674741e-05,0.0,0.10055263061076403,0.10055263061076403,0.0,0,0,0.000837366096675396,0.0,0.009217896964401007,0.0,0.0
neu_mbv2_pattern_mining,2026-03-16T22:02:23,3,170,34,4,0.3333333333333333,1.279192328453064,0.0,0.11893452145159245,0.11893452145159245,0.0,0,0,0.0008402252569794655,0.0,0.011053226888179779,0.0,0.0
neu_mbv2_pattern_mining,2026-03-16T22:02:24,4,166,34,0,1.0,0.00013412606494966894,0.0,0.29102963395416737,0.29102963395416737,0.0,0,0,0.0030903643928468227,0.0,0.026012599002569914,0.0,0.0
neu_mbv2_pattern_mining,2026-03-16T22:02:24,4,167,34,1,1.0,5.95192177570425e-05,0.0,0.11941365897655487,0.11941365897655487,0.0,0,0,0.001004363875836134,0.0,0.010937002021819353,0.0,0.0
neu_mbv2_pattern_mining,2026-03-16T22:02:24,4,168,34,2,0.890625,0.44205623865127563,0.0,0.11020578444004059,0.11020578444004059,0.0,0,0,0.0008845971897244453,0.0,0.010135981254279613,0.0,0.0
neu_mbv2_pattern_mining,2026-03-16T22:02:24,4,169,34,3,0.984375,0.02294626086950302,0.0,0.11774516198784113,0.11774516198784113,0.0,0,0,0.0009226212278008461,0.0,0.010851894970983267,0.0,0.0
neu_mbv2_pattern_mining,2026-03-16T22:02:24,4,170,34,4,0.0,2.161752462387085,0.0,0.14206431806087494,0.14206431806087494,0.0,0,0,0.0009934199042618275,0.0,0.013213011901825666,0.0,0.0
neu_mbv2_pattern_mining,2026-03-16T22:02:25,0,171,35,0,1.0,0.0005175216938368976,0.0,0.29829313047230244,0.29829313047230244,0.0,0,0,0.0020268158987164497,0.0,0.027802497148513794,0.0,0.0
neu_mbv2_pattern_mining,2026-03-16T22:02:25,0,172,35,1,0.96875,0.09587974846363068,0.0,0.10190719272941351,0.10190719272941351,0.0,0,0,0.0009226500988006592,0.0,0.009268069174140692,0.0,0.0
neu_mbv2_pattern_mining,2026-03-16T22:02:25,0,173,35,2,1.0,0.0015366054140031338,0.0,0.10371326934546232,0.10371326934546232,0.0,0,0,0.0008574659004807472,0.0,0.009513861034065485,0.0,0.0
neu_mbv2_pattern_mining,2026-03-16T22:02:25,0,174,35,3,1.0,0.0002839835360646248,0.0,0.1014535129070282,0.1014535129070282,0.0,0,0,0.0008433572947978973,0.0,0.009301993995904922,0.0,0.0
neu_mbv2_pattern_mining,2026-03-16T22:02:25,0,175,35,4,0.75,1.8072607517242432,0.0,0.1174371037632227,0.1174371037632227,0.0,0,0,0.0008513680659234524,0.0,0.010892342310398817,0.0,0.0
neu_mbv2_pattern_mining,2026-03-16T22:02:26,1,171,35,0,1.0,0.00020767617388628423,0.0,0.3210894810035825,0.3210894810035825,0.0,0,0,0.0032383971847593784,0.0,0.02887055091559887,0.0,0.0
neu_mbv2_pattern_mining,2026-03-16T22:02:26,1,172,35,1,0.875,0.5323527455329895,0.0,0.10019793175160885,0.10019793175160885,0.0,0,0,0.0008127461187541485,0.0,0.009207047056406736,0.0,0.0
neu_mbv2_pattern_mining,2026-03-16T22:02:26,1,173,35,2,1.0,3.49175970768556e-05,0.0,0.09833711199462414,0.09833711199462414,0.0,0,0,0.0007511163130402565,0.0,0.009082594886422157,0.0,0.0
neu_mbv2_pattern_mining,2026-03-16T22:02:26,1,174,35,3,0.984375,0.022652368992567062,0.0,0.09313469752669334,0.09313469752669334,0.0,0,0,0.0006976136937737465,0.0,0.008615856058895588,0.0,0.0
neu_mbv2_pattern_mining,2026-03-16T22:02:26,1,175,35,4,0.6666666666666666,2.103297233581543,0.0,0.13187409844249487,0.13187409844249487,0.0,0,0,0.0008571851067245007,0.0,0.012330224737524986,0.0,0.0
neu_mbv2_pattern_mining,2026-03-16T22:02:27,2,171,35,0,1.0,0.00034750771010294557,0.0,0.2960570901632309,0.2960570901632309,0.0,0,0,0.003392710816115141,0.0,0.02621299820020795,0.0,0.0
neu_mbv2_pattern_mining,2026-03-16T22:02:27,2,172,35,1,0.984375,0.060659509152173996,0.0,0.08616847451776266,0.08616847451776266,0.0,0,0,0.0006983648054301739,0.0,0.007918482646346092,0.0,0.0
neu_mbv2_pattern_mining,2026-03-16T22:02:27,2,173,35,2,1.0,0.005837505217641592,0.0,0.086702317930758,0.086702317930758,0.0,0,0,0.0007389397360384464,0.0,0.007931292057037354,0.0,0.0
neu_mbv2_pattern_mining,2026-03-16T22:02:27,2,174,35,3,0.984375,0.03360382467508316,0.0,0.08681260049343109,0.08681260049343109,0.0,0,0,0.0006642681546509266,0.0,0.008016991894692183,0.0,0.0
neu_mbv2_pattern_mining,2026-03-16T22:02:27,2,175,35,4,0.6666666666666666,3.356393814086914,0.0,0.1043076440691948,0.1043076440691948,0.0,0,0,0.0006875651888549328,0.0,0.009743199218064547,0.0,0.0
neu_mbv2_pattern_mining,2026-03-16T22:02:27,3,171,35,0,1.0,7.439194178004982e-06,0.0,0.3259660676121712,0.3259660676121712,0.0,0,0,0.0033943690359592438,0.0,0.029202237725257874,0.0,0.0
neu_mbv2_pattern_mining,2026-03-16T22:02:27,3,172,35,1,1.0,1.099626206269022e-05,0.0,0.1394686009734869,0.1394686009734869,0.0,0,0,0.0009615710005164146,0.0,0.012985289096832275,0.0,0.0
neu_mbv2_pattern_mining,2026-03-16T22:02:27,3,173,35,2,1.0,0.0005317999166436493,0.0,0.09443981107324362,0.09443981107324362,0.0,0,0,0.0007456662133336067,0.0,0.008698314893990755,0.0,0.0
neu_mbv2_pattern_mining,2026-03-16T22:02:27,3,174,35,3,1.0,0.0007988230790942907,0.0,0.0886819651350379,0.0886819651350379,0.0,0,0,0.0006858175620436668,0.0,0.008182378951460123,0.0,0.0
neu_mbv2_pattern_mining,2026-03-16T22:02:27,3,175,35,4,0.6666666666666666,0.9425424933433533,0.0,0.09797658771276474,0.09797658771276474,0.0,0,0,0.0006833686493337154,0.0,0.009114290121942759,0.0,0.0
neu_mbv2_pattern_mining,2026-03-16T22:02:28,4,171,35,0,1.0,0.0001596771035110578,0.0,0.2962867170572281,0.2962867170572281,0.0,0,0,0.0032755336724221706,0.0,0.026353138033300638,0.0,0.0
neu_mbv2_pattern_mining,2026-03-16T22:02:28,4,172,35,1,1.0,6.667533307336271e-05,0.0,0.10265207383781672,0.10265207383781672,0.0,0,0,0.0009090583771467209,0.0,0.00935614900663495,0.0,0.0
neu_mbv2_pattern_mining,2026-03-16T22:02:28,4,173,35,2,1.0,0.00036021776031702757,0.0,0.09829990100115538,0.09829990100115538,0.0,0,0,0.0007571987807750702,0.0,0.009072791319340467,0.0,0.0
neu_mbv2_pattern_mining,2026-03-16T22:02:28,4,174,35,3,1.0,0.009700814262032509,0.0,0.08678899146616459,0.08678899146616459,0.0,0,0,0.0007370361126959324,0.0,0.007941863033920527,0.0,0.0
neu_mbv2_pattern_mining,2026-03-16T22:02:28,4,175,35,4,0.3333333333333333,2.045682668685913,0.0,0.11892252136021852,0.11892252136021852,0.0,0,0,0.0007846811786293983,0.0,0.011107570957392454,0.0,0.0
neu_mbv2_pattern_mining,2026-03-16T22:02:30,0,176,36,0,1.0,0.0030240516643971205,0.0,0.4225744027644396,0.4225744027644396,0.0,0,0,0.0031231343746185303,0.0,0.03913430590182543,0.0,0.0
neu_mbv2_pattern_mining,2026-03-16T22:02:30,0,177,36,1,1.0,0.018518859520554543,0.0,0.10303175076842308,0.10303175076842308,0.0,0,0,0.0008344138041138649,0.0,0.009468761272728443,0.0,0.0
neu_mbv2_pattern_mining,2026-03-16T22:02:30,0,178,36,2,0.96875,0.09059368818998337,0.0,0.10387512855231762,0.10387512855231762,0.0,0,0,0.0008291979320347309,0.0,0.009558314923197031,0.0,0.0
neu_mbv2_pattern_mining,2026-03-16T22:02:30,0,179,36,3,1.0,0.008187990635633469,0.0,0.09956546127796173,0.09956546127796173,0.0,0,0,0.0007854290306568146,0.0,0.009171117097139359,0.0,0.0
neu_mbv2_pattern_mining,2026-03-16T22:02:30,0,180,36,4,0.75,0.9650927186012268,0.0,0.11208866257220507,0.11208866257220507,0.0,0,0,0.0009108572266995907,0.0,0.010298009030520916,0.0,0.0
neu_mbv2_pattern_mining,2026-03-16T22:02:30,1,176,36,0,1.0,0.0008762889774516225,0.0,0.3656585328280926,0.3656585328280926,0.0,0,0,0.004326419904828072,0.0,0.032239433377981186,0.0,0.0
neu_mbv2_pattern_mining,2026-03-16T22:02:30,1,177,36,1,0.84375,0.7997498512268066,0.0,0.10568708181381226,0.10568708181381226,0.0,0,0,0.0009147222153842449,0.0,0.00965398596599698,0.0,0.0
neu_mbv2_pattern_mining,2026-03-16T22:02:30,1,178,36,2,0.984375,0.040946684777736664,0.0,0.10134071111679077,0.10134071111679077,0.0,0,0,0.0009850217029452324,0.0,0.009149049408733845,0.0,0.0
neu_mbv2_pattern_mining,2026-03-16T22:02:30,1,179,36,3,0.96875,0.1558031588792801,0.0,0.09588057175278664,0.09588057175278664,0.0,0,0,0.0007151779718697071,0.0,0.008872879203408957,0.0,0.0
neu_mbv2_pattern_mining,2026-03-16T22:02:31,1,180,36,4,0.6666666666666666,0.5995517373085022,0.0,0.11534894816577435,0.11534894816577435,0.0,0,0,0.0007082577794790268,0.0,0.010826637037098408,0.0,0.0
neu_mbv2_pattern_mining,2026-03-16T22:02:31,2,176,36,0,1.0,0.0003994029830209911,0.0,0.39461548905819654,0.39461548905819654,0.0,0,0,0.004624458961188793,0.0,0.03483708994463086,0.0,0.0
neu_mbv2_pattern_mining,2026-03-16T22:02:31,2,177,36,1,0.984375,0.11861670762300491,0.0,0.11421037837862968,0.11421037837862968,0.0,0,0,0.0009097876027226448,0.0,0.010511250235140324,0.0,0.0
neu_mbv2_pattern_mining,2026-03-16T22:02:31,2,178,36,2,0.875,0.20737425982952118,0.0,0.11384761426597834,0.11384761426597834,0.0,0,0,0.0009363880380988121,0.0,0.010448373388499022,0.0,0.0
neu_mbv2_pattern_mining,2026-03-16T22:02:31,2,179,36,3,1.0,0.01657562330365181,0.0,0.09668031241744757,0.09668031241744757,0.0,0,0,0.0007924800738692284,0.0,0.008875551167875528,0.0,0.0
neu_mbv2_pattern_mining,2026-03-16T22:02:31,2,180,36,4,0.6666666666666666,1.8711556196212769,0.0,0.11705901008099318,0.11705901008099318,0.0,0,0,0.0007624300196766853,0.0,0.010943470988422632,0.0,0.0
neu_mbv2_pattern_mining,2026-03-16T22:02:32,3,176,36,0,1.0,6.11569921602495e-05,0.0,0.3233532002195716,0.3233532002195716,0.0,0,0,0.003455463796854019,0.0,0.02887985622510314,0.0,0.0
neu_mbv2_pattern_mining,2026-03-16T22:02:32,3,177,36,1,0.984375,0.06138395145535469,0.0,0.1003833394497633,0.1003833394497633,0.0,0,0,0.0007791509851813316,0.0,0.009259182959794998,0.0,0.0
neu_mbv2_pattern_mining,2026-03-16T22:02:32,3,178,36,2,1.0,0.00037989445263519883,0.0,0.09382364805787802,0.09382364805787802,0.0,0,0,0.0007509212009608746,0.0,0.008631443604826927,0.0,0.0
neu_mbv2_pattern_mining,2026-03-16T22:02:32,3,179,36,3,0.859375,0.9418683052062988,0.0,0.09542120154947042,0.09542120154947042,0.0,0,0,0.000788428820669651,0.0,0.008753691334277391,0.0,0.0
neu_mbv2_pattern_mining,2026-03-16T22:02:32,3,180,36,4,0.3333333333333333,3.0423710346221924,0.0,0.11966144666075706,0.11966144666075706,0.0,0,0,0.0007044957019388676,0.0,0.011261648964136839,0.0,0.0
neu_mbv2_pattern_mining,2026-03-16T22:02:33,4,176,36,0,1.0,1.9930197595385835e-05,0.0,0.4950292455032468,0.4950292455032468,0.0,0,0,0.005143842194229364,0.0,0.044359082356095314,0.0,0.0
neu_mbv2_pattern_mining,2026-03-16T22:02:33,4,177,36,1,1.0,0.004077600315213203,0.0,0.12008553370833397,0.12008553370833397,0.0,0,0,0.0009277057833969593,0.0,0.011080847587436438,0.0,0.0
neu_mbv2_pattern_mining,2026-03-16T22:02:33,4,178,36,2,0.9375,0.5309686660766602,0.0,0.1334889093413949,0.1334889093413949,0.0,0,0,0.0010094926692545414,0.0,0.012339398264884949,0.0,0.0
neu_mbv2_pattern_mining,2026-03-16T22:02:33,4,179,36,3,1.0,0.0006771582993678749,0.0,0.1131557347252965,0.1131557347252965,0.0,0,0,0.0008442685939371586,0.0,0.010471304878592491,0.0,0.0
neu_mbv2_pattern_mining,2026-03-16T22:02:33,4,180,36,4,1.0,0.1364995837211609,0.0,0.12733662966638803,0.12733662966638803,0.0,0,0,0.0007600910030305386,0.0,0.011973571963608265,0.0,0.0
neu_mbv2_pattern_mining,2026-03-16T22:02:34,0,181,37,0,1.0,2.4292316084029153e-05,0.0,0.3599761612713337,0.3599761612713337,0.0,0,0,0.0023105149157345295,0.0,0.03368710121139884,0.0,0.0
neu_mbv2_pattern_mining,2026-03-16T22:02:34,0,182,37,1,0.984375,0.12783092260360718,0.0,0.12044745497405529,0.12044745497405529,0.0,0,0,0.0010235197842121124,0.0,0.011021225713193417,0.0,0.0
neu_mbv2_pattern_mining,2026-03-16T22:02:34,0,183,37,2,1.0,0.0068016196601092815,0.0,0.11015266180038452,0.11015266180038452,0.0,0,0,0.0009418618865311146,0.0,0.010073404293507338,0.0,0.0
neu_mbv2_pattern_mining,2026-03-16T22:02:34,0,184,37,3,0.9375,0.3783379793167114,0.0,0.10229859966784716,0.10229859966784716,0.0,0,0,0.0007914439775049686,0.0,0.009438415989279747,0.0,0.0
neu_mbv2_pattern_mining,2026-03-16T22:02:34,0,185,37,4,1.0,0.0009997730376198888,0.0,0.10310665238648653,0.10310665238648653,0.0,0,0,0.0007437081076204777,0.0,0.009566957131028175,0.0,0.0
neu_mbv2_pattern_mining,2026-03-16T22:02:35,1,181,37,0,1.0,0.00047351382090710104,0.0,0.4138761293143034,0.4138761293143034,0.0,0,0,0.0048150899820029736,0.0,0.036572522949427366,0.0,0.0
neu_mbv2_pattern_mining,2026-03-16T22:02:35,1,182,37,1,1.0,0.0011231695534661412,0.0,0.09722818154841661,0.09722818154841661,0.0,0,0,0.0008543250150978565,0.0,0.008868493139743805,0.0,0.0
neu_mbv2_pattern_mining,2026-03-16T22:02:35,1,183,37,2,1.0,0.00425807386636734,0.0,0.09741099551320076,0.09741099551320076,0.0,0,0,0.0007700077258050442,0.0,0.008971091825515032,0.0,0.0
neu_mbv2_pattern_mining,2026-03-16T22:02:35,1,184,37,3,1.0,0.00993419624865055,0.0,0.10085584130138159,0.10085584130138159,0.0,0,0,0.0007304977625608444,0.0,0.009355086367577314,0.0,0.0
neu_mbv2_pattern_mining,2026-03-16T22:02:35,1,185,37,4,0.6666666666666666,1.102006435394287,0.0,0.1271707797423005,0.1271707797423005,0.0,0,0,0.0007007420063018799,0.0,0.012016335967928171,0.0,0.0
neu_mbv2_pattern_mining,2026-03-16T22:02:36,2,181,37,0,1.0,0.00017678580479696393,0.0,0.37892807740718126,0.37892807740718126,0.0,0,0,0.0035424567759037018,0.0,0.034350350964814425,0.0,0.0
neu_mbv2_pattern_mining,2026-03-16T22:02:36,2,182,37,1,1.0,0.0015600852202624083,0.0,0.09561419021338224,0.09561419021338224,0.0,0,0,0.0007391059771180153,0.0,0.008822313044220209,0.0,0.0
neu_mbv2_pattern_mining,2026-03-16T22:02:36,2,183,37,2,1.0,0.0035322820767760277,0.0,0.0895034009590745,0.0895034009590745,0.0,0,0,0.0006904769688844681,0.0,0.008259863127022982,0.0,0.0
neu_mbv2_pattern_mining,2026-03-16T22:02:36,2,184,37,3,1.0,0.015051126480102539,0.0,0.09039666038006544,0.09039666038006544,0.0,0,0,0.0006444626487791538,0.0,0.00839520338922739,0.0,0.0
neu_mbv2_pattern_mining,2026-03-16T22:02:36,2,185,37,4,1.0,0.0014958465471863747,0.0,0.11675830464810133,0.11675830464810133,0.0,0,0,0.0007255184464156628,0.0,0.01095031201839447,0.0,0.0
neu_mbv2_pattern_mining,2026-03-16T22:02:37,3,181,37,0,1.0,3.682749957079068e-05,0.0,0.31067946925759315,0.31067946925759315,0.0,0,0,0.003485497087240219,0.0,0.027582449838519096,0.0,0.0
neu_mbv2_pattern_mining,2026-03-16T22:02:37,3,182,37,1,1.0,0.004432052373886108,0.0,0.10236695874482393,0.10236695874482393,0.0,0,0,0.0009269979782402515,0.0,0.009309697896242142,0.0,0.0
neu_mbv2_pattern_mining,2026-03-16T22:02:37,3,183,37,2,1.0,9.330814646091312e-05,0.0,0.0966262212023139,0.0966262212023139,0.0,0,0,0.0006677848286926746,0.0,0.008994837291538715,0.0,0.0
neu_mbv2_pattern_mining,2026-03-16T22:02:37,3,184,37,3,1.0,0.012815369293093681,0.0,0.10131270159035921,0.10131270159035921,0.0,0,0,0.0007395269349217415,0.0,0.00939174322411418,0.0,0.0
neu_mbv2_pattern_mining,2026-03-16T22:02:37,3,185,37,4,1.0,0.010422442108392715,0.0,0.10657783132046461,0.10657783132046461,0.0,0,0,0.0007044263184070587,0.0,0.009953356813639402,0.0,0.0
neu_mbv2_pattern_mining,2026-03-16T22:02:37,4,181,37,0,1.0,0.0002999320859089494,0.0,0.44915094040334225,0.44915094040334225,0.0,0,0,0.004117736127227545,0.0,0.04079735791310668,0.0,0.0
neu_mbv2_pattern_mining,2026-03-16T22:02:37,4,182,37,1,0.984375,0.04866765812039375,0.0,0.13898639008402824,0.13898639008402824,0.0,0,0,0.001179638784378767,0.0,0.012719000224024057,0.0,0.0
neu_mbv2_pattern_mining,2026-03-16T22:02:38,4,183,37,2,0.953125,0.12308099865913391,0.0,0.12229380197823048,0.12229380197823048,0.0,0,0,0.000991877168416977,0.0,0.01123750302940607,0.0,0.0
neu_mbv2_pattern_mining,2026-03-16T22:02:38,4,184,37,3,1.0,0.006263583432883024,0.0,0.11719866190105677,0.11719866190105677,0.0,0,0,0.0008367779664695263,0.0,0.01088308822363615,0.0,0.0
neu_mbv2_pattern_mining,2026-03-16T22:02:38,4,185,37,4,0.0,3.0998384952545166,0.0,0.12275819666683674,0.12275819666683674,0.0,0,0,0.0007474217563867569,0.0,0.011528397910296917,0.0,0.0
neu_mbv2_pattern_mining,2026-03-16T22:02:39,0,186,38,0,1.0,1.049611637427006e-05,0.0,0.40746433660387993,0.40746433660387993,0.0,0,0,0.002366643864661455,0.0,0.03837978979572654,0.0,0.0
neu_mbv2_pattern_mining,2026-03-16T22:02:39,0,187,38,1,1.0,0.0003828924091067165,0.0,0.15555123332887888,0.15555123332887888,0.0,0,0,0.0011092652566730976,0.0,0.01444585807621479,0.0,0.0
neu_mbv2_pattern_mining,2026-03-16T22:02:39,0,188,38,2,0.9375,0.38533249497413635,0.0,0.09841547347605228,0.09841547347605228,0.0,0,0,0.001094807405024767,0.0,0.008746739942580462,0.0,0.0
neu_mbv2_pattern_mining,2026-03-16T22:02:39,0,189,38,3,0.984375,0.10016370564699173,0.0,0.08796493522822857,0.08796493522822857,0.0,0,0,0.0007440312765538692,0.0,0.008052462246268988,0.0,0.0
neu_mbv2_pattern_mining,2026-03-16T22:02:39,0,190,38,4,0.75,0.8629791736602783,0.0,0.09036040864884853,0.09036040864884853,0.0,0,0,0.0006439550779759884,0.0,0.008392085786908865,0.0,0.0
neu_mbv2_pattern_mining,2026-03-16T22:02:40,1,186,38,0,1.0,9.273304749513045e-05,0.0,0.4404313722625375,0.4404313722625375,0.0,0,0,0.0042958431877195835,0.0,0.039747294038534164,0.0,0.0
neu_mbv2_pattern_mining,2026-03-16T22:02:40,1,187,38,1,1.0,0.009144982323050499,0.0,0.15568969771265984,0.15568969771265984,0.0,0,0,0.0011642607860267162,0.0,0.014404708985239267,0.0,0.0
neu_mbv2_pattern_mining,2026-03-16T22:02:40,1,188,38,2,1.0,0.0010210080072283745,0.0,0.15078773256391287,0.15078773256391287,0.0,0,0,0.0010829069651663303,0.0,0.013995866291224957,0.0,0.0
neu_mbv2_pattern_mining,2026-03-16T22:02:40,1,189,38,3,1.0,0.0008733209688216448,0.0,0.1520501496270299,0.1520501496270299,0.0,0,0,0.0011105979792773724,0.0,0.014094416983425617,0.0,0.0
neu_mbv2_pattern_mining,2026-03-16T22:02:40,1,190,38,4,0.6666666666666666,1.441928505897522,0.0,0.13783047441393137,0.13783047441393137,0.0,0,0,0.0010680933482944965,0.0,0.01271495409309864,0.0,0.0
neu_mbv2_pattern_mining,2026-03-16T22:02:40,2,186,38,0,1.0,4.151618213654729e-06,0.0,0.46658490784466267,0.46658490784466267,0.0,0,0,0.004447458777576685,0.0,0.04221103200688958,0.0,0.0
neu_mbv2_pattern_mining,2026-03-16T22:02:40,2,187,38,1,1.0,6.938115802768152e-06,0.0,0.08717554155737162,0.08717554155737162,0.0,0,0,0.0007519479840993881,0.0,0.007965606171637774,0.0,0.0
neu_mbv2_pattern_mining,2026-03-16T22:02:40,2,188,38,2,1.0,4.186608566669747e-05,0.0,0.08770220912992954,0.08770220912992954,0.0,0,0,0.0006573880091309547,0.0,0.008112832903862,0.0,0.0
neu_mbv2_pattern_mining,2026-03-16T22:02:41,2,189,38,3,1.0,0.0011398050701245666,0.0,0.08946153335273266,0.08946153335273266,0.0,0,0,0.0007688882760703564,0.0,0.00817726505920291,0.0,0.0
neu_mbv2_pattern_mining,2026-03-16T22:02:41,2,190,38,4,0.0,2.565863847732544,0.0,0.11150999926030636,0.11150999926030636,0.0,0,0,0.0007349732331931591,0.0,0.010416026692837477,0.0,0.0
neu_mbv2_pattern_mining,2026-03-16T22:02:41,3,186,38,0,1.0,4.156808427069336e-05,0.0,0.3216751804575324,0.3216751804575324,0.0,0,0,0.0035651568323373795,0.0,0.02860236121341586,0.0,0.0
neu_mbv2_pattern_mining,2026-03-16T22:02:41,3,187,38,1,1.0,0.0005810059374198318,0.0,0.0928187370300293,0.0928187370300293,0.0,0,0,0.0007492667064070702,0.0,0.00853260699659586,0.0,0.0
neu_mbv2_pattern_mining,2026-03-16T22:02:41,3,188,38,2,1.0,0.0007850795518606901,0.0,0.08704352658241987,0.08704352658241987,0.0,0,0,0.0007620640099048615,0.0,0.007942288648337126,0.0,0.0
neu_mbv2_pattern_mining,2026-03-16T22:02:41,3,189,38,3,0.96875,0.10630291700363159,0.0,0.08777314331382513,0.08777314331382513,0.0,0,0,0.0007535447366535664,0.0,0.008023769594728947,0.0,0.0
neu_mbv2_pattern_mining,2026-03-16T22:02:41,3,190,38,4,0.3333333333333333,2.6438252925872803,0.0,0.1247546961531043,0.1247546961531043,0.0,0,0,0.0008389339782297611,0.0,0.01163653563708067,0.0,0.0
neu_mbv2_pattern_mining,2026-03-16T22:02:42,4,186,38,0,1.0,0.0007566511048935354,0.0,0.468845940195024,0.468845940195024,0.0,0,0,0.004964934196323156,0.0,0.041919659823179245,0.0,0.0
neu_mbv2_pattern_mining,2026-03-16T22:02:42,4,187,38,1,0.953125,0.3198997378349304,0.0,0.09160139132291079,0.09160139132291079,0.0,0,0,0.0007304409518837929,0.0,0.008429698180407286,0.0,0.0
neu_mbv2_pattern_mining,2026-03-16T22:02:42,4,188,38,2,0.828125,0.6076013445854187,0.0,0.0843958742916584,0.0843958742916584,0.0,0,0,0.0006493306718766689,0.0,0.007790256757289171,0.0,0.0
neu_mbv2_pattern_mining,2026-03-16T22:02:42,4,189,38,3,1.0,0.0005462110275402665,0.0,0.09485835675150156,0.09485835675150156,0.0,0,0,0.0006295996718108654,0.0,0.00885623600333929,0.0,0.0
neu_mbv2_pattern_mining,2026-03-16T22:02:42,4,190,38,4,0.6666666666666666,4.02707052230835,0.0,0.10725277476012707,0.10725277476012707,0.0,0,0,0.0008460823446512222,0.0,0.009879195131361485,0.0,0.0
neu_mbv2_pattern_mining,2026-03-16T22:02:43,0,191,39,0,1.0,0.0014445072738453746,0.0,0.31457826029509306,0.31457826029509306,0.0,0,0,0.0019464679062366486,0.0,0.029511358123272657,0.0,0.0
neu_mbv2_pattern_mining,2026-03-16T22:02:43,0,192,39,1,1.0,0.010304553434252739,0.0,0.0857377890497446,0.0857377890497446,0.0,0,0,0.0006913491524755955,0.0,0.007882429752498865,0.0,0.0
neu_mbv2_pattern_mining,2026-03-16T22:02:43,0,193,39,2,0.96875,0.08131199330091476,0.0,0.09216185193508863,0.09216185193508863,0.0,0,0,0.000848736148327589,0.0,0.008367449045181274,0.0,0.0
neu_mbv2_pattern_mining,2026-03-16T22:02:43,0,194,39,3,0.984375,0.034003131091594696,0.0,0.08583407383412123,0.08583407383412123,0.0,0,0,0.000708229374140501,0.0,0.007875178009271622,0.0,0.0
neu_mbv2_pattern_mining,2026-03-16T22:02:44,0,195,39,4,0.75,0.3975200653076172,0.0,0.09530066512525082,0.09530066512525082,0.0,0,0,0.0007825670763850212,0.0,0.00874749943614006,0.0,0.0
neu_mbv2_pattern_mining,2026-03-16T22:02:44,1,191,39,0,1.0,5.731238161388319e-06,0.0,0.31568615697324276,0.31568615697324276,0.0,0,0,0.00330499280244112,0.0,0.028263622894883156,0.0,0.0
neu_mbv2_pattern_mining,2026-03-16T22:02:44,1,192,39,1,1.0,5.6014909205259755e-05,0.0,0.11172448750585318,0.11172448750585318,0.0,0,0,0.000905228778719902,0.0,0.010267219971865416,0.0,0.0
neu_mbv2_pattern_mining,2026-03-16T22:02:44,1,193,39,2,1.0,0.0002443495613988489,0.0,0.11343057733029127,0.11343057733029127,0.0,0,0,0.0008769538253545761,0.0,0.010466103907674551,0.0,0.0
neu_mbv2_pattern_mining,2026-03-16T22:02:44,1,194,39,3,1.0,0.006453979294747114,0.0,0.1066428842023015,0.1066428842023015,0.0,0,0,0.000836977269500494,0.0,0.009827311150729656,0.0,0.0
neu_mbv2_pattern_mining,2026-03-16T22:02:44,1,195,39,4,1.0,0.3280518651008606,0.0,0.14285341370850801,0.14285341370850801,0.0,0,0,0.0008861110545694828,0.0,0.013399230316281319,0.0,0.0
neu_mbv2_pattern_mining,2026-03-16T22:02:45,2,191,39,0,1.0,3.1650601158617064e-05,0.0,0.39612524677067995,0.39612524677067995,0.0,0,0,0.003406344912946224,0.0,0.03620617976412177,0.0,0.0
neu_mbv2_pattern_mining,2026-03-16T22:02:45,2,192,39,1,1.0,3.736243525054306e-05,0.0,0.09691696614027023,0.09691696614027023,0.0,0,0,0.0008257757872343063,0.0,0.008865920826792717,0.0,0.0
neu_mbv2_pattern_mining,2026-03-16T22:02:45,2,193,39,2,1.0,0.0029904546681791544,0.0,0.0842402083799243,0.0842402083799243,0.0,0,0,0.0006611570715904236,0.0,0.007762863766402006,0.0,0.0
neu_mbv2_pattern_mining,2026-03-16T22:02:45,2,194,39,3,1.0,0.00039350392762571573,0.0,0.08440437261015177,0.08440437261015177,0.0,0,0,0.0006713941693305969,0.0,0.00776904309168458,0.0,0.0
neu_mbv2_pattern_mining,2026-03-16T22:02:45,2,195,39,4,0.6666666666666666,1.4196687936782837,0.0,0.11079851072281599,0.11079851072281599,0.0,0,0,0.0007211500778794289,0.0,0.01035870099440217,0.0,0.0
neu_mbv2_pattern_mining,2026-03-16T22:02:46,3,191,39,0,1.0,1.538439028081484e-05,0.0,0.3135539684444666,0.3135539684444666,0.0,0,0,0.003449652809649706,0.0,0.027905744034796953,0.0,0.0
neu_mbv2_pattern_mining,2026-03-16T22:02:46,3,192,39,1,1.0,7.291749170690309e-06,0.0,0.08846208918839693,0.08846208918839693,0.0,0,0,0.0007496550679206848,0.0,0.008096553850919008,0.0,0.0
neu_mbv2_pattern_mining,2026-03-16T22:02:46,3,193,39,2,1.0,0.018324483186006546,0.0,0.09335799608379602,0.09335799608379602,0.0,0,0,0.0008346233516931534,0.0,0.008501176256686449,0.0,0.0
neu_mbv2_pattern_mining,2026-03-16T22:02:46,3,194,39,3,1.0,0.020774636417627335,0.0,0.0935102254152298,0.0935102254152298,0.0,0,0,0.0007506497204303741,0.0,0.008600372821092606,0.0,0.0
neu_mbv2_pattern_mining,2026-03-16T22:02:46,3,195,39,4,0.6666666666666666,1.2143299579620361,0.0,0.10596273466944695,0.10596273466944695,0.0,0,0,0.0007009692490100861,0.0,0.009895304217934608,0.0,0.0
neu_mbv2_pattern_mining,2026-03-16T22:02:47,4,191,39,0,1.0,8.747253741603345e-05,0.0,0.530150099657476,0.530150099657476,0.0,0,0,0.005519737023860216,0.0,0.04749527294188738,0.0,0.0
neu_mbv2_pattern_mining,2026-03-16T22:02:47,4,192,39,1,1.0,0.003191256197169423,0.0,0.08518942631781101,0.08518942631781101,0.0,0,0,0.0006707157008349895,0.0,0.007848226930946112,0.0,0.0
neu_mbv2_pattern_mining,2026-03-16T22:02:47,4,193,39,2,1.0,0.0006262633833102882,0.0,0.08581607602536678,0.08581607602536678,0.0,0,0,0.0007046959362924099,0.0,0.007876911666244268,0.0,0.0
neu_mbv2_pattern_mining,2026-03-16T22:02:47,4,194,39,3,0.953125,0.23951014876365662,0.0,0.08636969141662121,0.08636969141662121,0.0,0,0,0.0007311031222343445,0.0,0.007905866019427776,0.0,0.0
neu_mbv2_pattern_mining,2026-03-16T22:02:47,4,195,39,4,0.6666666666666666,1.4760886430740356,0.0,0.10546151082962751,0.10546151082962751,0.0,0,0,0.0006973389536142349,0.0,0.009848812129348516,0.0,0.0
neu_mbv2_pattern_mining,2026-03-16T22:02:48,0,196,40,0,1.0,2.754484194156248e-05,0.0,0.30434087850153446,0.30434087850153446,0.0,0,0,0.002084803767502308,0.0,0.02834928408265114,0.0,0.0
neu_mbv2_pattern_mining,2026-03-16T22:02:48,0,197,40,1,1.0,0.026910971850156784,0.0,0.09040633216500282,0.09040633216500282,0.0,0,0,0.0008443859405815601,0.0,0.008196247275918722,0.0,0.0
neu_mbv2_pattern_mining,2026-03-16T22:02:48,0,198,40,2,1.0,0.0008813533931970596,0.0,0.08415583986788988,0.08415583986788988,0.0,0,0,0.0006238040514290333,0.0,0.007791779935359955,0.0,0.0
neu_mbv2_pattern_mining,2026-03-16T22:02:48,0,199,40,3,0.9375,0.8383761644363403,0.0,0.08626414462924004,0.08626414462924004,0.0,0,0,0.0007608085870742798,0.0,0.007865605875849724,0.0,0.0
neu_mbv2_pattern_mining,2026-03-16T22:02:48,0,200,40,4,1.0,0.3211458921432495,0.0,0.09300503879785538,0.09300503879785538,0.0,0,0,0.0007330691441893578,0.0,0.00856743473559618,0.0,0.0
neu_mbv2_pattern_mining,2026-03-16T22:02:49,1,196,40,0,1.0,0.0008368090493604541,0.0,0.33774315379559994,0.33774315379559994,0.0,0,0,0.0033844891004264355,0.0,0.03038982627913356,0.0,0.0
neu_mbv2_pattern_mining,2026-03-16T22:02:49,1,197,40,1,0.921875,0.08291402459144592,0.0,0.09771423880010843,0.09771423880010843,0.0,0,0,0.0007860520854592323,0.0,0.008985371794551611,0.0,0.0
neu_mbv2_pattern_mining,2026-03-16T22:02:49,1,198,40,2,1.0,0.0006406100001186132,0.0,0.09383715223520994,0.09383715223520994,0.0,0,0,0.0007250471971929073,0.0,0.008658668026328087,0.0,0.0
neu_mbv2_pattern_mining,2026-03-16T22:02:49,1,199,40,3,0.90625,0.3525613248348236,0.0,0.10270473081618547,0.10270473081618547,0.0,0,0,0.0011298209428787231,0.0,0.009140652138739824,0.0,0.0
neu_mbv2_pattern_mining,2026-03-16T22:02:49,1,200,40,4,0.6666666666666666,1.5506373643875122,0.0,0.11075064539909363,0.11075064539909363,0.0,0,0,0.0007035196758806705,0.0,0.010371544864028692,0.0,0.0
neu_mbv2_pattern_mining,2026-03-16T22:02:50,2,196,40,0,1.0,8.391811570618302e-05,0.0,0.3183194203302264,0.3183194203302264,0.0,0,0,0.0035187271423637867,0.0,0.028313214890658855,0.0,0.0
neu_mbv2_pattern_mining,2026-03-16T22:02:50,2,197,40,1,0.984375,0.04887699335813522,0.0,0.11297919787466526,0.11297919787466526,0.0,0,0,0.001024753786623478,0.0,0.010273166000843048,0.0,0.0
neu_mbv2_pattern_mining,2026-03-16T22:02:50,2,198,40,2,1.0,0.009113599546253681,0.0,0.10012711863964796,0.10012711863964796,0.0,0,0,0.0007957397028803825,0.0,0.009216972161084414,0.0,0.0
neu_mbv2_pattern_mining,2026-03-16T22:02:50,2,199,40,3,0.96875,0.07079866528511047,0.0,0.15266383532434702,0.15266383532434702,0.0,0,0,0.0011363276280462742,0.0,0.014130055904388428,0.0,0.0
neu_mbv2_pattern_mining,2026-03-16T22:02:50,2,200,40,4,0.3333333333333333,1.9788800477981567,0.0,0.17796253319829702,0.17796253319829702,0.0,0,0,0.0011764690279960632,0.0,0.01661978429183364,0.0,0.0
neu_mbv2_pattern_mining,2026-03-16T22:02:50,3,196,40,0,1.0,3.144190486636944e-05,0.0,0.3062433796003461,0.3062433796003461,0.0,0,0,0.0034117400646209717,0.0,0.027212597895413637,0.0,0.0
neu_mbv2_pattern_mining,2026-03-16T22:02:50,3,197,40,1,0.953125,0.4191877841949463,0.0,0.087375957518816,0.087375957518816,0.0,0,0,0.0007253177464008331,0.0,0.008012278005480766,0.0,0.0
neu_mbv2_pattern_mining,2026-03-16T22:02:50,3,198,40,2,0.953125,0.0538935549557209,0.0,0.11511343065649271,0.11511343065649271,0.0,0,0,0.0009623849764466286,0.0,0.010548958089202642,0.0,0.0
neu_mbv2_pattern_mining,2026-03-16T22:02:51,3,199,40,3,0.9375,0.15505152940750122,0.0,0.09405429940670729,0.09405429940670729,0.0,0,0,0.000931743998080492,0.0,0.008473685942590237,0.0,0.0
neu_mbv2_pattern_mining,2026-03-16T22:02:51,3,200,40,4,1.0,0.07981985062360764,0.0,0.10650275740772486,0.10650275740772486,0.0,0,0,0.0007749497890472412,0.0,0.009875325951725245,0.0,0.0
neu_mbv2_pattern_mining,2026-03-16T22:02:51,4,196,40,0,1.0,2.045578003162518e-05,0.0,0.30156216118484735,0.30156216118484735,0.0,0,0,0.0032930290326476097,0.0,0.026863187085837126,0.0,0.0
neu_mbv2_pattern_mining,2026-03-16T22:02:51,4,197,40,1,1.0,0.0003678329521790147,0.0,0.08739545941352844,0.08739545941352844,0.0,0,0,0.0006932998076081276,0.0,0.008046246133744717,0.0,0.0
neu_mbv2_pattern_mining,2026-03-16T22:02:51,4,198,40,2,1.0,0.0004949100548401475,0.0,0.08749707136303186,0.08749707136303186,0.0,0,0,0.0006699548102915287,0.0,0.008079752326011658,0.0,0.0
neu_mbv2_pattern_mining,2026-03-16T22:02:51,4,199,40,3,1.0,0.003511969931423664,0.0,0.09373469278216362,0.09373469278216362,0.0,0,0,0.0007674102671444416,0.0,0.00860605901107192,0.0,0.0
neu_mbv2_pattern_mining,2026-03-16T22:02:51,4,200,40,4,1.0,0.04691753908991814,0.0,0.11860897298902273,0.11860897298902273,0.0,0,0,0.0008486681617796421,0.0,0.011012229137122631,0.0,0.0
neu_mbv2_pattern_mining,2026-03-16T22:02:53,0,201,41,0,1.0,0.00043755804654210806,0.0,0.30429123900830746,0.30429123900830746,0.0,0,0,0.0026364238001406193,0.0,0.027792700100690126,0.0,0.0
neu_mbv2_pattern_mining,2026-03-16T22:02:53,0,202,41,1,0.984375,0.1316113919019699,0.0,0.08656584192067385,0.08656584192067385,0.0,0,0,0.0007414822466671467,0.0,0.007915101945400238,0.0,0.0
neu_mbv2_pattern_mining,2026-03-16T22:02:53,0,203,41,2,0.953125,0.13494166731834412,0.0,0.09175213053822517,0.09175213053822517,0.0,0,0,0.0007548420690000057,0.0,0.008420370984822512,0.0,0.0
neu_mbv2_pattern_mining,2026-03-16T22:02:53,0,204,41,3,1.0,0.0019992152228951454,0.0,0.09222339373081923,0.09222339373081923,0.0,0,0,0.0008179456926882267,0.0,0.008404393680393696,0.0,0.0
neu_mbv2_pattern_mining,2026-03-16T22:02:53,0,205,41,4,0.5,0.9393635988235474,0.0,0.09724704083055258,0.09724704083055258,0.0,0,0,0.0007184911519289017,0.0,0.009006212931126356,0.0,0.0
neu_mbv2_pattern_mining,2026-03-16T22:02:53,1,201,41,0,1.0,3.312824992462993e-05,0.0,0.35815065260976553,0.35815065260976553,0.0,0,0,0.004693408962339163,0.0,0.03112165629863739,0.0,0.0
neu_mbv2_pattern_mining,2026-03-16T22:02:53,1,202,41,1,1.0,0.0005065232398919761,0.0,0.08888404350727797,0.08888404350727797,0.0,0,0,0.0007996722124516964,0.0,0.0080887321382761,0.0,0.0
neu_mbv2_pattern_mining,2026-03-16T22:02:53,1,203,41,2,1.0,0.0004249463672749698,0.0,0.08593113627284765,0.08593113627284765,0.0,0,0,0.0007256800308823586,0.0,0.007867433596402407,0.0,0.0
neu_mbv2_pattern_mining,2026-03-16T22:02:53,1,204,41,3,1.0,0.0004123923717997968,0.0,0.08671366143971682,0.08671366143971682,0.0,0,0,0.0007130769081413746,0.0,0.007958289235830307,0.0,0.0
neu_mbv2_pattern_mining,2026-03-16T22:02:54,1,205,41,4,0.6666666666666666,0.9997207522392273,0.0,0.10887029115110636,0.10887029115110636,0.0,0,0,0.0006830221973359585,0.0,0.010204006917774677,0.0,0.0
neu_mbv2_pattern_mining,2026-03-16T22:02:54,2,201,41,0,1.0,6.676306657027453e-05,0.0,0.5065280199050903,0.5065280199050903,0.0,0,0,0.005498067010194063,0.0,0.04515473498031497,0.0,0.0
neu_mbv2_pattern_mining,2026-03-16T22:02:54,2,202,41,1,1.0,0.00017582130385562778,0.0,0.11660358868539333,0.11660358868539333,0.0,0,0,0.0008996399119496346,0.0,0.010760718956589699,0.0,0.0
neu_mbv2_pattern_mining,2026-03-16T22:02:54,2,203,41,2,0.984375,0.07353474944829941,0.0,0.09764844086021185,0.09764844086021185,0.0,0,0,0.0008294009603559971,0.0,0.008935443125665188,0.0,0.0
neu_mbv2_pattern_mining,2026-03-16T22:02:54,2,204,41,3,1.0,0.0028526242822408676,0.0,0.09276469703763723,0.09276469703763723,0.0,0,0,0.0007387618534266949,0.0,0.008537707850337029,0.0,0.0
neu_mbv2_pattern_mining,2026-03-16T22:02:54,2,205,41,4,0.6666666666666666,0.27224183082580566,0.0,0.11100482661277056,0.11100482661277056,0.0,0,0,0.0007287487387657166,0.0,0.01037173392251134,0.0,0.0
neu_mbv2_pattern_mining,2026-03-16T22:02:55,3,201,41,0,1.0,0.000154205146827735,0.0,0.31131158117204905,0.31131158117204905,0.0,0,0,0.00337974913418293,0.0,0.027751408983021975,0.0,0.0
neu_mbv2_pattern_mining,2026-03-16T22:02:55,3,202,41,1,0.90625,0.33482983708381653,0.0,0.0865397322922945,0.0865397322922945,0.0,0,0,0.0007306481711566448,0.0,0.007923325058072805,0.0,0.0
neu_mbv2_pattern_mining,2026-03-16T22:02:55,3,203,41,2,0.96875,0.09499385207891464,0.0,0.08756678085774183,0.08756678085774183,0.0,0,0,0.0007296251133084297,0.0,0.008027052972465754,0.0,0.0
neu_mbv2_pattern_mining,2026-03-16T22:02:55,3,204,41,3,0.984375,0.04840625450015068,0.0,0.08805118966847658,0.08805118966847658,0.0,0,0,0.0008094660006463528,0.0,0.007995652966201305,0.0,0.0
neu_mbv2_pattern_mining,2026-03-16T22:02:55,3,205,41,4,0.3333333333333333,1.806837558746338,0.0,0.10332923382520676,0.10332923382520676,0.0,0,0,0.000703293364495039,0.0,0.009629630018025637,0.0,0.0
neu_mbv2_pattern_mining,2026-03-16T22:02:56,4,201,41,0,0.984375,0.028995128348469734,0.0,0.6431970279663801,0.6431970279663801,0.0,0,0,0.007349384017288685,0.0,0.05697031877934933,0.0,0.0
neu_mbv2_pattern_mining,2026-03-16T22:02:56,4,202,41,1,0.875,0.3572307825088501,0.0,0.08651102893054485,0.08651102893054485,0.0,0,0,0.0007836599834263325,0.0,0.007867442909628153,0.0,0.0
neu_mbv2_pattern_mining,2026-03-16T22:02:56,4,203,41,2,1.0,0.0014123852597549558,0.0,0.08509564213454723,0.08509564213454723,0.0,0,0,0.0006559882313013077,0.0,0.007853575982153416,0.0,0.0
neu_mbv2_pattern_mining,2026-03-16T22:02:56,4,204,41,3,0.984375,0.05419363081455231,0.0,0.0929183280095458,0.0929183280095458,0.0,0,0,0.0010128198191523552,0.0,0.008279012981802225,0.0,0.0
neu_mbv2_pattern_mining,2026-03-16T22:02:56,4,205,41,4,0.3333333333333333,4.337156772613525,0.0,0.10541379917412996,0.10541379917412996,0.0,0,0,0.0007005529478192329,0.0,0.009840826969593763,0.0,0.0
neu_mbv2_pattern_mining,2026-03-16T22:02:57,0,206,42,0,1.0,0.0002218998852185905,0.0,0.32193829771131277,0.32193829771131277,0.0,0,0,0.0019897366873919964,0.0,0.03020409308373928,0.0,0.0
neu_mbv2_pattern_mining,2026-03-16T22:02:57,0,207,42,1,1.0,9.701216185931116e-05,0.0,0.11908655520528555,0.11908655520528555,0.0,0,0,0.0011319727636873722,0.0,0.010776682756841183,0.0,0.0
neu_mbv2_pattern_mining,2026-03-16T22:02:57,0,208,42,2,0.984375,0.03785835579037666,0.0,0.09287623688578606,0.09287623688578606,0.0,0,0,0.0008163666352629662,0.0,0.00847125705331564,0.0,0.0
neu_mbv2_pattern_mining,2026-03-16T22:02:57,0,209,42,3,0.921875,0.568239152431488,0.0,0.10991767048835754,0.10991767048835754,0.0,0,0,0.0009263539686799049,0.0,0.01006541308015585,0.0,0.0
neu_mbv2_pattern_mining,2026-03-16T22:02:57,0,210,42,4,0.5,2.4734842777252197,0.0,0.11364425998181105,0.11364425998181105,0.0,0,0,0.0008904039859771729,0.0,0.010474022012203932,0.0,0.0
neu_mbv2_pattern_mining,2026-03-16T22:02:58,1,206,42,0,1.0,9.324076927441638e-06,0.0,0.30504012014716864,0.30504012014716864,0.0,0,0,0.0035349237732589245,0.0,0.02696908824145794,0.0,0.0
neu_mbv2_pattern_mining,2026-03-16T22:02:58,1,207,42,1,1.0,0.0001418906031176448,0.0,0.0964735634624958,0.0964735634624958,0.0,0,0,0.0008947351016104221,0.0,0.008752621244639158,0.0,0.0
neu_mbv2_pattern_mining,2026-03-16T22:02:58,1,208,42,2,1.0,0.00033279950730502605,0.0,0.0871362816542387,0.0871362816542387,0.0,0,0,0.0007331180386245251,0.0,0.007980510126799345,0.0,0.0
neu_mbv2_pattern_mining,2026-03-16T22:02:58,1,209,42,3,0.984375,0.03295876830816269,0.0,0.08880340494215488,0.08880340494215488,0.0,0,0,0.0008193212561309338,0.0,0.008061019238084555,0.0,0.0
neu_mbv2_pattern_mining,2026-03-16T22:02:58,1,210,42,4,1.0,0.1987324357032776,0.0,0.11248898226767778,0.11248898226767778,0.0,0,0,0.0009260890074074268,0.0,0.010322809219360352,0.0,0.0
neu_mbv2_pattern_mining,2026-03-16T22:02:59,2,206,42,0,1.0,1.2297854482312687e-05,0.0,0.38378382567316294,0.38378382567316294,0.0,0,0,0.003766405861824751,0.0,0.03461197670549154,0.0,0.0
neu_mbv2_pattern_mining,2026-03-16T22:02:59,2,207,42,1,1.0,0.0002560771245043725,0.0,0.1188809797167778,0.1188809797167778,0.0,0,0,0.000992428045719862,0.0,0.010895669925957918,0.0,0.0
neu_mbv2_pattern_mining,2026-03-16T22:02:59,2,208,42,2,1.0,0.00023481958487536758,0.0,0.11922623962163925,0.11922623962163925,0.0,0,0,0.001278555952012539,0.0,0.010644068010151386,0.0,0.0
neu_mbv2_pattern_mining,2026-03-16T22:02:59,2,209,42,3,0.96875,0.09188764542341232,0.0,0.10989529546350241,0.10989529546350241,0.0,0,0,0.0008675097487866879,0.0,0.010122019797563553,0.0,0.0
neu_mbv2_pattern_mining,2026-03-16T22:02:59,2,210,42,4,1.0,0.22786687314510345,0.0,0.12922730762511492,0.12922730762511492,0.0,0,0,0.0008325478993356228,0.0,0.012090182863175869,0.0,0.0
neu_mbv2_pattern_mining,2026-03-16T22:02:59,3,206,42,0,1.0,3.924422344425693e-05,0.0,0.30751907266676426,0.30751907266676426,0.0,0,0,0.0035304799675941467,0.0,0.02722142729908228,0.0,0.0
neu_mbv2_pattern_mining,2026-03-16T22:03:00,3,207,42,1,1.0,2.9522486784117064e-06,0.0,0.11000314261764288,0.11000314261764288,0.0,0,0,0.0009459122084081173,0.0,0.01005440205335617,0.0,0.0
neu_mbv2_pattern_mining,2026-03-16T22:03:00,3,208,42,2,1.0,3.6204015486873686e-05,0.0,0.10658422950655222,0.10658422950655222,0.0,0,0,0.0008463170379400253,0.0,0.009812105912715197,0.0,0.0
neu_mbv2_pattern_mining,2026-03-16T22:03:00,3,209,42,3,1.0,0.0001960180525202304,0.0,0.08835040964186192,0.08835040964186192,0.0,0,0,0.0007305638864636421,0.0,0.00810447707772255,0.0,0.0
neu_mbv2_pattern_mining,2026-03-16T22:03:00,3,210,42,4,0.3333333333333333,2.7458858489990234,0.0,0.10560061316937208,0.10560061316937208,0.0,0,0,0.0007452811114490032,0.0,0.009814780205488205,0.0,0.0
neu_mbv2_pattern_mining,2026-03-16T22:03:00,4,206,42,0,1.0,1.2326757314440329e-05,0.0,0.29744500759989023,0.29744500759989023,0.0,0,0,0.004256098996847868,0.0,0.025488401763141155,0.0,0.0
neu_mbv2_pattern_mining,2026-03-16T22:03:00,4,207,42,1,1.0,6.041922915756004e-06,0.0,0.10991021990776062,0.10991021990776062,0.0,0,0,0.0008950098417699337,0.0,0.010096012149006128,0.0,0.0
neu_mbv2_pattern_mining,2026-03-16T22:03:00,4,208,42,2,1.0,3.2441021176055074e-05,0.0,0.10779785923659801,0.10779785923659801,0.0,0,0,0.0012874300591647625,0.0,0.009492355864495039,0.0,0.0
neu_mbv2_pattern_mining,2026-03-16T22:03:00,4,209,42,3,1.0,0.0058713145554065704,0.0,0.1026252331212163,0.1026252331212163,0.0,0,0,0.0008037383668124676,0.0,0.009458784945309162,0.0,0.0
neu_mbv2_pattern_mining,2026-03-16T22:03:00,4,210,42,4,1.0,0.0685071125626564,0.0,0.11977131478488445,0.11977131478488445,0.0,0,0,0.0008203531615436077,0.0,0.011156778316944838,0.0,0.0
neu_mbv2_pattern_mining,2026-03-16T22:03:02,0,211,43,0,1.0,3.820396159426309e-05,0.0,0.4791182978078723,0.4791182978078723,0.0,0,0,0.003913120832294226,0.0,0.043998708948493004,0.0,0.0
neu_mbv2_pattern_mining,2026-03-16T22:03:02,0,212,43,1,1.0,0.0020378688350319862,0.0,0.10154822375625372,0.10154822375625372,0.0,0,0,0.0008117561228573322,0.0,0.00934306625276804,0.0,0.0
neu_mbv2_pattern_mining,2026-03-16T22:03:02,0,213,43,2,1.0,0.0015574737917631865,0.0,0.08832707535475492,0.08832707535475492,0.0,0,0,0.0007870206609368324,0.0,0.00804568687453866,0.0,0.0
neu_mbv2_pattern_mining,2026-03-16T22:03:02,0,214,43,3,0.96875,0.15362656116485596,0.0,0.09256599936634302,0.09256599936634302,0.0,0,0,0.0007493081502616405,0.0,0.008507291786372662,0.0,0.0
neu_mbv2_pattern_mining,2026-03-16T22:03:02,0,215,43,4,1.0,0.0006679828511551023,0.0,0.10084097739309072,0.10084097739309072,0.0,0,0,0.0007984857074916363,0.0,0.009285612031817436,0.0,0.0
neu_mbv2_pattern_mining,2026-03-16T22:03:03,1,211,43,0,1.0,1.242329744854942e-05,0.0,0.40359440725296736,0.40359440725296736,0.0,0,0,0.005487665068358183,0.0,0.03487177565693855,0.0,0.0
neu_mbv2_pattern_mining,2026-03-16T22:03:03,1,212,43,1,0.953125,0.21688935160636902,0.0,0.09427790064364672,0.09427790064364672,0.0,0,0,0.0008487901650369167,0.0,0.008578999899327755,0.0,0.0
neu_mbv2_pattern_mining,2026-03-16T22:03:03,1,213,43,2,0.828125,0.5165675282478333,0.0,0.11163079179823399,0.11163079179823399,0.0,0,0,0.000891383271664381,0.0,0.010271695908159018,0.0,0.0
neu_mbv2_pattern_mining,2026-03-16T22:03:03,1,214,43,3,0.984375,0.03438112884759903,0.0,0.10412557981908321,0.10412557981908321,0.0,0,0,0.0010078339837491512,0.0,0.00940472399815917,0.0,0.0
neu_mbv2_pattern_mining,2026-03-16T22:03:03,1,215,43,4,0.6666666666666666,0.6908228993415833,0.0,0.1258812239393592,0.1258812239393592,0.0,0,0,0.0008042692206799984,0.0,0.01178385317325592,0.0,0.0
neu_mbv2_pattern_mining,2026-03-16T22:03:04,2,211,43,0,1.0,1.1285825166851282e-05,0.0,0.37162013817578554,0.37162013817578554,0.0,0,0,0.003488510847091675,0.0,0.03367350297048688,0.0,0.0
neu_mbv2_pattern_mining,2026-03-16T22:03:04,2,212,43,1,1.0,0.0006920492160134017,0.0,0.11111028026789427,0.11111028026789427,0.0,0,0,0.0009170230478048325,0.0,0.010194004978984594,0.0,0.0
neu_mbv2_pattern_mining,2026-03-16T22:03:04,2,213,43,2,1.0,0.006785750854760408,0.0,0.10435937438160181,0.10435937438160181,0.0,0,0,0.0008455743081867695,0.0,0.009590363129973412,0.0,0.0
neu_mbv2_pattern_mining,2026-03-16T22:03:04,2,214,43,3,1.0,0.0017110139597207308,0.0,0.10113202035427094,0.10113202035427094,0.0,0,0,0.000832604244351387,0.0,0.009280597791075706,0.0,0.0
neu_mbv2_pattern_mining,2026-03-16T22:03:04,2,215,43,4,0.3333333333333333,3.3628711700439453,0.0,0.1164273964241147,0.1164273964241147,0.0,0,0,0.0008127638138830662,0.0,0.010829975828528404,0.0,0.0
neu_mbv2_pattern_mining,2026-03-16T22:03:04,3,211,43,0,1.0,1.7132473658421077e-05,0.0,0.35639517940580845,0.35639517940580845,0.0,0,0,0.00449999189004302,0.0,0.031139526050537825,0.0,0.0
neu_mbv2_pattern_mining,2026-03-16T22:03:04,3,212,43,1,1.0,0.00016853678971529007,0.0,0.08887058589607477,0.08887058589607477,0.0,0,0,0.0007952912710607052,0.0,0.008091767318546772,0.0,0.0
neu_mbv2_pattern_mining,2026-03-16T22:03:04,3,213,43,2,1.0,0.0012284687254577875,0.0,0.08686430752277374,0.08686430752277374,0.0,0,0,0.0006880718283355236,0.0,0.00799835892394185,0.0,0.0
neu_mbv2_pattern_mining,2026-03-16T22:03:04,3,214,43,3,0.984375,0.0263889878988266,0.0,0.08455013856291771,0.08455013856291771,0.0,0,0,0.0006679091602563858,0.0,0.007787104696035385,0.0,0.0
neu_mbv2_pattern_mining,2026-03-16T22:03:04,3,215,43,4,0.6666666666666666,0.37001216411590576,0.0,0.10685655754059553,0.10685655754059553,0.0,0,0,0.000781055074185133,0.0,0.00990460067987442,0.0,0.0
neu_mbv2_pattern_mining,2026-03-16T22:03:05,4,211,43,0,1.0,5.3927116823615506e-05,0.0,0.3159136790782213,0.3159136790782213,0.0,0,0,0.003362589981406927,0.0,0.028228777926415205,0.0,0.0
neu_mbv2_pattern_mining,2026-03-16T22:03:05,4,212,43,1,1.0,0.002199348760768771,0.0,0.08730086497962475,0.08730086497962475,0.0,0,0,0.0007262313738465309,0.0,0.008003855124115944,0.0,0.0
neu_mbv2_pattern_mining,2026-03-16T22:03:05,4,213,43,2,0.984375,0.02253132499754429,0.0,0.08729018736630678,0.08729018736630678,0.0,0,0,0.0007206490263342857,0.0,0.008008369710296392,0.0,0.0
neu_mbv2_pattern_mining,2026-03-16T22:03:05,4,214,43,3,1.0,0.005312994588166475,0.0,0.0873796408995986,0.0873796408995986,0.0,0,0,0.0007980368100106716,0.0,0.007939927279949188,0.0,0.0
neu_mbv2_pattern_mining,2026-03-16T22:03:05,4,215,43,4,0.3333333333333333,1.1873055696487427,0.0,0.10064218193292618,0.10064218193292618,0.0,0,0,0.0006204750388860703,0.0,0.009443743154406548,0.0,0.0
neu_mbv2_pattern_mining,2026-03-16T22:03:08,0,216,44,0,1.0,0.00024359225062653422,0.0,0.5162088293582201,0.5162088293582201,0.0,0,0,0.0028416267596185207,0.0,0.04877925617620349,0.0,0.0
neu_mbv2_pattern_mining,2026-03-16T22:03:08,0,217,44,1,0.8125,2.784681797027588,0.0,0.12453536968678236,0.12453536968678236,0.0,0,0,0.0010772119276225567,0.0,0.01137632504105568,0.0,0.0
neu_mbv2_pattern_mining,2026-03-16T22:03:08,0,218,44,2,0.984375,0.03622964024543762,0.0,0.11378500144928694,0.11378500144928694,0.0,0,0,0.0009691151790320873,0.0,0.010409384965896606,0.0,0.0
neu_mbv2_pattern_mining,2026-03-16T22:03:08,0,219,44,3,1.0,0.007038835436105728,0.0,0.10647560004144907,0.10647560004144907,0.0,0,0,0.0008726990781724453,0.0,0.009774860925972462,0.0,0.0
neu_mbv2_pattern_mining,2026-03-16T22:03:08,0,220,44,4,0.25,2.1953816413879395,0.0,0.09938875678926706,0.09938875678926706,0.0,0,0,0.0006918846629559994,0.0,0.009246991015970707,0.0,0.0
neu_mbv2_pattern_mining,2026-03-16T22:03:09,1,216,44,0,1.0,5.252620030660182e-05,0.0,0.3247247263789177,0.3247247263789177,0.0,0,0,0.0036421390250325203,0.0,0.02883033361285925,0.0,0.0
neu_mbv2_pattern_mining,2026-03-16T22:03:09,1,217,44,1,0.984375,0.08019938319921494,0.0,0.10545421857386827,0.10545421857386827,0.0,0,0,0.0008469177410006523,0.0,0.009698504116386175,0.0,0.0
neu_mbv2_pattern_mining,2026-03-16T22:03:09,1,218,44,2,1.0,0.00014164835738483816,0.0,0.09217601269483566,0.09217601269483566,0.0,0,0,0.0007786029018461704,0.0,0.008438998367637396,0.0,0.0
neu_mbv2_pattern_mining,2026-03-16T22:03:09,1,219,44,3,0.984375,0.020997237414121628,0.0,0.09151519276201725,0.09151519276201725,0.0,0,0,0.0007401900365948677,0.0,0.008411329239606857,0.0,0.0
neu_mbv2_pattern_mining,2026-03-16T22:03:09,1,220,44,4,0.6666666666666666,1.556113600730896,0.0,0.11975516099482775,0.11975516099482775,0.0,0,0,0.0007009389810264111,0.0,0.011274577118456364,0.0,0.0
neu_mbv2_pattern_mining,2026-03-16T22:03:09,2,216,44,0,1.0,1.707905175862834e-05,0.0,0.39307606406509876,0.39307606406509876,0.0,0,0,0.004401331301778555,0.0,0.03490627510473132,0.0,0.0
neu_mbv2_pattern_mining,2026-03-16T22:03:09,2,217,44,1,1.0,0.0004900660132989287,0.0,0.11693751439452171,0.11693751439452171,0.0,0,0,0.0008782348595559597,0.0,0.010815516579896212,0.0,0.0
neu_mbv2_pattern_mining,2026-03-16T22:03:09,2,218,44,2,0.9375,0.3256990313529968,0.0,0.09049410466104746,0.09049410466104746,0.0,0,0,0.0007573696784675121,0.0,0.008292040787637234,0.0,0.0
neu_mbv2_pattern_mining,2026-03-16T22:03:09,2,219,44,3,1.0,0.0005810839356854558,0.0,0.09192109573632479,0.09192109573632479,0.0,0,0,0.0008497703820466995,0.0,0.00834233919158578,0.0,0.0
neu_mbv2_pattern_mining,2026-03-16T22:03:09,2,220,44,4,0.3333333333333333,1.7238636016845703,0.0,0.11877859942615032,0.11877859942615032,0.0,0,0,0.0008333581499755383,0.0,0.011044501792639494,0.0,0.0
neu_mbv2_pattern_mining,2026-03-16T22:03:10,3,216,44,0,1.0,1.4263297998695634e-05,0.0,0.6052171438932419,0.6052171438932419,0.0,0,0,0.006607962306588888,0.0,0.0539137520827353,0.0,0.0
neu_mbv2_pattern_mining,2026-03-16T22:03:10,3,217,44,1,1.0,9.18257956072921e-06,0.0,0.10456113610416651,0.10456113610416651,0.0,0,0,0.0010274937376379967,0.0,0.009428619872778654,0.0,0.0
neu_mbv2_pattern_mining,2026-03-16T22:03:10,3,218,44,2,1.0,0.0004903603694401681,0.0,0.08517364505678415,0.08517364505678415,0.0,0,0,0.0007051043212413788,0.0,0.0078122601844370365,0.0,0.0
neu_mbv2_pattern_mining,2026-03-16T22:03:10,3,219,44,3,1.0,0.008770303800702095,0.0,0.09066126774996519,0.09066126774996519,0.0,0,0,0.0007816599681973457,0.0,0.008284466806799173,0.0,0.0
neu_mbv2_pattern_mining,2026-03-16T22:03:10,3,220,44,4,0.6666666666666666,0.6733285784721375,0.0,0.10792207904160023,0.10792207904160023,0.0,0,0,0.0007162247784435749,0.0,0.010075983125716448,0.0,0.0
neu_mbv2_pattern_mining,2026-03-16T22:03:11,4,216,44,0,1.0,0.0003223626990802586,0.0,0.38123982958495617,0.38123982958495617,0.0,0,0,0.0038815392181277275,0.0,0.03424244374036789,0.0,0.0
neu_mbv2_pattern_mining,2026-03-16T22:03:11,4,217,44,1,1.0,0.006764576304703951,0.0,0.10766765102744102,0.10766765102744102,0.0,0,0,0.0008739782497286797,0.0,0.009892786853015423,0.0,0.0
neu_mbv2_pattern_mining,2026-03-16T22:03:11,4,218,44,2,1.0,0.00020944805874023587,0.0,0.09701978415250778,0.09701978415250778,0.0,0,0,0.0007480871863663197,0.0,0.008953891228884459,0.0,0.0
neu_mbv2_pattern_mining,2026-03-16T22:03:11,4,219,44,3,0.9375,0.1553666591644287,0.0,0.08610268123447895,0.08610268123447895,0.0,0,0,0.0006467490456998348,0.0,0.00796351907774806,0.0,0.0
neu_mbv2_pattern_mining,2026-03-16T22:03:11,4,220,44,4,0.6666666666666666,1.191707968711853,0.0,0.10682044085115194,0.10682044085115194,0.0,0,0,0.0007251529023051262,0.0,0.009956891182810068,0.0,0.0
neu_mbv2_pattern_mining,2026-03-16T22:03:12,0,221,45,0,0.984375,0.03535613790154457,0.0,0.39394242223352194,0.39394242223352194,0.0,0,0,0.0028340741991996765,0.0,0.03656016802415252,0.0,0.0
neu_mbv2_pattern_mining,2026-03-16T22:03:12,0,222,45,1,1.0,0.06195048242807388,0.0,0.10184220038354397,0.10184220038354397,0.0,0,0,0.000879243016242981,0.0,0.009304977022111416,0.0,0.0
neu_mbv2_pattern_mining,2026-03-16T22:03:12,0,223,45,2,1.0,0.010098372586071491,0.0,0.09341010358184576,0.09341010358184576,0.0,0,0,0.0008591511286795139,0.0,0.008481859229505062,0.0,0.0
neu_mbv2_pattern_mining,2026-03-16T22:03:12,0,224,45,3,0.984375,0.05776391923427582,0.0,0.08581610396504402,0.08581610396504402,0.0,0,0,0.0007247333414852619,0.0,0.00785687705501914,0.0,0.0
neu_mbv2_pattern_mining,2026-03-16T22:03:12,0,225,45,4,1.0,0.15768051147460938,0.0,0.08964834734797478,0.08964834734797478,0.0,0,0,0.0006202808581292629,0.0,0.008344553876668215,0.0,0.0
neu_mbv2_pattern_mining,2026-03-16T22:03:13,1,221,45,0,1.0,0.006003732793033123,0.0,0.6161252502351999,0.6161252502351999,0.0,0,0,0.007111894898116589,0.0,0.054500630125403404,0.0,0.0
neu_mbv2_pattern_mining,2026-03-16T22:03:13,1,222,45,1,0.984375,0.013057900592684746,0.0,0.14918554108589888,0.14918554108589888,0.0,0,0,0.00110657699406147,0.0,0.013811977114528418,0.0,0.0
neu_mbv2_pattern_mining,2026-03-16T22:03:13,1,223,45,2,1.0,0.002376370131969452,0.0,0.13392716646194458,0.13392716646194458,0.0,0,0,0.0010174233466386795,0.0,0.012375293299555779,0.0,0.0
neu_mbv2_pattern_mining,2026-03-16T22:03:13,1,224,45,3,1.0,0.009298601187765598,0.0,0.135835949331522,0.135835949331522,0.0,0,0,0.0011197589337825775,0.0,0.012463835999369621,0.0,0.0
neu_mbv2_pattern_mining,2026-03-16T22:03:13,1,225,45,4,0.6666666666666666,2.757937431335449,0.0,0.15749779995530844,0.15749779995530844,0.0,0,0,0.000931933056563139,0.0,0.014817846938967705,0.0,0.0
neu_mbv2_pattern_mining,2026-03-16T22:03:14,2,221,45,0,1.0,8.180479926522821e-05,0.0,0.5061420705169439,0.5061420705169439,0.0,0,0,0.006028925068676472,0.0,0.04458528198301792,0.0,0.0
neu_mbv2_pattern_mining,2026-03-16T22:03:14,2,222,45,1,1.0,7.448635733453557e-05,0.0,0.10682912077754736,0.10682912077754736,0.0,0,0,0.0008436110801994801,0.0,0.009839300997555256,0.0,0.0
neu_mbv2_pattern_mining,2026-03-16T22:03:14,2,223,45,2,0.984375,0.01461162231862545,0.0,0.10598449967801571,0.10598449967801571,0.0,0,0,0.0008325362578034401,0.0,0.00976591370999813,0.0,0.0
neu_mbv2_pattern_mining,2026-03-16T22:03:14,2,224,45,3,1.0,0.012245327234268188,0.0,0.11838614009320736,0.11838614009320736,0.0,0,0,0.0010197320953011513,0.0,0.010818881914019585,0.0,0.0
neu_mbv2_pattern_mining,2026-03-16T22:03:14,2,225,45,4,0.3333333333333333,2.9162700176239014,0.0,0.12939689215272665,0.12939689215272665,0.0,0,0,0.0008798651397228241,0.0,0.012059824075549841,0.0,0.0
neu_mbv2_pattern_mining,2026-03-16T22:03:15,3,221,45,0,1.0,2.172223867091816e-05,0.0,0.32054318580776453,0.32054318580776453,0.0,0,0,0.003880141768604517,0.0,0.028174176812171936,0.0,0.0
neu_mbv2_pattern_mining,2026-03-16T22:03:15,3,222,45,1,1.0,0.00011176108091603965,0.0,0.09130098856985569,0.09130098856985569,0.0,0,0,0.0007795910350978374,0.0,0.008350507821887732,0.0,0.0
neu_mbv2_pattern_mining,2026-03-16T22:03:15,3,223,45,2,0.875,0.9734301567077637,0.0,0.0876728817820549,0.0876728817820549,0.0,0,0,0.0007309583015739918,0.0,0.008036329876631498,0.0,0.0
neu_mbv2_pattern_mining,2026-03-16T22:03:15,3,224,45,3,0.953125,0.2304154485464096,0.0,0.12365755159407854,0.12365755159407854,0.0,0,0,0.0009301900863647461,0.0,0.011435565073043108,0.0,0.0
neu_mbv2_pattern_mining,2026-03-16T22:03:15,3,225,45,4,1.0,0.04092271998524666,0.0,0.10595760308206081,0.10595760308206081,0.0,0,0,0.0007165190763771534,0.0,0.009879241231828928,0.0,0.0
neu_mbv2_pattern_mining,2026-03-16T22:03:15,4,221,45,0,1.0,5.880239405087195e-05,0.0,0.5681537138298154,0.5681537138298154,0.0,0,0,0.010291463695466518,0.0,0.04652390768751502,0.0,0.0
neu_mbv2_pattern_mining,2026-03-16T22:03:15,4,222,45,1,1.0,5.367551784729585e-05,0.0,0.09286049753427505,0.09286049753427505,0.0,0,0,0.0008692760020494461,0.0,0.00841677375137806,0.0,0.0
neu_mbv2_pattern_mining,2026-03-16T22:03:16,4,223,45,2,1.0,0.0003648864512797445,0.0,0.08586895186454058,0.08586895186454058,0.0,0,0,0.0006627952679991722,0.0,0.007924099918454885,0.0,0.0
neu_mbv2_pattern_mining,2026-03-16T22:03:16,4,224,45,3,0.90625,0.5328997373580933,0.0,0.08588296826928854,0.08588296826928854,0.0,0,0,0.0007967478595674038,0.0,0.00779154896736145,0.0,0.0
neu_mbv2_pattern_mining,2026-03-16T22:03:16,4,225,45,4,1.0,0.011468041688203812,0.0,0.1219945028424263,0.1219945028424263,0.0,0,0,0.0007102661766111851,0.0,0.011489184107631445,0.0,0.0
neu_mbv2_pattern_mining,2026-03-16T22:03:17,0,226,46,0,1.0,0.0006773217464797199,0.0,0.2975824661552906,0.2975824661552906,0.0,0,0,0.0018037883564829826,0.0,0.027954458259046078,0.0,0.0
neu_mbv2_pattern_mining,2026-03-16T22:03:17,0,227,46,1,0.953125,0.11746801435947418,0.0,0.08810213766992092,0.08810213766992092,0.0,0,0,0.0007333629764616489,0.0,0.008076850790530443,0.0,0.0
neu_mbv2_pattern_mining,2026-03-16T22:03:17,0,228,46,2,1.0,0.022913578897714615,0.0,0.08913552854210138,0.08913552854210138,0.0,0,0,0.0010247500613331795,0.0,0.007888802792876959,0.0,0.0
neu_mbv2_pattern_mining,2026-03-16T22:03:17,0,229,46,3,0.953125,0.3714446723461151,0.0,0.09194543119519949,0.09194543119519949,0.0,0,0,0.0007347213104367256,0.0,0.008459821809083223,0.0,0.0
neu_mbv2_pattern_mining,2026-03-16T22:03:17,0,230,46,4,0.75,2.421689748764038,0.0,0.09411617182195187,0.09411617182195187,0.0,0,0,0.0007357890717685223,0.0,0.008675828110426664,0.0,0.0
neu_mbv2_pattern_mining,2026-03-16T22:03:18,1,226,46,0,1.0,1.474034615966957e-05,0.0,0.4376121563836932,0.4376121563836932,0.0,0,0,0.004943030886352062,0.0,0.03881818475201726,0.0,0.0
neu_mbv2_pattern_mining,2026-03-16T22:03:18,1,227,46,1,1.0,0.0003993902064394206,0.0,0.12866356410086155,0.12866356410086155,0.0,0,0,0.0010199458338320255,0.0,0.01184641057625413,0.0,0.0
neu_mbv2_pattern_mining,2026-03-16T22:03:18,1,228,46,2,0.9375,0.2804902195930481,0.0,0.11913508176803589,0.11913508176803589,0.0,0,0,0.0009563188068568707,0.0,0.010957189369946718,0.0,0.0
neu_mbv2_pattern_mining,2026-03-16T22:03:18,1,229,46,3,0.84375,0.3743966817855835,0.0,0.12001658324152231,0.12001658324152231,0.0,0,0,0.000988928135484457,0.0,0.011012730188667774,0.0,0.0
neu_mbv2_pattern_mining,2026-03-16T22:03:18,1,230,46,4,0.6666666666666666,0.3999631702899933,0.0,0.1352822734043002,0.1352822734043002,0.0,0,0,0.0008840621449053288,0.0,0.012644165195524693,0.0,0.0
neu_mbv2_pattern_mining,2026-03-16T22:03:18,2,226,46,0,1.0,1.895501554827206e-05,0.0,0.38636815268546343,0.38636815268546343,0.0,0,0,0.0042264582589268684,0.0,0.034410357009619474,0.0,0.0
neu_mbv2_pattern_mining,2026-03-16T22:03:18,2,227,46,1,1.0,6.708179716952145e-05,0.0,0.10719986166805029,0.10719986166805029,0.0,0,0,0.0009120982140302658,0.0,0.009807887952774763,0.0,0.0
neu_mbv2_pattern_mining,2026-03-16T22:03:18,2,228,46,2,1.0,9.626577229937539e-05,0.0,0.10490294080227613,0.10490294080227613,0.0,0,0,0.000875500962138176,0.0,0.009614793118089437,0.0,0.0
neu_mbv2_pattern_mining,2026-03-16T22:03:18,2,229,46,3,0.984375,0.06331169605255127,0.0,0.0975123094394803,0.0975123094394803,0.0,0,0,0.0007286509498953819,0.0,0.009022579994052649,0.0,0.0
neu_mbv2_pattern_mining,2026-03-16T22:03:19,2,230,46,4,0.6666666666666666,0.43475234508514404,0.0,0.1211423659697175,0.1211423659697175,0.0,0,0,0.0008085337467491627,0.0,0.011305702850222588,0.0,0.0
neu_mbv2_pattern_mining,2026-03-16T22:03:19,3,226,46,0,1.0,2.2356867702910677e-05,0.0,0.3139842301607132,0.3139842301607132,0.0,0,0,0.003708947915583849,0.0,0.02768947510048747,0.0,0.0
neu_mbv2_pattern_mining,2026-03-16T22:03:19,3,227,46,1,1.0,0.003819981124252081,0.0,0.17692354042083025,0.17692354042083025,0.0,0,0,0.0010555270127952099,0.0,0.016636827029287815,0.0,0.0
neu_mbv2_pattern_mining,2026-03-16T22:03:19,3,228,46,2,0.9375,0.8558486700057983,0.0,0.1445382460951805,0.1445382460951805,0.0,0,0,0.0010292679071426392,0.0,0.013424556702375412,0.0,0.0
neu_mbv2_pattern_mining,2026-03-16T22:03:19,3,229,46,3,1.0,0.00045027880696579814,0.0,0.08499361108988523,0.08499361108988523,0.0,0,0,0.000671842135488987,0.0,0.007827518973499537,0.0,0.0
neu_mbv2_pattern_mining,2026-03-16T22:03:19,3,230,46,4,1.0,0.17305020987987518,0.0,0.11216995306313038,0.11216995306313038,0.0,0,0,0.0007792911492288113,0.0,0.010437704157084227,0.0,0.0
neu_mbv2_pattern_mining,2026-03-16T22:03:20,4,226,46,0,1.0,4.5903441787231714e-05,0.0,0.27956821024417877,0.27956821024417877,0.0,0,0,0.003116140142083168,0.0,0.02484068088233471,0.0,0.0
neu_mbv2_pattern_mining,2026-03-16T22:03:20,4,227,46,1,0.96875,0.04841925948858261,0.0,0.09756225161254406,0.09756225161254406,0.0,0,0,0.0008465000428259373,0.0,0.008909725118428469,0.0,0.0
neu_mbv2_pattern_mining,2026-03-16T22:03:20,4,228,46,2,0.984375,0.021908463910222054,0.0,0.10187641717493534,0.10187641717493534,0.0,0,0,0.0008328119292855263,0.0,0.009354829788208008,0.0,0.0
neu_mbv2_pattern_mining,2026-03-16T22:03:20,4,229,46,3,0.984375,0.08359822630882263,0.0,0.10049853008240461,0.10049853008240461,0.0,0,0,0.0008053318597376347,0.0,0.009244521148502827,0.0,0.0
neu_mbv2_pattern_mining,2026-03-16T22:03:20,4,230,46,4,0.6666666666666666,1.3693088293075562,0.0,0.11050949804484844,0.11050949804484844,0.0,0,0,0.0006420519202947617,0.0,0.010408897884190083,0.0,0.0
neu_mbv2_pattern_mining,2026-03-16T22:03:21,0,231,47,0,1.0,7.50999606680125e-05,0.0,0.3480536723509431,0.3480536723509431,0.0,0,0,0.0021358910016715527,0.0,0.032669476233422756,0.0,0.0
neu_mbv2_pattern_mining,2026-03-16T22:03:21,0,232,47,1,1.0,7.485360401915386e-05,0.0,0.11335166171193123,0.11335166171193123,0.0,0,0,0.0008883611299097538,0.0,0.010446805041283369,0.0,0.0
neu_mbv2_pattern_mining,2026-03-16T22:03:21,0,233,47,2,0.953125,0.0879661962389946,0.0,0.10192975401878357,0.10192975401878357,0.0,0,0,0.000839501153677702,0.0,0.009353474248200655,0.0,0.0
neu_mbv2_pattern_mining,2026-03-16T22:03:21,0,234,47,3,1.0,0.002793373540043831,0.0,0.09819882921874523,0.09819882921874523,0.0,0,0,0.0016414960846304893,0.0,0.008178386837244034,0.0,0.0
neu_mbv2_pattern_mining,2026-03-16T22:03:21,0,235,47,4,0.5,1.7191237211227417,0.0,0.09297149255871773,0.09297149255871773,0.0,0,0,0.0006957100704312325,0.0,0.00860143918544054,0.0,0.0
neu_mbv2_pattern_mining,2026-03-16T22:03:22,1,231,47,0,1.0,0.00014315794396679848,0.0,0.29554619919508696,0.29554619919508696,0.0,0,0,0.0032492470927536488,0.0,0.026305372826755047,0.0,0.0
neu_mbv2_pattern_mining,2026-03-16T22:03:22,1,232,47,1,0.921875,0.3029835820198059,0.0,0.10908637661486864,0.10908637661486864,0.0,0,0,0.0009135883301496506,0.0,0.009995049331337214,0.0,0.0
neu_mbv2_pattern_mining,2026-03-16T22:03:22,1,233,47,2,0.953125,0.1588495969772339,0.0,0.106714041903615,0.106714041903615,0.0,0,0,0.0009130151011049747,0.0,0.009758389089256525,0.0,0.0
neu_mbv2_pattern_mining,2026-03-16T22:03:22,1,234,47,3,1.0,0.005664929747581482,0.0,0.10698752012103796,0.10698752012103796,0.0,0,0,0.0008988291956484318,0.0,0.009799922816455364,0.0,0.0
neu_mbv2_pattern_mining,2026-03-16T22:03:22,1,235,47,4,0.3333333333333333,2.9939029216766357,0.0,0.11930253822356462,0.11930253822356462,0.0,0,0,0.0007618009112775326,0.0,0.01116845291107893,0.0,0.0
neu_mbv2_pattern_mining,2026-03-16T22:03:23,2,231,47,0,1.0,8.579075256420765e-06,0.0,0.3728099586442113,0.3728099586442113,0.0,0,0,0.004083595704287291,0.0,0.03319740016013384,0.0,0.0
neu_mbv2_pattern_mining,2026-03-16T22:03:23,2,232,47,1,1.0,0.0024644858203828335,0.0,0.11381153482943773,0.11381153482943773,0.0,0,0,0.0010314462706446648,0.0,0.010349707212299109,0.0,0.0
neu_mbv2_pattern_mining,2026-03-16T22:03:23,2,233,47,2,1.0,0.009988656267523766,0.0,0.12275538872927427,0.12275538872927427,0.0,0,0,0.0010571577586233616,0.0,0.011218381114304066,0.0,0.0
neu_mbv2_pattern_mining,2026-03-16T22:03:23,2,234,47,3,0.984375,0.05321616679430008,0.0,0.13374656904488802,0.13374656904488802,0.0,0,0,0.001165148802101612,0.0,0.01220950810238719,0.0,0.0
neu_mbv2_pattern_mining,2026-03-16T22:03:23,2,235,47,4,0.6666666666666666,2.289252758026123,0.0,0.13493429869413376,0.13493429869413376,0.0,0,0,0.0008916198275983334,0.0,0.012601810041815042,0.0,0.0
neu_mbv2_pattern_mining,2026-03-16T22:03:24,3,231,47,0,1.0,0.00016780408623162657,0.0,0.3140860190615058,0.3140860190615058,0.0,0,0,0.003237179946154356,0.0,0.028171421959996223,0.0,0.0
neu_mbv2_pattern_mining,2026-03-16T22:03:24,3,232,47,1,0.96875,0.12596799433231354,0.0,0.11403989046812057,0.11403989046812057,0.0,0,0,0.0009678620845079422,0.0,0.010436126962304115,0.0,0.0
neu_mbv2_pattern_mining,2026-03-16T22:03:24,3,233,47,2,1.0,0.004018554463982582,0.0,0.10187854059040546,0.10187854059040546,0.0,0,0,0.000872286967933178,0.0,0.009315567091107368,0.0,0.0
neu_mbv2_pattern_mining,2026-03-16T22:03:24,3,234,47,3,0.984375,0.10940880328416824,0.0,0.10294741950929165,0.10294741950929165,0.0,0,0,0.0008018249645829201,0.0,0.009492916986346245,0.0,0.0
neu_mbv2_pattern_mining,2026-03-16T22:03:24,3,235,47,4,0.3333333333333333,2.418572187423706,0.0,0.1213704189285636,0.1213704189285636,0.0,0,0,0.0007737898267805576,0.0,0.011363252066075802,0.0,0.0
neu_mbv2_pattern_mining,2026-03-16T22:03:24,4,231,47,0,1.0,6.000234134262428e-05,0.0,0.4383016098290682,0.4383016098290682,0.0,0,0,0.005230579059571028,0.0,0.03859958192333579,0.0,0.0
neu_mbv2_pattern_mining,2026-03-16T22:03:25,4,232,47,1,1.0,0.0012384402798488736,0.0,0.119358841329813,0.119358841329813,0.0,0,0,0.000970431137830019,0.0,0.010965452995151281,0.0,0.0
neu_mbv2_pattern_mining,2026-03-16T22:03:25,4,233,47,2,0.9375,0.14360898733139038,0.0,0.11035086121410131,0.11035086121410131,0.0,0,0,0.0008033891208469868,0.0,0.010231697000563145,0.0,0.0
neu_mbv2_pattern_mining,2026-03-16T22:03:25,4,234,47,3,0.828125,0.7258557081222534,0.0,0.1074739033356309,0.1074739033356309,0.0,0,0,0.0009385929442942142,0.0,0.009808797389268875,0.0,0.0
neu_mbv2_pattern_mining,2026-03-16T22:03:25,4,235,47,4,1.0,0.021140309050679207,0.0,0.11795719154179096,0.11795719154179096,0.0,0,0,0.0008430429734289646,0.0,0.010952676180750132,0.0,0.0
neu_mbv2_pattern_mining,2026-03-16T22:03:26,0,236,48,0,1.0,4.334003824624233e-05,0.0,0.29536180198192596,0.29536180198192596,0.0,0,0,0.0018752729520201683,0.0,0.027660907246172428,0.0,0.0
neu_mbv2_pattern_mining,2026-03-16T22:03:26,0,237,48,1,0.90625,0.17383398115634918,0.0,0.10864247102290392,0.10864247102290392,0.0,0,0,0.0009028790518641472,0.0,0.009961368050426245,0.0,0.0
neu_mbv2_pattern_mining,2026-03-16T22:03:26,0,238,48,2,1.0,0.00032563606509938836,0.0,0.0958928931504488,0.0958928931504488,0.0,0,0,0.0007385984063148499,0.0,0.00885069090873003,0.0,0.0
neu_mbv2_pattern_mining,2026-03-16T22:03:26,0,239,48,3,0.984375,0.3134298324584961,0.0,0.1053779711946845,0.1053779711946845,0.0,0,0,0.000795209314674139,0.0,0.009742587804794312,0.0,0.0
neu_mbv2_pattern_mining,2026-03-16T22:03:26,0,240,48,4,0.75,0.49896737933158875,0.0,0.10129259899258614,0.10129259899258614,0.0,0,0,0.0007097660563886166,0.0,0.009419493842869997,0.0,0.0
neu_mbv2_pattern_mining,2026-03-16T22:03:27,1,236,48,0,1.0,0.00016335574036929756,0.0,0.4176024068146944,0.4176024068146944,0.0,0,0,0.004839541856199503,0.0,0.03692069882526994,0.0,0.0
neu_mbv2_pattern_mining,2026-03-16T22:03:27,1,237,48,1,0.953125,0.192313089966774,0.0,0.10993620846420527,0.10993620846420527,0.0,0,0,0.000957585871219635,0.0,0.010036034975200891,0.0,0.0
neu_mbv2_pattern_mining,2026-03-16T22:03:27,1,238,48,2,1.0,0.006117918062955141,0.0,0.10409326292574406,0.10409326292574406,0.0,0,0,0.000829493161290884,0.0,0.009579833131283522,0.0,0.0
neu_mbv2_pattern_mining,2026-03-16T22:03:27,1,239,48,3,0.84375,0.7077207565307617,0.0,0.1048034057021141,0.1048034057021141,0.0,0,0,0.000869101844727993,0.0,0.009611238725483418,0.0,0.0
neu_mbv2_pattern_mining,2026-03-16T22:03:27,1,240,48,4,1.0,0.002434645313769579,0.0,0.11992994230240583,0.11992994230240583,0.0,0,0,0.0007141632959246635,0.0,0.01127883093431592,0.0,0.0
neu_mbv2_pattern_mining,2026-03-16T22:03:28,2,236,48,0,1.0,3.58402103302069e-05,0.0,0.32355654053390026,0.32355654053390026,0.0,0,0,0.0034499960020184517,0.0,0.028905658051371574,0.0,0.0
neu_mbv2_pattern_mining,2026-03-16T22:03:28,2,237,48,1,1.0,0.009562474675476551,0.0,0.10802355129271746,0.10802355129271746,0.0,0,0,0.0009225141257047653,0.0,0.00987984100356698,0.0,0.0
neu_mbv2_pattern_mining,2026-03-16T22:03:28,2,238,48,2,1.0,0.0032958786468952894,0.0,0.10819693095982075,0.10819693095982075,0.0,0,0,0.0009533530101180077,0.0,0.009866340085864067,0.0,0.0
neu_mbv2_pattern_mining,2026-03-16T22:03:28,2,239,48,3,0.953125,0.466129332780838,0.0,0.09760710876435041,0.09760710876435041,0.0,0,0,0.0007675611414015293,0.0,0.008993149735033512,0.0,0.0
neu_mbv2_pattern_mining,2026-03-16T22:03:28,2,240,48,4,1.0,0.07813001424074173,0.0,0.12224628124386072,0.12224628124386072,0.0,0,0,0.0007708263583481312,0.0,0.011453801766037941,0.0,0.0
neu_mbv2_pattern_mining,2026-03-16T22:03:28,3,236,48,0,1.0,1.9498658730299212e-05,0.0,0.3136380994692445,0.3136380994692445,0.0,0,0,0.003331094980239868,0.0,0.02803271496668458,0.0,0.0
neu_mbv2_pattern_mining,2026-03-16T22:03:28,3,237,48,1,1.0,0.009837917983531952,0.0,0.08847109973430634,0.08847109973430634,0.0,0,0,0.000780381727963686,0.0,0.008066728245466948,0.0,0.0
neu_mbv2_pattern_mining,2026-03-16T22:03:29,3,238,48,2,1.0,0.002074548741802573,0.0,0.09152346290647984,0.09152346290647984,0.0,0,0,0.000659773126244545,0.0,0.008492573164403439,0.0,0.0
neu_mbv2_pattern_mining,2026-03-16T22:03:29,3,239,48,3,0.953125,0.1856238842010498,0.0,0.08500565774738789,0.08500565774738789,0.0,0,0,0.0006742808036506176,0.0,0.007826284971088171,0.0,0.0
neu_mbv2_pattern_mining,2026-03-16T22:03:29,3,240,48,4,0.6666666666666666,1.1081739664077759,0.0,0.11272246949374676,0.11272246949374676,0.0,0,0,0.0007010870613157749,0.0,0.0105711598880589,0.0,0.0
neu_mbv2_pattern_mining,2026-03-16T22:03:29,4,236,48,0,1.0,4.617038575815968e-05,0.0,0.29775689356029034,0.29775689356029034,0.0,0,0,0.0031703230924904346,0.0,0.0266053662635386,0.0,0.0
neu_mbv2_pattern_mining,2026-03-16T22:03:29,4,237,48,1,0.96875,0.1437816470861435,0.0,0.08366267662495375,0.08366267662495375,0.0,0,0,0.0006399587728083134,0.0,0.007726308889687061,0.0,0.0
neu_mbv2_pattern_mining,2026-03-16T22:03:29,4,238,48,2,1.0,0.0025184277910739183,0.0,0.08890277706086636,0.08890277706086636,0.0,0,0,0.0007035308517515659,0.0,0.00818674685433507,0.0,0.0
neu_mbv2_pattern_mining,2026-03-16T22:03:29,4,239,48,3,0.96875,0.2191556990146637,0.0,0.0863017700612545,0.0863017700612545,0.0,0,0,0.000737783033400774,0.0,0.007892393972724676,0.0,0.0
neu_mbv2_pattern_mining,2026-03-16T22:03:29,4,240,48,4,0.3333333333333333,0.9286162853240967,0.0,0.10650590993463993,0.10650590993463993,0.0,0,0,0.0007788781076669693,0.0,0.009871712885797024,0.0,0.0
neu_mbv2_pattern_mining,2026-03-16T22:03:31,0,241,49,0,1.0,5.819800207973458e-05,0.0,0.40396048687398434,0.40396048687398434,0.0,0,0,0.002623923122882843,0.0,0.03777212556451559,0.0,0.0
neu_mbv2_pattern_mining,2026-03-16T22:03:31,0,242,49,1,1.0,8.03514376457315e-06,0.0,0.11669112835079432,0.11669112835079432,0.0,0,0,0.0010034339502453804,0.0,0.010665678884834051,0.0,0.0
neu_mbv2_pattern_mining,2026-03-16T22:03:31,0,243,49,2,1.0,0.0014533490175381303,0.0,0.09899599943310022,0.09899599943310022,0.0,0,0,0.0008899392560124397,0.0,0.009009660687297583,0.0,0.0
neu_mbv2_pattern_mining,2026-03-16T22:03:31,0,244,49,3,0.953125,0.19017738103866577,0.0,0.1111444178968668,0.1111444178968668,0.0,0,0,0.001198445912450552,0.0,0.009915995877236128,0.0,0.0
neu_mbv2_pattern_mining,2026-03-16T22:03:31,0,245,49,4,0.5,2.2771453857421875,0.0,0.09248200803995132,0.09248200803995132,0.0,0,0,0.0007716459222137928,0.0,0.00847655488178134,0.0,0.0
neu_mbv2_pattern_mining,2026-03-16T22:03:31,1,241,49,0,1.0,2.6491268727113493e-05,0.0,0.47925686929374933,0.47925686929374933,0.0,0,0,0.004545614123344421,0.0,0.04338007280603051,0.0,0.0
neu_mbv2_pattern_mining,2026-03-16T22:03:31,1,242,49,1,1.0,0.005439970642328262,0.0,0.13296236284077168,0.13296236284077168,0.0,0,0,0.0011210022494196892,0.0,0.012175234034657478,0.0,0.0
neu_mbv2_pattern_mining,2026-03-16T22:03:32,1,243,49,2,0.9375,0.08176553249359131,0.0,0.13871111907064915,0.13871111907064915,0.0,0,0,0.0011426908895373344,0.0,0.01272842101752758,0.0,0.0
neu_mbv2_pattern_mining,2026-03-16T22:03:32,1,244,49,3,1.0,0.00453969556838274,0.0,0.11785828042775393,0.11785828042775393,0.0,0,0,0.0009864210151135921,0.0,0.0107994070276618,0.0,0.0
neu_mbv2_pattern_mining,2026-03-16T22:03:32,1,245,49,4,0.3333333333333333,2.951650857925415,0.0,0.12208507861942053,0.12208507861942053,0.0,0,0,0.0007975357584655285,0.0,0.011410972103476524,0.0,0.0
neu_mbv2_pattern_mining,2026-03-16T22:03:32,2,241,49,0,1.0,0.00048281485214829445,0.0,0.3252412984147668,0.3252412984147668,0.0,0,0,0.0034627248533070087,0.0,0.02906140498816967,0.0,0.0
neu_mbv2_pattern_mining,2026-03-16T22:03:32,2,242,49,1,0.96875,0.2511245310306549,0.0,0.08586443960666656,0.08586443960666656,0.0,0,0,0.0007569221779704094,0.0,0.007829521782696247,0.0,0.0
neu_mbv2_pattern_mining,2026-03-16T22:03:32,2,243,49,2,0.953125,0.17518579959869385,0.0,0.08641789201647043,0.08641789201647043,0.0,0,0,0.0006786989979445934,0.0,0.00796309020370245,0.0,0.0
neu_mbv2_pattern_mining,2026-03-16T22:03:32,2,244,49,3,0.953125,0.12476570904254913,0.0,0.0982835702598095,0.0982835702598095,0.0,0,0,0.0007796837016940117,0.0,0.009048673324286938,0.0,0.0
neu_mbv2_pattern_mining,2026-03-16T22:03:32,2,245,49,4,0.6666666666666666,1.7229151725769043,0.0,0.12357912492007017,0.12357912492007017,0.0,0,0,0.0007773661054670811,0.0,0.011580546386539936,0.0,0.0
neu_mbv2_pattern_mining,2026-03-16T22:03:33,3,241,49,0,1.0,5.856437928741798e-05,0.0,0.3331907279789448,0.3331907279789448,0.0,0,0,0.003592160064727068,0.0,0.02972691273316741,0.0,0.0
neu_mbv2_pattern_mining,2026-03-16T22:03:33,3,242,49,1,1.0,0.00011477494263090193,0.0,0.08891160599887371,0.08891160599887371,0.0,0,0,0.0007584057748317719,0.0,0.0081327548250556,0.0,0.0
neu_mbv2_pattern_mining,2026-03-16T22:03:33,3,243,49,2,0.984375,0.07525229454040527,0.0,0.08701963350176811,0.08701963350176811,0.0,0,0,0.0007531973533332348,0.0,0.007948765996843576,0.0,0.0
neu_mbv2_pattern_mining,2026-03-16T22:03:33,3,244,49,3,1.0,0.017975538969039917,0.0,0.09494320023804903,0.09494320023804903,0.0,0,0,0.000609325710684061,0.0,0.008884994313120842,0.0,0.0
neu_mbv2_pattern_mining,2026-03-16T22:03:33,3,245,49,4,1.0,0.024714956060051918,0.0,0.11553439777344465,0.11553439777344465,0.0,0,0,0.0008541177958250046,0.0,0.01069932198151946,0.0,0.0
neu_mbv2_pattern_mining,2026-03-16T22:03:34,4,241,49,0,1.0,0.00031335445237345994,0.0,0.29792001470923424,0.29792001470923424,0.0,0,0,0.00317577738314867,0.0,0.026616224087774754,0.0,0.0
neu_mbv2_pattern_mining,2026-03-16T22:03:34,4,242,49,1,1.0,0.007439260371029377,0.0,0.08912382647395134,0.08912382647395134,0.0,0,0,0.0008357986807823181,0.0,0.008076583966612816,0.0,0.0
neu_mbv2_pattern_mining,2026-03-16T22:03:34,4,243,49,2,0.96875,0.13645145297050476,0.0,0.09287393651902676,0.09287393651902676,0.0,0,0,0.0007579042576253414,0.0,0.008529489394277334,0.0,0.0
neu_mbv2_pattern_mining,2026-03-16T22:03:34,4,244,49,3,1.0,0.0014672445831820369,0.0,0.09876020718365908,0.09876020718365908,0.0,0,0,0.0009340448305010796,0.0,0.008941975887864828,0.0,0.0
neu_mbv2_pattern_mining,2026-03-16T22:03:34,4,245,49,4,0.3333333333333333,1.562530517578125,0.0,0.12418978847563267,0.12418978847563267,0.0,0,0,0.0008305460214614868,0.0,0.01158843282610178,0.0,0.0
neu_mbv2_pattern_mining,2026-03-16T22:03:35,0,246,50,0,0.984375,0.01734442636370659,0.0,0.2884526178240776,0.2884526178240776,0.0,0,0,0.0018223971128463745,0.0,0.027022864669561386,0.0,0.0
neu_mbv2_pattern_mining,2026-03-16T22:03:35,0,247,50,1,0.90625,0.31977444887161255,0.0,0.08599190507084131,0.08599190507084131,0.0,0,0,0.0007269652560353279,0.0,0.007872225251048803,0.0,0.0
neu_mbv2_pattern_mining,2026-03-16T22:03:35,0,248,50,2,1.0,0.013043799437582493,0.0,0.08416411466896534,0.08416411466896534,0.0,0,0,0.0006847833283245564,0.0,0.007731628138571978,0.0,0.0
neu_mbv2_pattern_mining,2026-03-16T22:03:35,0,249,50,3,1.0,0.01201599556952715,0.0,0.08902483154088259,0.08902483154088259,0.0,0,0,0.0008765808306634426,0.0,0.008025902323424816,0.0,0.0
neu_mbv2_pattern_mining,2026-03-16T22:03:35,0,250,50,4,1.0,0.003000378143042326,0.0,0.09377168025821447,0.09377168025821447,0.0,0,0,0.000832216814160347,0.0,0.0085449512116611,0.0,0.0
neu_mbv2_pattern_mining,2026-03-16T22:03:36,1,246,50,0,1.0,0.0001306513586314395,0.0,0.3891404205933213,0.3891404205933213,0.0,0,0,0.004009513184428215,0.0,0.03490452887490392,0.0,0.0
neu_mbv2_pattern_mining,2026-03-16T22:03:36,1,247,50,1,1.0,0.010535945184528828,0.0,0.08539266884326935,0.08539266884326935,0.0,0,0,0.0007096915505826473,0.0,0.007829575333744287,0.0,0.0
neu_mbv2_pattern_mining,2026-03-16T22:03:36,1,248,50,2,0.828125,0.25789541006088257,0.0,0.08498794864863157,0.08498794864863157,0.0,0,0,0.0007085478864610195,0.0,0.007790246978402138,0.0,0.0
neu_mbv2_pattern_mining,2026-03-16T22:03:36,1,249,50,3,0.984375,0.1488865613937378,0.0,0.0853737210854888,0.0853737210854888,0.0,0,0,0.0006891940720379353,0.0,0.007848178036510944,0.0,0.0
neu_mbv2_pattern_mining,2026-03-16T22:03:36,1,250,50,4,0.6666666666666666,1.0539995431900024,0.0,0.16866067424416542,0.16866067424416542,0.0,0,0,0.000962850172072649,0.0,0.015903217252343893,0.0,0.0
neu_mbv2_pattern_mining,2026-03-16T22:03:37,2,246,50,0,1.0,6.703450344502926e-05,0.0,0.2811168599873781,0.2811168599873781,0.0,0,0,0.0029878802597522736,0.0,0.02512380573898554,0.0,0.0
neu_mbv2_pattern_mining,2026-03-16T22:03:37,2,247,50,1,0.984375,0.06434883922338486,0.0,0.09949828032404184,0.09949828032404184,0.0,0,0,0.0008199880830943584,0.0,0.009129839949309826,0.0,0.0
neu_mbv2_pattern_mining,2026-03-16T22:03:37,2,248,50,2,1.0,0.00021663092775270343,0.0,0.08774399291723967,0.08774399291723967,0.0,0,0,0.000686075072735548,0.0,0.008088324218988419,0.0,0.0
neu_mbv2_pattern_mining,2026-03-16T22:03:37,2,249,50,3,0.921875,0.6424590349197388,0.0,0.08970310911536217,0.08970310911536217,0.0,0,0,0.0006543970666825771,0.0,0.00831591384485364,0.0,0.0
neu_mbv2_pattern_mining,2026-03-16T22:03:37,2,250,50,4,0.3333333333333333,3.245288848876953,0.0,0.13105681166052818,0.13105681166052818,0.0,0,0,0.0007933648303151131,0.0,0.012312316335737705,0.0,0.0
neu_mbv2_pattern_mining,2026-03-16T22:03:37,3,246,50,0,1.0,1.2721154234895948e-05,0.0,0.42170271277427673,0.42170271277427673,0.0,0,0,0.004085979890078306,0.0,0.03808429138734937,0.0,0.0
neu_mbv2_pattern_mining,2026-03-16T22:03:38,3,247,50,1,1.0,3.772466880036518e-05,0.0,0.12389531824737787,0.12389531824737787,0.0,0,0,0.0010512969456613064,0.0,0.01133823487907648,0.0,0.0
neu_mbv2_pattern_mining,2026-03-16T22:03:38,3,248,50,2,1.0,0.0010208871681243181,0.0,0.08684410713613033,0.08684410713613033,0.0,0,0,0.0007274416275322437,0.0,0.00795696908608079,0.0,0.0
neu_mbv2_pattern_mining,2026-03-16T22:03:38,3,249,50,3,1.0,0.0016313998494297266,0.0,0.0881116185337305,0.0881116185337305,0.0,0,0,0.000744533259421587,0.0,0.008066628593951464,0.0,0.0
neu_mbv2_pattern_mining,2026-03-16T22:03:38,3,250,50,4,0.3333333333333333,2.8143579959869385,0.0,0.10921201203018427,0.10921201203018427,0.0,0,0,0.0007071420550346375,0.0,0.01021405914798379,0.0,0.0
neu_mbv2_pattern_mining,2026-03-16T22:03:38,4,246,50,0,1.0,3.5294098779559135e-05,0.0,0.4405723186209798,0.4405723186209798,0.0,0,0,0.004272686783224344,0.0,0.039784545078873634,0.0,0.0
neu_mbv2_pattern_mining,2026-03-16T22:03:38,4,247,50,1,1.0,0.01188352145254612,0.0,0.1209486834704876,0.1209486834704876,0.0,0,0,0.0009849201887845993,0.0,0.01110994815826416,0.0,0.0
neu_mbv2_pattern_mining,2026-03-16T22:03:38,4,248,50,2,1.0,0.002884977264329791,0.0,0.10583971161395311,0.10583971161395311,0.0,0,0,0.0007835421711206436,0.0,0.009800428990274668,0.0,0.0
neu_mbv2_pattern_mining,2026-03-16T22:03:38,4,249,50,3,0.953125,0.12134401500225067,0.0,0.10638500098139048,0.10638500098139048,0.0,0,0,0.000792189035564661,0.0,0.009846311062574387,0.0,0.0
neu_mbv2_pattern_mining,2026-03-16T22:03:38,4,250,50,4,1.0,0.1886681467294693,0.0,0.11217959690839052,0.11217959690839052,0.0,0,0,0.0007580327801406384,0.0,0.010459926910698414,0.0,0.0
neu_mbv2_pattern_mining,2026-03-16T22:03:40,0,251,51,0,1.0,0.0009928117506206036,0.0,0.3294252883642912,0.3294252883642912,0.0,0,0,0.002073430921882391,0.0,0.030869097914546728,0.0,0.0
neu_mbv2_pattern_mining,2026-03-16T22:03:40,0,252,51,1,0.953125,0.07661092281341553,0.0,0.09917349088937044,0.09917349088937044,0.0,0,0,0.0007722740992903709,0.0,0.009145074989646673,0.0,0.0
neu_mbv2_pattern_mining,2026-03-16T22:03:40,0,253,51,2,1.0,0.003567721927538514,0.0,0.08710219990462065,0.08710219990462065,0.0,0,0,0.0007207849994301796,0.0,0.007989434991031885,0.0,0.0
neu_mbv2_pattern_mining,2026-03-16T22:03:40,0,254,51,3,0.953125,0.13984638452529907,0.0,0.0841819029301405,0.0841819029301405,0.0,0,0,0.0006468682549893856,0.0,0.007771322038024664,0.0,0.0
neu_mbv2_pattern_mining,2026-03-16T22:03:40,0,255,51,4,1.0,0.0878731831908226,0.0,0.09268171153962612,0.09268171153962612,0.0,0,0,0.0006456989794969559,0.0,0.008622472174465656,0.0,0.0
neu_mbv2_pattern_mining,2026-03-16T22:03:40,1,251,51,0,1.0,0.002954250667244196,0.0,0.3772495221346617,0.3772495221346617,0.0,0,0,0.004070186987519264,0.0,0.0336547652259469,0.0,0.0
neu_mbv2_pattern_mining,2026-03-16T22:03:40,1,252,51,1,0.984375,0.05757444351911545,0.0,0.11896403506398201,0.11896403506398201,0.0,0,0,0.0009950040839612484,0.0,0.010901399422436953,0.0,0.0
neu_mbv2_pattern_mining,2026-03-16T22:03:40,1,253,51,2,1.0,0.01491185836493969,0.0,0.10783832054585218,0.10783832054585218,0.0,0,0,0.0008692638948559761,0.0,0.009914568159729242,0.0,0.0
neu_mbv2_pattern_mining,2026-03-16T22:03:41,1,254,51,3,0.984375,0.0769810900092125,0.0,0.10182957164943218,0.10182957164943218,0.0,0,0,0.0007561193779110909,0.0,0.009426837787032127,0.0,0.0
neu_mbv2_pattern_mining,2026-03-16T22:03:41,1,255,51,4,1.0,0.2260601967573166,0.0,0.13685955200344324,0.13685955200344324,0.0,0,0,0.0008126990869641304,0.0,0.012873256113380194,0.0,0.0
neu_mbv2_pattern_mining,2026-03-16T22:03:41,2,251,51,0,1.0,1.6991292795864865e-05,0.0,0.30970167834311724,0.30970167834311724,0.0,0,0,0.0034489338286221027,0.0,0.02752123400568962,0.0,0.0
neu_mbv2_pattern_mining,2026-03-16T22:03:41,2,252,51,1,1.0,0.0035135801881551743,0.0,0.1172390440478921,0.1172390440478921,0.0,0,0,0.0009706327691674232,0.0,0.010753271635621786,0.0,0.0
neu_mbv2_pattern_mining,2026-03-16T22:03:41,2,253,51,2,0.984375,0.015652339905500412,0.0,0.10904096998274326,0.10904096998274326,0.0,0,0,0.0008997451514005661,0.0,0.01000435184687376,0.0,0.0
neu_mbv2_pattern_mining,2026-03-16T22:03:41,2,254,51,3,1.0,0.0001621841947780922,0.0,0.1220678212121129,0.1220678212121129,0.0,0,0,0.0009522722102701664,0.0,0.011254509910941124,0.0,0.0
neu_mbv2_pattern_mining,2026-03-16T22:03:41,2,255,51,4,0.6666666666666666,2.2513957023620605,0.0,0.13304952532052994,0.13304952532052994,0.0,0,0,0.0008062375709414482,0.0,0.012498714961111546,0.0,0.0
neu_mbv2_pattern_mining,2026-03-16T22:03:42,3,251,51,0,1.0,4.455531598068774e-05,0.0,0.3030098509043455,0.3030098509043455,0.0,0,0,0.0032599070109426975,0.0,0.027041078079491854,0.0,0.0
neu_mbv2_pattern_mining,2026-03-16T22:03:42,3,252,51,1,1.0,0.004642185755074024,0.0,0.08667553309351206,0.08667553309351206,0.0,0,0,0.0007391390390694141,0.0,0.007928414270281792,0.0,0.0
neu_mbv2_pattern_mining,2026-03-16T22:03:42,3,253,51,2,0.9375,0.17196151614189148,0.0,0.09315490256994963,0.09315490256994963,0.0,0,0,0.0007043611258268356,0.0,0.008611129131168127,0.0,0.0
neu_mbv2_pattern_mining,2026-03-16T22:03:42,3,254,51,3,0.875,0.4087420105934143,0.0,0.10060594882816076,0.10060594882816076,0.0,0,0,0.000879380851984024,0.0,0.009181214030832052,0.0,0.0
neu_mbv2_pattern_mining,2026-03-16T22:03:42,3,255,51,4,1.0,0.27639779448509216,0.0,0.10353203862905502,0.10353203862905502,0.0,0,0,0.0006957012228667736,0.0,0.009657502640038729,0.0,0.0
neu_mbv2_pattern_mining,2026-03-16T22:03:43,4,251,51,0,1.0,1.1003887266269885e-05,0.0,0.3240093635395169,0.3240093635395169,0.0,0,0,0.0036463397555053234,0.0,0.02875459659844637,0.0,0.0
neu_mbv2_pattern_mining,2026-03-16T22:03:43,4,252,51,1,1.0,1.5451290892087854e-05,0.0,0.11042910628020763,0.11042910628020763,0.0,0,0,0.000974864698946476,0.0,0.010068045929074287,0.0,0.0
neu_mbv2_pattern_mining,2026-03-16T22:03:43,4,253,51,2,1.0,0.0015874735545367002,0.0,0.08904331363737583,0.08904331363737583,0.0,0,0,0.0006605591624975204,0.0,0.008243772201240063,0.0,0.0
neu_mbv2_pattern_mining,2026-03-16T22:03:43,4,254,51,3,1.0,0.00028486503288149834,0.0,0.087546082213521,0.087546082213521,0.0,0,0,0.0007592253386974335,0.0,0.007995382882654667,0.0,0.0
neu_mbv2_pattern_mining,2026-03-16T22:03:43,4,255,51,4,1.0,0.04444114863872528,0.0,0.11231546755880117,0.11231546755880117,0.0,0,0,0.0008295630104839802,0.0,0.010401983745396137,0.0,0.0
neu_mbv2_pattern_mining,2026-03-16T22:03:44,0,256,52,0,1.0,0.0012936515267938375,0.0,0.2993404492735863,0.2993404492735863,0.0,0,0,0.00191952520981431,0.0,0.028014519717544317,0.0,0.0
neu_mbv2_pattern_mining,2026-03-16T22:03:44,0,257,52,1,0.90625,0.9212008714675903,0.0,0.10923723224550486,0.10923723224550486,0.0,0,0,0.0008974182419478893,0.0,0.010026304982602596,0.0,0.0
neu_mbv2_pattern_mining,2026-03-16T22:03:44,0,258,52,2,1.0,0.001507085980847478,0.0,0.10807773098349571,0.10807773098349571,0.0,0,0,0.0008674929849803448,0.0,0.009940280113369226,0.0,0.0
neu_mbv2_pattern_mining,2026-03-16T22:03:44,0,259,52,3,1.0,0.005019737407565117,0.0,0.12913383077830076,0.12913383077830076,0.0,0,0,0.0010123448446393013,0.0,0.011901038233190775,0.0,0.0
neu_mbv2_pattern_mining,2026-03-16T22:03:45,0,260,52,4,0.25,2.2040657997131348,0.0,0.14278404880315065,0.14278404880315065,0.0,0,0,0.0009393626824021339,0.0,0.013339042197912931,0.0,0.0
neu_mbv2_pattern_mining,2026-03-16T22:03:45,1,256,52,0,1.0,7.494957571907435e-06,0.0,0.4470037203282118,0.4470037203282118,0.0,0,0,0.004746092017740011,0.0,0.03995428001508117,0.0,0.0
neu_mbv2_pattern_mining,2026-03-16T22:03:45,1,257,52,1,1.0,2.420245436951518e-05,0.0,0.12581138871610165,0.12581138871610165,0.0,0,0,0.0010113860480487347,0.0,0.01156975282356143,0.0,0.0
neu_mbv2_pattern_mining,2026-03-16T22:03:45,1,258,52,2,1.0,0.0007619851967319846,0.0,0.11581359431147575,0.11581359431147575,0.0,0,0,0.000943334773182869,0.0,0.010638024657964706,0.0,0.0
neu_mbv2_pattern_mining,2026-03-16T22:03:45,1,259,52,3,0.984375,0.017808016389608383,0.0,0.12186128180474043,0.12186128180474043,0.0,0,0,0.0009548221714794636,0.0,0.01123130600899458,0.0,0.0
neu_mbv2_pattern_mining,2026-03-16T22:03:45,1,260,52,4,0.3333333333333333,3.8833935260772705,0.0,0.15826212242245674,0.15826212242245674,0.0,0,0,0.0010028770193457603,0.0,0.014823335222899914,0.0,0.0
neu_mbv2_pattern_mining,2026-03-16T22:03:46,2,256,52,0,1.0,1.4788030057388823e-05,0.0,0.45784916263073683,0.45784916263073683,0.0,0,0,0.004675996024161577,0.0,0.041108920238912106,0.0,0.0
neu_mbv2_pattern_mining,2026-03-16T22:03:46,2,257,52,1,1.0,6.71592861181125e-05,0.0,0.13415256515145302,0.13415256515145302,0.0,0,0,0.0010243295691907406,0.0,0.012390926945954561,0.0,0.0
neu_mbv2_pattern_mining,2026-03-16T22:03:46,2,258,52,2,1.0,0.005552838556468487,0.0,0.12853568885475397,0.12853568885475397,0.0,0,0,0.0010006711818277836,0.0,0.011852897703647614,0.0,0.0
neu_mbv2_pattern_mining,2026-03-16T22:03:46,2,259,52,3,1.0,0.0033612700644880533,0.0,0.11932362336665392,0.11932362336665392,0.0,0,0,0.0009039649739861488,0.0,0.011028397362679243,0.0,0.0
neu_mbv2_pattern_mining,2026-03-16T22:03:46,2,260,52,4,0.6666666666666666,0.8524019122123718,0.0,0.15483778435736895,0.15483778435736895,0.0,0,0,0.0010575051419436932,0.0,0.014426273293793201,0.0,0.0
neu_mbv2_pattern_mining,2026-03-16T22:03:47,3,256,52,0,1.0,3.0036042517167516e-05,0.0,0.29861084651201963,0.29861084651201963,0.0,0,0,0.003259807825088501,0.0,0.026601276826113462,0.0,0.0
neu_mbv2_pattern_mining,2026-03-16T22:03:47,3,257,52,1,0.984375,0.07728941738605499,0.0,0.08870003744959831,0.08870003744959831,0.0,0,0,0.0008191787637770176,0.0,0.008050824981182814,0.0,0.0
neu_mbv2_pattern_mining,2026-03-16T22:03:47,3,258,52,2,1.0,0.00030440304544754326,0.0,0.08220298681408167,0.08220298681408167,0.0,0,0,0.0005969246849417686,0.0,0.007623373996466398,0.0,0.0
neu_mbv2_pattern_mining,2026-03-16T22:03:47,3,259,52,3,0.921875,0.20373129844665527,0.0,0.08292015176266432,0.08292015176266432,0.0,0,0,0.0006553339771926403,0.0,0.0076366811990737915,0.0,0.0
neu_mbv2_pattern_mining,2026-03-16T22:03:47,3,260,52,4,0.3333333333333333,2.4215447902679443,0.0,0.10580498725175858,0.10580498725175858,0.0,0,0,0.0007625059224665165,0.0,0.009817992802709341,0.0,0.0
neu_mbv2_pattern_mining,2026-03-16T22:03:47,4,256,52,0,1.0,5.369746213546023e-05,0.0,0.3759409487247467,0.3759409487247467,0.0,0,0,0.004332561977207661,0.0,0.03326153289526701,0.0,0.0
neu_mbv2_pattern_mining,2026-03-16T22:03:48,4,257,52,1,0.96875,0.07351582497358322,0.0,0.11393904685974121,0.11393904685974121,0.0,0,0,0.0008676596917212009,0.0,0.01052624499425292,0.0,0.0
neu_mbv2_pattern_mining,2026-03-16T22:03:48,4,258,52,2,0.984375,0.019980769604444504,0.0,0.10603065602481365,0.10603065602481365,0.0,0,0,0.0007765316404402256,0.0,0.00982653396204114,0.0,0.0
neu_mbv2_pattern_mining,2026-03-16T22:03:48,4,259,52,3,1.0,0.0005221505416557193,0.0,0.10563702788203955,0.10563702788203955,0.0,0,0,0.0008506947197020054,0.0,0.00971300806850195,0.0,0.0
neu_mbv2_pattern_mining,2026-03-16T22:03:48,4,260,52,4,0.3333333333333333,3.2728021144866943,0.0,0.12495892588049173,0.12495892588049173,0.0,0,0,0.0008083046413958073,0.0,0.011687587946653366,0.0,0.0
neu_mbv2_pattern_mining,2026-03-16T22:03:49,0,261,53,0,1.0,0.00018310430459678173,0.0,0.3461586916819215,0.3461586916819215,0.0,0,0,0.0022036083973944187,0.0,0.03241226077079773,0.0,0.0
neu_mbv2_pattern_mining,2026-03-16T22:03:49,0,262,53,1,0.984375,0.021510275080800056,0.0,0.08513620588928461,0.08513620588928461,0.0,0,0,0.0007263277657330036,0.0,0.0077872928231954575,0.0,0.0
neu_mbv2_pattern_mining,2026-03-16T22:03:49,0,263,53,2,0.984375,0.13813593983650208,0.0,0.08526112418621778,0.08526112418621778,0.0,0,0,0.0006822897121310234,0.0,0.007843822706490755,0.0,0.0
neu_mbv2_pattern_mining,2026-03-16T22:03:49,0,264,53,3,0.96875,0.04249389469623566,0.0,0.0870745675638318,0.0870745675638318,0.0,0,0,0.0006638569757342339,0.0,0.008043599780648947,0.0,0.0
neu_mbv2_pattern_mining,2026-03-16T22:03:49,0,265,53,4,0.75,2.9354405403137207,0.0,0.10311867110431194,0.10311867110431194,0.0,0,0,0.0009663091041147709,0.0,0.009345558006316423,0.0,0.0
neu_mbv2_pattern_mining,2026-03-16T22:03:50,1,261,53,0,1.0,0.0028413888067007065,0.0,0.2939151180908084,0.2939151180908084,0.0,0,0,0.00334903784096241,0.0,0.02604247396811843,0.0,0.0
neu_mbv2_pattern_mining,2026-03-16T22:03:50,1,262,53,1,0.96875,0.11651863157749176,0.0,0.08488976862281561,0.08488976862281561,0.0,0,0,0.0007133949548006058,0.0,0.007775581907480955,0.0,0.0
neu_mbv2_pattern_mining,2026-03-16T22:03:50,1,263,53,2,1.0,0.002544953254982829,0.0,0.08565419353544712,0.08565419353544712,0.0,0,0,0.0007425122894346714,0.0,0.00782290706411004,0.0,0.0
neu_mbv2_pattern_mining,2026-03-16T22:03:50,1,264,53,3,1.0,0.0009045118931680918,0.0,0.08582450915127993,0.08582450915127993,0.0,0,0,0.0007203919813036919,0.0,0.0078620589338243,0.0,0.0
neu_mbv2_pattern_mining,2026-03-16T22:03:50,1,265,53,4,0.3333333333333333,2.2328648567199707,0.0,0.10649575851857662,0.10649575851857662,0.0,0,0,0.0006066299974918365,0.0,0.010042945854365826,0.0,0.0
neu_mbv2_pattern_mining,2026-03-16T22:03:51,2,261,53,0,1.0,9.483381290920079e-05,0.0,0.39404285605996847,0.39404285605996847,0.0,0,0,0.0037281829863786697,0.0,0.03567610261961818,0.0,0.0
neu_mbv2_pattern_mining,2026-03-16T22:03:51,2,262,53,1,1.0,0.0016024216311052442,0.0,0.10626159142702818,0.10626159142702818,0.0,0,0,0.0009151720441877842,0.0,0.009710987098515034,0.0,0.0
neu_mbv2_pattern_mining,2026-03-16T22:03:51,2,263,53,2,1.0,0.006335525307804346,0.0,0.11587636079639196,0.11587636079639196,0.0,0,0,0.000930137000977993,0.0,0.010657499078661203,0.0,0.0
neu_mbv2_pattern_mining,2026-03-16T22:03:51,2,264,53,3,1.0,0.006117408163845539,0.0,0.1867440389469266,0.1867440389469266,0.0,0,0,0.0013071647845208645,0.0,0.017367239110171795,0.0,0.0
neu_mbv2_pattern_mining,2026-03-16T22:03:51,2,265,53,4,0.6666666666666666,0.778605043888092,0.0,0.12227852828800678,0.12227852828800678,0.0,0,0,0.0007247109897434711,0.0,0.011503141839057207,0.0,0.0
neu_mbv2_pattern_mining,2026-03-16T22:03:52,3,261,53,0,1.0,0.00010260660928906873,0.0,0.315457871183753,0.315457871183753,0.0,0,0,0.003246824722737074,0.0,0.028298962395638227,0.0,0.0
neu_mbv2_pattern_mining,2026-03-16T22:03:52,3,262,53,1,1.0,0.0005336660542525351,0.0,0.1142370980232954,0.1142370980232954,0.0,0,0,0.0009725247509777546,0.0,0.010451185051351786,0.0,0.0
neu_mbv2_pattern_mining,2026-03-16T22:03:52,3,263,53,2,0.96875,0.1151873916387558,0.0,0.1113994512706995,0.1113994512706995,0.0,0,0,0.0009456244297325611,0.0,0.010194320697337389,0.0,0.0
neu_mbv2_pattern_mining,2026-03-16T22:03:52,3,264,53,3,1.0,0.02515910007059574,0.0,0.10073461104184389,0.10073461104184389,0.0,0,0,0.0008064699359238148,0.0,0.009266991168260574,0.0,0.0
neu_mbv2_pattern_mining,2026-03-16T22:03:52,3,265,53,4,0.6666666666666666,0.769458532333374,0.0,0.12164942920207977,0.12164942920207977,0.0,0,0,0.00078926095739007,0.0,0.011375681962817907,0.0,0.0
neu_mbv2_pattern_mining,2026-03-16T22:03:52,4,261,53,0,1.0,7.043278310447931e-05,0.0,0.6039445474743843,0.6039445474743843,0.0,0,0,0.006349721923470497,0.0,0.054044732823967934,0.0,0.0
neu_mbv2_pattern_mining,2026-03-16T22:03:52,4,262,53,1,1.0,0.004722530487924814,0.0,0.12127760332077742,0.12127760332077742,0.0,0,0,0.0009593633003532887,0.0,0.011168397031724453,0.0,0.0
neu_mbv2_pattern_mining,2026-03-16T22:03:52,4,263,53,2,1.0,0.020016629248857498,0.0,0.11695488821715117,0.11695488821715117,0.0,0,0,0.0008428157307207584,0.0,0.010852673090994358,0.0,0.0
neu_mbv2_pattern_mining,2026-03-16T22:03:53,4,264,53,3,1.0,0.009568351320922375,0.0,0.12338533066213131,0.12338533066213131,0.0,0,0,0.0009798682294785976,0.0,0.011358664836734533,0.0,0.0
neu_mbv2_pattern_mining,2026-03-16T22:03:53,4,265,53,4,1.0,0.10699140280485153,0.0,0.13713853433728218,0.13713853433728218,0.0,0,0,0.000962741207331419,0.0,0.012751112226396799,0.0,0.0
neu_mbv2_pattern_mining,2026-03-16T22:03:54,0,266,54,0,1.0,2.8355541871860623e-05,0.0,0.4012821288779378,0.4012821288779378,0.0,0,0,0.002667458727955818,0.0,0.03746075415983796,0.0,0.0
neu_mbv2_pattern_mining,2026-03-16T22:03:54,0,267,54,1,0.984375,0.044671181589365005,0.0,0.16549808904528618,0.16549808904528618,0.0,0,0,0.0014753281138837337,0.0,0.015074480790644884,0.0,0.0
neu_mbv2_pattern_mining,2026-03-16T22:03:54,0,268,54,2,0.96875,0.038012489676475525,0.0,0.1360748428851366,0.1360748428851366,0.0,0,0,0.0010420121252536774,0.0,0.012565472163259983,0.0,0.0
neu_mbv2_pattern_mining,2026-03-16T22:03:54,0,269,54,3,0.9375,0.21898555755615234,0.0,0.12479526922106743,0.12479526922106743,0.0,0,0,0.0009316420182585716,0.0,0.011547884903848171,0.0,0.0
neu_mbv2_pattern_mining,2026-03-16T22:03:54,0,270,54,4,0.5,2.7812371253967285,0.0,0.11388383340090513,0.11388383340090513,0.0,0,0,0.0008427700959146023,0.0,0.010545613244175911,0.0,0.0
neu_mbv2_pattern_mining,2026-03-16T22:03:55,1,266,54,0,1.0,0.0018865319434553385,0.0,0.43440085370093584,0.43440085370093584,0.0,0,0,0.004485445097088814,0.0,0.03895464027300477,0.0,0.0
neu_mbv2_pattern_mining,2026-03-16T22:03:55,1,267,54,1,1.0,0.00035049556754529476,0.0,0.08701488841325045,0.08701488841325045,0.0,0,0,0.0007400289177894592,0.0,0.007961459923535585,0.0,0.0
neu_mbv2_pattern_mining,2026-03-16T22:03:55,1,268,54,2,1.0,0.004526280798017979,0.0,0.1263004494830966,0.1263004494830966,0.0,0,0,0.001050533726811409,0.0,0.011579511221498251,0.0,0.0
neu_mbv2_pattern_mining,2026-03-16T22:03:55,1,269,54,3,1.0,0.002947331639006734,0.0,0.13808696996420622,0.13808696996420622,0.0,0,0,0.000910444650799036,0.0,0.012898252345621586,0.0,0.0
neu_mbv2_pattern_mining,2026-03-16T22:03:55,1,270,54,4,0.3333333333333333,3.4558746814727783,0.0,0.11803589761257172,0.11803589761257172,0.0,0,0,0.0006813178770244122,0.0,0.01112227188423276,0.0,0.0
neu_mbv2_pattern_mining,2026-03-16T22:03:56,2,266,54,0,1.0,9.94007132248953e-06,0.0,0.4633305314928293,0.4633305314928293,0.0,0,0,0.004558279179036617,0.0,0.041774773970246315,0.0,0.0
neu_mbv2_pattern_mining,2026-03-16T22:03:56,2,267,54,1,1.0,0.002597254002466798,0.0,0.1365931984037161,0.1365931984037161,0.0,0,0,0.0011150967329740524,0.0,0.012544223107397556,0.0,0.0
neu_mbv2_pattern_mining,2026-03-16T22:03:56,2,268,54,2,0.984375,0.02434363029897213,0.0,0.127181988209486,0.127181988209486,0.0,0,0,0.0010008467361330986,0.0,0.011717352084815502,0.0,0.0
neu_mbv2_pattern_mining,2026-03-16T22:03:56,2,269,54,3,0.78125,1.1413532495498657,0.0,0.12050392106175423,0.12050392106175423,0.0,0,0,0.0008356170728802681,0.0,0.011214775033295155,0.0,0.0
neu_mbv2_pattern_mining,2026-03-16T22:03:56,2,270,54,4,1.0,0.22797860205173492,0.0,0.1351603865623474,0.1351603865623474,0.0,0,0,0.00087008997797966,0.0,0.012645948678255081,0.0,0.0
neu_mbv2_pattern_mining,2026-03-16T22:03:57,3,266,54,0,1.0,1.4906496289768256e-05,0.0,0.49370228312909603,0.49370228312909603,0.0,0,0,0.004933312069624662,0.0,0.04443691624328494,0.0,0.0
neu_mbv2_pattern_mining,2026-03-16T22:03:57,3,267,54,1,1.0,0.000367450003977865,0.0,0.12725442182272673,0.12725442182272673,0.0,0,0,0.0010251961648464203,0.0,0.011700246017426252,0.0,0.0
neu_mbv2_pattern_mining,2026-03-16T22:03:57,3,268,54,2,1.0,0.0025715737137943506,0.0,0.115484818816185,0.115484818816185,0.0,0,0,0.0008295411244034767,0.0,0.010718940757215023,0.0,0.0
neu_mbv2_pattern_mining,2026-03-16T22:03:57,3,269,54,3,0.984375,0.026138342916965485,0.0,0.10732396971434355,0.10732396971434355,0.0,0,0,0.0008011120371520519,0.0,0.009931284934282303,0.0,0.0
neu_mbv2_pattern_mining,2026-03-16T22:03:57,3,270,54,4,0.6666666666666666,1.1669867038726807,0.0,0.14260193333029747,0.14260193333029747,0.0,0,0,0.0008292649872601032,0.0,0.013430928345769644,0.0,0.0
neu_mbv2_pattern_mining,2026-03-16T22:03:57,4,266,54,0,1.0,0.00011604800238274038,0.0,0.6427679071202874,0.6427679071202874,0.0,0,0,0.007257506716996431,0.0,0.05701928399503231,0.0,0.0
neu_mbv2_pattern_mining,2026-03-16T22:03:57,4,267,54,1,1.0,9.665702964412048e-05,0.0,0.12140265665948391,0.12140265665948391,0.0,0,0,0.0009029768407344818,0.0,0.01123728882521391,0.0,0.0
neu_mbv2_pattern_mining,2026-03-16T22:03:57,4,268,54,2,0.953125,0.2390952706336975,0.0,0.12499355711042881,0.12499355711042881,0.0,0,0,0.001036857720464468,0.0,0.011462497990578413,0.0,0.0
neu_mbv2_pattern_mining,2026-03-16T22:03:57,4,269,54,3,1.0,0.02955521084368229,0.0,0.1483731297776103,0.1483731297776103,0.0,0,0,0.0012001367285847664,0.0,0.013637176249176264,0.0,0.0
neu_mbv2_pattern_mining,2026-03-16T22:03:58,4,270,54,4,0.3333333333333333,1.312642216682434,0.0,0.1293139299377799,0.1293139299377799,0.0,0,0,0.0008208239451050758,0.0,0.012110569048672915,0.0,0.0
neu_mbv2_pattern_mining,2026-03-16T22:03:59,0,271,55,0,1.0,0.0054903472773730755,0.0,0.27966244146227837,0.27966244146227837,0.0,0,0,0.0018696291372179985,0.0,0.026096615009009838,0.0,0.0
neu_mbv2_pattern_mining,2026-03-16T22:03:59,0,272,55,1,0.96875,0.08433299511671066,0.0,0.09206562768667936,0.09206562768667936,0.0,0,0,0.0009001009166240692,0.0,0.008306461852043867,0.0,0.0
neu_mbv2_pattern_mining,2026-03-16T22:03:59,0,273,55,2,0.875,0.47929584980010986,0.0,0.10414887219667435,0.10414887219667435,0.0,0,0,0.0008948631584644318,0.0,0.009520024061203003,0.0,0.0
neu_mbv2_pattern_mining,2026-03-16T22:03:59,0,274,55,3,0.984375,0.01915895938873291,0.0,0.08760061580687761,0.08760061580687761,0.0,0,0,0.0008037537336349487,0.0,0.007956307847052813,0.0,0.0
neu_mbv2_pattern_mining,2026-03-16T22:03:59,0,275,55,4,0.5,2.111668825149536,0.0,0.08690849412232637,0.08690849412232637,0.0,0,0,0.0006829183548688889,0.0,0.008007931057363749,0.0,0.0
neu_mbv2_pattern_mining,2026-03-16T22:04:00,1,271,55,0,1.0,0.0001768020010786131,0.0,0.6329736020416021,0.6329736020416021,0.0,0,0,0.006619396153837442,0.0,0.05667796405032277,0.0,0.0
neu_mbv2_pattern_mining,2026-03-16T22:04:00,1,272,55,1,0.9375,0.36012017726898193,0.0,0.12733285780996084,0.12733285780996084,0.0,0,0,0.0010019359178841114,0.0,0.011731349863111973,0.0,0.0
neu_mbv2_pattern_mining,2026-03-16T22:04:00,1,273,55,2,0.984375,0.04947585612535477,0.0,0.13397978618741035,0.13397978618741035,0.0,0,0,0.0010691126808524132,0.0,0.012328865937888622,0.0,0.0
neu_mbv2_pattern_mining,2026-03-16T22:04:00,1,274,55,3,0.96875,0.10438058525323868,0.0,0.11187170166522264,0.11187170166522264,0.0,0,0,0.0008221529424190521,0.0,0.010365017224103212,0.0,0.0
neu_mbv2_pattern_mining,2026-03-16T22:04:00,1,275,55,4,0.3333333333333333,2.4544153213500977,0.0,0.1713793585076928,0.1713793585076928,0.0,0,0,0.0010885130614042282,0.0,0.016049422789365053,0.0,0.0
neu_mbv2_pattern_mining,2026-03-16T22:04:00,2,271,55,0,1.0,1.1337201613059733e-05,0.0,0.38552748039364815,0.38552748039364815,0.0,0,0,0.0041466099210083485,0.0,0.034406138118356466,0.0,0.0
neu_mbv2_pattern_mining,2026-03-16T22:04:01,2,272,55,1,1.0,2.253460479550995e-05,0.0,0.09519281331449747,0.09519281331449747,0.0,0,0,0.0007418030872941017,0.0,0.008777478244155645,0.0,0.0
neu_mbv2_pattern_mining,2026-03-16T22:04:01,2,273,55,2,1.0,0.0028653203044086695,0.0,0.08765358943492174,0.08765358943492174,0.0,0,0,0.0007244329899549484,0.0,0.008040925953537226,0.0,0.0
neu_mbv2_pattern_mining,2026-03-16T22:04:01,2,274,55,3,1.0,0.006487627048045397,0.0,0.08624043315649033,0.08624043315649033,0.0,0,0,0.0006985301151871681,0.0,0.007925513200461864,0.0,0.0
neu_mbv2_pattern_mining,2026-03-16T22:04:01,2,275,55,4,0.3333333333333333,0.8319266438484192,0.0,0.11312705930322409,0.11312705930322409,0.0,0,0,0.0008523291908204556,0.0,0.010460376739501953,0.0,0.0
neu_mbv2_pattern_mining,2026-03-16T22:04:01,3,271,55,0,1.0,1.0456136806169525e-05,0.0,0.29524351470172405,0.29524351470172405,0.0,0,0,0.003165850881487131,0.0,0.026358500588685274,0.0,0.0
neu_mbv2_pattern_mining,2026-03-16T22:04:01,3,272,55,1,1.0,0.00014582648873329163,0.0,0.10072220116853714,0.10072220116853714,0.0,0,0,0.0009954972192645073,0.0,0.009076722897589207,0.0,0.0
neu_mbv2_pattern_mining,2026-03-16T22:04:01,3,273,55,2,0.984375,0.061822451651096344,0.0,0.08488978259265423,0.08488978259265423,0.0,0,0,0.0006694933399558067,0.0,0.007819484919309616,0.0,0.0
neu_mbv2_pattern_mining,2026-03-16T22:04:01,3,274,55,3,0.984375,0.08054429292678833,0.0,0.09049621876329184,0.09049621876329184,0.0,0,0,0.0009679580107331276,0.0,0.008081663865596056,0.0,0.0
neu_mbv2_pattern_mining,2026-03-16T22:04:01,3,275,55,4,0.3333333333333333,2.5233120918273926,0.0,0.10016407817602158,0.10016407817602158,0.0,0,0,0.0006949338130652905,0.0,0.009321474004536867,0.0,0.0
neu_mbv2_pattern_mining,2026-03-16T22:04:02,4,271,55,0,1.0,4.9974260036833584e-06,0.0,0.3806469915434718,0.3806469915434718,0.0,0,0,0.004254740197211504,0.0,0.03380995895713568,0.0,0.0
neu_mbv2_pattern_mining,2026-03-16T22:04:02,4,272,55,1,1.0,0.0001154972705990076,0.0,0.08702277205884457,0.08702277205884457,0.0,0,0,0.0007210089825093746,0.0,0.007981268223375082,0.0,0.0
neu_mbv2_pattern_mining,2026-03-16T22:04:02,4,273,55,2,1.0,0.003101122798398137,0.0,0.08290899451822042,0.08290899451822042,0.0,0,0,0.0006177760660648346,0.0,0.007673123385757208,0.0,0.0
neu_mbv2_pattern_mining,2026-03-16T22:04:02,4,274,55,3,0.984375,0.02589869499206543,0.0,0.08254291024059057,0.08254291024059057,0.0,0,0,0.000605585053563118,0.0,0.007648705970495939,0.0,0.0
neu_mbv2_pattern_mining,2026-03-16T22:04:02,4,275,55,4,1.0,0.1017543375492096,0.0,0.10771546047180891,0.10771546047180891,0.0,0,0,0.0006831251084804535,0.0,0.010088420938700438,0.0,0.0
neu_mbv2_pattern_mining,2026-03-16T22:04:04,0,276,56,0,1.0,0.00019685285224113613,0.0,0.3135521989315748,0.3135521989315748,0.0,0,0,0.0018729860894382,0.0,0.029482233803719282,0.0,0.0
neu_mbv2_pattern_mining,2026-03-16T22:04:04,0,277,56,1,0.984375,0.036728788167238235,0.0,0.10430993046611547,0.10430993046611547,0.0,0,0,0.0008475328795611858,0.0,0.009583460167050362,0.0,0.0
neu_mbv2_pattern_mining,2026-03-16T22:04:04,0,278,56,2,1.0,4.801628165296279e-05,0.0,0.0915966834872961,0.0915966834872961,0.0,0,0,0.0007650377228856087,0.0,0.008394630625844002,0.0,0.0
neu_mbv2_pattern_mining,2026-03-16T22:04:04,0,279,56,3,0.984375,0.02963017299771309,0.0,0.08705876767635345,0.08705876767635345,0.0,0,0,0.0006952257826924324,0.0,0.008010650984942913,0.0,0.0
neu_mbv2_pattern_mining,2026-03-16T22:04:04,0,280,56,4,0.5,1.393342137336731,0.0,0.08960307575762272,0.08960307575762272,0.0,0,0,0.0007554921321570873,0.0,0.008204815443605185,0.0,0.0
neu_mbv2_pattern_mining,2026-03-16T22:04:04,1,276,56,0,1.0,0.00010271293285768479,0.0,0.2747330395504832,0.2747330395504832,0.0,0,0,0.0029902150854468346,0.0,0.024483088869601488,0.0,0.0
neu_mbv2_pattern_mining,2026-03-16T22:04:04,1,277,56,1,1.0,2.8800603104173206e-05,0.0,0.0971933314576745,0.0971933314576745,0.0,0,0,0.0007540001533925533,0.0,0.008965332992374897,0.0,0.0
neu_mbv2_pattern_mining,2026-03-16T22:04:04,1,278,56,2,0.984375,0.026111718267202377,0.0,0.08572038263082504,0.08572038263082504,0.0,0,0,0.0007259412668645382,0.0,0.007846096996217966,0.0,0.0
neu_mbv2_pattern_mining,2026-03-16T22:04:04,1,279,56,3,0.984375,0.04839756712317467,0.0,0.1482401229441166,0.1482401229441166,0.0,0,0,0.0011916672810912132,0.0,0.013632345013320446,0.0,0.0
neu_mbv2_pattern_mining,2026-03-16T22:04:05,1,280,56,4,0.6666666666666666,0.9542931914329529,0.0,0.1768165174871683,0.1768165174871683,0.0,0,0,0.001040589064359665,0.0,0.016641062684357166,0.0,0.0
neu_mbv2_pattern_mining,2026-03-16T22:04:05,2,276,56,0,1.0,0.0001034668312058784,0.0,0.4245632700622082,0.4245632700622082,0.0,0,0,0.0043771290220320225,0.0,0.038079197984188795,0.0,0.0
neu_mbv2_pattern_mining,2026-03-16T22:04:05,2,277,56,1,0.984375,0.04177631437778473,0.0,0.1193392788991332,0.1193392788991332,0.0,0,0,0.000959926750510931,0.0,0.01097400113940239,0.0,0.0
neu_mbv2_pattern_mining,2026-03-16T22:04:05,2,278,56,2,1.0,0.00028200994711369276,0.0,0.11414388194680214,0.11414388194680214,0.0,0,0,0.0008854730986058712,0.0,0.010528915096074343,0.0,0.0
neu_mbv2_pattern_mining,2026-03-16T22:04:05,2,279,56,3,1.0,0.012946284376084805,0.0,0.10673314332962036,0.10673314332962036,0.0,0,0,0.0009057512506842613,0.0,0.009767563082277775,0.0,0.0
neu_mbv2_pattern_mining,2026-03-16T22:04:05,2,280,56,4,0.3333333333333333,1.0917047262191772,0.0,0.16519327647984028,0.16519327647984028,0.0,0,0,0.0011685309000313282,0.0,0.0153507967479527,0.0,0.0
neu_mbv2_pattern_mining,2026-03-16T22:04:06,3,276,56,0,1.0,0.0007205052534118295,0.0,0.34713349770754576,0.34713349770754576,0.0,0,0,0.003979011904448271,0.0,0.030734337866306305,0.0,0.0
neu_mbv2_pattern_mining,2026-03-16T22:04:06,3,277,56,1,1.0,0.0009957905858755112,0.0,0.08597053121775389,0.08597053121775389,0.0,0,0,0.0007007899694144726,0.0,0.007896263152360916,0.0,0.0
neu_mbv2_pattern_mining,2026-03-16T22:04:06,3,278,56,2,0.96875,0.30677804350852966,0.0,0.09148538112640381,0.09148538112640381,0.0,0,0,0.0007111211307346821,0.0,0.008437416981905699,0.0,0.0
neu_mbv2_pattern_mining,2026-03-16T22:04:06,3,279,56,3,0.9375,0.25920721888542175,0.0,0.0957282679155469,0.0957282679155469,0.0,0,0,0.0008075861260294914,0.0,0.008765240665525198,0.0,0.0
neu_mbv2_pattern_mining,2026-03-16T22:04:06,3,280,56,4,0.6666666666666666,1.0239571332931519,0.0,0.11162406764924526,0.11162406764924526,0.0,0,0,0.0007342188619077206,0.0,0.010428187903016806,0.0,0.0
neu_mbv2_pattern_mining,2026-03-16T22:04:07,4,276,56,0,1.0,1.6744961612857878e-05,0.0,0.45114031061530113,0.45114031061530113,0.0,0,0,0.006062275264412165,0.0,0.03905175579711795,0.0,0.0
neu_mbv2_pattern_mining,2026-03-16T22:04:07,4,277,56,1,1.0,1.9976132534793578e-05,0.0,0.1229777093976736,0.1229777093976736,0.0,0,0,0.0009914301335811615,0.0,0.0113063408061862,0.0,0.0
neu_mbv2_pattern_mining,2026-03-16T22:04:07,4,278,56,2,1.0,0.003507789224386215,0.0,0.11558335740119219,0.11558335740119219,0.0,0,0,0.0009023919701576233,0.0,0.010655943769961596,0.0,0.0
neu_mbv2_pattern_mining,2026-03-16T22:04:07,4,279,56,3,0.984375,0.058082085102796555,0.0,0.11798691935837269,0.11798691935837269,0.0,0,0,0.0009400132112205029,0.0,0.010858678724616766,0.0,0.0
neu_mbv2_pattern_mining,2026-03-16T22:04:07,4,280,56,4,1.0,0.13234491646289825,0.0,0.12447225861251354,0.12447225861251354,0.0,0,0,0.0008630580268800259,0.0,0.011584167834371328,0.0,0.0
neu_mbv2_pattern_mining,2026-03-16T22:04:08,0,281,57,0,1.0,0.008353722281754017,0.0,0.3630243893712759,0.3630243893712759,0.0,0,0,0.002269153017550707,0.0,0.03403328591957688,0.0,0.0
neu_mbv2_pattern_mining,2026-03-16T22:04:08,0,282,57,1,1.0,0.03442264348268509,0.0,0.12182020582258701,0.12182020582258701,0.0,0,0,0.0009073968976736069,0.0,0.011274623684585094,0.0,0.0
neu_mbv2_pattern_mining,2026-03-16T22:04:08,0,283,57,2,0.953125,0.1800171434879303,0.0,0.11964770033955574,0.11964770033955574,0.0,0,0,0.0009441608563065529,0.0,0.011020609177649021,0.0,0.0
neu_mbv2_pattern_mining,2026-03-16T22:04:08,0,284,57,3,0.84375,0.8878239989280701,0.0,0.1275124028325081,0.1275124028325081,0.0,0,0,0.0009481469169259071,0.0,0.011803093366324902,0.0,0.0
neu_mbv2_pattern_mining,2026-03-16T22:04:08,0,285,57,4,0.75,1.3815923929214478,0.0,0.11986462399363518,0.11986462399363518,0.0,0,0,0.000842854380607605,0.0,0.011143608018755913,0.0,0.0
neu_mbv2_pattern_mining,2026-03-16T22:04:09,1,281,57,0,1.0,1.3139315342414193e-05,0.0,0.32323666848242283,0.32323666848242283,0.0,0,0,0.0035596881061792374,0.0,0.028763978742063046,0.0,0.0
neu_mbv2_pattern_mining,2026-03-16T22:04:09,1,282,57,1,1.0,2.8310867492109537e-05,0.0,0.1016590278595686,0.1016590278595686,0.0,0,0,0.0008457237854599953,0.0,0.009320179000496864,0.0,0.0
neu_mbv2_pattern_mining,2026-03-16T22:04:09,1,283,57,2,0.984375,0.07202740758657455,0.0,0.09744335431605577,0.09744335431605577,0.0,0,0,0.0008446383289992809,0.0,0.008899697102606297,0.0,0.0
neu_mbv2_pattern_mining,2026-03-16T22:04:09,1,284,57,3,1.0,6.88274740241468e-05,0.0,0.0920866010710597,0.0920866010710597,0.0,0,0,0.0007999083027243614,0.0,0.008408751804381609,0.0,0.0
neu_mbv2_pattern_mining,2026-03-16T22:04:09,1,285,57,4,0.6666666666666666,0.8817967772483826,0.0,0.11240893043577671,0.11240893043577671,0.0,0,0,0.0008107111789286137,0.0,0.010430181864649057,0.0,0.0
neu_mbv2_pattern_mining,2026-03-16T22:04:10,2,281,57,0,1.0,2.5815857043198776e-06,0.0,0.2960775699466467,0.2960775699466467,0.0,0,0,0.0031162360683083534,0.0,0.026491520926356316,0.0,0.0
neu_mbv2_pattern_mining,2026-03-16T22:04:10,2,282,57,1,1.0,1.913924643304199e-05,0.0,0.117114232853055,0.117114232853055,0.0,0,0,0.0010275300592184067,0.0,0.010683893226087093,0.0,0.0
neu_mbv2_pattern_mining,2026-03-16T22:04:10,2,283,57,2,1.0,0.0007501005893573165,0.0,0.10526712518185377,0.10526712518185377,0.0,0,0,0.0008805086836218834,0.0,0.009646203834563494,0.0,0.0
neu_mbv2_pattern_mining,2026-03-16T22:04:10,2,284,57,3,1.0,0.016126569360494614,0.0,0.11027026921510696,0.11027026921510696,0.0,0,0,0.0008499422110617161,0.0,0.01017708471044898,0.0,0.0
neu_mbv2_pattern_mining,2026-03-16T22:04:10,2,285,57,4,1.0,0.10213533788919449,0.0,0.1258260291069746,0.1258260291069746,0.0,0,0,0.0008982089348137379,0.0,0.011684393975883722,0.0,0.0
neu_mbv2_pattern_mining,2026-03-16T22:04:11,3,281,57,0,1.0,1.0279567504767329e-05,0.0,0.4534792108461261,0.4534792108461261,0.0,0,0,0.0043088882230222225,0.0,0.041039032861590385,0.0,0.0
neu_mbv2_pattern_mining,2026-03-16T22:04:11,3,282,57,1,1.0,3.0177277949405834e-05,0.0,0.09363878984004259,0.09363878984004259,0.0,0,0,0.0007630558684468269,0.0,0.008600823115557432,0.0,0.0
neu_mbv2_pattern_mining,2026-03-16T22:04:11,3,283,57,2,0.984375,0.028015099465847015,0.0,0.08534955326467752,0.08534955326467752,0.0,0,0,0.0006828042678534985,0.0,0.007852151058614254,0.0,0.0
neu_mbv2_pattern_mining,2026-03-16T22:04:11,3,284,57,3,0.984375,0.06469133496284485,0.0,0.0846294779330492,0.0846294779330492,0.0,0,0,0.0006758417002856731,0.0,0.007787106093019247,0.0,0.0
neu_mbv2_pattern_mining,2026-03-16T22:04:11,3,285,57,4,0.6666666666666666,1.0759981870651245,0.0,0.09858878795057535,0.09858878795057535,0.0,0,0,0.0006501530297100544,0.0,0.00920872576534748,0.0,0.0
neu_mbv2_pattern_mining,2026-03-16T22:04:11,4,281,57,0,1.0,3.699194348882884e-05,0.0,0.3262031776830554,0.3262031776830554,0.0,0,0,0.003369940910488367,0.0,0.029250376857817173,0.0,0.0
neu_mbv2_pattern_mining,2026-03-16T22:04:12,4,282,57,1,0.96875,0.11340422928333282,0.0,0.09897863958030939,0.09897863958030939,0.0,0,0,0.0007903040386736393,0.0,0.0091075599193573,0.0,0.0
neu_mbv2_pattern_mining,2026-03-16T22:04:12,4,283,57,2,1.0,0.0019261965062469244,0.0,0.08665347937494516,0.08665347937494516,0.0,0,0,0.0007245452143251896,0.0,0.007940802723169327,0.0,0.0
neu_mbv2_pattern_mining,2026-03-16T22:04:12,4,284,57,3,0.859375,0.38683271408081055,0.0,0.08721779100596905,0.08721779100596905,0.0,0,0,0.0007344251498579979,0.0,0.007987353950738907,0.0,0.0
neu_mbv2_pattern_mining,2026-03-16T22:04:12,4,285,57,4,0.6666666666666666,0.45881977677345276,0.0,0.10416636243462563,0.10416636243462563,0.0,0,0,0.0006533721461892128,0.0,0.00976326409727335,0.0,0.0
neu_mbv2_pattern_mining,2026-03-16T22:04:13,0,286,58,0,1.0,2.8895839932374656e-05,0.0,0.3169587627053261,0.3169587627053261,0.0,0,0,0.0020159161649644375,0.0,0.02967996010556817,0.0,0.0
neu_mbv2_pattern_mining,2026-03-16T22:04:13,0,287,58,1,0.96875,0.04169750586152077,0.0,0.09831857867538929,0.09831857867538929,0.0,0,0,0.0008441722020506859,0.0,0.008987685665488243,0.0,0.0
neu_mbv2_pattern_mining,2026-03-16T22:04:13,0,288,58,2,1.0,0.0175270214676857,0.0,0.10510175954550505,0.10510175954550505,0.0,0,0,0.0008533638902008533,0.0,0.009656812064349651,0.0,0.0
neu_mbv2_pattern_mining,2026-03-16T22:04:13,0,289,58,3,0.96875,0.14006756246089935,0.0,0.10534563101828098,0.10534563101828098,0.0,0,0,0.0008703218773007393,0.0,0.009664241224527359,0.0,0.0
neu_mbv2_pattern_mining,2026-03-16T22:04:13,0,290,58,4,0.75,0.9194796085357666,0.0,0.10835406370460987,0.10835406370460987,0.0,0,0,0.0008355621248483658,0.0,0.009999844245612621,0.0,0.0
neu_mbv2_pattern_mining,2026-03-16T22:04:14,1,286,58,0,1.0,0.00010746927000582218,0.0,0.4576554102823138,0.4576554102823138,0.0,0,0,0.004672937095165253,0.0,0.04109260393306613,0.0,0.0
neu_mbv2_pattern_mining,2026-03-16T22:04:14,1,287,58,1,0.984375,0.19831904768943787,0.0,0.10228218510746956,0.10228218510746956,0.0,0,0,0.000811413861811161,0.0,0.009416804648935795,0.0,0.0
neu_mbv2_pattern_mining,2026-03-16T22:04:14,1,288,58,2,1.0,0.00011679592716973275,0.0,0.10059335269033909,0.10059335269033909,0.0,0,0,0.000796447042375803,0.0,0.009262888226658106,0.0,0.0
neu_mbv2_pattern_mining,2026-03-16T22:04:14,1,289,58,3,0.9375,0.12986387312412262,0.0,0.10399486869573593,0.10399486869573593,0.0,0,0,0.0008472069166600704,0.0,0.009552279952913523,0.0,0.0
neu_mbv2_pattern_mining,2026-03-16T22:04:14,1,290,58,4,0.3333333333333333,1.8729395866394043,0.0,0.12935810256749392,0.12935810256749392,0.0,0,0,0.0008157761767506599,0.0,0.012120034079998732,0.0,0.0
neu_mbv2_pattern_mining,2026-03-16T22:04:14,2,286,58,0,1.0,5.035868161940016e-05,0.0,0.394638879224658,0.394638879224658,0.0,0,0,0.004156956914812326,0.0,0.035306931007653475,0.0,0.0
neu_mbv2_pattern_mining,2026-03-16T22:04:15,2,287,58,1,1.0,0.0012206899700686336,0.0,0.09066926781088114,0.09066926781088114,0.0,0,0,0.0008041239343583584,0.0,0.008262802846729755,0.0,0.0
neu_mbv2_pattern_mining,2026-03-16T22:04:15,2,288,58,2,1.0,0.013755478896200657,0.0,0.1377799129113555,0.1377799129113555,0.0,0,0,0.0009951042011380196,0.0,0.01278288708999753,0.0,0.0
neu_mbv2_pattern_mining,2026-03-16T22:04:15,2,289,58,3,0.859375,0.4727935194969177,0.0,0.12428965885192156,0.12428965885192156,0.0,0,0,0.00098067382350564,0.0,0.011448292061686516,0.0,0.0
neu_mbv2_pattern_mining,2026-03-16T22:04:15,2,290,58,4,1.0,0.0850488618016243,0.0,0.14002399519085884,0.14002399519085884,0.0,0,0,0.000802080612629652,0.0,0.013200318906456232,0.0,0.0
neu_mbv2_pattern_mining,2026-03-16T22:04:15,3,286,58,0,1.0,4.971833186573349e-05,0.0,0.31334631610661745,0.31334631610661745,0.0,0,0,0.0033037709072232246,0.0,0.02803086070343852,0.0,0.0
neu_mbv2_pattern_mining,2026-03-16T22:04:15,3,287,58,1,0.890625,0.6973649263381958,0.0,0.1098574697971344,0.1098574697971344,0.0,0,0,0.0008704178035259247,0.0,0.010115329176187515,0.0,0.0
neu_mbv2_pattern_mining,2026-03-16T22:04:15,3,288,58,2,1.0,0.00019296459504403174,0.0,0.13562167529016733,0.13562167529016733,0.0,0,0,0.0010789907537400723,0.0,0.012483176775276661,0.0,0.0
neu_mbv2_pattern_mining,2026-03-16T22:04:16,3,289,58,3,0.796875,1.2303696870803833,0.0,0.14092243742197752,0.14092243742197752,0.0,0,0,0.0011655176058411598,0.0,0.012926726136356592,0.0,0.0
neu_mbv2_pattern_mining,2026-03-16T22:04:16,3,290,58,4,0.6666666666666666,1.3054097890853882,0.0,0.10833315085619688,0.10833315085619688,0.0,0,0,0.0008995858952403069,0.0,0.009933729190379381,0.0,0.0
neu_mbv2_pattern_mining,2026-03-16T22:04:16,4,286,58,0,1.0,0.002102679805830121,0.0,0.3016993682831526,0.3016993682831526,0.0,0,0,0.0032921740785241127,0.0,0.026877762749791145,0.0,0.0
neu_mbv2_pattern_mining,2026-03-16T22:04:16,4,287,58,1,0.828125,1.3310625553131104,0.0,0.09891787078231573,0.09891787078231573,0.0,0,0,0.0007885158993303776,0.0,0.009103271178901196,0.0,0.0
neu_mbv2_pattern_mining,2026-03-16T22:04:16,4,288,58,2,1.0,0.002175258006900549,0.0,0.10249769780784845,0.10249769780784845,0.0,0,0,0.0007949648424983025,0.0,0.009454804938286543,0.0,0.0
neu_mbv2_pattern_mining,2026-03-16T22:04:16,4,289,58,3,0.9375,0.2021966129541397,0.0,0.0980224460363388,0.0980224460363388,0.0,0,0,0.0007557016797363758,0.0,0.009046542923897505,0.0,0.0
neu_mbv2_pattern_mining,2026-03-16T22:04:16,4,290,58,4,0.6666666666666666,2.7602107524871826,0.0,0.11198736727237701,0.11198736727237701,0.0,0,0,0.0007227486930787563,0.0,0.010475988034158945,0.0,0.0
neu_mbv2_pattern_mining,2026-03-16T22:04:18,0,291,59,0,1.0,0.0001927529083332047,0.0,0.2892335783690214,0.2892335783690214,0.0,0,0,0.0020319661125540733,0.0,0.026891391724348068,0.0,0.0
neu_mbv2_pattern_mining,2026-03-16T22:04:18,0,292,59,1,0.921875,0.2957373857498169,0.0,0.11332184076309204,0.11332184076309204,0.0,0,0,0.0010853898711502552,0.0,0.010246794205158949,0.0,0.0
neu_mbv2_pattern_mining,2026-03-16T22:04:18,0,293,59,2,0.984375,0.056488022208213806,0.0,0.09185629896819592,0.09185629896819592,0.0,0,0,0.0007775896228849888,0.0,0.008408040273934603,0.0,0.0
neu_mbv2_pattern_mining,2026-03-16T22:04:18,0,294,59,3,0.953125,0.3921257257461548,0.0,0.0874169310554862,0.0874169310554862,0.0,0,0,0.0007378179579973221,0.0,0.008003875147551298,0.0,0.0
neu_mbv2_pattern_mining,2026-03-16T22:04:18,0,295,59,4,1.0,0.21431568264961243,0.0,0.08927154820412397,0.08927154820412397,0.0,0,0,0.0007086377590894699,0.0,0.008218517061322927,0.0,0.0
neu_mbv2_pattern_mining,2026-03-16T22:04:18,1,291,59,0,1.0,0.00034205985139124095,0.0,0.29901433270424604,0.29901433270424604,0.0,0,0,0.0029167928732931614,0.0,0.026984640397131443,0.0,0.0
neu_mbv2_pattern_mining,2026-03-16T22:04:18,1,292,59,1,0.96875,0.18232233822345734,0.0,0.08897154126316309,0.08897154126316309,0.0,0,0,0.0009698541834950447,0.0,0.007927299942821264,0.0,0.0
neu_mbv2_pattern_mining,2026-03-16T22:04:19,1,293,59,2,0.984375,0.1304486244916916,0.0,0.09849443100392818,0.09849443100392818,0.0,0,0,0.0007487819530069828,0.0,0.009100661147385836,0.0,0.0
neu_mbv2_pattern_mining,2026-03-16T22:04:19,1,294,59,3,0.953125,0.1447061002254486,0.0,0.08519297931343317,0.08519297931343317,0.0,0,0,0.0007099080830812454,0.0,0.007809389848262072,0.0,0.0
neu_mbv2_pattern_mining,2026-03-16T22:04:19,1,295,59,4,0.6666666666666666,1.9071931838989258,0.0,0.10517106857150793,0.10517106857150793,0.0,0,0,0.0006846548058092594,0.0,0.009832452051341534,0.0,0.0
neu_mbv2_pattern_mining,2026-03-16T22:04:19,2,291,59,0,1.0,0.000485199096146971,0.0,0.3927092580124736,0.3927092580124736,0.0,0,0,0.004175999667495489,0.0,0.03509492613375187,0.0,0.0
neu_mbv2_pattern_mining,2026-03-16T22:04:19,2,292,59,1,0.9375,0.11993210762739182,0.0,0.12376666069030762,0.12376666069030762,0.0,0,0,0.0010392321273684502,0.0,0.011337433941662312,0.0,0.0
neu_mbv2_pattern_mining,2026-03-16T22:04:19,2,293,59,2,0.90625,0.26885998249053955,0.0,0.1158918347209692,0.1158918347209692,0.0,0,0,0.0008448637090623379,0.0,0.010744319763034582,0.0,0.0
neu_mbv2_pattern_mining,2026-03-16T22:04:19,2,294,59,3,0.984375,0.022299956530332565,0.0,0.10753920767456293,0.10753920767456293,0.0,0,0,0.0008203266188502312,0.0,0.009933594148606062,0.0,0.0
neu_mbv2_pattern_mining,2026-03-16T22:04:19,2,295,59,4,0.3333333333333333,1.0727559328079224,0.0,0.10770484805107117,0.10770484805107117,0.0,0,0,0.0007501859217882156,0.0,0.010020298883318901,0.0,0.0
neu_mbv2_pattern_mining,2026-03-16T22:04:20,3,291,59,0,1.0,0.0045325132086873055,0.0,0.44522869400680065,0.44522869400680065,0.0,0,0,0.004497678950428963,0.0,0.0400251904502511,0.0,0.0
neu_mbv2_pattern_mining,2026-03-16T22:04:20,3,292,59,1,1.0,0.00044780230382457376,0.0,0.1586397783830762,0.1586397783830762,0.0,0,0,0.0011393860913813114,0.0,0.014724591746926308,0.0,0.0
neu_mbv2_pattern_mining,2026-03-16T22:04:20,3,293,59,2,0.96875,0.13772907853126526,0.0,0.08645155932754278,0.08645155932754278,0.0,0,0,0.0007347720675170422,0.0,0.007910383865237236,0.0,0.0
neu_mbv2_pattern_mining,2026-03-16T22:04:20,3,294,59,3,0.703125,1.216983675956726,0.0,0.08772099856287241,0.08772099856287241,0.0,0,0,0.0007659969851374626,0.0,0.008006102871149778,0.0,0.0
neu_mbv2_pattern_mining,2026-03-16T22:04:20,3,295,59,4,1.0,0.0822216346859932,0.0,0.10223313700407743,0.10223313700407743,0.0,0,0,0.0007409099489450455,0.0,0.009482403751462698,0.0,0.0
neu_mbv2_pattern_mining,2026-03-16T22:04:21,4,291,59,0,1.0,0.0007917893817648292,0.0,0.4329723911359906,0.4329723911359906,0.0,0,0,0.004278657026588917,0.0,0.039018582087010145,0.0,0.0
neu_mbv2_pattern_mining,2026-03-16T22:04:21,4,292,59,1,0.984375,0.08179011940956116,0.0,0.08919947315007448,0.08919947315007448,0.0,0,0,0.0008129226043820381,0.0,0.00810702471062541,0.0,0.0
neu_mbv2_pattern_mining,2026-03-16T22:04:21,4,293,59,2,0.984375,0.08477221429347992,0.0,0.08526092395186424,0.08526092395186424,0.0,0,0,0.0006229691207408905,0.0,0.007903123274445534,0.0,0.0
neu_mbv2_pattern_mining,2026-03-16T22:04:21,4,294,59,3,0.78125,1.2495194673538208,0.0,0.08812427055090666,0.08812427055090666,0.0,0,0,0.0007186057046055794,0.0,0.008093821350485086,0.0,0.0
neu_mbv2_pattern_mining,2026-03-16T22:04:21,4,295,59,4,0.6666666666666666,0.8838670253753662,0.0,0.09913517162203789,0.09913517162203789,0.0,0,0,0.0006343941204249859,0.0,0.009279123041778803,0.0,0.0
neu_mbv2_pattern_mining,2026-03-16T22:04:22,0,296,60,0,1.0,0.006684876047074795,0.0,0.6309556216001511,0.6309556216001511,0.0,0,0,0.003842329140752554,0.0,0.05925323301926255,0.0,0.0
neu_mbv2_pattern_mining,2026-03-16T22:04:22,0,297,60,1,1.0,0.007698214612901211,0.0,0.14909247867763042,0.14909247867763042,0.0,0,0,0.0011807610280811787,0.0,0.013728486839681864,0.0,0.0
neu_mbv2_pattern_mining,2026-03-16T22:04:22,0,298,60,2,1.0,0.015463851392269135,0.0,0.1367536699399352,0.1367536699399352,0.0,0,0,0.0010919179767370224,0.0,0.012583449017256498,0.0,0.0
neu_mbv2_pattern_mining,2026-03-16T22:04:22,0,299,60,3,1.0,0.0012702023377642035,0.0,0.08812183979898691,0.08812183979898691,0.0,0,0,0.0007823929190635681,0.0,0.008029791060835123,0.0,0.0
neu_mbv2_pattern_mining,2026-03-16T22:04:22,0,300,60,4,0.5,2.0299367904663086,0.0,0.09146413765847683,0.09146413765847683,0.0,0,0,0.0007206159643828869,0.0,0.008425797801464796,0.0,0.0
neu_mbv2_pattern_mining,2026-03-16T22:04:23,1,296,60,0,1.0,5.0428974645910785e-05,0.0,0.4284271225333214,0.4284271225333214,0.0,0,0,0.0033405511640012264,0.0,0.03950216108933091,0.0,0.0
neu_mbv2_pattern_mining,2026-03-16T22:04:23,1,297,60,1,1.0,4.680902202380821e-05,0.0,0.08598709013313055,0.08598709013313055,0.0,0,0,0.0007435600273311138,0.0,0.007855148985981941,0.0,0.0
neu_mbv2_pattern_mining,2026-03-16T22:04:23,1,298,60,2,0.984375,0.02635582722723484,0.0,0.08620230946689844,0.08620230946689844,0.0,0,0,0.0007034880109131336,0.0,0.00791674293577671,0.0,0.0
neu_mbv2_pattern_mining,2026-03-16T22:04:23,1,299,60,3,1.0,0.0020516980439424515,0.0,0.08615149185061455,0.08615149185061455,0.0,0,0,0.0007313340902328491,0.0,0.007883815094828606,0.0,0.0
neu_mbv2_pattern_mining,2026-03-16T22:04:23,1,300,60,4,0.6666666666666666,1.3360238075256348,0.0,0.10930560063570738,0.10930560063570738,0.0,0,0,0.0007614018395543098,0.0,0.010169158224016428,0.0,0.0
neu_mbv2_pattern_mining,2026-03-16T22:04:24,2,296,60,0,1.0,0.001896400237455964,0.0,0.32989456318318844,0.32989456318318844,0.0,0,0,0.003457450307905674,0.0,0.02953200601041317,0.0,0.0
neu_mbv2_pattern_mining,2026-03-16T22:04:24,2,297,60,1,1.0,0.0004743777390103787,0.0,0.08819710928946733,0.08819710928946733,0.0,0,0,0.0008338619954884052,0.0,0.007985848933458328,0.0,0.0
neu_mbv2_pattern_mining,2026-03-16T22:04:24,2,298,60,2,0.9375,0.20425066351890564,0.0,0.09056244045495987,0.09056244045495987,0.0,0,0,0.000740555115044117,0.0,0.00831568893045187,0.0,0.0
neu_mbv2_pattern_mining,2026-03-16T22:04:24,2,299,60,3,1.0,0.029375199228525162,0.0,0.08608620148152113,0.08608620148152113,0.0,0,0,0.0006869882345199585,0.0,0.007921631913632154,0.0,0.0
neu_mbv2_pattern_mining,2026-03-16T22:04:24,2,300,60,4,0.6666666666666666,1.3415035009384155,0.0,0.11905012652277946,0.11905012652277946,0.0,0,0,0.0007940027862787247,0.0,0.011111009865999222,0.0,0.0
neu_mbv2_pattern_mining,2026-03-16T22:04:25,3,296,60,0,1.0,7.238464604597539e-05,0.0,0.41917864698916674,0.41917864698916674,0.0,0,0,0.005057037808001041,0.0,0.03686082689091563,0.0,0.0
neu_mbv2_pattern_mining,2026-03-16T22:04:25,3,297,60,1,1.0,0.0023929334711283445,0.0,0.09334743022918701,0.09334743022918701,0.0,0,0,0.0007973802275955677,0.0,0.008537362795323133,0.0,0.0
neu_mbv2_pattern_mining,2026-03-16T22:04:25,3,298,60,2,1.0,0.007557475008070469,0.0,0.08684501051902771,0.08684501051902771,0.0,0,0,0.0007353578694164753,0.0,0.007949143182486296,0.0,0.0
neu_mbv2_pattern_mining,2026-03-16T22:04:25,3,299,60,3,0.96875,0.06959584355354309,0.0,0.08704180363565683,0.08704180363565683,0.0,0,0,0.0007363441400229931,0.0,0.00796783622354269,0.0,0.0
neu_mbv2_pattern_mining,2026-03-16T22:04:25,3,300,60,4,0.3333333333333333,3.3689260482788086,0.0,0.10524976998567581,0.10524976998567581,0.0,0,0,0.0006368570029735565,0.0,0.009888119995594025,0.0,0.0
neu_mbv2_pattern_mining,2026-03-16T22:04:25,4,296,60,0,1.0,1.749299917719327e-05,0.0,0.30641100835055113,0.30641100835055113,0.0,0,0,0.0032256687991321087,0.0,0.027415432035923004,0.0,0.0
neu_mbv2_pattern_mining,2026-03-16T22:04:25,4,297,60,1,1.0,0.0003197419864591211,0.0,0.08384467102587223,0.08384467102587223,0.0,0,0,0.0006676889024674892,0.0,0.007716778200119734,0.0,0.0
neu_mbv2_pattern_mining,2026-03-16T22:04:26,4,298,60,2,1.0,0.0007083317032083869,0.0,0.08262543007731438,0.08262543007731438,0.0,0,0,0.0006241570226848125,0.0,0.007638385985046625,0.0,0.0
neu_mbv2_pattern_mining,2026-03-16T22:04:26,4,299,60,3,1.0,0.00802703108638525,0.0,0.08479209616780281,0.08479209616780281,0.0,0,0,0.0007438883185386658,0.0,0.007735321298241615,0.0,0.0
neu_mbv2_pattern_mining,2026-03-16T22:04:26,4,300,60,4,0.6666666666666666,0.3192099332809448,0.0,0.10623662266880274,0.10623662266880274,0.0,0,0,0.0008515641093254089,0.0,0.009772098157554865,0.0,0.0
neu_mbv2_pattern_mining,2026-03-16T22:04:29,0,301,61,0,1.0,1.402445286657894e-05,0.0,0.35000478848814964,0.35000478848814964,0.0,0,0,0.0021264078095555305,0.0,0.032874071039259434,0.0,0.0
neu_mbv2_pattern_mining,2026-03-16T22:04:29,0,302,61,1,1.0,0.00014481958351098,0.0,0.08816661778837442,0.08816661778837442,0.0,0,0,0.0007786406204104424,0.0,0.008038021158427,0.0,0.0
neu_mbv2_pattern_mining,2026-03-16T22:04:29,0,303,61,2,0.96875,0.05094197019934654,0.0,0.10239452123641968,0.10239452123641968,0.0,0,0,0.0009202579967677593,0.0,0.009319194126874208,0.0,0.0
neu_mbv2_pattern_mining,2026-03-16T22:04:29,0,304,61,3,0.90625,0.9757052063941956,0.0,0.09353599976748228,0.09353599976748228,0.0,0,0,0.0007131970487535,0.0,0.008640402927994728,0.0,0.0
neu_mbv2_pattern_mining,2026-03-16T22:04:29,0,305,61,4,1.0,0.059837955981492996,0.0,0.10622841771692038,0.10622841771692038,0.0,0,0,0.0007135528139770031,0.0,0.009909288957715034,0.0,0.0
neu_mbv2_pattern_mining,2026-03-16T22:04:30,1,301,61,0,0.984375,0.012921566143631935,0.0,0.2751633431762457,0.2751633431762457,0.0,0,0,0.0029959604144096375,0.0,0.02452037390321493,0.0,0.0
neu_mbv2_pattern_mining,2026-03-16T22:04:30,1,302,61,1,0.84375,1.9714751243591309,0.0,0.06997649557888508,0.06997649557888508,0.0,0,0,0.0006277323700487614,0.0,0.0063699171878397465,0.0,0.0
neu_mbv2_pattern_mining,2026-03-16T22:04:30,1,303,61,2,1.0,0.0008392460877075791,0.0,0.08800957817584276,0.08800957817584276,0.0,0,0,0.0006780480034649372,0.0,0.008122909814119339,0.0,0.0
neu_mbv2_pattern_mining,2026-03-16T22:04:30,1,304,61,3,1.0,0.005115180276334286,0.0,0.07323607802391052,0.07323607802391052,0.0,0,0,0.0006485180929303169,0.0,0.006675089709460735,0.0,0.0
neu_mbv2_pattern_mining,2026-03-16T22:04:30,1,305,61,4,0.3333333333333333,4.99185037612915,0.0,0.08773487526923418,0.08773487526923418,0.0,0,0,0.0006382991559803486,0.0,0.00813518837094307,0.0,0.0
neu_mbv2_pattern_mining,2026-03-16T22:04:31,2,301,61,0,1.0,0.00010681543790269643,0.0,0.30372288543730974,0.30372288543730974,0.0,0,0,0.0034237788058817387,0.0,0.026948509737849236,0.0,0.0
neu_mbv2_pattern_mining,2026-03-16T22:04:31,2,302,61,1,1.0,0.0021153485868126154,0.0,0.0867840088903904,0.0867840088903904,0.0,0,0,0.0008060559630393982,0.0,0.007872344925999641,0.0,0.0
neu_mbv2_pattern_mining,2026-03-16T22:04:31,2,303,61,2,0.96875,0.03614052012562752,0.0,0.08708395063877106,0.08708395063877106,0.0,0,0,0.0007493528537452221,0.0,0.007959042210131884,0.0,0.0
neu_mbv2_pattern_mining,2026-03-16T22:04:31,2,304,61,3,1.0,0.01708291284739971,0.0,0.10940348263829947,0.10940348263829947,0.0,0,0,0.0008273860439658165,0.0,0.01011296221986413,0.0,0.0
neu_mbv2_pattern_mining,2026-03-16T22:04:31,2,305,61,4,0.3333333333333333,1.6460832357406616,0.0,0.14368166215717793,0.14368166215717793,0.0,0,0,0.0010413341224193573,0.0,0.013326832093298435,0.0,0.0
neu_mbv2_pattern_mining,2026-03-16T22:04:31,3,301,61,0,1.0,0.0002054678334388882,0.0,0.30445237178355455,0.30445237178355455,0.0,0,0,0.003120953217148781,0.0,0.027324283961206675,0.0,0.0
neu_mbv2_pattern_mining,2026-03-16T22:04:32,3,302,61,1,1.0,2.196297464251984e-05,0.0,0.09506870992481709,0.09506870992481709,0.0,0,0,0.0007472531870007515,0.0,0.008759617805480957,0.0,0.0
neu_mbv2_pattern_mining,2026-03-16T22:04:32,3,303,61,2,0.9375,0.515328049659729,0.0,0.08203274570405483,0.08203274570405483,0.0,0,0,0.0007073427550494671,0.0,0.007495931815356016,0.0,0.0
neu_mbv2_pattern_mining,2026-03-16T22:04:32,3,304,61,3,1.0,0.005089505109935999,0.0,0.08192005101591349,0.08192005101591349,0.0,0,0,0.0006773369386792183,0.0,0.00751466816291213,0.0,0.0
neu_mbv2_pattern_mining,2026-03-16T22:04:32,3,305,61,4,0.6666666666666666,1.4119373559951782,0.0,0.09363856166601181,0.09363856166601181,0.0,0,0,0.0006836880929768085,0.0,0.008680168073624372,0.0,0.0
neu_mbv2_pattern_mining,2026-03-16T22:04:32,4,301,61,0,1.0,8.252850420831237e-06,0.0,2.167816390283406,2.167816390283406,0.0,0,0,0.10432294011116028,0.0,0.1124586989171803,0.0,0.0
neu_mbv2_pattern_mining,2026-03-16T22:04:32,4,302,61,1,0.984375,0.0172182098031044,0.0,0.13225714210420847,0.13225714210420847,0.0,0,0,0.0010500848293304443,0.0,0.012175629381090403,0.0,0.0
neu_mbv2_pattern_mining,2026-03-16T22:04:33,4,303,61,2,0.96875,0.046751655638217926,0.0,0.12655180878937244,0.12655180878937244,0.0,0,0,0.0008442639373242855,0.0,0.011810916941612959,0.0,0.0
neu_mbv2_pattern_mining,2026-03-16T22:04:33,4,304,61,3,0.984375,0.01525585725903511,0.0,0.11079204268753529,0.11079204268753529,0.0,0,0,0.0007216730155050755,0.0,0.010357531253248453,0.0,0.0
neu_mbv2_pattern_mining,2026-03-16T22:04:33,4,305,61,4,0.6666666666666666,1.1472570896148682,0.0,0.1428386988118291,0.1428386988118291,0.0,0,0,0.0008335099555552006,0.0,0.013450359925627708,0.0,0.0
neu_mbv2_pattern_mining,2026-03-16T22:04:34,0,306,62,0,1.0,0.00029094424098730087,0.0,0.4291520919650793,0.4291520919650793,0.0,0,0,0.0028703780844807625,0.0,0.04004483111202717,0.0,0.0
neu_mbv2_pattern_mining,2026-03-16T22:04:34,0,307,62,1,1.0,0.00021636842575389892,0.0,0.1086235186085105,0.1086235186085105,0.0,0,0,0.0009759687818586826,0.0,0.009886383078992367,0.0,0.0
neu_mbv2_pattern_mining,2026-03-16T22:04:34,0,308,62,2,0.90625,0.3748827874660492,0.0,0.10310658253729343,0.10310658253729343,0.0,0,0,0.0008492488414049149,0.0,0.009461409412324429,0.0,0.0
neu_mbv2_pattern_mining,2026-03-16T22:04:34,0,309,62,3,1.0,0.001896772882901132,0.0,0.09429646655917168,0.09429646655917168,0.0,0,0,0.0007413136772811413,0.0,0.008688332978636026,0.0,0.0
neu_mbv2_pattern_mining,2026-03-16T22:04:34,0,310,62,4,0.5,1.6039077043533325,0.0,0.09984597098082304,0.09984597098082304,0.0,0,0,0.0006640632636845112,0.0,0.009320533834397793,0.0,0.0
neu_mbv2_pattern_mining,2026-03-16T22:04:34,1,306,62,0,1.0,0.0007520608487538993,0.0,0.3518173610791564,0.3518173610791564,0.0,0,0,0.00352827413007617,0.0,0.03165346197783947,0.0,0.0
neu_mbv2_pattern_mining,2026-03-16T22:04:35,1,307,62,1,0.875,0.5324627161026001,0.0,0.1009109802544117,0.1009109802544117,0.0,0,0,0.0008852081373333931,0.0,0.009205889888107777,0.0,0.0
neu_mbv2_pattern_mining,2026-03-16T22:04:35,1,308,62,2,0.890625,0.37077707052230835,0.0,0.08910341188311577,0.08910341188311577,0.0,0,0,0.000810517929494381,0.0,0.008099823258817196,0.0,0.0
neu_mbv2_pattern_mining,2026-03-16T22:04:35,1,309,62,3,0.90625,0.2216413915157318,0.0,0.08415920194238424,0.08415920194238424,0.0,0,0,0.000677288044244051,0.0,0.007738632149994373,0.0,0.0
neu_mbv2_pattern_mining,2026-03-16T22:04:35,1,310,62,4,1.0,0.34018421173095703,0.0,0.10345933027565479,0.10345933027565479,0.0,0,0,0.000626217108219862,0.0,0.009719715919345617,0.0,0.0
neu_mbv2_pattern_mining,2026-03-16T22:04:35,2,306,62,0,1.0,0.00026833266019821167,0.0,0.3008099412545562,0.3008099412545562,0.0,0,0,0.0032124537974596024,0.0,0.026868540327996016,0.0,0.0
neu_mbv2_pattern_mining,2026-03-16T22:04:35,2,307,62,1,1.0,0.000233121492783539,0.0,0.08963260799646378,0.08963260799646378,0.0,0,0,0.0006497791036963463,0.0,0.008313481695950031,0.0,0.0
neu_mbv2_pattern_mining,2026-03-16T22:04:35,2,308,62,2,0.984375,0.1516653448343277,0.0,0.08318814914673567,0.08318814914673567,0.0,0,0,0.000591338612139225,0.0,0.007727476302534342,0.0,0.0
neu_mbv2_pattern_mining,2026-03-16T22:04:35,2,309,62,3,0.984375,0.06105504184961319,0.0,0.09368568193167448,0.09368568193167448,0.0,0,0,0.0007691862992942333,0.0,0.008599381893873215,0.0,0.0
neu_mbv2_pattern_mining,2026-03-16T22:04:35,2,310,62,4,0.6666666666666666,2.788614273071289,0.0,0.11875587049871683,0.11875587049871683,0.0,0,0,0.0008354592137038708,0.0,0.011040127836167812,0.0,0.0
neu_mbv2_pattern_mining,2026-03-16T22:04:36,3,306,62,0,1.0,2.6076857011503307e-06,0.0,0.3856041608378291,0.3856041608378291,0.0,0,0,0.004225139040499926,0.0,0.034335277043282986,0.0,0.0
neu_mbv2_pattern_mining,2026-03-16T22:04:36,3,307,62,1,1.0,0.0001825955114327371,0.0,0.12343151494860649,0.12343151494860649,0.0,0,0,0.0009658988565206528,0.0,0.011377252638339996,0.0,0.0
neu_mbv2_pattern_mining,2026-03-16T22:04:36,3,308,62,2,1.0,0.000971559900790453,0.0,0.08314026985317469,0.08314026985317469,0.0,0,0,0.0006457841955125332,0.0,0.0076682427898049355,0.0,0.0
neu_mbv2_pattern_mining,2026-03-16T22:04:36,3,309,62,3,1.0,6.510577804874629e-05,0.0,0.08541909977793694,0.08541909977793694,0.0,0,0,0.0006888988427817822,0.0,0.007853011135011911,0.0,0.0
neu_mbv2_pattern_mining,2026-03-16T22:04:36,3,310,62,4,0.3333333333333333,1.0776735544204712,0.0,0.10250925086438656,0.10250925086438656,0.0,0,0,0.0007308181375265121,0.0,0.009520106948912144,0.0,0.0
neu_mbv2_pattern_mining,2026-03-16T22:04:37,4,306,62,0,1.0,2.70866494247457e-05,0.0,0.47483847942203283,0.47483847942203283,0.0,0,0,0.00479036383330822,0.0,0.04269348410889506,0.0,0.0
neu_mbv2_pattern_mining,2026-03-16T22:04:37,4,307,62,1,0.953125,0.25818440318107605,0.0,0.1210243534296751,0.1210243534296751,0.0,0,0,0.0010084440000355244,0.0,0.011093991342931986,0.0,0.0
neu_mbv2_pattern_mining,2026-03-16T22:04:37,4,308,62,2,1.0,0.0010620849207043648,0.0,0.13497720938175917,0.13497720938175917,0.0,0,0,0.0010489779524505138,0.0,0.012448742985725403,0.0,0.0
neu_mbv2_pattern_mining,2026-03-16T22:04:37,4,309,62,3,0.828125,0.8894720077514648,0.0,0.10580056346952915,0.10580056346952915,0.0,0,0,0.0008632931858301163,0.0,0.009716763161122799,0.0,0.0
neu_mbv2_pattern_mining,2026-03-16T22:04:37,4,310,62,4,0.6666666666666666,0.801576554775238,0.0,0.12946806382387877,0.12946806382387877,0.0,0,0,0.0008921921253204346,0.0,0.012054614257067442,0.0,0.0
neu_mbv2_pattern_mining,2026-03-16T22:04:40,0,311,63,0,1.0,0.0034045681823045015,0.0,0.2092654211446643,0.2092654211446643,0.0,0,0,0.0014962558634579182,0.0,0.01943028625100851,0.0,0.0
neu_mbv2_pattern_mining,2026-03-16T22:04:41,0,312,63,1,0.9375,0.12887568771839142,0.0,0.0970360916107893,0.0970360916107893,0.0,0,0,0.000842199195176363,0.0,0.008861409965902567,0.0,0.0
neu_mbv2_pattern_mining,2026-03-16T22:04:41,0,313,63,2,0.859375,0.2766399681568146,0.0,0.10313540697097778,0.10313540697097778,0.0,0,0,0.0007455800659954548,0.0,0.009567960631102324,0.0,0.0
neu_mbv2_pattern_mining,2026-03-16T22:04:41,0,314,63,3,0.96875,0.043975625187158585,0.0,0.09745097253471613,0.09745097253471613,0.0,0,0,0.0007292181253433228,0.0,0.00901587912812829,0.0,0.0
neu_mbv2_pattern_mining,2026-03-16T22:04:41,0,315,63,4,0.75,1.7199220657348633,0.0,0.09438947774469852,0.09438947774469852,0.0,0,0,0.0006849206984043121,0.0,0.00875402707606554,0.0,0.0
neu_mbv2_pattern_mining,2026-03-16T22:04:41,1,311,63,0,1.0,0.00022532402363140136,0.0,0.4128905525431037,0.4128905525431037,0.0,0,0,0.0044077131897211075,0.0,0.03688134206458926,0.0,0.0
neu_mbv2_pattern_mining,2026-03-16T22:04:41,1,312,63,1,0.96875,0.0399472638964653,0.0,0.10604056064039469,0.10604056064039469,0.0,0,0,0.001171161886304617,0.0,0.009432894177734852,0.0,0.0
neu_mbv2_pattern_mining,2026-03-16T22:04:41,1,313,63,2,1.0,0.0006957565201446414,0.0,0.08290124125778675,0.08290124125778675,0.0,0,0,0.0006386060267686844,0.0,0.007651518099009991,0.0,0.0
neu_mbv2_pattern_mining,2026-03-16T22:04:41,1,314,63,3,0.9375,0.20484857261180878,0.0,0.07368768099695444,0.07368768099695444,0.0,0,0,0.000612426083534956,0.0,0.006756342016160488,0.0,0.0
neu_mbv2_pattern_mining,2026-03-16T22:04:41,1,315,63,4,0.6666666666666666,1.0275336503982544,0.0,0.09697416797280312,0.09697416797280312,0.0,0,0,0.0006457450799643993,0.0,0.009051671717315912,0.0,0.0
neu_mbv2_pattern_mining,2026-03-16T22:04:42,2,311,63,0,0.984375,0.01766897365450859,0.0,0.3423125296831131,0.3423125296831131,0.0,0,0,0.0036975988186895847,0.0,0.030533654149621725,0.0,0.0
neu_mbv2_pattern_mining,2026-03-16T22:04:42,2,312,63,1,0.984375,0.03726067766547203,0.0,0.08636193349957466,0.08636193349957466,0.0,0,0,0.0007551303133368492,0.0,0.007881063036620617,0.0,0.0
neu_mbv2_pattern_mining,2026-03-16T22:04:42,2,313,63,2,0.890625,0.419536828994751,0.0,0.08553387131541967,0.08553387131541967,0.0,0,0,0.0007248418405652046,0.0,0.007828545290976763,0.0,0.0
neu_mbv2_pattern_mining,2026-03-16T22:04:42,2,314,63,3,0.984375,0.06497518718242645,0.0,0.08663719519972801,0.08663719519972801,0.0,0,0,0.0007617208175361156,0.0,0.007901998702436686,0.0,0.0
neu_mbv2_pattern_mining,2026-03-16T22:04:42,2,315,63,4,0.6666666666666666,0.5548791289329529,0.0,0.10495500173419714,0.10495500173419714,0.0,0,0,0.0006218110211193562,0.0,0.009873689152300358,0.0,0.0
neu_mbv2_pattern_mining,2026-03-16T22:04:43,3,311,63,0,0.984375,0.03654322028160095,0.0,0.4827850637957454,0.4827850637957454,0.0,0,0,0.004866299219429493,0.0,0.043412207160145044,0.0,0.0
neu_mbv2_pattern_mining,2026-03-16T22:04:43,3,312,63,1,0.96875,0.17189976572990417,0.0,0.12879807967692614,0.12879807967692614,0.0,0,0,0.0009680888615548611,0.0,0.011911719106137753,0.0,0.0
neu_mbv2_pattern_mining,2026-03-16T22:04:43,3,313,63,2,1.0,0.0061936154961586,0.0,0.10795468930155039,0.10795468930155039,0.0,0,0,0.0008827308192849159,0.0,0.009912738110870123,0.0,0.0
neu_mbv2_pattern_mining,2026-03-16T22:04:43,3,314,63,3,0.984375,0.03395172581076622,0.0,0.10413911193609238,0.10413911193609238,0.0,0,0,0.0008187261410057545,0.0,0.009595185052603483,0.0,0.0
neu_mbv2_pattern_mining,2026-03-16T22:04:43,3,315,63,4,0.3333333333333333,4.522249698638916,0.0,0.12455793097615242,0.12455793097615242,0.0,0,0,0.000832471065223217,0.0,0.011623322032392025,0.0,0.0
neu_mbv2_pattern_mining,2026-03-16T22:04:43,4,311,63,0,1.0,0.004268576391041279,0.0,0.31995993107557297,0.31995993107557297,0.0,0,0,0.0036912020295858383,0.0,0.02830479107797146,0.0,0.0
neu_mbv2_pattern_mining,2026-03-16T22:04:43,4,312,63,1,0.984375,0.03465235233306885,0.0,0.08514655753970146,0.08514655753970146,0.0,0,0,0.0007289201021194458,0.0,0.0077857356518507,0.0,0.0
neu_mbv2_pattern_mining,2026-03-16T22:04:43,4,313,63,2,0.9375,0.11764337122440338,0.0,0.09135332889854908,0.09135332889854908,0.0,0,0,0.0006797858513891697,0.0,0.008455547038465738,0.0,0.0
neu_mbv2_pattern_mining,2026-03-16T22:04:43,4,314,63,3,1.0,0.00010716567339841276,0.0,0.09359756484627724,0.09359756484627724,0.0,0,0,0.0007060142233967781,0.0,0.008653742261230946,0.0,0.0
neu_mbv2_pattern_mining,2026-03-16T22:04:43,4,315,63,4,0.3333333333333333,2.369821786880493,0.0,0.11467463802546263,0.11467463802546263,0.0,0,0,0.0009460318833589554,0.0,0.010521431919187307,0.0,0.0
neu_mbv2_pattern_mining,2026-03-16T22:04:44,0,316,64,0,1.0,1.513637926109368e-05,0.0,0.296847871504724,0.296847871504724,0.0,0,0,0.0020152200013399124,0.0,0.02766956714913249,0.0,0.0
neu_mbv2_pattern_mining,2026-03-16T22:04:44,0,317,64,1,1.0,0.026122473180294037,0.0,0.10229172185063362,0.10229172185063362,0.0,0,0,0.0008481582626700401,0.0,0.009381013922393322,0.0,0.0
neu_mbv2_pattern_mining,2026-03-16T22:04:45,0,318,64,2,1.0,5.13675477122888e-05,0.0,0.1048685796558857,0.1048685796558857,0.0,0,0,0.0008496260270476341,0.0,0.009637231938540936,0.0,0.0
neu_mbv2_pattern_mining,2026-03-16T22:04:45,0,319,64,3,0.984375,0.04046746715903282,0.0,0.09770394302904606,0.09770394302904606,0.0,0,0,0.0008057672530412674,0.0,0.008964627049863338,0.0,0.0
neu_mbv2_pattern_mining,2026-03-16T22:04:45,0,320,64,4,0.75,4.30491304397583,0.0,0.10988378897309303,0.10988378897309303,0.0,0,0,0.0007680519483983517,0.0,0.010220326948910952,0.0,0.0
neu_mbv2_pattern_mining,2026-03-16T22:04:45,1,316,64,0,1.0,9.370583575218916e-05,0.0,0.3063524607568979,0.3063524607568979,0.0,0,0,0.003562157042324543,0.0,0.02707308903336525,0.0,0.0
neu_mbv2_pattern_mining,2026-03-16T22:04:45,1,317,64,1,1.0,0.0011017090873792768,0.0,0.11192779522389174,0.11192779522389174,0.0,0,0,0.0009921081364154816,0.0,0.010200671385973692,0.0,0.0
neu_mbv2_pattern_mining,2026-03-16T22:04:45,1,318,64,2,1.0,0.0023111922200769186,0.0,0.07779434323310852,0.07779434323310852,0.0,0,0,0.0007101781666278839,0.0,0.007069256156682968,0.0,0.0
neu_mbv2_pattern_mining,2026-03-16T22:04:45,1,319,64,3,1.0,0.007152939215302467,0.0,0.08832721970975399,0.08832721970975399,0.0,0,0,0.0007859659381210804,0.0,0.008046756032854319,0.0,0.0
neu_mbv2_pattern_mining,2026-03-16T22:04:45,1,320,64,4,0.6666666666666666,1.5935426950454712,0.0,0.12760027311742306,0.12760027311742306,0.0,0,0,0.00086967833340168,0.0,0.011890348978340626,0.0,0.0
neu_mbv2_pattern_mining,2026-03-16T22:04:46,2,316,64,0,1.0,0.0003006311599165201,0.0,0.4636845691129565,0.4636845691129565,0.0,0,0,0.004680805839598179,0.0,0.041687651071697474,0.0,0.0
neu_mbv2_pattern_mining,2026-03-16T22:04:46,2,317,64,1,0.953125,0.25211209058761597,0.0,0.08886393159627914,0.08886393159627914,0.0,0,0,0.0007389220409095287,0.0,0.008147471118718386,0.0,0.0
neu_mbv2_pattern_mining,2026-03-16T22:04:46,2,318,64,2,0.953125,0.10313685238361359,0.0,0.1496877195313573,0.1496877195313573,0.0,0,0,0.0011633159592747688,0.0,0.01380545599386096,0.0,0.0
neu_mbv2_pattern_mining,2026-03-16T22:04:46,2,319,64,3,1.0,0.015670929104089737,0.0,0.08663191925734282,0.08663191925734282,0.0,0,0,0.0007110727019608021,0.0,0.00795211922377348,0.0,0.0
neu_mbv2_pattern_mining,2026-03-16T22:04:46,2,320,64,4,1.0,0.009070247411727905,0.0,0.11304851155728102,0.11304851155728102,0.0,0,0,0.0007152450270950794,0.0,0.010589606128633022,0.0,0.0
neu_mbv2_pattern_mining,2026-03-16T22:04:47,3,316,64,0,1.0,0.00032169074984267354,0.0,0.48906913958489895,0.48906913958489895,0.0,0,0,0.0052494630217552185,0.0,0.043657450936734676,0.0,0.0
neu_mbv2_pattern_mining,2026-03-16T22:04:47,3,317,64,1,1.0,0.006772513501346111,0.0,0.14424481894820929,0.14424481894820929,0.0,0,0,0.0011854898184537888,0.0,0.01323899207636714,0.0,0.0
neu_mbv2_pattern_mining,2026-03-16T22:04:47,3,318,64,2,0.984375,0.07001824676990509,0.0,0.1364384312182665,0.1364384312182665,0.0,0,0,0.0010288353078067303,0.0,0.012615007814019918,0.0,0.0
neu_mbv2_pattern_mining,2026-03-16T22:04:47,3,319,64,3,0.96875,0.04538651928305626,0.0,0.11167536955326796,0.11167536955326796,0.0,0,0,0.0009085810743272305,0.0,0.010258955880999565,0.0,0.0
neu_mbv2_pattern_mining,2026-03-16T22:04:47,3,320,64,4,0.3333333333333333,3.8610000610351562,0.0,0.12302552349865437,0.12302552349865437,0.0,0,0,0.0007564141415059566,0.0,0.01154613820835948,0.0,0.0
neu_mbv2_pattern_mining,2026-03-16T22:04:48,4,316,64,0,1.0,3.5320332244737074e-05,0.0,0.5127206724137068,0.5127206724137068,0.0,0,0,0.005917741917073727,0.0,0.04535432532429695,0.0,0.0
neu_mbv2_pattern_mining,2026-03-16T22:04:48,4,317,64,1,1.0,0.013558879494667053,0.0,0.10279639158397913,0.10279639158397913,0.0,0,0,0.0009071449749171734,0.0,0.00937249418348074,0.0,0.0
neu_mbv2_pattern_mining,2026-03-16T22:04:48,4,318,64,2,0.96875,0.047361329197883606,0.0,0.09428494609892368,0.09428494609892368,0.0,0,0,0.0008348445408046246,0.0,0.008593650069087744,0.0,0.0
neu_mbv2_pattern_mining,2026-03-16T22:04:48,4,319,64,3,0.984375,0.05610470846295357,0.0,0.09678398258984089,0.09678398258984089,0.0,0,0,0.0007935762405395508,0.0,0.008884822018444538,0.0,0.0
neu_mbv2_pattern_mining,2026-03-16T22:04:48,4,320,64,4,0.6666666666666666,2.957667112350464,0.0,0.11381861753761768,0.11381861753761768,0.0,0,0,0.0008277720771729946,0.0,0.010554089676588774,0.0,0.0
neu_mbv2_pattern_mining,2026-03-16T22:04:49,0,321,65,0,1.0,6.85234263073653e-05,0.0,0.2880744216963649,0.2880744216963649,0.0,0,0,0.0021274900063872337,0.0,0.026679952163249254,0.0,0.0
neu_mbv2_pattern_mining,2026-03-16T22:04:49,0,322,65,1,1.0,0.00029641675064340234,0.0,0.1095188595354557,0.1095188595354557,0.0,0,0,0.0009667030535638332,0.0,0.009985182899981737,0.0,0.0
neu_mbv2_pattern_mining,2026-03-16T22:04:49,0,323,65,2,0.984375,0.04835675284266472,0.0,0.09444986004382372,0.09444986004382372,0.0,0,0,0.0007477980107069016,0.0,0.00869718799367547,0.0,0.0
neu_mbv2_pattern_mining,2026-03-16T22:04:49,0,324,65,3,0.734375,1.2895481586456299,0.0,0.10004899930208921,0.10004899930208921,0.0,0,0,0.0008627269417047501,0.0,0.009142172988504171,0.0,0.0
neu_mbv2_pattern_mining,2026-03-16T22:04:49,0,325,65,4,0.75,0.5050755739212036,0.0,0.10183814447373152,0.10183814447373152,0.0,0,0,0.0008233953267335892,0.0,0.009360419120639563,0.0,0.0
neu_mbv2_pattern_mining,2026-03-16T22:04:50,1,321,65,0,1.0,9.094967026612721e-06,0.0,0.3129666531458497,0.3129666531458497,0.0,0,0,0.0032927836291491985,0.0,0.028003881685435772,0.0,0.0
neu_mbv2_pattern_mining,2026-03-16T22:04:50,1,322,65,1,1.0,0.00037864019395783544,0.0,0.10635009035468102,0.10635009035468102,0.0,0,0,0.0008642836473882198,0.0,0.009770725388079882,0.0,0.0
neu_mbv2_pattern_mining,2026-03-16T22:04:50,1,323,65,2,1.0,0.00010200109682045877,0.0,0.09461799170821905,0.09461799170821905,0.0,0,0,0.0007258132100105286,0.0,0.008735985960811377,0.0,0.0
neu_mbv2_pattern_mining,2026-03-16T22:04:50,1,324,65,3,0.984375,0.07566793262958527,0.0,0.08974628988653421,0.08974628988653421,0.0,0,0,0.0006673061288893223,0.0,0.008307322859764099,0.0,0.0
neu_mbv2_pattern_mining,2026-03-16T22:04:50,1,325,65,4,0.6666666666666666,1.5742197036743164,0.0,0.10354450903832912,0.10354450903832912,0.0,0,0,0.0006672949530184269,0.0,0.009687155950814486,0.0,0.0
neu_mbv2_pattern_mining,2026-03-16T22:04:50,2,321,65,0,1.0,0.0010808471124619246,0.0,0.4187196772545576,0.4187196772545576,0.0,0,0,0.0035922047682106495,0.0,0.03827976295724511,0.0,0.0
neu_mbv2_pattern_mining,2026-03-16T22:04:50,2,322,65,1,0.984375,0.09023018181324005,0.0,0.13187353499233723,0.13187353499233723,0.0,0,0,0.0010179751552641392,0.0,0.012169378343969584,0.0,0.0
neu_mbv2_pattern_mining,2026-03-16T22:04:50,2,323,65,2,1.0,0.01131178718060255,0.0,0.1148694520816207,0.1148694520816207,0.0,0,0,0.0009185648523271084,0.0,0.010568380355834961,0.0,0.0
neu_mbv2_pattern_mining,2026-03-16T22:04:51,2,324,65,3,1.0,0.007424832321703434,0.0,0.11137601919472218,0.11137601919472218,0.0,0,0,0.0008147167973220348,0.0,0.010322885122150183,0.0,0.0
neu_mbv2_pattern_mining,2026-03-16T22:04:51,2,325,65,4,0.6666666666666666,3.573134660720825,0.0,0.13415560591965914,0.13415560591965914,0.0,0,0,0.0008958363905549049,0.0,0.012519724201411009,0.0,0.0
neu_mbv2_pattern_mining,2026-03-16T22:04:51,3,321,65,0,1.0,6.002770169288851e-05,0.0,0.30562920961529016,0.30562920961529016,0.0,0,0,0.0034815380349755287,0.0,0.027081382926553488,0.0,0.0
neu_mbv2_pattern_mining,2026-03-16T22:04:51,3,322,65,1,0.9375,0.23521055281162262,0.0,0.12495295144617558,0.12495295144617558,0.0,0,0,0.0010343361645936966,0.0,0.011460958980023861,0.0,0.0
neu_mbv2_pattern_mining,2026-03-16T22:04:51,3,323,65,2,1.0,0.003812068374827504,0.0,0.10157693177461624,0.10157693177461624,0.0,0,0,0.0007328009232878685,0.0,0.009424892254173756,0.0,0.0
neu_mbv2_pattern_mining,2026-03-16T22:04:51,3,324,65,3,0.921875,0.2737036943435669,0.0,0.09500813204795122,0.09500813204795122,0.0,0,0,0.0007020002231001854,0.0,0.008798812981694937,0.0,0.0
neu_mbv2_pattern_mining,2026-03-16T22:04:51,3,325,65,4,0.6666666666666666,2.2385265827178955,0.0,0.12455860618501902,0.12455860618501902,0.0,0,0,0.0008879583328962326,0.0,0.011567902285605669,0.0,0.0
neu_mbv2_pattern_mining,2026-03-16T22:04:52,4,321,65,0,1.0,0.0009333368507213891,0.0,0.4308328730985522,0.4308328730985522,0.0,0,0,0.005112522281706333,0.0,0.03797076502814889,0.0,0.0
neu_mbv2_pattern_mining,2026-03-16T22:04:52,4,322,65,1,0.953125,0.2089730203151703,0.0,0.11405442841351032,0.11405442841351032,0.0,0,0,0.000965361949056387,0.0,0.010440080892294645,0.0,0.0
neu_mbv2_pattern_mining,2026-03-16T22:04:52,4,323,65,2,1.0,7.057767652440816e-05,0.0,0.08871952071785927,0.08871952071785927,0.0,0,0,0.0007466929964721203,0.0,0.008125259075313807,0.0,0.0
neu_mbv2_pattern_mining,2026-03-16T22:04:52,4,324,65,3,0.96875,0.11145244538784027,0.0,0.08532595355063677,0.08532595355063677,0.0,0,0,0.0006886143237352371,0.0,0.00784398103132844,0.0,0.0
neu_mbv2_pattern_mining,2026-03-16T22:04:52,4,325,65,4,0.6666666666666666,1.3316013813018799,0.0,0.10091767646372318,0.10091767646372318,0.0,0,0,0.0006740540266036987,0.0,0.00941771361976862,0.0,0.0
neu_mbv2_pattern_mining,2026-03-16T22:04:53,0,326,66,0,1.0,6.212601147126406e-05,0.0,0.5792377702891827,0.5792377702891827,0.0,0,0,0.0027131210081279278,0.0,0.05521065602079034,0.0,0.0
neu_mbv2_pattern_mining,2026-03-16T22:04:53,0,327,66,1,0.96875,0.07947215437889099,0.0,0.1270631980150938,0.1270631980150938,0.0,0,0,0.001002974808216095,0.0,0.011703344993293285,0.0,0.0
neu_mbv2_pattern_mining,2026-03-16T22:04:53,0,328,66,2,1.0,0.001370067591778934,0.0,0.10658334009349346,0.10658334009349346,0.0,0,0,0.0007960600778460503,0.0,0.009862273931503296,0.0,0.0
neu_mbv2_pattern_mining,2026-03-16T22:04:53,0,329,66,3,1.0,0.0019094942836090922,0.0,0.10721134953200817,0.10721134953200817,0.0,0,0,0.0008573438972234726,0.0,0.009863791055977345,0.0,0.0
neu_mbv2_pattern_mining,2026-03-16T22:04:53,0,330,66,4,0.75,0.6850187182426453,0.0,0.11220784857869148,0.11220784857869148,0.0,0,0,0.000840142834931612,0.0,0.010380642022937536,0.0,0.0
neu_mbv2_pattern_mining,2026-03-16T22:04:54,1,326,66,0,1.0,1.1782569345086813e-05,0.0,0.33744071144610643,0.33744071144610643,0.0,0,0,0.00390658201649785,0.0,0.029837489128112793,0.0,0.0
neu_mbv2_pattern_mining,2026-03-16T22:04:54,1,327,66,1,1.0,0.002198175061494112,0.0,0.08967241737991571,0.08967241737991571,0.0,0,0,0.0007430850528180599,0.0,0.008224156685173512,0.0,0.0
neu_mbv2_pattern_mining,2026-03-16T22:04:54,1,328,66,2,1.0,5.4067430028226227e-05,0.0,0.08665505331009626,0.08665505331009626,0.0,0,0,0.0007245452143251896,0.0,0.007940960116684437,0.0,0.0
neu_mbv2_pattern_mining,2026-03-16T22:04:54,1,329,66,3,0.96875,0.31798699498176575,0.0,0.08787172380834818,0.08787172380834818,0.0,0,0,0.0007433830760419369,0.0,0.008043789304792881,0.0,0.0
neu_mbv2_pattern_mining,2026-03-16T22:04:54,1,330,66,4,0.6666666666666666,1.206648349761963,0.0,0.11366578750312328,0.11366578750312328,0.0,0,0,0.0007127430289983749,0.0,0.010653835721313953,0.0,0.0
neu_mbv2_pattern_mining,2026-03-16T22:04:55,2,326,66,0,1.0,3.1683175620855764e-06,0.0,0.38801959715783596,0.38801959715783596,0.0,0,0,0.003362857736647129,0.0,0.03543910197913647,0.0,0.0
neu_mbv2_pattern_mining,2026-03-16T22:04:55,2,327,66,1,1.0,1.9389870431041345e-05,0.0,0.09630781132727861,0.09630781132727861,0.0,0,0,0.0008210460655391216,0.0,0.00880973506718874,0.0,0.0
neu_mbv2_pattern_mining,2026-03-16T22:04:55,2,328,66,2,0.9375,0.1968819797039032,0.0,0.0890212319791317,0.0890212319791317,0.0,0,0,0.0007971110753715038,0.0,0.008105012122541666,0.0,0.0
neu_mbv2_pattern_mining,2026-03-16T22:04:55,2,329,66,3,1.0,0.00013950711581856012,0.0,0.08911474607884884,0.08911474607884884,0.0,0,0,0.0007716896943747997,0.0,0.008139784913510084,0.0,0.0
neu_mbv2_pattern_mining,2026-03-16T22:04:55,2,330,66,4,0.6666666666666666,2.036128282546997,0.0,0.10753413662314415,0.10753413662314415,0.0,0,0,0.0007988638244569302,0.0,0.009954549837857485,0.0,0.0
neu_mbv2_pattern_mining,2026-03-16T22:04:56,3,326,66,0,1.0,2.6014880859293044e-05,0.0,0.4953341977670789,0.4953341977670789,0.0,0,0,0.005190266761928797,0.0,0.04434315301477909,0.0,0.0
neu_mbv2_pattern_mining,2026-03-16T22:04:56,3,327,66,1,1.0,3.1140807550400496e-05,0.0,0.13211536221206188,0.13211536221206188,0.0,0,0,0.0011726198717951775,0.0,0.01203891634941101,0.0,0.0
neu_mbv2_pattern_mining,2026-03-16T22:04:56,3,328,66,2,1.0,9.148957360594068e-06,0.0,0.12022535316646099,0.12022535316646099,0.0,0,0,0.0009318212978541851,0.0,0.011090714018791914,0.0,0.0
neu_mbv2_pattern_mining,2026-03-16T22:04:56,3,329,66,3,0.984375,0.05999964848160744,0.0,0.1216242415830493,0.1216242415830493,0.0,0,0,0.000981851015239954,0.0,0.011180573143064976,0.0,0.0
neu_mbv2_pattern_mining,2026-03-16T22:04:56,3,330,66,4,0.3333333333333333,2.8052260875701904,0.0,0.1592700183391571,0.1592700183391571,0.0,0,0,0.0009705447591841221,0.0,0.014956457074731588,0.0,0.0
neu_mbv2_pattern_mining,2026-03-16T22:04:56,4,326,66,0,1.0,6.21157669229433e-05,0.0,0.47438327223062515,0.47438327223062515,0.0,0,0,0.0046106730587780476,0.0,0.04282765416428447,0.0,0.0
neu_mbv2_pattern_mining,2026-03-16T22:04:56,4,327,66,1,0.984375,0.03385792672634125,0.0,0.1491692615672946,0.1491692615672946,0.0,0,0,0.0008458890952169895,0.0,0.01407103706151247,0.0,0.0
neu_mbv2_pattern_mining,2026-03-16T22:04:56,4,328,66,2,1.0,0.00046992854913696647,0.0,0.1488835597410798,0.1488835597410798,0.0,0,0,0.0010891137644648552,0.0,0.013799242209643126,0.0,0.0
neu_mbv2_pattern_mining,2026-03-16T22:04:56,4,329,66,3,0.984375,0.1442888081073761,0.0,0.10963138192892075,0.10963138192892075,0.0,0,0,0.0008560079149901867,0.0,0.010107130277901888,0.0,0.0
neu_mbv2_pattern_mining,2026-03-16T22:04:57,4,330,66,4,1.0,0.05255340412259102,0.0,0.1066674292087555,0.1066674292087555,0.0,0,0,0.0006911782547831535,0.0,0.009975564666092396,0.0,0.0
neu_mbv2_pattern_mining,2026-03-16T22:04:58,0,331,67,0,1.0,5.3253759688232094e-05,0.0,0.276180999353528,0.276180999353528,0.0,0,0,0.001923311036080122,0.0,0.02569478889927268,0.0,0.0
neu_mbv2_pattern_mining,2026-03-16T22:04:58,0,332,67,1,1.0,0.00019645181600935757,0.0,0.0988121796399355,0.0988121796399355,0.0,0,0,0.0008402029052376747,0.0,0.009041015058755875,0.0,0.0
neu_mbv2_pattern_mining,2026-03-16T22:04:58,0,333,67,2,0.953125,0.16446343064308167,0.0,0.08800134994089603,0.08800134994089603,0.0,0,0,0.0007922491058707237,0.0,0.00800788588821888,0.0,0.0
neu_mbv2_pattern_mining,2026-03-16T22:04:58,0,334,67,3,1.0,0.0027652860153466463,0.0,0.0876543577760458,0.0876543577760458,0.0,0,0,0.0007662149146199226,0.0,0.007999220862984657,0.0,0.0
neu_mbv2_pattern_mining,2026-03-16T22:04:58,0,335,67,4,0.75,1.7293543815612793,0.0,0.09048367850482464,0.09048367850482464,0.0,0,0,0.0007454678416252136,0.0,0.00830290000885725,0.0,0.0
neu_mbv2_pattern_mining,2026-03-16T22:04:59,1,331,67,0,1.0,0.00154105166438967,0.0,0.402144817635417,0.402144817635417,0.0,0,0,0.004762588068842888,0.0,0.03545189369469881,0.0,0.0
neu_mbv2_pattern_mining,2026-03-16T22:04:59,1,332,67,1,0.984375,0.034118857234716415,0.0,0.13399523217231035,0.13399523217231035,0.0,0,0,0.0009132931008934975,0.0,0.012486230116337538,0.0,0.0
neu_mbv2_pattern_mining,2026-03-16T22:04:59,1,333,67,2,0.890625,0.3512851893901825,0.0,0.09866756852716208,0.09866756852716208,0.0,0,0,0.0007717059925198555,0.0,0.009095050860196352,0.0,0.0
neu_mbv2_pattern_mining,2026-03-16T22:04:59,1,334,67,3,0.984375,0.0751759335398674,0.0,0.11919053737074137,0.11919053737074137,0.0,0,0,0.0012740236707031727,0.0,0.010645030066370964,0.0,0.0
neu_mbv2_pattern_mining,2026-03-16T22:04:59,1,335,67,4,0.6666666666666666,1.0025633573532104,0.0,0.15347981359809637,0.15347981359809637,0.0,0,0,0.0008340682834386826,0.0,0.014513913076370955,0.0,0.0
neu_mbv2_pattern_mining,2026-03-16T22:04:59,2,331,67,0,1.0,1.5737012290628627e-05,0.0,0.4190724575892091,0.4190724575892091,0.0,0,0,0.0042388648726046085,0.0,0.0376683808863163,0.0,0.0
neu_mbv2_pattern_mining,2026-03-16T22:04:59,2,332,67,1,1.0,4.679103221860714e-05,0.0,0.1516050100326538,0.1516050100326538,0.0,0,0,0.0010571470484137535,0.0,0.014103353954851627,0.0,0.0
neu_mbv2_pattern_mining,2026-03-16T22:04:59,2,333,67,2,0.984375,0.019096849486231804,0.0,0.08840236347168684,0.08840236347168684,0.0,0,0,0.0007353122346103191,0.0,0.008104924112558365,0.0,0.0
neu_mbv2_pattern_mining,2026-03-16T22:05:00,2,334,67,3,0.8125,1.5583539009094238,0.0,0.08789455983787775,0.08789455983787775,0.0,0,0,0.0006943610496819019,0.0,0.008095094934105873,0.0,0.0
neu_mbv2_pattern_mining,2026-03-16T22:05:00,2,335,67,4,0.3333333333333333,1.9060769081115723,0.0,0.10889867786318064,0.10889867786318064,0.0,0,0,0.0006662299856543541,0.0,0.01022363780066371,0.0,0.0
neu_mbv2_pattern_mining,2026-03-16T22:05:00,3,331,67,0,1.0,0.00010049392585642636,0.0,0.542607051320374,0.542607051320374,0.0,0,0,0.0059499978087842464,0.0,0.048310707323253155,0.0,0.0
neu_mbv2_pattern_mining,2026-03-16T22:05:00,3,332,67,1,0.984375,0.01370701752603054,0.0,0.1543684583157301,0.1543684583157301,0.0,0,0,0.0012121070176362991,0.0,0.01422473881393671,0.0,0.0
neu_mbv2_pattern_mining,2026-03-16T22:05:00,3,333,67,2,0.953125,0.2273985892534256,0.0,0.14909887220710516,0.14909887220710516,0.0,0,0,0.0010130992159247398,0.0,0.013896788004785776,0.0,0.0
neu_mbv2_pattern_mining,2026-03-16T22:05:00,3,334,67,3,1.0,0.0007246083696372807,0.0,0.1390037266537547,0.1390037266537547,0.0,0,0,0.0009788279421627522,0.0,0.012921544723212719,0.0,0.0
neu_mbv2_pattern_mining,2026-03-16T22:05:00,3,335,67,4,0.6666666666666666,0.4800550043582916,0.0,0.10447414126247168,0.10447414126247168,0.0,0,0,0.0006761439144611359,0.0,0.009771270211786032,0.0,0.0
neu_mbv2_pattern_mining,2026-03-16T22:05:01,4,331,67,0,1.0,0.00409985426813364,0.0,0.3229595208540559,0.3229595208540559,0.0,0,0,0.0033706440590322018,0.0,0.028925308026373386,0.0,0.0
neu_mbv2_pattern_mining,2026-03-16T22:05:01,4,332,67,1,1.0,0.0006296989740803838,0.0,0.08892757818102837,0.08892757818102837,0.0,0,0,0.0007632030174136162,0.0,0.00812955480068922,0.0,0.0
neu_mbv2_pattern_mining,2026-03-16T22:05:01,4,333,67,2,0.9375,0.237862229347229,0.0,0.09037790354341269,0.09037790354341269,0.0,0,0,0.0008335169404745102,0.0,0.008204273413866758,0.0,0.0
neu_mbv2_pattern_mining,2026-03-16T22:05:01,4,334,67,3,0.984375,0.028526457026600838,0.0,0.08914588950574398,0.08914588950574398,0.0,0,0,0.000713604036718607,0.0,0.008200984913855791,0.0,0.0
neu_mbv2_pattern_mining,2026-03-16T22:05:01,4,335,67,4,0.0,1.8667410612106323,0.0,0.11166711337864399,0.11166711337864399,0.0,0,0,0.0007240921258926392,0.0,0.01044261921197176,0.0,0.0
neu_mbv2_pattern_mining,2026-03-16T22:05:02,0,336,68,0,1.0,0.0008263237541541457,0.0,0.308891492895782,0.308891492895782,0.0,0,0,0.0018946132622659206,0.0,0.02899453602731228,0.0,0.0
neu_mbv2_pattern_mining,2026-03-16T22:05:02,0,337,68,1,0.953125,0.13388776779174805,0.0,0.09008401073515415,0.09008401073515415,0.0,0,0,0.0008162730373442173,0.0,0.008192128036171198,0.0,0.0
neu_mbv2_pattern_mining,2026-03-16T22:05:02,0,338,68,2,1.0,0.0070915184915065765,0.0,0.10471208486706018,0.10471208486706018,0.0,0,0,0.0008766907267272472,0.0,0.009594517759978771,0.0,0.0
neu_mbv2_pattern_mining,2026-03-16T22:05:03,0,339,68,3,0.9375,0.09609469771385193,0.0,0.09834417141973972,0.09834417141973972,0.0,0,0,0.0007634041830897331,0.0,0.00907101295888424,0.0,0.0
neu_mbv2_pattern_mining,2026-03-16T22:05:03,0,340,68,4,0.75,0.3539981544017792,0.0,0.09676179848611355,0.09676179848611355,0.0,0,0,0.000724179670214653,0.0,0.008952000178396702,0.0,0.0
neu_mbv2_pattern_mining,2026-03-16T22:05:03,1,336,68,0,1.0,5.692853665095754e-05,0.0,0.29400795232504606,0.29400795232504606,0.0,0,0,0.0029788613319396973,0.0,0.02642193390056491,0.0,0.0
neu_mbv2_pattern_mining,2026-03-16T22:05:03,1,337,68,1,0.984375,0.13426564633846283,0.0,0.08477889001369476,0.08477889001369476,0.0,0,0,0.0006951219402253628,0.0,0.0077827670611441135,0.0,0.0
neu_mbv2_pattern_mining,2026-03-16T22:05:03,1,338,68,2,0.90625,0.3968774974346161,0.0,0.09415649343281984,0.09415649343281984,0.0,0,0,0.0007357313297688961,0.0,0.008679918013513088,0.0,0.0
neu_mbv2_pattern_mining,2026-03-16T22:05:03,1,339,68,3,1.0,0.0036339936777949333,0.0,0.09304689709097147,0.09304689709097147,0.0,0,0,0.0008012107573449612,0.0,0.008503478951752186,0.0,0.0
neu_mbv2_pattern_mining,2026-03-16T22:05:03,1,340,68,4,0.3333333333333333,2.4066014289855957,0.0,0.12199373915791512,0.12199373915791512,0.0,0,0,0.0008100778795778751,0.0,0.011389296036213636,0.0,0.0
neu_mbv2_pattern_mining,2026-03-16T22:05:04,2,336,68,0,1.0,2.042522100964561e-05,0.0,0.434351684525609,0.434351684525609,0.0,0,0,0.004123367369174957,0.0,0.039311801083385944,0.0,0.0
neu_mbv2_pattern_mining,2026-03-16T22:05:04,2,337,68,1,0.984375,0.07818708568811417,0.0,0.1325345179066062,0.1325345179066062,0.0,0,0,0.0010343259200453758,0.0,0.012219125870615244,0.0,0.0
neu_mbv2_pattern_mining,2026-03-16T22:05:04,2,338,68,2,0.984375,0.016263766214251518,0.0,0.1254477258771658,0.1254477258771658,0.0,0,0,0.0013044597581028938,0.0,0.011240312829613686,0.0,0.0
neu_mbv2_pattern_mining,2026-03-16T22:05:04,2,339,68,3,0.9375,0.16948577761650085,0.0,0.11172165162861347,0.11172165162861347,0.0,0,0,0.0008895471692085266,0.0,0.01028261799365282,0.0,0.0
neu_mbv2_pattern_mining,2026-03-16T22:05:04,2,340,68,4,1.0,0.23493708670139313,0.0,0.13126568868756294,0.13126568868756294,0.0,0,0,0.0008642789907753468,0.0,0.012262289877980947,0.0,0.0
neu_mbv2_pattern_mining,2026-03-16T22:05:05,3,336,68,0,1.0,2.6350304324296303e-05,0.0,0.38768026046454906,0.38768026046454906,0.0,0,0,0.003991092089563608,0.0,0.0347769339568913,0.0,0.0
neu_mbv2_pattern_mining,2026-03-16T22:05:05,3,337,68,1,1.0,0.0009583855280652642,0.0,0.10029660072177649,0.10029660072177649,0.0,0,0,0.0008108592592179775,0.0,0.009218800812959671,0.0,0.0
neu_mbv2_pattern_mining,2026-03-16T22:05:05,3,338,68,2,0.984375,0.025939688086509705,0.0,0.097514558583498,0.097514558583498,0.0,0,0,0.0007523950189352036,0.0,0.008999060839414597,0.0,0.0
neu_mbv2_pattern_mining,2026-03-16T22:05:05,3,339,68,3,0.953125,0.26278722286224365,0.0,0.09800761472433805,0.09800761472433805,0.0,0,0,0.0012223613448441029,0.0,0.008578400127589703,0.0,0.0
neu_mbv2_pattern_mining,2026-03-16T22:05:05,3,340,68,4,0.6666666666666666,0.5297069549560547,0.0,0.10998577810823917,0.10998577810823917,0.0,0,0,0.0006670709699392319,0.0,0.010331506840884686,0.0,0.0
neu_mbv2_pattern_mining,2026-03-16T22:05:06,4,336,68,0,0.984375,0.018417229875922203,0.0,0.40574729908257723,0.40574729908257723,0.0,0,0,0.004316872917115688,0.0,0.036257856991142035,0.0,0.0
neu_mbv2_pattern_mining,2026-03-16T22:05:06,4,337,68,1,1.0,0.033799923956394196,0.0,0.1136104017496109,0.1136104017496109,0.0,0,0,0.0008768751285970211,0.0,0.010484165046364069,0.0,0.0
neu_mbv2_pattern_mining,2026-03-16T22:05:06,4,338,68,2,0.96875,0.2098442018032074,0.0,0.09770990815013647,0.09770990815013647,0.0,0,0,0.0007818518206477165,0.0,0.00898913899436593,0.0,0.0
neu_mbv2_pattern_mining,2026-03-16T22:05:06,4,339,68,3,1.0,0.014547910541296005,0.0,0.0978173827752471,0.0978173827752471,0.0,0,0,0.0009255320765078068,0.0,0.008856206201016903,0.0,0.0
neu_mbv2_pattern_mining,2026-03-16T22:05:06,4,340,68,4,0.6666666666666666,0.35496237874031067,0.0,0.11678184382617474,0.11678184382617474,0.0,0,0,0.0007603620178997517,0.0,0.010917822364717722,0.0,0.0
neu_mbv2_pattern_mining,2026-03-16T22:05:07,0,341,69,0,1.0,0.0016118210041895509,0.0,0.35347096156328917,0.35347096156328917,0.0,0,0,0.002723418176174164,0.0,0.03262367798015475,0.0,0.0
neu_mbv2_pattern_mining,2026-03-16T22:05:07,0,342,69,1,1.0,0.030661627650260925,0.0,0.14684516936540604,0.14684516936540604,0.0,0,0,0.0010363701730966568,0.0,0.013648146763443947,0.0,0.0
neu_mbv2_pattern_mining,2026-03-16T22:05:07,0,343,69,2,1.0,0.000956706004217267,0.0,0.14407727867364883,0.14407727867364883,0.0,0,0,0.0009602378122508526,0.0,0.01344749005511403,0.0,0.0
neu_mbv2_pattern_mining,2026-03-16T22:05:07,0,344,69,3,1.0,0.005348502658307552,0.0,0.08478839416056871,0.08478839416056871,0.0,0,0,0.0006927126087248325,0.0,0.007786126807332039,0.0,0.0
neu_mbv2_pattern_mining,2026-03-16T22:05:07,0,345,69,4,0.75,1.3975818157196045,0.0,0.09567524772137403,0.09567524772137403,0.0,0,0,0.0006466610357165337,0.0,0.00892086373642087,0.0,0.0
neu_mbv2_pattern_mining,2026-03-16T22:05:08,1,341,69,0,1.0,0.001311521278694272,0.0,0.5397028336301446,0.5397028336301446,0.0,0,0,0.006816196255385876,0.0,0.047154087107628584,0.0,0.0
neu_mbv2_pattern_mining,2026-03-16T22:05:08,1,342,69,1,0.84375,0.7542204856872559,0.0,0.10469594970345497,0.10469594970345497,0.0,0,0,0.0008340068161487579,0.0,0.00963558815419674,0.0,0.0
neu_mbv2_pattern_mining,2026-03-16T22:05:08,1,343,69,2,1.0,0.0002195000124629587,0.0,0.10391660500317812,0.10391660500317812,0.0,0,0,0.0008419360965490341,0.0,0.009549724403768778,0.0,0.0
neu_mbv2_pattern_mining,2026-03-16T22:05:08,1,344,69,3,1.0,0.015048755332827568,0.0,0.10303488001227379,0.10303488001227379,0.0,0,0,0.0007789428345859051,0.0,0.009524545166641474,0.0,0.0
neu_mbv2_pattern_mining,2026-03-16T22:05:08,1,345,69,4,0.6666666666666666,2.652418375015259,0.0,0.12248900253325701,0.12248900253325701,0.0,0,0,0.0007608621381223202,0.0,0.01148803811520338,0.0,0.0
neu_mbv2_pattern_mining,2026-03-16T22:05:09,2,341,69,0,1.0,8.734940820431802e-06,0.0,0.4364649998024106,0.4364649998024106,0.0,0,0,0.004602963104844093,0.0,0.03904353687539697,0.0,0.0
neu_mbv2_pattern_mining,2026-03-16T22:05:09,2,342,69,1,1.0,2.0873585526715033e-05,0.0,0.14846217818558216,0.14846217818558216,0.0,0,0,0.0011118869297206402,0.0,0.013734330888837576,0.0,0.0
neu_mbv2_pattern_mining,2026-03-16T22:05:09,2,343,69,2,1.0,0.007174589205533266,0.0,0.09350461885333061,0.09350461885333061,0.0,0,0,0.000781564973294735,0.0,0.008568896912038326,0.0,0.0
neu_mbv2_pattern_mining,2026-03-16T22:05:09,2,344,69,3,1.0,0.028444215655326843,0.0,0.09922900702804327,0.09922900702804327,0.0,0,0,0.0008234758861362934,0.0,0.009099424816668034,0.0,0.0
neu_mbv2_pattern_mining,2026-03-16T22:05:09,2,345,69,4,1.0,0.11769405007362366,0.0,0.11077261529862881,0.11077261529862881,0.0,0,0,0.000694208312779665,0.0,0.010383053217083216,0.0,0.0
neu_mbv2_pattern_mining,2026-03-16T22:05:09,3,341,69,0,1.0,1.0848911188077182e-05,0.0,0.4012972069904208,0.4012972069904208,0.0,0,0,0.004251718055456877,0.0,0.035878002643585205,0.0,0.0
neu_mbv2_pattern_mining,2026-03-16T22:05:09,3,342,69,1,1.0,0.00012676420737989247,0.0,0.09509517811238766,0.09509517811238766,0.0,0,0,0.0007624700665473938,0.0,0.008747047744691372,0.0,0.0
neu_mbv2_pattern_mining,2026-03-16T22:05:09,3,343,69,2,1.0,0.00017398734053131193,0.0,0.09440624620765448,0.09440624620765448,0.0,0,0,0.0007225759327411652,0.0,0.008718048688024282,0.0,0.0
neu_mbv2_pattern_mining,2026-03-16T22:05:09,3,344,69,3,1.0,0.00684171449393034,0.0,0.10736135765910149,0.10736135765910149,0.0,0,0,0.0008733668364584446,0.0,0.009862768929451704,0.0,0.0
neu_mbv2_pattern_mining,2026-03-16T22:05:10,3,345,69,4,0.6666666666666666,0.9984836578369141,0.0,0.10364480316638947,0.10364480316638947,0.0,0,0,0.0006830231286585331,0.0,0.009681457187980413,0.0,0.0
neu_mbv2_pattern_mining,2026-03-16T22:05:10,4,341,69,0,1.0,5.0492533773649484e-05,0.0,0.7134001282975078,0.7134001282975078,0.0,0,0,0.008784246165305376,0.0,0.0625557666644454,0.0,0.0
neu_mbv2_pattern_mining,2026-03-16T22:05:10,4,342,69,1,1.0,6.257226050365716e-05,0.0,0.12105259578675032,0.12105259578675032,0.0,0,0,0.0009094527922570705,0.0,0.011195806786417961,0.0,0.0
neu_mbv2_pattern_mining,2026-03-16T22:05:10,4,343,69,2,0.953125,0.37169069051742554,0.0,0.11366075370460749,0.11366075370460749,0.0,0,0,0.0008806469850242138,0.0,0.010485428385436535,0.0,0.0
neu_mbv2_pattern_mining,2026-03-16T22:05:10,4,344,69,3,0.96875,0.10509806871414185,0.0,0.11353121139109135,0.11353121139109135,0.0,0,0,0.0008206670172512531,0.0,0.010532454121857882,0.0,0.0
neu_mbv2_pattern_mining,2026-03-16T22:05:10,4,345,69,4,0.6666666666666666,1.504204273223877,0.0,0.14885916840285063,0.14885916840285063,0.0,0,0,0.000987987034022808,0.0,0.013897929806262255,0.0,0.0
neu_mbv2_pattern_mining,2026-03-16T22:05:12,0,346,70,0,1.0,2.165318619518075e-05,0.0,0.46628667041659355,0.46628667041659355,0.0,0,0,0.0032757860608398914,0.0,0.043352880980819464,0.0,0.0
neu_mbv2_pattern_mining,2026-03-16T22:05:12,0,347,70,1,1.0,0.000489452388137579,0.0,0.10050796903669834,0.10050796903669834,0.0,0,0,0.0008406778797507286,0.0,0.009210119023919106,0.0,0.0
neu_mbv2_pattern_mining,2026-03-16T22:05:12,0,348,70,2,1.0,0.00300688692368567,0.0,0.09628080762922764,0.09628080762922764,0.0,0,0,0.0007484257221221924,0.0,0.008879655040800571,0.0,0.0
neu_mbv2_pattern_mining,2026-03-16T22:05:12,0,349,70,3,0.8125,0.9403839111328125,0.0,0.10113260708749294,0.10113260708749294,0.0,0,0,0.0007698577828705311,0.0,0.009343402925878763,0.0,0.0
neu_mbv2_pattern_mining,2026-03-16T22:05:12,0,350,70,4,0.5,4.207900524139404,0.0,0.12029910925775766,0.12029910925775766,0.0,0,0,0.0008389400318264961,0.0,0.01119097089394927,0.0,0.0
neu_mbv2_pattern_mining,2026-03-16T22:05:12,1,346,70,0,1.0,0.00047111930325627327,0.0,0.33725243527442217,0.33725243527442217,0.0,0,0,0.003872122149914503,0.0,0.029853121377527714,0.0,0.0
neu_mbv2_pattern_mining,2026-03-16T22:05:12,1,347,70,1,1.0,0.00019976714975200593,0.0,0.09316219948232174,0.09316219948232174,0.0,0,0,0.000825241208076477,0.0,0.008490978740155697,0.0,0.0
neu_mbv2_pattern_mining,2026-03-16T22:05:12,1,348,70,2,0.96875,0.18168483674526215,0.0,0.10022243950515985,0.10022243950515985,0.0,0,0,0.0008671879768371582,0.0,0.009155055973678827,0.0,0.0
neu_mbv2_pattern_mining,2026-03-16T22:05:13,1,349,70,3,0.71875,0.7892709374427795,0.0,0.09578393306583166,0.09578393306583166,0.0,0,0,0.0008014831691980362,0.0,0.00877691013738513,0.0,0.0
neu_mbv2_pattern_mining,2026-03-16T22:05:13,1,350,70,4,0.6666666666666666,1.6980319023132324,0.0,0.14573181979358196,0.14573181979358196,0.0,0,0,0.0008562528528273106,0.0,0.013716929126530886,0.0,0.0
neu_mbv2_pattern_mining,2026-03-16T22:05:13,2,346,70,0,1.0,8.608658390585333e-06,0.0,0.35560186952352524,0.35560186952352524,0.0,0,0,0.0034520099870860577,0.0,0.032108176965266466,0.0,0.0
neu_mbv2_pattern_mining,2026-03-16T22:05:13,2,347,70,1,1.0,2.430144013487734e-05,0.0,0.08680126629769802,0.08680126629769802,0.0,0,0,0.0007277508266270161,0.0,0.007952375803142786,0.0,0.0
neu_mbv2_pattern_mining,2026-03-16T22:05:13,2,348,70,2,1.0,0.001800574827939272,0.0,0.08616554085165262,0.08616554085165262,0.0,0,0,0.0007044682279229164,0.0,0.007912085857242346,0.0,0.0
neu_mbv2_pattern_mining,2026-03-16T22:05:13,2,349,70,3,0.890625,0.3134121894836426,0.0,0.08473615162074566,0.08473615162074566,0.0,0,0,0.0006772340275347233,0.0,0.007796381134539843,0.0,0.0
neu_mbv2_pattern_mining,2026-03-16T22:05:13,2,350,70,4,0.6666666666666666,1.216809868812561,0.0,0.1271559577435255,0.1271559577435255,0.0,0,0,0.0007977760396897793,0.0,0.011917819734662771,0.0,0.0
neu_mbv2_pattern_mining,2026-03-16T22:05:14,3,346,70,0,1.0,1.556471033836715e-05,0.0,0.32031394075602293,0.32031394075602293,0.0,0,0,0.0033158250153064728,0.0,0.02871556906029582,0.0,0.0
neu_mbv2_pattern_mining,2026-03-16T22:05:14,3,347,70,1,1.0,4.578260814014357e-06,0.0,0.0894114701077342,0.0894114701077342,0.0,0,0,0.0008368999697268009,0.0,0.00810424704104662,0.0,0.0
neu_mbv2_pattern_mining,2026-03-16T22:05:14,3,348,70,2,1.0,4.23401543230284e-05,0.0,0.08845845237374306,0.08845845237374306,0.0,0,0,0.0007664249278604984,0.0,0.008079420309513807,0.0,0.0
neu_mbv2_pattern_mining,2026-03-16T22:05:14,3,349,70,3,1.0,0.0014870690647512674,0.0,0.09632063563913107,0.09632063563913107,0.0,0,0,0.0007870779372751713,0.0,0.008844985626637936,0.0,0.0
neu_mbv2_pattern_mining,2026-03-16T22:05:14,3,350,70,4,0.6666666666666666,1.9394618272781372,0.0,0.1134866988286376,0.1134866988286376,0.0,0,0,0.0008208430372178555,0.0,0.010527826845645905,0.0,0.0
neu_mbv2_pattern_mining,2026-03-16T22:05:15,4,346,70,0,1.0,5.101829083287157e-05,0.0,0.47396779526025057,0.47396779526025057,0.0,0,0,0.004820825066417456,0.0,0.0425759544596076,0.0,0.0
neu_mbv2_pattern_mining,2026-03-16T22:05:15,4,347,70,1,1.0,9.569943358656019e-06,0.0,0.13190700206905603,0.13190700206905603,0.0,0,0,0.0010221549309790134,0.0,0.01216854527592659,0.0,0.0
neu_mbv2_pattern_mining,2026-03-16T22:05:15,4,348,70,2,1.0,0.000576670456212014,0.0,0.09563610889017582,0.09563610889017582,0.0,0,0,0.0009722239337861538,0.0,0.008591386955231428,0.0,0.0
neu_mbv2_pattern_mining,2026-03-16T22:05:15,4,349,70,3,0.953125,0.17933516204357147,0.0,0.09689768776297569,0.09689768776297569,0.0,0,0,0.0006816457025706768,0.0,0.009008123073726892,0.0,0.0
neu_mbv2_pattern_mining,2026-03-16T22:05:15,4,350,70,4,1.0,0.1840573102235794,0.0,0.17410938628017902,0.17410938628017902,0.0,0,0,0.0009885584004223347,0.0,0.016422380227595568,0.0,0.0
neu_mbv2_pattern_mining,2026-03-16T22:05:16,0,351,71,0,1.0,5.8528930821921676e-05,0.0,0.44469255954027176,0.44469255954027176,0.0,0,0,0.002773924730718136,0.0,0.04169533122330904,0.0,0.0
neu_mbv2_pattern_mining,2026-03-16T22:05:16,0,352,71,1,1.0,0.000909307156689465,0.0,0.1186370849609375,0.1186370849609375,0.0,0,0,0.0011087567545473576,0.0,0.010754951741546392,0.0,0.0
neu_mbv2_pattern_mining,2026-03-16T22:05:16,0,353,71,2,1.0,0.0001905774843180552,0.0,0.1344559993594885,0.1344559993594885,0.0,0,0,0.0010745599865913391,0.0,0.01237103994935751,0.0,0.0
neu_mbv2_pattern_mining,2026-03-16T22:05:16,0,354,71,3,0.96875,0.11927458643913269,0.0,0.16215621959418058,0.16215621959418058,0.0,0,0,0.0015878640115261078,0.0,0.01462775794789195,0.0,0.0
neu_mbv2_pattern_mining,2026-03-16T22:05:16,0,355,71,4,0.75,1.2316244840621948,0.0,0.12940897606313229,0.12940897606313229,0.0,0,0,0.0010841507464647293,0.0,0.0118567468598485,0.0,0.0
neu_mbv2_pattern_mining,2026-03-16T22:05:17,1,351,71,0,1.0,8.072402124525979e-05,0.0,0.4577313642948866,0.4577313642948866,0.0,0,0,0.004485736601054668,0.0,0.04128739982843399,0.0,0.0
neu_mbv2_pattern_mining,2026-03-16T22:05:17,1,352,71,1,0.953125,0.14525453746318817,0.0,0.15381525736302137,0.15381525736302137,0.0,0,0,0.0011354037560522556,0.0,0.014246121980249882,0.0,0.0
neu_mbv2_pattern_mining,2026-03-16T22:05:17,1,353,71,2,0.953125,0.21599659323692322,0.0,0.15377326868474483,0.15377326868474483,0.0,0,0,0.0011927359737455845,0.0,0.014184590894728899,0.0,0.0
neu_mbv2_pattern_mining,2026-03-16T22:05:17,1,354,71,3,1.0,0.0034841299057006836,0.0,0.0852145766839385,0.0852145766839385,0.0,0,0,0.0006794687360525131,0.0,0.007841988932341337,0.0,0.0
neu_mbv2_pattern_mining,2026-03-16T22:05:17,1,355,71,4,1.0,0.13126036524772644,0.0,0.11163021437823772,0.11163021437823772,0.0,0,0,0.0007013613358139992,0.0,0.010461660102009773,0.0,0.0
neu_mbv2_pattern_mining,2026-03-16T22:05:18,2,351,71,0,1.0,2.1193753127590753e-05,0.0,0.5984379956498742,0.5984379956498742,0.0,0,0,0.0063677579164505005,0.0,0.05347604164853692,0.0,0.0
neu_mbv2_pattern_mining,2026-03-16T22:05:18,2,352,71,1,1.0,0.00016289527411572635,0.0,0.09178231004625559,0.09178231004625559,0.0,0,0,0.000888424925506115,0.0,0.008289806079119444,0.0,0.0
neu_mbv2_pattern_mining,2026-03-16T22:05:18,2,353,71,2,1.0,0.011890659108757973,0.0,0.0713407201692462,0.0713407201692462,0.0,0,0,0.0005718972533941269,0.0,0.006562174763530493,0.0,0.0
neu_mbv2_pattern_mining,2026-03-16T22:05:18,2,354,71,3,1.0,3.1337436666944996e-05,0.0,0.10954128578305244,0.10954128578305244,0.0,0,0,0.0008452967740595341,0.0,0.01010883180424571,0.0,0.0
neu_mbv2_pattern_mining,2026-03-16T22:05:18,2,355,71,4,0.3333333333333333,1.5492349863052368,0.0,0.132488077506423,0.132488077506423,0.0,0,0,0.0008872798644006252,0.0,0.012361527886241674,0.0,0.0
neu_mbv2_pattern_mining,2026-03-16T22:05:19,3,351,71,0,1.0,0.0002385711995884776,0.0,0.3956857696175575,0.3956857696175575,0.0,0,0,0.003983021713793278,0.0,0.035585555247962475,0.0,0.0
neu_mbv2_pattern_mining,2026-03-16T22:05:19,3,352,71,1,0.984375,0.09382878243923187,0.0,0.0898588914424181,0.0898588914424181,0.0,0,0,0.0007978891953825951,0.0,0.008187999948859215,0.0,0.0
neu_mbv2_pattern_mining,2026-03-16T22:05:19,3,353,71,2,1.0,0.0002177467686124146,0.0,0.11242495384067297,0.11242495384067297,0.0,0,0,0.0009132050909101963,0.0,0.0103292902931571,0.0,0.0
neu_mbv2_pattern_mining,2026-03-16T22:05:19,3,354,71,3,0.984375,0.02236069180071354,0.0,0.08708513807505369,0.08708513807505369,0.0,0,0,0.0007411446422338486,0.0,0.00796736916527152,0.0,0.0
neu_mbv2_pattern_mining,2026-03-16T22:05:19,3,355,71,4,1.0,0.20317471027374268,0.0,0.10611308738589287,0.10611308738589287,0.0,0,0,0.0006856638938188553,0.0,0.009925644844770432,0.0,0.0
neu_mbv2_pattern_mining,2026-03-16T22:05:19,4,351,71,0,1.0,0.00012374750804156065,0.0,0.31964685302227736,0.31964685302227736,0.0,0,0,0.00397065794095397,0.0,0.027994027361273766,0.0,0.0
neu_mbv2_pattern_mining,2026-03-16T22:05:19,4,352,71,1,0.734375,2.558258533477783,0.0,0.09198273997753859,0.09198273997753859,0.0,0,0,0.0009023789316415787,0.0,0.00829589506611228,0.0,0.0
neu_mbv2_pattern_mining,2026-03-16T22:05:19,4,353,71,2,1.0,0.017298569902777672,0.0,0.08625890128314495,0.08625890128314495,0.0,0,0,0.0006805113516747952,0.0,0.0079453787766397,0.0,0.0
neu_mbv2_pattern_mining,2026-03-16T22:05:20,4,354,71,3,0.953125,0.15645276010036469,0.0,0.08473103400319815,0.08473103400319815,0.0,0,0,0.0006513181142508984,0.0,0.007821785286068916,0.0,0.0
neu_mbv2_pattern_mining,2026-03-16T22:05:20,4,355,71,4,0.6666666666666666,0.9712111353874207,0.0,0.10423172730952501,0.10423172730952501,0.0,0,0,0.000763429794460535,0.0,0.009659742936491966,0.0,0.0
neu_mbv2_pattern_mining,2026-03-16T22:05:21,0,356,72,0,1.0,0.0012449966743588448,0.0,0.47741823829710484,0.47741823829710484,0.0,0,0,0.0031076730228960514,0.0,0.04463415080681443,0.0,0.0
neu_mbv2_pattern_mining,2026-03-16T22:05:21,0,357,72,1,0.890625,0.25049299001693726,0.0,0.12628468684852123,0.12628468684852123,0.0,0,0,0.000981257762759924,0.0,0.0116472109220922,0.0,0.0
neu_mbv2_pattern_mining,2026-03-16T22:05:21,0,358,72,2,1.0,0.006259835325181484,0.0,0.09660227689892054,0.09660227689892054,0.0,0,0,0.0008496558293700218,0.0,0.008810571860522032,0.0,0.0
neu_mbv2_pattern_mining,2026-03-16T22:05:21,0,359,72,3,0.953125,0.4473586976528168,0.0,0.10222154669463634,0.10222154669463634,0.0,0,0,0.0009031156077980995,0.0,0.009319039061665535,0.0,0.0
neu_mbv2_pattern_mining,2026-03-16T22:05:21,0,360,72,4,1.0,0.04086824879050255,0.0,0.09684162214398384,0.09684162214398384,0.0,0,0,0.0007197991944849491,0.0,0.008964363019913435,0.0,0.0
neu_mbv2_pattern_mining,2026-03-16T22:05:22,1,356,72,0,1.0,7.1988888521445915e-06,0.0,0.4503783257678151,0.4503783257678151,0.0,0,0,0.004270171280950308,0.0,0.0407676612958312,0.0,0.0
neu_mbv2_pattern_mining,2026-03-16T22:05:22,1,357,72,1,1.0,0.0002555808168835938,0.0,0.1522060576826334,0.1522060576826334,0.0,0,0,0.0010217409580945969,0.0,0.014198864810168743,0.0,0.0
neu_mbv2_pattern_mining,2026-03-16T22:05:22,1,358,72,2,0.84375,0.42560964822769165,0.0,0.11161145754158497,0.11161145754158497,0.0,0,0,0.001007848884910345,0.0,0.010153296869248152,0.0,0.0
neu_mbv2_pattern_mining,2026-03-16T22:05:22,1,359,72,3,1.0,0.0023989740293473005,0.0,0.10183113161474466,0.10183113161474466,0.0,0,0,0.0010360851883888245,0.0,0.009147027973085642,0.0,0.0
neu_mbv2_pattern_mining,2026-03-16T22:05:22,1,360,72,4,0.6666666666666666,1.701198697090149,0.0,0.1389989210292697,0.1389989210292697,0.0,0,0,0.0009473422542214394,0.0,0.01295254984870553,0.0,0.0
neu_mbv2_pattern_mining,2026-03-16T22:05:23,2,356,72,0,1.0,0.0002871302713174373,0.0,0.4853440960869193,0.4853440960869193,0.0,0,0,0.0049109379760921,0.0,0.04362347163259983,0.0,0.0
neu_mbv2_pattern_mining,2026-03-16T22:05:23,2,357,72,1,0.921875,0.36077192425727844,0.0,0.16118038911372423,0.16118038911372423,0.0,0,0,0.0012970129027962685,0.0,0.014821026008576155,0.0,0.0
neu_mbv2_pattern_mining,2026-03-16T22:05:23,2,358,72,2,1.0,0.0015003050211817026,0.0,0.13530723750591278,0.13530723750591278,0.0,0,0,0.0010930863209068775,0.0,0.0124376374296844,0.0,0.0
neu_mbv2_pattern_mining,2026-03-16T22:05:23,2,359,72,3,1.0,0.01744200848042965,0.0,0.1262235688045621,0.1262235688045621,0.0,0,0,0.0010612420737743378,0.0,0.011561114806681871,0.0,0.0
neu_mbv2_pattern_mining,2026-03-16T22:05:23,2,360,72,4,0.6666666666666666,0.7024715542793274,0.0,0.14192243106663227,0.14192243106663227,0.0,0,0,0.0010081278160214424,0.0,0.013184115290641785,0.0,0.0
neu_mbv2_pattern_mining,2026-03-16T22:05:23,3,356,72,0,1.0,1.0702315194066614e-05,0.0,0.30409456696361303,0.30409456696361303,0.0,0,0,0.0036122826859354973,0.0,0.026797174010425806,0.0,0.0
neu_mbv2_pattern_mining,2026-03-16T22:05:24,3,357,72,1,1.0,0.0004091209848411381,0.0,0.08541104383766651,0.08541104383766651,0.0,0,0,0.0007103481329977512,0.0,0.0078307562507689,0.0,0.0
neu_mbv2_pattern_mining,2026-03-16T22:05:24,3,358,72,2,1.0,0.0026163519360125065,0.0,0.08561070077121258,0.08561070077121258,0.0,0,0,0.0007321042940020561,0.0,0.007828965783119202,0.0,0.0
neu_mbv2_pattern_mining,2026-03-16T22:05:24,3,359,72,3,1.0,0.00011748924589483067,0.0,0.08519526105374098,0.08519526105374098,0.0,0,0,0.0006886143237352371,0.0,0.00783091178163886,0.0,0.0
neu_mbv2_pattern_mining,2026-03-16T22:05:24,3,360,72,4,1.0,0.29095661640167236,0.0,0.10604198556393385,0.10604198556393385,0.0,0,0,0.0007332488894462585,0.0,0.009870949666947126,0.0,0.0
neu_mbv2_pattern_mining,2026-03-16T22:05:24,4,356,72,0,0.984375,0.01940341293811798,0.0,0.47164123971015215,0.47164123971015215,0.0,0,0,0.0037057199515402317,0.0,0.04345840401947498,0.0,0.0
neu_mbv2_pattern_mining,2026-03-16T22:05:24,4,357,72,1,0.890625,1.2917709350585938,0.0,0.14191231224685907,0.14191231224685907,0.0,0,0,0.0010745101608335972,0.0,0.01311672106385231,0.0,0.0
neu_mbv2_pattern_mining,2026-03-16T22:05:24,4,358,72,2,1.0,0.0042404187843203545,0.0,0.12296308763325214,0.12296308763325214,0.0,0,0,0.001004534773528576,0.0,0.011291773989796638,0.0,0.0
neu_mbv2_pattern_mining,2026-03-16T22:05:24,4,359,72,3,1.0,0.010608232580125332,0.0,0.11962288059294224,0.11962288059294224,0.0,0,0,0.0008876076899468899,0.0,0.011074680369347334,0.0,0.0
neu_mbv2_pattern_mining,2026-03-16T22:05:25,4,360,72,4,0.3333333333333333,1.1558341979980469,0.0,0.15331588219851255,0.15331588219851255,0.0,0,0,0.0009865802712738514,0.0,0.014345007948577404,0.0,0.0
neu_mbv2_pattern_mining,2026-03-16T22:05:26,0,361,73,0,1.0,0.00033121241722255945,0.0,0.27802256401628256,0.27802256401628256,0.0,0,0,0.0017926320433616638,0.0,0.026009624358266592,0.0,0.0
neu_mbv2_pattern_mining,2026-03-16T22:05:26,0,362,73,1,1.0,0.00027717207558453083,0.0,0.08623412810266018,0.08623412810266018,0.0,0,0,0.0007222788408398628,0.0,0.007901133969426155,0.0,0.0
neu_mbv2_pattern_mining,2026-03-16T22:05:26,0,363,73,2,1.0,0.0016698540421202779,0.0,0.08909189142286777,0.08909189142286777,0.0,0,0,0.0007585519924759865,0.0,0.008150637149810791,0.0,0.0
neu_mbv2_pattern_mining,2026-03-16T22:05:26,0,364,73,3,0.9375,0.13845324516296387,0.0,0.10119607206434011,0.10119607206434011,0.0,0,0,0.0008140280842781067,0.0,0.009305579122155905,0.0,0.0
neu_mbv2_pattern_mining,2026-03-16T22:05:26,0,365,73,4,0.75,0.6852179765701294,0.0,0.10360873304307461,0.10360873304307461,0.0,0,0,0.0007993113249540329,0.0,0.009561561979353428,0.0,0.0
neu_mbv2_pattern_mining,2026-03-16T22:05:26,1,361,73,0,1.0,0.001290026819333434,0.0,0.3802817175164819,0.3802817175164819,0.0,0,0,0.0044020479544997215,0.0,0.033626123797148466,0.0,0.0
neu_mbv2_pattern_mining,2026-03-16T22:05:26,1,362,73,1,0.796875,1.3554332256317139,0.0,0.10424518957734108,0.10424518957734108,0.0,0,0,0.0008481689728796482,0.0,0.00957634998485446,0.0,0.0
neu_mbv2_pattern_mining,2026-03-16T22:05:27,1,363,73,2,1.0,0.005226029548794031,0.0,0.09140898007899523,0.09140898007899523,0.0,0,0,0.0007596369832754135,0.0,0.00838126102462411,0.0,0.0
neu_mbv2_pattern_mining,2026-03-16T22:05:27,1,364,73,3,1.0,0.003572684247046709,0.0,0.08547234814614058,0.08547234814614058,0.0,0,0,0.0007072128355503082,0.0,0.00784002197906375,0.0,0.0
neu_mbv2_pattern_mining,2026-03-16T22:05:27,1,365,73,4,0.3333333333333333,3.504422903060913,0.0,0.10758987627923489,0.10758987627923489,0.0,0,0,0.0007045408710837364,0.0,0.010054446756839752,0.0,0.0
neu_mbv2_pattern_mining,2026-03-16T22:05:27,2,361,73,0,1.0,3.0341236197273247e-05,0.0,0.4309376608580351,0.4309376608580351,0.0,0,0,0.004679520148783922,0.0,0.03841424593701959,0.0,0.0
neu_mbv2_pattern_mining,2026-03-16T22:05:27,2,362,73,1,0.984375,0.04530038312077522,0.0,0.14714146964251995,0.14714146964251995,0.0,0,0,0.0010291910730302334,0.0,0.013684955891221762,0.0,0.0
neu_mbv2_pattern_mining,2026-03-16T22:05:27,2,363,73,2,1.0,8.21519352030009e-05,0.0,0.14447712805122137,0.14447712805122137,0.0,0,0,0.0009364988654851913,0.0,0.013511213939636946,0.0,0.0
neu_mbv2_pattern_mining,2026-03-16T22:05:27,2,364,73,3,0.953125,0.12317690253257751,0.0,0.1424656854942441,0.1424656854942441,0.0,0,0,0.0009162258356809616,0.0,0.013330342713743448,0.0,0.0
neu_mbv2_pattern_mining,2026-03-16T22:05:27,2,365,73,4,0.6666666666666666,0.39110660552978516,0.0,0.1254210714250803,0.1254210714250803,0.0,0,0,0.0009619272314012051,0.0,0.011580179911106825,0.0,0.0
neu_mbv2_pattern_mining,2026-03-16T22:05:28,3,361,73,0,1.0,9.268108988180757e-05,0.0,0.32741203904151917,0.32741203904151917,0.0,0,0,0.0037553198635578156,0.0,0.0289858840405941,0.0,0.0
neu_mbv2_pattern_mining,2026-03-16T22:05:28,3,362,73,1,0.984375,0.046316374093294144,0.0,0.08814123924821615,0.08814123924821615,0.0,0,0,0.0007640011608600616,0.0,0.008050122763961554,0.0,0.0
neu_mbv2_pattern_mining,2026-03-16T22:05:28,3,363,73,2,1.0,0.009020321071147919,0.0,0.08580130524933338,0.08580130524933338,0.0,0,0,0.0006861342117190361,0.0,0.007893996313214302,0.0,0.0
neu_mbv2_pattern_mining,2026-03-16T22:05:28,3,364,73,3,1.0,0.022631358355283737,0.0,0.09248752146959305,0.09248752146959305,0.0,0,0,0.0007517719641327858,0.0,0.008496980182826519,0.0,0.0
neu_mbv2_pattern_mining,2026-03-16T22:05:28,3,365,73,4,0.6666666666666666,2.027064800262451,0.0,0.1110741589218378,0.1110741589218378,0.0,0,0,0.0007752459496259689,0.0,0.010332169942557812,0.0,0.0
neu_mbv2_pattern_mining,2026-03-16T22:05:29,4,361,73,0,1.0,0.00017863555694930255,0.0,0.518659963272512,0.518659963272512,0.0,0,0,0.005171973258256912,0.0,0.046694023068994284,0.0,0.0
neu_mbv2_pattern_mining,2026-03-16T22:05:29,4,362,73,1,1.0,0.0011800371576100588,0.0,0.12546621728688478,0.12546621728688478,0.0,0,0,0.0011596200056374073,0.0,0.011387001723051071,0.0,0.0
neu_mbv2_pattern_mining,2026-03-16T22:05:29,4,363,73,2,1.0,0.00013123943062964827,0.0,0.13040953315794468,0.13040953315794468,0.0,0,0,0.0008931960910558701,0.0,0.012147757224738598,0.0,0.0
neu_mbv2_pattern_mining,2026-03-16T22:05:29,4,364,73,3,0.96875,0.22437289357185364,0.0,0.12155883479863405,0.12155883479863405,0.0,0,0,0.0009648753330111504,0.0,0.011191008146852255,0.0,0.0
neu_mbv2_pattern_mining,2026-03-16T22:05:29,4,365,73,4,0.6666666666666666,1.09405517578125,0.0,0.1521874126046896,0.1521874126046896,0.0,0,0,0.0009541371837258339,0.0,0.014264604076743126,0.0,0.0
neu_mbv2_pattern_mining,2026-03-16T22:05:30,0,366,74,0,1.0,9.556359145790339e-05,0.0,0.3347537387162447,0.3347537387162447,0.0,0,0,0.0022427309304475784,0.0,0.03123264294117689,0.0,0.0
neu_mbv2_pattern_mining,2026-03-16T22:05:30,0,367,74,1,1.0,0.002821441739797592,0.0,0.09504702873528004,0.09504702873528004,0.0,0,0,0.0007779230363667011,0.0,0.008726779837161303,0.0,0.0
neu_mbv2_pattern_mining,2026-03-16T22:05:30,0,368,74,2,1.0,0.0006079185986891389,0.0,0.08758360985666513,0.08758360985666513,0.0,0,0,0.0007094950415194035,0.0,0.00804886594414711,0.0,0.0
neu_mbv2_pattern_mining,2026-03-16T22:05:30,0,369,74,3,0.984375,0.08617331087589264,0.0,0.11668791994452477,0.11668791994452477,0.0,0,0,0.00065621268004179,0.0,0.011012579314410686,0.0,0.0
neu_mbv2_pattern_mining,2026-03-16T22:05:30,0,370,74,4,0.5,2.31717848777771,0.0,0.09273287374526262,0.09273287374526262,0.0,0,0,0.0006113043054938316,0.0,0.00866198306903243,0.0,0.0
neu_mbv2_pattern_mining,2026-03-16T22:05:31,1,366,74,0,0.984375,0.01920890063047409,0.0,0.45370176900178194,0.45370176900178194,0.0,0,0,0.0043647438287734985,0.0,0.041005433071404696,0.0,0.0
neu_mbv2_pattern_mining,2026-03-16T22:05:31,1,367,74,1,0.96875,0.11725635826587677,0.0,0.1341375196352601,0.1341375196352601,0.0,0,0,0.0010240878909826279,0.0,0.012389664072543383,0.0,0.0
neu_mbv2_pattern_mining,2026-03-16T22:05:31,1,368,74,2,1.0,0.01853175461292267,0.0,0.09827214293181896,0.09827214293181896,0.0,0,0,0.0007972852326929569,0.0,0.00902992906048894,0.0,0.0
neu_mbv2_pattern_mining,2026-03-16T22:05:31,1,369,74,3,0.90625,0.8830273151397705,0.0,0.08828997611999512,0.08828997611999512,0.0,0,0,0.0007409052923321724,0.0,0.00808809231966734,0.0,0.0
neu_mbv2_pattern_mining,2026-03-16T22:05:31,1,370,74,4,1.0,0.005445827264338732,0.0,0.1187418820336461,0.1187418820336461,0.0,0,0,0.0007218900136649609,0.0,0.01115229818969965,0.0,0.0
neu_mbv2_pattern_mining,2026-03-16T22:05:32,2,366,74,0,1.0,6.518947884615045e-06,0.0,0.29885105323046446,0.29885105323046446,0.0,0,0,0.003021367359906435,0.0,0.02686373796314001,0.0,0.0
neu_mbv2_pattern_mining,2026-03-16T22:05:32,2,367,74,1,1.0,0.00044332805555313826,0.0,0.08765310049057007,0.08765310049057007,0.0,0,0,0.0007279436103999615,0.0,0.008037366438657045,0.0,0.0
neu_mbv2_pattern_mining,2026-03-16T22:05:32,2,368,74,2,1.0,5.0110946176573634e-05,0.0,0.08583047892898321,0.08583047892898321,0.0,0,0,0.000711509957909584,0.0,0.007871537934988737,0.0,0.0
neu_mbv2_pattern_mining,2026-03-16T22:05:32,2,369,74,3,1.0,0.0015157527523115277,0.0,0.08412140421569347,0.08412140421569347,0.0,0,0,0.0006247721612453461,0.0,0.007787368260324001,0.0,0.0
neu_mbv2_pattern_mining,2026-03-16T22:05:32,2,370,74,4,0.6666666666666666,2.629176378250122,0.0,0.10985107161104679,0.10985107161104679,0.0,0,0,0.0007578893564641476,0.0,0.010227217804640532,0.0,0.0
neu_mbv2_pattern_mining,2026-03-16T22:05:33,3,366,74,0,1.0,0.0005487093003466725,0.0,0.36951920483261347,0.36951920483261347,0.0,0,0,0.004562963265925646,0.0,0.0323889572173357,0.0,0.0
neu_mbv2_pattern_mining,2026-03-16T22:05:33,3,367,74,1,0.96875,0.24817024171352386,0.0,0.09000211022794247,0.09000211022794247,0.0,0,0,0.0007654479704797268,0.0,0.00823476305231452,0.0,0.0
neu_mbv2_pattern_mining,2026-03-16T22:05:33,3,368,74,2,1.0,0.0002497950627002865,0.0,0.0868368661031127,0.0868368661031127,0.0,0,0,0.0007335827685892582,0.0,0.007950103841722012,0.0,0.0
neu_mbv2_pattern_mining,2026-03-16T22:05:33,3,369,74,3,0.984375,0.054106999188661575,0.0,0.0980880344286561,0.0980880344286561,0.0,0,0,0.0006935507990419865,0.0,0.009115252643823624,0.0,0.0
neu_mbv2_pattern_mining,2026-03-16T22:05:33,3,370,74,4,1.0,0.017729032784700394,0.0,0.10608261916786432,0.10608261916786432,0.0,0,0,0.0007184380665421486,0.0,0.009889823850244284,0.0,0.0
neu_mbv2_pattern_mining,2026-03-16T22:05:33,4,366,74,0,1.0,3.259188088122755e-05,0.0,0.3055172925814986,0.3055172925814986,0.0,0,0,0.0033644051291048527,0.0,0.02718732412904501,0.0,0.0
neu_mbv2_pattern_mining,2026-03-16T22:05:34,4,367,74,1,1.0,5.7494187785778195e-05,0.0,0.08795694913715124,0.08795694913715124,0.0,0,0,0.0008065290749073029,0.0,0.007989165838807821,0.0,0.0
neu_mbv2_pattern_mining,2026-03-16T22:05:34,4,368,74,2,1.0,0.004476936999708414,0.0,0.10200029704719782,0.10200029704719782,0.0,0,0,0.0008024820126593113,0.0,0.00939754769206047,0.0,0.0
neu_mbv2_pattern_mining,2026-03-16T22:05:34,4,369,74,3,1.0,0.004385594744235277,0.0,0.09830206632614136,0.09830206632614136,0.0,0,0,0.0007894863374531269,0.0,0.009040720295161009,0.0,0.0
neu_mbv2_pattern_mining,2026-03-16T22:05:34,4,370,74,4,0.6666666666666666,2.8255198001861572,0.0,0.11920527555048466,0.11920527555048466,0.0,0,0,0.0007661557756364346,0.0,0.011154371779412031,0.0,0.0
neu_mbv2_pattern_mining,2026-03-16T22:05:35,0,371,75,0,1.0,2.0497189325396903e-05,0.0,0.44324462302029133,0.44324462302029133,0.0,0,0,0.002593139186501503,0.0,0.04173132311552763,0.0,0.0
neu_mbv2_pattern_mining,2026-03-16T22:05:35,0,372,75,1,1.0,0.0028733087237924337,0.0,0.11001553386449814,0.11001553386449814,0.0,0,0,0.0009165732190012932,0.0,0.01008498016744852,0.0,0.0
neu_mbv2_pattern_mining,2026-03-16T22:05:35,0,373,75,2,1.0,0.0002931694034487009,0.0,0.09620627854019403,0.09620627854019403,0.0,0,0,0.0008244379423558712,0.0,0.008796189911663532,0.0,0.0
neu_mbv2_pattern_mining,2026-03-16T22:05:35,0,374,75,3,1.0,0.0006729369051754475,0.0,0.08714754600077868,0.08714754600077868,0.0,0,0,0.0007851836271584034,0.0,0.007929570972919464,0.0,0.0
neu_mbv2_pattern_mining,2026-03-16T22:05:35,0,375,75,4,0.75,0.3441739082336426,0.0,0.0965196406468749,0.0965196406468749,0.0,0,0,0.0007826751098036766,0.0,0.008869288954883814,0.0,0.0
neu_mbv2_pattern_mining,2026-03-16T22:05:36,1,371,75,0,1.0,2.794440479192417e-05,0.0,0.3898003650829196,0.3898003650829196,0.0,0,0,0.004138360731303692,0.0,0.03484167577698827,0.0,0.0
neu_mbv2_pattern_mining,2026-03-16T22:05:36,1,372,75,1,1.0,0.0008727273088879883,0.0,0.10943644214421511,0.10943644214421511,0.0,0,0,0.0009232340380549431,0.0,0.010020410176366568,0.0,0.0
neu_mbv2_pattern_mining,2026-03-16T22:05:36,1,373,75,2,0.984375,0.025761442258954048,0.0,0.0864283973351121,0.0864283973351121,0.0,0,0,0.0007541431114077568,0.0,0.007888696622103453,0.0,0.0
neu_mbv2_pattern_mining,2026-03-16T22:05:36,1,374,75,3,0.96875,0.10324171185493469,0.0,0.08369951974600554,0.08369951974600554,0.0,0,0,0.000662835780531168,0.0,0.0077071161940693855,0.0,0.0
neu_mbv2_pattern_mining,2026-03-16T22:05:36,1,375,75,4,0.6666666666666666,2.5174551010131836,0.0,0.13945395592600107,0.13945395592600107,0.0,0,0,0.0007845289073884487,0.0,0.013160866685211658,0.0,0.0
neu_mbv2_pattern_mining,2026-03-16T22:05:36,2,371,75,0,1.0,0.0005015736678615212,0.0,0.2964951889589429,0.2964951889589429,0.0,0,0,0.0035362220369279385,0.0,0.02611329685896635,0.0,0.0
neu_mbv2_pattern_mining,2026-03-16T22:05:37,2,372,75,1,1.0,0.0001278113340958953,0.0,0.11800820473581553,0.11800820473581553,0.0,0,0,0.0010263482108712196,0.0,0.010774472262710333,0.0,0.0
neu_mbv2_pattern_mining,2026-03-16T22:05:37,2,373,75,2,0.984375,0.021839741617441177,0.0,0.11891331057995558,0.11891331057995558,0.0,0,0,0.0008749980479478836,0.0,0.011016333010047674,0.0,0.0
neu_mbv2_pattern_mining,2026-03-16T22:05:37,2,374,75,3,1.0,0.01669416017830372,0.0,0.12728089466691017,0.12728089466691017,0.0,0,0,0.0010313773527741432,0.0,0.011696712113916874,0.0,0.0
neu_mbv2_pattern_mining,2026-03-16T22:05:37,2,375,75,4,0.3333333333333333,2.8373234272003174,0.0,0.14482562895864248,0.14482562895864248,0.0,0,0,0.0009381980635225773,0.0,0.013544364832341671,0.0,0.0
neu_mbv2_pattern_mining,2026-03-16T22:05:37,3,371,75,0,1.0,0.00013217910600360483,0.0,0.32072808127850294,0.32072808127850294,0.0,0,0,0.0036398149095475674,0.0,0.028432993218302727,0.0,0.0
neu_mbv2_pattern_mining,2026-03-16T22:05:37,3,372,75,1,1.0,0.0018006510799750686,0.0,0.08809118997305632,0.08809118997305632,0.0,0,0,0.0007700980640947819,0.0,0.00803902093321085,0.0,0.0
neu_mbv2_pattern_mining,2026-03-16T22:05:37,3,373,75,2,0.984375,0.08495380729436874,0.0,0.08613352198153734,0.08613352198153734,0.0,0,0,0.0006747990846633911,0.0,0.007938553113490343,0.0,0.0
neu_mbv2_pattern_mining,2026-03-16T22:05:37,3,374,75,3,0.984375,0.020070111379027367,0.0,0.09599237702786922,0.09599237702786922,0.0,0,0,0.0007492420263588428,0.0,0.00884999567642808,0.0,0.0
neu_mbv2_pattern_mining,2026-03-16T22:05:38,3,375,75,4,0.6666666666666666,0.3087487816810608,0.0,0.12350562028586864,0.12350562028586864,0.0,0,0,0.0008422131650149822,0.0,0.011508348863571882,0.0,0.0
neu_mbv2_pattern_mining,2026-03-16T22:05:38,4,371,75,0,1.0,6.455788934545126e-06,0.0,0.30878583900630474,0.30878583900630474,0.0,0,0,0.003245615866035223,0.0,0.02763296803459525,0.0,0.0
neu_mbv2_pattern_mining,2026-03-16T22:05:38,4,372,75,1,1.0,0.00016616214998066425,0.0,0.0859546521678567,0.0859546521678567,0.0,0,0,0.0007050740532577038,0.0,0.007890391163527966,0.0,0.0
neu_mbv2_pattern_mining,2026-03-16T22:05:38,4,373,75,2,1.0,0.004226284567266703,0.0,0.08661287371069193,0.08661287371069193,0.0,0,0,0.0007161861285567284,0.0,0.007945101242512465,0.0,0.0
neu_mbv2_pattern_mining,2026-03-16T22:05:38,4,374,75,3,1.0,0.0007410345715470612,0.0,0.09490153286606073,0.09490153286606073,0.0,0,0,0.0008017551153898239,0.0,0.00868839817121625,0.0,0.0
neu_mbv2_pattern_mining,2026-03-16T22:05:38,4,375,75,4,1.0,0.12979865074157715,0.0,0.10754263959825039,0.10754263959825039,0.0,0,0,0.0007082079537212849,0.0,0.010046056006103754,0.0,0.0
neu_mbv2_pattern_mining,2026-03-16T22:05:40,0,376,76,0,1.0,1.2078072359145153e-05,0.0,0.2941299369558692,0.2941299369558692,0.0,0,0,0.0017528170719742775,0.0,0.027660176623612642,0.0,0.0
neu_mbv2_pattern_mining,2026-03-16T22:05:40,0,377,76,1,1.0,0.007322349119931459,0.0,0.08857338689267635,0.08857338689267635,0.0,0,0,0.00078243063762784,0.0,0.008074908051639795,0.0,0.0
neu_mbv2_pattern_mining,2026-03-16T22:05:40,0,378,76,2,1.0,0.0012961485190317035,0.0,0.08523350115865469,0.08523350115865469,0.0,0,0,0.0006934721022844315,0.0,0.007829878013581038,0.0,0.0
neu_mbv2_pattern_mining,2026-03-16T22:05:40,0,379,76,3,0.984375,0.06688442826271057,0.0,0.0883739348500967,0.0883739348500967,0.0,0,0,0.0007892977446317673,0.0,0.008048095740377903,0.0,0.0
neu_mbv2_pattern_mining,2026-03-16T22:05:40,0,380,76,4,0.25,4.734300136566162,0.0,0.09335625916719437,0.09335625916719437,0.0,0,0,0.000691570807248354,0.0,0.008644055109471083,0.0,0.0
neu_mbv2_pattern_mining,2026-03-16T22:05:40,1,376,76,0,1.0,2.0076517103007063e-05,0.0,0.3127895016223192,0.3127895016223192,0.0,0,0,0.003560550045222044,0.0,0.027718400117009878,0.0,0.0
neu_mbv2_pattern_mining,2026-03-16T22:05:40,1,377,76,1,0.96875,0.2729237377643585,0.0,0.08826670702546835,0.08826670702546835,0.0,0,0,0.0007828553207218647,0.0,0.00804381538182497,0.0,0.0
neu_mbv2_pattern_mining,2026-03-16T22:05:40,1,378,76,2,1.0,0.014388306066393852,0.0,0.08898874744772911,0.08898874744772911,0.0,0,0,0.0008289087563753128,0.0,0.008069965988397598,0.0,0.0
neu_mbv2_pattern_mining,2026-03-16T22:05:40,1,379,76,3,1.0,0.002569538075476885,0.0,0.0997374253347516,0.0997374253347516,0.0,0,0,0.0009004874154925346,0.0,0.009073255117982626,0.0,0.0
neu_mbv2_pattern_mining,2026-03-16T22:05:40,1,380,76,4,0.6666666666666666,0.4691495895385742,0.0,0.12405246030539274,0.12405246030539274,0.0,0,0,0.0006988290697336197,0.0,0.011706416960805655,0.0,0.0
neu_mbv2_pattern_mining,2026-03-16T22:05:41,2,376,76,0,1.0,0.00037848929059691727,0.0,0.30048880726099014,0.30048880726099014,0.0,0,0,0.003129777032881975,0.0,0.02691910369321704,0.0,0.0
neu_mbv2_pattern_mining,2026-03-16T22:05:41,2,377,76,1,1.0,2.178117574658245e-05,0.0,0.0878173066303134,0.0878173066303134,0.0,0,0,0.0007249927148222923,0.0,0.008056737948209047,0.0,0.0
neu_mbv2_pattern_mining,2026-03-16T22:05:41,2,378,76,2,0.984375,0.06931983679533005,0.0,0.08560822810977697,0.08560822810977697,0.0,0,0,0.0007306267507374287,0.0,0.007830196060240269,0.0,0.0
neu_mbv2_pattern_mining,2026-03-16T22:05:41,2,379,76,3,0.984375,0.13386113941669464,0.0,0.08578285109251738,0.08578285109251738,0.0,0,0,0.0007308749482035637,0.0,0.007847410161048174,0.0,0.0
neu_mbv2_pattern_mining,2026-03-16T22:05:41,2,380,76,4,0.3333333333333333,3.4820709228515625,0.0,0.11094039306044579,0.11094039306044579,0.0,0,0,0.000713737215846777,0.0,0.010380302090197802,0.0,0.0
neu_mbv2_pattern_mining,2026-03-16T22:05:42,3,376,76,0,1.0,7.304628979909467e-06,0.0,0.4431182239204645,0.4431182239204645,0.0,0,0,0.004677185323089361,0.0,0.03963463706895709,0.0,0.0
neu_mbv2_pattern_mining,2026-03-16T22:05:42,3,377,76,1,1.0,1.3010189832129981e-05,0.0,0.10529828257858753,0.10529828257858753,0.0,0,0,0.0007981122471392155,0.0,0.009731716010719538,0.0,0.0
neu_mbv2_pattern_mining,2026-03-16T22:05:42,3,378,76,2,1.0,3.948519588448107e-05,0.0,0.09610317181795835,0.09610317181795835,0.0,0,0,0.0009719030931591988,0.0,0.008638414088636637,0.0,0.0
neu_mbv2_pattern_mining,2026-03-16T22:05:42,3,379,76,3,0.984375,0.017456628382205963,0.0,0.08871234953403473,0.08871234953403473,0.0,0,0,0.0006053391844034195,0.0,0.008265895769000053,0.0,0.0
neu_mbv2_pattern_mining,2026-03-16T22:05:42,3,380,76,4,0.6666666666666666,2.4783072471618652,0.0,0.10954595636576414,0.10954595636576414,0.0,0,0,0.0006264885887503624,0.0,0.010328107047826052,0.0,0.0
neu_mbv2_pattern_mining,2026-03-16T22:05:43,4,376,76,0,1.0,1.1197609637747519e-05,0.0,0.3162895794957876,0.3162895794957876,0.0,0,0,0.003489817027002573,0.0,0.02813914092257619,0.0,0.0
neu_mbv2_pattern_mining,2026-03-16T22:05:43,4,377,76,1,0.96875,0.11922138929367065,0.0,0.10393618140369654,0.10393618140369654,0.0,0,0,0.0008718399330973625,0.0,0.009521778207272291,0.0,0.0
neu_mbv2_pattern_mining,2026-03-16T22:05:43,4,378,76,2,0.953125,0.1455305963754654,0.0,0.09096278809010983,0.09096278809010983,0.0,0,0,0.0007644142024219036,0.0,0.008331864606589079,0.0,0.0
neu_mbv2_pattern_mining,2026-03-16T22:05:43,4,379,76,3,0.984375,0.03671052306890488,0.0,0.08864142000675201,0.08864142000675201,0.0,0,0,0.0007517361082136631,0.0,0.008112405892461538,0.0,0.0
neu_mbv2_pattern_mining,2026-03-16T22:05:43,4,380,76,4,0.6666666666666666,0.39487698674201965,0.0,0.1354170637205243,0.1354170637205243,0.0,0,0,0.0008099782280623913,0.0,0.01273172814399004,0.0,0.0
neu_mbv2_pattern_mining,2026-03-16T22:05:44,0,381,77,0,0.984375,0.026541035622358322,0.0,0.4319125087931752,0.4319125087931752,0.0,0,0,0.003040249925106764,0.0,0.04015100095421076,0.0,0.0
neu_mbv2_pattern_mining,2026-03-16T22:05:45,0,382,77,1,0.859375,0.29211562871932983,0.0,0.11054758448153734,0.11054758448153734,0.0,0,0,0.0009368513710796833,0.0,0.010117907077074051,0.0,0.0
neu_mbv2_pattern_mining,2026-03-16T22:05:45,0,383,77,2,1.0,0.018791895359754562,0.0,0.09361762087792158,0.09361762087792158,0.0,0,0,0.000840949360281229,0.0,0.008520812727510929,0.0,0.0
neu_mbv2_pattern_mining,2026-03-16T22:05:45,0,384,77,3,1.0,0.03466812148690224,0.0,0.09287692606449127,0.09287692606449127,0.0,0,0,0.0007520676590502262,0.0,0.008535624947398901,0.0,0.0
neu_mbv2_pattern_mining,2026-03-16T22:05:45,0,385,77,4,0.25,1.986254096031189,0.0,0.09635370224714279,0.09635370224714279,0.0,0,0,0.0007746480405330658,0.0,0.008860722184181213,0.0,0.0
neu_mbv2_pattern_mining,2026-03-16T22:05:45,1,381,77,0,1.0,0.0001610789040569216,0.0,0.5919066583737731,0.5919066583737731,0.0,0,0,0.006266938056796789,0.0,0.05292372778058052,0.0,0.0
neu_mbv2_pattern_mining,2026-03-16T22:05:45,1,382,77,1,0.984375,0.021534081548452377,0.0,0.09773336816579103,0.09773336816579103,0.0,0,0,0.0008479212410748005,0.0,0.008925415575504303,0.0,0.0
neu_mbv2_pattern_mining,2026-03-16T22:05:45,1,383,77,2,0.96875,0.24279029667377472,0.0,0.09990067686885595,0.09990067686885595,0.0,0,0,0.000787658616900444,0.0,0.009202409069985151,0.0,0.0
neu_mbv2_pattern_mining,2026-03-16T22:05:45,1,384,77,3,1.0,0.001994089223444462,0.0,0.091034728102386,0.091034728102386,0.0,0,0,0.0007896889001131058,0.0,0.008313783910125494,0.0,0.0
neu_mbv2_pattern_mining,2026-03-16T22:05:45,1,385,77,4,0.0,2.443777084350586,0.0,0.1105311093851924,0.1105311093851924,0.0,0,0,0.0007366258651018143,0.0,0.010316485073417425,0.0,0.0
neu_mbv2_pattern_mining,2026-03-16T22:05:46,2,381,77,0,1.0,0.0015009383205324411,0.0,0.36664816550910473,0.36664816550910473,0.0,0,0,0.0036391238681972027,0.0,0.03302569268271327,0.0,0.0
neu_mbv2_pattern_mining,2026-03-16T22:05:46,2,382,77,1,0.984375,0.03459124639630318,0.0,0.09880982339382172,0.09880982339382172,0.0,0,0,0.0008820341899991035,0.0,0.008998948149383068,0.0,0.0
neu_mbv2_pattern_mining,2026-03-16T22:05:46,2,383,77,2,1.0,0.0019937152974307537,0.0,0.08723394945263863,0.08723394945263863,0.0,0,0,0.0007498371414840221,0.0,0.00797355780377984,0.0,0.0
neu_mbv2_pattern_mining,2026-03-16T22:05:46,2,384,77,3,0.921875,0.27230972051620483,0.0,0.0869210995733738,0.0869210995733738,0.0,0,0,0.0007562059909105301,0.0,0.00793590396642685,0.0,0.0
neu_mbv2_pattern_mining,2026-03-16T22:05:46,2,385,77,4,0.6666666666666666,0.7707218527793884,0.0,0.10746612679213285,0.10746612679213285,0.0,0,0,0.0007403157651424408,0.0,0.010006296914070845,0.0,0.0
neu_mbv2_pattern_mining,2026-03-16T22:05:47,3,381,77,0,1.0,0.004185821395367384,0.0,0.31545630656182766,0.31545630656182766,0.0,0,0,0.00334347877651453,0.0,0.028202151879668236,0.0,0.0
neu_mbv2_pattern_mining,2026-03-16T22:05:47,3,382,77,1,0.921875,0.47147244215011597,0.0,0.08837208151817322,0.08837208151817322,0.0,0,0,0.0008773431181907654,0.0,0.007959865033626556,0.0,0.0
neu_mbv2_pattern_mining,2026-03-16T22:05:47,3,383,77,2,1.0,0.020738283172249794,0.0,0.08348790928721428,0.08348790928721428,0.0,0,0,0.0006136619485914707,0.0,0.007735128980129957,0.0,0.0
neu_mbv2_pattern_mining,2026-03-16T22:05:47,3,384,77,3,1.0,0.0110586853697896,0.0,0.08513516746461391,0.08513516746461391,0.0,0,0,0.0006902399472892284,0.0,0.007823276799172163,0.0,0.0
neu_mbv2_pattern_mining,2026-03-16T22:05:47,3,385,77,4,0.3333333333333333,1.7025588750839233,0.0,0.11032243724912405,0.11032243724912405,0.0,0,0,0.0007250378839671612,0.0,0.010307205840945244,0.0,0.0
neu_mbv2_pattern_mining,2026-03-16T22:05:47,4,381,77,0,1.0,0.0025197616778314114,0.0,0.33824496902525425,0.33824496902525425,0.0,0,0,0.0033063357695937157,0.0,0.03051816113293171,0.0,0.0
neu_mbv2_pattern_mining,2026-03-16T22:05:48,4,382,77,1,1.0,0.0005468656308948994,0.0,0.08943790104240179,0.08943790104240179,0.0,0,0,0.0008493079803884029,0.0,0.008094482123851776,0.0,0.0
neu_mbv2_pattern_mining,2026-03-16T22:05:48,4,383,77,2,1.0,0.012930931523442268,0.0,0.08444271981716156,0.08444271981716156,0.0,0,0,0.0006497418507933617,0.0,0.007794530130922794,0.0,0.0
neu_mbv2_pattern_mining,2026-03-16T22:05:48,4,384,77,3,0.9375,0.13533981144428253,0.0,0.08423300925642252,0.08423300925642252,0.0,0,0,0.0006549078971147537,0.0,0.007768393028527498,0.0,0.0
neu_mbv2_pattern_mining,2026-03-16T22:05:48,4,385,77,4,0.6666666666666666,1.0041916370391846,0.0,0.17067881301045418,0.17067881301045418,0.0,0,0,0.0009813271462917328,0.0,0.016086554154753685,0.0,0.0
neu_mbv2_pattern_mining,2026-03-16T22:05:49,0,386,78,0,1.0,0.00023842942027840763,0.0,0.48554214648902416,0.48554214648902416,0.0,0,0,0.002995031885802746,0.0,0.04555918276309967,0.0,0.0
neu_mbv2_pattern_mining,2026-03-16T22:05:49,0,387,78,1,0.984375,0.017103401944041252,0.0,0.1061440072953701,0.1061440072953701,0.0,0,0,0.0008729868568480015,0.0,0.009741413872689009,0.0,0.0
neu_mbv2_pattern_mining,2026-03-16T22:05:49,0,388,78,2,0.984375,0.05058535188436508,0.0,0.09660845156759024,0.09660845156759024,0.0,0,0,0.0008479701355099678,0.0,0.008812875021249056,0.0,0.0
neu_mbv2_pattern_mining,2026-03-16T22:05:49,0,389,78,3,0.96875,0.2400175780057907,0.0,0.0877203606069088,0.0877203606069088,0.0,0,0,0.0007809950038790703,0.0,0.00799104105681181,0.0,0.0
neu_mbv2_pattern_mining,2026-03-16T22:05:49,0,390,78,4,0.25,3.418501138687134,0.0,0.1113109802827239,0.1113109802827239,0.0,0,0,0.0006191050633788109,0.0,0.01051199296489358,0.0,0.0
neu_mbv2_pattern_mining,2026-03-16T22:05:50,1,386,78,0,1.0,0.0008255779393948615,0.0,0.39893929846584797,0.39893929846584797,0.0,0,0,0.004226210061460733,0.0,0.035667719785124063,0.0,0.0
neu_mbv2_pattern_mining,2026-03-16T22:05:50,1,387,78,1,1.0,0.011964716017246246,0.0,0.11831340845674276,0.11831340845674276,0.0,0,0,0.0009782030247151852,0.0,0.010853137820959091,0.0,0.0
neu_mbv2_pattern_mining,2026-03-16T22:05:50,1,388,78,2,1.0,0.005240485072135925,0.0,0.1173849543556571,0.1173849543556571,0.0,0,0,0.000980632845312357,0.0,0.010757862590253353,0.0,0.0
neu_mbv2_pattern_mining,2026-03-16T22:05:50,1,389,78,3,0.96875,0.05864390730857849,0.0,0.11246723122894764,0.11246723122894764,0.0,0,0,0.0012974319979548454,0.0,0.009949291124939919,0.0,0.0
neu_mbv2_pattern_mining,2026-03-16T22:05:50,1,390,78,4,0.6666666666666666,0.5948726534843445,0.0,0.13098182622343302,0.13098182622343302,0.0,0,0,0.000829055905342102,0.0,0.0122691267170012,0.0,0.0
neu_mbv2_pattern_mining,2026-03-16T22:05:50,2,386,78,0,1.0,0.00024351895262952894,0.0,0.4988743318244815,0.4988743318244815,0.0,0,0,0.004725256003439426,0.0,0.04516217717900872,0.0,0.0
neu_mbv2_pattern_mining,2026-03-16T22:05:50,2,387,78,1,0.953125,0.19196033477783203,0.0,0.12124675326049328,0.12124675326049328,0.0,0,0,0.0009983424097299576,0.0,0.01112633291631937,0.0,0.0
neu_mbv2_pattern_mining,2026-03-16T22:05:50,2,388,78,2,0.921875,0.34543490409851074,0.0,0.09813177864998579,0.09813177864998579,0.0,0,0,0.0007829191163182259,0.0,0.009030258748680353,0.0,0.0
neu_mbv2_pattern_mining,2026-03-16T22:05:51,2,389,78,3,0.984375,0.03805246576666832,0.0,0.10347652714699507,0.10347652714699507,0.0,0,0,0.0008212178945541382,0.0,0.009526434820145369,0.0,0.0
neu_mbv2_pattern_mining,2026-03-16T22:05:51,2,390,78,4,1.0,0.21228770911693573,0.0,0.12462971732020378,0.12462971732020378,0.0,0,0,0.0007614176720380783,0.0,0.0117015540599823,0.0,0.0
neu_mbv2_pattern_mining,2026-03-16T22:05:51,3,386,78,0,1.0,5.493038770509884e-05,0.0,0.378626324236393,0.378626324236393,0.0,0,0,0.00401814142242074,0.0,0.03384449100121856,0.0,0.0
neu_mbv2_pattern_mining,2026-03-16T22:05:51,3,387,78,1,1.0,5.1431808969937265e-05,0.0,0.10515916626900434,0.10515916626900434,0.0,0,0,0.0008471948094666004,0.0,0.009668721817433834,0.0,0.0
neu_mbv2_pattern_mining,2026-03-16T22:05:51,3,388,78,2,0.96875,0.21601617336273193,0.0,0.09240121114999056,0.09240121114999056,0.0,0,0,0.0008307090029120445,0.0,0.008409412112087011,0.0,0.0
neu_mbv2_pattern_mining,2026-03-16T22:05:51,3,389,78,3,0.984375,0.03772518411278725,0.0,0.08834828156977892,0.08834828156977892,0.0,0,0,0.0007807300426065922,0.0,0.0080540981143713,0.0,0.0
neu_mbv2_pattern_mining,2026-03-16T22:05:51,3,390,78,4,0.3333333333333333,1.9125696420669556,0.0,0.12077725026756525,0.12077725026756525,0.0,0,0,0.0007009808905422688,0.0,0.011376744136214256,0.0,0.0
neu_mbv2_pattern_mining,2026-03-16T22:05:52,4,386,78,0,1.0,0.0012191485147923231,0.0,0.5066821584478021,0.5066821584478021,0.0,0,0,0.005354443099349737,0.0,0.04531377274543047,0.0,0.0
neu_mbv2_pattern_mining,2026-03-16T22:05:52,4,387,78,1,1.0,0.00011704477219609544,0.0,0.12273903470486403,0.12273903470486403,0.0,0,0,0.0009710206650197506,0.0,0.011302882805466652,0.0,0.0
neu_mbv2_pattern_mining,2026-03-16T22:05:52,4,388,78,2,1.0,0.0024680455680936575,0.0,0.11543013155460358,0.11543013155460358,0.0,0,0,0.0009198682382702827,0.0,0.010623144917190075,0.0,0.0
neu_mbv2_pattern_mining,2026-03-16T22:05:52,4,389,78,3,1.0,0.004223557189106941,0.0,0.11781284119933844,0.11781284119933844,0.0,0,0,0.0009075142443180084,0.0,0.010873769875615835,0.0,0.0
neu_mbv2_pattern_mining,2026-03-16T22:05:52,4,390,78,4,1.0,0.12618069350719452,0.0,0.23005923721939325,0.23005923721939325,0.0,0,0,0.0006636069156229496,0.0,0.022342316806316376,0.0,0.0
neu_mbv2_pattern_mining,2026-03-16T22:05:54,0,391,79,0,1.0,0.00011626376362983137,0.0,0.5651798332110047,0.5651798332110047,0.0,0,0,0.0036841449327766895,0.0,0.052833838388323784,0.0,0.0
neu_mbv2_pattern_mining,2026-03-16T22:05:54,0,392,79,1,1.0,0.0004168454324826598,0.0,0.1095498539507389,0.1095498539507389,0.0,0,0,0.0010344111360609531,0.0,0.009920574259012938,0.0,0.0
neu_mbv2_pattern_mining,2026-03-16T22:05:54,0,393,79,2,0.953125,0.09331314265727997,0.0,0.10509400628507137,0.10509400628507137,0.0,0,0,0.0008848379366099834,0.0,0.009624562691897154,0.0,0.0
neu_mbv2_pattern_mining,2026-03-16T22:05:54,0,394,79,3,1.0,0.0031005889177322388,0.0,0.11637372896075249,0.11637372896075249,0.0,0,0,0.0010528462007641792,0.0,0.01058452669531107,0.0,0.0
neu_mbv2_pattern_mining,2026-03-16T22:05:54,0,395,79,4,1.0,0.0019630591850727797,0.0,0.10629726108163595,0.10629726108163595,0.0,0,0,0.0009220931679010391,0.0,0.009707632940262556,0.0,0.0
neu_mbv2_pattern_mining,2026-03-16T22:05:54,1,391,79,0,0.984375,0.017405293881893158,0.0,0.3142423927783966,0.3142423927783966,0.0,0,0,0.003423009067773819,0.0,0.02800123021006584,0.0,0.0
neu_mbv2_pattern_mining,2026-03-16T22:05:54,1,392,79,1,0.953125,0.1196761354804039,0.0,0.08930683135986328,0.08930683135986328,0.0,0,0,0.0007887701503932476,0.0,0.00814191298559308,0.0,0.0
neu_mbv2_pattern_mining,2026-03-16T22:05:54,1,393,79,2,1.0,0.014781458303332329,0.0,0.08918721694499254,0.08918721694499254,0.0,0,0,0.0008054450154304504,0.0,0.008113276679068804,0.0,0.0
neu_mbv2_pattern_mining,2026-03-16T22:05:55,1,394,79,3,0.984375,0.026889698579907417,0.0,0.08903659880161285,0.08903659880161285,0.0,0,0,0.0007956540212035179,0.0,0.008108005858957767,0.0,0.0
neu_mbv2_pattern_mining,2026-03-16T22:05:55,1,395,79,4,0.6666666666666666,1.5718754529953003,0.0,0.11437533423304558,0.11437533423304558,0.0,0,0,0.000733670312911272,0.0,0.010703863110393286,0.0,0.0
neu_mbv2_pattern_mining,2026-03-16T22:05:55,2,391,79,0,0.96875,0.08717034757137299,0.0,0.5776243330910802,0.5776243330910802,0.0,0,0,0.006362406071275473,0.0,0.051400027237832546,0.0,0.0
neu_mbv2_pattern_mining,2026-03-16T22:05:55,2,392,79,1,0.9375,0.21571242809295654,0.0,0.12415498029440641,0.12415498029440641,0.0,0,0,0.0010355501435697079,0.0,0.011379947885870934,0.0,0.0
neu_mbv2_pattern_mining,2026-03-16T22:05:55,2,393,79,2,0.78125,1.015923261642456,0.0,0.129645518027246,0.129645518027246,0.0,0,0,0.0010657650418579578,0.0,0.011898786760866642,0.0,0.0
neu_mbv2_pattern_mining,2026-03-16T22:05:55,2,394,79,3,0.984375,0.09914745390415192,0.0,0.1117258332669735,0.1117258332669735,0.0,0,0,0.0008794032037258148,0.0,0.010293180122971535,0.0,0.0
neu_mbv2_pattern_mining,2026-03-16T22:05:55,2,395,79,4,0.3333333333333333,3.0886433124542236,0.0,0.1298844674602151,0.1298844674602151,0.0,0,0,0.0007884870283305645,0.0,0.012199959717690945,0.0,0.0
neu_mbv2_pattern_mining,2026-03-16T22:05:56,3,391,79,0,1.0,6.348115130094811e-05,0.0,0.4574122093617916,0.4574122093617916,0.0,0,0,0.003644451964646578,0.0,0.04209676897153258,0.0,0.0
neu_mbv2_pattern_mining,2026-03-16T22:05:56,3,392,79,1,0.96875,0.18150031566619873,0.0,0.11792978271842003,0.11792978271842003,0.0,0,0,0.0009631081484258175,0.0,0.010829870123416185,0.0,0.0
neu_mbv2_pattern_mining,2026-03-16T22:05:56,3,393,79,2,0.984375,0.03370600938796997,0.0,0.1173444977030158,0.1173444977030158,0.0,0,0,0.00098869064822793,0.0,0.01074575912207365,0.0,0.0
neu_mbv2_pattern_mining,2026-03-16T22:05:56,3,394,79,3,1.0,0.004283588379621506,0.0,0.10111172683537006,0.10111172683537006,0.0,0,0,0.0008394378237426281,0.0,0.009271734859794378,0.0,0.0
neu_mbv2_pattern_mining,2026-03-16T22:05:56,3,395,79,4,0.3333333333333333,2.2033965587615967,0.0,0.11091175954788923,0.11091175954788923,0.0,0,0,0.0007763099856674671,0.0,0.010314865969121456,0.0,0.0
neu_mbv2_pattern_mining,2026-03-16T22:05:57,4,391,79,0,0.984375,0.07267366349697113,0.0,0.4816366219893098,0.4816366219893098,0.0,0,0,0.004856270272284746,0.0,0.04330739192664623,0.0,0.0
neu_mbv2_pattern_mining,2026-03-16T22:05:57,4,392,79,1,0.96875,0.05867226421833038,0.0,0.15502324793487787,0.15502324793487787,0.0,0,0,0.0012595206499099731,0.0,0.014242804143577814,0.0,0.0
neu_mbv2_pattern_mining,2026-03-16T22:05:57,4,393,79,2,1.0,0.0008527302416041493,0.0,0.14956115745007992,0.14956115745007992,0.0,0,0,0.001096643041819334,0.0,0.013859472703188658,0.0,0.0
neu_mbv2_pattern_mining,2026-03-16T22:05:57,4,394,79,3,0.9375,0.30433139204978943,0.0,0.15079759061336517,0.15079759061336517,0.0,0,0,0.001031612977385521,0.0,0.014048146083950996,0.0,0.0
neu_mbv2_pattern_mining,2026-03-16T22:05:57,4,395,79,4,0.6666666666666666,0.5236077904701233,0.0,0.1701709209010005,0.1701709209010005,0.0,0,0,0.0010663201101124287,0.0,0.01595077197998762,0.0,0.0
neu_mbv2_pattern_mining,2026-03-16T22:05:58,0,396,80,0,1.0,0.0005642494070343673,0.0,0.3726764256134629,0.3726764256134629,0.0,0,0,0.0024260771460831165,0.0,0.034841565415263176,0.0,0.0
neu_mbv2_pattern_mining,2026-03-16T22:05:58,0,397,80,1,1.0,0.0007260904530994594,0.0,0.11873886920511723,0.11873886920511723,0.0,0,0,0.0010454277507960796,0.0,0.010828459169715643,0.0,0.0
neu_mbv2_pattern_mining,2026-03-16T22:05:58,0,398,80,2,0.90625,0.5320683121681213,0.0,0.10534423869103193,0.10534423869103193,0.0,0,0,0.0008125696331262589,0.0,0.009721854235976934,0.0,0.0
neu_mbv2_pattern_mining,2026-03-16T22:05:58,0,399,80,3,0.984375,0.030256059020757675,0.0,0.10201064869761467,0.10201064869761467,0.0,0,0,0.0008778227493166924,0.0,0.009323242120444775,0.0,0.0
neu_mbv2_pattern_mining,2026-03-16T22:05:58,0,400,80,4,0.25,4.288614749908447,0.0,0.12263726908713579,0.12263726908713579,0.0,0,0,0.0009388299658894539,0.0,0.011324896942824125,0.0,0.0
neu_mbv2_pattern_mining,2026-03-16T22:05:59,1,396,80,0,1.0,5.530311318580061e-05,0.0,0.3347014123573899,0.3347014123573899,0.0,0,0,0.003700762987136841,0.0,0.029769378248602152,0.0,0.0
neu_mbv2_pattern_mining,2026-03-16T22:05:59,1,397,80,1,1.0,0.0023479340597987175,0.0,0.1012703264132142,0.1012703264132142,0.0,0,0,0.0008867364376783371,0.0,0.009240296203643084,0.0,0.0
neu_mbv2_pattern_mining,2026-03-16T22:05:59,1,398,80,2,0.984375,0.0500326044857502,0.0,0.08872311096638441,0.08872311096638441,0.0,0,0,0.0007514632306993008,0.0,0.00812084786593914,0.0,0.0
neu_mbv2_pattern_mining,2026-03-16T22:05:59,1,399,80,3,0.984375,0.019501348957419395,0.0,0.09244769345968962,0.09244769345968962,0.0,0,0,0.0008788672275841236,0.0,0.008365902118384838,0.0,0.0
neu_mbv2_pattern_mining,2026-03-16T22:05:59,1,400,80,4,0.0,3.9187307357788086,0.0,0.1154038542881608,0.1154038542881608,0.0,0,0,0.000780902337282896,0.0,0.010759483091533184,0.0,0.0
neu_mbv2_pattern_mining,2026-03-16T22:06:00,2,396,80,0,1.0,0.0032986709848046303,0.0,0.30679172836244106,0.30679172836244106,0.0,0,0,0.0033023678697645664,0.0,0.02737680496647954,0.0,0.0
neu_mbv2_pattern_mining,2026-03-16T22:06:00,2,397,80,1,1.0,0.0037975970190018415,0.0,0.10043659713119268,0.10043659713119268,0.0,0,0,0.0008398788049817085,0.0,0.00920378090813756,0.0,0.0
neu_mbv2_pattern_mining,2026-03-16T22:06:00,2,398,80,2,0.96875,0.06588181108236313,0.0,0.10240107774734497,0.10240107774734497,0.0,0,0,0.0009102309122681618,0.0,0.009329876862466335,0.0,0.0
neu_mbv2_pattern_mining,2026-03-16T22:06:00,2,399,80,3,1.0,0.016819853335618973,0.0,0.10852291714400053,0.10852291714400053,0.0,0,0,0.001016315072774887,0.0,0.009835976641625166,0.0,0.0
neu_mbv2_pattern_mining,2026-03-16T22:06:00,2,400,80,4,1.0,0.059163760393857956,0.0,0.13839459512382746,0.13839459512382746,0.0,0,0,0.0010303198359906673,0.0,0.012809139676392078,0.0,0.0
neu_mbv2_pattern_mining,2026-03-16T22:06:01,3,396,80,0,1.0,1.9384582628845237e-05,0.0,0.39293120615184307,0.39293120615184307,0.0,0,0,0.003497229889035225,0.0,0.03579589072614908,0.0,0.0
neu_mbv2_pattern_mining,2026-03-16T22:06:01,3,397,80,1,1.0,7.94217485236004e-05,0.0,0.12245805002748966,0.12245805002748966,0.0,0,0,0.0010366248898208141,0.0,0.011209180112928152,0.0,0.0
neu_mbv2_pattern_mining,2026-03-16T22:06:01,3,398,80,2,1.0,0.0021592744160443544,0.0,0.109843909740448,0.109843909740448,0.0,0,0,0.00082808593288064,0.0,0.01015630504116416,0.0,0.0
neu_mbv2_pattern_mining,2026-03-16T22:06:01,3,399,80,3,0.96875,0.08869430422782898,0.0,0.11282054241746664,0.11282054241746664,0.0,0,0,0.0009792451746761799,0.0,0.010302809067070484,0.0,0.0
neu_mbv2_pattern_mining,2026-03-16T22:06:01,3,400,80,4,1.0,0.014240049757063389,0.0,0.10748830623924732,0.10748830623924732,0.0,0,0,0.0007877177558839321,0.0,0.0099611128680408,0.0,0.0
neu_mbv2_pattern_mining,2026-03-16T22:06:01,4,396,80,0,1.0,0.00022551501751877367,0.0,0.42186505626887083,0.42186505626887083,0.0,0,0,0.0044402373023331165,0.0,0.037746268324553967,0.0,0.0
neu_mbv2_pattern_mining,2026-03-16T22:06:01,4,397,80,1,0.9375,0.39452075958251953,0.0,0.11231482028961182,0.11231482028961182,0.0,0,0,0.0008779531344771385,0.0,0.010353528894484043,0.0,0.0
neu_mbv2_pattern_mining,2026-03-16T22:06:02,4,398,80,2,1.0,0.0007529279100708663,0.0,0.10400855913758278,0.10400855913758278,0.0,0,0,0.0008219806477427483,0.0,0.00957887526601553,0.0,0.0
neu_mbv2_pattern_mining,2026-03-16T22:06:02,4,399,80,3,1.0,0.001412085839547217,0.0,0.10433108080178499,0.10433108080178499,0.0,0,0,0.0008342042565345764,0.0,0.009598903823643923,0.0,0.0
neu_mbv2_pattern_mining,2026-03-16T22:06:02,4,400,80,4,0.6666666666666666,0.7931576371192932,0.0,0.120535041205585,0.120535041205585,0.0,0,0,0.0008929981850087643,0.0,0.011160505935549736,0.0,0.0
neu_mbv2_pattern_mining,2026-03-16T22:06:03,0,401,81,0,1.0,5.941601557424292e-06,0.0,0.3701579198241234,0.3701579198241234,0.0,0,0,0.0023430432192981243,0.0,0.034672748763114214,0.0,0.0
neu_mbv2_pattern_mining,2026-03-16T22:06:03,0,402,81,1,1.0,0.00016268237959593534,0.0,0.11943250894546509,0.11943250894546509,0.0,0,0,0.0008962429128587246,0.0,0.011047007981687784,0.0,0.0
neu_mbv2_pattern_mining,2026-03-16T22:06:03,0,403,81,2,0.984375,0.011726847849786282,0.0,0.11767248157411814,0.11767248157411814,0.0,0,0,0.0009632757864892483,0.0,0.010803972370922565,0.0,0.0
neu_mbv2_pattern_mining,2026-03-16T22:06:03,0,404,81,3,1.0,0.0001389513345202431,0.0,0.1131370197981596,0.1131370197981596,0.0,0,0,0.0009119277819991112,0.0,0.010401774197816849,0.0,0.0
neu_mbv2_pattern_mining,2026-03-16T22:06:03,0,405,81,4,0.75,0.9695669412612915,0.0,0.10660657193511724,0.10660657193511724,0.0,0,0,0.0010351692326366901,0.0,0.009625487960875034,0.0,0.0
neu_mbv2_pattern_mining,2026-03-16T22:06:04,1,401,81,0,1.0,0.0006649505230598152,0.0,0.301500610075891,0.301500610075891,0.0,0,0,0.003232905175536871,0.0,0.02691715583205223,0.0,0.0
neu_mbv2_pattern_mining,2026-03-16T22:06:04,1,402,81,1,1.0,0.00905190035700798,0.0,0.08681188803166151,0.08681188803166151,0.0,0,0,0.0007322924211621284,0.0,0.007948896382004023,0.0,0.0
neu_mbv2_pattern_mining,2026-03-16T22:06:04,1,403,81,2,1.0,0.00603713933378458,0.0,0.08442762773483992,0.08442762773483992,0.0,0,0,0.0006895908154547215,0.0,0.00775317195802927,0.0,0.0
neu_mbv2_pattern_mining,2026-03-16T22:06:04,1,404,81,3,1.0,5.5553038691869006e-05,0.0,0.08622974157333374,0.08622974157333374,0.0,0,0,0.0007677599787712097,0.0,0.007855214178562164,0.0,0.0
neu_mbv2_pattern_mining,2026-03-16T22:06:04,1,405,81,4,0.6666666666666666,0.6604648232460022,0.0,0.10745896492153406,0.10745896492153406,0.0,0,0,0.000680234283208847,0.0,0.010065662208944559,0.0,0.0
neu_mbv2_pattern_mining,2026-03-16T22:06:04,2,401,81,0,1.0,0.00030712640727870166,0.0,0.347265531308949,0.347265531308949,0.0,0,0,0.0037491312250494957,0.0,0.030977421905845404,0.0,0.0
neu_mbv2_pattern_mining,2026-03-16T22:06:04,2,402,81,1,0.984375,0.0551067553460598,0.0,0.11381055694073439,0.11381055694073439,0.0,0,0,0.0008959248661994934,0.0,0.010485130827873945,0.0,0.0
neu_mbv2_pattern_mining,2026-03-16T22:06:04,2,403,81,2,0.953125,0.14390410482883453,0.0,0.11352603789418936,0.11352603789418936,0.0,0,0,0.0008289427496492863,0.0,0.01052366103976965,0.0,0.0
neu_mbv2_pattern_mining,2026-03-16T22:06:05,2,404,81,3,1.0,0.017830081284046173,0.0,0.10903505142778158,0.10903505142778158,0.0,0,0,0.0008190092630684376,0.0,0.01008449587970972,0.0,0.0
neu_mbv2_pattern_mining,2026-03-16T22:06:05,2,405,81,4,0.3333333333333333,1.8401564359664917,0.0,0.13814605306833982,0.13814605306833982,0.0,0,0,0.0008029099553823471,0.0,0.013011695351451635,0.0,0.0
neu_mbv2_pattern_mining,2026-03-16T22:06:05,3,401,81,0,1.0,3.0430132028413936e-05,0.0,0.3967191418632865,0.3967191418632865,0.0,0,0,0.004196553025394678,0.0,0.03547536116093397,0.0,0.0
neu_mbv2_pattern_mining,2026-03-16T22:06:05,3,402,81,1,1.0,0.0001173802520497702,0.0,0.11521156877279282,0.11521156877279282,0.0,0,0,0.000996527262032032,0.0,0.01052462961524725,0.0,0.0
neu_mbv2_pattern_mining,2026-03-16T22:06:05,3,403,81,2,1.0,0.0002627302019391209,0.0,0.12143434025347233,0.12143434025347233,0.0,0,0,0.0009009302593767643,0.0,0.011242503765970469,0.0,0.0
neu_mbv2_pattern_mining,2026-03-16T22:06:05,3,404,81,3,1.0,0.0007005902589298785,0.0,0.11663024313747883,0.11663024313747883,0.0,0,0,0.0009872610680758953,0.0,0.010675763245671988,0.0,0.0
neu_mbv2_pattern_mining,2026-03-16T22:06:05,3,405,81,4,1.0,0.009272715076804161,0.0,0.1337655819952488,0.1337655819952488,0.0,0,0,0.0009285761043429375,0.0,0.012447982095181942,0.0,0.0
neu_mbv2_pattern_mining,2026-03-16T22:06:06,4,401,81,0,1.0,5.951119965175167e-05,0.0,0.40127772837877274,0.40127772837877274,0.0,0,0,0.010330066084861755,0.0,0.029797706753015518,0.0,0.0
neu_mbv2_pattern_mining,2026-03-16T22:06:06,4,402,81,1,1.0,2.2835511117591523e-06,0.0,0.08596120867878199,0.08596120867878199,0.0,0,0,0.0006933528929948807,0.0,0.007902767974883318,0.0,0.0
neu_mbv2_pattern_mining,2026-03-16T22:06:06,4,403,81,2,0.9375,0.5190958380699158,0.0,0.08380340877920389,0.08380340877920389,0.0,0,0,0.0006491700187325478,0.0,0.007731170859187841,0.0,0.0
neu_mbv2_pattern_mining,2026-03-16T22:06:06,4,404,81,3,1.0,0.0007034169975668192,0.0,0.0865833181887865,0.0865833181887865,0.0,0,0,0.0006918921135365963,0.0,0.007966439705342054,0.0,0.0
neu_mbv2_pattern_mining,2026-03-16T22:06:06,4,405,81,4,0.3333333333333333,1.1069155931472778,0.0,0.10586518328636885,0.10586518328636885,0.0,0,0,0.000691867433488369,0.0,0.009894650895148516,0.0,0.0
neu_mbv2_pattern_mining,2026-03-16T22:06:07,0,406,82,0,1.0,3.9460814150515944e-05,0.0,0.3138546273112297,0.3138546273112297,0.0,0,0,0.0021457700058817863,0.0,0.029239692725241184,0.0,0.0
neu_mbv2_pattern_mining,2026-03-16T22:06:08,0,407,82,1,1.0,6.125003710621968e-05,0.0,0.10942121036350727,0.10942121036350727,0.0,0,0,0.0009650089778006077,0.0,0.00997711205855012,0.0,0.0
neu_mbv2_pattern_mining,2026-03-16T22:06:08,0,408,82,2,0.953125,0.061582230031490326,0.0,0.10509871412068605,0.10509871412068605,0.0,0,0,0.0007930523715913296,0.0,0.009716819040477276,0.0,0.0
neu_mbv2_pattern_mining,2026-03-16T22:06:08,0,409,82,3,0.9375,0.11757805198431015,0.0,0.10275716427713633,0.10275716427713633,0.0,0,0,0.0007091853767633438,0.0,0.009566531050950289,0.0,0.0
neu_mbv2_pattern_mining,2026-03-16T22:06:08,0,410,82,4,0.25,2.4106667041778564,0.0,0.11260648258030415,0.11260648258030415,0.0,0,0,0.0008506672456860542,0.0,0.01040998101234436,0.0,0.0
neu_mbv2_pattern_mining,2026-03-16T22:06:08,1,406,82,0,1.0,6.270554149523377e-05,0.0,0.46061693225055933,0.46061693225055933,0.0,0,0,0.004557039123028517,0.0,0.041504654102027416,0.0,0.0
neu_mbv2_pattern_mining,2026-03-16T22:06:08,1,407,82,1,1.0,7.405228825518861e-05,0.0,0.12938267085701227,0.12938267085701227,0.0,0,0,0.00108303502202034,0.0,0.011855232063680887,0.0,0.0
neu_mbv2_pattern_mining,2026-03-16T22:06:08,1,408,82,2,1.0,0.010141724720597267,0.0,0.10549888480454683,0.10549888480454683,0.0,0,0,0.0008493717759847641,0.0,0.00970051670446992,0.0,0.0
neu_mbv2_pattern_mining,2026-03-16T22:06:08,1,409,82,3,0.8125,0.5670787692070007,0.0,0.10455346200615168,0.10455346200615168,0.0,0,0,0.0008161822333931923,0.0,0.009639163967221975,0.0,0.0
neu_mbv2_pattern_mining,2026-03-16T22:06:08,1,410,82,4,0.6666666666666666,0.5298427939414978,0.0,0.15005352441221476,0.15005352441221476,0.0,0,0,0.0008115638047456741,0.0,0.014193788636475801,0.0,0.0
neu_mbv2_pattern_mining,2026-03-16T22:06:09,2,406,82,0,1.0,0.0024325463455170393,0.0,0.5065064411610365,0.5065064411610365,0.0,0,0,0.006115976255387068,0.0,0.04453466786071658,0.0,0.0
neu_mbv2_pattern_mining,2026-03-16T22:06:09,2,407,82,1,0.9375,0.33852753043174744,0.0,0.10272806975990534,0.10272806975990534,0.0,0,0,0.0009244931861758232,0.0,0.00934831378981471,0.0,0.0
neu_mbv2_pattern_mining,2026-03-16T22:06:09,2,408,82,2,1.0,0.00442221574485302,0.0,0.08405972737818956,0.08405972737818956,0.0,0,0,0.0006446219049394131,0.0,0.007761350832879543,0.0,0.0
neu_mbv2_pattern_mining,2026-03-16T22:06:09,2,409,82,3,0.96875,0.08305646479129791,0.0,0.09362692013382912,0.09362692013382912,0.0,0,0,0.000704876147210598,0.0,0.008657815866172314,0.0,0.0
neu_mbv2_pattern_mining,2026-03-16T22:06:09,2,410,82,4,1.0,0.04076707363128662,0.0,0.12499080505222082,0.12499080505222082,0.0,0,0,0.000756493303924799,0.0,0.011742587201297283,0.0,0.0
neu_mbv2_pattern_mining,2026-03-16T22:06:10,3,406,82,0,1.0,6.0813850723207e-05,0.0,0.3174970904365182,0.3174970904365182,0.0,0,0,0.0038037882186472416,0.0,0.027945920825004578,0.0,0.0
neu_mbv2_pattern_mining,2026-03-16T22:06:10,3,407,82,1,1.0,0.0006949122762307525,0.0,0.10204172227531672,0.10204172227531672,0.0,0,0,0.0008068699389696121,0.0,0.00939730228856206,0.0,0.0
neu_mbv2_pattern_mining,2026-03-16T22:06:10,3,408,82,2,1.0,0.0037225803826004267,0.0,0.10144183412194252,0.10144183412194252,0.0,0,0,0.0008186097256839275,0.0,0.009325573686510324,0.0,0.0
neu_mbv2_pattern_mining,2026-03-16T22:06:10,3,409,82,3,1.0,0.0001459270279156044,0.0,0.10024418123066425,0.10024418123066425,0.0,0,0,0.0008174488320946693,0.0,0.009206969290971756,0.0,0.0
neu_mbv2_pattern_mining,2026-03-16T22:06:10,3,410,82,4,0.6666666666666666,0.47163501381874084,0.0,0.1120700454339385,0.1120700454339385,0.0,0,0,0.0007798331789672375,0.0,0.010427171364426613,0.0,0.0
neu_mbv2_pattern_mining,2026-03-16T22:06:11,4,406,82,0,1.0,0.00033957805135287344,0.0,0.3774681920185685,0.3774681920185685,0.0,0,0,0.004203711170703173,0.0,0.03354310803115368,0.0,0.0
neu_mbv2_pattern_mining,2026-03-16T22:06:11,4,407,82,1,0.96875,0.21995267271995544,0.0,0.11735508218407631,0.11735508218407631,0.0,0,0,0.0009705042466521263,0.0,0.010765003971755505,0.0,0.0
neu_mbv2_pattern_mining,2026-03-16T22:06:11,4,408,82,2,1.0,0.0073135956190526485,0.0,0.12347435113042593,0.12347435113042593,0.0,0,0,0.0010131299495697021,0.0,0.01133430516347289,0.0,0.0
neu_mbv2_pattern_mining,2026-03-16T22:06:11,4,409,82,3,0.984375,0.038788434118032455,0.0,0.12425208929926157,0.12425208929926157,0.0,0,0,0.001066913828253746,0.0,0.011358295101672411,0.0,0.0
neu_mbv2_pattern_mining,2026-03-16T22:06:11,4,410,82,4,0.6666666666666666,1.6435133218765259,0.0,0.14296822249889374,0.14296822249889374,0.0,0,0,0.000847511924803257,0.0,0.013449310325086117,0.0,0.0
neu_mbv2_pattern_mining,2026-03-16T22:06:12,0,411,83,0,0.984375,0.011916850693523884,0.0,0.2900374261662364,0.2900374261662364,0.0,0,0,0.001878206618130207,0.0,0.027125535998493433,0.0,0.0
neu_mbv2_pattern_mining,2026-03-16T22:06:12,0,412,83,1,0.984375,0.11615116149187088,0.0,0.08740830235183239,0.08740830235183239,0.0,0,0,0.0007950989529490471,0.0,0.007945731282234192,0.0,0.0
neu_mbv2_pattern_mining,2026-03-16T22:06:12,0,413,83,2,1.0,0.002917522331699729,0.0,0.0868420535698533,0.0868420535698533,0.0,0,0,0.00075159827247262,0.0,0.00793260708451271,0.0,0.0
neu_mbv2_pattern_mining,2026-03-16T22:06:12,0,414,83,3,0.890625,0.6058374047279358,0.0,0.08921688422560692,0.08921688422560692,0.0,0,0,0.0007868492975831032,0.0,0.008134839124977589,0.0,0.0
neu_mbv2_pattern_mining,2026-03-16T22:06:12,0,415,83,4,1.0,0.05396447330713272,0.0,0.09967484977096319,0.09967484977096319,0.0,0,0,0.0007740668952465057,0.0,0.009193418081849813,0.0,0.0
neu_mbv2_pattern_mining,2026-03-16T22:06:13,1,411,83,0,1.0,6.97400319040753e-05,0.0,0.5923095205798745,0.5923095205798745,0.0,0,0,0.005271764937788248,0.0,0.053959187120199203,0.0,0.0
neu_mbv2_pattern_mining,2026-03-16T22:06:13,1,412,83,1,0.984375,0.03604745492339134,0.0,0.13044573366641998,0.13044573366641998,0.0,0,0,0.0010917112231254578,0.0,0.01195286214351654,0.0,0.0
neu_mbv2_pattern_mining,2026-03-16T22:06:13,1,413,83,2,0.984375,0.08211582154035568,0.0,0.13160781934857368,0.13160781934857368,0.0,0,0,0.00101940194144845,0.0,0.012141379993408918,0.0,0.0
neu_mbv2_pattern_mining,2026-03-16T22:06:13,1,414,83,3,1.0,0.0005622642929665744,0.0,0.11317144613713026,0.11317144613713026,0.0,0,0,0.0008844910189509392,0.0,0.010432653594762087,0.0,0.0
neu_mbv2_pattern_mining,2026-03-16T22:06:13,1,415,83,4,0.6666666666666666,2.4138829708099365,0.0,0.1425977749750018,0.1425977749750018,0.0,0,0,0.0008122087456285954,0.0,0.013447568751871586,0.0,0.0
neu_mbv2_pattern_mining,2026-03-16T22:06:14,2,411,83,0,1.0,0.010225847363471985,0.0,0.3001805255189538,0.3001805255189538,0.0,0,0,0.0034571168944239616,0.0,0.02656093565747142,0.0,0.0
neu_mbv2_pattern_mining,2026-03-16T22:06:14,2,412,83,1,0.84375,0.8908758163452148,0.0,0.0863923691213131,0.0863923691213131,0.0,0,0,0.0007454780861735344,0.0,0.007893758825957775,0.0,0.0
neu_mbv2_pattern_mining,2026-03-16T22:06:14,2,413,83,2,1.0,0.00011891507165273651,0.0,0.08990679867565632,0.08990679867565632,0.0,0,0,0.000707210972905159,0.0,0.008283468894660473,0.0,0.0
neu_mbv2_pattern_mining,2026-03-16T22:06:14,2,414,83,3,1.0,0.000522935064509511,0.0,0.08983285166323185,0.08983285166323185,0.0,0,0,0.0007155272178351879,0.0,0.008267757948487997,0.0,0.0
neu_mbv2_pattern_mining,2026-03-16T22:06:14,2,415,83,4,0.6666666666666666,0.3672109544277191,0.0,0.11437330860644579,0.11437330860644579,0.0,0,0,0.0006709778681397438,0.0,0.010766352992504835,0.0,0.0
neu_mbv2_pattern_mining,2026-03-16T22:06:14,3,411,83,0,1.0,0.0006336843362078071,0.0,0.30656700022518635,0.30656700022518635,0.0,0,0,0.00327547499909997,0.0,0.027381225023418665,0.0,0.0
neu_mbv2_pattern_mining,2026-03-16T22:06:14,3,412,83,1,1.0,0.005161335691809654,0.0,0.08905332069844007,0.08905332069844007,0.0,0,0,0.0007788268849253654,0.0,0.008126505184918642,0.0,0.0
neu_mbv2_pattern_mining,2026-03-16T22:06:14,3,413,83,2,1.0,0.017294036224484444,0.0,0.0861607026308775,0.0861607026308775,0.0,0,0,0.0007296311669051647,0.0,0.007886439096182585,0.0,0.0
neu_mbv2_pattern_mining,2026-03-16T22:06:14,3,414,83,3,1.0,4.02379700972233e-05,0.0,0.08371578995138407,0.08371578995138407,0.0,0,0,0.0006509139202535152,0.0,0.0077206650748848915,0.0,0.0
neu_mbv2_pattern_mining,2026-03-16T22:06:14,3,415,83,4,1.0,0.14249885082244873,0.0,0.10253489948809147,0.10253489948809147,0.0,0,0,0.000665091909468174,0.0,0.009588398039340973,0.0,0.0
neu_mbv2_pattern_mining,2026-03-16T22:06:15,4,411,83,0,1.0,4.2634834244381636e-05,0.0,0.3955379780381918,0.3955379780381918,0.0,0,0,0.004161973018199205,0.0,0.035391824785619974,0.0,0.0
neu_mbv2_pattern_mining,2026-03-16T22:06:15,4,412,83,1,1.0,5.5263599278987385e-06,0.0,0.10874628089368343,0.10874628089368343,0.0,0,0,0.0008890689350664616,0.0,0.009985559154301882,0.0,0.0
neu_mbv2_pattern_mining,2026-03-16T22:06:15,4,413,83,2,1.0,0.0031468290835618973,0.0,0.10508937761187553,0.10508937761187553,0.0,0,0,0.0007562050595879555,0.0,0.009752732701599598,0.0,0.0
neu_mbv2_pattern_mining,2026-03-16T22:06:15,4,414,83,3,1.0,0.013912079855799675,0.0,0.10766753926873207,0.10766753926873207,0.0,0,0,0.0008353129960596561,0.0,0.009931440930813551,0.0,0.0
neu_mbv2_pattern_mining,2026-03-16T22:06:15,4,415,83,4,0.0,5.503044605255127,0.0,0.12970540206879377,0.12970540206879377,0.0,0,0,0.0007850923575460911,0.0,0.012185447849333286,0.0,0.0
neu_mbv2_pattern_mining,2026-03-16T22:06:16,0,416,84,0,1.0,6.742607365595177e-05,0.0,0.3049961803480983,0.3049961803480983,0.0,0,0,0.0019221059046685696,0.0,0.028577512130141258,0.0,0.0
neu_mbv2_pattern_mining,2026-03-16T22:06:16,0,417,84,1,1.0,5.492901254910976e-05,0.0,0.08652100805193186,0.08652100805193186,0.0,0,0,0.0007642689161002636,0.0,0.007887831889092922,0.0,0.0
neu_mbv2_pattern_mining,2026-03-16T22:06:17,0,418,84,2,0.921875,0.26908618211746216,0.0,0.0842806976288557,0.0842806976288557,0.0,0,0,0.0006731939502060413,0.0,0.007754875812679529,0.0,0.0
neu_mbv2_pattern_mining,2026-03-16T22:06:17,0,419,84,3,0.96875,0.07145728915929794,0.0,0.09432956110686064,0.09432956110686064,0.0,0,0,0.0007105139084160328,0.0,0.008722442202270031,0.0,0.0
neu_mbv2_pattern_mining,2026-03-16T22:06:17,0,420,84,4,0.0,4.503844738006592,0.0,0.0884439516812563,0.0884439516812563,0.0,0,0,0.0006241309456527233,0.0,0.008220264222472906,0.0,0.0
neu_mbv2_pattern_mining,2026-03-16T22:06:17,1,416,84,0,1.0,1.08849835669389e-05,0.0,0.4849310591816902,0.4849310591816902,0.0,0,0,0.00497793685644865,0.0,0.04351516906172037,0.0,0.0
neu_mbv2_pattern_mining,2026-03-16T22:06:17,1,417,84,1,1.0,0.00010052962170448154,0.0,0.1291340123862028,0.1291340123862028,0.0,0,0,0.0010258178226649761,0.0,0.011887583415955305,0.0,0.0
neu_mbv2_pattern_mining,2026-03-16T22:06:17,1,418,84,2,1.0,0.002252517966553569,0.0,0.11971726547926664,0.11971726547926664,0.0,0,0,0.0009310096502304077,0.0,0.011040716897696257,0.0,0.0
neu_mbv2_pattern_mining,2026-03-16T22:06:17,1,419,84,3,1.0,0.003930713981389999,0.0,0.11468404904007912,0.11468404904007912,0.0,0,0,0.000955372117459774,0.0,0.010513032786548138,0.0,0.0
neu_mbv2_pattern_mining,2026-03-16T22:06:17,1,420,84,4,0.3333333333333333,2.5328218936920166,0.0,0.11125863995403051,0.11125863995403051,0.0,0,0,0.0007512629963457584,0.0,0.010374600999057293,0.0,0.0
neu_mbv2_pattern_mining,2026-03-16T22:06:18,2,416,84,0,1.0,0.00014989481132943183,0.0,0.4306002287194133,0.4306002287194133,0.0,0,0,0.004022261127829552,0.0,0.039037761744111776,0.0,0.0
neu_mbv2_pattern_mining,2026-03-16T22:06:18,2,417,84,1,0.96875,0.17561039328575134,0.0,0.15278482344001532,0.15278482344001532,0.0,0,0,0.0010311882942914963,0.0,0.014247294049710035,0.0,0.0
neu_mbv2_pattern_mining,2026-03-16T22:06:18,2,418,84,2,1.0,0.00031576582114212215,0.0,0.08589435834437609,0.08589435834437609,0.0,0,0,0.0006897128187119961,0.0,0.007899723015725613,0.0,0.0
neu_mbv2_pattern_mining,2026-03-16T22:06:18,2,419,84,3,0.828125,1.5226755142211914,0.0,0.08829868398606777,0.08829868398606777,0.0,0,0,0.0007494720630347729,0.0,0.008080396335572004,0.0,0.0
neu_mbv2_pattern_mining,2026-03-16T22:06:18,2,420,84,4,0.6666666666666666,1.475732684135437,0.0,0.11444579809904099,0.11444579809904099,0.0,0,0,0.0006990754045546055,0.0,0.010745504405349493,0.0,0.0
neu_mbv2_pattern_mining,2026-03-16T22:06:19,3,416,84,0,1.0,1.2121554391342215e-05,0.0,0.46799284871667624,0.46799284871667624,0.0,0,0,0.003978393040597439,0.0,0.042820891831070185,0.0,0.0
neu_mbv2_pattern_mining,2026-03-16T22:06:19,3,417,84,1,0.984375,0.08173228055238724,0.0,0.10631339624524117,0.10631339624524117,0.0,0,0,0.001495884731411934,0.0,0.009135454893112183,0.0,0.0
neu_mbv2_pattern_mining,2026-03-16T22:06:19,3,418,84,2,1.0,0.0027491820510476828,0.0,0.08571028709411621,0.08571028709411621,0.0,0,0,0.0007385807111859322,0.0,0.007832447998225689,0.0,0.0
neu_mbv2_pattern_mining,2026-03-16T22:06:19,3,419,84,3,0.953125,0.11256133019924164,0.0,0.08790632709860802,0.08790632709860802,0.0,0,0,0.0007873717695474625,0.0,0.00800326094031334,0.0,0.0
neu_mbv2_pattern_mining,2026-03-16T22:06:19,3,420,84,4,0.6666666666666666,1.2559579610824585,0.0,0.10585223324596882,0.10585223324596882,0.0,0,0,0.0007141460664570332,0.0,0.009871077258139849,0.0,0.0
neu_mbv2_pattern_mining,2026-03-16T22:06:20,4,416,84,0,1.0,3.717912841239013e-05,0.0,0.4167717229574919,0.4167717229574919,0.0,0,0,0.004398365039378405,0.0,0.03727880725637078,0.0,0.0
neu_mbv2_pattern_mining,2026-03-16T22:06:20,4,417,84,1,1.0,5.140650955581805e-06,0.0,0.11923335958272219,0.11923335958272219,0.0,0,0,0.0010267719626426697,0.0,0.010896563995629549,0.0,0.0
neu_mbv2_pattern_mining,2026-03-16T22:06:20,4,418,84,2,1.0,1.537438038212713e-05,0.0,0.11794338002800941,0.11794338002800941,0.0,0,0,0.000981851015239954,0.0,0.010812486987560987,0.0,0.0
neu_mbv2_pattern_mining,2026-03-16T22:06:20,4,419,84,3,1.0,0.0010972718009725213,0.0,0.12291030958294868,0.12291030958294868,0.0,0,0,0.0009800978004932404,0.0,0.011310933157801628,0.0,0.0
neu_mbv2_pattern_mining,2026-03-16T22:06:20,4,420,84,4,1.0,0.03680524230003357,0.0,0.12682962696999311,0.12682962696999311,0.0,0,0,0.0008580307476222515,0.0,0.01182493194937706,0.0,0.0
neu_mbv2_pattern_mining,2026-03-16T22:06:21,0,421,85,0,1.0,9.518106708128471e-06,0.0,0.5423975363373756,0.5423975363373756,0.0,0,0,0.00420754961669445,0.0,0.050032204017043114,0.0,0.0
neu_mbv2_pattern_mining,2026-03-16T22:06:21,0,422,85,1,1.0,0.008494839072227478,0.0,0.13033852446824312,0.13033852446824312,0.0,0,0,0.0010524406097829342,0.0,0.011981411837041378,0.0,0.0
neu_mbv2_pattern_mining,2026-03-16T22:06:21,0,423,85,2,1.0,0.0006680531078018248,0.0,0.12684436980634928,0.12684436980634928,0.0,0,0,0.000986612867563963,0.0,0.011697824113070965,0.0,0.0
neu_mbv2_pattern_mining,2026-03-16T22:06:21,0,424,85,3,1.0,0.010001955553889275,0.0,0.12878270354121923,0.12878270354121923,0.0,0,0,0.0009945472702383995,0.0,0.011883723083883524,0.0,0.0
neu_mbv2_pattern_mining,2026-03-16T22:06:21,0,425,85,4,0.75,0.51356440782547,0.0,0.12981080450117588,0.12981080450117588,0.0,0,0,0.0009561381302773952,0.0,0.012024942319840193,0.0,0.0
neu_mbv2_pattern_mining,2026-03-16T22:06:22,1,421,85,0,1.0,0.0007004201761446893,0.0,0.32805184833705425,0.32805184833705425,0.0,0,0,0.0035532009787857533,0.0,0.029251983854919672,0.0,0.0
neu_mbv2_pattern_mining,2026-03-16T22:06:22,1,422,85,1,0.953125,0.11277725547552109,0.0,0.0973956985399127,0.0973956985399127,0.0,0,0,0.0010477849282324314,0.0,0.008691784925758839,0.0,0.0
neu_mbv2_pattern_mining,2026-03-16T22:06:22,1,423,85,2,1.0,0.0010669295443221927,0.0,0.0884543964639306,0.0884543964639306,0.0,0,0,0.0007174769416451454,0.0,0.008127962704747915,0.0,0.0
neu_mbv2_pattern_mining,2026-03-16T22:06:22,1,424,85,3,1.0,0.01085877325385809,0.0,0.08742999751120806,0.08742999751120806,0.0,0,0,0.0007277708500623703,0.0,0.008015228901058435,0.0,0.0
neu_mbv2_pattern_mining,2026-03-16T22:06:22,1,425,85,4,0.6666666666666666,0.7012767791748047,0.0,0.10896372143179178,0.10896372143179178,0.0,0,0,0.0006575430743396282,0.0,0.01023882906883955,0.0,0.0
neu_mbv2_pattern_mining,2026-03-16T22:06:23,2,421,85,0,1.0,0.001458468264900148,0.0,0.44940497260540724,0.44940497260540724,0.0,0,0,0.005575791001319885,0.0,0.03936470625922084,0.0,0.0
neu_mbv2_pattern_mining,2026-03-16T22:06:23,2,422,85,1,0.984375,0.08343589305877686,0.0,0.13908445369452238,0.13908445369452238,0.0,0,0,0.0011461381800472736,0.0,0.012762307189404964,0.0,0.0
neu_mbv2_pattern_mining,2026-03-16T22:06:23,2,423,85,2,0.953125,0.2287832647562027,0.0,0.15071748290210962,0.15071748290210962,0.0,0,0,0.0011672391556203365,0.0,0.013904509134590626,0.0,0.0
neu_mbv2_pattern_mining,2026-03-16T22:06:23,2,424,85,3,0.96875,0.1318182349205017,0.0,0.15433891210705042,0.15433891210705042,0.0,0,0,0.0011106990277767181,0.0,0.014323192182928324,0.0,0.0
neu_mbv2_pattern_mining,2026-03-16T22:06:23,2,425,85,4,0.0,4.435309886932373,0.0,0.1776984566822648,0.1776984566822648,0.0,0,0,0.0011822939850389957,0.0,0.016587551683187485,0.0,0.0
neu_mbv2_pattern_mining,2026-03-16T22:06:23,3,421,85,0,1.0,4.049573544762097e-05,0.0,0.3821804700419307,0.3821804700419307,0.0,0,0,0.005199573002755642,0.0,0.033018474001437426,0.0,0.0
neu_mbv2_pattern_mining,2026-03-16T22:06:24,3,422,85,1,0.890625,0.6132688522338867,0.0,0.11959654279053211,0.11959654279053211,0.0,0,0,0.001009071245789528,0.0,0.010950583033263683,0.0,0.0
neu_mbv2_pattern_mining,2026-03-16T22:06:24,3,423,85,2,1.0,0.0032400544732809067,0.0,0.1103172218427062,0.1103172218427062,0.0,0,0,0.0008877571672201157,0.0,0.010143965017050505,0.0,0.0
neu_mbv2_pattern_mining,2026-03-16T22:06:24,3,424,85,3,0.71875,1.603956937789917,0.0,0.15385768841952085,0.15385768841952085,0.0,0,0,0.001179208979010582,0.0,0.014206559862941504,0.0,0.0
neu_mbv2_pattern_mining,2026-03-16T22:06:24,3,425,85,4,1.0,0.06118162348866463,0.0,0.10684716980904341,0.10684716980904341,0.0,0,0,0.0006762119010090828,0.0,0.010008505079895258,0.0,0.0
neu_mbv2_pattern_mining,2026-03-16T22:06:24,4,421,85,0,1.0,1.560210330353584e-05,0.0,0.42683311738073826,0.42683311738073826,0.0,0,0,0.004493460990488529,0.0,0.0381898507475853,0.0,0.0
neu_mbv2_pattern_mining,2026-03-16T22:06:24,4,422,85,1,1.0,0.00022153554891701788,0.0,0.10342773515731096,0.10342773515731096,0.0,0,0,0.0007727188058197498,0.0,0.009570054709911346,0.0,0.0
neu_mbv2_pattern_mining,2026-03-16T22:06:24,4,423,85,2,1.0,0.0005233302945271134,0.0,0.1022935751825571,0.1022935751825571,0.0,0,0,0.0008050226606428623,0.0,0.009424334857612848,0.0,0.0
neu_mbv2_pattern_mining,2026-03-16T22:06:24,4,424,85,3,1.0,0.000862443121150136,0.0,0.09653536602854729,0.09653536602854729,0.0,0,0,0.0007805153727531433,0.0,0.008873021230101585,0.0,0.0
neu_mbv2_pattern_mining,2026-03-16T22:06:24,4,425,85,4,0.0,4.854799270629883,0.0,0.1302618207409978,0.1302618207409978,0.0,0,0,0.0008127870969474316,0.0,0.012213394977152348,0.0,0.0
neu_mbv2_pattern_mining,2026-03-16T22:06:26,0,426,86,0,1.0,2.795176988001913e-05,0.0,0.30876333359628916,0.30876333359628916,0.0,0,0,0.0020438614301383495,0.0,0.028832471929490566,0.0,0.0
neu_mbv2_pattern_mining,2026-03-16T22:06:26,0,427,86,1,0.984375,0.10429035127162933,0.0,0.11032906360924244,0.11032906360924244,0.0,0,0,0.0008866111747920513,0.0,0.010146295186132193,0.0,0.0
neu_mbv2_pattern_mining,2026-03-16T22:06:26,0,428,86,2,0.9375,0.2510605752468109,0.0,0.1025311416015029,0.1025311416015029,0.0,0,0,0.0007988819852471352,0.0,0.009454232174903154,0.0,0.0
neu_mbv2_pattern_mining,2026-03-16T22:06:26,0,429,86,3,1.0,4.860354238189757e-05,0.0,0.10688601527363062,0.10688601527363062,0.0,0,0,0.0008055856451392174,0.0,0.009883015882223845,0.0,0.0
neu_mbv2_pattern_mining,2026-03-16T22:06:26,0,430,86,4,0.75,0.5986042618751526,0.0,0.12716826051473618,0.12716826051473618,0.0,0,0,0.0009780130349099636,0.0,0.011738813016563654,0.0,0.0
neu_mbv2_pattern_mining,2026-03-16T22:06:27,1,426,86,0,1.0,0.00022367271594703197,0.0,0.6202570348978043,0.6202570348978043,0.0,0,0,0.006955974269658327,0.0,0.0550697292201221,0.0,0.0
neu_mbv2_pattern_mining,2026-03-16T22:06:27,1,427,86,1,0.90625,0.3870624899864197,0.0,0.15858687926083803,0.15858687926083803,0.0,0,0,0.0015346771106123924,0.0,0.01432401081547141,0.0,0.0
neu_mbv2_pattern_mining,2026-03-16T22:06:27,1,428,86,2,1.0,0.0007169840391725302,0.0,0.1391121419146657,0.1391121419146657,0.0,0,0,0.0010623279958963394,0.0,0.01284888619557023,0.0,0.0
neu_mbv2_pattern_mining,2026-03-16T22:06:27,1,429,86,3,1.0,0.0051747094839811325,0.0,0.1277562603354454,0.1277562603354454,0.0,0,0,0.001039968803524971,0.0,0.01173565723001957,0.0,0.0
neu_mbv2_pattern_mining,2026-03-16T22:06:27,1,430,86,4,0.6666666666666666,2.9782168865203857,0.0,0.14278145972639322,0.14278145972639322,0.0,0,0,0.0009130998514592648,0.0,0.013365046121180058,0.0,0.0
neu_mbv2_pattern_mining,2026-03-16T22:06:27,2,426,86,0,0.984375,0.012285823002457619,0.0,0.31524699181318283,0.31524699181318283,0.0,0,0,0.0037827668711543083,0.0,0.027741932310163975,0.0,0.0
neu_mbv2_pattern_mining,2026-03-16T22:06:27,2,427,86,1,0.875,1.2384393215179443,0.0,0.12445488944649696,0.12445488944649696,0.0,0,0,0.0011337562464177608,0.0,0.011311732698231936,0.0,0.0
neu_mbv2_pattern_mining,2026-03-16T22:06:27,2,428,86,2,0.984375,0.07206530123949051,0.0,0.11584789957851171,0.11584789957851171,0.0,0,0,0.0009320219978690147,0.0,0.010652767959982157,0.0,0.0
neu_mbv2_pattern_mining,2026-03-16T22:06:28,2,429,86,3,0.96875,0.08674664050340652,0.0,0.12264576740562916,0.12264576740562916,0.0,0,0,0.0009757368825376034,0.0,0.011288839858025312,0.0,0.0
neu_mbv2_pattern_mining,2026-03-16T22:06:28,2,430,86,4,0.3333333333333333,1.7158163785934448,0.0,0.1491783605888486,0.1491783605888486,0.0,0,0,0.0009135529398918152,0.0,0.014004283118993044,0.0,0.0
neu_mbv2_pattern_mining,2026-03-16T22:06:28,3,426,86,0,1.0,3.42907492267841e-06,0.0,0.42243966832756996,0.42243966832756996,0.0,0,0,0.00451436685398221,0.0,0.037729599978774786,0.0,0.0
neu_mbv2_pattern_mining,2026-03-16T22:06:28,3,427,86,1,1.0,1.7511290934635326e-05,0.0,0.11311778333038092,0.11311778333038092,0.0,0,0,0.0009377310052514076,0.0,0.010374047327786684,0.0,0.0
neu_mbv2_pattern_mining,2026-03-16T22:06:28,3,428,86,2,1.0,0.00011959874973399565,0.0,0.08406768087297678,0.08406768087297678,0.0,0,0,0.0006792051717638969,0.0,0.007727562915533781,0.0,0.0
neu_mbv2_pattern_mining,2026-03-16T22:06:28,3,429,86,3,1.0,2.9346758310566656e-05,0.0,0.09083564393222332,0.09083564393222332,0.0,0,0,0.0007410692051053047,0.0,0.008342495188117027,0.0,0.0
neu_mbv2_pattern_mining,2026-03-16T22:06:28,3,430,86,4,1.0,0.030310606583952904,0.0,0.11379160918295383,0.11379160918295383,0.0,0,0,0.0006572720594704151,0.0,0.010721888858824968,0.0,0.0
neu_mbv2_pattern_mining,2026-03-16T22:06:29,4,426,86,0,1.0,8.638626241008751e-06,0.0,0.5534231662750244,0.5534231662750244,0.0,0,0,0.0070402552373707294,0.0,0.04830206139013171,0.0,0.0
neu_mbv2_pattern_mining,2026-03-16T22:06:29,4,427,86,1,1.0,4.3061430915258825e-05,0.0,0.13897227123379707,0.13897227123379707,0.0,0,0,0.0011249729432165623,0.0,0.012772254180163145,0.0,0.0
neu_mbv2_pattern_mining,2026-03-16T22:06:29,4,428,86,2,1.0,0.0017507836455479264,0.0,0.12712921481579542,0.12712921481579542,0.0,0,0,0.0009836582466959953,0.0,0.011729263234883547,0.0,0.0
neu_mbv2_pattern_mining,2026-03-16T22:06:29,4,429,86,3,1.0,0.0007447571260854602,0.0,0.1350886421278119,0.1350886421278119,0.0,0,0,0.0009987489320337772,0.0,0.012510115280747414,0.0,0.0
neu_mbv2_pattern_mining,2026-03-16T22:06:29,4,430,86,4,0.6666666666666666,0.38820457458496094,0.0,0.1539313467219472,0.1539313467219472,0.0,0,0,0.0010535619221627712,0.0,0.014339572750031948,0.0,0.0
neu_mbv2_pattern_mining,2026-03-16T22:06:31,0,431,87,0,1.0,6.229312566574663e-05,0.0,0.44927938375622034,0.44927938375622034,0.0,0,0,0.0027421480044722557,0.0,0.04218579037114978,0.0,0.0
neu_mbv2_pattern_mining,2026-03-16T22:06:31,0,432,87,1,0.953125,0.11354786902666092,0.0,0.12605926021933556,0.12605926021933556,0.0,0,0,0.0010550268925726414,0.0,0.011550899129360914,0.0,0.0
neu_mbv2_pattern_mining,2026-03-16T22:06:31,0,433,87,2,1.0,0.00492475088685751,0.0,0.11379921808838844,0.11379921808838844,0.0,0,0,0.0009121671319007874,0.0,0.010467754676938057,0.0,0.0
neu_mbv2_pattern_mining,2026-03-16T22:06:31,0,434,87,3,0.984375,0.0660175234079361,0.0,0.10881914757192135,0.10881914757192135,0.0,0,0,0.0008576689288020134,0.0,0.010024245828390121,0.0,0.0
neu_mbv2_pattern_mining,2026-03-16T22:06:31,0,435,87,4,0.75,1.462782859802246,0.0,0.10821457020938396,0.10821457020938396,0.0,0,0,0.0007875580340623856,0.0,0.010033898986876011,0.0,0.0
neu_mbv2_pattern_mining,2026-03-16T22:06:31,1,431,87,0,1.0,0.0001665338349994272,0.0,0.3056487999856472,0.3056487999856472,0.0,0,0,0.0037712170742452145,0.0,0.026793662924319506,0.0,0.0
neu_mbv2_pattern_mining,2026-03-16T22:06:31,1,432,87,1,1.0,0.004594230558723211,0.0,0.09237308520823717,0.09237308520823717,0.0,0,0,0.0006938483566045761,0.0,0.008543460164219141,0.0,0.0
neu_mbv2_pattern_mining,2026-03-16T22:06:31,1,433,87,2,1.0,0.0009724398842081428,0.0,0.09267473127692938,0.09267473127692938,0.0,0,0,0.0007019131444394588,0.0,0.008565559983253479,0.0,0.0
neu_mbv2_pattern_mining,2026-03-16T22:06:31,1,434,87,3,1.0,0.018889643251895905,0.0,0.08523048833012581,0.08523048833012581,0.0,0,0,0.0006234017200767994,0.0,0.007899647112935781,0.0,0.0
neu_mbv2_pattern_mining,2026-03-16T22:06:31,1,435,87,4,0.6666666666666666,1.1663466691970825,0.0,0.10735679883509874,0.10735679883509874,0.0,0,0,0.0006145508959889412,0.0,0.010121128987520933,0.0,0.0
neu_mbv2_pattern_mining,2026-03-16T22:06:32,2,431,87,0,1.0,0.009533097967505455,0.0,0.4058027919381857,0.4058027919381857,0.0,0,0,0.004390728194266558,0.0,0.03618955099955201,0.0,0.0
neu_mbv2_pattern_mining,2026-03-16T22:06:32,2,432,87,1,1.0,0.009316511452198029,0.0,0.08649510331451893,0.08649510331451893,0.0,0,0,0.0007110163569450378,0.0,0.007938493974506855,0.0,0.0
neu_mbv2_pattern_mining,2026-03-16T22:06:32,2,433,87,2,0.984375,0.0506189726293087,0.0,0.08397226221859455,0.08397226221859455,0.0,0,0,0.000661834143102169,0.0,0.007735392078757286,0.0,0.0
neu_mbv2_pattern_mining,2026-03-16T22:06:32,2,434,87,3,1.0,0.0018222823273390532,0.0,0.08358263876289129,0.08358263876289129,0.0,0,0,0.0006545786745846272,0.0,0.007703685201704502,0.0,0.0
neu_mbv2_pattern_mining,2026-03-16T22:06:32,2,435,87,4,0.3333333333333333,4.42042875289917,0.0,0.10717581957578659,0.10717581957578659,0.0,0,0,0.0007354039698839188,0.0,0.00998217798769474,0.0,0.0
neu_mbv2_pattern_mining,2026-03-16T22:06:33,3,431,87,0,1.0,5.6802928156685084e-05,0.0,0.3350429283455014,0.3350429283455014,0.0,0,0,0.004727813880890608,0.0,0.028776478953659534,0.0,0.0
neu_mbv2_pattern_mining,2026-03-16T22:06:33,3,432,87,1,1.0,0.00012473300739657134,0.0,0.09358958806842566,0.09358958806842566,0.0,0,0,0.0008286759257316589,0.0,0.008530282881110907,0.0,0.0
neu_mbv2_pattern_mining,2026-03-16T22:06:33,3,433,87,2,1.0,0.008309608325362206,0.0,0.08748282678425312,0.08748282678425312,0.0,0,0,0.000651323702186346,0.0,0.008096958976238966,0.0,0.0
neu_mbv2_pattern_mining,2026-03-16T22:06:33,3,434,87,3,0.984375,0.06255246698856354,0.0,0.08361279498785734,0.08361279498785734,0.0,0,0,0.0006459392607212067,0.0,0.0077153402380645275,0.0,0.0
neu_mbv2_pattern_mining,2026-03-16T22:06:33,3,435,87,4,1.0,0.24675148725509644,0.0,0.09989079553633928,0.09989079553633928,0.0,0,0,0.0005885097198188305,0.0,0.009400569833815098,0.0,0.0
neu_mbv2_pattern_mining,2026-03-16T22:06:34,4,431,87,0,1.0,0.0008617060375399888,0.0,0.3170410729944706,0.3170410729944706,0.0,0,0,0.0035602012649178505,0.0,0.02814390603452921,0.0,0.0
neu_mbv2_pattern_mining,2026-03-16T22:06:34,4,432,87,1,0.984375,0.2251698225736618,0.0,0.10080210864543915,0.10080210864543915,0.0,0,0,0.0008523231372237206,0.0,0.009227887727320194,0.0,0.0
neu_mbv2_pattern_mining,2026-03-16T22:06:34,4,433,87,2,1.0,0.0002512162900529802,0.0,0.0881088338792324,0.0881088338792324,0.0,0,0,0.0007288912311196327,0.0,0.008081992156803608,0.0,0.0
neu_mbv2_pattern_mining,2026-03-16T22:06:34,4,434,87,3,0.96875,0.10001400113105774,0.0,0.08711676113307476,0.08711676113307476,0.0,0,0,0.0007055751048028469,0.0,0.00800610100850463,0.0,0.0
neu_mbv2_pattern_mining,2026-03-16T22:06:34,4,435,87,4,1.0,0.20909704267978668,0.0,0.10618704836815596,0.10618704836815596,0.0,0,0,0.0007024030201137066,0.0,0.009916301816701889,0.0,0.0
neu_mbv2_pattern_mining,2026-03-16T22:06:35,0,436,88,0,1.0,6.679043144686148e-05,0.0,0.29077317100018263,0.29077317100018263,0.0,0,0,0.0022223801352083683,0.0,0.026854936964809895,0.0,0.0
neu_mbv2_pattern_mining,2026-03-16T22:06:35,0,437,88,1,0.984375,0.0483519546687603,0.0,0.12395689729601145,0.12395689729601145,0.0,0,0,0.0010778200812637806,0.0,0.011317869648337364,0.0,0.0
neu_mbv2_pattern_mining,2026-03-16T22:06:35,0,438,88,2,0.921875,0.26728594303131104,0.0,0.1525576040148735,0.1525576040148735,0.0,0,0,0.00120960408821702,0.0,0.01404615631327033,0.0,0.0
neu_mbv2_pattern_mining,2026-03-16T22:06:35,0,439,88,3,1.0,0.0012698211940005422,0.0,0.08333060424774885,0.08333060424774885,0.0,0,0,0.0006334781646728516,0.0,0.007699582260102034,0.0,0.0
neu_mbv2_pattern_mining,2026-03-16T22:06:35,0,440,88,4,0.75,1.2447667121887207,0.0,0.08942798245698214,0.08942798245698214,0.0,0,0,0.0005855150520801544,0.0,0.00835728319361806,0.0,0.0
neu_mbv2_pattern_mining,2026-03-16T22:06:36,1,436,88,0,1.0,0.0001666811149334535,0.0,0.47585984226316214,0.47585984226316214,0.0,0,0,0.004912159871309996,0.0,0.04267382435500622,0.0,0.0
neu_mbv2_pattern_mining,2026-03-16T22:06:36,1,437,88,1,1.0,0.0006676075863651931,0.0,0.13446686323732138,0.13446686323732138,0.0,0,0,0.0010445690713822842,0.0,0.012402117252349854,0.0,0.0
neu_mbv2_pattern_mining,2026-03-16T22:06:36,1,438,88,2,0.984375,0.03329441323876381,0.0,0.08786377962678671,0.08786377962678671,0.0,0,0,0.0007057269103825092,0.0,0.008080651052296162,0.0,0.0
neu_mbv2_pattern_mining,2026-03-16T22:06:36,1,439,88,3,1.0,0.0023409253917634487,0.0,0.08531882427632809,0.08531882427632809,0.0,0,0,0.0007247664034366608,0.0,0.007807116024196148,0.0,0.0
neu_mbv2_pattern_mining,2026-03-16T22:06:36,1,440,88,4,0.6666666666666666,0.6223258376121521,0.0,0.11183812282979488,0.11183812282979488,0.0,0,0,0.0006542126648128033,0.0,0.010529599618166685,0.0,0.0
neu_mbv2_pattern_mining,2026-03-16T22:06:37,2,436,88,0,1.0,2.5058867322513834e-05,0.0,0.35049752332270145,0.35049752332270145,0.0,0,0,0.003603079356253147,0.0,0.031446672976017,0.0,0.0
neu_mbv2_pattern_mining,2026-03-16T22:06:37,2,437,88,1,1.0,0.00048057391541078687,0.0,0.12531543150544167,0.12531543150544167,0.0,0,0,0.0009514670819044113,0.0,0.011580076068639755,0.0,0.0
neu_mbv2_pattern_mining,2026-03-16T22:06:37,2,438,88,2,1.0,0.0006081054452806711,0.0,0.12698363978415728,0.12698363978415728,0.0,0,0,0.0008877580985426903,0.0,0.011810605879873037,0.0,0.0
neu_mbv2_pattern_mining,2026-03-16T22:06:37,2,439,88,3,1.0,0.013566626235842705,0.0,0.12434625998139381,0.12434625998139381,0.0,0,0,0.0009816139936447144,0.0,0.011453012004494667,0.0,0.0
neu_mbv2_pattern_mining,2026-03-16T22:06:37,2,440,88,4,0.6666666666666666,2.6792356967926025,0.0,0.15033834148198366,0.15033834148198366,0.0,0,0,0.0009322338737547398,0.0,0.014101600274443626,0.0,0.0
neu_mbv2_pattern_mining,2026-03-16T22:06:38,3,436,88,0,1.0,1.7632746676099487e-05,0.0,0.36171082872897387,0.36171082872897387,0.0,0,0,0.0041264998726546764,0.0,0.03204458300024271,0.0,0.0
neu_mbv2_pattern_mining,2026-03-16T22:06:38,3,437,88,1,1.0,6.286762800300494e-05,0.0,0.10978034697473049,0.10978034697473049,0.0,0,0,0.0008724117651581764,0.0,0.010105622932314873,0.0,0.0
neu_mbv2_pattern_mining,2026-03-16T22:06:38,3,438,88,2,1.0,0.001825677347369492,0.0,0.10961415246129036,0.10961415246129036,0.0,0,0,0.0008626603521406651,0.0,0.010098754893988371,0.0,0.0
neu_mbv2_pattern_mining,2026-03-16T22:06:38,3,439,88,3,0.90625,0.6718425750732422,0.0,0.10667204391211271,0.10667204391211271,0.0,0,0,0.0008314964361488819,0.0,0.00983570795506239,0.0,0.0
neu_mbv2_pattern_mining,2026-03-16T22:06:38,3,440,88,4,0.3333333333333333,2.684231996536255,0.0,0.12728673871606588,0.12728673871606588,0.0,0,0,0.0008359216153621674,0.0,0.011892752256244421,0.0,0.0
neu_mbv2_pattern_mining,2026-03-16T22:06:38,4,436,88,0,1.0,1.6481571947224438e-05,0.0,0.32231051474809647,0.32231051474809647,0.0,0,0,0.0033952556550502777,0.0,0.02883579581975937,0.0,0.0
neu_mbv2_pattern_mining,2026-03-16T22:06:38,4,437,88,1,1.0,1.752962270984426e-05,0.0,0.10586299933493137,0.10586299933493137,0.0,0,0,0.0008652079850435257,0.0,0.009721091948449612,0.0,0.0
neu_mbv2_pattern_mining,2026-03-16T22:06:39,4,438,88,2,1.0,0.00044520365190692246,0.0,0.1102354098111391,0.1102354098111391,0.0,0,0,0.0008693849667906761,0.0,0.010154156014323235,0.0,0.0
neu_mbv2_pattern_mining,2026-03-16T22:06:39,4,439,88,3,0.90625,0.24682077765464783,0.0,0.10775890201330185,0.10775890201330185,0.0,0,0,0.0009214151650667191,0.0,0.009854475036263466,0.0,0.0
neu_mbv2_pattern_mining,2026-03-16T22:06:39,4,440,88,4,1.0,0.051915496587753296,0.0,0.12542448472231627,0.12542448472231627,0.0,0,0,0.0008112001232802868,0.0,0.01173124834895134,0.0,0.0
neu_mbv2_pattern_mining,2026-03-16T22:06:40,0,441,89,0,1.0,0.008856957778334618,0.0,0.5018437001854181,0.5018437001854181,0.0,0,0,0.003105355892330408,0.0,0.047079014126211405,0.0,0.0
neu_mbv2_pattern_mining,2026-03-16T22:06:40,0,442,89,1,1.0,0.0023121528793126345,0.0,0.08936192374676466,0.08936192374676466,0.0,0,0,0.0008068201132118702,0.0,0.008129372261464596,0.0,0.0
neu_mbv2_pattern_mining,2026-03-16T22:06:40,0,443,89,2,0.921875,0.3166635036468506,0.0,0.08974929805845022,0.08974929805845022,0.0,0,0,0.0007537058554589748,0.0,0.008221223950386047,0.0,0.0
neu_mbv2_pattern_mining,2026-03-16T22:06:40,0,444,89,3,0.96875,0.08855152130126953,0.0,0.09528250899165869,0.09528250899165869,0.0,0,0,0.0007285010069608688,0.0,0.008799749892205,0.0,0.0
neu_mbv2_pattern_mining,2026-03-16T22:06:40,0,445,89,4,0.25,1.8500102758407593,0.0,0.09492534678429365,0.09492534678429365,0.0,0,0,0.0006522298790514469,0.0,0.008840304799377918,0.0,0.0
neu_mbv2_pattern_mining,2026-03-16T22:06:41,1,441,89,0,1.0,2.8146909244242124e-05,0.0,0.43370245955884457,0.43370245955884457,0.0,0,0,0.004472404718399048,0.0,0.03889784123748541,0.0,0.0
neu_mbv2_pattern_mining,2026-03-16T22:06:41,1,442,89,1,1.0,0.0007837965968064964,0.0,0.11602942831814289,0.11602942831814289,0.0,0,0,0.001184406690299511,0.0,0.010418536141514778,0.0,0.0
neu_mbv2_pattern_mining,2026-03-16T22:06:41,1,443,89,2,0.984375,0.06609853357076645,0.0,0.09285531938076019,0.09285531938076019,0.0,0,0,0.0007581659592688084,0.0,0.008527365978807211,0.0,0.0
neu_mbv2_pattern_mining,2026-03-16T22:06:41,1,444,89,3,1.0,0.0003948952944483608,0.0,0.10882653761655092,0.10882653761655092,0.0,0,0,0.0009167278185486794,0.0,0.009965925943106413,0.0,0.0
neu_mbv2_pattern_mining,2026-03-16T22:06:41,1,445,89,4,0.3333333333333333,1.7489476203918457,0.0,0.1755410758778453,0.1755410758778453,0.0,0,0,0.0010518417693674564,0.0,0.016502265818417072,0.0,0.0
neu_mbv2_pattern_mining,2026-03-16T22:06:42,2,441,89,0,1.0,6.141031917650253e-06,0.0,0.3015209175646305,0.3015209175646305,0.0,0,0,0.003148803021758795,0.0,0.027003288734704256,0.0,0.0
neu_mbv2_pattern_mining,2026-03-16T22:06:42,2,442,89,1,0.984375,0.015924545004963875,0.0,0.08399941492825747,0.08399941492825747,0.0,0,0,0.0007035462185740471,0.0,0.0076963952742516994,0.0,0.0
neu_mbv2_pattern_mining,2026-03-16T22:06:42,2,443,89,2,1.0,0.008401229977607727,0.0,0.09008879773318768,0.09008879773318768,0.0,0,0,0.0007558767683804035,0.0,0.008253003004938364,0.0,0.0
neu_mbv2_pattern_mining,2026-03-16T22:06:42,2,444,89,3,0.96875,0.12732923030853271,0.0,0.0872429646551609,0.0872429646551609,0.0,0,0,0.0006906646303832531,0.0,0.008033631835132837,0.0,0.0
neu_mbv2_pattern_mining,2026-03-16T22:06:42,2,445,89,4,0.0,4.220162868499756,0.0,0.11229221243411303,0.11229221243411303,0.0,0,0,0.0007591340690851212,0.0,0.010470087174326181,0.0,0.0
neu_mbv2_pattern_mining,2026-03-16T22:06:42,3,441,89,0,1.0,4.034426638099831e-06,0.0,0.331939235329628,0.331939235329628,0.0,0,0,0.003472522832453251,0.0,0.029721400700509548,0.0,0.0
neu_mbv2_pattern_mining,2026-03-16T22:06:42,3,442,89,1,1.0,4.427498788572848e-05,0.0,0.08952662814408541,0.08952662814408541,0.0,0,0,0.0007417770102620125,0.0,0.008210885804146528,0.0,0.0
neu_mbv2_pattern_mining,2026-03-16T22:06:43,3,443,89,2,0.984375,0.051475994288921356,0.0,0.09658424649387598,0.09658424649387598,0.0,0,0,0.0007361848838627338,0.0,0.008922239765524864,0.0,0.0
neu_mbv2_pattern_mining,2026-03-16T22:06:43,3,444,89,3,0.984375,0.02538255788385868,0.0,0.09587033186107874,0.09587033186107874,0.0,0,0,0.0008354191668331623,0.0,0.008751614019274712,0.0,0.0
neu_mbv2_pattern_mining,2026-03-16T22:06:43,3,445,89,4,1.0,0.02186630107462406,0.0,0.10287682060152292,0.10287682060152292,0.0,0,0,0.0006623170338571072,0.0,0.009625365026295185,0.0,0.0
neu_mbv2_pattern_mining,2026-03-16T22:06:43,4,441,89,0,1.0,2.0225845219101757e-05,0.0,0.5196056514978409,0.5196056514978409,0.0,0,0,0.0051277149468660355,0.0,0.04683285020291805,0.0,0.0
neu_mbv2_pattern_mining,2026-03-16T22:06:43,4,442,89,1,1.0,0.001062294002622366,0.0,0.1311374455690384,0.1311374455690384,0.0,0,0,0.0011402778327465057,0.0,0.011973466724157333,0.0,0.0
neu_mbv2_pattern_mining,2026-03-16T22:06:43,4,443,89,2,0.96875,0.1419985592365265,0.0,0.12075820006430149,0.12075820006430149,0.0,0,0,0.0008863010443747044,0.0,0.011189518962055445,0.0,0.0
neu_mbv2_pattern_mining,2026-03-16T22:06:43,4,444,89,3,1.0,3.259728691773489e-05,0.0,0.1158294826745987,0.1158294826745987,0.0,0,0,0.0009618811309337616,0.0,0.010621067136526108,0.0,0.0
neu_mbv2_pattern_mining,2026-03-16T22:06:43,4,445,89,4,0.6666666666666666,1.1958768367767334,0.0,0.12460429687052965,0.12460429687052965,0.0,0,0,0.0007526716217398643,0.0,0.0117077580653131,0.0,0.0
neu_mbv2_pattern_mining,2026-03-16T22:06:45,0,446,90,0,1.0,0.0037847713101655245,0.0,0.4470328753814101,0.4470328753814101,0.0,0,0,0.002473791129887104,0.0,0.04222949640825391,0.0,0.0
neu_mbv2_pattern_mining,2026-03-16T22:06:45,0,447,90,1,0.875,0.5566927790641785,0.0,0.12225011363625526,0.12225011363625526,0.0,0,0,0.0008914610370993614,0.0,0.011333550326526165,0.0,0.0
neu_mbv2_pattern_mining,2026-03-16T22:06:45,0,448,90,2,1.0,0.0014300192706286907,0.0,0.10488690342754126,0.10488690342754126,0.0,0,0,0.0009121489711105824,0.0,0.009576541371643543,0.0,0.0
neu_mbv2_pattern_mining,2026-03-16T22:06:45,0,449,90,3,1.0,0.05732494592666626,0.0,0.08717808406800032,0.08717808406800032,0.0,0,0,0.0006800633855164051,0.0,0.008037745021283627,0.0,0.0
neu_mbv2_pattern_mining,2026-03-16T22:06:45,0,450,90,4,0.25,3.665764093399048,0.0,0.09767929557710886,0.09767929557710886,0.0,0,0,0.0007056291215121746,0.0,0.009062300436198711,0.0,0.0
neu_mbv2_pattern_mining,2026-03-16T22:06:46,1,446,90,0,1.0,0.00037990882992744446,0.0,0.3445612220093608,0.3445612220093608,0.0,0,0,0.004126464948058128,0.0,0.03032965725287795,0.0,0.0
neu_mbv2_pattern_mining,2026-03-16T22:06:46,1,447,90,1,0.96875,0.14900988340377808,0.0,0.10834889952093363,0.10834889952093363,0.0,0,0,0.0009363000281155109,0.0,0.009898589923977852,0.0,0.0
neu_mbv2_pattern_mining,2026-03-16T22:06:46,1,448,90,2,0.96875,0.05342560634016991,0.0,0.1024599140509963,0.1024599140509963,0.0,0,0,0.0008655441924929619,0.0,0.009380447212606668,0.0,0.0
neu_mbv2_pattern_mining,2026-03-16T22:06:46,1,449,90,3,0.984375,0.09191280603408813,0.0,0.10212013032287359,0.10212013032287359,0.0,0,0,0.0008322480134665966,0.0,0.009379765018820763,0.0,0.0
neu_mbv2_pattern_mining,2026-03-16T22:06:46,1,450,90,4,0.3333333333333333,1.1470561027526855,0.0,0.1388229802250862,0.1388229802250862,0.0,0,0,0.001078111119568348,0.0,0.012804186902940273,0.0,0.0
neu_mbv2_pattern_mining,2026-03-16T22:06:46,2,446,90,0,1.0,0.00024103507166728377,0.0,0.4839261854067445,0.4839261854067445,0.0,0,0,0.004803172312676907,0.0,0.04358944622799754,0.0,0.0
neu_mbv2_pattern_mining,2026-03-16T22:06:46,2,447,90,1,0.984375,0.07972028106451035,0.0,0.13330450281500816,0.13330450281500816,0.0,0,0,0.0010310811921954155,0.0,0.0122993690893054,0.0,0.0
neu_mbv2_pattern_mining,2026-03-16T22:06:46,2,448,90,2,1.0,0.003491221461445093,0.0,0.11947630438953638,0.11947630438953638,0.0,0,0,0.0009660972282290459,0.0,0.010981533210724592,0.0,0.0
neu_mbv2_pattern_mining,2026-03-16T22:06:46,2,449,90,3,0.984375,0.02942037209868431,0.0,0.098206652328372,0.098206652328372,0.0,0,0,0.0008587110787630081,0.0,0.008961954154074192,0.0,0.0
neu_mbv2_pattern_mining,2026-03-16T22:06:46,2,450,90,4,1.0,0.15578274428844452,0.0,0.10756655596196651,0.10756655596196651,0.0,0,0,0.000745655968785286,0.0,0.010010999627411366,0.0,0.0
neu_mbv2_pattern_mining,2026-03-16T22:06:47,3,446,90,0,1.0,0.0006516407593153417,0.0,0.3271368844434619,0.3271368844434619,0.0,0,0,0.0035183336585760117,0.0,0.029195354785770178,0.0,0.0
neu_mbv2_pattern_mining,2026-03-16T22:06:47,3,447,90,1,1.0,0.0073303054086863995,0.0,0.08838088717311621,0.08838088717311621,0.0,0,0,0.0008016107603907585,0.0,0.008036477956920862,0.0,0.0
neu_mbv2_pattern_mining,2026-03-16T22:06:47,3,448,90,2,0.953125,0.1173320785164833,0.0,0.08880316279828548,0.08880316279828548,0.0,0,0,0.0007733171805739403,0.0,0.008106999099254608,0.0,0.0
neu_mbv2_pattern_mining,2026-03-16T22:06:47,3,449,90,3,1.0,0.0017601787112653255,0.0,0.09717563632875681,0.09717563632875681,0.0,0,0,0.0007897266186773777,0.0,0.008927837014198303,0.0,0.0
neu_mbv2_pattern_mining,2026-03-16T22:06:47,3,450,90,4,1.0,0.06368870288133621,0.0,0.10772813577204943,0.10772813577204943,0.0,0,0,0.0007866942323744297,0.0,0.009986119344830513,0.0,0.0
neu_mbv2_pattern_mining,2026-03-16T22:06:48,4,446,90,0,1.0,0.00010442551138112321,0.0,0.3986072912812233,0.3986072912812233,0.0,0,0,0.004080524202436209,0.0,0.03578020492568612,0.0,0.0
neu_mbv2_pattern_mining,2026-03-16T22:06:48,4,447,90,1,0.953125,0.11772635579109192,0.0,0.09979916270822287,0.09979916270822287,0.0,0,0,0.0008463012054562569,0.0,0.00913361506536603,0.0,0.0
neu_mbv2_pattern_mining,2026-03-16T22:06:48,4,448,90,2,1.0,0.00016960478387773037,0.0,0.09482698049396276,0.09482698049396276,0.0,0,0,0.0006993310526013374,0.0,0.008783366996794939,0.0,0.0
neu_mbv2_pattern_mining,2026-03-16T22:06:48,4,449,90,3,1.0,0.0012233105953782797,0.0,0.09166589938104153,0.09166589938104153,0.0,0,0,0.0006718989461660385,0.0,0.008494690991938114,0.0,0.0
neu_mbv2_pattern_mining,2026-03-16T22:06:48,4,450,90,4,1.0,0.08423811197280884,0.0,0.10103149339556694,0.10103149339556694,0.0,0,0,0.0006648222915828228,0.0,0.009438327047973871,0.0,0.0
neu_mbv2_pattern_mining,2026-03-16T22:06:49,0,451,91,0,1.0,0.0018086408963426948,0.0,0.32163537573069334,0.32163537573069334,0.0,0,0,0.0022425116039812565,0.0,0.029921025969088078,0.0,0.0
neu_mbv2_pattern_mining,2026-03-16T22:06:49,0,452,91,1,0.9375,0.2650846242904663,0.0,0.08647877722978592,0.08647877722978592,0.0,0,0,0.0007452159188687801,0.0,0.007902661804109812,0.0,0.0
neu_mbv2_pattern_mining,2026-03-16T22:06:49,0,453,91,2,1.0,0.0034337046090513468,0.0,0.09400535374879837,0.09400535374879837,0.0,0,0,0.0007496783509850502,0.0,0.008650857023894787,0.0,0.0
neu_mbv2_pattern_mining,2026-03-16T22:06:49,0,454,91,3,1.0,0.0034695526119321585,0.0,0.10088088922202587,0.10088088922202587,0.0,0,0,0.0007869359105825424,0.0,0.009301153011620045,0.0,0.0
neu_mbv2_pattern_mining,2026-03-16T22:06:49,0,455,91,4,0.75,0.5329750776290894,0.0,0.10264621581882238,0.10264621581882238,0.0,0,0,0.000731038860976696,0.0,0.009533582720905542,0.0,0.0
neu_mbv2_pattern_mining,2026-03-16T22:06:50,1,451,91,0,1.0,0.00018591617117635906,0.0,0.3022126294672489,0.3022126294672489,0.0,0,0,0.003347781952470541,0.0,0.02687348099425435,0.0,0.0
neu_mbv2_pattern_mining,2026-03-16T22:06:50,1,452,91,1,0.953125,0.21961167454719543,0.0,0.08620910346508026,0.08620910346508026,0.0,0,0,0.0007081693038344383,0.0,0.007912741042673588,0.0,0.0
neu_mbv2_pattern_mining,2026-03-16T22:06:50,1,453,91,2,1.0,5.4097665270091966e-05,0.0,0.08621490094810724,0.08621490094810724,0.0,0,0,0.0007655019871890545,0.0,0.00785598810762167,0.0,0.0
neu_mbv2_pattern_mining,2026-03-16T22:06:50,1,454,91,3,0.984375,0.07933943718671799,0.0,0.08627448230981827,0.08627448230981827,0.0,0,0,0.000647716224193573,0.0,0.007979732006788254,0.0,0.0
neu_mbv2_pattern_mining,2026-03-16T22:06:50,1,455,91,4,0.3333333333333333,2.533250570297241,0.0,0.1117669977247715,0.1117669977247715,0.0,0,0,0.0006948010995984077,0.0,0.010481898672878742,0.0,0.0
neu_mbv2_pattern_mining,2026-03-16T22:06:51,2,451,91,0,1.0,6.0517926613101736e-05,0.0,0.3095813747495413,0.3095813747495413,0.0,0,0,0.0034661972895264626,0.0,0.027491940185427666,0.0,0.0
neu_mbv2_pattern_mining,2026-03-16T22:06:51,2,452,91,1,1.0,0.00228710426017642,0.0,0.08553850464522839,0.08553850464522839,0.0,0,0,0.0006950218230485916,0.0,0.007858828641474247,0.0,0.0
neu_mbv2_pattern_mining,2026-03-16T22:06:51,2,453,91,2,0.984375,0.11210375279188156,0.0,0.08767184801399708,0.08767184801399708,0.0,0,0,0.0006505437195301056,0.0,0.008116641081869602,0.0,0.0
neu_mbv2_pattern_mining,2026-03-16T22:06:51,2,454,91,3,1.0,0.0029696673154830933,0.0,0.09198245126754045,0.09198245126754045,0.0,0,0,0.0006818813271820545,0.0,0.008516363799571991,0.0,0.0
neu_mbv2_pattern_mining,2026-03-16T22:06:51,2,455,91,4,1.0,0.3893462121486664,0.0,0.11186090297996998,0.11186090297996998,0.0,0,0,0.0006502829492092133,0.0,0.010535807348787785,0.0,0.0
neu_mbv2_pattern_mining,2026-03-16T22:06:52,3,451,91,0,1.0,0.0007532524759881198,0.0,0.36573256831616163,0.36573256831616163,0.0,0,0,0.004045796114951372,0.0,0.03252746071666479,0.0,0.0
neu_mbv2_pattern_mining,2026-03-16T22:06:52,3,452,91,1,0.984375,0.10062460601329803,0.0,0.13303660787642002,0.13303660787642002,0.0,0,0,0.001127345021814108,0.0,0.012176315765827894,0.0,0.0
neu_mbv2_pattern_mining,2026-03-16T22:06:52,3,453,91,2,0.984375,0.03114977478981018,0.0,0.12299172580242157,0.12299172580242157,0.0,0,0,0.0010257456451654434,0.0,0.011273426935076714,0.0,0.0
neu_mbv2_pattern_mining,2026-03-16T22:06:52,3,454,91,3,1.0,0.0012213735608384013,0.0,0.15143965370953083,0.15143965370953083,0.0,0,0,0.0010442952625453472,0.0,0.014099670108407736,0.0,0.0
neu_mbv2_pattern_mining,2026-03-16T22:06:52,3,455,91,4,0.6666666666666666,0.5853468179702759,0.0,0.17355484887957573,0.17355484887957573,0.0,0,0,0.0010915827006101608,0.0,0.016263902187347412,0.0,0.0
neu_mbv2_pattern_mining,2026-03-16T22:06:52,4,451,91,0,1.0,0.00014574636588804424,0.0,0.30592801980674267,0.30592801980674267,0.0,0,0,0.0034986352548003197,0.0,0.027094166725873947,0.0,0.0
neu_mbv2_pattern_mining,2026-03-16T22:06:52,4,452,91,1,0.96875,0.14123374223709106,0.0,0.10071685072034597,0.10071685072034597,0.0,0,0,0.0008300398476421833,0.0,0.009241645224392414,0.0,0.0
neu_mbv2_pattern_mining,2026-03-16T22:06:52,4,453,91,2,1.0,0.0012944787740707397,0.0,0.0856213690713048,0.0856213690713048,0.0,0,0,0.000700497068464756,0.0,0.007861639838665724,0.0,0.0
neu_mbv2_pattern_mining,2026-03-16T22:06:52,4,454,91,3,0.96875,0.1946784108877182,0.0,0.11397283058613539,0.11397283058613539,0.0,0,0,0.000823799055069685,0.0,0.010573484003543854,0.0,0.0
neu_mbv2_pattern_mining,2026-03-16T22:06:52,4,455,91,4,0.6666666666666666,2.910994291305542,0.0,0.1069153007119894,0.1069153007119894,0.0,0,0,0.0007495870813727379,0.0,0.009941942989826202,0.0,0.0
neu_mbv2_pattern_mining,2026-03-16T22:06:54,0,456,92,0,1.0,0.0002549094788264483,0.0,0.43947394471615553,0.43947394471615553,0.0,0,0,0.0028484631329774857,0.0,0.04109893133863807,0.0,0.0
neu_mbv2_pattern_mining,2026-03-16T22:06:54,0,457,92,1,0.890625,0.6332871913909912,0.0,0.13518443331122398,0.13518443331122398,0.0,0,0,0.0010705231688916683,0.0,0.01244792016223073,0.0,0.0
neu_mbv2_pattern_mining,2026-03-16T22:06:54,0,458,92,2,1.0,0.0014447373105213046,0.0,0.13165232259780169,0.13165232259780169,0.0,0,0,0.0010184291750192642,0.0,0.012146803084760904,0.0,0.0
neu_mbv2_pattern_mining,2026-03-16T22:06:54,0,459,92,3,0.953125,0.16264113783836365,0.0,0.12326896656304598,0.12326896656304598,0.0,0,0,0.0009912927635014057,0.0,0.011335603892803192,0.0,0.0
neu_mbv2_pattern_mining,2026-03-16T22:06:54,0,460,92,4,1.0,0.015147280879318714,0.0,0.12982712127268314,0.12982712127268314,0.0,0,0,0.0009273081086575985,0.0,0.012055404018610716,0.0,0.0
neu_mbv2_pattern_mining,2026-03-16T22:06:54,1,456,92,0,1.0,3.4465389035176486e-05,0.0,0.324078481644392,0.324078481644392,0.0,0,0,0.003526905085891485,0.0,0.028880943078547716,0.0,0.0
neu_mbv2_pattern_mining,2026-03-16T22:06:54,1,457,92,1,1.0,3.23917374771554e-05,0.0,0.11320075951516628,0.11320075951516628,0.0,0,0,0.0009430539794266224,0.0,0.010377021972090006,0.0,0.0
neu_mbv2_pattern_mining,2026-03-16T22:06:55,1,458,92,2,1.0,0.0030516372062265873,0.0,0.09702866431325674,0.09702866431325674,0.0,0,0,0.0008038613013923168,0.0,0.008899005129933357,0.0,0.0
neu_mbv2_pattern_mining,2026-03-16T22:06:55,1,459,92,3,1.0,0.0018078485736623406,0.0,0.08481611032038927,0.08481611032038927,0.0,0,0,0.0006610318087041378,0.0,0.00782057922333479,0.0,0.0
neu_mbv2_pattern_mining,2026-03-16T22:06:55,1,460,92,4,0.6666666666666666,2.0533699989318848,0.0,0.11477303225547075,0.11477303225547075,0.0,0,0,0.0006851991638541222,0.0,0.010792104061692953,0.0,0.0
neu_mbv2_pattern_mining,2026-03-16T22:06:56,2,456,92,0,1.0,2.0655088519561104e-05,0.0,0.4565485054627061,0.4565485054627061,0.0,0,0,0.005760057829320431,0.0,0.03989479271695018,0.0,0.0
neu_mbv2_pattern_mining,2026-03-16T22:06:56,2,457,92,1,1.0,0.0003876244300045073,0.0,0.08586541283875704,0.08586541283875704,0.0,0,0,0.0007349932566285133,0.0,0.00785154802724719,0.0,0.0
neu_mbv2_pattern_mining,2026-03-16T22:06:56,2,458,92,2,0.984375,0.04004765301942825,0.0,0.0846107630059123,0.0846107630059123,0.0,0,0,0.0007449230179190636,0.0,0.007716153282672167,0.0,0.0
neu_mbv2_pattern_mining,2026-03-16T22:06:56,2,459,92,3,1.0,0.005227221176028252,0.0,0.09099510964006186,0.09099510964006186,0.0,0,0,0.000773139763623476,0.0,0.00832637120038271,0.0,0.0
neu_mbv2_pattern_mining,2026-03-16T22:06:56,2,460,92,4,1.0,0.0008638384169898927,0.0,0.10893082711845636,0.10893082711845636,0.0,0,0,0.0007195929065346718,0.0,0.010173489805310965,0.0,0.0
neu_mbv2_pattern_mining,2026-03-16T22:06:56,3,456,92,0,1.0,3.0169860110618174e-05,0.0,0.48073404002934694,0.48073404002934694,0.0,0,0,0.004423355218023062,0.0,0.04365004878491163,0.0,0.0
neu_mbv2_pattern_mining,2026-03-16T22:06:56,3,457,92,1,1.0,0.0011357038747519255,0.0,0.12193474918603897,0.12193474918603897,0.0,0,0,0.0009939000010490417,0.0,0.011199574917554855,0.0,0.0
neu_mbv2_pattern_mining,2026-03-16T22:06:56,3,458,92,2,0.984375,0.109161876142025,0.0,0.12015746906399727,0.12015746906399727,0.0,0,0,0.0009675719775259495,0.0,0.011048174928873777,0.0,0.0
neu_mbv2_pattern_mining,2026-03-16T22:06:56,3,459,92,3,1.0,0.0017827573465183377,0.0,0.12846990954130888,0.12846990954130888,0.0,0,0,0.0010175672359764576,0.0,0.01182942371815443,0.0,0.0
neu_mbv2_pattern_mining,2026-03-16T22:06:57,3,460,92,4,0.3333333333333333,1.7973499298095703,0.0,0.15025720931589603,0.15025720931589603,0.0,0,0,0.0009611020796000957,0.0,0.014064618851989508,0.0,0.0
neu_mbv2_pattern_mining,2026-03-16T22:06:57,4,456,92,0,1.0,6.339768879115582e-05,0.0,0.43171508237719536,0.43171508237719536,0.0,0,0,0.004686943255364895,0.0,0.03848456498235464,0.0,0.0
neu_mbv2_pattern_mining,2026-03-16T22:06:57,4,457,92,1,1.0,1.6838679584907368e-05,0.0,0.08987895213067532,0.08987895213067532,0.0,0,0,0.0008349469862878323,0.0,0.0081529482267797,0.0,0.0
neu_mbv2_pattern_mining,2026-03-16T22:06:57,4,458,92,2,1.0,0.00015152173000387847,0.0,0.1055658608675003,0.1055658608675003,0.0,0,0,0.0008338657207787037,0.0,0.009722720365971327,0.0,0.0
neu_mbv2_pattern_mining,2026-03-16T22:06:57,4,459,92,3,1.0,0.0036288343835622072,0.0,0.107933240942657,0.107933240942657,0.0,0,0,0.0009604520164430141,0.0,0.009832872077822685,0.0,0.0
neu_mbv2_pattern_mining,2026-03-16T22:06:57,4,460,92,4,0.0,3.172199249267578,0.0,0.12629443313926458,0.12629443313926458,0.0,0,0,0.0008604130707681179,0.0,0.01176903024315834,0.0,0.0
neu_mbv2_pattern_mining,2026-03-16T22:06:59,0,461,93,0,1.0,0.0002620091545395553,0.0,0.35034234169870615,0.35034234169870615,0.0,0,0,0.0023349933326244354,0.0,0.03269924083724618,0.0,0.0
neu_mbv2_pattern_mining,2026-03-16T22:06:59,0,462,93,1,0.953125,0.10859216004610062,0.0,0.12765159364789724,0.12765159364789724,0.0,0,0,0.001031027641147375,0.0,0.01173413172364235,0.0,0.0
neu_mbv2_pattern_mining,2026-03-16T22:06:59,0,463,93,2,1.0,0.0013987263664603233,0.0,0.12077644001692533,0.12077644001692533,0.0,0,0,0.0009764931164681911,0.0,0.011101150885224342,0.0,0.0
neu_mbv2_pattern_mining,2026-03-16T22:06:59,0,464,93,3,1.0,0.018549660220742226,0.0,0.10365928988903761,0.10365928988903761,0.0,0,0,0.0008474499918520451,0.0,0.009518478997051716,0.0,0.0
neu_mbv2_pattern_mining,2026-03-16T22:06:59,0,465,93,4,0.5,2.6753079891204834,0.0,0.11185145005583763,0.11185145005583763,0.0,0,0,0.0008796090260148048,0.0,0.010305535979568958,0.0,0.0
neu_mbv2_pattern_mining,2026-03-16T22:06:59,1,461,93,0,1.0,0.0002806411066558212,0.0,0.4347227467224002,0.4347227467224002,0.0,0,0,0.004393560346215963,0.0,0.039078714326024055,0.0,0.0
neu_mbv2_pattern_mining,2026-03-16T22:06:59,1,462,93,1,0.90625,0.6080267429351807,0.0,0.08675465360283852,0.08675465360283852,0.0,0,0,0.0007632137276232243,0.0,0.007912251632660627,0.0,0.0
neu_mbv2_pattern_mining,2026-03-16T22:06:59,1,463,93,2,1.0,0.003308348823338747,0.0,0.14731179922819138,0.14731179922819138,0.0,0,0,0.0010695909149944782,0.0,0.01366158900782466,0.0,0.0
neu_mbv2_pattern_mining,2026-03-16T22:07:00,1,464,93,3,1.0,0.018168319016695023,0.0,0.14880753122270107,0.14880753122270107,0.0,0,0,0.0010907207615673542,0.0,0.013790032360702753,0.0,0.0
neu_mbv2_pattern_mining,2026-03-16T22:07:00,1,465,93,4,0.6666666666666666,1.5507174730300903,0.0,0.10883756913244724,0.10883756913244724,0.0,0,0,0.0006241188384592533,0.0,0.010259638074785471,0.0,0.0
neu_mbv2_pattern_mining,2026-03-16T22:07:00,2,461,93,0,1.0,9.888975910143927e-05,0.0,0.4109444050118327,0.4109444050118327,0.0,0,0,0.004317086189985275,0.0,0.036777354311197996,0.0,0.0
neu_mbv2_pattern_mining,2026-03-16T22:07:00,2,462,93,1,0.828125,1.8848130702972412,0.0,0.1101460587233305,0.1101460587233305,0.0,0,0,0.0009033209644258022,0.0,0.010111284907907248,0.0,0.0
neu_mbv2_pattern_mining,2026-03-16T22:07:00,2,463,93,2,1.0,0.0049967640079557896,0.0,0.11655299458652735,0.11655299458652735,0.0,0,0,0.0009862212464213371,0.0,0.010669078212231398,0.0,0.0
neu_mbv2_pattern_mining,2026-03-16T22:07:00,2,464,93,3,0.890625,0.42575883865356445,0.0,0.08889297023415565,0.08889297023415565,0.0,0,0,0.000824654009193182,0.0,0.008064643014222383,0.0,0.0
neu_mbv2_pattern_mining,2026-03-16T22:07:00,2,465,93,4,0.6666666666666666,0.8047105669975281,0.0,0.12250280939042568,0.12250280939042568,0.0,0,0,0.0008836272172629833,0.0,0.011366653721779585,0.0,0.0
neu_mbv2_pattern_mining,2026-03-16T22:07:01,3,461,93,0,1.0,3.630203354987316e-05,0.0,0.5930000310763717,0.5930000310763717,0.0,0,0,0.007062687072902918,0.0,0.05223731603473425,0.0,0.0
neu_mbv2_pattern_mining,2026-03-16T22:07:01,3,462,93,1,1.0,1.085327039618278e-05,0.0,0.14881914015859365,0.14881914015859365,0.0,0,0,0.0011849850416183472,0.0,0.013696928974241018,0.0,0.0
neu_mbv2_pattern_mining,2026-03-16T22:07:01,3,463,93,2,1.0,0.00023499697272200137,0.0,0.14460768084973097,0.14460768084973097,0.0,0,0,0.001142880879342556,0.0,0.01331788720563054,0.0,0.0
neu_mbv2_pattern_mining,2026-03-16T22:07:01,3,464,93,3,0.953125,0.16992822289466858,0.0,0.1409533340483904,0.1409533340483904,0.0,0,0,0.0010873251594603062,0.0,0.013008008245378733,0.0,0.0
neu_mbv2_pattern_mining,2026-03-16T22:07:01,3,465,93,4,0.0,3.074241876602173,0.0,0.15532856807112694,0.15532856807112694,0.0,0,0,0.0009889360517263412,0.0,0.014543920755386353,0.0,0.0
neu_mbv2_pattern_mining,2026-03-16T22:07:02,4,461,93,0,1.0,1.3384922567638569e-05,0.0,0.594084202311933,0.594084202311933,0.0,0,0,0.005887399893254042,0.0,0.05352102033793926,0.0,0.0
neu_mbv2_pattern_mining,2026-03-16T22:07:02,4,462,93,1,1.0,7.511393778258935e-05,0.0,0.12726533226668835,0.12726533226668835,0.0,0,0,0.0009525911882519722,0.0,0.011773942038416862,0.0,0.0
neu_mbv2_pattern_mining,2026-03-16T22:07:02,4,463,93,2,1.0,0.0005160489236004651,0.0,0.13952885754406452,0.13952885754406452,0.0,0,0,0.0010124240070581436,0.0,0.012940461747348309,0.0,0.0
neu_mbv2_pattern_mining,2026-03-16T22:07:02,4,464,93,3,0.953125,0.34134650230407715,0.0,0.12847436591982841,0.12847436591982841,0.0,0,0,0.0009823739528656006,0.0,0.011865062639117241,0.0,0.0
neu_mbv2_pattern_mining,2026-03-16T22:07:02,4,465,93,4,0.6666666666666666,0.9657518863677979,0.0,0.18194011878222227,0.18194011878222227,0.0,0,0,0.0011528409086167812,0.0,0.017041170969605446,0.0,0.0
neu_mbv2_pattern_mining,2026-03-16T22:07:03,0,466,94,0,1.0,7.646141602890566e-05,0.0,0.3587464289739728,0.3587464289739728,0.0,0,0,0.001993762794882059,0.0,0.03388088010251522,0.0,0.0
neu_mbv2_pattern_mining,2026-03-16T22:07:03,0,467,94,1,1.0,0.0010788817889988422,0.0,0.10029695928096771,0.10029695928096771,0.0,0,0,0.0008326228708028793,0.0,0.009197073057293892,0.0,0.0
neu_mbv2_pattern_mining,2026-03-16T22:07:03,0,468,94,2,1.0,0.0001415796286892146,0.0,0.08531356230378151,0.08531356230378151,0.0,0,0,0.0006916350685060024,0.0,0.007839721161872149,0.0,0.0
neu_mbv2_pattern_mining,2026-03-16T22:07:03,0,469,94,3,0.96875,0.10133649408817291,0.0,0.08774016983807087,0.08774016983807087,0.0,0,0,0.0007737609557807446,0.0,0.008000256028026342,0.0,0.0
neu_mbv2_pattern_mining,2026-03-16T22:07:03,0,470,94,4,0.75,1.7598496675491333,0.0,0.09324193932116032,0.09324193932116032,0.0,0,0,0.0007633287459611893,0.0,0.008560865186154842,0.0,0.0
neu_mbv2_pattern_mining,2026-03-16T22:07:04,1,466,94,0,1.0,1.8014416127698496e-05,0.0,0.32158429734408855,0.32158429734408855,0.0,0,0,0.003128951881080866,0.0,0.02902947785332799,0.0,0.0
neu_mbv2_pattern_mining,2026-03-16T22:07:04,1,467,94,1,1.0,0.00044693201198242605,0.0,0.08481696713715792,0.08481696713715792,0.0,0,0,0.0007199738174676895,0.0,0.007761722896248102,0.0,0.0
neu_mbv2_pattern_mining,2026-03-16T22:07:04,1,468,94,2,1.0,0.00032239637221209705,0.0,0.09267696179449558,0.09267696179449558,0.0,0,0,0.0007880432531237602,0.0,0.008479652926325798,0.0,0.0
neu_mbv2_pattern_mining,2026-03-16T22:07:04,1,469,94,3,1.0,0.00016182892431970686,0.0,0.0927990535274148,0.0927990535274148,0.0,0,0,0.0007257452234625816,0.0,0.008554160129278898,0.0,0.0
neu_mbv2_pattern_mining,2026-03-16T22:07:04,1,470,94,4,0.3333333333333333,2.7748661041259766,0.0,0.12544602621346712,0.12544602621346712,0.0,0,0,0.0008321274071931839,0.0,0.011712475214153528,0.0,0.0
neu_mbv2_pattern_mining,2026-03-16T22:07:05,2,466,94,0,1.0,0.00016511452849954367,0.0,0.36788239143788815,0.36788239143788815,0.0,0,0,0.006055205129086971,0.0,0.030733034014701843,0.0,0.0
neu_mbv2_pattern_mining,2026-03-16T22:07:05,2,467,94,1,0.984375,0.03506719693541527,0.0,0.10043778922408819,0.10043778922408819,0.0,0,0,0.000847941730171442,0.0,0.009195837192237377,0.0,0.0
neu_mbv2_pattern_mining,2026-03-16T22:07:05,2,468,94,2,0.984375,0.020021378993988037,0.0,0.10859568137675524,0.10859568137675524,0.0,0,0,0.0007696337997913361,0.0,0.010089934337884188,0.0,0.0
neu_mbv2_pattern_mining,2026-03-16T22:07:05,2,469,94,3,1.0,0.000713641638867557,0.0,0.09223277680575848,0.09223277680575848,0.0,0,0,0.0006437590345740318,0.0,0.008579518646001816,0.0,0.0
neu_mbv2_pattern_mining,2026-03-16T22:07:05,2,470,94,4,0.3333333333333333,2.0012638568878174,0.0,0.10676056146621704,0.10676056146621704,0.0,0,0,0.0007199971005320549,0.0,0.00995605904608965,0.0,0.0
neu_mbv2_pattern_mining,2026-03-16T22:07:05,3,466,94,0,1.0,7.667254249099642e-05,0.0,0.3131878888234496,0.3131878888234496,0.0,0,0,0.003633841872215271,0.0,0.02768494701012969,0.0,0.0
neu_mbv2_pattern_mining,2026-03-16T22:07:05,3,467,94,1,1.0,0.0005058530368842185,0.0,0.08523226715624332,0.08523226715624332,0.0,0,0,0.0006573698483407497,0.0,0.007865856867283583,0.0,0.0
neu_mbv2_pattern_mining,2026-03-16T22:07:05,3,468,94,2,0.984375,0.03473900258541107,0.0,0.08408375084400177,0.08408375084400177,0.0,0,0,0.000623451080173254,0.0,0.007784924004226923,0.0,0.0
neu_mbv2_pattern_mining,2026-03-16T22:07:06,3,469,94,3,1.0,0.018547868356108665,0.0,0.08402784820646048,0.08402784820646048,0.0,0,0,0.0006380197592079639,0.0,0.007764765061438084,0.0,0.0
neu_mbv2_pattern_mining,2026-03-16T22:07:06,3,470,94,4,0.6666666666666666,0.8302051424980164,0.0,0.10195836890488863,0.10195836890488863,0.0,0,0,0.0006533069536089897,0.0,0.009542529936879873,0.0,0.0
neu_mbv2_pattern_mining,2026-03-16T22:07:06,4,466,94,0,1.0,0.0003892731911037117,0.0,0.34890028182417154,0.34890028182417154,0.0,0,0,0.003266408108174801,0.0,0.03162362007424235,0.0,0.0
neu_mbv2_pattern_mining,2026-03-16T22:07:06,4,467,94,1,1.0,0.0004155007773078978,0.0,0.09213035926222801,0.09213035926222801,0.0,0,0,0.0008106851018965244,0.0,0.008402350824326277,0.0,0.0
neu_mbv2_pattern_mining,2026-03-16T22:07:06,4,468,94,2,0.96875,0.11035390198230743,0.0,0.08186706341803074,0.08186706341803074,0.0,0,0,0.0006086062639951706,0.0,0.007578100077807903,0.0,0.0
neu_mbv2_pattern_mining,2026-03-16T22:07:06,4,469,94,3,0.703125,2.0993738174438477,0.0,0.0933761429041624,0.0933761429041624,0.0,0,0,0.0006571491248905659,0.0,0.008680465165525675,0.0,0.0
neu_mbv2_pattern_mining,2026-03-16T22:07:06,4,470,94,4,0.3333333333333333,1.8834787607192993,0.0,0.11486923787742853,0.11486923787742853,0.0,0,0,0.0007944479584693909,0.0,0.010692475829273462,0.0,0.0
neu_mbv2_pattern_mining,2026-03-16T22:07:07,0,471,95,0,1.0,0.00018234507297165692,0.0,0.5346583807840943,0.5346583807840943,0.0,0,0,0.003273818176239729,0.0,0.050192019902169704,0.0,0.0
neu_mbv2_pattern_mining,2026-03-16T22:07:07,0,472,95,1,0.96875,0.11318862438201904,0.0,0.12999743688851595,0.12999743688851595,0.0,0,0,0.0010331720113754272,0.0,0.011966571677476168,0.0,0.0
neu_mbv2_pattern_mining,2026-03-16T22:07:08,0,473,95,2,0.96875,0.16727378964424133,0.0,0.1272140210494399,0.1272140210494399,0.0,0,0,0.0009540561586618423,0.0,0.011767345946282148,0.0,0.0
neu_mbv2_pattern_mining,2026-03-16T22:07:08,0,474,95,3,0.96875,0.05580601468682289,0.0,0.10418118443340063,0.10418118443340063,0.0,0,0,0.0008865757845342159,0.0,0.009531542658805847,0.0,0.0
neu_mbv2_pattern_mining,2026-03-16T22:07:08,0,475,95,4,0.75,0.7002482414245605,0.0,0.11059526354074478,0.11059526354074478,0.0,0,0,0.0008400483056902885,0.0,0.01021947804838419,0.0,0.0
neu_mbv2_pattern_mining,2026-03-16T22:07:08,1,471,95,0,1.0,0.008940226398408413,0.0,0.324040693230927,0.324040693230927,0.0,0,0,0.0034555080346763134,0.0,0.028948561288416386,0.0,0.0
neu_mbv2_pattern_mining,2026-03-16T22:07:08,1,472,95,1,0.96875,0.10628221929073334,0.0,0.10396324098110199,0.10396324098110199,0.0,0,0,0.0008246032521128654,0.0,0.009571720845997334,0.0,0.0
neu_mbv2_pattern_mining,2026-03-16T22:07:08,1,473,95,2,1.0,0.002661921549588442,0.0,0.0969906896352768,0.0969906896352768,0.0,0,0,0.0008686380460858345,0.0,0.008830430917441845,0.0,0.0
neu_mbv2_pattern_mining,2026-03-16T22:07:08,1,474,95,3,1.0,0.010631348006427288,0.0,0.09040848352015018,0.09040848352015018,0.0,0,0,0.0007015811279416084,0.0,0.00833926722407341,0.0,0.0
neu_mbv2_pattern_mining,2026-03-16T22:07:08,1,475,95,4,1.0,0.002040223916992545,0.0,0.10807705111801624,0.10807705111801624,0.0,0,0,0.0007887142710387707,0.0,0.010018990840762854,0.0,0.0
neu_mbv2_pattern_mining,2026-03-16T22:07:09,2,471,95,0,1.0,0.002353199990466237,0.0,0.41402469854801893,0.41402469854801893,0.0,0,0,0.004081611055880785,0.0,0.03732085879892111,0.0,0.0
neu_mbv2_pattern_mining,2026-03-16T22:07:09,2,472,95,1,0.9375,0.24620321393013,0.0,0.08682105224579573,0.08682105224579573,0.0,0,0,0.0007160911336541176,0.0,0.007966014090925455,0.0,0.0
neu_mbv2_pattern_mining,2026-03-16T22:07:09,2,473,95,2,1.0,0.00015952956164255738,0.0,0.08771874010562897,0.08771874010562897,0.0,0,0,0.0008984021842479706,0.0,0.007873471826314926,0.0,0.0
neu_mbv2_pattern_mining,2026-03-16T22:07:09,2,474,95,3,1.0,0.00875478982925415,0.0,0.08624374866485596,0.08624374866485596,0.0,0,0,0.0007584509439766407,0.0,0.007865923922508955,0.0,0.0
neu_mbv2_pattern_mining,2026-03-16T22:07:09,2,475,95,4,0.0,3.15447735786438,0.0,0.1062660664319992,0.1062660664319992,0.0,0,0,0.0006637508049607277,0.0,0.009962855838239193,0.0,0.0
neu_mbv2_pattern_mining,2026-03-16T22:07:10,3,471,95,0,0.984375,0.042286548763513565,0.0,0.42024855501949787,0.42024855501949787,0.0,0,0,0.004183856770396233,0.0,0.037840998731553555,0.0,0.0
neu_mbv2_pattern_mining,2026-03-16T22:07:10,3,472,95,1,0.921875,0.6522713303565979,0.0,0.12125075329095125,0.12125075329095125,0.0,0,0,0.0010157614015042782,0.0,0.011109313927590847,0.0,0.0
neu_mbv2_pattern_mining,2026-03-16T22:07:10,3,473,95,2,0.984375,0.12944811582565308,0.0,0.13091079890727997,0.13091079890727997,0.0,0,0,0.0010453839786350727,0.0,0.012045695912092924,0.0,0.0
neu_mbv2_pattern_mining,2026-03-16T22:07:10,3,474,95,3,0.96875,0.044719576835632324,0.0,0.13216936960816383,0.13216936960816383,0.0,0,0,0.0009903637692332268,0.0,0.012226573191583157,0.0,0.0
neu_mbv2_pattern_mining,2026-03-16T22:07:10,3,475,95,4,0.6666666666666666,0.37030303478240967,0.0,0.16144953202456236,0.16144953202456236,0.0,0,0,0.0009977039881050587,0.0,0.015147249214351177,0.0,0.0
neu_mbv2_pattern_mining,2026-03-16T22:07:11,4,471,95,0,1.0,9.356974624097347e-05,0.0,0.3586874296888709,0.3586874296888709,0.0,0,0,0.0037540500052273273,0.0,0.03211469296365976,0.0,0.0
neu_mbv2_pattern_mining,2026-03-16T22:07:11,4,472,95,1,0.984375,0.04443057253956795,0.0,0.13966375961899757,0.13966375961899757,0.0,0,0,0.0008627697825431824,0.0,0.013103606179356575,0.0,0.0
neu_mbv2_pattern_mining,2026-03-16T22:07:11,4,473,95,2,1.0,3.548468157532625e-05,0.0,0.1006978889927268,0.1006978889927268,0.0,0,0,0.0008266870863735676,0.0,0.009243101812899113,0.0,0.0
neu_mbv2_pattern_mining,2026-03-16T22:07:11,4,474,95,3,0.984375,0.07729993015527725,0.0,0.10185496415942907,0.10185496415942907,0.0,0,0,0.00079349335283041,0.0,0.009392003063112497,0.0,0.0
neu_mbv2_pattern_mining,2026-03-16T22:07:11,4,475,95,4,0.6666666666666666,2.062932252883911,0.0,0.12110906653106213,0.12110906653106213,0.0,0,0,0.0006652208976447582,0.0,0.011445685755461454,0.0,0.0
neu_mbv2_pattern_mining,2026-03-16T22:07:12,0,476,96,0,1.0,9.380711708217859e-05,0.0,0.47854443080723286,0.47854443080723286,0.0,0,0,0.0034470418468117714,0.0,0.044407401233911514,0.0,0.0
neu_mbv2_pattern_mining,2026-03-16T22:07:12,0,477,96,1,1.0,0.00040222815005108714,0.0,0.14878005255013704,0.14878005255013704,0.0,0,0,0.0010853679850697517,0.0,0.013792637269943953,0.0,0.0
neu_mbv2_pattern_mining,2026-03-16T22:07:12,0,478,96,2,1.0,0.017835231497883797,0.0,0.14623466413468122,0.14623466413468122,0.0,0,0,0.0010910811834037304,0.0,0.013532385230064392,0.0,0.0
neu_mbv2_pattern_mining,2026-03-16T22:07:12,0,479,96,3,1.0,0.006041185464709997,0.0,0.1163336168974638,0.1163336168974638,0.0,0,0,0.0009808237664401531,0.0,0.010652537923306227,0.0,0.0
neu_mbv2_pattern_mining,2026-03-16T22:07:12,0,480,96,4,0.25,3.9466307163238525,0.0,0.09319421835243702,0.09319421835243702,0.0,0,0,0.0006122919730842113,0.0,0.00870712986215949,0.0,0.0
neu_mbv2_pattern_mining,2026-03-16T22:07:13,1,476,96,0,1.0,0.00027932290686294436,0.0,0.32401179429143667,0.32401179429143667,0.0,0,0,0.004057368729263544,0.0,0.028343810699880123,0.0,0.0
neu_mbv2_pattern_mining,2026-03-16T22:07:13,1,477,96,1,1.0,0.00015144112694542855,0.0,0.09873849805444479,0.09873849805444479,0.0,0,0,0.0007885829545557499,0.0,0.009085266850888729,0.0,0.0
neu_mbv2_pattern_mining,2026-03-16T22:07:13,1,478,96,2,1.0,0.00010869952529901639,0.0,0.09913403075188398,0.09913403075188398,0.0,0,0,0.0008064513094723225,0.0,0.009106951765716076,0.0,0.0
neu_mbv2_pattern_mining,2026-03-16T22:07:13,1,479,96,3,0.96875,0.17523857951164246,0.0,0.09571410249918699,0.09571410249918699,0.0,0,0,0.0007963362149894238,0.0,0.008775074034929276,0.0,0.0
neu_mbv2_pattern_mining,2026-03-16T22:07:13,1,480,96,4,0.6666666666666666,0.7869338989257812,0.0,0.12356040067970753,0.12356040067970753,0.0,0,0,0.0008353739976882935,0.0,0.01152066607028246,0.0,0.0
neu_mbv2_pattern_mining,2026-03-16T22:07:14,2,476,96,0,1.0,7.025353261269629e-05,0.0,0.29934493359178305,0.29934493359178305,0.0,0,0,0.003228613641113043,0.0,0.026705879718065262,0.0,0.0
neu_mbv2_pattern_mining,2026-03-16T22:07:14,2,477,96,1,0.921875,0.21290135383605957,0.0,0.08577606175094843,0.08577606175094843,0.0,0,0,0.0006943722255527973,0.0,0.007883233949542046,0.0,0.0
neu_mbv2_pattern_mining,2026-03-16T22:07:14,2,478,96,2,1.0,0.008384903892874718,0.0,0.08596401195973158,0.08596401195973158,0.0,0,0,0.0006844229064881802,0.0,0.007911978289484978,0.0,0.0
neu_mbv2_pattern_mining,2026-03-16T22:07:14,2,479,96,3,0.90625,0.281920850276947,0.0,0.0849900022149086,0.0849900022149086,0.0,0,0,0.0006614821031689644,0.0,0.007837518118321896,0.0,0.0
neu_mbv2_pattern_mining,2026-03-16T22:07:14,2,480,96,4,1.0,0.10769906640052795,0.0,0.10642470326274633,0.10642470326274633,0.0,0,0,0.0007326970808207989,0.0,0.009909773245453835,0.0,0.0
neu_mbv2_pattern_mining,2026-03-16T22:07:15,3,476,96,0,1.0,0.0007008824031800032,0.0,0.31401457265019417,0.31401457265019417,0.0,0,0,0.0032645370811223984,0.0,0.02813692018389702,0.0,0.0
neu_mbv2_pattern_mining,2026-03-16T22:07:15,3,477,96,1,0.984375,0.03440556302666664,0.0,0.08515158202499151,0.08515158202499151,0.0,0,0,0.0006732949987053871,0.0,0.007841863203793764,0.0,0.0
neu_mbv2_pattern_mining,2026-03-16T22:07:15,3,478,96,2,0.984375,0.06832073628902435,0.0,0.08329235948622227,0.08329235948622227,0.0,0,0,0.0006360998377203941,0.0,0.007693136110901833,0.0,0.0
neu_mbv2_pattern_mining,2026-03-16T22:07:15,3,479,96,3,1.0,0.02387825772166252,0.0,0.08407904766499996,0.08407904766499996,0.0,0,0,0.0006033647805452347,0.0,0.0078045399859547615,0.0,0.0
neu_mbv2_pattern_mining,2026-03-16T22:07:15,3,480,96,4,0.3333333333333333,3.92730450630188,0.0,0.10433189105242491,0.10433189105242491,0.0,0,0,0.000643203966319561,0.0,0.00978998513892293,0.0,0.0
neu_mbv2_pattern_mining,2026-03-16T22:07:15,4,476,96,0,1.0,0.00025382390595041215,0.0,0.3383416775614023,0.3383416775614023,0.0,0,0,0.003400509711354971,0.0,0.03043365804478526,0.0,0.0
neu_mbv2_pattern_mining,2026-03-16T22:07:15,4,477,96,1,1.0,0.000335642253048718,0.0,0.08869206998497248,0.08869206998497248,0.0,0,0,0.00082752900198102,0.0,0.008041677996516228,0.0,0.0
neu_mbv2_pattern_mining,2026-03-16T22:07:15,4,478,96,2,0.96875,0.37912464141845703,0.0,0.08375560864806175,0.08375560864806175,0.0,0,0,0.0006664330139756203,0.0,0.007709127850830555,0.0,0.0
neu_mbv2_pattern_mining,2026-03-16T22:07:16,4,479,96,3,1.0,0.0011860847007483244,0.0,0.1104972930625081,0.1104972930625081,0.0,0,0,0.0008272826671600342,0.0,0.010222446639090776,0.0,0.0
neu_mbv2_pattern_mining,2026-03-16T22:07:16,4,480,96,4,1.0,0.017722582444548607,0.0,0.12566965073347092,0.12566965073347092,0.0,0,0,0.0007303822785615921,0.0,0.0118365827947855,0.0,0.0
neu_mbv2_pattern_mining,2026-03-16T22:07:17,0,481,97,0,1.0,0.0012367491144686937,0.0,0.275966664776206,0.275966664776206,0.0,0,0,0.0018532797694206238,0.0,0.025743386708199978,0.0,0.0
neu_mbv2_pattern_mining,2026-03-16T22:07:17,0,482,97,1,0.984375,0.10890565812587738,0.0,0.09055646136403084,0.09055646136403084,0.0,0,0,0.0007935562171041965,0.0,0.008262089919298887,0.0,0.0
neu_mbv2_pattern_mining,2026-03-16T22:07:17,0,483,97,2,1.0,0.00045328878331929445,0.0,0.0858457013964653,0.0858457013964653,0.0,0,0,0.0006686989217996597,0.0,0.00791587121784687,0.0,0.0
neu_mbv2_pattern_mining,2026-03-16T22:07:17,0,484,97,3,1.0,0.0010487290564924479,0.0,0.08559092879295349,0.08559092879295349,0.0,0,0,0.0006904099136590958,0.0,0.007868682965636253,0.0,0.0
neu_mbv2_pattern_mining,2026-03-16T22:07:17,0,485,97,4,0.5,1.4050085544586182,0.0,0.09422957897186279,0.09422957897186279,0.0,0,0,0.0007696039974689484,0.0,0.008653353899717331,0.0,0.0
neu_mbv2_pattern_mining,2026-03-16T22:07:17,1,481,97,0,1.0,2.1205305529292673e-05,0.0,0.41171201039105654,0.41171201039105654,0.0,0,0,0.004564223811030388,0.0,0.036606977228075266,0.0,0.0
neu_mbv2_pattern_mining,2026-03-16T22:07:18,1,482,97,1,1.0,2.1661144273821265e-05,0.0,0.084691122174263,0.084691122174263,0.0,0,0,0.0007169139571487904,0.0,0.00775219826027751,0.0,0.0
neu_mbv2_pattern_mining,2026-03-16T22:07:18,1,483,97,2,0.96875,0.1214153841137886,0.0,0.09878244251012802,0.09878244251012802,0.0,0,0,0.0007808981463313103,0.0,0.009097346104681492,0.0,0.0
neu_mbv2_pattern_mining,2026-03-16T22:07:18,1,484,97,3,1.0,7.650095358258113e-05,0.0,0.10405207052826881,0.10405207052826881,0.0,0,0,0.0008288086391985416,0.0,0.00957639841362834,0.0,0.0
neu_mbv2_pattern_mining,2026-03-16T22:07:18,1,485,97,4,0.6666666666666666,0.802241325378418,0.0,0.1251541031524539,0.1251541031524539,0.0,0,0,0.0008210241794586182,0.0,0.011694386135786772,0.0,0.0
neu_mbv2_pattern_mining,2026-03-16T22:07:18,2,481,97,0,1.0,9.444860552321188e-06,0.0,0.27437408454716206,0.27437408454716206,0.0,0,0,0.0030354540795087814,0.0,0.024401954375207424,0.0,0.0
neu_mbv2_pattern_mining,2026-03-16T22:07:18,2,482,97,1,1.0,0.001240304671227932,0.0,0.08483150042593479,0.08483150042593479,0.0,0,0,0.0006775748915970325,0.0,0.007805575150996447,0.0,0.0
neu_mbv2_pattern_mining,2026-03-16T22:07:18,2,483,97,2,1.0,0.0006240873481146991,0.0,0.09180653840303421,0.09180653840303421,0.0,0,0,0.000835765153169632,0.0,0.008344888687133789,0.0,0.0
neu_mbv2_pattern_mining,2026-03-16T22:07:19,2,484,97,3,1.0,0.004386576358228922,0.0,0.09017127566039562,0.09017127566039562,0.0,0,0,0.0006827656179666519,0.0,0.00833436194807291,0.0,0.0
neu_mbv2_pattern_mining,2026-03-16T22:07:19,2,485,97,4,0.3333333333333333,4.144580364227295,0.0,0.11453308165073395,0.11453308165073395,0.0,0,0,0.000769641250371933,0.0,0.010683666914701462,0.0,0.0
neu_mbv2_pattern_mining,2026-03-16T22:07:19,3,481,97,0,1.0,2.4690776626812294e-05,0.0,0.35481395199894905,0.35481395199894905,0.0,0,0,0.003974162042140961,0.0,0.031507233157753944,0.0,0.0
neu_mbv2_pattern_mining,2026-03-16T22:07:19,3,482,97,1,1.0,1.3586319255409762e-05,0.0,0.10434487834572792,0.10434487834572792,0.0,0,0,0.0008179899305105209,0.0,0.009616497904062271,0.0,0.0
neu_mbv2_pattern_mining,2026-03-16T22:07:19,3,483,97,2,1.0,0.002247291849926114,0.0,0.09014992974698544,0.09014992974698544,0.0,0,0,0.0007749828509986401,0.0,0.008240010123699903,0.0,0.0
neu_mbv2_pattern_mining,2026-03-16T22:07:19,3,484,97,3,1.0,0.0002996800176333636,0.0,0.09270146023482084,0.09270146023482084,0.0,0,0,0.0007589701563119888,0.0,0.008511175867170095,0.0,0.0
neu_mbv2_pattern_mining,2026-03-16T22:07:19,3,485,97,4,1.0,0.04854948818683624,0.0,0.10932185221463442,0.10932185221463442,0.0,0,0,0.0007895282469689846,0.0,0.010142656974494457,0.0,0.0
neu_mbv2_pattern_mining,2026-03-16T22:07:20,4,481,97,0,1.0,0.0002766707621049136,0.0,0.3098715841770172,0.3098715841770172,0.0,0,0,0.003306044265627861,0.0,0.02768111415207386,0.0,0.0
neu_mbv2_pattern_mining,2026-03-16T22:07:20,4,482,97,1,0.984375,0.04183022305369377,0.0,0.0865520816296339,0.0865520816296339,0.0,0,0,0.0007369839586317539,0.0,0.007918224204331636,0.0,0.0
neu_mbv2_pattern_mining,2026-03-16T22:07:20,4,483,97,2,0.984375,0.018164675682783127,0.0,0.08459853008389473,0.08459853008389473,0.0,0,0,0.0006828578189015388,0.0,0.007776995189487934,0.0,0.0
neu_mbv2_pattern_mining,2026-03-16T22:07:20,4,484,97,3,1.0,0.006283959373831749,0.0,0.08449334651231766,0.08449334651231766,0.0,0,0,0.0006850790232419968,0.0,0.007764255627989769,0.0,0.0
neu_mbv2_pattern_mining,2026-03-16T22:07:20,4,485,97,4,1.0,0.042676329612731934,0.0,0.09936213959008455,0.09936213959008455,0.0,0,0,0.0005953572690486908,0.0,0.009340856689959764,0.0,0.0
neu_mbv2_pattern_mining,2026-03-16T22:07:21,0,486,98,0,1.0,0.001513415016233921,0.0,0.35752832889556885,0.35752832889556885,0.0,0,0,0.0021536345593631268,0.0,0.03359919833019376,0.0,0.0
neu_mbv2_pattern_mining,2026-03-16T22:07:21,0,487,98,1,0.9375,0.3797290325164795,0.0,0.11687395628541708,0.11687395628541708,0.0,0,0,0.0008981209248304367,0.0,0.010789274703711271,0.0,0.0
neu_mbv2_pattern_mining,2026-03-16T22:07:21,0,488,98,2,0.984375,0.015469840727746487,0.0,0.11283372063189745,0.11283372063189745,0.0,0,0,0.0008157491683959961,0.0,0.010467622894793749,0.0,0.0
neu_mbv2_pattern_mining,2026-03-16T22:07:21,0,489,98,3,1.0,0.0008539090631529689,0.0,0.09973442181944847,0.09973442181944847,0.0,0,0,0.0007599289529025555,0.0,0.009213513229042292,0.0,0.0
neu_mbv2_pattern_mining,2026-03-16T22:07:21,0,490,98,4,0.5,1.4777252674102783,0.0,0.08568285964429379,0.08568285964429379,0.0,0,0,0.0006542480550706387,0.0,0.00791403790935874,0.0,0.0
neu_mbv2_pattern_mining,2026-03-16T22:07:22,1,486,98,0,1.0,9.90969238046091e-06,0.0,0.33172881230711937,0.33172881230711937,0.0,0,0,0.004208866041153669,0.0,0.028964015189558268,0.0,0.0
neu_mbv2_pattern_mining,2026-03-16T22:07:22,1,487,98,1,0.984375,0.07999107241630554,0.0,0.08902283851057291,0.08902283851057291,0.0,0,0,0.0007351539097726345,0.0,0.008167129941284657,0.0,0.0
neu_mbv2_pattern_mining,2026-03-16T22:07:22,1,488,98,2,1.0,0.00023465485719498247,0.0,0.10593452025204897,0.10593452025204897,0.0,0,0,0.0007917829789221287,0.0,0.009801669046282768,0.0,0.0
neu_mbv2_pattern_mining,2026-03-16T22:07:22,1,489,98,3,1.0,0.004613146185874939,0.0,0.09307955857366323,0.09307955857366323,0.0,0,0,0.0007274700328707695,0.0,0.008580485824495554,0.0,0.0
neu_mbv2_pattern_mining,2026-03-16T22:07:22,1,490,98,4,1.0,0.31991079449653625,0.0,0.11757342144846916,0.11757342144846916,0.0,0,0,0.0006771860644221306,0.0,0.011080156080424786,0.0,0.0
neu_mbv2_pattern_mining,2026-03-16T22:07:23,2,486,98,0,1.0,1.1258629456278868e-05,0.0,0.3413885273039341,0.3413885273039341,0.0,0,0,0.004064513836055994,0.0,0.030074338894337416,0.0,0.0
neu_mbv2_pattern_mining,2026-03-16T22:07:23,2,487,98,1,1.0,0.00021758000366389751,0.0,0.08447523228824139,0.08447523228824139,0.0,0,0,0.0006869561038911343,0.0,0.007760567124933004,0.0,0.0
neu_mbv2_pattern_mining,2026-03-16T22:07:23,2,488,98,2,1.0,0.00010996845958288759,0.0,0.09061579126864672,0.09061579126864672,0.0,0,0,0.0007298937998712063,0.0,0.008331685326993465,0.0,0.0
neu_mbv2_pattern_mining,2026-03-16T22:07:23,2,489,98,3,0.9375,0.17840781807899475,0.0,0.09530788753181696,0.09530788753181696,0.0,0,0,0.0007799090817570686,0.0,0.008750879671424627,0.0,0.0
neu_mbv2_pattern_mining,2026-03-16T22:07:23,2,490,98,4,0.6666666666666666,2.7651560306549072,0.0,0.10651216842234135,0.10651216842234135,0.0,0,0,0.0006876150146126747,0.0,0.00996360182762146,0.0,0.0
neu_mbv2_pattern_mining,2026-03-16T22:07:24,3,486,98,0,1.0,7.534648466389626e-05,0.0,0.3526304289698601,0.3526304289698601,0.0,0,0,0.0038116546347737312,0.0,0.031451388262212276,0.0,0.0
neu_mbv2_pattern_mining,2026-03-16T22:07:24,3,487,98,1,0.96875,0.19073767960071564,0.0,0.10339864995330572,0.10339864995330572,0.0,0,0,0.000809777993708849,0.0,0.009530087001621723,0.0,0.0
neu_mbv2_pattern_mining,2026-03-16T22:07:24,3,488,98,2,1.0,0.0009145462536253035,0.0,0.10681696701794863,0.10681696701794863,0.0,0,0,0.0008210092782974243,0.0,0.009860687423497438,0.0,0.0
neu_mbv2_pattern_mining,2026-03-16T22:07:24,3,489,98,3,0.9375,0.21783894300460815,0.0,0.0995727302506566,0.0995727302506566,0.0,0,0,0.000785015057772398,0.0,0.009172257967293262,0.0,0.0
neu_mbv2_pattern_mining,2026-03-16T22:07:24,3,490,98,4,1.0,0.05208800733089447,0.0,0.14370041899383068,0.14370041899383068,0.0,0,0,0.0008826670236885548,0.0,0.013487374875694513,0.0,0.0
neu_mbv2_pattern_mining,2026-03-16T22:07:25,4,486,98,0,1.0,0.00047484698006883264,0.0,0.4998009093105793,0.4998009093105793,0.0,0,0,0.005380338989198208,0.0,0.04459975194185972,0.0,0.0
neu_mbv2_pattern_mining,2026-03-16T22:07:25,4,487,98,1,0.78125,0.7925117015838623,0.0,0.1859356090426445,0.1859356090426445,0.0,0,0,0.001270173117518425,0.0,0.017323387786746025,0.0,0.0
neu_mbv2_pattern_mining,2026-03-16T22:07:25,4,488,98,2,0.984375,0.032782115042209625,0.0,0.14343929477036,0.14343929477036,0.0,0,0,0.001114522572606802,0.0,0.013229406904429197,0.0,0.0
neu_mbv2_pattern_mining,2026-03-16T22:07:25,4,489,98,3,0.96875,0.08123666793107986,0.0,0.13674068730324507,0.13674068730324507,0.0,0,0,0.0010340739972889423,0.0,0.012639994733035564,0.0,0.0
neu_mbv2_pattern_mining,2026-03-16T22:07:25,4,490,98,4,1.0,0.0724259689450264,0.0,0.1434217533096671,0.1434217533096671,0.0,0,0,0.0009716772474348545,0.0,0.013370498083531857,0.0,0.0
neu_mbv2_pattern_mining,2026-03-16T22:07:26,0,491,99,0,1.0,0.008507933467626572,0.0,0.2982184709981084,0.2982184709981084,0.0,0,0,0.001914710272103548,0.0,0.02790713682770729,0.0,0.0
neu_mbv2_pattern_mining,2026-03-16T22:07:26,0,492,99,1,1.0,0.002975759794935584,0.0,0.11333984788507223,0.11333984788507223,0.0,0,0,0.0010256529785692692,0.0,0.010308331809937954,0.0,0.0
neu_mbv2_pattern_mining,2026-03-16T22:07:26,0,493,99,2,0.953125,0.2503306269645691,0.0,0.11430928483605385,0.11430928483605385,0.0,0,0,0.0009509921073913574,0.0,0.010479936376214027,0.0,0.0
neu_mbv2_pattern_mining,2026-03-16T22:07:26,0,494,99,3,1.0,0.011198572814464569,0.0,0.12735280208289623,0.12735280208289623,0.0,0,0,0.0009896368719637394,0.0,0.011745643336325884,0.0,0.0
neu_mbv2_pattern_mining,2026-03-16T22:07:26,0,495,99,4,0.5,2.321157455444336,0.0,0.12456417083740234,0.12456417083740234,0.0,0,0,0.0009634378366172314,0.0,0.011492979247123003,0.0,0.0
neu_mbv2_pattern_mining,2026-03-16T22:07:27,1,491,99,0,1.0,5.275111470837146e-05,0.0,0.3103326493874192,0.3103326493874192,0.0,0,0,0.003235904034227133,0.0,0.02779736090451479,0.0,0.0
neu_mbv2_pattern_mining,2026-03-16T22:07:27,1,492,99,1,0.984375,0.07283022999763489,0.0,0.08755149319767952,0.08755149319767952,0.0,0,0,0.0007182899862527847,0.0,0.008036859333515167,0.0,0.0
neu_mbv2_pattern_mining,2026-03-16T22:07:27,1,493,99,2,1.0,0.0035604084841907024,0.0,0.08764420635998249,0.08764420635998249,0.0,0,0,0.0008072946220636368,0.0,0.007957126013934612,0.0,0.0
neu_mbv2_pattern_mining,2026-03-16T22:07:27,1,494,99,3,0.984375,0.09396221488714218,0.0,0.09103307966142893,0.09103307966142893,0.0,0,0,0.0007553249597549438,0.0,0.008347983006387949,0.0,0.0
neu_mbv2_pattern_mining,2026-03-16T22:07:27,1,495,99,4,1.0,0.2500542402267456,0.0,0.11352305300533772,0.11352305300533772,0.0,0,0,0.0008651972748339176,0.0,0.010487108025699854,0.0,0.0
neu_mbv2_pattern_mining,2026-03-16T22:07:27,2,491,99,0,1.0,0.0005894633941352367,0.0,0.39091498125344515,0.39091498125344515,0.0,0,0,0.0038714250549674034,0.0,0.03522007307037711,0.0,0.0
neu_mbv2_pattern_mining,2026-03-16T22:07:27,2,492,99,1,0.890625,0.46972543001174927,0.0,0.12767044827342033,0.12767044827342033,0.0,0,0,0.000988505780696869,0.0,0.011778539046645164,0.0,0.0
neu_mbv2_pattern_mining,2026-03-16T22:07:28,2,493,99,2,1.0,0.0011548589682206511,0.0,0.13462181203067303,0.13462181203067303,0.0,0,0,0.0011028680019080639,0.0,0.012359313201159239,0.0,0.0
neu_mbv2_pattern_mining,2026-03-16T22:07:28,2,494,99,3,0.984375,0.045173369348049164,0.0,0.13521212618798018,0.13521212618798018,0.0,0,0,0.0011180387809872627,0.0,0.012403173837810755,0.0,0.0
neu_mbv2_pattern_mining,2026-03-16T22:07:28,2,495,99,4,0.6666666666666666,2.374519109725952,0.0,0.16309627797454596,0.16309627797454596,0.0,0,0,0.0011204271577298641,0.0,0.015189200639724731,0.0,0.0
neu_mbv2_pattern_mining,2026-03-16T22:07:28,3,491,99,0,1.0,0.005797561723738909,0.0,0.3375969175249338,0.3375969175249338,0.0,0,0,0.0035014948807656765,0.0,0.030258196871727705,0.0,0.0
neu_mbv2_pattern_mining,2026-03-16T22:07:28,3,492,99,1,0.953125,0.19888010621070862,0.0,0.09327767416834831,0.09327767416834831,0.0,0,0,0.0008312216959893703,0.0,0.008496545720845461,0.0,0.0
neu_mbv2_pattern_mining,2026-03-16T22:07:28,3,493,99,2,1.0,0.001062628929503262,0.0,0.09497757069766521,0.09497757069766521,0.0,0,0,0.0008345129899680614,0.0,0.00866324407979846,0.0,0.0
neu_mbv2_pattern_mining,2026-03-16T22:07:28,3,494,99,3,1.0,0.032101307064294815,0.0,0.09108041878789663,0.09108041878789663,0.0,0,0,0.0007597599178552628,0.0,0.0083482819609344,0.0,0.0
neu_mbv2_pattern_mining,2026-03-16T22:07:28,3,495,99,4,0.6666666666666666,0.3762533366680145,0.0,0.10952012147754431,0.10952012147754431,0.0,0,0,0.000931072048842907,0.0,0.010020940098911524,0.0,0.0
neu_mbv2_pattern_mining,2026-03-16T22:07:29,4,491,99,0,1.0,4.512258237809874e-05,0.0,0.3249236522242427,0.3249236522242427,0.0,0,0,0.003645189106464386,0.0,0.028847176115959883,0.0,0.0
neu_mbv2_pattern_mining,2026-03-16T22:07:29,4,492,99,1,0.953125,0.24214331805706024,0.0,0.09094141889363527,0.09094141889363527,0.0,0,0,0.0006531248800456524,0.0,0.008441017009317875,0.0,0.0
neu_mbv2_pattern_mining,2026-03-16T22:07:29,4,493,99,2,0.984375,0.0326644629240036,0.0,0.09723972994834185,0.09723972994834185,0.0,0,0,0.0007130107842385769,0.0,0.009010962210595608,0.0,0.0
neu_mbv2_pattern_mining,2026-03-16T22:07:29,4,494,99,3,1.0,0.0014967017341405153,0.0,0.09331080596894026,0.09331080596894026,0.0,0,0,0.0006672139279544353,0.0,0.00866386666893959,0.0,0.0
neu_mbv2_pattern_mining,2026-03-16T22:07:29,4,495,99,4,0.6666666666666666,2.0378222465515137,0.0,0.11814319062978029,0.11814319062978029,0.0,0,0,0.0008140509016811848,0.0,0.011000268161296844,0.0,0.0
neu_mbv2_pattern_mining,2026-03-16T22:07:30,0,496,100,0,1.0,0.0012900052824988961,0.0,0.27958447113633156,0.27958447113633156,0.0,0,0,0.0018443809822201729,0.0,0.026114066131412983,0.0,0.0
neu_mbv2_pattern_mining,2026-03-16T22:07:30,0,497,100,1,0.96875,0.16273462772369385,0.0,0.10626690462231636,0.10626690462231636,0.0,0,0,0.0011003082618117332,0.0,0.009526382200419903,0.0,0.0
neu_mbv2_pattern_mining,2026-03-16T22:07:31,0,498,100,2,1.0,0.03928670287132263,0.0,0.13899477664381266,0.13899477664381266,0.0,0,0,0.001085443887859583,0.0,0.012814033776521683,0.0,0.0
neu_mbv2_pattern_mining,2026-03-16T22:07:31,0,499,100,3,1.0,0.009487338364124298,0.0,0.194614022038877,0.194614022038877,0.0,0,0,0.001222074031829834,0.0,0.018239328172057867,0.0,0.0
neu_mbv2_pattern_mining,2026-03-16T22:07:31,0,500,100,4,0.5,3.9782893657684326,0.0,0.10439694859087467,0.10439694859087467,0.0,0,0,0.0009398190304636955,0.0,0.009499875828623772,0.0,0.0
neu_mbv2_pattern_mining,2026-03-16T22:07:31,1,496,100,0,1.0,0.0011846487177535892,0.0,0.3957160282880068,0.3957160282880068,0.0,0,0,0.00407669972628355,0.0,0.03549490310251713,0.0,0.0
neu_mbv2_pattern_mining,2026-03-16T22:07:31,1,497,100,1,1.0,0.0005442952970042825,0.0,0.146980881690979,0.146980881690979,0.0,0,0,0.0011905762366950512,0.0,0.01350751193240285,0.0,0.0
neu_mbv2_pattern_mining,2026-03-16T22:07:31,1,498,100,2,1.0,0.0017771957209333777,0.0,0.13752443250268698,0.13752443250268698,0.0,0,0,0.0010881666094064713,0.0,0.012664276640862226,0.0,0.0
neu_mbv2_pattern_mining,2026-03-16T22:07:31,1,499,100,3,1.0,0.00596746988594532,0.0,0.13918873853981495,0.13918873853981495,0.0,0,0,0.0011265520006418228,0.0,0.012792321853339672,0.0,0.0
neu_mbv2_pattern_mining,2026-03-16T22:07:31,1,500,100,4,0.6666666666666666,2.125593900680542,0.0,0.16719715669751167,0.16719715669751167,0.0,0,0,0.0010449127294123173,0.0,0.01567480294033885,0.0,0.0
neu_mbv2_pattern_mining,2026-03-16T22:07:32,2,496,100,0,1.0,4.755538975587115e-05,0.0,0.3021380351856351,0.3021380351856351,0.0,0,0,0.003657309804111719,0.0,0.02655649371445179,0.0,0.0
neu_mbv2_pattern_mining,2026-03-16T22:07:32,2,497,100,1,1.0,6.86949715600349e-05,0.0,0.10898269712924957,0.10898269712924957,0.0,0,0,0.000891965813934803,0.0,0.010006303898990154,0.0,0.0
neu_mbv2_pattern_mining,2026-03-16T22:07:32,2,498,100,2,1.0,0.001954765059053898,0.0,0.10019421111792326,0.10019421111792326,0.0,0,0,0.0007220450788736343,0.0,0.009297376032918692,0.0,0.0
neu_mbv2_pattern_mining,2026-03-16T22:07:32,2,499,100,3,0.984375,0.040607571601867676,0.0,0.107962298206985,0.107962298206985,0.0,0,0,0.0007491759024560452,0.0,0.010047053918242455,0.0,0.0
neu_mbv2_pattern_mining,2026-03-16T22:07:32,2,500,100,4,0.3333333333333333,5.419895172119141,0.0,0.12462226673960686,0.12462226673960686,0.0,0,0,0.0007451199926435947,0.0,0.011717106681317091,0.0,0.0
neu_mbv2_pattern_mining,2026-03-16T22:07:33,3,496,100,0,1.0,3.446618575253524e-05,0.0,0.4351510340347886,0.4351510340347886,0.0,0,0,0.004876609425991774,0.0,0.03863849397748709,0.0,0.0
neu_mbv2_pattern_mining,2026-03-16T22:07:33,3,497,100,1,1.0,4.7906473810144234e-06,0.0,0.1408584089949727,0.1408584089949727,0.0,0,0,0.0011041746474802494,0.0,0.012981666252017021,0.0,0.0
neu_mbv2_pattern_mining,2026-03-16T22:07:33,3,498,100,2,1.0,7.127622666303068e-05,0.0,0.11932299938052893,0.11932299938052893,0.0,0,0,0.0009210980497300625,0.0,0.01101120188832283,0.0,0.0
neu_mbv2_pattern_mining,2026-03-16T22:07:33,3,499,100,3,1.0,0.00023729375971015543,0.0,0.11978058144450188,0.11978058144450188,0.0,0,0,0.0012659872882068157,0.0,0.010712070856243372,0.0,0.0
neu_mbv2_pattern_mining,2026-03-16T22:07:33,3,500,100,4,1.0,0.007588376756757498,0.0,0.10037748608738184,0.10037748608738184,0.0,0,0,0.0007557948119938374,0.0,0.009281953796744347,0.0,0.0
neu_mbv2_pattern_mining,2026-03-16T22:07:34,4,496,100,0,1.0,9.885250619845465e-05,0.0,0.39426336996257305,0.39426336996257305,0.0,0,0,0.004093131050467491,0.0,0.035333205945789814,0.0,0.0
neu_mbv2_pattern_mining,2026-03-16T22:07:34,4,497,100,1,1.0,0.000244268449023366,0.0,0.11897906195372343,0.11897906195372343,0.0,0,0,0.0009966660290956497,0.0,0.010901240166276693,0.0,0.0
neu_mbv2_pattern_mining,2026-03-16T22:07:34,4,498,100,2,1.0,3.444036701694131e-05,0.0,0.12826622929424047,0.12826622929424047,0.0,0,0,0.0009722849354147911,0.0,0.011854337994009256,0.0,0.0
neu_mbv2_pattern_mining,2026-03-16T22:07:34,4,499,100,3,1.0,0.0003475861740298569,0.0,0.1298684487119317,0.1298684487119317,0.0,0,0,0.0009458679705858231,0.0,0.012040976900607347,0.0,0.0
neu_mbv2_pattern_mining,2026-03-16T22:07:34,4,500,100,4,0.6666666666666666,1.274741530418396,0.0,0.14689880888909101,0.14689880888909101,0.0,0,0,0.0009245667606592178,0.0,0.013765314128249884,0.0,0.0
