metric,value
comm_time_scale,65.93600000000005
comp_time_scale,8.175957919098437
